pl_name,pl_orbper,pl_orbpererr1,pl_orbpererr2,pl_orbperlim,pl_orbsmax,pl_orbsmaxerr1,pl_orbsmaxerr2,pl_orbsmaxlim,pl_radj,pl_radjerr1,pl_radjerr2,pl_radjlim,pl_bmassj,pl_bmassjerr1,pl_bmassjerr2,pl_bmassjlim,pl_dens,pl_denserr1,pl_denserr2,pl_denslim,pl_orbeccen,pl_orbeccenerr1,pl_orbeccenerr2,pl_orbeccenlim,pl_orbincl,pl_orbinclerr1,pl_orbinclerr2,pl_orbincllim,pl_tranmid,pl_tranmiderr1,pl_tranmiderr2,pl_tranmidlim,pl_imppar,pl_impparerr1,pl_impparerr2,pl_impparlim,pl_trandep,pl_trandeperr1,pl_trandeperr2,pl_trandeplim,pl_trandur,pl_trandurerr1,pl_trandurerr2,pl_trandurlim,pl_ratdor,pl_ratdorerr1,pl_ratdorerr2,pl_ratdorlim,pl_ratror,pl_ratrorerr1,pl_ratrorerr2,pl_ratrorlim,pl_orbtper,pl_orbtpererr1,pl_orbtpererr2,pl_orbtperlim,pl_orblper,pl_orblpererr1,pl_orblpererr2,pl_orblperlim,pl_projobliq,pl_projobliqerr1,pl_projobliqerr2,pl_projobliqlim,pl_trueobliq,pl_trueobliqerr1,pl_trueobliqerr2,pl_trueobliqlim,st_spectype,st_teff,st_tefferr1,st_tefferr2,st_tefflim,st_rad,st_raderr1,st_raderr2,st_radlim,st_mass,st_masserr1,st_masserr2,st_masslim,st_met,st_meterr1,st_meterr2,st_metlim,st_metratio,st_logg,st_loggerr1,st_loggerr2,st_logglim,rastr,ra,decstr,dec,sy_kmag,sy_kmagerr1,sy_kmagerr2,oblateness_input_tier,pl_ratdor_source,pl_ratror_source,keyparams_row_index,tier_a_legacy_row_index,injection_batch_578_completed
TOI-4010 b,1.34833500000,0.00000300000,-0.00000200000,0,0.0229000000,0.0002000000,-0.0002000000,0,0.26942682,0.00713713,-0.00713713,0,0.03460987,0.00405879,-0.00399587,0,2.200000,0.300000,-0.300000,0,0.030000,0.030000,-0.020000,0,88.10000,1.20000,-1.10000,0,2459007.54900000,0.00100000,-0.00100000,0,0.190000,0.120000,-0.130000,0,,,,,1.7700000,0.0300000,-0.0300000,0,5.932814897416315,0,0,0,0.03300000,0.00100000,-0.00100000,0,,,,,0.0000,155.0000,-149.0000,0,,,,,,,,,K V,4960.00,36.00,-36.00,0,0.830000,0.010000,-0.010000,0,0.880000,0.030000,-0.030000,0,0.3700,0.0700,-0.0700,0,[Fe/H],4.540000,0.020000,-0.020000,0,01h20m51.56s,20.2148196,+66d04m19.92s,66.0722009,10.1570000,0.0210000,-0.0210000,B_derived_geometry,derived_orbsmax_st_rad,archive,0,-1,0
KOI-1257 b,86.64766100000,0.00003400000,-0.00003400000,0,0.3820000000,0.0060000000,-0.0060000000,0,0.94000000,0.12000000,-0.12000000,0,1.45000000,0.35000000,-0.35000000,0,2.100000,1.200000,-1.200000,0,0.772000,0.045000,-0.045000,0,89.66000,0.24000,-0.38000,0,2455006.79454000,0.00030000,-0.00030000,0,,,,,,,,,,,,,72.6922862532294,0,0,0,0.0855128711007313,0,0,0,,,,,141.3000,17.0000,-17.0000,0,74.000,32.000,-46.000,0,,,,,G5 V,5520.00,80.00,-80.00,0,1.130000,0.140000,-0.140000,0,0.990000,0.050000,-0.050000,0,0.2700,0.0900,-0.0900,0,[Fe/H],4.320000,0.100000,-0.100000,0,19h24m54.02s,291.2250888,+44d55m38.25s,44.9272918,12.7260000,0.0230000,-0.0230000,B_derived_geometry,derived_orbsmax_st_rad,derived_rade_st_rad,5,-1,0
KELT-1 b,1.21751400000,0.00001500000,-0.00001500000,0,0.0246600000,0.0001600000,-0.0001600000,0,1.11000000,0.03200000,-0.02200000,0,27.23000000,0.50000000,-0.48000000,0,24.700000,1.400000,-1.900000,0,0.009900,0.010000,-0.006900,0,87.80000,1.30000,-1.90000,0,2455914.16280000,0.00230000,-0.00220000,0,,,,,0.60860000,0.00940000,-0.00890000,0,2.7645600,0.0158400,-0.0139200,0,3.604821861886951,0,0,0,0.0775437581171393,0,0,0,2455914.07000000,0.24000000,-0.26000000,0,61.0000,71.0000,-79.0000,0,2.000,16.000,-16.000,0,,,,,,6516.00,49.00,-49.00,0,1.471000,0.045000,-0.035000,0,1.335000,0.063000,-0.063000,0,0.0520,0.0790,-0.0790,0,[Fe/H],4.228000,0.014000,-0.021000,0,00h01m26.90s,0.3620995,+39d23m01.66s,39.3837953,9.4370000,0.0190000,-0.0190000,B_derived_geometry,derived_orbsmax_st_rad,derived_rade_st_rad,79,-1,0
WASP-139 b,5.92426200000,0.00000400000,-0.00000400000,0,0.0620000000,0.0020000000,-0.0020000000,0,0.80000000,0.05000000,-0.05000000,0,0.11700000,0.01700000,-0.01700000,0,0.310000,0.050000,-0.050000,0,0.000000,,,0,88.90000,0.50000,-0.50000,0,2457196.79330000,0.00030000,-0.00030000,0,0.330000,0.140000,-0.140000,0,1.07000000,0.03000000,-0.03000000,0,2.8320000,0.0240000,-0.0240000,0,16.66499206446744,0,0,0,0.1027628617220066,0,0,0,,,,,,,,,,,,,,,,,K0,5310.00,90.00,-90.00,0,0.800000,0.040000,-0.040000,0,0.920000,0.100000,-0.100000,0,0.2000,0.0900,-0.0900,0,[Fe/H],4.590000,0.060000,-0.060000,0,03h18m14.92s,49.5621730,-41d18m07.28s,-41.3020235,10.4720000,0.0210000,-0.0210000,B_derived_geometry,derived_orbsmax_st_rad,derived_rade_st_rad,101,-1,0
TOI-700 e,27.80978000000,0.00046000000,-0.00040000000,0,0.1340000000,0.0022000000,-0.0022000000,0,0.08502111,0.00794006,-0.00669106,0,,,,,,,,,0.059000,0.057000,-0.042000,0,89.60000,0.21000,-0.16000,0,2458964.81120000,0.00580000,-0.00450000,0,0.470000,0.190000,-0.250000,0,,,,,2.7770000,0.2090000,-0.3840000,0,68.44253885950924,0,0,0,0.02080000,0.00170000,-0.00140000,0,,,,,70.0000,100.0000,-120.0000,0,,,,,,,,,M2.5 V,3459.00,65.00,-65.00,0,0.421000,0.017000,-0.015000,0,0.415000,0.021000,-0.020000,0,-0.0700,0.1100,-0.1100,0,[Fe/H],4.809000,0.034000,-0.037000,0,06h28m22.97s,97.0957165,-65d34m43.01s,-65.5786149,8.6340000,0.0230000,-0.0230000,B_derived_geometry,derived_orbsmax_st_rad,archive,104,-1,0
WASP-65 b,2.31142430000,0.00000150000,-0.00000150000,0,0.0334000000,0.0016000000,-0.0017000000,0,1.11200000,0.05900000,-0.05900000,0,1.55000000,0.16000000,-0.16000000,0,1.500000,0.090000,-0.110000,0,0.000000,,,0,88.80000,0.80000,-0.70000,0,2456110.68772000,0.00015000,-0.00015000,0,0.149000,0.082000,-0.095000,0,1.28000000,0.01500000,-0.01500000,0,2.7350400,0.0108000,-0.0108000,0,7.110964355837913,0,0,0,0.1131371898380006,0,0,0,,,,,,,,,,,,,,,,,G6,5600.00,100.00,-100.00,0,1.010000,0.050000,-0.050000,0,0.930000,0.140000,-0.140000,0,-0.0700,0.0700,-0.0700,0,[Fe/H],4.400000,0.020000,-0.020000,0,08h53m17.83s,133.3242982,+08d31m22.86s,8.5230171,10.3460000,0.0210000,-0.0210000,B_derived_geometry,derived_orbsmax_st_rad,derived_rade_st_rad,157,-1,0
WASP-75 b,2.48419300000,0.00000300000,-0.00000300000,0,0.0375000000,0.0007000000,-0.0008000000,0,1.27000000,0.04800000,-0.04800000,0,1.07000000,0.05000000,-0.05000000,0,0.690000,0.080000,-0.070000,0,0.000000,,,0,82.00000,0.30000,-0.20000,0,2456016.26690000,0.00030000,-0.00030000,0,0.882000,0.006000,-0.008000,0,1.07000000,0.03000000,-0.03000000,0,1.9728000,0.0264000,-0.0264000,0,6.399766537813918,0,0,0,0.1035753112658029,0,0,0,,,,,,,,,,,,,,,,,F9,6100.00,100.00,-100.00,0,1.260000,0.040000,-0.040000,0,1.140000,0.070000,-0.070000,0,0.0700,0.0900,-0.0900,0,[Fe/H],4.290000,0.020000,-0.020000,0,22h49m32.62s,342.3858995,-10d40m31.69s,-10.6754686,10.0620000,0.0250000,-0.0250000,B_derived_geometry,derived_orbsmax_st_rad,derived_rade_st_rad,158,-1,0
TOI-4552 b,0.30110032000,0.00000014000,-0.00000014000,0,0.0056255000,0.0000003000,-0.0000003000,0,0.09902774,0.00356857,-0.00356857,0,0.00575782,0.00147879,-0.00147879,0,7.740000,2.140000,-2.140000,0,0.000000,,,0,87.77000,1.94000,-1.90000,0,2459361.88587913,0.00024681,-0.00024681,0,0.160000,0.120000,-0.110000,0,0.12580000,0.00550000,-0.00550000,0,,,,,4.216324125913788,0,0,0,0.03520000,0.00090000,-0.00090000,0,,,,,90.0000,,,0,,,,,,,,,M4.5 V,3258.00,115.00,-115.00,0,0.286900,0.008800,-0.008800,0,0.261900,0.006300,-0.006300,0,-0.0700,0.0900,-0.0900,0,[Fe/H],4.940000,0.028000,-0.028000,0,17h38m51.42s,264.7142556,-47d38m13.36s,-47.6370457,9.3950010,0.0200000,-0.0200000,B_derived_geometry,derived_orbsmax_st_rad,archive,186,-1,0
TOI-4127 b,56.39879000000,0.00010000000,-0.00010000000,0,0.3081000000,0.0055000000,-0.0058000000,0,1.09600000,0.03900000,-0.03200000,0,2.30000000,0.11000000,-0.11000000,0,2.170000,0.220000,-0.240000,0,0.747100,0.007800,-0.008600,0,89.30000,0.46000,-0.60000,0,2458862.72816000,0.00096000,-0.00100000,0,0.170000,0.140000,-0.110000,0,0.74600000,0.02500000,-0.02700000,0,,,,,51.23852062033699,0,0,0,0.08710587977299178,0,0,0,,,,,129.6000,2.0000,-2.0000,0,,,,,,,,,F V,6096.00,115.00,-115.00,0,1.293000,0.050000,-0.050000,0,1.230000,0.070000,-0.070000,0,0.1400,0.1200,-0.1200,0,[Fe/H],4.260000,0.140000,-0.140000,0,07h01m37.09s,105.4045516,+72d24m53.75s,72.4149297,10.2450000,0.0160000,-0.0160000,B_derived_geometry,derived_orbsmax_st_rad,derived_rade_st_rad,229,-1,0
TOI-2525 b,23.28560000000,0.00170000000,-0.00170000000,0,0.1511000000,0.0020000000,-0.0020000000,0,0.77400000,0.01000000,-0.01000000,0,0.08400000,0.00500000,-0.00500000,0,0.225000,0.015000,-0.014000,0,0.170000,0.011000,-0.010000,0,89.50000,0.07000,-0.07000,0,2458333.52890000,0.00200000,-0.00200000,0,,,,,,,,,4.0500000,0.0700000,-0.0700000,0,41.39026588766847,0,0,0,0.10130000,0.00080000,-0.00080000,0,,,,,345.9000,0.8000,-0.8000,0,,,,,,,,,K8 V,5096.00,102.00,-102.00,0,0.785000,0.031000,-0.031000,0,0.849000,0.042000,-0.042000,0,0.1400,0.0500,-0.0500,0,[Fe/H],4.580000,0.200000,-0.200000,0,05h47m24.23s,86.8509737,-60d31m16.71s,-60.5213081,11.9050000,0.0240000,-0.0240000,B_derived_geometry,derived_orbsmax_st_rad,archive,231,-1,0
TOI-5110 b,30.15857700000,0.00009200000,-0.00009500000,0,0.2157000000,0.0042000000,-0.0044000000,0,1.06900000,0.05400000,-0.05200000,0,2.90000000,0.13000000,-0.13000000,0,2.950000,0.500000,-0.430000,0,0.745000,0.030000,-0.027000,0,85.20000,2.10000,-1.20000,0,2459503.67900000,0.00120000,-0.00130000,0,0.430000,0.120000,-0.220000,0,0.22170000,0.00910000,-0.00850000,0,4.2170000,0.0700000,-0.0620000,0,19.88102699448655,0,0,0,0.04709000,0.00096000,-0.00091000,0,,,,,92.2000,3.1000,-2.8000,0,,,,,,,,,,6160.00,150.00,-150.00,0,2.333000,0.097000,-0.096000,0,1.469000,0.089000,-0.088000,0,0.0650,0.0500,-0.0500,0,[Fe/H],3.869000,0.044000,-0.045000,0,06h17m37.02s,94.4042694,+31d36m37.19s,31.6103309,9.3180000,0.0210000,-0.0210000,B_derived_geometry,derived_orbsmax_st_rad,archive,232,-1,0
TOI-4377 b,4.37808100000,0.00001900000,-0.00001900000,0,0.0579000000,0.0010000000,-0.0011000000,0,1.34800000,0.08100000,-0.08100000,0,0.95700000,0.08900000,-0.08700000,0,0.881000,0.098000,-0.095000,0,0.045000,0.053000,-0.032000,0,80.30000,1.70000,-1.40000,0,2458602.12450000,0.00230000,-0.00230000,0,0.605000,0.081000,-0.100000,0,,,,,,,,,3.537034606058156,0,0,0,0.03920000,0.00100000,-0.00097000,0,,,,,-0.7300,2.0000,-0.9800,0,,,,,,,,,,4974.00,57.00,-57.00,0,3.520000,0.150000,-0.140000,0,1.360000,0.080000,-0.070000,0,0.2050,0.0380,-0.0380,0,[Fe/H],3.390000,0.160000,-0.160000,0,10h59m43.79s,164.9324709,-82d13m16.86s,-82.2213501,9.1480000,0.0240000,-0.0240000,B_derived_geometry,derived_orbsmax_st_rad,archive,245,-1,0
TOI-1117 b,2.22816000000,0.00001000000,-0.00001000000,0,0.0330000000,0.0002000000,-0.0002000000,0,0.21946688,0.01159784,-0.01070570,0,0.02800253,0.00298903,-0.00302050,0,3.300000,0.600000,-0.600000,0,0.000000,,,0,88.20000,1.10000,-1.10000,0,2459386.96400000,0.00400000,-0.00400000,0,0.170000,0.150000,-0.120000,0,,,,,,,,,6.758153463931498,0,0,0,0.02147905295796628,0,0,0,,,,,,,,,,,,,,,,,G5 V,5635.00,62.00,-62.00,0,1.050000,0.030000,-0.030000,0,0.970000,0.020000,-0.020000,0,0.1360,0.0440,-0.0440,0,[Fe/H],4.410000,0.030000,-0.030000,0,18h14m24.49s,273.6020606,-66d25m11.91s,-66.4199742,9.3850000,0.0220000,-0.0220000,B_derived_geometry,derived_orbsmax_st_rad,derived_rade_st_rad,250,-1,0
WASP-132 c,1.01153624000,0.00000093000,-0.00000086000,0,0.0183300000,0.0007900000,-0.0007900000,0,0.16424330,0.00838613,-0.00829692,0,0.01969616,0.00578929,-0.00575782,0,5.470000,1.960000,-1.710000,0,0.000000,,,0,88.82000,0.67000,-0.69000,0,2458597.57584000,0.00068000,-0.00067000,0,0.107000,0.062000,-0.061000,0,,,,,1.4910000,0.0160000,-0.0160000,0,5.199920070502821,0,0,0,0.02230000,0.00060000,-0.00065000,0,,,,,188.0000,106.0000,-113.0000,0,,,,,,,,,K4 V,4686.00,99.00,-99.00,0,0.758000,0.032000,-0.032000,0,0.789000,0.039000,-0.039000,0,0.1500,0.0500,-0.0500,0,[Fe/H],4.560000,0.030000,-0.030000,0,14h30m26.21s,217.6091998,-46d09m34.26s,-46.1595160,9.6740000,0.0240000,-0.0240000,B_derived_geometry,derived_orbsmax_st_rad,archive,263,-1,0
TOI-260 b,13.47585300000,0.00001300000,-0.00001100000,0,0.0943000000,0.0016000000,-0.0016000000,0,0.15255624,0.00713713,-0.00713713,0,0.01330907,0.00503416,-0.00503416,0,4.660000,1.890000,-1.890000,0,0.000000,,,0,88.84000,0.17000,-0.17000,0,2458392.29420000,0.00150000,-0.00170000,0,0.679000,0.095000,-0.081000,0,,,,,2.3700000,0.2700000,-0.2700000,0,33.40614873102577,0,0,0,0.02580000,0.00110000,-0.00010000,0,,,,,90.0000,,,0,,,,,,,,,K8 V,4026.00,14.00,-14.00,0,0.607000,0.014000,-0.014000,0,0.616000,0.032000,-0.032000,0,-0.4700,0.0300,-0.0300,0,[Fe/H],4.450000,0.050000,-0.050000,0,00h19m05.52s,4.7730178,-09d57m58.14s,-9.9661505,6.5490000,0.0210000,-0.0210000,B_derived_geometry,derived_orbsmax_st_rad,archive,268,-1,0
HD 108236 e,19.59002500000,0.00008300000,-0.00008900000,0,0.1367000000,0.0022000000,-0.0020000000,0,0.27504684,0.00463913,-0.00463913,0,,,,,,,,,0.058000,0.032000,-0.036000,0,89.24500,0.12000,-0.08600,0,2458782.46935000,0.00078000,-0.00069000,0,0.426000,0.059000,-0.077000,0,0.10380000,0.00300000,-0.00280000,0,4.2000000,0.1300000,-0.1300000,0,33.51755493747304,0,0,0,0.03222873445267058,0,0,0,,,,,128.0000,37.0000,-54.0000,0,,,,,,,,,,5660.00,61.00,-61.00,0,0.877000,0.008000,-0.008000,0,0.869000,0.050000,-0.048000,0,-0.2800,0.0400,-0.0400,0,[Fe/H],4.490000,0.110000,-0.110000,0,12h26m17.78s,186.5740627,-51d21m46.99s,-51.3630519,7.6370000,0.0310000,-0.0310000,B_derived_geometry,derived_orbsmax_st_rad,derived_rade_st_rad,272,-1,0
HD 108236 b,3.79596300000,0.00002500000,-0.00003400000,0,0.0452700000,0.0009600000,-0.0008800000,0,0.14408065,0.00454992,-0.00454992,0,,,,,,,,,0.045000,0.039000,-0.033000,0,87.59000,0.47000,-0.35000,0,2458773.29640000,0.00130000,-0.00130000,0,0.452000,0.071000,-0.096000,0,0.02850000,0.00170000,-0.00170000,0,2.3840000,0.0930000,-0.0930000,0,11.09977843467012,0,0,0,0.01688271363641355,0,0,0,,,,,126.0000,51.0000,-62.0000,0,,,,,,,,,,5660.00,61.00,-61.00,0,0.877000,0.008000,-0.008000,0,0.869000,0.050000,-0.048000,0,-0.2800,0.0400,-0.0400,0,[Fe/H],4.490000,0.110000,-0.110000,0,12h26m17.78s,186.5740627,-51d21m46.99s,-51.3630519,7.6370000,0.0310000,-0.0310000,B_derived_geometry,derived_orbsmax_st_rad,derived_rade_st_rad,277,-1,0
HD 108236 c,6.20344900000,0.00004900000,-0.00004600000,0,0.0620000000,0.0012000000,-0.0012000000,0,0.18476224,0.00463913,-0.00463913,0,,,,,,,,,0.034000,0.042000,-0.025000,0,88.30000,0.29000,-0.23000,0,2458770.90586000,0.00078000,-0.00078000,0,0.455000,0.069000,-0.083000,0,0.04690000,0.00210000,-0.00220000,0,2.8600000,0.1000000,-0.1100000,0,15.20181716257007,0,0,0,0.02164959748669503,0,0,0,,,,,211.0000,44.0000,-110.0000,0,,,,,,,,,,5660.00,61.00,-61.00,0,0.877000,0.008000,-0.008000,0,0.869000,0.050000,-0.048000,0,-0.2800,0.0400,-0.0400,0,[Fe/H],4.490000,0.110000,-0.110000,0,12h26m17.78s,186.5740627,-51d21m46.99s,-51.3630519,7.6370000,0.0310000,-0.0310000,B_derived_geometry,derived_orbsmax_st_rad,derived_rade_st_rad,278,-1,0
TOI-1233.01,14.17568500000,0.00008300000,-0.00010000000,0,0.1074000000,0.0023000000,-0.0023000000,0,0.22651441,0.00553127,-0.00579891,0,,,,,,,,,0.055000,0.038000,-0.035000,0,89.06000,0.27000,-0.14000,0,2458769.79682000,0.00090000,-0.00090000,0,0.423000,0.070000,-0.130000,0,0.07050000,0.00310000,-0.00340000,0,3.8500000,0.1800000,-0.1300000,0,26.33347037516171,0,0,0,0.02654192564882601,0,0,0,,,,,151.0000,46.0000,-33.0000,0,,,,,,,,,,5660.00,61.00,-61.00,0,0.877000,0.008000,-0.008000,0,0.869000,0.050000,-0.048000,0,-0.2800,0.0400,-0.0400,0,[Fe/H],4.490000,0.110000,-0.110000,0,12h26m17.78s,186.5740627,-51d21m46.99s,-51.3630519,7.6370000,0.0310000,-0.0310000,B_derived_geometry,derived_orbsmax_st_rad,derived_rade_st_rad,279,-1,0
TOI-836 b,3.81673000000,0.00001000000,-0.00001000000,0,0.0422000000,0.0009300000,-0.0009300000,0,0.15202096,0.00597735,-0.00597735,0,0.01425297,0.00289464,-0.00270586,0,5.020000,0.360000,-0.440000,0,0.053000,0.042000,-0.042000,0,87.57000,0.44000,-0.44000,0,2458599.99530000,0.00190000,-0.00190000,0,0.580000,0.110000,-0.110000,0,,,,,1.8050000,0.2220000,-0.0070000,0,13.64564957789039,0,0,0,0.02350000,0.00130000,-0.00130000,0,,,,,9.0000,92.0000,-92.0000,0,,,,,,,,,K V,4552.00,154.00,-154.00,0,0.665000,0.010000,-0.010000,0,0.678000,0.049000,-0.041000,0,-0.2840,0.0670,-0.0670,0,[Fe/H],4.743000,0.105000,-0.105000,0,15h00m19.17s,225.0798831,-24d27m15.13s,-24.4542022,6.8040000,0.0180000,-0.0180000,B_derived_geometry,derived_orbsmax_st_rad,archive,298,-1,0
HD 108236 f,29.54115000000,0.00033000000,-0.00042000000,0,0.1758000000,0.0041000000,-0.0038000000,0,0.17994469,0.00463913,-0.00508520,0,,,,,,,,,0.051000,0.036000,-0.034000,0,88.96300,0.04200,-0.04200,0,2458793.27860000,0.00210000,-0.00190000,0,0.808000,0.022000,-0.022000,0,0.04450000,0.00210000,-0.00240000,0,3.2700000,0.1300000,-0.1500000,0,43.10450737386805,0,0,0,0.02108509808337222,0,0,0,,,,,275.0000,45.0000,-63.0000,0,,,,,,,,,,5660.00,61.00,-61.00,0,0.877000,0.008000,-0.008000,0,0.869000,0.050000,-0.048000,0,-0.2800,0.0400,-0.0400,0,[Fe/H],4.490000,0.110000,-0.110000,0,12h26m17.78s,186.5740627,-51d21m46.99s,-51.3630519,7.6370000,0.0310000,-0.0310000,B_derived_geometry,derived_orbsmax_st_rad,derived_rade_st_rad,305,-1,0
TOI-2096 b,3.11906330000,0.00001000000,-0.00000930000,0,0.0250000000,0.0010000000,-0.0010000000,0,0.11089322,0.00686949,-0.00642342,0,,,,,,,,,0.150000,0.270000,-0.120000,0,89.24000,0.49000,-0.49000,0,2459146.45853000,0.00037000,-0.00041000,0,0.300000,0.230000,-0.190000,0,0.26600000,0.01700000,-0.01700000,0,1.0720000,0.0240000,-0.0210000,0,22.87576124154762,0,0,0,0.04850000,0.00180000,-0.00170000,0,,,,,245.0000,91.0000,-91.0000,0,,,,,,,,,M4,3300.00,50.00,-50.00,0,0.235000,0.011000,-0.011000,0,0.231000,0.012000,-0.012000,0,-0.0300,0.2000,-0.2000,0,[Fe/H],5.050000,0.050000,-0.050000,0,10h06m28.49s,151.6186989,+74d49m37.96s,74.8272107,11.0210000,0.0170000,-0.0170000,B_derived_geometry,derived_orbsmax_st_rad,archive,309,-1,0
TOI-4600 b,82.68690000000,0.00030000000,-0.00030000000,0,0.3490000000,0.0210000000,-0.0210000000,0,0.60700000,0.02800000,-0.02600000,0,3.02000000,,,1,,,,,0.250000,0.330000,-0.170000,0,89.76000,0.14000,-0.10000,0,2459750.14210000,0.00200000,-0.00190000,0,0.390000,0.170000,-0.240000,0,,,,,7.5400000,0.1400000,-0.1300000,0,92.64965719632238,0,0,0,0.07690000,0.00210000,-0.00170000,0,,,,,260.0000,70.0000,-57.0000,0,,,,,,,,,K V,5170.00,120.00,-120.00,0,0.810000,0.030000,-0.030000,0,0.890000,0.050000,-0.050000,0,0.1600,0.0800,-0.0800,0,[Fe/H],4.570000,0.020000,-0.020000,0,17h13m48.09s,258.4503674,+64d33m58.22s,64.5661727,10.5710000,0.0180000,-0.0180000,B_derived_geometry,derived_orbsmax_st_rad,archive,310,-1,0
TOI-2449 b,106.14468000000,0.00022000000,-0.00021000000,0,0.4500000000,0.0100000000,-0.0100000000,0,1.00200000,0.00900000,-0.00900000,0,0.70000000,0.04000000,-0.04000000,0,,,,,0.098000,0.028000,-0.030000,0,89.55000,0.04000,-0.04000,0,2459153.59340000,0.00060000,-0.00070000,0,0.704000,0.015000,-0.016000,0,,,,,8.2600000,0.0600000,-0.0600000,0,90.85865732558351,0,0,0,0.09670000,0.00060000,-0.00060000,0,,,,,266.0000,12.0000,-12.0000,0,,,,,,,,,G,6021.00,62.00,-62.00,0,1.065000,0.007000,-0.007000,0,1.079000,0.045000,-0.048000,0,-0.0300,0.0400,-0.0400,0,[Fe/H],4.400000,0.020000,-0.020000,0,04h31m56.25s,67.9843710,-34d27m19.92s,-34.4555327,9.0730000,0.0250000,-0.0250000,B_derived_geometry,derived_orbsmax_st_rad,archive,319,-1,0
TOI-2295 b,30.03330200000,0.00007200000,-0.00007300000,0,0.1992000000,0.0039000000,-0.0041000000,0,1.47000000,0.85000000,-0.53000000,0,0.87500000,0.04200000,-0.04100000,0,0.340000,0.960000,-0.250000,0,0.334000,0.012000,-0.012000,0,88.16000,0.14000,-0.15000,0,2458713.45510000,0.00270000,-0.00270000,0,1.056000,0.063000,-0.043000,0,1.07000000,1.50000000,-0.61000000,0,3.0100000,0.1200000,-0.1200000,0,29.358742569961,0,0,0,0.10400000,0.05700000,-0.03600000,0,,,,,-39.2000,2.7000,-2.6000,0,,,,,,,,,,5730.00,140.00,-140.00,0,1.459000,0.056000,-0.058000,0,1.168000,0.070000,-0.071000,0,0.3160,0.0400,-0.0400,0,[Fe/H],4.176000,0.042000,-0.039000,0,18h46m18.29s,281.5761962,+50d29m32.88s,50.4924657,8.1110000,0.0130000,-0.0130000,B_derived_geometry,derived_orbsmax_st_rad,archive,330,-1,0
TOI-756 b,1.23924950000,0.00000070000,-0.00000070000,0,0.0180000000,0.0002000000,-0.0002000000,0,0.25069184,0.00892142,-0.00892142,0,0.03092864,0.00566343,-0.00503416,0,2.420000,0.530000,-0.450000,0,0.000000,,,0,85.53000,0.19000,-0.18000,0,2458570.65234000,0.00035000,-0.00037000,0,0.589000,0.018000,-0.021000,0,,,,,1.1000000,0.0100000,-0.0100000,0,7.664512479346253,0,0,0,0.05113000,0.00080000,-0.00090000,0,,,,,90.0000,,,0,,,,,,,,,M1 V,3657.00,72.00,-72.00,0,0.505000,0.015000,-0.015000,0,0.505000,0.019000,-0.019000,0,0.1960,0.0290,-0.0290,0,[Fe/H],4.735000,0.031000,-0.031000,0,12h48m24.90s,192.1037380,-45d28m13.70s,-45.4704709,10.2740000,0.0210000,-0.0210000,B_derived_geometry,derived_orbsmax_st_rad,archive,344,-1,0
WASP-5 b,1.62842790000,0.00000220000,-0.00000490000,0,0.0267000000,0.0012000000,-0.0008000000,0,1.08700000,0.06800000,-0.07100000,0,1.58000000,0.13000000,-0.10000000,0,1.640000,0.350000,-0.210000,0,0.038000,0.026000,-0.018000,0,86.90000,2.80000,-0.70000,0,2454373.99598000,0.00025000,-0.00019000,0,0.310000,0.060000,-0.280000,0,1.18000000,0.02200000,-0.02900000,0,2.3688000,0.0528000,-0.0480000,0,5.579551561130828,0,0,0,0.1085535014268546,0,0,0,,,,,34.3800,26.9300,-22.3500,0,,,,,,,,,,5700.00,100.00,-100.00,0,1.029000,0.056000,-0.069000,0,0.960000,0.130000,-0.090000,0,0.0900,0.0900,-0.0900,0,[Fe/H],4.395000,0.043000,-0.040000,0,23h57m23.77s,359.3490277,-41d16m37.99s,-41.2772202,10.5980000,0.0230000,-0.0230000,B_derived_geometry,derived_orbsmax_st_rad,derived_rade_st_rad,359,-1,0
WASP-114 b,1.54877430000,0.00000120000,-0.00000091000,0,0.0285100000,0.0003900000,-0.0003900000,0,1.33900000,0.06400000,-0.06400000,0,1.76900000,0.06400000,-0.06400000,0,0.970000,0.130000,-0.130000,0,0.012000,0.022000,-0.009000,0,83.96000,0.90000,-0.90000,0,2456667.73582000,0.00021000,-0.00021000,0,0.457000,0.052000,-0.054000,0,0.92700000,0.01600000,-0.01600000,0,2.7820800,0.0189600,-0.0189600,0,4.287109621096024,0,0,0,0.09622340688515164,0,0,0,,,,,-71.0000,150.0000,-35.0000,0,,,,,,,,,G0,5940.00,140.00,-140.00,0,1.430000,0.060000,-0.060000,0,1.289000,0.053000,-0.053000,0,0.1400,0.0700,-0.0700,0,[Fe/H],4.300000,0.100000,-0.100000,0,21h50m39.77s,327.6656953,+10d27m46.58s,10.4629385,11.0740000,0.0280000,-0.0280000,B_derived_geometry,derived_orbsmax_st_rad,derived_rade_st_rad,361,-1,0
TOI-836.01,8.59545000000,0.00001000000,-0.00001000000,0,0.0750000000,0.0016000000,-0.0016000000,0,0.23079708,0.00785085,-0.00785085,0,0.03020498,0.00849515,-0.00786588,0,3.060000,0.480000,-0.540000,0,0.078000,0.056000,-0.056000,0,88.70000,1.50000,-1.50000,0,2458599.76230000,0.00080000,-0.00080000,0,0.530000,0.130000,-0.130000,0,,,,,2.4860000,0.1610000,-0.1920000,0,24.25174688013695,0,0,0,0.03570000,0.00180000,-0.00180000,0,,,,,-28.0000,113.0000,-113.0000,0,,,,,,,,,K V,4552.00,154.00,-154.00,0,0.665000,0.010000,-0.010000,0,0.678000,0.049000,-0.041000,0,-0.2840,0.0670,-0.0670,0,[Fe/H],4.743000,0.105000,-0.105000,0,15h00m19.17s,225.0798831,-24d27m15.13s,-24.4542022,6.8040000,0.0180000,-0.0180000,B_derived_geometry,derived_orbsmax_st_rad,archive,368,-1,0
TOI-4336 A b,16.33635100000,0.00001700000,-0.00001700000,0,0.0849000000,0.0007300000,-0.0007500000,0,0.19065070,0.00713713,-0.00713713,0,0.01047735,0.00106976,-0.00116415,0,1.870000,0.310000,-0.280000,0,0.000000,,,0,89.49200,0.09300,-0.09300,0,2459335.57275000,0.00046000,-0.00046000,0,0.497000,0.071000,-0.066000,0,,,,,2.0800000,0.1100000,-0.1100000,0,56.00070557186962,0,0,0,0.06010000,0.00130000,-0.00130000,0,,,,,90.0000,,,0,,,,,,,,,M3.5 V,3307.00,94.00,-94.00,0,0.326000,0.010000,-0.010000,0,0.306000,0.008000,-0.008000,0,0.1400,0.1300,-0.1300,0,[Fe/H],4.897000,0.029000,-0.029000,0,13h44m25.68s,206.1070129,-40d20m14.46s,-40.3373505,8.6320000,0.0240000,-0.0240000,B_derived_geometry,derived_orbsmax_st_rad,archive,373,-1,0
TOI-4336 A c,7.58726600000,0.00001200000,-0.00001200000,0,0.0509200000,0.0004500000,-0.0004500000,0,0.11160694,0.00588814,-0.00588814,0,0.00487685,0.00040903,-0.00040903,0,4.350000,0.860000,-0.710000,0,0.000000,,,0,89.64000,0.26000,-0.26000,0,2459333.29310000,0.00150000,-0.00150000,0,0.210000,0.120000,-0.140000,0,,,,,1.7400000,0.0800000,-0.0800000,0,33.58723118633217,0,0,0,0.03520000,0.00150000,-0.00150000,0,,,,,90.0000,,,0,,,,,,,,,M3.5 V,3307.00,94.00,-94.00,0,0.326000,0.010000,-0.010000,0,0.306000,0.008000,-0.008000,0,0.1400,0.1300,-0.1300,0,[Fe/H],4.897000,0.029000,-0.029000,0,13h44m25.68s,206.1070129,-40d20m14.46s,-40.3373505,8.6320000,0.0240000,-0.0240000,B_derived_geometry,derived_orbsmax_st_rad,archive,374,-1,0
TOI-4342 b,5.53825920000,0.00000340000,-0.00000340000,0,0.0519000000,0.0002000000,-0.0002100000,0,0.20777982,0.00767242,-0.00758321,0,0.02296837,0.00409026,-0.00409026,0,3.180000,0.700000,-0.630000,0,0.000000,,,0,88.83000,0.22000,-0.22000,0,2458654.53479000,0.00084000,-0.00093000,0,0.382000,0.062000,-0.063000,0,,,,,2.1820000,0.0240000,-0.0240000,0,18.6624897647181,0,0,0,0.03571000,0.00073000,-0.00075000,0,,,,,90.0000,,,0,,,,,,,,,M0 V,3866.00,92.00,-92.00,0,0.598000,0.018000,-0.018000,0,0.587000,0.013000,-0.013000,0,0.2600,0.1300,-0.1300,0,[Fe/H],4.652000,0.028000,-0.028000,0,21h37m33.46s,324.3894196,-77d58m44.93s,-77.9791468,9.0180000,0.0210000,-0.0210000,B_derived_geometry,derived_orbsmax_st_rad,archive,375,-1,0
TOI-4342 c,10.68866200000,0.00015000000,-0.00015000000,0,0.0804000000,0.0003200000,-0.0003100000,0,0.20956410,0.00838613,-0.00820770,0,0.01510249,0.00440489,-0.00440489,0,2.010000,0.650000,-0.600000,0,0.000000,,,0,89.61000,0.26000,-0.26000,0,2458659.34860000,0.00170000,-0.00170000,0,0.200000,0.120000,-0.130000,0,,,,,2.8540000,0.0530000,-0.0530000,0,28.91067778580607,0,0,0,0.03602000,0.00092000,-0.00093000,0,,,,,90.0000,,,0,,,,,,,,,M0 V,3866.00,92.00,-92.00,0,0.598000,0.018000,-0.018000,0,0.587000,0.013000,-0.013000,0,0.2600,0.1300,-0.1300,0,[Fe/H],4.652000,0.028000,-0.028000,0,21h37m33.46s,324.3894196,-77d58m44.93s,-77.9791468,9.0180000,0.0210000,-0.0210000,B_derived_geometry,derived_orbsmax_st_rad,archive,376,-1,0
L 168-9 b,1.40152604000,0.00000074000,-0.00000082000,0,0.0208000000,0.0006000000,-0.0006000000,0,0.14541911,0.01248998,-0.01248998,0,0.01280565,0.00141586,-0.00141586,0,5.180000,1.460000,-1.460000,0,0.000000,,,0,84.27000,1.01000,-1.01000,0,2459082.85679000,0.00041000,-0.00037000,0,0.740000,0.090000,-0.120000,0,,,,,1.0200000,0.1900000,-0.1900000,0,7.405080857528793,0,0,0,0.02470000,0.00150000,-0.00100000,0,,,,,90.0000,,,0,,,,,,,,,M0.5 V,3842.00,32.00,-32.00,0,0.604000,0.037000,-0.037000,0,0.614000,0.055000,-0.055000,0,-0.0300,0.0300,-0.0300,0,[Fe/H],4.840000,0.080000,-0.080000,0,23h20m06.86s,350.0285917,-60d03m56.63s,-60.0657292,7.0820000,0.0310000,-0.0310000,B_derived_geometry,derived_orbsmax_st_rad,archive,379,-1,0
TOI-564 b,1.65114400000,0.00001800000,-0.00001800000,0,0.0273400000,0.0006100000,-0.0005300000,0,1.02000000,0.71000000,-0.29000000,0,1.46300000,0.10000000,-0.09600000,0,1.700000,3.100000,-1.400000,0,0.072000,0.083000,-0.050000,0,78.38000,0.71000,-0.85000,0,2458549.57554000,0.00045000,-0.00046000,0,0.994000,0.083000,-0.049000,0,0.92000000,1.70000000,-0.45000000,0,1.0272000,0.0288000,-0.0312000,0,5.403473470618357,0,0,0,0.09634018286438119,0,0,0,2458516.57000000,0.13000000,-0.14000000,0,94.0000,32.0000,-35.0000,0,,,,,,,,,,5640.00,34.00,-37.00,0,1.088000,0.014000,-0.014000,0,0.998000,0.068000,-0.057000,0,0.1430,0.0760,-0.0780,0,[Fe/H],4.364000,0.032000,-0.028000,0,08h41m10.84s,130.2951535,-16d02m10.78s,-16.0363275,9.6040000,0.0220000,-0.0220000,B_derived_geometry,derived_orbsmax_st_rad,derived_rade_st_rad,380,-1,0
WASP-141 b,3.31065100000,0.00000500000,-0.00000500000,0,0.0469000000,0.0007000000,-0.0007000000,0,1.21000000,0.08000000,-0.08000000,0,2.69000000,0.15000000,-0.15000000,0,1.980000,0.330000,-0.330000,0,0.000000,,,0,87.60000,1.30000,-1.30000,0,2457019.59530000,0.00030000,-0.00030000,0,0.310000,0.120000,-0.120000,0,0.83000000,0.02000000,-0.02000000,0,3.6000000,0.0240000,-0.0240000,0,7.361319781714368,0,0,0,0.09076135962308611,0,0,0,,,,,,,,,,,,,,,,,F9,5900.00,120.00,-120.00,0,1.370000,0.070000,-0.070000,0,1.250000,0.060000,-0.060000,0,0.2900,0.0900,-0.0900,0,[Fe/H],4.260000,0.040000,-0.040000,0,04h47m17.86s,71.8244347,-17d06m54.62s,-17.1151736,11.1940000,0.0260000,-0.0260000,B_derived_geometry,derived_orbsmax_st_rad,derived_rade_st_rad,416,-1,0
TOI-1062 b,4.11296000000,0.00150000000,-0.00150000000,0,0.0520000000,0.0240000000,-0.0250000000,0,0.20207011,0.00856456,-0.00811849,0,0.03193547,0.00254855,-0.00264294,0,4.850000,0.840000,-0.740000,0,0.177000,0.067000,-0.064000,0,85.91300,0.06200,-0.04100,0,2459082.59000000,0.09000000,-0.09000000,0,0.861000,0.007000,-0.009000,0,,,,,,,,,13.31151439865295,0,0,0,0.02340000,0.00040000,-0.00040000,0,,,,,117.0000,27.0000,-19.0000,0,,,,,,,,,G9 V,5328.00,56.00,-56.00,0,0.840000,0.090000,-0.090000,0,0.940000,0.020000,-0.020000,0,0.1400,0.0400,-0.0400,0,[Fe/H],4.550000,0.090000,-0.090000,0,02h32m29.03s,38.1209678,-78d01m25.26s,-78.0236828,8.2960000,0.0310000,-0.0310000,B_derived_geometry,derived_orbsmax_st_rad,archive,424,-1,0
HD 219134 b,3.09292600000,0.00001000000,-0.00001000000,0,0.0387600000,0.0004700000,-0.0004700000,0,0.14292087,0.00490677,-0.00490677,0,0.01491363,0.00059780,-0.00059780,0,6.340000,0.720000,-0.720000,0,0.000000,,,0,85.05000,0.09000,-0.09000,0,2457126.69913000,0.00087000,-0.00087000,0,0.924500,0.006000,-0.006000,0,0.03580000,0.00240000,-0.00240000,0,0.9450000,0.0270000,-0.0270000,0,10.71291305114451,0,0,0,0.01887783715833547,0,0,0,,,,,0.0000,,,0,,,,,,,,,,4699.00,16.00,-16.00,0,0.778000,0.005000,-0.005000,0,0.810000,0.030000,-0.030000,0,0.1100,0.0400,-0.0400,0,[Fe/H],4.567000,0.018000,-0.018000,0,23h13m20.93s,348.3372026,+57d10m10.65s,57.1696255,3.2610000,0.3040000,-0.3040000,B_derived_geometry,derived_orbsmax_st_rad,derived_rade_st_rad,426,-1,0
HD 219134 c,6.76458000000,0.00033000000,-0.00033000000,0,0.0653000000,0.0008000000,-0.0008000000,0,0.13480239,0.00419306,-0.00419306,0,0.01371803,0.00069219,-0.00069219,0,6.950000,0.770000,-0.770000,0,0.062000,0.039000,-0.039000,0,87.28000,0.10000,-0.10000,0,2457474.04591000,0.00088000,-0.00088000,0,0.813000,0.025000,-0.025000,0,0.03180000,0.00190000,-0.00190000,0,1.6600000,0.0430000,-0.0430000,0,18.04832874715522,0,0,0,0.01780550059066472,0,0,0,,,,,70.0000,24.0000,-35.0000,0,,,,,,,,,,4699.00,16.00,-16.00,0,0.778000,0.005000,-0.005000,0,0.810000,0.030000,-0.030000,0,0.1100,0.0400,-0.0400,0,[Fe/H],4.567000,0.018000,-0.018000,0,23h13m20.93s,348.3372026,+57d10m10.65s,57.1696255,3.2610000,0.3040000,-0.3040000,B_derived_geometry,derived_orbsmax_st_rad,derived_rade_st_rad,427,-1,0
TOI-5076 b,23.44316200000,0.00006200000,-0.00006300000,0,0.1481000000,0.0028000000,-0.0030000000,0,0.31130000,0.00890000,-0.00840000,0,0.05080000,0.00780000,-0.00780000,0,2.080000,0.350000,-0.340000,0,0.000000,,,0,89.84000,0.11000,-0.17000,0,2460204.00180000,0.00140000,-0.00150000,0,0.107000,0.110000,-0.075000,0,0.14390000,0.00420000,-0.00420000,0,4.8820000,0.0480000,-0.0550000,0,37.73253821659728,0,0,0,0.03793000,0.00055000,-0.00055000,0,,,,,90.0000,,,0,,,,,,,,,,4780.00,120.00,-120.00,0,0.844000,0.020000,-0.019000,0,0.789000,0.046000,-0.047000,0,0.0820,0.0790,-0.0790,0,[Fe/H],4.483000,0.016000,-0.019000,0,03h22m02.50s,50.5104166,+17d14m21.15s,17.2392094,8.5820000,0.0200000,-0.0200000,B_derived_geometry,derived_orbsmax_st_rad,archive,428,-1,0
CoRoT-12 b,2.82804200000,0.00001300000,-0.00001300000,0,0.0401600000,0.0009300000,-0.0009200000,0,1.44000000,0.13000000,-0.13000000,0,0.91700000,0.07000000,-0.06500000,0,0.411000,0.129000,-0.094000,0,0.070000,0.063000,-0.042000,0,85.48000,0.72000,-0.77000,0,2454398.62707000,0.00036000,-0.00036000,0,0.573000,0.027000,-0.030000,0,1.74400000,0.03900000,-0.04000000,0,2.5742400,0.0213600,-0.0216000,0,7.738074705850531,0,0,0,0.1325893545759589,0,0,0,,,,,105.0000,90.0000,-27.0000,0,,,,,,,,,,5675.00,80.00,-80.00,0,1.116000,0.096000,-0.092000,0,1.078000,0.077000,-0.072000,0,0.1600,0.1000,-0.1000,0,[Fe/H],4.375000,0.065000,-0.062000,0,06h43m03.76s,100.7656871,-01d17m47.20s,-1.2964437,13.5570000,0.0420000,-0.0420000,B_derived_geometry,derived_orbsmax_st_rad,derived_rade_st_rad,457,-1,0
WASP-190 b,5.36775300000,0.00000400000,-0.00000400000,0,0.0663000000,0.0008000000,-0.0008000000,0,1.15000000,0.09000000,-0.09000000,0,1.00000000,0.10000000,-0.10000000,0,,,,,0.000000,,,0,87.10000,0.70000,-0.70000,0,2457799.12560000,0.00070000,-0.00070000,0,0.450000,0.090000,-0.090000,0,0.62000000,0.02000000,-0.02000000,0,4.4640000,0.0480000,-0.0480000,0,8.910394950598318,0,0,0,0.07386080686269225,0,0,0,,,,,,,,,21.000,6.000,-6.000,0,,,,,F6 IV-V,6400.00,100.00,-100.00,0,1.600000,0.100000,-0.100000,0,1.350000,0.050000,-0.050000,0,-0.0200,0.0500,-0.0500,0,[Fe/H],4.170000,0.040000,-0.040000,0,00h30m50.29s,7.7095292,-40d34m24.46s,-40.5734613,10.6500000,0.0240000,-0.0240000,B_derived_geometry,derived_orbsmax_st_rad,derived_rade_st_rad,483,-1,0
WASP-150 b,5.64420700000,0.00000300000,-0.00000400000,0,0.0694000000,0.0011000000,-0.0008000000,0,1.07000000,0.02400000,-0.02500000,0,8.46000000,0.28000000,-0.20000000,0,8.540000,0.660000,-0.620000,0,0.377500,0.003800,-0.002900,0,84.01000,0.25000,-0.20000,0,2457217.26140000,0.00040000,-0.00040000,0,0.758000,0.011000,-0.014000,0,0.44000000,0.01000000,-0.01000000,0,3.1176000,0.0240000,-0.0360000,0,9.038904665981834,0,0,0,0.06659979530136104,0,0,0,,,,,,,,,,,,,,,,,F8,6218.00,49.00,-45.00,0,1.651000,0.024000,-0.030000,0,1.394000,0.070000,-0.049000,0,0.1560,0.1000,-0.0890,0,[Fe/H],4.147000,0.027000,-0.020000,0,17h37m03.12s,264.2630197,+53d01m16.59s,53.0212751,10.7470000,0.0210000,-0.0210000,B_derived_geometry,derived_orbsmax_st_rad,derived_rade_st_rad,509,-1,0
Kepler-10 b,0.83749070000,0.00000020000,-0.00000020000,0,0.0168500000,0.0001300000,-0.0001300000,0,0.13114484,0.00267643,-0.00178428,0,0.01019418,0.00100683,-0.00100683,0,5.540000,0.660000,-0.620000,0,0.000000,,,0,84.80000,3.20000,-3.90000,0,2455034.08687000,0.00018000,-0.00018000,0,,,,,,,,,,,,,3.402151946524627,0,0,0,0.01265426857537347,0,0,0,,,,,,,,,,,,,,,,,,5708.00,28.00,-28.00,0,1.065000,0.009000,-0.009000,0,0.910000,0.021000,-0.021000,0,-0.1500,0.0400,-0.0400,0,[Fe/H],4.344000,0.004000,-0.004000,0,19h02m43.03s,285.6792980,+50d14m29.34s,50.2414842,9.4960000,0.0210000,-0.0210000,B_derived_geometry,derived_orbsmax_st_rad,derived_rade_st_rad,511,-1,0
TOI-700 b,9.97721900000,0.00004100000,-0.00003800000,0,0.0677000000,0.0011000000,-0.0011000000,0,0.08154176,0.00472835,-0.00437149,0,,,,,,,,,0.075000,0.093000,-0.054000,0,89.60000,0.27000,-0.29000,0,2458880.09930000,0.00150000,-0.00160000,0,0.240000,0.190000,-0.160000,0,,,,,2.1700000,0.0900000,-0.0800000,0,34.57880508051324,0,0,0,0.01993000,0.00082000,-0.00083000,0,,,,,-150.0000,120.0000,-130.0000,0,,,,,,,,,M2.5 V,3459.00,65.00,-65.00,0,0.421000,0.017000,-0.015000,0,0.415000,0.021000,-0.020000,0,-0.0700,0.1100,-0.1100,0,[Fe/H],4.809000,0.034000,-0.037000,0,06h28m22.97s,97.0957165,-65d34m43.01s,-65.5786149,8.6340000,0.0230000,-0.0230000,B_derived_geometry,derived_orbsmax_st_rad,archive,516,-1,0
L 98-59 b,2.25311400000,0.00000040000,-0.00000040000,0,0.0223000000,0.0007000000,-0.0007000000,0,0.07467227,0.00169507,-0.00169507,0,0.00144732,0.00034610,-0.00034610,0,4.300000,1.100000,-1.000000,0,0.031000,0.017000,-0.016000,0,88.08000,0.23000,-0.20000,0,2458366.17056000,0.00024000,-0.00024000,0,0.510000,0.040000,-0.050000,0,0.05890000,0.00140000,-0.00140000,0,1.0100000,0.0300000,-0.0300000,0,15.19878628035884,0,0,0,0.02432178332509846,0,0,0,,,,,,,,,,,,,,,,,M3 V,3415.00,60.00,-60.00,0,0.315500,0.006200,-0.006200,0,0.292300,0.006700,-0.006700,0,-0.4600,0.2600,-0.2600,0,[Fe/H],4.910000,0.020000,-0.020000,0,08h18m07.89s,124.5328604,-68d18m52.08s,-68.3144658,7.1010000,0.0180000,-0.0180000,B_derived_geometry,derived_orbsmax_st_rad,derived_rade_st_rad,517,-1,0
TOI-3837 b,11.88865000000,0.00003000000,-0.00003000000,0,0.0990000000,0.0060000000,-0.0050000000,0,0.97000000,0.05000000,-0.06000000,0,0.59000000,0.05000000,-0.05000000,0,0.820000,0.120000,-0.140000,0,0.221000,0.042000,-0.046000,0,88.00000,0.15000,-0.15000,0,2458876.28530000,0.00140000,-0.00140000,0,0.745000,0.026000,-0.032000,0,,,,,,,,,17.74015284282018,0,0,0,0.08300000,0.00100000,-0.00200000,0,,,,,279.9000,6.1000,-5.9000,0,,,,,,,,,,5905.00,157.00,-155.00,0,1.200000,0.060000,-0.050000,0,0.890000,0.050000,-0.050000,0,-0.2600,0.0500,-0.0500,0,[Fe/H],4.229000,0.018000,-0.019000,0,10h10m39.91s,152.6662832,+24d16m23.24s,24.2731213,10.3160000,0.0170000,-0.0170000,B_derived_geometry,derived_orbsmax_st_rad,archive,531,-1,0
WASP-180 A b,3.40926400000,0.00000100000,-0.00000100000,0,0.0480000000,0.0010000000,-0.0010000000,0,1.24000000,0.04000000,-0.04000000,0,0.90000000,0.10000000,-0.10000000,0,0.610000,0.070000,-0.070000,0,0.000000,,,0,88.10000,0.10000,-0.10000,0,2457763.31500000,0.00010000,-0.00010000,0,0.290000,0.020000,-0.020000,0,1.23000000,0.02000000,-0.02000000,0,3.1176000,0.0096000,-0.0096000,0,8.673565943013687,0,0,0,0.1070806290212506,0,0,0,,,,,,,,,-157.000,2.000,-2.000,0,,,,,F7 V,6600.00,200.00,-200.00,0,1.190000,0.060000,-0.060000,0,1.300000,0.100000,-0.100000,0,0.1000,0.2000,-0.2000,0,[Fe/H],4.420000,0.010000,-0.010000,0,08h13m34.14s,123.3922465,-01d58m58.03s,-1.9827874,9.8120000,0.0520000,-0.0520000,B_derived_geometry,derived_orbsmax_st_rad,derived_rade_st_rad,580,-1,0
TOI-2328 b,17.10197000000,0.00001000000,-0.00001000000,0,0.1270000000,0.0060000000,-0.0070000000,0,0.89000000,0.03000000,-0.04000000,0,0.16000000,0.02000000,-0.02000000,0,0.290000,0.040000,-0.050000,0,0.057000,0.046000,-0.029000,0,88.66000,0.08000,-0.08000,0,2458330.48940000,0.00040000,-0.00030000,0,0.688000,0.022000,-0.018000,0,,,,,,,,,30.34342641128839,0,0,0,0.10200000,0.00100000,-0.00100000,0,,,,,148.7000,14.1000,-9.3000,0,,,,,,,,,,5525.00,147.00,-144.00,0,0.900000,0.060000,-0.060000,0,0.950000,0.060000,-0.060000,0,0.0900,0.0300,-0.0300,0,[Fe/H],4.505000,0.021000,-0.020000,0,02h06m45.78s,31.6907424,-81d14m50.55s,-81.2473760,10.3950000,0.0210000,-0.0210000,B_derived_geometry,derived_orbsmax_st_rad,archive,591,-1,0
TOI-905 b,3.73949400000,0.00003800000,-0.00003800000,0,0.0466600000,0.0009600000,-0.0011000000,0,1.17100000,0.05300000,-0.05100000,0,0.66700000,0.04200000,-0.04100000,0,0.515000,0.063000,-0.057000,0,0.024000,0.025000,-0.017000,0,85.68000,0.22000,-0.26000,0,2458643.30898000,0.00020000,-0.00020000,0,0.816000,0.010000,-0.012000,0,1.71800000,0.03200000,-0.03000000,0,2.0280000,0.0264000,-0.0360000,0,10.92963004748121,0,0,0,0.1310842168588995,0,0,0,2458627.86000000,0.60000000,-0.85000000,0,39.0000,61.0000,-82.0000,0,,,,,,,,,,5570.00,150.00,-140.00,0,0.918000,0.038000,-0.036000,0,0.968000,0.061000,-0.068000,0,0.1400,0.2200,-0.1800,0,[Fe/H],4.498000,0.025000,-0.027000,0,15h10m38.08s,227.6586754,-71d21m41.87s,-71.3616316,9.4480000,0.0190000,-0.0190000,B_derived_geometry,derived_orbsmax_st_rad,derived_rade_st_rad,601,-1,0
TOI-776 c,15.66532300000,0.00007500000,-0.00007000000,0,0.1001000000,0.0022000000,-0.0024000000,0,0.18262142,0.00722635,-0.00695871,0,0.02170983,0.00818051,-0.00786588,0,4.400000,1.800000,-1.600000,0,0.089000,0.048000,-0.054000,0,89.49000,0.30000,-0.20000,0,2459324.53478000,0.00080000,-0.00077000,0,0.350000,0.160000,-0.210000,0,0.11770000,0.00550000,-0.00530000,0,2.9320000,0.0380000,-0.0380000,0,39.35049137590826,0,0,0,0.03430835040739944,0,0,0,,,,,7.0000,58.0000,-52.0000,0,,,,,,,,,,3725.00,60.00,-60.00,0,0.547000,0.017000,-0.017000,0,0.542000,0.040000,-0.039000,0,-0.2100,0.0800,-0.0800,0,[Fe/H],4.800000,0.100000,-0.100000,0,11h54m18.72s,178.5779970,-37d33m12.08s,-37.5533568,7.6150000,0.0200000,-0.0200000,B_derived_geometry,derived_orbsmax_st_rad,derived_rade_st_rad,636,-1,0
TOI-5153 b,20.33003000000,0.00007000000,-0.00007000000,0,0.1580000000,0.0060000000,-0.0060000000,0,1.06000000,0.04000000,-0.04000000,0,3.26000000,0.18000000,-0.17000000,0,,,,,0.091000,0.024000,-0.026000,0,88.27000,0.14000,-0.14000,0,2458486.12390000,0.00190000,-0.00200000,0,0.725000,0.024000,-0.027000,0,,,,,4.8700000,0.0800000,-0.0700000,0,24.26791471139038,0,0,0,0.07770000,0.00120000,-0.00130000,0,,,,,144.0000,24.0000,-23.0000,0,,,,,,,,,F8 V,6300.00,80.00,-80.00,0,1.400000,0.040000,-0.040000,0,1.240000,0.070000,-0.070000,0,0.1200,0.0800,-0.0800,0,[Fe/H],4.300000,0.150000,-0.150000,0,06h06m09.68s,91.5403204,-19d57m12.40s,-19.9534443,10.4080000,0.0190000,-0.0190000,B_derived_geometry,derived_orbsmax_st_rad,archive,646,-1,0
WASP-106 b,9.28969000000,0.00001000000,-0.00001000000,0,0.0901000000,0.0026000000,-0.0027000000,0,1.08000000,0.01600000,-0.01700000,0,1.93000000,0.15000000,-0.15000000,0,,,,,0.023000,0.027000,-0.016000,0,88.30000,0.59000,-0.36000,0,2457977.97960000,0.00140000,-0.00140000,0,0.387000,0.074000,-0.136000,0,0.62040000,0.00860000,-0.00710000,0,5.3340000,0.0400000,-0.0380000,0,13.17986205844649,0,0,0,0.07559000,0.00072000,-0.00087000,0,,,,,128.0000,93.0000,-37.0000,0,6.000,17.000,-16.000,0,26.000,12.000,-17.000,0,,6002.00,164.00,-164.00,0,1.470000,0.016000,-0.017000,0,1.175000,0.082000,-0.074000,0,-0.0200,0.1000,-0.1000,0,[Fe/H],4.490000,0.160000,-0.160000,0,11h05m43.11s,166.4296276,-05d04m46.15s,-5.0794854,10.1610000,0.0270000,-0.0270000,B_derived_geometry,derived_orbsmax_st_rad,archive,661,-1,0
WASP-130 b,11.55098000000,0.00001000000,-0.00001000000,0,0.1012000000,0.0014000000,-0.0014000000,0,0.89000000,0.03000000,-0.03000000,0,1.23000000,0.04000000,-0.04000000,0,2.340000,0.240000,-0.240000,0,0.000000,,,0,88.66000,0.12000,-0.12000,0,2456921.14307000,0.00025000,-0.00025000,0,0.530000,0.030000,-0.030000,0,0.91600000,0.01400000,-0.01400000,0,3.7200000,0.0240000,-0.0240000,0,22.6679730769369,0,0,0,0.0952697363881103,0,0,0,,,,,,,,,,,,,,,,,G6,5625.00,90.00,-90.00,0,0.960000,0.030000,-0.030000,0,1.040000,0.040000,-0.040000,0,0.2600,0.1000,-0.1000,0,[Fe/H],4.490000,0.020000,-0.020000,0,13h32m25.44s,203.1060194,-42d28m30.98s,-42.4752733,9.4610000,0.0260000,-0.0260000,B_derived_geometry,derived_orbsmax_st_rad,derived_rade_st_rad,662,-1,0
L 98-59 c,3.69067640000,0.00000040000,-0.00000040000,0,0.0309000000,0.0010000000,-0.0010000000,0,0.11856564,0.00258721,-0.00258721,0,0.00629270,0.00040903,-0.00040903,0,4.700000,0.500000,-0.400000,0,0.002000,0.002000,-0.001000,0,88.88000,0.21000,-0.17000,0,2458367.27303000,0.00015000,-0.00015000,0,0.410000,0.050000,-0.070000,0,0.14860000,0.00300000,-0.00300000,0,1.2800000,0.0400000,-0.0400000,0,21.06020161717884,0,0,0,0.03861845882802372,0,0,0,,,,,,,,,,,,,,,,,M3 V,3415.00,60.00,-60.00,0,0.315500,0.006200,-0.006200,0,0.292300,0.006700,-0.006700,0,-0.4600,0.2600,-0.2600,0,[Fe/H],4.910000,0.020000,-0.020000,0,08h18m07.89s,124.5328604,-68d18m52.08s,-68.3144658,7.1010000,0.0180000,-0.0180000,B_derived_geometry,derived_orbsmax_st_rad,derived_rade_st_rad,668,-1,0
GJ 367 b,0.32192250000,0.00000020000,-0.00000020000,0,0.0070900000,0.0002700000,-0.0002700000,0,0.06236071,0.00214114,-0.00214114,0,0.00199164,0.00015732,-0.00015732,0,10.200000,1.300000,-1.300000,0,0.060000,0.070000,-0.040000,0,79.89000,0.87000,-0.85000,0,2458544.13635000,0.00040000,-0.00040000,0,0.584000,0.034000,-0.037000,0,,,,,0.6290000,0.0080000,-0.0080000,0,3.328772890183805,0,0,0,0.01399000,0.00028000,-0.00028000,0,,,,,66.0000,41.0000,-108.0000,0,,,,,,,,,M1.0 V,3522.00,70.00,-70.00,0,0.458000,0.013000,-0.013000,0,0.455000,0.011000,-0.011000,0,-0.0100,0.1200,-0.1200,0,[Fe/H],4.776000,0.026000,-0.026000,0,09h44m29.15s,146.1214640,-45d46m44.46s,-45.7790165,5.7800000,0.0200000,-0.0200000,B_derived_geometry,derived_orbsmax_st_rad,archive,677,-1,0
TOI-2498 b,3.73825200000,0.00000400000,-0.00000400000,0,0.0491000000,0.0030000000,-0.0030000000,0,0.54063792,0.02587211,-0.02408783,0,0.10892670,0.01290004,-0.01286858,0,0.860000,0.250000,-0.200000,0,0.089000,0.075000,-0.075000,0,87.12000,1.70000,-1.70000,0,2459204.41670000,0.00010000,-0.00010000,0,0.420000,0.130000,-0.130000,0,,,,,,,,,8.379427653511023,0,0,0,0.04000000,0.01000000,-0.01000000,0,,,,,89.9900,99.1400,-99.1400,0,,,,,,,,,,5905.00,12.00,-12.00,0,1.260000,0.040000,-0.040000,0,1.120000,0.020000,-0.020000,0,0.1670,0.0100,-0.0410,0,[Fe/H],4.297000,0.021000,-0.021000,0,06h21m39.89s,95.4162204,+11d15m05.93s,11.2516477,9.9330000,0.0230000,-0.0230000,B_derived_geometry,derived_orbsmax_st_rad,archive,678,-1,0
TOI-481 b,10.33111000000,0.00002000000,-0.00002000000,0,0.0970000000,0.0010000000,-0.0010000000,0,0.99000000,0.01000000,-0.01000000,0,1.53000000,0.03000000,-0.03000000,0,,,,,0.153000,0.006000,-0.007000,0,89.20000,0.30000,-0.30000,0,2458511.64180000,0.00020000,-0.00020000,0,0.150000,0.050000,-0.050000,0,,,,,,,,,12.56513198797778,0,0,0,0.06140000,0.00020000,-0.00020000,0,,,,,64.8000,1.8000,-1.8000,0,,,,,,,,,G,5735.00,72.00,-72.00,0,1.660000,0.020000,-0.020000,0,1.140000,0.020000,-0.010000,0,0.2600,0.0500,-0.0500,0,[Fe/H],4.060000,0.010000,-0.010000,0,07h22m03.04s,110.5126861,-57d23m05.99s,-57.3849980,8.4430000,0.0230000,-0.0230000,B_derived_geometry,derived_orbsmax_st_rad,archive,689,-1,0
TOI-712 b,9.53136100000,0.00001800000,-0.00001700000,0,0.0792800000,0.0009600000,-0.0009100000,0,0.18279985,0.00107057,-0.00713713,0,,,,,,,,,0.540000,0.260000,-0.200000,0,88.22000,1.10000,-0.53000,0,2458757.26886000,0.00068000,-0.00059000,0,0.410000,0.320000,-0.280000,0,0.07680000,0.01000000,-0.00420000,0,1.7350000,0.0460000,-0.0310000,0,25.29339658985314,0,0,0,0.02772000,0.00180000,-0.00076000,0,2458385.49000000,0.43000000,-0.35000000,0,68.0000,88.0000,-77.0000,0,,,,,,,,,K4.5 V,4622.00,61.00,-59.00,0,0.674000,0.017000,-0.016000,0,0.732000,0.027000,-0.025000,0,-0.0200,0.1200,-0.0430,0,[Fe/H],4.645000,0.021000,-0.022000,0,06h11m44.67s,92.9361063,-65d49m33.02s,-65.8258386,8.3130000,0.0230000,-0.0230000,B_derived_geometry,derived_orbsmax_st_rad,archive,690,-1,0
TOI-712 c,51.69906000000,0.00017000000,-0.00017000000,0,0.2447000000,0.0030000000,-0.0028000000,0,0.24096749,0.00820770,-0.00731556,0,,,,,,,,,0.089000,0.083000,-0.056000,0,89.78000,0.14000,-0.11000,0,2458946.39598000,0.00093000,-0.00082000,0,0.280000,0.160000,-0.190000,0,0.13460000,0.00550000,-0.00430000,0,4.8430000,0.0580000,-0.0620000,0,78.06879598306084,0,0,0,0.03669000,0.00074000,-0.00059000,0,2458425.00000000,11.00000000,-15.00000000,0,115.0000,96.0000,-95.0000,0,,,,,,,,,K4.5 V,4622.00,61.00,-59.00,0,0.674000,0.017000,-0.016000,0,0.732000,0.027000,-0.025000,0,-0.0200,0.1200,-0.0430,0,[Fe/H],4.645000,0.021000,-0.022000,0,06h11m44.67s,92.9361063,-65d49m33.02s,-65.8258386,8.3130000,0.0230000,-0.0230000,B_derived_geometry,derived_orbsmax_st_rad,archive,691,-1,0
TOI-712 d,84.83960000000,0.00043000000,-0.00040000000,0,0.3405000000,0.0041000000,-0.0039000000,0,0.22071588,0.00802928,-0.00731556,0,,,,,,,,,0.073000,0.064000,-0.049000,0,89.81700,0.11000,-0.06600,0,2458640.54570000,0.00190000,-0.00190000,0,0.340000,0.140000,-0.210000,0,0.11300000,0.00530000,-0.00490000,0,5.7020000,0.0980000,-0.0940000,0,108.6327136584888,0,0,0,0.03362000,0.00079000,-0.00074000,0,2458396.00000000,32.00000000,-22.00000000,0,30.0000,110.0000,-140.0000,0,,,,,,,,,K4.5 V,4622.00,61.00,-59.00,0,0.674000,0.017000,-0.016000,0,0.732000,0.027000,-0.025000,0,-0.0200,0.1200,-0.0430,0,[Fe/H],4.645000,0.021000,-0.022000,0,06h11m44.67s,92.9361063,-65d49m33.02s,-65.8258386,8.3130000,0.0230000,-0.0230000,B_derived_geometry,derived_orbsmax_st_rad,archive,692,-1,0
HD 152843 b,11.62071000000,0.00009600000,-0.00010600000,0,0.1049000000,0.0029000000,-0.0030000000,0,0.27210324,0.00981356,-0.00981356,0,0.03089718,0.00538026,-0.00506563,0,1.900000,0.410000,-0.360000,0,0.046000,0.058000,-0.033000,0,89.26000,0.51000,-0.58000,0,2458994.28530000,0.00280000,-0.00300000,0,0.200000,0.170000,-0.140000,0,,,,,5.5900000,0.1300000,-0.1400000,0,15.77403715373458,0,0,0,0.01957000,0.00062000,-0.00063000,0,,,,,,,,,,,,,,,,,,6310.00,100.00,-100.00,0,1.430000,0.020000,-0.020000,0,1.150000,0.040000,-0.040000,0,-0.1600,0.0500,-0.0500,0,[Fe/H],4.190000,0.030000,-0.030000,0,16h55m08.37s,253.7848853,+20d29m29.49s,20.4915240,7.6290000,0.0200000,-0.0200000,B_derived_geometry,derived_orbsmax_st_rad,archive,695,-1,0
TOI-199 b,104.85400000000,0.00100000000,-0.00200000000,0,0.4254000000,0.0020000000,-0.0020000000,0,0.81000000,0.00500000,-0.00500000,0,0.17000000,0.02000000,-0.02000000,0,,,,,0.090000,0.010000,-0.020000,0,90.00000,,,0,2458256.12860000,0.00060000,-0.00060000,0,0.450000,0.020000,-0.030000,0,,,,,,,,,111.5544866125012,0,0,0,0.1015094813423521,0,0,0,,,,,350.0000,2.0000,-4.0000,0,,,,,,,,,G9 V,5255.00,12.00,-10.00,0,0.820000,0.003000,-0.003000,0,0.936000,0.003000,-0.005000,0,0.2200,0.0300,-0.0300,0,[Fe/H],4.582000,0.003000,-0.006000,0,05h20m25.41s,80.1058735,-59d53m43.56s,-59.8954326,8.8140000,0.0210000,-0.0210000,B_derived_geometry,derived_orbsmax_st_rad,derived_rade_st_rad,706,-1,0
TOI-286 b,4.51172440000,0.00000310000,-0.00000270000,0,0.0503000000,0.0010000000,-0.0010000000,0,0.12668413,0.00892142,-0.00892142,0,0.01425297,0.00245415,-0.00245415,0,8.630000,2.320000,-2.320000,0,0.000000,,,0,87.52000,0.59000,-0.59000,0,2460186.64911000,0.00076000,-0.00076000,0,0.600000,0.140000,-0.060000,0,,,,,2.0400000,0.2700000,-0.2700000,0,13.86681721824173,0,0,0,0.01669025847421708,0,0,0,,,,,90.0000,,,0,,,,,,,,,K3 V,5152.00,12.00,-12.00,0,0.780000,0.036000,-0.036000,0,0.832000,0.049000,-0.049000,0,-0.0500,0.0200,-0.0200,0,[Fe/H],4.590000,0.020000,-0.020000,0,06h03m56.23s,90.9842762,-60d39m58.81s,-60.6663348,7.8510000,0.0330000,-0.0330000,B_derived_geometry,derived_orbsmax_st_rad,derived_rade_st_rad,707,-1,0
TOI-286 c,39.36182600000,0.00007000000,-0.00008100000,0,0.2130000000,0.0042000000,-0.0042000000,0,0.16772265,0.01070570,-0.01070570,0,0.01170443,0.00698490,-0.00698490,0,3.090000,1.930000,-1.930000,0,0.000000,,,0,89.69000,0.28000,-0.28000,0,2460155.02510000,0.00180000,-0.00200000,0,0.320000,0.290000,-0.170000,0,,,,,4.9700000,0.5500000,-0.5500000,0,58.72031943311109,0,0,0,0.02209696192361134,0,0,0,,,,,90.0000,,,0,,,,,,,,,K3 V,5152.00,12.00,-12.00,0,0.780000,0.036000,-0.036000,0,0.832000,0.049000,-0.049000,0,-0.0500,0.0200,-0.0200,0,[Fe/H],4.590000,0.020000,-0.020000,0,06h03m56.23s,90.9842762,-60d39m58.81s,-60.6663348,7.8510000,0.0330000,-0.0330000,B_derived_geometry,derived_orbsmax_st_rad,derived_rade_st_rad,708,-1,0
TOI-4504 b,2.42614000000,0.00014000000,-0.00013000000,0,0.0339200000,0.0006800000,-0.0006800000,0,0.24007535,0.01703991,-0.01703991,0,,,,,,,,,0.000000,,,0,87.40000,0.90000,-1.30000,0,2459038.45800000,0.02200000,-0.02100000,0,0.396000,0.134000,-0.197000,0,0.07180000,,,0,,,,,7.928142087331496,0,0,0,0.02680000,0.00190000,-0.00190000,0,,,,,90.0000,,,0,,,,,,,,,K1 V,5315.00,60.00,-60.00,0,0.920000,0.040000,-0.040000,0,0.890000,0.060000,-0.040000,0,0.1600,0.0500,-0.0500,0,[Fe/H],4.458000,0.021000,-0.015000,0,07h37m52.15s,114.4673065,-62d04m41.80s,-62.0782776,11.2360000,0.0210000,-0.0210000,B_derived_geometry,derived_orbsmax_st_rad,archive,709,-1,0
TOI-4504 c,82.97213000000,0.00013000000,-0.00013000000,0,0.3569000000,0.0066000000,-0.0069000000,0,0.99000000,0.05000000,-0.05000000,0,3.76720000,0.18100000,-0.18220000,0,,,,,0.032000,0.001600,-0.001400,0,89.69000,0.02000,-0.03000,0,2458400.39060000,0.00160000,-0.00160000,0,0.492000,0.038000,-0.041000,0,,,,,,,,,83.4184525639331,0,0,0,0.10800000,0.00100000,-0.00100000,0,,,,,270.9000,2.0000,-2.2000,0,83.970,0.120,-0.150,0,,,,,K1 V,5315.00,60.00,-60.00,0,0.920000,0.040000,-0.040000,0,0.890000,0.060000,-0.040000,0,0.1600,0.0500,-0.0500,0,[Fe/H],4.458000,0.021000,-0.015000,0,07h37m52.15s,114.4673065,-62d04m41.80s,-62.0782776,11.2360000,0.0210000,-0.0210000,B_derived_geometry,derived_orbsmax_st_rad,archive,710,-1,0
TOI-700 d,37.42396000000,0.00039000000,-0.00035000000,0,0.1633000000,0.0027000000,-0.0027000000,0,0.09572681,0.00526364,-0.00481757,0,,,,,,,,,0.042000,0.045000,-0.030000,0,89.80000,0.12000,-0.10000,0,2458816.99520000,0.00110000,-0.00130000,0,0.290000,0.140000,-0.180000,0,,,,,3.3140000,0.0670000,-0.0550000,0,83.40795966983475,0,0,0,0.02339000,0.00077000,-0.00080000,0,,,,,10.0000,120.0000,-140.0000,0,,,,,,,,,M2.5 V,3459.00,65.00,-65.00,0,0.421000,0.017000,-0.015000,0,0.415000,0.021000,-0.020000,0,-0.0700,0.1100,-0.1100,0,[Fe/H],4.809000,0.034000,-0.037000,0,06h28m22.97s,97.0957165,-65d34m43.01s,-65.5786149,8.6340000,0.0230000,-0.0230000,B_derived_geometry,derived_orbsmax_st_rad,archive,719,-1,0
TOI-1278 b,14.47567000000,0.00021000000,-0.00021000000,0,0.0950000000,0.0010000000,-0.0010000000,0,1.09000000,0.24000000,-0.20000000,0,18.50000000,0.50000000,-0.50000000,0,18.000000,14.000000,-8.000000,0,0.013000,0.004000,-0.004000,0,88.30000,0.10000,-0.10000,0,2458711.95950000,0.00130000,-0.00130000,0,1.040000,0.060000,-0.050000,0,,,,,,,,,35.65105547766498,0,0,0,0.1954822449993265,0,0,0,,,,,246.0000,9.0000,-12.0000,0,,,,,,,,,M0 V,3799.00,42.00,-42.00,0,0.573000,0.012000,-0.012000,0,0.540000,0.020000,-0.020000,0,-0.0100,0.2800,-0.2800,0,[Fe/H],4.680000,0.100000,-0.100000,0,21h21m54.83s,320.4784442,+35d38m55.05s,35.6486250,9.7350000,0.0120000,-0.0120000,B_derived_geometry,derived_orbsmax_st_rad,derived_rade_st_rad,731,-1,0
TOI-5788 b,6.34075800000,0.00003000000,-0.00003000000,0,0.0640000000,0.0011000000,-0.0011000000,0,0.13631926,0.00669106,-0.00669106,0,0.01170443,0.00295757,-0.00295757,0,5.734161,1.543812,-1.543812,0,0.061000,0.066000,-0.042000,0,87.94000,0.26000,-0.20000,0,2459611.74250000,0.00200000,-0.00200000,0,,,,,,,,,,,,,15.81845742863799,0,0,0,0.01610000,0.00076000,-0.00076000,0,,,,,96.0000,75.0000,-116.0000,0,,,,,,,,,,5615.00,25.00,-25.00,0,0.870000,0.006000,-0.006000,0,0.870000,0.040000,-0.040000,0,-0.3200,0.0400,-0.0400,0,[Fe/H],4.420000,0.010000,-0.010000,0,19h09m41.98s,287.4249017,+31d45m41.50s,31.7615284,8.5770000,0.0170000,-0.0170000,B_derived_geometry,derived_orbsmax_st_rad,archive,740,-1,0
TOI-5788 c,16.21336200000,0.00002600000,-0.00002600000,0,0.1197000000,0.0020000000,-0.0020000000,0,0.20269461,0.00347935,-0.00347935,0,0.02013665,0.00377562,-0.00377562,0,3.032489,0.551362,-0.551362,0,0.046000,0.051000,-0.032000,0,89.60000,0.25000,-0.25000,0,2459608.59136500,0.00080000,-0.00080000,0,,,,,,,,,,,,,29.58545865949949,0,0,0,0.02394000,0.00037000,-0.00037000,0,,,,,148.0000,127.0000,-116.0000,0,,,,,,,,,,5615.00,25.00,-25.00,0,0.870000,0.006000,-0.006000,0,0.870000,0.040000,-0.040000,0,-0.3200,0.0400,-0.0400,0,[Fe/H],4.420000,0.010000,-0.010000,0,19h09m41.98s,287.4249017,+31d45m41.50s,31.7615284,8.5770000,0.0170000,-0.0170000,B_derived_geometry,derived_orbsmax_st_rad,archive,741,-1,0
TOI-2093 c,53.81149000000,0.00017000000,-0.00017000000,0,0.2570000000,0.0170000000,-0.0180000000,0,0.20519261,0.01070570,-0.01070570,0,0.04971236,0.01132687,-0.01195614,0,7.000000,2.100000,-1.900000,0,0.000000,,,0,89.57700,0.08800,-0.07500,0,2458751.61220000,0.00400000,-0.00420000,0,0.560000,0.070000,-0.095000,0,0.08410000,0.00600000,-0.00610000,0,4.6800000,0.6000000,-0.5000000,0,75.80694651211351,0,0,0,0.02900000,0.00100000,-0.00110000,0,,,,,0.0000,,,0,,,,,,,,,K5 V,4426.00,85.00,-85.00,0,0.729000,0.029000,-0.029000,0,0.745000,0.034000,-0.034000,0,-0.0800,0.0200,-0.0200,0,[Fe/H],4.870000,0.060000,-0.060000,0,20h10m57.01s,302.7375229,+70d52m10.75s,70.8696532,8.9750000,0.0180000,-0.0180000,B_derived_geometry,derived_orbsmax_st_rad,archive,749,-1,0
NGTS-13 b,4.11902700000,0.00002300000,-0.00002300000,0,0.0549000000,0.0015000000,-0.0025000000,0,1.14200000,0.04600000,-0.04600000,0,4.84000000,0.44000000,-0.44000000,0,4.020000,0.550000,-0.550000,0,0.086000,0.034000,-0.034000,0,88.70000,1.20000,-1.20000,0,2458572.82470000,0.00180000,-0.00180000,0,0.156000,0.145000,-0.145000,0,0.43000000,0.04000000,-0.04000000,0,5.2224000,0.0720000,-0.0720000,0,6.602497397266815,0,0,0,0.06563489266584538,0,0,0,,,,,-146.4000,24.2000,-24.2000,0,,,,,,,,,,5819.00,73.00,-73.00,0,1.788000,0.057000,-0.057000,0,1.300000,0.110000,-0.180000,0,0.2500,0.1700,-0.1700,0,[Fe/H],4.040000,0.050000,-0.050000,0,11h44m57.66s,176.2402326,-38d08m22.98s,-38.1397158,11.1410000,0.0210000,-0.0210000,B_derived_geometry,derived_orbsmax_st_rad,derived_rade_st_rad,762,-1,0
WASP-43 b,0.81347500000,0.00000100000,-0.00000100000,0,0.0142000000,0.0004000000,-0.0004000000,0,0.93000000,0.07000000,-0.09000000,0,1.78000000,0.10000000,-0.10000000,0,2.939000,0.971000,-0.545000,0,0.000000,,,0,82.60000,1.30000,-0.90000,0,2455528.86774000,0.00014000,-0.00014000,0,,,,,2.55000000,0.12000000,-0.12000000,0,1.1592000,0.0264000,-0.0264000,0,5.089094350869628,0,0,0,0.1592767821378947,0,0,0,,,,,,,,,,,,,,,,,,4400.00,200.00,-200.00,0,0.600000,0.030000,-0.040000,0,0.580000,0.050000,-0.050000,0,-0.0500,0.1700,-0.1700,0,[Fe/H],4.650000,0.060000,-0.040000,0,10h19m37.96s,154.9081869,-09d48m23.20s,-9.8064431,9.2670000,0.0260000,-0.0260000,B_derived_geometry,derived_orbsmax_st_rad,derived_rade_st_rad,774,-1,0
Qatar-2 b,1.33711647000,0.00000026000,-0.00000026000,0,0.0215300000,0.0002000000,-0.0002000000,0,1.25400000,0.01300000,-0.01300000,0,2.49400000,0.05400000,-0.05400000,0,1.573000,0.029000,-0.029000,0,0.000000,,,0,86.12000,0.08000,-0.08000,0,2455624.26709600,0.00008700,-0.00008700,0,,,,,,,,,,,,,5.966033906684138,0,0,0,0.16590000,0.00044000,-0.00044000,0,,,,,,,,,,,,,,,,,,4645.00,50.00,-50.00,0,0.776000,0.008000,-0.008000,0,0.743000,0.021000,-0.021000,0,0.0200,0.0800,-0.0800,0,[M/H],4.530000,0.005000,-0.005000,0,13h50m37.32s,207.6554928,-06d48m14.66s,-6.8040714,10.6190000,0.0210000,-0.0210000,B_derived_geometry,derived_orbsmax_st_rad,archive,775,-1,0
L 98-59 d,7.45072900000,0.00000200000,-0.00000200000,0,0.0494000000,0.0016000000,-0.0016000000,0,0.14515147,0.00365778,-0.00365778,0,0.00516002,0.00022024,-0.00022024,0,2.200000,0.200000,-0.200000,0,0.006000,0.007000,-0.004000,0,88.44000,0.05000,-0.05000,0,2458362.74002000,0.00025000,-0.00025000,0,0.921000,0.007000,-0.007000,0,0.14450000,0.00470000,-0.00470000,0,0.8400000,0.0400000,-0.0400000,0,33.6690601905707,0,0,0,0.04727782732369796,0,0,0,,,,,,,,,,,,,,,,,M3 V,3415.00,60.00,-60.00,0,0.315500,0.006200,-0.006200,0,0.292300,0.006700,-0.006700,0,-0.4600,0.2600,-0.2600,0,[Fe/H],4.910000,0.020000,-0.020000,0,08h18m07.89s,124.5328604,-68d18m52.08s,-68.3144658,7.1010000,0.0180000,-0.0180000,B_derived_geometry,derived_orbsmax_st_rad,derived_rade_st_rad,785,-1,0
KELT-11 b,4.73620865000,0.00000377000,-0.00000377000,0,0.0623000000,0.0010400000,-0.0010400000,0,1.35000000,0.10000000,-0.10000000,0,0.20500000,0.01700000,-0.01700000,0,,,,,0.000000,,,0,85.30000,0.02000,-0.02000,0,2455498.95898000,0.00178000,-0.00178000,0,,,,,,,,,7.1000000,0.0200000,-0.0200000,0,4.980112750288148,0,0,0,0.05190000,0.00260000,-0.00260000,0,,,,,,,,,-77.860,2.360,-2.260,0,,,,,,5375.00,25.00,-25.00,0,2.690000,0.040000,-0.040000,0,1.440000,0.070000,-0.070000,0,0.1700,0.0700,-0.0700,0,[Fe/H],3.700000,0.100000,-0.100000,0,10h46m49.66s,161.7069053,-09d23m57.71s,-9.3993646,6.1220000,0.0180000,-0.0180000,B_derived_geometry,derived_orbsmax_st_rad,archive,812,-1,0
LP 791-18 d,2.75485000000,0.00013000000,-0.00013000000,0,0.0199200000,0.0002400000,-0.0002400000,0,0.09206903,0.00392542,-0.00383621,0,0.00286318,0.00059781,-0.00059781,0,4.560000,1.120000,-1.120000,0,0.001100,0.001000,-0.000800,0,89.34000,0.41000,-0.41000,0,2458546.37888000,0.00037000,-0.00038000,0,,,,,,,,,,,,,23.53538758767752,0,0,0,0.05198494993579082,0,0,0,,,,,,,,,,,,,,,,,M(6.1 +/- 0.7) V,2960.00,55.00,-55.00,0,0.182000,0.007000,-0.007000,0,0.139000,0.005000,-0.005000,0,-0.0900,0.1900,-0.1900,0,[Fe/H],5.115000,0.094000,-0.094000,0,11h02m45.72s,165.6904843,-16d24m23.20s,-16.4064445,10.6440000,0.0230000,-0.0230000,B_derived_geometry,derived_orbsmax_st_rad,derived_rade_st_rad,829,-1,0
WASP-96 b,3.42526020000,0.00000270000,-0.00000270000,0,0.0453000000,0.0013000000,-0.0013000000,0,1.20000000,0.06000000,-0.06000000,0,0.48000000,0.03000000,-0.03000000,0,0.370000,0.050000,-0.050000,0,0.000000,,,0,85.60000,0.20000,-0.20000,0,2456258.06210000,0.00020000,-0.00020000,0,0.710000,0.019000,-0.019000,0,1.38000000,0.03000000,-0.03000000,0,2.4264000,0.0264000,-0.0264000,0,9.277101573215056,0,0,0,0.1174362854815636,0,0,0,,,,,,,,,,,,,,,,,G8,5540.00,140.00,-140.00,0,1.050000,0.050000,-0.050000,0,1.060000,0.090000,-0.090000,0,0.1400,0.1900,-0.1900,0,[Fe/H],4.420000,0.020000,-0.020000,0,00h04m11.18s,1.0465696,-47d21m38.29s,-47.3606352,10.9140000,0.0240000,-0.0240000,B_derived_geometry,derived_orbsmax_st_rad,derived_rade_st_rad,842,-1,0
Ross 176 b,5.00663380000,0.00000800000,-0.00000700000,0,0.0464000000,0.0012000000,-0.0010000000,0,0.16415409,0.00713713,-0.00713713,0,0.01437883,0.00280025,-0.00292611,0,4.030000,0.490000,-0.810000,0,0.250000,0.040000,-0.040000,0,89.42000,0.37000,-0.49000,0,2459829.76270000,0.00080000,-0.00070000,0,0.170000,0.140000,-0.110000,0,,,,,,,,,17.53513536575292,0,0,0,0.02960000,0.00070000,-0.00080000,0,,,,,101.0000,19.0000,-23.0000,0,,,,,,,,,K7 V,4041.00,69.00,-69.00,0,0.569000,0.020000,-0.020000,0,0.577000,0.024000,-0.024000,0,-0.1900,0.0200,-0.0200,0,[Fe/H],5.070000,0.040000,-0.040000,0,20h22m45.54s,305.6897438,+47d18m31.03s,47.3086191,8.4190000,0.0160000,-0.0160000,B_derived_geometry,derived_orbsmax_st_rad,archive,845,-1,0
NGTS-30 b,98.29838000000,0.00010000000,-0.00009000000,0,0.4080000000,0.0190000000,-0.0190000000,0,0.92800000,0.03200000,-0.03200000,0,0.96000000,0.05600000,-0.05600000,0,,,,,0.294000,0.014000,-0.010000,0,89.48300,0.02800,-0.02800,0,2459287.60000000,0.00130000,-0.00140000,0,0.777000,0.021000,-0.027000,0,,,,,6.1300000,0.2700000,-0.2700000,0,96.09323057347584,0,0,0,0.10450000,0.00150000,-0.00160000,0,,,,,3.4000,4.8000,-5.8000,0,,,,,,,,,,5455.00,80.00,-80.00,0,0.913000,0.029000,-0.029000,0,0.940000,0.060000,-0.060000,0,-0.0300,0.0800,-0.0800,0,[Fe/H],4.300000,0.500000,-0.500000,0,11h34m51.57s,173.7148670,-24d36m19.73s,-24.6054801,10.5010000,0.0220000,-0.0220000,B_derived_geometry,derived_orbsmax_st_rad,archive,864,-1,0
TOI-1107 b,4.07823870000,0.00000240000,-0.00000250000,0,0.0561000000,0.0024000000,-0.0025000000,0,1.30000000,0.05000000,-0.05000000,0,3.35000000,0.18000000,-0.18000000,0,1.890000,0.230000,-0.220000,0,0.025000,0.023000,-0.016000,0,88.63000,0.89000,-0.96000,0,2459385.01230000,0.00020000,-0.00020000,0,0.154000,0.107000,-0.099000,0,,,,,,,,,6.664808802827471,0,0,0,0.07379000,0.00033000,-0.00030000,0,,,,,71.9700,20.4800,-42.4300,0,,,,,,,,,F6 V,6311.00,98.00,-98.00,0,1.810000,0.060000,-0.060000,0,1.350000,0.080000,-0.080000,0,-0.1000,0.0900,-0.0900,0,[Fe/H],4.050000,0.040000,-0.040000,0,10h22m25.89s,155.6078632,-82d13m07.93s,-82.2188693,9.2050000,0.0190000,-0.0190000,B_derived_geometry,derived_orbsmax_st_rad,archive,874,-1,0
KPS-1 b,1.70629100000,0.00005900000,-0.00005900000,0,0.0269000000,0.0010000000,-0.0010000000,0,1.03000000,0.13000000,-0.12000000,0,1.09000000,0.08600000,-0.08700000,0,1.310000,0.490000,-0.360000,0,0.000000,,,0,83.20000,0.88000,-0.90000,0,2457508.37019000,0.00079000,-0.00078000,0,0.754000,0.040000,-0.049000,0,,,,,1.6800000,0.0552000,-0.0480000,0,6.377469666524512,0,0,0,0.11430000,0.00370000,-0.00340000,0,,,,,,,,,,,,,,,,,K1 V,5165.00,90.00,-90.00,0,0.907000,0.086000,-0.082000,0,0.892000,0.090000,-0.100000,0,0.2200,0.1300,-0.1300,0,[Fe/H],4.470000,0.060000,-0.060000,0,11h00m40.13s,165.1671980,+64d57m49.84s,64.9638452,10.9310000,0.0170000,-0.0170000,B_derived_geometry,derived_orbsmax_st_rad,archive,888,-1,0
Kepler-1647 b,1107.59230000000,0.02270000000,-0.02270000000,0,2.7205000000,0.0070000000,-0.0070000000,0,1.05931840,0.01228477,-0.01228477,0,1.51968033,0.64814523,-0.64814523,0,,,,,0.058100,0.068900,-0.068900,0,90.09720,0.00350,-0.00350,0,2454998.49720000,0.00490000,-0.00490000,0,,,,,,,,,,,,,326.7580737874796,0,0,0,0.06080466444590874,0,0,0,,,,,155.0464,146.5723,-146.5723,0,,,,,,,,,,6210.00,100.00,-100.00,0,1.790300,0.005500,-0.005500,0,1.220700,0.011200,-0.011200,0,-0.1400,0.0500,-0.0500,0,[Fe/H],4.018000,0.002000,-0.002000,0,19h52m36.01s,298.1500570,+40d39m22.23s,40.6561751,12.0070000,0.0240000,-0.0240000,B_derived_geometry,derived_orbsmax_st_rad,derived_rade_st_rad,1079,-1,0
CoRoT-35 b,3.22748000000,0.00008000000,-0.00008000000,0,0.0429000000,0.0009200000,-0.0009200000,0,1.68000000,0.11000000,-0.11000000,0,1.10000000,0.37000000,-0.37000000,0,0.290000,0.110000,-0.110000,0,0.000000,,,0,84.10000,0.10000,-0.10000,0,2456074.24150000,0.00180000,-0.00180000,0,0.580000,0.060000,-0.070000,0,1.25700000,0.03400000,-0.03400000,0,4.1900000,0.0800000,-0.0800000,0,5.590836047434238,0,0,0,0.104631097254562,0,0,0,,,,,,,,,,,,,,,,,F6 V,6390.00,130.00,-130.00,0,1.650000,0.100000,-0.110000,0,1.010000,0.070000,-0.060000,0,-0.5000,0.1000,-0.1000,0,[Fe/H],4.010000,0.050000,-0.050000,0,19h17m15.44s,289.3143526,-02d46m28.95s,-2.7747085,12.9350000,0.0290000,-0.0290000,B_derived_geometry,derived_orbsmax_st_rad,derived_rade_st_rad,1213,-1,0
Kepler-1661 b,175.06000000000,0.06000000000,-0.06000000000,0,0.6330000000,0.0050000000,-0.0050000000,0,0.34525827,0.00535284,-0.00535284,0,0.05348771,0.03775603,-0.03775603,0,1.600000,1.100000,-1.100000,0,0.057000,0.005000,-0.005000,0,89.46000,0.02000,-0.02000,0,2456007.10000000,0.40000000,-0.40000000,0,,,,,,,,,,,,,178.629074198762,0,0,0,0.04651000,0.00073000,-0.00070000,0,,,,,67.1000,5.0000,-5.0000,0,,,,,,,,,K,5100.00,100.00,-100.00,0,0.762000,0.010000,-0.010000,0,0.841000,0.022000,-0.022000,0,-0.1200,0.1000,-0.1000,0,[M/H],4.660000,0.100000,-0.100000,0,19h00m40.10s,285.1670927,+41d58m00.98s,41.9669383,12.1620000,0.0200000,-0.0200000,B_derived_geometry,derived_orbsmax_st_rad,archive,1541,-1,0
Kepler-167 d,21.80379000000,0.00013000000,-0.00018000000,0,0.1404000000,0.0020000000,-0.0020000000,0,0.11044715,0.00570971,-0.00570971,0,,,,,,,,,0.000000,,,0,89.26000,0.50000,-0.50000,0,2455669.78880000,0.00280000,-0.00230000,0,0.520000,0.350000,-0.350000,0,0.02290000,0.00150000,-0.00150000,0,,,,,40.30776322582762,0,0,0,0.01515333232389005,0,0,0,,,,,,,,,,,,,,,,,,4884.00,69.00,-75.00,0,0.749000,0.020000,-0.020000,0,0.777000,0.034000,-0.031000,0,0.0200,0.0670,-0.0670,0,[Fe/H],4.579000,0.027000,-0.025000,0,19h30m38.05s,292.6585253,+38d20m44.00s,38.3455558,11.8320000,0.0220000,-0.0220000,B_derived_geometry,derived_orbsmax_st_rad,derived_rade_st_rad,1596,-1,0
HD 35843 c,46.96220000000,0.00020000000,-0.00020000000,0,0.2500000000,0.0100000000,-0.0100000000,0,0.22660401,0.00713713,-0.00624499,0,0.03561670,0.00497124,-0.00465660,0,3.800000,0.680000,-0.600000,0,0.153000,0.070000,-0.064000,0,89.58000,0.17000,-0.09000,0,2459221.75620000,0.00200000,-0.00160000,0,0.470000,0.150000,-0.210000,0,,,,,5.8000000,0.1000000,-0.0800000,0,59.93092409992967,0,0,0,0.02600000,0.00060000,-0.00060000,0,,,,,211.0000,37.0000,-32.0000,0,,,,,,,,,,5666.00,61.00,-61.00,0,0.897000,0.019000,-0.019000,0,0.940000,0.060000,-0.060000,0,-0.2700,0.0400,-0.0400,0,[Fe/H],4.470000,0.030000,-0.030000,0,05h25m23.73s,81.3488924,-44d25m52.63s,-44.4312849,7.7820000,0.0170000,-0.0170000,B_derived_geometry,derived_orbsmax_st_rad,archive,1628,-1,0
WASP-83 b,4.97125200000,0.00001500000,-0.00001500000,0,0.0590000000,0.0010000000,-0.0010000000,0,1.04000000,0.08000000,-0.05000000,0,0.30000000,0.03000000,-0.03000000,0,0.350000,0.070000,-0.070000,0,0.000000,,,0,88.90000,0.70000,-0.70000,0,2455928.88530000,0.00040000,-0.00040000,0,0.230000,0.150000,-0.150000,0,1.04000000,0.04000000,-0.04000000,0,3.3648000,0.0360000,-0.0360000,0,12.08275922339268,0,0,0,0.1017841678008446,0,0,0,,,,,,,,,,,,,,,,,G8,5510.00,110.00,-110.00,0,1.050000,0.060000,-0.040000,0,1.110000,0.090000,-0.090000,0,0.2900,0.1200,-0.1200,0,[Fe/H],4.440000,0.020000,-0.040000,0,12h40m36.47s,190.1519558,-19d17m03.67s,-19.2843527,10.3930000,0.0230000,-0.0230000,B_derived_geometry,derived_orbsmax_st_rad,derived_rade_st_rad,1683,-1,0
TOI-2458 b,3.73659000000,0.00044000000,-0.00047000000,0,0.0482000000,0.0025000000,-0.0027000000,0,0.25247612,0.01784284,-0.01605855,0,0.04187794,0.00311489,-0.00302050,0,3.230000,0.760000,-0.640000,0,0.087000,0.062000,-0.056000,0,84.03000,0.45000,-0.52000,0,2459177.40460000,0.00260000,-0.00280000,0,0.847000,0.034000,-0.042000,0,0.03918000,0.00553000,-0.00463000,0,2.1300000,0.1300000,-0.1400000,0,7.91187015520641,0,0,0,0.01980000,0.00140000,-0.00120000,0,,,,,-26.0000,57.8000,-41.8000,0,,,,,,,,,F9-F9.5,6005.00,50.00,-50.00,0,1.310000,0.030000,-0.030000,0,1.050000,0.030000,-0.030000,0,-0.1000,0.0500,-0.0500,0,[Fe/H],4.200000,0.050000,-0.050000,0,05h18m29.17s,79.6215290,+01d15m12.38s,1.2534390,7.8910000,0.0230000,-0.0230000,B_derived_geometry,derived_orbsmax_st_rad,archive,1689,-1,0
Kepler-35 b,131.45800000000,0.07700000000,-0.10500000000,0,0.6034700000,0.0010100000,-0.0010300000,0,0.72800000,0.01400000,-0.01400000,0,0.12700000,0.02000000,-0.02000000,0,0.410000,0.070000,-0.069000,0,0.042000,0.007000,-0.004000,0,90.76000,0.12000,-0.09000,0,2454965.85000000,,,0,,,,,,,,,,,,,126.1818893256567,0,0,0,0.07274403910402105,0,0,0,,,,,,,,,,,,,,,,,,5606.00,150.00,-150.00,0,1.028400,0.002000,-0.001900,0,0.887700,0.005100,-0.005300,0,-0.3400,0.2000,-0.2000,0,[M/H],4.362300,0.002000,-0.002000,0,19h37m59.27s,294.4969550,+46d41m22.82s,46.6896733,13.8750000,0.0600000,-0.0600000,B_derived_geometry,derived_orbsmax_st_rad,derived_rade_st_rad,1696,-1,0
HD 118203 b,6.13497790000,0.00000200000,-0.00000200000,0,0.0713000000,0.0020000000,-0.0020000000,0,1.14000000,0.02900000,-0.02900000,0,2.14000000,0.12000000,-0.12000000,0,1.790000,0.210000,-0.180000,0,0.313600,0.007500,-0.007500,0,88.48000,0.73000,-0.93000,0,2458731.06419000,0.00080000,-0.00080000,0,0.155000,0.090000,-0.074000,0,,,,,5.6430000,0.0160000,-0.0140000,0,7.515584656524533,0,0,0,0.05573000,0.00025000,-0.00021000,0,,,,,155.5000,1.9000,-2.0000,0,-11.700,7.600,-10.000,0,,,,,,5742.00,93.00,-95.00,0,2.040000,0.030000,-0.030000,0,1.270000,0.028000,-0.032000,0,0.2870,0.0690,-0.1110,0,[Fe/H],3.920000,0.020000,-0.020000,0,13h34m02.39s,203.5099560,+53d43m41.48s,53.7281876,6.5430000,0.0230000,-0.0230000,B_derived_geometry,derived_orbsmax_st_rad,archive,1748,-1,0
WASP-90 b,3.91624300000,0.00000300000,-0.00000300000,0,0.0562000000,0.0012000000,-0.0012000000,0,1.63000000,0.09000000,-0.09000000,0,0.63000000,0.07000000,-0.07000000,0,0.193000,0.036000,-0.036000,0,0.000000,,,0,82.10000,0.40000,-0.40000,0,2456235.56390000,0.00050000,-0.00050000,0,0.841000,0.013000,-0.013000,0,0.71000000,0.02000000,-0.02000000,0,3.3552000,0.0528000,-0.0528000,0,6.103437953881201,0,0,0,0.08459770939740947,0,0,0,,,,,,,,,,,,,,,,,F6,6430.00,130.00,-130.00,0,1.980000,0.090000,-0.090000,0,1.550000,0.100000,-0.100000,0,0.1100,0.1400,-0.1400,0,[Fe/H],4.033000,0.029000,-0.029000,0,21h02m07.67s,315.5319489,+07d03m22.61s,7.0562793,10.2480000,0.0230000,-0.0230000,B_derived_geometry,derived_orbsmax_st_rad,derived_rade_st_rad,1752,-1,0
TOI-2096 c,6.38784000000,0.00001200000,-0.00001200000,0,0.0400000000,0.0020000000,-0.0020000000,0,0.17075594,0.00847535,-0.00847535,0,,,,,,,,,0.100000,0.170000,-0.060000,0,89.56000,0.26000,-0.23000,0,2459147.45983000,0.00034000,-0.00034000,0,0.280000,0.150000,-0.160000,0,0.63600000,0.01800000,-0.01800000,0,1.3540000,0.0180000,-0.0160000,0,36.60121798647619,0,0,0,0.07470000,0.00120000,-0.00110000,0,,,,,200.0000,140.0000,-140.0000,0,,,,,,,,,M4,3300.00,50.00,-50.00,0,0.235000,0.011000,-0.011000,0,0.231000,0.012000,-0.012000,0,-0.0300,0.2000,-0.2000,0,[Fe/H],5.050000,0.050000,-0.050000,0,10h06m28.49s,151.6186989,+74d49m37.96s,74.8272107,11.0210000,0.0170000,-0.0170000,B_derived_geometry,derived_orbsmax_st_rad,archive,1760,-1,0
TOI-2322 c,20.22552800000,0.00003900000,-0.00004400000,0,0.1362000000,0.0090000000,-0.0143000000,0,0.16718737,0.00588814,-0.00508521,0,0.05694897,0.01365517,-0.01686445,0,14.690000,4.600000,-4.260000,0,0.000000,,,0,88.98000,0.11000,-0.18000,0,2459037.41610000,0.00140000,-0.00130000,0,0.787000,0.046000,-0.041000,0,,,,,2.3070000,0.0660000,-0.0590000,0,44.24075468629695,0,0,0,0.02595260267321878,0,0,0,,,,,90.0000,,,0,,,,,,,,,K4,4664.00,14.00,-14.00,0,0.662000,0.004000,-0.004000,0,0.703000,0.014000,-0.017000,0,-0.1200,0.0200,-0.0200,0,[Fe/H],4.570000,0.040000,-0.040000,0,07h47m53.54s,116.9731027,-71d00m07.08s,-71.0019671,8.3690000,0.0210000,-0.0210000,B_derived_geometry,derived_orbsmax_st_rad,derived_rade_st_rad,1763,-1,0
TOI-4438 b,7.44628000000,0.00000900000,-0.00000900000,0,0.0534000000,0.0037000000,-0.0037000000,0,0.22481973,0.01159784,-0.01159784,0,0.01699030,0.00346099,-0.00346099,0,1.850000,0.510000,-0.440000,0,0.140000,0.090000,-0.090000,0,89.34000,0.39000,-0.21000,0,2459396.41168000,0.00065000,-0.00065000,0,0.390000,0.160000,-0.240000,0,,,,,2.0210000,0.0330000,-0.0250000,0,30.86751912044958,0,0,0,0.06200000,0.00100000,-0.00100000,0,,,,,-70.0000,36.0000,-32.0000,0,,,,,,,,,M3.5 V,3422.00,81.00,-81.00,0,0.372000,0.018000,-0.018000,0,0.368000,0.021000,-0.021000,0,-0.1900,0.0500,-0.0500,0,[Fe/H],4.680000,0.040000,-0.040000,0,18h01m16.14s,270.3172389,+35d35m41.64s,35.5948992,8.8690000,0.0180000,-0.0180000,B_derived_geometry,derived_orbsmax_st_rad,archive,1765,-1,0
TOI-4010 c,5.41465400000,0.00000700000,-0.00000700000,0,0.0580000000,0.0010000000,-0.0010000000,0,0.52904008,0.00981356,-0.01070570,0,0.06390241,0.00670173,-0.00663880,0,0.500000,0.100000,-0.100000,0,0.030000,0.030000,-0.020000,0,88.80000,0.60000,-0.30000,0,2459000.05230000,0.00080000,-0.00080000,0,0.310000,0.090000,-0.150000,0,,,,,2.7700000,0.0400000,-0.0400000,0,15.02634340830333,0,0,0,0.06500000,0.00100000,-0.00100000,0,,,,,57.0000,63.0000,-120.0000,0,,,,,,,,,K V,4960.00,36.00,-36.00,0,0.830000,0.010000,-0.010000,0,0.880000,0.030000,-0.030000,0,0.3700,0.0700,-0.0700,0,[Fe/H],4.540000,0.020000,-0.020000,0,01h20m51.56s,20.2148196,+66d04m19.92s,66.0722009,10.1570000,0.0210000,-0.0210000,B_derived_geometry,derived_orbsmax_st_rad,archive,1780,-1,0
NGTS-35 b,25.24119200000,0.00002200000,-0.00002200000,0,0.1600000000,0.0110000000,-0.0110000000,0,0.97243454,0.05798922,-0.05798922,0,0.47824548,0.06921974,-0.05978069,0,,,,,0.192000,0.037000,-0.033000,0,88.81600,0.09100,-0.12000,0,2459334.02963000,0.00053000,-0.00056000,0,0.812000,0.010000,-0.012000,0,,,,,2.9580000,0.0470000,-0.0470000,0,45.69076348909379,0,0,0,0.13170000,0.00230000,-0.00230000,0,,,,,38.0000,16.0000,-15.0000,0,,,,,,,,,K3.5 V,4717.00,18.00,-84.00,0,0.753000,0.051000,-0.033000,0,0.789000,0.035000,-0.048000,0,0.0850,0.0710,-0.1100,0,[Fe/H],4.570000,0.110000,-0.140000,0,11h21m06.32s,170.2763360,-26d03m59.82s,-26.0666162,10.5560000,0.0220000,-0.0220000,B_derived_geometry,derived_orbsmax_st_rad,archive,1901,-1,0
WASP-37 b,3.57746900000,0.00001100000,-0.00001100000,0,0.0446000000,0.0019000000,-0.0019000000,0,1.16000000,0.07000000,-0.06000000,0,1.80000000,0.17000000,-0.17000000,0,1.530000,0.160000,-0.200000,0,0.000000,,,0,88.82000,0.77000,-0.86000,0,2455338.61880000,0.00060000,-0.00060000,0,,,,,1.42700000,0.03000000,-0.02300000,0,3.1296000,0.0432000,-0.0408000,0,9.561748896217773,0,0,0,0.1188443526686005,0,0,0,,,,,,,,,,,,,,,,,,5800.00,150.00,-150.00,0,1.003000,0.053000,-0.053000,0,0.925000,0.120000,-0.120000,0,-0.4000,0.1200,-0.1200,0,[Fe/H],4.250000,0.150000,-0.150000,0,14h47m46.53s,221.9438866,+01d03m54.08s,1.0650227,11.0930000,0.0230000,-0.0230000,B_derived_geometry,derived_orbsmax_st_rad,derived_rade_st_rad,1929,-1,0
NGTS-20 b,54.18915000000,0.00015000000,-0.00015000000,0,0.3130000000,0.0130000000,-0.0130000000,0,1.07000000,0.04000000,-0.04000000,0,2.98000000,0.16000000,-0.15000000,0,,,,,0.432000,0.023000,-0.023000,0,88.40000,0.60000,-0.60000,0,2458432.97980000,0.00250000,-0.00250000,0,0.846000,0.014000,-0.015000,0,,,,,4.5500000,0.0900000,-0.0800000,0,37.81183411510192,0,0,0,0.06180000,0.00120000,-0.00120000,0,,,,,66.1000,3.2000,-3.2000,0,,,,,,,,,G1 IV,5980.00,80.00,-80.00,0,1.780000,0.050000,-0.050000,0,1.470000,0.090000,-0.090000,0,0.1500,0.0800,-0.0800,0,[Fe/H],3.800000,0.200000,-0.200000,0,03h05m10.23s,46.2926368,-21d56m01.13s,-21.9336472,9.8300000,0.0190000,-0.0190000,B_derived_geometry,derived_orbsmax_st_rad,archive,1942,-1,0
HD 152843 c,19.50210400000,0.00007400000,-0.00008500000,0,0.1482000000,0.0041000000,-0.0042000000,0,0.52993222,0.01605855,-0.01427427,0,0.03042522,0.00619831,-0.00604100,0,0.253000,0.059000,-0.057000,0,0.074000,0.072000,-0.050000,0,89.21000,0.53000,-0.40000,0,2459002.77150000,0.00160000,-0.00150000,0,0.300000,0.180000,-0.210000,0,,,,,6.5000000,0.1600000,-0.1100000,0,22.28515067858403,0,0,0,0.03804000,0.00103000,-0.00087000,0,,,,,,,,,,,,,,,,,,6310.00,100.00,-100.00,0,1.430000,0.020000,-0.020000,0,1.150000,0.040000,-0.040000,0,-0.1600,0.0500,-0.0500,0,[Fe/H],4.190000,0.030000,-0.030000,0,16h55m08.37s,253.7848853,+20d29m29.49s,20.4915240,7.6290000,0.0200000,-0.0200000,B_derived_geometry,derived_orbsmax_st_rad,archive,1991,-1,0
TOI-269 b,3.69771040000,0.00000370000,-0.00000370000,0,0.0345000000,0.0015000000,-0.0015000000,0,0.24712327,0.01070570,-0.01070570,0,0.02768790,0.00440489,-0.00440489,0,2.280000,0.480000,-0.420000,0,0.425000,0.082000,-0.086000,0,88.14000,0.78000,-0.90000,0,2458381.84668000,0.00033000,-0.00033000,0,0.550000,0.120000,-0.220000,0,,,,,,,,,18.63972203676858,0,0,0,0.06380000,0.00200000,-0.00210000,0,,,,,74.0000,15.0000,-15.0000,0,,,,,,,,,M2 V,3514.00,70.00,-70.00,0,0.398000,0.012000,-0.012000,0,0.391700,0.009500,-0.009500,0,-0.2900,0.1200,-0.1200,0,[Fe/H],4.831000,0.029000,-0.029000,0,05h03m23.11s,75.8462827,-54d10m39.80s,-54.1777213,10.1000000,0.0230000,-0.0230000,B_derived_geometry,derived_orbsmax_st_rad,archive,1998,-1,0
WASP-142 b,2.05286800000,0.00000200000,-0.00000200000,0,0.0347000000,0.0007000000,-0.0007000000,0,1.53000000,0.08000000,-0.08000000,0,0.84000000,0.09000000,-0.09000000,0,0.310000,0.070000,-0.070000,0,0.000000,,,0,80.20000,0.60000,-0.60000,0,2457007.77790000,0.00040000,-0.00040000,0,0.770000,0.020000,-0.020000,0,0.91600000,0.02600000,-0.02600000,0,2.6808000,0.0384000,-0.0384000,0,4.549765732785368,0,0,0,0.09587023075284763,0,0,0,,,,,,,,,,,,,,,,,F8,6010.00,140.00,-140.00,0,1.640000,0.080000,-0.080000,0,1.330000,0.080000,-0.080000,0,0.2600,0.1200,-0.1200,0,[Fe/H],4.130000,0.040000,-0.040000,0,09h22m01.52s,140.5063164,-23d56m45.97s,-23.9461020,11.4420000,0.0290000,-0.0290000,B_derived_geometry,derived_orbsmax_st_rad,derived_rade_st_rad,2007,-1,0
TOI-2322 b,11.30717000000,0.00008500000,-0.00007900000,0,0.0924000000,0.0061000000,-0.0097000000,0,0.08867889,0.00508521,-0.00526364,0,0.00726807,0.00840076,-0.00484538,0,12.750000,15.980000,-8.430000,0,0.000000,,,0,89.57000,0.30000,-0.52000,0,2460160.44690000,0.00400000,-0.00420000,0,0.230000,0.230000,-0.160000,0,,,,,2.8000000,0.1800000,-0.1500000,0,30.0135516373997,0,0,0,0.01376568146060804,0,0,0,,,,,90.0000,,,0,,,,,,,,,K4,4664.00,14.00,-14.00,0,0.662000,0.004000,-0.004000,0,0.703000,0.014000,-0.017000,0,-0.1200,0.0200,-0.0200,0,[Fe/H],4.570000,0.040000,-0.040000,0,07h47m53.54s,116.9731027,-71d00m07.08s,-71.0019671,8.3690000,0.0210000,-0.0210000,B_derived_geometry,derived_orbsmax_st_rad,derived_rade_st_rad,2027,-1,0
WASP-89 b,3.35642270000,0.00000250000,-0.00000250000,0,0.0427000000,0.0012000000,-0.0012000000,0,1.04000000,0.04000000,-0.04000000,0,5.90000000,0.40000000,-0.40000000,0,7.000000,0.440000,-0.440000,0,0.193000,0.009000,-0.009000,0,89.40000,0.50000,-0.50000,0,2456207.02114000,0.00012000,-0.00012000,0,0.100000,0.080000,-0.080000,0,1.49000000,0.02000000,-0.02000000,0,2.4600000,0.0096000,-0.0096000,0,10.43394664446862,0,0,0,0.1214470183987351,0,0,0,,,,,28.0000,4.0000,-4.0000,0,,,,,,,,,K3,5130.00,90.00,-90.00,0,0.880000,0.030000,-0.030000,0,0.920000,0.080000,-0.080000,0,0.1500,0.1400,-0.1400,0,[Fe/H],4.515000,0.018000,-0.018000,0,20h55m36.01s,313.9000261,-18d58m17.07s,-18.9714084,11.0040000,0.0210000,-0.0210000,B_derived_geometry,derived_orbsmax_st_rad,derived_rade_st_rad,2032,-1,0
WASP-132 b,7.13351640000,0.00000190000,-0.00000190000,0,0.0674000000,0.0029000000,-0.0029000000,0,0.90100000,0.03800000,-0.03800000,0,0.42800000,0.01500000,-0.01500000,0,0.730000,0.100000,-0.090000,0,0.016300,0.006700,-0.006900,0,89.46000,0.13000,-0.11000,0,2459337.60808000,0.00014000,-0.00016000,0,0.180000,0.037000,-0.042000,0,,,,,11.0400000,0.1800000,-0.1800000,0,19.12027347255265,0,0,0,0.12219000,0.00050000,-0.00052000,0,,,,,318.0000,31.0000,-298.0000,0,,,,,,,,,K4 V,4686.00,99.00,-99.00,0,0.758000,0.032000,-0.032000,0,0.789000,0.039000,-0.039000,0,0.1500,0.0500,-0.0500,0,[Fe/H],4.560000,0.030000,-0.030000,0,14h30m26.21s,217.6091998,-46d09m34.26s,-46.1595160,9.6740000,0.0240000,-0.0240000,B_derived_geometry,derived_orbsmax_st_rad,archive,2064,-1,0
TOI-5542 b,75.12375000000,0.00019000000,-0.00018000000,0,0.3320000000,0.0160000000,-0.0160000000,0,1.00900000,0.03600000,-0.03500000,0,1.32000000,0.10000000,-0.10000000,0,1.600000,0.220000,-0.190000,0,0.018000,0.026000,-0.013000,0,89.64300,0.06900,-0.06100,0,2458679.34760000,0.00150000,-0.00150000,0,0.419000,0.058000,-0.075000,0,,,,,,,,,67.47700915181646,0,0,0,0.09800000,0.00100000,-0.00100000,0,,,,,125.6000,171.4000,-82.7000,0,,,,,,,,,G3 V,5700.00,80.00,-80.00,0,1.058000,0.036000,-0.036000,0,0.890000,0.056000,-0.031000,0,-0.2100,0.0800,-0.0800,0,[Fe/H],4.200000,0.200000,-0.200000,0,20h11m11.62s,302.7984228,-61d08m07.68s,-61.1354659,10.8970000,0.0210000,-0.0210000,B_derived_geometry,derived_orbsmax_st_rad,archive,2069,-1,0
WTS-2 b,1.01870680000,0.00000065000,-0.00000065000,0,0.0185500000,0.0006200000,-0.0006200000,0,1.36300000,0.06100000,-0.06100000,0,1.12000000,0.16000000,-0.16000000,0,0.540000,0.110000,-0.110000,0,0.000000,,,0,83.55000,0.53000,-0.53000,0,2454317.81333000,0.00065000,-0.00065000,0,0.584000,0.033000,-0.033000,0,,,,,,,,,5.304317137883856,0,0,0,0.18630000,0.00210000,-0.00210000,0,,,,,,,,,,,,,,,,,K2 V,5000.00,250.00,-250.00,0,0.752000,0.032000,-0.032000,0,0.820000,0.082000,-0.082000,0,0.2000,0.3000,-0.2000,0,[Fe/H],4.600000,0.023000,-0.023000,0,19h34m55.87s,293.7327826,+36d48m55.78s,36.8154936,13.4140000,0.0390000,-0.0390000,B_derived_geometry,derived_orbsmax_st_rad,archive,2089,-1,0
TOI-5300 b,2.26219600000,0.00000300000,-0.00000300000,0,0.0295000000,0.0003000000,-0.0003000000,0,0.88000000,0.08000000,-0.08000000,0,0.60000000,0.10000000,-0.10000000,0,1.100000,0.400000,-0.300000,0,0.000000,,,0,89.20000,0.50000,-0.60000,0,2459470.41740000,0.00020000,-0.00020000,0,0.130000,0.110000,-0.090000,0,,,,,2.3600000,0.0200000,-0.0200000,0,9.759151680432547,0,0,0,0.13890000,0.00110000,-0.00100000,0,,,,,,,,,,,,,,,,,K4 V,4610.00,207.00,-207.00,0,0.650000,0.060000,-0.060000,0,0.670000,0.020000,-0.020000,0,-0.1700,0.0700,-0.0700,0,[Fe/H],4.640000,0.080000,-0.080000,0,23h45m55.47s,356.4811370,+00d27m31.67s,0.4587978,10.5680000,0.0210000,-0.0210000,B_derived_geometry,derived_orbsmax_st_rad,archive,2117,-1,0
TOI-2180 b,260.79000000000,0.59000000000,-0.58000000000,0,0.8280000000,0.0120000000,-0.0120000000,0,1.01000000,0.02200000,-0.01900000,0,2.75500000,0.08700000,-0.08100000,0,3.320000,0.140000,-0.160000,0,0.368300,0.007300,-0.007300,0,89.95500,0.03200,-0.04400,0,2458830.76520000,0.00100000,-0.00100000,0,0.100000,0.095000,-0.070000,0,,,,,24.0960000,0.0770000,-0.0740000,0,108.8304553149226,0,0,0,0.06344151079283658,0,0,0,2458760.70000000,1.30000000,-1.30000000,0,-43.8000,1.3000,-1.3000,0,,,,,,,,,G5,5695.00,58.00,-60.00,0,1.636000,0.033000,-0.029000,0,1.111000,0.047000,-0.046000,0,0.2530,0.0570,-0.0570,0,[Fe/H],4.057000,0.015000,-0.016000,0,18h31m46.47s,277.9436300,+56d39m02.44s,56.6506789,7.6040000,0.0160000,-0.0160000,B_derived_geometry,derived_orbsmax_st_rad,derived_rade_st_rad,2128,-1,0
HD 183579 b,17.47129100000,0.00002700000,-0.00002800000,0,0.1322000000,0.0021000000,-0.0022000000,0,0.31135748,0.00624499,-0.00570971,0,0.06418558,0.00818051,-0.00786588,0,2.650000,0.370000,-0.350000,0,0.061000,0.061000,-0.042000,0,89.11000,0.20000,-0.13000,0,2458661.06263000,0.00097000,-0.00096000,0,0.480000,0.110000,-0.120000,0,0.11060000,0.00420000,-0.00350000,0,4.3060000,0.0310000,-0.0290000,0,29.611719770465,0,0,0,0.03326000,0.00063000,-0.00053000,0,,,,,270.0000,70.0000,-61.0000,0,,,,,,,,,,5784.00,61.00,-61.00,0,0.960000,0.006000,-0.006000,0,0.996000,0.049000,-0.049000,0,-0.0380,0.0400,-0.0400,0,[Fe/H],4.450000,0.100000,-0.100000,0,19h33m08.79s,293.2866147,-54d31m57.82s,-54.5327284,7.1500000,0.0270000,-0.0270000,B_derived_geometry,derived_orbsmax_st_rad,archive,2139,-1,0
Kepler-10 c,45.29430100000,0.00004800000,-0.00004800000,0,0.2410000000,0.0019000000,-0.0019000000,0,0.21009939,0.00196271,-0.00196271,0,0.03552231,0.00390148,-0.00390148,0,4.750000,0.530000,-0.530000,0,0.136000,0.050000,-0.050000,0,89.62300,0.01100,-0.01100,0,2455062.26648000,0.00081000,-0.00081000,0,,,,,,,,,,,,,48.65985870103472,0,0,0,0.02027265475850648,0,0,0,,,,,330.0000,31.0000,-23.0000,0,,,,,,,,,,5708.00,28.00,-28.00,0,1.065000,0.009000,-0.009000,0,0.910000,0.021000,-0.021000,0,-0.1500,0.0400,-0.0400,0,[Fe/H],4.344000,0.004000,-0.004000,0,19h02m43.03s,285.6792980,+50d14m29.34s,50.2414842,9.4960000,0.0210000,-0.0210000,B_derived_geometry,derived_orbsmax_st_rad,derived_rade_st_rad,2145,-1,0
WASP-176 b,3.89905200000,0.00000500000,-0.00000500000,0,0.0535000000,0.0010000000,-0.0019000000,0,1.50500000,0.05000000,-0.04500000,0,0.85500000,0.07200000,-0.06900000,0,0.310000,0.042000,-0.042000,0,0.000000,,,0,86.70000,1.30000,-1.10000,0,2458234.17710000,0.00070000,-0.00070000,0,0.347000,0.098000,-0.120000,0,0.64000000,0.02000000,-0.02000000,0,5.1528000,0.0504000,-0.0456000,0,5.976218352402233,0,0,0,0.08034187370993244,0,0,0,,,,,,,,,,,,,,,,,F9,5941.00,77.00,-79.00,0,1.925000,0.047000,-0.044000,0,1.345000,0.080000,-0.130000,0,0.1640,0.0810,-0.0820,0,[Fe/H],3.995000,0.037000,-0.053000,0,20h54m44.95s,313.6872928,+09d10m44.65s,9.1790688,10.6480000,0.0200000,-0.0200000,B_derived_geometry,derived_orbsmax_st_rad,derived_rade_st_rad,2154,-1,0
TOI-700 c,16.05113700000,0.00002000000,-0.00002000000,0,0.0929000000,0.0015000000,-0.0015000000,0,0.23195686,0.01248998,-0.01159784,0,,,,,,,,,0.068000,0.070000,-0.049000,0,88.90300,0.07100,-0.08700,0,2458821.62181000,0.00041000,-0.00042000,0,0.899000,0.014000,-0.017000,0,,,,,1.4200000,0.0400000,-0.0400000,0,47.45008850782393,0,0,0,0.05650000,0.00170000,-0.00160000,0,,,,,30.0000,120.0000,-120.0000,0,,,,,,,,,M2.5 V,3459.00,65.00,-65.00,0,0.421000,0.017000,-0.015000,0,0.415000,0.021000,-0.020000,0,-0.0700,0.1100,-0.1100,0,[Fe/H],4.809000,0.034000,-0.037000,0,06h28m22.97s,97.0957165,-65d34m43.01s,-65.5786149,8.6340000,0.0230000,-0.0230000,B_derived_geometry,derived_orbsmax_st_rad,archive,2195,-1,0
TOI-776 b,8.24662000000,0.00002400000,-0.00003100000,0,0.0653000000,0.0014000000,-0.0016000000,0,0.16040709,0.00695871,-0.00686949,0,0.01573176,0.00503416,-0.00503416,0,4.800000,1.800000,-1.600000,0,0.052000,0.037000,-0.035000,0,89.41000,0.39000,-0.36000,0,2459288.87130000,0.00100000,-0.00110000,0,0.260000,0.160000,-0.170000,0,0.09090000,0.00550000,-0.00550000,0,2.3820000,0.0500000,-0.0480000,0,25.67020066780029,0,0,0,0.03013503372374411,0,0,0,,,,,45.0000,94.0000,-110.0000,0,,,,,,,,,,3725.00,60.00,-60.00,0,0.547000,0.017000,-0.017000,0,0.542000,0.040000,-0.039000,0,-0.2100,0.0800,-0.0800,0,[Fe/H],4.800000,0.100000,-0.100000,0,11h54m18.72s,178.5779970,-37d33m12.08s,-37.5533568,7.6150000,0.0200000,-0.0200000,B_derived_geometry,derived_orbsmax_st_rad,derived_rade_st_rad,2204,-1,0
CoRoT-5 b,4.03789620000,0.00000190000,-0.00000190000,0,0.0494700000,0.0002600000,-0.0002900000,0,1.38800000,0.04600000,-0.04700000,0,0.46700000,0.04700000,-0.02400000,0,0.217000,0.031000,-0.025000,0,0.090000,0.090000,-0.040000,0,85.83000,0.99000,-1.38000,0,2454400.19885000,0.00020000,-0.00020000,0,0.755000,0.017000,-0.022000,0,1.46100000,0.03000000,-0.03200000,0,,,,,8.969342951957834,0,0,0,0.1202647627524512,0,0,0,,,,,-128.3400,289.3400,-48.1300,0,,,,,,,,,F9 V,6100.00,65.00,-65.00,0,1.186000,0.040000,-0.040000,0,1.000000,0.020000,-0.020000,0,-0.2500,0.0600,-0.0600,0,[M/H],4.190000,0.030000,-0.030000,0,06h45m06.54s,101.2772396,+00d48m54.78s,0.8152163,12.5460000,0.0260000,-0.0260000,B_derived_geometry,derived_orbsmax_st_rad,derived_rade_st_rad,2221,-1,0
TOI-2989 b,3.12283200000,0.00000100000,-0.00000100000,0,0.0384000000,0.0003000000,-0.0003000000,0,1.12000000,0.05000000,-0.05000000,0,3.00000000,0.20000000,-0.20000000,0,2.700000,0.400000,-0.400000,0,0.000000,,,0,88.10000,0.40000,-0.30000,0,2459302.22420000,0.00020000,-0.00020000,0,0.360000,0.050000,-0.070000,0,,,,,2.6800000,0.0200000,-0.0200000,0,10.86478260230135,0,0,0,0.15200000,0.00200000,-0.00100000,0,,,,,,,,,,,,,,,,,K4 V,4672.00,170.00,-170.00,0,0.760000,0.030000,-0.030000,0,0.770000,0.020000,-0.020000,0,-0.0400,0.0700,-0.0700,0,[Fe/H],4.580000,0.040000,-0.040000,0,11h24m55.60s,171.2316754,-27d03m44.50s,-27.0623619,10.8610000,0.0210000,-0.0210000,B_derived_geometry,derived_orbsmax_st_rad,archive,2231,-1,0
TOI-1064 c,12.22657400000,0.00004600000,-0.00004300000,0,0.0942900000,0.0013200000,-0.0013600000,0,0.23650679,0.00383621,-0.00374700,0,0.00786588,0.00566343,-0.00629270,0,0.771906,0.496225,-0.606498,0,0.088000,0.081000,-0.064000,0,88.45500,0.05800,-0.05600,0,2459043.51289000,0.00069000,-0.00067000,0,0.753000,0.024000,-0.026000,0,,,,,2.3700000,0.1000000,-0.1000000,0,27.92752335836906,0,0,0,0.03347000,0.00042000,-0.00041000,0,,,,,25.0000,22.0000,-16.0000,0,,,,,,,,,,4734.00,67.00,-67.00,0,0.726000,0.007000,-0.007000,0,0.748000,0.032000,-0.032000,0,0.0500,0.0800,-0.0800,0,[Fe/H],4.600000,0.060000,-0.060000,0,19h44m00.94s,296.0039349,-47d33m43.31s,-47.5620305,8.4670000,0.0340000,-0.0340000,B_derived_geometry,derived_orbsmax_st_rad,archive,2241,-1,0
XO-5 b,4.18775580000,0.00000060000,-0.00000060000,0,0.0515000000,0.0005000000,-0.0005000000,0,1.14000000,0.03000000,-0.03000000,0,1.19000000,0.03000000,-0.03000000,0,1.060000,0.080000,-0.080000,0,0.000000,,,0,86.80000,0.20000,-0.20000,0,2456864.31290000,0.00020000,-0.00020000,0,0.550000,0.030000,-0.030000,0,1.08000000,0.01000000,-0.01000000,0,3.1176000,0.0168000,-0.0168000,0,9.800138068170977,0,0,0,0.10390000,0.00070000,-0.00070000,0,,,,,,,,,,,,,,,,,,5430.00,70.00,-70.00,0,1.130000,0.030000,-0.030000,0,1.040000,0.030000,-0.030000,0,0.0500,0.0600,-0.0600,0,[Fe/H],4.350000,0.020000,-0.020000,0,07h46m51.93s,116.7163868,+39d05m40.09s,39.0944695,10.3450000,0.0180000,-0.0180000,B_derived_geometry,derived_orbsmax_st_rad,archive,2252,-1,0
TOI-757 b,17.46819000000,0.00002000000,-0.00002000000,0,0.1220000000,0.0020000000,-0.0020000000,0,0.22303545,0.00892142,-0.00892142,0,0.03303669,0.00692197,-0.00660734,0,3.600000,0.800000,-0.800000,0,0.390000,0.080000,-0.070000,0,89.50000,0.40000,-0.30000,0,2459305.53220000,0.00060000,-0.00060000,0,0.300000,0.200000,-0.200000,0,,,,,3.7200000,0.0500000,-0.0500000,0,33.63323460488053,0,0,0,0.02990000,0.00090000,-0.00060000,0,,,,,-36.0000,14.0000,-10.0000,0,,,,,,,,,K0 V,5278.00,63.00,-63.00,0,0.780000,0.030000,-0.030000,0,0.800000,0.050000,-0.050000,0,-0.2700,0.0400,-0.0400,0,[Fe/H],4.500000,0.100000,-0.100000,0,12h31m58.76s,187.9948428,-35d33m16.03s,-35.5544523,7.8740000,0.0210000,-0.0210000,B_derived_geometry,derived_orbsmax_st_rad,archive,2255,-1,0
TOI-431 d,12.46103000000,0.00002000000,-0.00002000000,0,0.0980000000,0.0020000000,-0.0020000000,0,0.29351465,0.00802928,-0.00802928,0,0.03114888,0.00481392,-0.00468806,0,1.360000,0.250000,-0.250000,9,0.000000,,,0,89.70000,0.20000,-0.20000,0,2458627.54530000,0.00030000,-0.00030000,0,0.150000,0.120000,-0.100000,0,,,,,,,,,28.82784029509394,0,0,0,0.04126176884504717,0,0,0,,,,,0.0000,,,0,,,,,,,,,,4850.00,75.00,-75.00,0,0.731000,0.022000,-0.022000,0,0.780000,0.070000,-0.070000,0,0.2000,0.0500,-0.0500,0,[Fe/H],4.600000,0.060000,-0.060000,0,05h33m04.62s,83.2692502,-26d43m25.93s,-26.7238698,6.7230000,0.0210000,-0.0210000,B_derived_geometry,derived_orbsmax_st_rad,derived_rade_st_rad,2264,-1,0
TOI-1064 b,6.44386800000,0.00002500000,-0.00002500000,0,0.0615200000,0.0008600000,-0.0008900000,0,0.23079708,0.00383621,-0.00374700,0,0.04247575,0.00534880,-0.00566343,0,4.300620,0.551362,-0.606498,0,0.047000,0.038000,-0.030000,0,87.70900,0.08300,-0.09700,0,2459036.85340000,0.00060000,-0.00053000,0,0.728000,0.029000,-0.023000,0,0.10670000,0.00290000,-0.00270000,0,1.9800000,0.0700000,-0.0800000,0,18.22145759896982,0,0,0,0.03267000,0.00044000,-0.00041000,0,,,,,120.0000,49.0000,-89.0000,0,,,,,,,,,,4734.00,67.00,-67.00,0,0.726000,0.007000,-0.007000,0,0.748000,0.032000,-0.032000,0,0.0500,0.0800,-0.0800,0,[Fe/H],4.600000,0.060000,-0.060000,0,19h44m00.94s,296.0039349,-47d33m43.31s,-47.5620305,8.4670000,0.0340000,-0.0340000,B_derived_geometry,derived_orbsmax_st_rad,archive,2267,-1,0
TOI-431 b,0.49004700000,0.00001000000,-0.00000700000,0,0.0113000000,0.0002000000,-0.0003000000,0,0.11419415,0.00356857,-0.00356857,0,0.00965930,0.00110122,-0.00110122,0,8.000000,1.000000,-1.000000,0,0.000000,,,0,84.30000,1.10000,-1.30000,0,2458627.53800000,0.00300000,-0.00200000,0,0.340000,0.070000,-0.060000,0,,,,,,,,,3.32402648300573,0,0,0,0.01605321097922808,0,0,0,,,,,0.0000,,,0,,,,,,,,,,4850.00,75.00,-75.00,0,0.731000,0.022000,-0.022000,0,0.780000,0.070000,-0.070000,0,0.2000,0.0500,-0.0500,0,[Fe/H],4.600000,0.060000,-0.060000,0,05h33m04.62s,83.2692502,-26d43m25.93s,-26.7238698,6.7230000,0.0210000,-0.0210000,B_derived_geometry,derived_orbsmax_st_rad,derived_rade_st_rad,2274,-1,0
TOI-2537 b,94.10220000000,0.00110000000,-0.00110000000,0,0.3715000000,0.0077000000,-0.0080000000,0,1.00400000,0.05900000,-0.06100000,0,1.30700000,0.09100000,-0.08800000,0,1.600000,0.350000,-0.260000,0,0.364000,0.039000,-0.039000,0,89.59200,0.09700,-0.07500,0,2458440.32900000,0.01400000,-0.01400000,0,0.480000,0.064000,-0.110000,0,1.79100000,0.04900000,-0.05700000,0,4.9370000,0.0740000,-0.0860000,0,103.6114731927477,0,0,0,0.13380000,0.00180000,-0.00210000,0,,,,,75.2000,6.8000,-7.1000,0,,,,,,,,,,4870.00,150.00,-150.00,0,0.771000,0.039000,-0.040000,0,0.771000,0.049000,-0.049000,0,0.0800,0.0790,-0.0800,0,[Fe/H],4.551000,0.049000,-0.048000,0,03h37m33.18s,54.3882661,+10d03m27.89s,10.0577464,10.3870000,0.0210000,-0.0210000,B_derived_geometry,derived_orbsmax_st_rad,archive,2275,-1,0
TOI-4551 b,9.95581000000,0.00007600000,-0.00007800000,0,0.0994000000,0.0030000000,-0.0032000000,0,1.05800000,0.11000000,-0.06200000,0,1.49000000,0.13000000,-0.13000000,0,1.740000,0.190000,-0.180000,0,0.101000,0.034000,-0.033000,0,86.90000,1.90000,-1.70000,0,2458575.65970000,0.00510000,-0.00440000,0,0.310000,0.170000,-0.190000,0,,,,,,,,,6.020900358775334,0,0,0,0.03080000,0.00110000,-0.00100000,0,,,,,2.3700,0.4800,-5.1000,0,,,,,,,,,,4896.00,110.00,-110.00,0,3.550000,0.180000,-0.150000,0,1.310000,0.070000,-0.180000,0,0.2300,0.0600,-0.0600,0,[Fe/H],3.480000,0.100000,-0.100000,0,12h19m54.90s,184.9787579,-25d49m40.27s,-25.8278531,7.5240000,0.0260000,-0.0260000,B_derived_geometry,derived_orbsmax_st_rad,archive,2289,-1,0
WASP-31 b,3.40590960000,0.00000500000,-0.00000500000,0,0.0465900000,0.0003500000,-0.0003500000,0,1.54900000,0.05000000,-0.05000000,0,0.47800000,0.02900000,-0.02900000,0,0.172000,0.019000,-0.019000,0,0.000000,,,0,84.41000,0.22000,-0.22000,0,2455192.68870000,0.00030000,-0.00030000,0,,,,,1.61500000,0.02700000,-0.02700000,0,2.6472000,0.0312000,-0.0312000,0,8.001875505344101,0,0,0,0.1271422102959255,0,0,0,,,,,,,,,,,,,,,,,,6302.00,102.00,-102.00,0,1.252000,0.033000,-0.033000,0,1.163000,0.026000,-0.026000,0,-0.2000,0.0900,-0.0900,0,[Fe/H],4.308000,0.020000,-0.020000,0,11h17m45.33s,169.4388603,-19d03m17.20s,-19.0547781,10.6500000,0.0270000,-0.0270000,B_derived_geometry,derived_orbsmax_st_rad,derived_rade_st_rad,2349,-1,0
Kepler-30 d,143.34394000000,0.00858000000,-0.00858000000,0,0.5000000000,,,0,0.78500000,0.04500000,-0.04500000,0,0.07300000,0.00800000,-0.00800000,0,0.190000,0.020000,-0.020000,0,0.022000,0.005000,-0.005000,0,89.84060,0.02020,-0.02020,0,2455273.53020000,0.00969000,-0.00969000,0,0.380000,0.080000,-0.140000,0,0.83000000,0.04000000,-0.04000000,0,,,,,113.1748187739724,0,0,0,0.08492359834471908,0,0,0,,,,,-163.0000,7.0000,-7.0000,0,4.000,10.000,-10.000,0,,,,,,5498.00,54.00,-54.00,0,0.950000,0.120000,-0.120000,0,0.990000,0.080000,-0.080000,0,0.1800,0.2700,-0.2700,0,[Fe/H],4.770000,0.230000,-0.230000,0,19h01m08.08s,285.2836483,+38d56m50.15s,38.9472625,13.5810000,0.0480000,-0.0480000,B_derived_geometry,derived_orbsmax_st_rad,derived_rade_st_rad,2363,-1,0
TOI-908 b,3.18379200000,0.00000700000,-0.00000700000,0,0.0416570000,0.0000020000,-0.0000020000,0,0.28423637,0.01382820,-0.01382820,0,0.05077268,0.01293780,-0.01270812,0,2.742000,0.241000,-0.353000,0,0.132000,0.091000,-0.091000,0,86.47500,1.25800,-1.26000,0,2459384.29200000,0.00200000,-0.00200000,0,0.536000,0.191000,-0.191000,0,,,,,2.4570000,0.1200000,-0.1020000,0,8.713613335377435,0,0,0,0.02800000,0.00200000,-0.00200000,0,,,,,35.8560,94.9720,-94.9720,0,,,,,,,,,G V,5626.00,61.00,-61.00,0,1.028000,0.030000,-0.030000,0,0.950000,0.010000,-0.010000,0,0.0800,0.0400,-0.0400,0,[Fe/H],4.450000,0.030000,-0.030000,0,03h32m38.26s,53.1594266,-81d15m02.68s,-81.2507450,9.6370000,0.0210000,-0.0210000,B_derived_geometry,derived_orbsmax_st_rad,archive,2417,-1,0
TIC 172900988 b,200.45200000000,0.01100000000,-0.01100000000,0,0.9028100000,0.0001600000,-0.0001600000,0,1.00365950,0.03925424,-0.03925424,0,2.96386345,0.01761957,-0.01761957,0,3.640000,0.430000,-0.430000,0,0.027100,0.001100,-0.001100,0,91.79000,0.19000,-0.19000,0,2458937.50000000,0.50000000,-0.50000000,0,,,,,,,,,,,,,140.2493718111018,0,0,0,0.07451144715270265,0,0,0,,,,,159.4000,5.5000,-5.5000,0,,,,,,,,,F9,6050.00,100.00,-100.00,0,1.384200,0.001600,-0.001600,0,1.238400,0.000700,-0.000700,0,0.3400,0.1000,-0.1000,0,[Fe/H],4.248500,0.001000,-0.001000,0,08h34m38.80s,128.6616644,+31d33m14.33s,31.5539793,8.7620000,0.0190000,-0.0190000,B_derived_geometry,derived_orbsmax_st_rad,derived_rade_st_rad,2481,-1,0
Kepler-30 c,60.32310500000,0.00024400000,-0.00024400000,0,0.3000000000,,,0,1.09700000,0.03600000,-0.03600000,0,2.01000000,0.16000000,-0.16000000,0,1.880000,0.170000,-0.170000,0,0.011100,0.001000,-0.001000,0,90.32270,0.03020,-0.03020,0,2455357.88704200,0.00520000,-0.00520000,0,0.400000,0.040000,-0.060000,0,1.62000000,0.08000000,-0.08000000,0,,,,,67.90489126438347,0,0,0,0.1187000295045505,0,0,0,,,,,-49.0000,6.0000,-6.0000,0,4.000,10.000,-10.000,0,,,,,,5498.00,54.00,-54.00,0,0.950000,0.120000,-0.120000,0,0.990000,0.080000,-0.080000,0,0.1800,0.2700,-0.2700,0,[Fe/H],4.770000,0.230000,-0.230000,0,19h01m08.08s,285.2836483,+38d56m50.15s,38.9472625,13.5810000,0.0480000,-0.0480000,B_derived_geometry,derived_orbsmax_st_rad,derived_rade_st_rad,2487,-1,0
TOI-2525 c,49.25190000000,0.00040000000,-0.00040000000,0,0.2490000000,0.0040000000,-0.0040000000,0,0.90400000,0.01000000,-0.01000000,0,0.65700000,0.03100000,-0.03200000,0,1.110000,0.070000,-0.070000,0,0.157000,0.008000,-0.007000,0,89.97000,0.09000,-0.09000,0,2458335.41180000,0.00140000,-0.00140000,0,,,,,,,,,5.5020000,0.0130000,-0.0270000,0,68.2076519260718,0,0,0,0.11830000,0.00050000,-0.00050000,0,,,,,21.5000,1.1000,-1.1000,0,,,,,,,,,K8 V,5096.00,102.00,-102.00,0,0.785000,0.031000,-0.031000,0,0.849000,0.042000,-0.042000,0,0.1400,0.0500,-0.0500,0,[Fe/H],4.580000,0.200000,-0.200000,0,05h47m24.23s,86.8509737,-60d31m16.71s,-60.5213081,11.9050000,0.0240000,-0.0240000,B_derived_geometry,derived_orbsmax_st_rad,archive,2511,-1,0
TOI-3362 b,18.09547000000,0.00003000000,-0.00003000000,0,0.1530000000,0.0020000000,-0.0030000000,0,1.14200000,0.04300000,-0.04100000,0,5.02900000,0.66800000,-0.64600000,0,,,,,0.815000,0.023000,-0.032000,0,89.14000,0.58400,-0.66800,0,2458529.32500000,0.00100000,-0.00100000,0,0.270000,0.207000,-0.184000,0,0.41000000,0.02000000,-0.02000000,0,,,,,17.97809826098021,0,0,0,0.06412840766462838,0,0,0,,,,,50.8730,11.0850,-9.1650,0,,,,,,,,,,6532.00,88.00,-86.00,0,1.830000,0.055000,-0.053000,0,1.445000,0.069000,-0.073000,0,0.0170,0.0570,-0.0490,0,[M/H],4.072000,0.032000,-0.034000,0,10h23m56.19s,155.9841428,-56d50m35.22s,-56.8431169,9.6930000,0.0230000,-0.0230000,B_derived_geometry,derived_orbsmax_st_rad,derived_rade_st_rad,2537,-1,0
TOI-2257 b,35.18934600000,0.00009000000,-0.00009000000,0,0.1450000000,0.0030000000,-0.0030000000,0,0.19573591,0.01008120,-0.00990277,0,,,,,,,,,0.496000,0.216000,-0.133000,0,89.78600,0.07800,-0.06200,0,2459007.97949000,0.00108000,-0.00105000,0,0.374000,0.098000,-0.137000,0,0.41300000,0.01800000,-0.01700000,0,3.8460000,0.0570000,-0.0510000,0,99.61553537453486,0,0,0,0.06423000,0.00142000,-0.00133000,0,,,,,-101.6740,42.4530,-26.8810,0,,,,,,,,,M3,3430.00,130.00,-130.00,0,0.313000,0.015000,-0.015000,0,0.328000,0.021000,-0.019000,0,-0.2700,0.3700,-0.3700,0,[Fe/H],4.971000,0.050000,-0.050000,0,12h58m57.51s,194.7396141,+77d39m42.18s,77.6617157,10.6730000,0.0160000,-0.0160000,B_derived_geometry,derived_orbsmax_st_rad,archive,2552,-1,0
TOI-5678 b,47.73022000000,0.00014000000,-0.00013000000,0,0.2490000000,0.0050000000,-0.0050000000,0,0.43804161,0.00713713,-0.00713713,0,0.06292704,0.01258541,-0.01258541,0,,,,,0.140000,0.070000,-0.070000,0,89.83000,0.11000,-0.12000,0,2458424.70590000,0.00350000,-0.00320000,0,0.170000,0.130000,-0.100000,0,,,,,6.9600000,0.1000000,-0.1000000,0,57.08209676115818,0,0,0,0.04800000,0.00070000,-0.00070000,0,,,,,208.0000,18.0000,-11.0000,0,,,,,,,,,G7 V,5485.00,63.00,-63.00,0,0.938000,0.007000,-0.007000,0,0.905000,0.039000,-0.041000,0,0.0000,0.0100,-0.0100,0,[Fe/H],4.340000,0.110000,-0.110000,0,03h09m32.20s,47.3841872,-34d11m54.53s,-34.1984808,9.5630000,0.0190000,-0.0190000,B_derived_geometry,derived_orbsmax_st_rad,archive,2585,-1,0
TOI-4600 c,482.81910000000,0.00180000000,-0.00170000000,0,1.1520000000,0.0680000000,-0.0680000000,0,0.84100000,0.03700000,-0.03700000,0,9.27000000,,,1,,,,,0.210000,0.290000,-0.140000,0,89.90000,0.03000,-0.02000,0,2459751.60080000,0.00200000,-0.00200000,0,0.460000,0.100000,-0.190000,0,,,,,11.1400000,0.2000000,-0.1900000,0,305.8235102870011,0,0,0,0.10670000,0.00240000,-0.00260000,0,,,,,142.0000,148.0000,-116.0000,0,,,,,,,,,K V,5170.00,120.00,-120.00,0,0.810000,0.030000,-0.030000,0,0.890000,0.050000,-0.050000,0,0.1600,0.0800,-0.0800,0,[Fe/H],4.570000,0.020000,-0.020000,0,17h13m48.09s,258.4503674,+64d33m58.22s,64.5661727,10.5710000,0.0180000,-0.0180000,B_derived_geometry,derived_orbsmax_st_rad,archive,2601,-1,0
TOI-6628 b,18.18424000000,0.00001000000,-0.00001000000,0,0.1340000000,0.0070000000,-0.0080000000,0,0.98000000,0.06000000,-0.06000000,0,0.74000000,0.06000000,-0.06000000,0,0.980000,0.160000,-0.140000,0,0.670000,0.015000,-0.016000,0,88.19000,0.12000,-0.12000,0,2458602.72100000,0.00090000,-0.00100000,0,0.811000,0.017000,-0.016000,0,,,,,,,,,28.52901867312217,0,0,0,0.10000000,0.00100000,-0.00100000,0,,,,,215.8000,2.2000,-2.5000,0,,,,,,,,,,5463.00,143.00,-142.00,0,1.010000,0.060000,-0.050000,0,0.970000,0.060000,-0.060000,0,0.3600,0.0200,-0.0200,0,[Fe/H],4.416000,0.024000,-0.025000,0,15h03m20.89s,225.8370504,-35d13m50.09s,-35.2305793,10.8360000,0.0230000,-0.0230000,B_derived_geometry,derived_orbsmax_st_rad,archive,2614,-1,0
TOI-1452 b,11.06201000000,0.00002000000,-0.00002000000,0,0.0610000000,0.0030000000,-0.0030000000,0,0.14916611,0.00633421,-0.00633421,0,0.01516542,0.00409026,-0.00409026,0,5.600000,1.800000,-1.600000,0,0.000000,,,0,89.77000,0.16000,-0.16000,0,2458691.53210000,0.00150000,-0.00150000,0,0.190000,0.130000,-0.130000,0,0.30900000,0.01600000,-0.01600000,0,,,,,47.6980418032851,0,0,0,0.05574076182262468,0,0,0,,,,,90.0000,,,0,,,,,,,,,M4 +/- 0.5 V,3185.00,50.00,-50.00,0,0.275000,0.009000,-0.009000,0,0.249000,0.008000,-0.008000,0,-0.0700,0.0200,-0.0200,0,[M/H],4.950000,0.030000,-0.030000,0,19h20m41.75s,290.1739741,+73d11m42.39s,73.1951082,9.7400000,0.0460000,-0.0460000,B_derived_geometry,derived_orbsmax_st_rad,derived_rade_st_rad,2616,-1,0
TOI-1836 b,20.38079900000,0.00001600000,-0.00001600000,0,0.1597000000,0.0031000000,-0.0032000000,0,0.71400000,0.03100000,-0.03100000,0,0.12100000,0.02900000,-0.02900000,0,0.410000,0.120000,-0.110000,0,0.000000,,,0,88.74000,0.24000,-0.21000,0,2459646.49351000,0.00042000,-0.00041000,0,0.480000,0.059000,-0.074000,0,0.21640000,0.00360000,-0.00370000,0,6.6530000,0.0410000,-0.0380000,0,21.77592597373904,0,0,0,0.04651000,0.00039000,-0.00040000,0,,,,,90.0000,,,0,,,,,,,,,,6380.00,150.00,-150.00,0,1.577000,0.060000,-0.060000,0,1.307000,0.077000,-0.076000,0,-0.1010,0.0790,-0.0790,0,[Fe/H],4.159000,0.039000,-0.039000,0,16h23m37.90s,245.9079242,+54d41m24.28s,54.6900774,8.5310000,0.0180000,-0.0180000,B_derived_geometry,derived_orbsmax_st_rad,archive,2617,-1,0
TOI-5027 b,10.24368000000,0.00001000000,-0.00001000000,0,0.0930000000,0.0050000000,-0.0040000000,0,0.96000000,0.05000000,-0.06000000,0,2.02000000,0.13000000,-0.13000000,0,2.940000,0.580000,-0.620000,0,0.385000,0.025000,-0.026000,0,88.18000,0.09000,-0.09000,0,2458649.45770000,0.00100000,-0.00090000,0,0.921000,0.016000,-0.015000,0,,,,,,,,,21.73694617104449,0,0,0,0.10600000,0.00500000,-0.00400000,0,,,,,288.6000,3.1000,-3.2000,0,,,,,,,,,,5909.00,145.00,-144.00,0,0.920000,0.040000,-0.040000,0,1.020000,0.050000,-0.050000,0,-0.1500,0.0300,-0.0300,0,[Fe/H],4.517000,0.006000,-0.008000,0,16h15m32.41s,243.8850212,-69d13m01.55s,-69.2170972,9.9790000,0.0230000,-0.0230000,B_derived_geometry,derived_orbsmax_st_rad,archive,2619,-1,0
WASP-135 b,1.40137940000,0.00000080000,-0.00000080000,0,0.0243000000,0.0005000000,-0.0005000000,0,1.30000000,0.09000000,-0.09000000,0,1.90000000,0.08000000,-0.08000000,0,1.160000,0.230000,-0.230000,0,0.000000,,,0,82.00000,0.60000,-0.60000,0,2455230.99020000,0.00090000,-0.00090000,0,0.800000,0.030000,-0.030000,0,1.94000000,0.08000000,-0.08000000,0,1.6560000,0.0240000,-0.0240000,0,5.443001440410737,0,0,0,0.1391580419152173,0,0,0,,,,,,,,,,,,,,,,,G5 V,5675.00,60.00,-60.00,0,0.960000,0.050000,-0.050000,0,0.980000,0.060000,-0.060000,0,0.0200,0.1300,-0.1300,0,[Fe/H],4.470000,0.030000,-0.030000,0,17h49m08.37s,267.2848846,+29d52m44.55s,29.8790428,11.0370000,0.0200000,-0.0200000,B_derived_geometry,derived_orbsmax_st_rad,derived_rade_st_rad,2634,-1,0
WASP-113 b,4.54216874538,0.00000420000,-0.00000420000,0,0.0588500000,0.0001000000,-0.0001000000,0,1.40900000,0.09600000,-0.14000000,0,0.47500000,0.05400000,-0.05200000,0,0.228000,0.073000,-0.045000,0,0.000000,,,0,86.46000,1.20000,-0.64000,0,2457197.09745900,0.00004000,-0.00004000,0,0.486000,0.063000,-0.140000,0,0.80900000,0.02800000,-0.02800000,0,4.2984000,0.0456000,-0.0456000,0,7.86980246344013,0,0,0,0.09004531851138514,0,0,0,,,,,0.0000,,,0,,,,,,,,,G1,5890.00,140.00,-140.00,0,1.608000,0.090000,-0.120000,0,1.318000,0.069000,-0.069000,0,0.1000,0.0900,-0.0900,0,[Fe/H],4.200000,0.100000,-0.100000,0,14h59m29.49s,224.8728589,+46d57m36.36s,46.9600996,10.3110000,0.0210000,-0.0210000,B_derived_geometry,derived_orbsmax_st_rad,derived_rade_st_rad,2635,-1,0
TOI-654.01,1.52756100000,0.00000100000,-0.00000100000,0,0.0194400000,0.0001500000,-0.0001500000,0,0.21215132,0.00794006,-0.00794006,0,0.02740472,0.00393294,-0.00393294,0,3.590000,0.650000,-0.650000,0,0.000000,,,0,88.28000,0.71000,-0.66000,0,2459243.05840000,0.00030000,-0.00030000,0,0.290000,0.104000,-0.112000,0,,,,,1.2000000,0.0130000,-0.0130000,0,9.72145373543127,0,0,0,0.05100000,0.00080000,-0.00080000,0,,,,,0.0000,,,0,,,,,,,,,M2 V,3521.00,33.00,-48.00,0,0.430000,0.013000,-0.013000,0,0.419000,0.009000,-0.009000,0,0.1200,0.1800,-0.1800,0,[Fe/H],4.793000,0.037000,-0.036000,0,10h58m53.89s,164.7245509,-05d32m51.16s,-5.5475446,9.9180000,0.0210000,-0.0210000,B_derived_geometry,derived_orbsmax_st_rad,archive,2637,-1,0
TOI-1759 b,18.85019000000,0.00013000000,-0.00013000000,0,0.1177000000,0.0038000000,-0.0038000000,0,0.28013252,0.00892142,-0.00892142,0,0.03398060,0.00471953,-0.00471953,0,1.910000,0.320000,-0.320000,0,0.000000,,,0,89.72000,0.13000,-0.13000,0,2458745.46540000,0.00110000,-0.00110000,0,0.210000,0.090000,-0.100000,0,,,,,3.2300000,0.1300000,-0.1300000,0,42.39411176285336,0,0,0,0.04830000,0.00100000,-0.00100000,0,,,,,90.0000,,,0,,,,,,,,,M0.0 V,4065.00,51.00,-51.00,0,0.597000,0.015000,-0.015000,0,0.606000,0.020000,-0.020000,0,0.0500,0.1600,-0.1600,0,[Fe/H],4.650000,0.040000,-0.040000,0,21h47m24.40s,326.8516615,+62d45m13.74s,62.7538164,7.9300000,0.0200000,-0.0200000,B_derived_geometry,derived_orbsmax_st_rad,archive,2658,-1,0
WASP-70 A b,3.71302030000,0.00000470000,-0.00000470000,0,0.0485300000,0.0006200000,-0.0006200000,0,1.16400000,0.07300000,-0.10200000,0,0.59000000,0.02200000,-0.02200000,0,0.499000,0.138000,-0.080000,0,0.000000,,,0,87.12000,1.24000,-0.65000,0,2455736.50348000,0.00027000,-0.00027000,0,0.431000,0.076000,-0.169000,0,0.97000000,0.02200000,-0.02600000,0,3.3336000,0.0336000,-0.0456000,0,8.588897542956111,0,0,0,0.09844727630222336,0,0,0,,,,,,,,,,,,,,,,,G4,5763.00,79.00,-79.00,0,1.215000,0.064000,-0.089000,0,1.106000,0.042000,-0.042000,0,-0.0060,0.0630,-0.0630,0,[Fe/H],4.314000,0.052000,-0.036000,0,21h01m54.53s,315.4771912,-13d26m00.18s,-13.4333821,9.5800000,0.0300000,-0.0300000,B_derived_geometry,derived_orbsmax_st_rad,derived_rade_st_rad,2677,-1,0
TOI-4010 d,14.70886000000,0.00003000000,-0.00003000000,0,0.1130000000,0.0010000000,-0.0010000000,0,0.55134362,0.01248998,-0.01338213,0,0.12003332,0.01028857,-0.01013125,0,0.900000,0.100000,-0.100000,0,0.070000,0.030000,-0.030000,0,89.00000,0.10000,-0.10000,0,2458985.98500000,0.00100000,-0.00100000,0,0.510000,0.060000,-0.080000,0,,,,,3.6000000,0.0800000,-0.0700000,0,29.27546215755649,0,0,0,0.06800000,0.00100000,-0.00200000,0,,,,,109.0000,57.0000,-275.0000,0,,,,,,,,,K V,4960.00,36.00,-36.00,0,0.830000,0.010000,-0.010000,0,0.880000,0.030000,-0.030000,0,0.3700,0.0700,-0.0700,0,[Fe/H],4.540000,0.020000,-0.020000,0,01h20m51.56s,20.2148196,+66d04m19.92s,66.0722009,10.1570000,0.0210000,-0.0210000,B_derived_geometry,derived_orbsmax_st_rad,archive,2692,-1,0
EPIC 201757695.02,2.04780000000,0.00010000000,-0.00010000000,0,0.0296000000,0.0005000000,-0.0005000000,0,0.08102328,0.00522883,-0.00571059,0,,,,,,,,,0.000000,,,0,89.27570,0.36890,-0.37170,0,2456811.63700000,0.00080000,-0.00070000,0,0.120000,0.060000,-0.060000,0,,,,,,,,,9.717483676104139,0,0,0,0.01270000,0.00020000,-0.00020000,0,,,,,,,,,,,,,,,,,,4520.00,108.00,-54.00,0,0.655000,0.041000,-0.045000,0,0.727000,0.044000,-0.053000,0,-0.0030,0.1200,-0.3000,0,[Fe/H],4.659000,0.035000,-0.025000,0,11h35m45.24s,173.9385102,+04d36m59.15s,4.6164303,12.1490000,0.0260000,-0.0260000,B_derived_geometry,derived_orbsmax_st_rad,archive,2712,-1,0
NGTS-2 b,4.51116400000,0.00006100000,-0.00006100000,0,0.0630000000,0.0024000000,-0.0030000000,0,1.59500000,0.04700000,-0.04500000,0,0.74000000,0.13000000,-0.12000000,0,0.226000,0.040000,-0.038000,0,0.000000,,,0,88.50000,1.00000,-1.20000,0,2457759.12610000,0.00140000,-0.00130000,0,,,,,,,,,4.6510000,0.0460000,-0.0380000,0,7.959474622352822,0,0,0,0.09619000,0.00114000,-0.00088000,0,,,,,,,,,,,,,,,,,F5 V,6478.00,94.00,-89.00,0,1.702000,0.047000,-0.044000,0,1.640000,0.190000,-0.220000,0,-0.0600,0.0900,-0.0900,0,[Fe/H],4.197000,0.030000,-0.059000,0,14h20m29.46s,215.1227617,-31d12m07.45s,-31.2020698,9.7990000,0.0230000,-0.0230000,B_derived_geometry,derived_orbsmax_st_rad,archive,2719,-1,0
TOI-2969 b,1.82371460000,0.00000020000,-0.00000020000,0,0.0261000000,0.0002000000,-0.0002000000,0,1.10000000,0.08000000,-0.08000000,0,1.16000000,0.04000000,-0.04000000,0,1.100000,0.300000,-0.200000,0,0.000000,,,0,84.90000,0.40000,-0.40000,0,2459303.30015000,0.00009000,-0.00008000,0,0.713000,0.010000,-0.010000,0,,,,,1.8460000,0.0100000,-0.0110000,0,8.017627518573278,0,0,0,0.16130000,0.00080000,-0.00080000,0,,,,,,,,,,,,,,,,,K3 V,4738.00,100.00,-100.00,0,0.700000,0.050000,-0.050000,0,0.710000,0.020000,-0.020000,0,0.0800,0.0500,-0.0500,0,[Fe/H],4.560000,0.040000,-0.040000,0,10h00m15.03s,150.0626247,-47d26m42.88s,-47.4452436,10.2500000,0.0230000,-0.0230000,B_derived_geometry,derived_orbsmax_st_rad,archive,2842,-1,0
EPIC 201170410.02,6.79870000000,0.00010000000,-0.00010000000,0,0.0349000000,0.0027000000,-0.0022000000,0,0.09340708,0.02462307,-0.02292800,0,,,,,,,,,0.000000,,,0,89.00250,0.41420,-0.28850,0,2456813.14850000,0.00060000,-0.00050000,0,0.460000,0.200000,-0.140000,0,,,,,,,,,26.61213557766707,0,0,0,0.03400000,0.00070000,-0.00060000,0,,,,,,,,,,,,,,,,,,3648.00,172.00,-143.00,0,0.282000,0.074000,-0.069000,0,0.287000,0.101000,-0.084000,0,-0.0480,0.1500,-0.2100,0,[Fe/H],4.999000,0.075000,-0.075000,0,11h20m33.81s,170.1408561,-04d48m25.21s,-4.8070039,12.6190000,0.0270000,-0.0270000,B_derived_geometry,derived_orbsmax_st_rad,archive,2988,-1,0
Kepler-167 c,7.40610600000,0.00001000000,-0.00001000000,0,0.0684000000,0.0010000000,-0.0010000000,0,0.14934453,0.00615578,-0.00615578,0,,,,,,,,,0.000000,,,0,88.48000,0.88000,-1.00000,0,2455552.15797000,0.00070000,-0.00071000,0,0.520000,0.300000,-0.350000,0,0.04187000,0.00090000,-0.00089000,0,,,,,19.63711541771089,0,0,0,0.02049004710031659,0,0,0,,,,,,,,,,,,,,,,,,4884.00,69.00,-75.00,0,0.749000,0.020000,-0.020000,0,0.777000,0.034000,-0.031000,0,0.0200,0.0670,-0.0670,0,[Fe/H],4.579000,0.027000,-0.025000,0,19h30m38.05s,292.6585253,+38d20m44.00s,38.3455558,11.8320000,0.0220000,-0.0220000,B_derived_geometry,derived_orbsmax_st_rad,derived_rade_st_rad,3060,-1,0
Kepler-432 b,52.50112900000,0.00006700000,-0.00005300000,0,0.3010000000,0.0160000000,-0.0110000000,0,1.14500000,0.03600000,-0.03900000,0,5.41000000,0.32000000,-0.18000000,0,4.460000,0.370000,-0.290000,0,0.513400,0.009800,-0.008900,0,88.17000,0.61000,-0.33000,0,2455949.53740000,0.00110000,-0.00120000,0,0.503000,0.090000,-0.168000,0,,,,,,,,,15.94203912729922,0,0,0,0.02914000,0.00038000,-0.00093000,0,,,,,64.1000,1.6000,-1.5000,0,,,,,,,,,,4995.00,78.00,-78.00,0,4.060000,0.120000,-0.080000,0,1.320000,0.100000,-0.070000,0,-0.0700,0.1000,-0.1000,0,[M/H],3.345000,0.006000,-0.006000,0,19h33m07.74s,293.2822344,+48d17m09.30s,48.2859173,10.1210000,0.0170000,-0.0170000,B_derived_geometry,derived_orbsmax_st_rad,archive,3067,-1,0
EPIC 248847494 b,3650.00000000000,1280.00000000000,-1130.00000000000,0,4.5000000000,1.0000000000,-1.0000000000,0,1.11000000,0.07000000,-0.07000000,0,13.00000000,,,1,,,,,0.000000,,,0,89.87000,0.02000,-0.03000,0,2457967.17000000,0.01000000,-0.01000000,0,0.790000,0.040000,-0.070000,0,0.18000000,,,0,53.6000000,5.9000000,-5.3000000,0,358.3869261175794,0,0,0,0.04200000,0.00200000,-0.00200000,0,,,,,,,,,,,,,,,,,,4898.00,68.00,-68.00,0,2.700000,0.120000,-0.120000,0,0.900000,0.090000,-0.090000,0,-0.2300,0.0400,-0.0400,0,[Fe/H],3.520000,,,0,10h37m33.38s,159.3890808,+11d50m33.89s,11.8427484,10.1480000,0.0200000,-0.0200000,B_derived_geometry,derived_orbsmax_st_rad,archive,3087,-1,0
Kepler-167 b,4.39315390000,0.00000480000,-0.00000460000,0,0.0482500000,0.0007000000,-0.0007000000,0,0.15326996,0.00624499,-0.00624499,0,,,,,,,,,0.000000,,,0,88.30000,1.60000,-1.20000,0,2455831.78065000,0.00039000,-0.00039000,0,0.410000,0.380000,-0.280000,0,0.04407000,0.00078000,-0.00078000,0,,,,,13.85220495474489,0,0,0,0.02102861464656148,0,0,0,,,,,,,,,,,,,,,,,,4884.00,69.00,-75.00,0,0.749000,0.020000,-0.020000,0,0.777000,0.034000,-0.031000,0,0.0200,0.0670,-0.0670,0,[Fe/H],4.579000,0.027000,-0.025000,0,19h30m38.05s,292.6585253,+38d20m44.00s,38.3455558,11.8320000,0.0220000,-0.0220000,B_derived_geometry,derived_orbsmax_st_rad,derived_rade_st_rad,3410,-1,0
TIC 241249530 b,165.77190000000,0.00027000000,-0.00028000000,0,0.6410000000,0.0100000000,-0.0120000000,0,1.18600000,0.03700000,-0.04000000,0,4.98000000,0.16000000,-0.18000000,0,,,,,0.941200,0.000900,-0.000900,0,85.17000,0.57000,-0.51000,0,2458860.80070000,0.00150000,-0.00160000,0,0.581000,0.049000,-0.058000,0,,,,,,,,,98.66543434847605,0,0,0,0.08730000,0.00190000,-0.00200000,0,,,,,42.3200,0.4000,-0.3600,0,163.500,9.400,-7.700,0,,,,,,6166.00,43.00,-43.00,0,1.397000,0.025000,-0.028000,0,1.271000,0.061000,-0.068000,0,0.0900,0.0300,-0.0300,0,[Fe/H],4.230000,0.060000,-0.060000,0,06h21m14.14s,95.3088995,+53d17m42.07s,53.2950203,10.1920000,0.0210000,-0.0210000,B_derived_geometry,derived_orbsmax_st_rad,archive,3440,-1,0
Kepler-16 b,228.77600000000,0.02000000000,-0.03700000000,0,0.7048000000,0.0011000000,-0.0011000000,0,0.75380000,0.00260000,-0.00260000,0,0.33300000,0.01600000,-0.01600000,0,0.964000,0.047000,-0.046000,0,0.006900,0.001000,-0.001500,0,90.03220,0.00220,-0.00230,0,2455212.12316000,,,0,,,,,,,,,,,,,233.5562695586408,0,0,0,0.1193746955545982,0,0,0,,,,,318.0000,10.0000,-22.0000,0,,,,,,,,,,4450.00,150.00,-150.00,0,0.648900,0.001300,-0.001300,0,0.689700,0.003500,-0.003400,0,-0.3000,0.2000,-0.2000,0,[M/H],4.652700,0.001700,-0.001600,0,19h16m18.20s,289.0758307,+51d45m26.02s,51.7572290,8.9960000,0.0220000,-0.0220000,B_derived_geometry,derived_orbsmax_st_rad,derived_rade_st_rad,3497,-1,0
EPIC 201595106 b,0.87724000000,0.00004000000,-0.00004000000,0,0.0177000000,0.0003000000,-0.0003000000,0,0.13962019,0.00704792,-0.00704792,0,0.02413252,0.00235976,-0.00235976,0,11.100000,2.000000,-2.000000,0,0.000000,,,0,78.20000,0.70000,-0.70000,0,2457583.04429000,0.00157000,-0.00157000,0,0.814000,0.024000,-0.024000,0,,,,,,,,,3.883744036090503,0,0,0,0.01470000,0.00070000,-0.00070000,0,2458204.26490000,0.32000000,-0.32000000,0,0.0000,,,0,,,,,,,,,,5679.00,60.00,-39.00,0,0.980000,0.025000,-0.025000,0,0.958000,0.048000,-0.048000,0,0.0100,0.1000,-0.1000,0,[Fe/H],4.435000,0.035000,-0.035000,0,12h14m52.89s,183.7203635,+01d58m05.41s,1.9681688,10.2180000,0.0210000,-0.0210000,B_derived_geometry,derived_orbsmax_st_rad,archive,3528,-1,0
Kepler-34 b,288.82200000000,0.06300000000,-0.08100000000,0,1.0896000000,0.0009000000,-0.0009000000,0,0.76400000,0.01200000,-0.01400000,0,0.22000000,0.01100000,-0.01000000,0,0.613000,0.045000,-0.041000,0,0.182000,0.016000,-0.020000,0,90.35500,0.02600,-0.01800,0,2454969.20000000,,,0,,,,,,,,,,,,,201.6689936466076,0,0,0,0.06757944289161072,0,0,0,,,,,,,,,,,,,,,,,,5913.00,130.00,-130.00,0,1.161800,0.002700,-0.003100,0,1.047900,0.003300,-0.003000,0,-0.0700,0.1500,-0.1500,0,[M/H],4.328400,0.002300,-0.001900,0,19h45m44.59s,296.4358022,+44d38m29.53s,44.6415369,13.2380000,0.0350000,-0.0350000,B_derived_geometry,derived_orbsmax_st_rad,derived_rade_st_rad,3844,-1,0
OGLE-TR-182 b,3.97910000000,0.00001000000,-0.00001000000,0,0.0510000000,0.0010000000,-0.0010000000,0,1.13000000,0.24000000,-0.08000000,0,1.01000000,0.15000000,-0.15000000,0,,,,,0.000000,,,0,85.70000,0.30000,-0.30000,0,2454270.57200000,0.00200000,-0.00200000,0,,,,,1.04000000,0.08300000,-0.08000000,0,,,,,9.619859595787659,0,0,0,0.1018600659691489,0,0,0,,,,,,,,,,,,,,,,,,5924.00,64.00,-64.00,0,1.140000,0.230000,-0.060000,0,1.140000,0.050000,-0.050000,0,0.3700,0.0800,-0.0800,0,[Fe/H],4.470000,0.180000,-0.180000,0,11h09m18.70s,167.3279228,-61d05m42.94s,-61.0952624,14.7370000,0.1430000,-0.1430000,B_derived_geometry,derived_orbsmax_st_rad,derived_rade_st_rad,4053,-1,0
HD 224018 d,138.07310000000,27.61270000000,-0.00500000000,0,0.5300000000,0.0600000000,-0.0200000000,0,0.21411403,0.00892142,-0.00892142,0,0.01321468,0.00566343,-0.00503416,0,1.700000,0.800000,-0.600000,0,0.040000,0.050000,-0.040000,0,89.90000,0.10000,-0.10000,0,2457741.74500000,0.05100000,-0.04000000,0,,,,,,,,,,,,,99.3609786446297,0,0,0,0.01927000,0.00087000,-0.00085000,0,,,,,206.0000,97.0000,-140.0000,0,,,,,,,,,G V,5784.00,60.00,-60.00,0,1.147000,0.028000,-0.028000,0,1.013000,0.069000,-0.061000,0,0.0500,0.0500,-0.0500,0,[Fe/H],4.320000,0.040000,-0.030000,0,23h54m33.36s,358.6390056,-04d43m24.01s,-4.7233362,8.1450010,0.0270000,-0.0270000,B_derived_geometry,derived_orbsmax_st_rad,archive,4066,-1,0
CoRoT-36 b,5.61653100000,0.00002300000,-0.00002300000,0,0.0660000000,0.0070000000,-0.0070000000,0,1.41000000,0.14000000,-0.14000000,0,0.68000000,0.47000000,-0.43000000,1,0.250000,0.170000,-0.170000,0,0.000000,,,0,85.83000,0.26000,-0.26000,0,2455662.52236000,0.00034000,-0.00034000,0,0.573000,0.023000,-0.025000,0,1.01000000,0.01100000,-0.01100000,0,4.9800000,0.0700000,-0.0700000,0,9.336922548852728,0,0,0,0.09532591155906868,0,0,0,,,,,,,,,275.800,11.300,-11.300,0,,,,,F3 V,6730.00,140.00,-140.00,0,1.520000,0.200000,-0.100000,0,1.320000,0.090000,-0.090000,0,-0.1000,0.1000,-0.1000,0,[Fe/H],4.160000,0.060000,-0.060000,0,18h31m00.24s,277.7510149,+07d11m00.05s,7.1833465,11.5920000,0.0210000,-0.0210000,B_derived_geometry,derived_orbsmax_st_rad,derived_rade_st_rad,4280,-1,0
HD 224018 c,36.57669000000,0.00019000000,-0.00017000000,0,0.2170000000,0.0050000000,-0.0050000000,0,0.21589831,0.00624499,-0.00713713,0,0.03272206,0.00409026,-0.00346099,0,4.000000,0.700000,-0.600000,0,0.020000,0.020000,-0.020000,0,89.80000,0.20000,-0.20000,0,2457778.15440000,0.00800000,-0.00840000,0,,,,,,,,,,,,,40.68175918091442,0,0,0,0.01935000,0.00039000,-0.00039000,0,,,,,230.0000,80.0000,-108.0000,0,,,,,,,,,G V,5784.00,60.00,-60.00,0,1.147000,0.028000,-0.028000,0,1.013000,0.069000,-0.061000,0,0.0500,0.0500,-0.0500,0,[Fe/H],4.320000,0.040000,-0.030000,0,23h54m33.36s,358.6390056,-04d43m24.01s,-4.7233362,8.1450010,0.0270000,-0.0270000,B_derived_geometry,derived_orbsmax_st_rad,archive,4310,-1,0
Kepler-30 b,29.33434000000,0.00815000000,-0.00815000000,0,0.1800000000,,,0,0.34800000,0.01800000,-0.01800000,0,0.03600000,0.00400000,-0.00400000,0,1.020000,0.130000,-0.130000,0,0.042000,0.003000,-0.003000,0,90.17900,0.16700,-0.16700,0,2455246.64760000,0.04010000,-0.04010000,0,0.380000,0.120000,-0.200000,0,0.16500000,0.00800000,-0.00800000,0,,,,,40.74293475863008,0,0,0,0.03763659472095504,0,0,0,,,,,-31.0000,7.0000,-7.0000,0,4.000,10.000,-10.000,0,,,,,,5498.00,54.00,-54.00,0,0.950000,0.120000,-0.120000,0,0.990000,0.080000,-0.080000,0,0.1800,0.2700,-0.2700,0,[Fe/H],4.770000,0.230000,-0.230000,0,19h01m08.08s,285.2836483,+38d56m50.15s,38.9472625,13.5810000,0.0480000,-0.0480000,B_derived_geometry,derived_orbsmax_st_rad,derived_rade_st_rad,4462,-1,0
TOI-2431 b,0.22419578000,0.00000005000,-0.00000005000,0,0.0063000000,0.0001000000,-0.0001000000,0,0.13685455,0.00303328,-0.00294407,0,0.01950738,0.00503416,-0.00503416,0,9.400000,2.500000,-2.500000,0,0.000000,,,0,74.00000,1.01000,-0.96000,0,2460258.86855000,0.00016000,-0.00015000,0,0.573000,0.031000,-0.033000,0,,,,,,,,,2.080956345198848,0,0,0,0.02131000,0.00033000,-0.00032000,0,,,,,90.0000,,,0,,,,,,,,,K7 V,4109.00,28.00,-27.00,0,0.651000,0.012000,-0.012000,0,0.661000,0.021000,-0.024000,0,-0.0200,0.1300,-0.1300,0,[Fe/H],4.680000,0.050000,-0.050000,0,02h31m03.67s,37.7652989,+08d22m53.85s,8.3816255,7.5540000,0.0230000,-0.0230000,B_derived_geometry,derived_orbsmax_st_rad,archive,4504,-1,0
HD 224018 b,10.64130000000,0.00280000000,-0.00280000000,0,0.0952000000,0.0020000000,-0.0020000000,0,0.08118490,0.05709707,-0.05085208,0,0.01290004,0.00251708,-0.00251708,0,17.100000,10.200000,-6.000000,0,0.060000,0.070000,-0.040000,0,86.70000,1.60000,-1.10000,0,2457762.98000000,0.24000000,-0.22000000,0,,,,,,,,,,,,,17.84748144711084,0,0,0,0.00730000,0.00510000,-0.00460000,0,,,,,190.0000,69.0000,-86.0000,0,,,,,,,,,G V,5784.00,60.00,-60.00,0,1.147000,0.028000,-0.028000,0,1.013000,0.069000,-0.061000,0,0.0500,0.0500,-0.0500,0,[Fe/H],4.320000,0.040000,-0.030000,0,23h54m33.36s,358.6390056,-04d43m24.01s,-4.7233362,8.1450010,0.0270000,-0.0270000,B_derived_geometry,derived_orbsmax_st_rad,archive,4514,-1,0
