mps-atlas-1 MH = -0.05  Teff = 5200 K  logg = 4.6
 1.0 0.9 0.8 0.7 0.6 0.5 0.4 0.35 0.3 0.25 0.22 0.2 0.17 0.15 0.12 0.1 0.09 0.08 0.07 0.06 0.05 0.03 0.02 0.01
90.90001426068909 0.0 0.0 0.0 0.0 0.0 0.0 0.0 0.0 0.0 0.0 0.0 0.0 0.0 0.0 0.0 0.0 0.0 0.0 0.0 0.0 0.0 0.0 0.0 0.0
93.50001691375978 0.0 0.0 0.0 0.0 0.0 0.0 0.0 0.0 0.0 0.0 0.0 0.0 0.0 0.0 0.0 0.0 0.0 0.0 0.0 0.0 0.0 0.0 0.0 0.0
96.10001003008598 0.0 0.0 0.0 0.0 0.0 0.0 0.0 0.0 0.0 0.0 0.0 0.0 0.0 0.0 0.0 0.0 0.0 0.0 0.0 0.0 0.0 0.0 0.0 0.0
97.7000182651065 0.0 0.0 0.0 0.0 0.0 0.0 0.0 0.0 0.0 0.0 0.0 0.0 0.0 0.0 0.0 0.0 0.0 0.0 0.0 0.0 0.0 0.0 0.0 0.0
99.60001433512298 0.0 0.0 0.0 0.0 0.0 0.0 0.0 0.0 0.0 0.0 0.0 0.0 0.0 0.0 0.0 0.0 0.0 0.0 0.0 0.0 0.0 0.0 0.0 0.0
102.00001238253698 0.0 0.0 0.0 0.0 0.0 0.0 0.0 0.0 0.0 0.0 0.0 0.0 0.0 0.0 0.0 0.0 0.0 0.0 0.0 0.0 0.0 0.0 0.0 0.0
103.80001568646998 0.0 0.0 0.0 0.0 0.0 0.0 0.0 0.0 0.0 0.0 0.0 0.0 0.0 0.0 0.0 0.0 0.0 0.0 0.0 0.0 0.0 0.0 0.0 0.0
105.60001899040198 0.0 0.0 0.0 0.0 0.0 0.0 0.0 0.0 0.0 0.0 0.0 0.0 0.0 0.0 0.0 0.0 0.0 0.0 0.0 0.0 0.0 0.0 0.0 0.0
107.70001966607597 0.0 0.0 0.0 0.0 0.0 0.0 0.0 0.0 0.0 0.0 0.0 0.0 0.0 0.0 0.0 0.0 0.0 0.0 0.0 0.0 0.0 0.0 0.0 0.0
110.40001508522998 0.0 0.0 0.0 0.0 0.0 0.0 0.0 0.0 0.0 0.0 0.0 0.0 0.0 0.0 0.0 0.0 0.0 0.0 0.0 0.0 0.0 0.0 0.0 0.0
114.00001215635099 0.0 0.0 0.0 0.0 0.0 0.0 0.0 0.0 0.0 0.0 0.0 0.0 0.0 0.0 0.0 0.0 0.0 0.0 0.0 0.0 0.0 0.0 0.0 0.0
117.80001383312899 0.0 0.0 0.0 0.0 0.0 0.0 0.0 0.0 0.0 0.0 0.0 0.0 0.0 0.0 0.0 0.0 0.0 0.0 0.0 0.0 0.0 0.0 0.0 0.0
121.30001813816598 0.0 0.0 0.0 0.0 0.0 0.0 0.0 0.0 0.0 0.0 0.0 0.0 0.0 0.0 0.0 0.0 0.0 0.0 0.0 0.0 0.0 0.0 0.0 0.0
124.80001290645798 0.0 0.0 0.0 0.0 0.0 0.0 0.0 0.0 0.0 0.0 0.0 0.0 0.0 0.0 0.0 0.0 0.0 0.0 0.0 0.0 0.0 0.0 0.0 0.0
127.10001818778797 0.0 0.0 0.0 0.0 0.0 0.0 0.0 0.0 0.0 0.0 0.0 0.0 0.0 0.0 0.0 0.0 0.0 0.0 0.0 0.0 0.0 0.0 0.0 0.0
128.400019514324 0.0 0.0 0.0 0.0 0.0 0.0 0.0 0.0 0.0 0.0 0.0 0.0 0.0 0.0 0.0 0.0 0.0 0.0 0.0 0.0 0.0 0.0 0.0 0.0
130.50002018999697 0.0 0.0 0.0 0.0 0.0 0.0 0.0 0.0 0.0 0.0 0.0 0.0 0.0 0.0 0.0 0.0 0.0 0.0 0.0 0.0 0.0 0.0 0.0 0.0
132.40001626001398 0.0 0.0 0.0 0.0 0.0 0.0 0.0 0.0 0.0 0.0 0.0 0.0 0.0 0.0 0.0 0.0 0.0 0.0 0.0 0.0 0.0 0.0 0.0 0.0
133.90002219220597 0.0 0.0 0.0 0.0 0.0 0.0 0.0 0.0 0.0 0.0 0.0 0.0 0.0 0.0 0.0 0.0 0.0 0.0 0.0 0.0 0.0 0.0 0.0 0.0
136.60001761136 0.0 0.0 0.0 0.0 0.0 0.0 0.0 0.0 0.0 0.0 0.0 0.0 0.0 0.0 0.0 0.0 0.0 0.0 0.0 0.0 0.0 0.0 0.0 0.0
139.80001500791198 0.0 0.0 0.0 0.0 0.0 0.0 0.0 0.0 0.0 0.0 0.0 0.0 0.0 0.0 0.0 0.0 0.0 0.0 0.0 0.0 0.0 0.0 0.0 0.0
143.30001931294896 0.0 0.0 0.0 0.0 0.0 0.0 0.0 0.0 0.0 0.0 0.0 0.0 0.0 0.0 0.0 0.0 0.0 0.0 0.0 0.0 0.0 0.0 0.0 0.0
147.200023292555 0.0 0.0 0.0 0.0 0.0 0.0 0.0 0.0 0.0 0.0 0.0 0.0 0.0 0.0 0.0 0.0 0.0 0.0 0.0 0.0 0.0 0.0 0.0 0.0
151.00002496933297 0.0 0.0 0.0 0.0 0.0 0.0 0.0 0.0 0.0 0.0 0.0 0.0 0.0 0.0 0.0 0.0 0.0 0.0 0.0 0.0 0.0 0.0 0.0 0.0
155.20002632067897 0.0 0.0 0.0 0.0 0.0 0.0 0.0 0.0 0.0 0.0 0.0 0.0 0.0 0.0 0.0 0.0 0.0 0.0 0.0 0.0 0.0 0.0 0.0 0.0
158.80002339179998 0.0 0.0 0.0 0.0 0.0 0.0 0.0 0.0 0.0 0.0 0.0 0.0 0.0 0.0 0.0 0.0 0.0 0.0 0.0 0.0 0.0 0.0 0.0 0.0
162.00003032509696 0.0 0.0 0.0 0.0 0.0 0.0 0.0 0.0 0.0 0.0 0.0 0.0 0.0 0.0 0.0 0.0 0.0 0.0 0.0 0.0 0.0 0.0 0.0 0.0
166.00002707078698 0.0 0.0 0.0 0.0 0.0 0.0 0.0 0.0 0.0 0.0 0.0 0.0 0.0 0.0 0.0 0.0 0.0 0.0 0.0 0.0 0.0 0.0 0.0 0.0
170.30003072496197 0.0 0.0 0.0 0.0 0.0 0.0 0.0 0.0 0.0 0.0 0.0 0.0 0.0 0.0 0.0 0.0 0.0 0.0 0.0 0.0 0.0 0.0 0.0 0.0
173.40002581868498 0.0 0.0 0.0 0.0 0.0 0.0 0.0 0.0 0.0 0.0 0.0 0.0 0.0 0.0 0.0 0.0 0.0 0.0 0.0 0.0 0.0 0.0 0.0 0.0
176.80002782089397 0.0 0.0 0.0 0.0 0.0 0.0 0.0 0.0 0.0 0.0 0.0 0.0 0.0 0.0 0.0 0.0 0.0 0.0 0.0 0.0 0.0 0.0 0.0 0.0
180.20002982310197 0.0 0.0 0.0 0.0 0.0 0.0 0.0 0.0 0.0 0.0 0.0 0.0 0.0 0.0 0.0 0.0 0.0 0.0 0.0 0.0 0.0 0.0 0.0 0.0
181.70002621855 0.0 0.0 0.0 0.0 0.0 0.0 0.0 0.0 0.0 0.0 0.0 0.0 0.0 0.0 0.0 0.0 0.0 0.0 0.0 0.0 0.0 0.0 0.0 0.0
186.10003217555297 0.0 0.0 0.0 0.0 0.0 0.0 0.0 0.0 0.0 0.0 0.0 0.0 0.0 0.0 0.0 0.0 0.0 0.0 0.0 0.0 0.0 0.0 0.0 0.0
191.00003057320998 0.0 0.0 0.0 0.0 0.0 0.0 0.0 0.0 0.0 0.0 0.0 0.0 0.0 0.0 0.0 0.0 0.0 0.0 0.0 0.0 0.0 0.0 0.0 0.0
193.90002106127596 0.0 0.0 0.0 0.0 0.0 0.0 0.0 0.0 0.0 0.0 0.0 0.0 0.0 0.0 0.0 0.0 0.0 0.0 0.0 0.0 0.0 0.0 0.0 0.0
198.40002932110795 0.0 0.0 0.0 0.0 0.0 0.0 0.0 0.0 0.0 0.0 0.0 0.0 0.0 0.0 0.0 0.0 0.0 0.0 0.0 0.0 0.0 0.0 0.0 0.0
201.80003132331694 0.0 0.0 0.0 0.0 0.0 0.0 0.0 0.0 0.0 0.0 0.0 0.0 0.0 0.0 0.0 0.0 0.0 0.0 0.0 0.0 0.0 0.0 0.0 0.0
205.00002871986896 0.0 0.0 0.0 0.0 0.0 0.0 0.0 0.0 0.0 0.0 0.0 0.0 0.0 0.0 0.0 0.0 0.0 0.0 0.0 0.0 0.0 0.0 0.0 0.0
210.50002186100596 0.0 0.0 0.0 0.0 0.0 0.0 0.0 0.0 0.0 0.0 0.0 0.0 0.0 0.0 0.0 0.0 0.0 0.0 0.0 0.0 0.0 0.0 0.0 0.0
216.20003868128896 0.0 0.0 0.0 0.0 0.0 0.0 0.0 0.0 0.0 0.0 0.0 0.0 0.0 0.0 0.0 0.0 0.0 0.0 0.0 0.0 0.0 0.0 0.0 0.0
219.80002621566598 0.0 0.0 0.0 0.0 0.0 0.0 0.0 0.0 0.0 0.0 0.0 0.0 0.0 0.0 0.0 0.0 0.0 0.0 0.0 0.0 0.0 0.0 0.0 0.0
223.00002361221797 0.0 0.0 0.0 0.0 0.0 0.0 0.0 0.0 0.0 0.0 0.0 0.0 0.0 0.0 0.0 0.0 0.0 0.0 0.0 0.0 0.0 0.0 0.0 0.0
226.80003482573997 0.0 0.0 0.0 0.0 0.0 0.0 0.0 0.0 0.0 0.0 0.0 0.0 0.0 0.0 0.0 0.0 0.0 0.0 0.0 0.0 0.0 0.0 0.0 0.0
230.00003222229196 0.0 0.0 0.0 0.0 0.0 0.0 0.0 0.0 0.0 0.0 0.0 0.0 0.0 0.0 0.0 0.0 0.0 0.0 0.0 0.0 0.0 0.0 0.0 0.0
234.00002896798097 0.0 0.0 0.0 0.0 0.0 0.0 0.0 0.0 0.0 0.0 0.0 0.0 0.0 0.0 0.0 0.0 0.0 0.0 0.0 0.0 0.0 0.0 0.0 0.0
240.00003362326098 0.0 0.0 0.0 0.0 0.0 0.0 0.0 0.0 0.0 0.0 0.0 0.0 0.0 0.0 0.0 0.0 0.0 0.0 0.0 0.0 0.0 0.0 0.0 0.0
246.50003071919295 0.0 0.0 0.0 0.0 0.0 0.0 0.0 0.0 0.0 0.0 0.0 0.0 0.0 0.0 0.0 0.0 0.0 0.0 0.0 0.0 0.0 0.0 0.0 0.0
252.40003307164395 0.0 0.0 0.0 0.0 0.0 0.0 0.0 0.0 0.0 0.0 0.0 0.0 0.0 0.0 0.0 0.0 0.0 0.0 0.0 0.0 0.0 0.0 0.0 0.0
256.80003902864695 0.0 0.0 0.0 0.0 0.0 0.0 0.0 0.0 0.0 0.0 0.0 0.0 0.0 0.0 0.0 0.0 0.0 0.0 0.0 0.0 0.0 0.0 0.0 0.0
260.00003642519897 0.0 0.0 0.0 0.0 0.0 0.0 0.0 0.0 0.0 0.0 0.0 0.0 0.0 0.0 0.0 0.0 0.0 0.0 0.0 0.0 0.0 0.0 0.0 0.0
264.00003317088897 0.0 0.0 0.0 0.0 0.0 0.0 0.0 0.0 0.0 0.0 0.0 0.0 0.0 0.0 0.0 0.0 0.0 0.0 0.0 0.0 0.0 0.0 0.0 0.0
268.50004143072096 0.0 0.0 0.0 0.0 0.0 0.0 0.0 0.0 0.0 0.0 0.0 0.0 0.0 0.0 0.0 0.0 0.0 0.0 0.0 0.0 0.0 0.0 0.0 0.0
273.50004213120496 0.0 0.0 0.0 0.0 0.0 0.0 0.0 0.0 0.0 0.0 0.0 0.0 0.0 0.0 0.0 0.0 0.0 0.0 0.0 0.0 0.0 0.0 0.0 0.0
278.50004283168994 0.0 0.0 0.0 0.0 0.0 0.0 0.0 0.0 0.0 0.0 0.0 0.0 0.0 0.0 0.0 0.0 0.0 0.0 0.0 0.0 0.0 0.0 0.0 0.0
284.00003597282694 0.0 0.0 0.0 0.0 0.0 0.0 0.0 0.0 0.0 0.0 0.0 0.0 0.0 0.0 0.0 0.0 0.0 0.0 0.0 0.0 0.0 0.0 0.0 0.0
290.00004062810694 0.0 0.0 0.0 0.0 0.0 0.0 0.0 0.0 0.0 0.0 0.0 0.0 0.0 0.0 0.0 0.0 0.0 0.0 0.0 0.0 0.0 0.0 0.0 0.0
296.000045283386 0.0 0.0 0.0 0.0 0.0 0.0 0.0 0.0 0.0 0.0 0.0 0.0 0.0 0.0 0.0 0.0 0.0 0.0 0.0 0.0 0.0 0.0 0.0 0.0
301.0000459838709 0.0 0.0 0.0 0.0 0.0 0.0 0.0 0.0 0.0 0.0 0.0 0.0 0.0 0.0 0.0 0.0 0.0 0.0 0.0 0.0 0.0 0.0 0.0 0.0
308.0000355204559 0.0 0.0 0.0 0.0 0.0 0.0 0.0 0.0 0.0 0.0 0.0 0.0 0.0 0.0 0.0 0.0 0.0 0.0 0.0 0.0 0.0 0.0 0.0 0.0
318.00003692142496 0.0 0.0 0.0 0.0 0.0 0.0 0.0 0.0 0.0 0.0 0.0 0.0 0.0 0.0 0.0 0.0 0.0 0.0 0.0 0.0 0.0 0.0 0.0 0.0
328.0000383223939 0.0 0.0 0.0 0.0 0.0 0.0 0.0 0.0 0.0 0.0 0.0 0.0 0.0 0.0 0.0 0.0 0.0 0.0 0.0 0.0 0.0 0.0 0.0 0.0
338.00003972336293 0.0 0.0 0.0 0.0 0.0 0.0 0.0 0.0 0.0 0.0 0.0 0.0 0.0 0.0 0.0 0.0 0.0 0.0 0.0 0.0 0.0 0.0 0.0 0.0
348.00004112433294 0.0 0.0 0.0 0.0 0.0 0.0 0.0 0.0 0.0 0.0 0.0 0.0 0.0 0.0 0.0 0.0 0.0 0.0 0.0 0.0 0.0 0.0 0.0 0.0
357.00005764399594 0.0 0.0 0.0 0.0 0.0 0.0 0.0 0.0 0.0 0.0 0.0 0.0 0.0 0.0 0.0 0.0 0.0 0.0 0.0 0.0 0.0 0.0 0.0 0.0
366.00003601668095 0.0 0.0 0.0 0.0 0.0 0.0 0.0 0.0 0.0 0.0 0.0 0.0 0.0 0.0 0.0 0.0 0.0 0.0 0.0 0.0 0.0 0.0 0.0 0.0
375.0000525363449 0.0 0.0 0.0 0.0 0.0 0.0 0.0 0.0 0.0 0.0 0.0 0.0 0.0 0.0 0.0 0.0 0.0 0.0 0.0 0.0 0.0 0.0 0.0 0.0
385.0000539373139 0.0 0.0 0.0 0.0 0.0 0.0 0.0 0.0 0.0 0.0 0.0 0.0 0.0 0.0 0.0 0.0 0.0 0.0 0.0 0.0 0.0 0.0 0.0 0.0
395.00005533828295 0.0 0.0 0.0 0.0 0.0 0.0 0.0 0.0 0.0 0.0 0.0 0.0 0.0 0.0 0.0 0.0 0.0 0.0 0.0 0.0 0.0 0.0 0.0 0.0
405.00005673925295 0.0 0.0 0.0 0.0 0.0 0.0 0.0 0.0 0.0 0.0 0.0 0.0 0.0 0.0 0.0 0.0 0.0 0.0 0.0 0.0 0.0 0.0 0.0 0.0
414.0000732589159 0.0 0.0 0.0 0.0 0.0 0.0 0.0 0.0 0.0 0.0 0.0 0.0 0.0 0.0 0.0 0.0 0.0 0.0 0.0 0.0 0.0 0.0 0.0 0.0
422.0000667502959 0.0 0.0 0.0 0.0 0.0 0.0 0.0 0.0 0.0 0.0 0.0 0.0 0.0 0.0 0.0 0.0 0.0 0.0 0.0 0.0 0.0 0.0 0.0 0.0
430.0000602416759 0.0 0.0 0.0 0.0 0.0 0.0 0.0 0.0 0.0 0.0 0.0 0.0 0.0 0.0 0.0 0.0 0.0 0.0 0.0 0.0 0.0 0.0 0.0 0.0
441.0000465239509 0.0 0.0 0.0 0.0 0.0 0.0 0.0 0.0 0.0 0.0 0.0 0.0 0.0 0.0 0.0 0.0 0.0 0.0 0.0 0.0 0.0 0.0 0.0 0.0
451.00004792491995 0.0 0.0 0.0 0.0 0.0 0.0 0.0 0.0 0.0 0.0 0.0 0.0 0.0 0.0 0.0 0.0 0.0 0.0 0.0 0.0 0.0 0.0 0.0 0.0
460.0000644445829 0.0 0.0 0.0 0.0 0.0 0.0 0.0 0.0 0.0 0.0 0.0 0.0 0.0 0.0 0.0 0.0 0.0 0.0 0.0 0.0 0.0 0.0 0.0 0.0
470.00006584555194 0.0 0.0 0.0 0.0 0.0 0.0 0.0 0.0 0.0 0.0 0.0 0.0 0.0 0.0 0.0 0.0 0.0 0.0 0.0 0.0 0.0 0.0 0.0 0.0
480.00006724652195 0.0 0.0 0.0 0.0 0.0 0.0 0.0 0.0 0.0 0.0 0.0 0.0 0.0 0.0 0.0 0.0 0.0 0.0 0.0 0.0 0.0 0.0 0.0 0.0
490.00006864749093 0.0 0.0 0.0 0.0 0.0 0.0 0.0 0.0 0.0 0.0 0.0 0.0 0.0 0.0 0.0 0.0 0.0 0.0 0.0 0.0 0.0 0.0 0.0 0.0
500.00007004845986 0.0 0.0 0.0 0.0 0.0 0.0 0.0 0.0 0.0 0.0 0.0 0.0 0.0 0.0 0.0 0.0 0.0 0.0 0.0 0.0 0.0 0.0 0.0 0.0
506.0000556302499 0.0 0.0 0.0 0.0 0.0 0.0 0.0 0.0 0.0 0.0 0.0 0.0 0.0 0.0 0.0 0.0 0.0 0.0 0.0 0.0 0.0 0.0 0.0 0.0
512.000079359019 0.0 0.0 0.0 0.0 0.0 0.0 0.0 0.0 0.0 0.0 0.0 0.0 0.0 0.0 0.0 0.0 0.0 0.0 0.0 0.0 0.0 0.0 0.0 0.0
520.0000728503979 0.0 0.0 0.0 0.0 0.0 0.0 0.0 0.0 0.0 0.0 0.0 0.0 0.0 0.0 0.0 0.0 0.0 0.0 0.0 0.0 0.0 0.0 0.0 0.0
530.0000742513679 0.0 0.0 0.0 0.0 0.0 0.0 0.0 0.0 0.0 0.0 0.0 0.0 0.0 0.0 0.0 0.0 0.0 0.0 0.0 0.0 0.0 0.0 0.0 0.0
540.0000756523369 0.0 0.0 0.0 0.0 0.0 0.0 0.0 0.0 0.0 0.0 0.0 0.0 0.0 0.0 0.0 0.0 0.0 0.0 0.0 0.0 0.0 0.0 0.0 0.0
550.000077053306 0.0 0.0 0.0 0.0 0.0 0.0 0.0 0.0 0.0 0.0 0.0 0.0 0.0 0.0 0.0 0.0 0.0 0.0 0.0 0.0 0.0 0.0 0.0 0.0
560.0000784542749 0.0 0.0 0.0 0.0 0.0 0.0 0.0 0.0 0.0 0.0 0.0 0.0 0.0 0.0 0.0 0.0 0.0 0.0 0.0 0.0 0.0 0.0 0.0 0.0
570.0000798552438 0.0 0.0 0.0 0.0 0.0 0.0 0.0 0.0 0.0 0.0 0.0 0.0 0.0 0.0 0.0 0.0 0.0 0.0 0.0 0.0 0.0 0.0 0.0 0.0
580.0000812562139 0.0 0.0 0.0 0.0 0.0 0.0 0.0 0.0 0.0 0.0 0.0 0.0 0.0 0.0 0.0 0.0 0.0 0.0 0.0 0.0 0.0 0.0 0.0 0.0
590.0000826571829 0.0 0.0 0.0 0.0 0.0 0.0 0.0 0.0 0.0 0.0 0.0 0.0 0.0 0.0 0.0 0.0 0.0 0.0 0.0 0.0 0.0 0.0 0.0 0.0
600.0000840581519 0.0 0.0 0.0 0.0 0.0 0.0 0.0 0.0 0.0 0.0 0.0 0.0 0.0 0.0 0.0 0.0 0.0 0.0 0.0 0.0 0.0 0.0 0.0 0.0
610.0000854591209 0.0 0.0 0.0 0.0 0.0 0.0 0.0 0.0 0.0 0.0 0.0 0.0 0.0 0.0 0.0 0.0 0.0 0.0 0.0 0.0 0.0 0.0 0.0 0.0
620.0000868600898 0.0 0.0 0.0 0.0 0.0 0.0 0.0 0.0 0.0 0.0 0.0 0.0 0.0 0.0 0.0 0.0 0.0 0.0 0.0 0.0 0.0 0.0 0.0 0.0
630.0000882610599 0.0 0.0 0.0 0.0 0.0 0.0 0.0 0.0 0.0 0.0 0.0 0.0 0.0 0.0 0.0 0.0 0.0 0.0 0.0 0.0 0.0 0.0 0.0 0.0
640.0000896620288 0.0 0.0 0.0 0.0 0.0 0.0 0.0 0.0 0.0 0.0 0.0 0.0 0.0 0.0 0.0 0.0 0.0 0.0 0.0 0.0 0.0 0.0 0.0 0.0
650.0000910629979 0.0 0.0 0.0 0.0 0.0 0.0 0.0 0.0 0.0 0.0 0.0 0.0 0.0 0.0 0.0 0.0 0.0 0.0 0.0 0.0 0.0 0.0 0.0 0.0
658.0001227013558 0.0 0.0 0.0 0.0 0.0 0.0 0.0 0.0 0.0 0.0 0.0 0.0 0.0 0.0 0.0 0.0 0.0 0.0 0.0 0.0 0.0 0.0 0.0 0.0
665.0000931644519 0.0 0.0 0.0 0.0 0.0 0.0 0.0 0.0 0.0 0.0 0.0 0.0 0.0 0.0 0.0 0.0 0.0 0.0 0.0 0.0 0.0 0.0 0.0 0.0
675.0000945654209 0.0 0.0 0.0 0.0 0.0 0.0 0.0 0.0 0.0 0.0 0.0 0.0 0.0 0.0 0.0 0.0 0.0 0.0 0.0 0.0 0.0 0.0 0.0 0.0
685.00009596639 0.0 0.0 0.0 0.0 0.0 0.0 0.0 0.0 0.0 0.0 0.0 0.0 0.0 0.0 0.0 0.0 0.0 0.0 0.0 0.0 0.0 0.0 0.0 0.0
695.0000973673589 0.0 0.0 0.0 0.0 0.0 0.0 0.0 0.0 0.0 0.0 0.0 0.0 0.0 0.0 0.0 0.0 0.0 0.0 0.0 0.0 0.0 0.0 0.0 0.0
705.0000987683289 0.0 0.0 0.0 0.0 0.0 0.0 0.0 0.0 0.0 0.0 0.0 0.0 0.0 0.0 0.0 0.0 0.0 0.0 0.0 0.0 0.0 0.0 0.0 0.0
716.0000850506029 0.0 0.0 0.0 0.0 0.0 0.0 0.0 0.0 0.0 0.0 0.0 0.0 0.0 0.0 0.0 0.0 0.0 0.0 0.0 0.0 0.0 0.0 0.0 0.0
726.0000864515729 0.0 0.0 0.0 0.0 0.0 0.0 0.0 0.0 0.0 0.0 0.0 0.0 0.0 0.0 0.0 0.0 0.0 0.0 0.0 0.0 0.0 0.0 0.0 0.0
735.0001029712358 0.0 0.0 0.0 0.0 0.0 0.0 0.0 0.0 0.0 0.0 0.0 0.0 0.0 0.0 0.0 0.0 0.0 0.0 0.0 0.0 0.0 0.0 0.0 0.0
745.0001043722049 0.0 0.0 0.0 0.0 0.0 0.0 0.0 0.0 0.0 0.0 0.0 0.0 0.0 0.0 0.0 0.0 0.0 0.0 0.0 0.0 0.0 0.0 0.0 0.0
755.0001057731748 0.0 0.0 0.0 0.0 0.0 0.0 0.0 0.0 0.0 0.0 0.0 0.0 0.0 0.0 0.0 0.0 0.0 0.0 0.0 0.0 0.0 0.0 0.0 0.0
765.0001071741439 0.0 0.0 0.0 0.0 0.0 0.0 0.0 0.0 0.0 0.0 0.0 0.0 0.0 0.0 0.0 0.0 0.0 0.0 0.0 0.0 0.0 0.0 0.0 0.0
775.0001085751129 0.0 0.0 0.0 0.0 0.0 0.0 0.0 0.0 0.0 0.0 0.0 0.0 0.0 0.0 0.0 0.0 0.0 0.0 0.0 0.0 0.0 0.0 0.0 0.0
785.0001099760818 0.0 0.0 0.0 0.0 0.0 0.0 0.0 0.0 0.0 0.0 0.0 0.0 0.0 0.0 0.0 0.0 0.0 0.0 0.0 0.0 0.0 0.0 0.0 0.0
795.0001113770509 0.0 0.0 0.0 0.0 0.0 0.0 0.0 0.0 0.0 0.0 0.0 0.0 0.0 0.0 0.0 0.0 0.0 0.0 0.0 0.0 0.0 0.0 0.0 0.0
805.0001127780208 0.0 0.0 0.0 0.0 0.0 0.0 0.0 0.0 0.0 0.0 0.0 0.0 0.0 0.0 0.0 0.0 0.0 0.0 0.0 0.0 0.0 0.0 0.0 0.0
815.0001141789899 0.0 0.0 0.0 0.0 0.0 0.0 0.0 0.0 0.0 0.0 0.0 0.0 0.0 0.0 0.0 0.0 0.0 0.0 0.0 0.0 0.0 0.0 0.0 0.0
825.0001155799589 0.0 0.0 0.0 0.0 0.0 0.0 0.0 0.0 0.0 0.0 0.0 0.0 0.0 0.0 0.0 0.0 0.0 0.0 0.0 0.0 0.0 0.0 0.0 0.0
835.0001169809279 0.0 0.0 0.0 0.0 0.0 0.0 0.0 0.0 0.0 0.0 0.0 0.0 0.0 0.0 0.0 0.0 0.0 0.0 0.0 0.0 0.0 0.0 0.0 0.0
845.0001183818969 0.0 0.0 0.0 0.0 0.0 0.0 0.0 0.0 0.0 0.0 0.0 0.0 0.0 0.0 0.0 0.0 0.0 0.0 0.0 0.0 0.0 0.0 0.0 0.0
855.0001197828668 0.0 0.0 0.0 0.0 0.0 0.0 0.0 0.0 0.0 0.0 0.0 0.0 0.0 0.0 0.0 0.0 0.0 0.0 0.0 0.0 0.0 0.0 0.0 0.0
865.0001211838357 0.0 0.0 0.0 0.0 0.0 0.0 0.0 0.0 0.0 0.0 0.0 0.0 0.0 0.0 0.0 0.0 0.0 0.0 0.0 0.0 0.0 0.0 0.0 0.0
875.0001225848048 0.0 0.0 0.0 0.0 0.0 0.0 0.0 0.0 0.0 0.0 0.0 0.0 0.0 0.0 0.0 0.0 0.0 0.0 0.0 0.0 0.0 0.0 0.0 0.0
885.0001239857738 0.0 0.0 0.0 0.0 0.0 0.0 0.0 0.0 0.0 0.0 0.0 0.0 0.0 0.0 0.0 0.0 0.0 0.0 0.0 0.0 0.0 0.0 0.0 0.0
895.0001253867429 0.0 0.0 0.0 0.0 0.0 0.0 0.0 0.0 0.0 0.0 0.0 0.0 0.0 0.0 0.0 0.0 0.0 0.0 0.0 0.0 0.0 0.0 0.0 0.0
905.0001267877128 0.0 0.0 0.0 0.0 0.0 0.0 0.0 0.0 0.0 0.0 0.0 0.0 0.0 0.0 0.0 0.0 0.0 0.0 0.0 0.0 0.0 0.0 0.0 0.0
915.0001281886819 731.3779028768006 614.5854014531303 504.97245695997043 403.123881924134 309.7555527617451 225.76089968126107 152.2699411223155 119.8969734215888 90.71170563959166 64.94335305835685 51.223295023441594 42.83516530581702 31.431450403685968 24.63961679615628 15.71932266854448 10.662979192522728 8.4216751974439 6.386830244335629 4.576285166869298 3.0158640954986207 1.7418945844117302 0.23395678910019793 0.02214287171196575 2.3423598557299895e-05
925.0001295896509 2012.0057280879084 1676.438513027179 1364.4924232403569 1078.017813693273 819.1067368290455 590.10416730886 393.5885804989023 308.36449067327914 232.28808496429357 165.6927412675275 130.41984409862533 108.89900579490279 79.66675243780627 62.254877019214916 39.37391547696442 26.415844070012866 20.690140338581372 15.5160505302805 10.948938868025682 7.0642095481034755 3.9590625732185325 0.47496010532175514 0.039940147381611245 3.194883849866976e-05
935.0001309906198 2255.497686761837 1872.5597216038818 1518.1927252308094 1194.3838026268409 903.3447858627998 647.5013759913467 429.4393874689752 335.39847055269604 251.77451201058082 178.86022879827874 140.3647432544759 116.92528671662598 85.15251470544766 66.27029290595674 41.528050791342146 27.579623813217122 21.445378210256713 15.929227292346473 11.095342189547837 7.028876375432801 3.8345069592377348 0.4104136717786506 0.029983536769023815 1.657676592912946e-05
945.0001323915889 3097.4994595499506 2573.5188154963976 2088.6909954561525 1645.6300685772508 1247.2219537677308 896.6007093487572 597.0718844646736 467.50964866338563 351.9523503886295 250.77785629420285 197.1296275631795 164.35713490531637 119.77162259328541 93.17149982617015 58.19250357043774 38.4306310300262 29.744826079545295 21.950258725453452 15.148073299411806 9.468069118459146 5.062167527689843 0.49704286798139474 0.032570037220188156 1.3231917268912352e-05
955.0001337925579 4735.041600238617 3934.4655439017056 3193.478544759546 2516.147403699654 1906.9589303701796 1370.7775875448042 912.7188587931781 714.5921301229276 537.8894837548537 383.1846788238111 301.1506637483398 251.03583727346353 182.85170973642747 142.16842340600064 88.66683692968319 58.44492172505749 45.16720922916827 33.259229781312335 22.878945753253767 14.228776069531607 7.544491406625795 0.7071974603156708 0.04280954318070239 1.288293844726127e-05
965.0001351935279 7263.953336294516 6032.872222862084 4894.238560015598 3854.296227068475 2919.905393585166 2098.4429440454983 1397.5498448914243 1094.6617469602797 824.6379462934336 588.2452098601966 462.84279764288726 386.1848345388605 281.77200427534206 219.36624930026534 137.08957588171373 90.4509925115101 69.9095458830909 51.45664859588935 35.34841279702094 21.91547808578013 11.545167848318279 1.0350671564527087 0.0575970948892275 1.2345064449838066e-05
975.0001365944969 9020.425970061715 7508.409766369987 6108.446464249822 4827.917436868678 3674.8099912920898 2657.567970537779 1784.7760404461887 1405.1373278111196 1064.5992233589614 764.0092817891318 603.1806432760987 504.2359333244158 368.5038893890341 286.7565101046631 178.22300621079728 116.43230625669896 89.24350963394438 64.91241074753918 43.83852503143171 26.50994004687981 13.449210936041164 1.0236265560160578 0.046178527068208124 5.397582253712702e-06
985.0001379954657 13709.404634018389 11409.360718585007 9278.622934021081 7328.664372184481 5572.008254517729 4022.0494489597327 2692.6534748805448 2114.961502234711 1597.458805029584 1141.7025065900998 898.5574204256845 749.3510605581132 545.3540154118076 423.0236031644877 261.51135608436897 170.1982492686371 130.21325284769804 94.5504343097928 63.76371595235047 38.52485225780752 19.546265658113768 1.498032616404377 0.06835194388156027 8.15537382478504e-06
995.0001393964347 13380.163176748349 11130.284636971184 9047.30737464551 7142.385207329707 5427.651257577939 3916.0071475783993 2620.672476716686 2058.154721340826 1554.4120186284129 1110.839881524032 874.1727939023197 728.9123716389439 530.2455001122046 411.0619646496183 253.64909940843563 164.66190334319194 125.72289590066974 91.03070289720392 61.13914909208698 36.71426837567543 18.450302298746937 1.3494073963962034 0.0572862356147953 5.197329302453389e-06
1005.0001407973998 18006.151147718516 14995.739469875045 12206.521149855154 9653.234135962655 7351.815716980305 5319.101345656968 3572.225982278846 2811.1821204318585 2127.665138675893 1523.525417271008 1199.9785351358541 1000.8620825207958 727.77363806896 563.4913276617825 346.08672899070785 223.18374967081826 169.52233930344067 121.87026452278685 81.03803465960235 47.969938157503655 23.594882992670637 1.571294790876896 0.058896757998620784 3.615234820793994e-06
1015.0001421983698 0.0 0.0 0.0 0.0 0.0 0.0 0.0 0.0 0.0 0.0 0.0 0.0 0.0 0.0 0.0 0.0 0.0 0.0 0.0 0.0 0.0 0.0 0.0 0.0
1025.0001435993397 0.0 0.0 0.0 0.0 0.0 0.0 0.0 0.0 0.0 0.0 0.0 0.0 0.0 0.0 0.0 0.0 0.0 0.0 0.0 0.0 0.0 0.0 0.0 0.0
1035.0001450003099 0.0 0.0 0.0 0.0 0.0 0.0 0.0 0.0 0.0 0.0 0.0 0.0 0.0 0.0 0.0 0.0 0.0 0.0 0.0 0.0 0.0 0.0 0.0 0.0
1045.0001464012798 0.0 0.0 0.0 0.0 0.0 0.0 0.0 0.0 0.0 0.0 0.0 0.0 0.0 0.0 0.0 0.0 0.0 0.0 0.0 0.0 0.0 0.0 0.0 0.0
1055.0001478022498 0.0 0.0 0.0 0.0 0.0 0.0 0.0 0.0 0.0 0.0 0.0 0.0 0.0 0.0 0.0 0.0 0.0 0.0 0.0 0.0 0.0 0.0 0.0 0.0
1065.0001492032197 0.0 0.0 0.0 0.0 0.0 0.0 0.0 0.0 0.0 0.0 0.0 0.0 0.0 0.0 0.0 0.0 0.0 0.0 0.0 0.0 0.0 0.0 0.0 0.0
1075.00015060419 0.0 0.0 0.0 0.0 0.0 0.0 0.0 0.0 0.0 0.0 0.0 0.0 0.0 0.0 0.0 0.0 0.0 0.0 0.0 0.0 0.0 0.0 0.0 0.0
1085.0001520051599 0.0 0.0 0.0 0.0 0.0 0.0 0.0 0.0 0.0 0.0 0.0 0.0 0.0 0.0 0.0 0.0 0.0 0.0 0.0 0.0 0.0 0.0 0.0 0.0
1095.0001534061298 0.0 0.0 0.0 0.0 0.0 0.0 0.0 0.0 0.0 0.0 0.0 0.0 0.0 0.0 0.0 0.0 0.0 0.0 0.0 0.0 0.0 0.0 0.0 0.0
1105.0001548070998 0.0 0.0 0.0 0.0 0.0 0.0 0.0 0.0 0.0 0.0 0.0 0.0 0.0 0.0 0.0 0.0 0.0 0.0 0.0 0.0 0.0 0.0 0.0 0.0
1115.00015620807 0.0 0.0 0.0 0.0 0.0 0.0 0.0 0.0 0.0 0.0 0.0 0.0 0.0 0.0 0.0 0.0 0.0 0.0 0.0 0.0 0.0 0.0 0.0 0.0
1125.0001576090297 0.0 0.0 0.0 0.0 0.0 0.0 0.0 0.0 0.0 0.0 0.0 0.0 0.0 0.0 0.0 0.0 0.0 0.0 0.0 0.0 0.0 0.0 0.0 0.0
1135.0001590099998 0.0 0.0 0.0 0.0 0.0 0.0 0.0 0.0 0.0 0.0 0.0 0.0 0.0 0.0 0.0 0.0 0.0 0.0 0.0 0.0 0.0 0.0 0.0 0.0
1145.0001604109698 0.0 0.0 0.0 0.0 0.0 0.0 0.0 0.0 0.0 0.0 0.0 0.0 0.0 0.0 0.0 0.0 0.0 0.0 0.0 0.0 0.0 0.0 0.0 0.0
1155.0001618119397 0.0 0.0 0.0 0.0 0.0 0.0 0.0 0.0 0.0 0.0 0.0 0.0 0.0 0.0 0.0 0.0 0.0 0.0 0.0 0.0 0.0 0.0 0.0 0.0
1165.0001632129097 0.0 0.0 0.0 0.0 0.0 0.0 0.0 0.0 0.0 0.0 0.0 0.0 0.0 0.0 0.0 0.0 0.0 0.0 0.0 0.0 0.0 0.0 0.0 0.0
1175.0001646138799 0.0 0.0 0.0 0.0 0.0 0.0 0.0 0.0 0.0 0.0 0.0 0.0 0.0 0.0 0.0 0.0 0.0 0.0 0.0 0.0 0.0 0.0 0.0 0.0
1185.0001660148498 0.0 0.0 0.0 0.0 0.0 0.0 0.0 0.0 0.0 0.0 0.0 0.0 0.0 0.0 0.0 0.0 0.0 0.0 0.0 0.0 0.0 0.0 0.0 0.0
1195.0001674158198 0.0 0.0 0.0 0.0 0.0 0.0 0.0 0.0 0.0 0.0 0.0 0.0 0.0 0.0 0.0 0.0 0.0 0.0 0.0 0.0 0.0 0.0 0.0 0.0
1205.0001688167897 0.0 0.0 0.0 0.0 0.0 0.0 0.0 0.0 0.0 0.0 0.0 0.0 0.0 0.0 0.0 0.0 0.0 0.0 0.0 0.0 0.0 0.0 0.0 0.0
1215.00017021776 0.0 0.0 0.0 0.0 0.0 0.0 0.0 0.0 0.0 0.0 0.0 0.0 0.0 0.0 0.0 0.0 0.0 0.0 0.0 0.0 0.0 0.0 0.0 0.0
1225.0001716187298 0.0 0.0 0.0 0.0 0.0 0.0 0.0 0.0 0.0 0.0 0.0 0.0 0.0 0.0 0.0 0.0 0.0 0.0 0.0 0.0 0.0 0.0 0.0 0.0
1235.0001730196998 0.0 0.0 0.0 0.0 0.0 0.0 0.0 0.0 0.0 0.0 0.0 0.0 0.0 0.0 0.0 0.0 0.0 0.0 0.0 0.0 0.0 0.0 0.0 0.0
1245.0001744206697 0.0 0.0 0.0 0.0 0.0 0.0 0.0 0.0 0.0 0.0 0.0 0.0 0.0 0.0 0.0 0.0 0.0 0.0 0.0 0.0 0.0 0.0 0.0 0.0
1255.0001758216297 0.0 0.0 0.0 0.0 0.0 0.0 0.0 0.0 0.0 0.0 0.0 0.0 0.0 0.0 0.0 0.0 0.0 0.0 0.0 0.0 0.0 0.0 0.0 0.0
1265.0001772225999 0.0 0.0 0.0 0.0 0.0 0.0 0.0 0.0 0.0 0.0 0.0 0.0 0.0 0.0 0.0 0.0 0.0 0.0 0.0 0.0 0.0 0.0 0.0 0.0
1275.0001786235698 0.0 0.0 0.0 0.0 0.0 0.0 0.0 0.0 0.0 0.0 0.0 0.0 0.0 0.0 0.0 0.0 0.0 0.0 0.0 0.0 0.0 0.0 0.0 0.0
1285.0001800245398 0.0 0.0 0.0 0.0 0.0 0.0 0.0 0.0 0.0 0.0 0.0 0.0 0.0 0.0 0.0 0.0 0.0 0.0 0.0 0.0 0.0 0.0 0.0 0.0
1295.0001814255097 0.0 0.0 0.0 0.0 0.0 0.0 0.0 0.0 0.0 0.0 0.0 0.0 0.0 0.0 0.0 0.0 0.0 0.0 0.0 0.0 0.0 0.0 0.0 0.0
1305.0001828264797 0.0 0.0 0.0 0.0 0.0 0.0 0.0 0.0 0.0 0.0 0.0 0.0 0.0 0.0 0.0 0.0 0.0 0.0 0.0 0.0 0.0 0.0 0.0 0.0
1315.0001842274498 0.0 0.0 0.0 0.0 0.0 0.0 0.0 0.0 0.0 0.0 0.0 0.0 0.0 0.0 0.0 0.0 0.0 0.0 0.0 0.0 0.0 0.0 0.0 0.0
1325.0001856284198 0.0 0.0 0.0 0.0 0.0 0.0 0.0 0.0 0.0 0.0 0.0 0.0 0.0 0.0 0.0 0.0 0.0 0.0 0.0 0.0 0.0 0.0 0.0 0.0
1335.0001870293897 0.0 0.0 0.0 0.0 0.0 0.0 0.0 0.0 0.0 0.0 0.0 0.0 0.0 0.0 0.0 0.0 0.0 0.0 0.0 0.0 0.0 0.0 0.0 0.0
1345.0001884303597 0.0 0.0 0.0 0.0 0.0 0.0 0.0 0.0 0.0 0.0 0.0 0.0 0.0 0.0 0.0 0.0 0.0 0.0 0.0 0.0 0.0 0.0 0.0 0.0
1355.0001898313299 0.0 0.0 0.0 0.0 0.0 0.0 0.0 0.0 0.0 0.0 0.0 0.0 0.0 0.0 0.0 0.0 0.0 0.0 0.0 0.0 0.0 0.0 0.0 0.0
1365.0001912322998 0.0 0.0 0.0 0.0 0.0 0.0 0.0 0.0 0.0 0.0 0.0 0.0 0.0 0.0 0.0 0.0 0.0 0.0 0.0 0.0 0.0 0.0 0.0 0.0
1375.0001926332598 0.0 0.0 0.0 0.0 0.0 0.0 0.0 0.0 0.0 0.0 0.0 0.0 0.0 0.0 0.0 0.0 0.0 0.0 0.0 0.0 0.0 0.0 0.0 0.0
1385.00019403423 0.0 0.0 0.0 0.0 0.0 0.0 0.0 0.0 0.0 0.0 0.0 0.0 0.0 0.0 0.0 0.0 0.0 0.0 0.0 0.0 0.0 0.0 0.0 0.0
1395.0001954351999 0.0 0.0 0.0 0.0 0.0 0.0 0.0 0.0 0.0 0.0 0.0 0.0 0.0 0.0 0.0 0.0 0.0 0.0 0.0 0.0 0.0 0.0 0.0 0.0
1405.0001968361698 0.0 0.0 0.0 0.0 0.0 0.0 0.0 0.0 0.0 0.0 0.0 0.0 0.0 0.0 0.0 0.0 0.0 0.0 0.0 0.0 0.0 0.0 0.0 0.0
1415.0001982371398 0.0 0.0 0.0 0.0 0.0 0.0 0.0 0.0 0.0 0.0 0.0 0.0 0.0 0.0 0.0 0.0 0.0 0.0 0.0 0.0 0.0 0.0 0.0 0.0
1425.00019963811 0.0 0.0 0.0 0.0 0.0 0.0 0.0 0.0 0.0 0.0 0.0 0.0 0.0 0.0 0.0 0.0 0.0 0.0 0.0 0.0 0.0 0.0 0.0 0.0
1435.00020103908 0.0 0.0 0.0 0.0 0.0 0.0 0.0 0.0 0.0 0.0 0.0 0.0 0.0 0.0 0.0 0.0 0.0 0.0 0.0 0.0 0.0 0.0 0.0 0.0
1442.0001715021797 0.0 0.0 0.0 0.0 0.0 0.0 0.0 0.0 0.0 0.0 0.0 0.0 0.0 0.0 0.0 0.0 0.0 0.0 0.0 0.0 0.0 0.0 0.0 0.0
1447.0001722026598 0.0 0.0 0.0 0.0 0.0 0.0 0.0 0.0 0.0 0.0 0.0 0.0 0.0 0.0 0.0 0.0 0.0 0.0 0.0 0.0 0.0 0.0 0.0 0.0
1455.0002038410196 0.0 0.0 0.0 0.0 0.0 0.0 0.0 0.0 0.0 0.0 0.0 0.0 0.0 0.0 0.0 0.0 0.0 0.0 0.0 0.0 0.0 0.0 0.0 0.0
1465.0002052419895 0.0 0.0 0.0 0.0 0.0 0.0 0.0 0.0 0.0 0.0 0.0 0.0 0.0 0.0 0.0 0.0 0.0 0.0 0.0 0.0 0.0 0.0 0.0 0.0
1475.0002066429597 0.0 0.0 0.0 0.0 0.0 0.0 0.0 0.0 0.0 0.0 0.0 0.0 0.0 0.0 0.0 0.0 0.0 0.0 0.0 0.0 0.0 0.0 0.0 0.0
1485.0002080439297 0.0 0.0 0.0 0.0 0.0 0.0 0.0 0.0 0.0 0.0 0.0 0.0 0.0 0.0 0.0 0.0 0.0 0.0 0.0 0.0 0.0 0.0 0.0 0.0
1495.0002094448996 0.0 0.0 0.0 0.0 0.0 0.0 0.0 0.0 0.0 0.0 0.0 0.0 0.0 0.0 0.0 0.0 0.0 0.0 0.0 0.0 0.0 0.0 0.0 0.0
1505.0002108458598 0.0 0.0 0.0 0.0 0.0 0.0 0.0 0.0 0.0 0.0 0.0 0.0 0.0 0.0 0.0 0.0 0.0 0.0 0.0 0.0 0.0 0.0 0.0 0.0
1512.0001813089598 0.0 0.0 0.0 0.0 0.0 0.0 0.0 0.0 0.0 0.0 0.0 0.0 0.0 0.0 0.0 0.0 0.0 0.0 0.0 0.0 0.0 0.0 0.0 0.0
1517.0001820094396 0.0 0.0 0.0 0.0 0.0 0.0 0.0 0.0 0.0 0.0 0.0 0.0 0.0 0.0 0.0 0.0 0.0 0.0 0.0 0.0 0.0 0.0 0.0 0.0
1525.0002136477997 0.0 0.0 0.0 0.0 0.0 0.0 0.0 0.0 0.0 0.0 0.0 0.0 0.0 0.0 0.0 0.0 0.0 0.0 0.0 0.0 0.0 0.0 0.0 0.0
1535.0002150487696 25126143727.765358 22283324948.306957 19463923952.06188 16675353556.311836 13927308167.16124 11232694675.163454 8609025544.545435 7331026413.123364 6080529923.5455675 4862136432.115472 4148760343.620323 3681369832.3993936 2993754249.927313 2545160734.229719 1889025678.1054795 1464853854.5332046 1257735256.3424962 1054759166.9001774 856980598.316341 666078690.9759426 484785657.9572428 172199491.32298568 61301038.02757126 4865239.49361448
1545.0002164497398 24137707695.84742 21481534305.000095 18834810305.308533 16203404474.085426 13595333139.572802 11021819862.34337 8499026174.392709 7263738779.977107 6051019343.30985 4865983078.600119 4170877778.7089014 3715111076.3529477 3044317459.450155 2606608333.9739585 1966064374.0972092 1551018016.4995837 1347568436.2561073 1147193990.7250247 950359245.3578591 757860721.2848581 571152109.8405684 229190383.297965 91978809.62096159 9572725.659396883
1555.0002178507098 50008623728.5575 44534615217.17479 39074337258.431175 33639611579.69511 28246671403.877686 22918392613.44181 17688039820.75193 15124364380.63788 12605953393.050274 10143840250.119148 8699364815.300035 7752288475.037424 6358714257.172255 5449789860.560523 4120666037.882981 3260230972.4012237 2838632216.4517736 2423394694.613068 2015261109.5034716 1615474850.870358 1226325537.792834 503849825.28018457 205470608.70530546 21712526.93003731
1565.0002192516797 45716657685.542145 40749726338.31961 35789563875.156 30846457568.74131 25934649408.65895 21074346933.146797 16295095843.451286 13949033490.89097 11641757101.206314 9383059946.5925 8056230195.060328 7185444736.290172 5902589778.088345 5064598850.816071 3836572109.6792655 3039145894.7897573 2647428357.78282 2260811120.217038 1879883799.262748 1505743092.8342006 1140596280.348416 462064654.70289105 184807255.61915863 18596767.20614513
1575.0002206526497 117233144263.56137 105438030848.78793 93535798975.73183 81533960723.57622 69445207670.86618 57290864351.98449 45107518730.78441 39023666731.353615 32960676287.97254 26936268381.336555 23350394208.46952 20976220150.293633 17446631287.44743 15119938847.831442 11681215399.8612 9432072368.722315 8323496144.093667 7227255360.097678 6144865614.17251 5078158641.781587 4029499669.9940805 2003398299.3352346 1051779767.8664063 241549901.6481512
1585.0002220536198 142289673536.39404 128057456791.68314 113683846546.0445 99176851462.51859 84550578100.0901 69829323728.26231 55055461451.57633 47670691346.8876 40305843936.303764 32982002432.892025 28619619074.67551 25729937716.13368 21431632306.670906 18596362318.773544 14402149345.32681 11654880877.276434 10298870763.71387 8956108885.855614 7627833175.898574 6315445373.252076 5020763199.6293745 2501279941.1070743 1309402077.6550937 296478525.01410913
1595.0002234545898 171691563824.88138 154571127350.47504 137267413359.02942 119789501690.33026 102153861528.0634 84389497272.0659 66548009817.17435 57625399736.5171 48724611654.18652 39872076875.34956 34599069443.433174 31106386765.568043 25911799897.563766 22486015836.697914 17419813844.98007 14102719118.607561 12465888800.978933 10845298290.633516 9242325173.979595 7658419266.669195 6095322039.208556 3048218531.5425596 1600949868.229575 363452572.46587116
1605.0002248555597 191537310682.58737 172282533857.64908 152850015715.2823 133252127171.98221 113509732735.52864 93657796446.95401 73756095628.56146 63817014239.37889 53911131201.98853 44066969649.044075 38206456867.159645 34325583792.017765 28554443905.07696 24748481279.23681 19119257682.868942 15432770604.719938 13613628209.02894 11812852888.75235 10032529790.639654 8275253829.110611 6544649937.269122 3195734887.4825273 1634155526.168691 349146049.2830659
1615.0002262565297 211498831356.2412 190124420973.561 168576784985.82477 146871381127.97104 125033439304.90329 103104261009.38235 81153030420.01425 70203746678.39523 59300341771.54953 48474053867.92341 42032828845.19373 37768690567.91768 31428556655.480915 27246940419.865044 21058162786.97637 16999067941.844505 14992766499.402342 13003624500.381197 11033188449.506437 9083639189.375502 7158772290.586658 3428088735.7036276 1705261931.463177 336549117.9724009
1625.0002276574996 247971066503.53754 223142088731.87402 198074881468.26093 172782037444.6382 147286538342.27332 121628991625.33005 95881471341.36652 83011505878.79735 70175803285.86456 57410455299.50638 49805885135.70409 44767898285.216225 37272670984.90296 32327395670.96254 25009374983.20613 20213957971.19118 17846340914.526993 15501390201.204933 13181247725.896267 10888284801.104424 8625469894.72807 4219734531.2171373 2145827326.106366 442712197.2509644
1635.0002290584598 316765917838.7699 286014469269.50323 254864295757.01712 223311164962.88052 191357798864.27542 159020012914.6071 126339441921.38766 109896980727.09834 93411551942.00539 76914109462.86945 67028607789.66699 60451964324.28304 50620956789.59899 44099634686.70249 34389246894.15745 27980921456.308506 24802081302.298855 21643315338.831955 18507503254.2594 15398132460.986794 12319817882.39516 6293728835.0693 3410166610.507503 873439252.2758718
1645.0002304594298 485476862447.58026 438845556235.4959 391547113223.59674 343564487738.7417 294888536361.45233 245526415803.26358 195520156815.10925 170307834617.74408 144990062112.27667 119611276847.26811 104382564216.23021 94242105312.45415 79070215366.23941 68997187261.17383 53985390995.4018 44069861019.663 39148368883.17536 34255458924.91861 29394627647.380806 24569387021.425556 19783251808.994617 10351498283.976171 5761227767.005692 1575523433.055818
1655.0002318603997 332536592719.4683 300334821360.8535 267721254920.49713 234688378837.0919 201234699692.3506 167370533829.75815 133130053550.98232 115891815189.81465 98597525907.75322 81275200286.98882 70885234629.9501 63967426652.37461 53615800681.916084 46740169882.8966 36484189448.30488 29699964942.015053 26328638274.181133 22973959902.167892 19638632690.713036 16326311707.853273 13042641408.13843 6615316742.899898 3559579048.409587 903698299.9897888
1665.0002332613699 610256952938.0331 552250817358.6472 493338900434.1356 433486136831.4308 372663386668.30316 310856076023.3293 248084403420.7643 216363737210.80948 184452856307.33423 152398447642.86948 133127519888.21693 120278635944.13063 101027311448.55363 88226754442.81207 69120914177.22638 56482953521.13292 50205717689.95703 43962827073.98697 37759713003.61511 31601944246.12453 25494694174.934647 13450046592.807114 7554535187.715534 2108402730.4100852
1672.0002037244697 395107152462.3466 356661956027.2672 317747234769.8488 278357884056.2953 238497034329.57706 198183137721.11722 157464454941.4328 136983623421.64833 116450416443.82318 95899636416.42082 83581533777.47246 75383708639.28577 63122883490.77633 54983759945.141846 42851632299.371605 34834143788.65032 30853394971.405437 26895503683.71207 22964731764.7645 19066926210.036236 15210818509.03206 7696261499.405144 4140640938.7377286 1054527486.0086077
1677.0002044249497 663437008532.748 601311252662.485 538097853434.07324 473738900187.9791 408177821311.0592 341366310161.61523 273281960152.2794 238772782105.54495 203974873458.45844 168926418051.14734 147804207964.41104 133697273428.00357 112522115999.38013 98414113704.75305 77309627574.3137 63314830795.330055 56352339527.875305 49420144075.0893 42524381253.971794 35671768868.12768 28869280470.938046 15442491011.643602 8854556066.113632 2657131423.9715433
1685.0002360633098 1177953019554.407 1072725624951.1498 964993244751.1473 854534417767.6282 741101624375.5387 624421810138.2468 504205767230.7729 442685300220.30853 380189068154.6411 316713907424.5203 278173059714.24774 252301459332.72934 213256451513.49963 187095702417.9431 147736290057.8056 121492351233.45935 108397880892.02777 95340189137.4827 82337468889.13101 69412402312.39522 56592824382.958084 31402694952.667877 19100966867.382374 7159932441.456077
1695.0002374642797 1974985249342.2969 1810936225339.5183 1641601492496.3071 1466305003361.7554 1284234840135.021 1094406090401.7406 895617715633.1031 792420310014.647 686420875627.4142 577409946092.3683 510475660580.924 465195061495.06323 396275586708.1866 349669085592.49896 278820769746.0584 231040577749.766 207024191767.97803 182952557613.03668 158857920003.36902 134785032420.17848 110796186264.12271 63446862792.932014 40344057275.307304 17745222313.55851
1705.00023886525 2408667014653.162 2208966680687.751 2003321418085.332 1790829643843.613 1570404271997.5994 1340713624881.7312 1100101900481.8298 975071435664.6824 846497277394.6344 714051242196.9268 632585387349.8561 577400240545.3451 493270966636.17096 436271412704.3878 349417980828.8048 290663917350.0136 261060328110.0766 231329247951.4421 201497988607.8917 171605820840.22427 141709724883.48294 82277286468.53412 53028392893.6942 24283819074.512997
1715.0002402662196 2277995065822.929 2090811877562.2192 1898527233306.018 1700206165429.8052 1494701818356.199 1280571889040.3855 1055948614156.2874 938953222713.8977 818331910939.1477 693622207609.645 616611995444.66 564282808152.7374 484205383157.969 429707020071.27966 346204262734.53625 289339906934.25964 260553853061.14832 231542990299.02167 202324686305.71732 172928461551.31912 143403116503.34262 84332214047.58142 55114746576.07298 26406337549.98084
1725.0002416671896 3157671918179.5625 2904170966903.6685 2643325341469.416 2373742979198.3765 2093696908460.9465 1800984356000.6694 1492698445987.4595 1331523636229.6484 1164836733348.2542 991852265416.3661 884645548326.6542 811603748073.0963 699483717630.7323 622904093246.446 505054106631.7711 424369826593.79175 383364782684.58844 341911526371.0481 300012200088.2368 257678803506.05832 214939779803.9389 128513854791.20978 85093083232.10045 41726327076.10917
1735.0002430681595 3716699338586.125 3421663544373.125 3118233140817.7837 2804636137919.3755 2478670814614.203 2137516459746.3596 1777421499169.839 1588717066521.6523 1393152115719.4138 1189670570841.5042 1063242848685.2306 976943421945.2258 844182398486.0651 753276132659.2633 612954766492.9354 516539976600.34875 467415956361.09595 417660109443.52606 367263231873.29724 316226392477.8388 264569131633.87338 159655788296.9962 106678363381.32962 53473612601.9887
1745.0002444691295 5214838465130.283 4804341922749.896 4382407040781.2275 3946348627267.4404 3492847882854.724 3017662651715.5933 2515152012321.3066 2251310048278.737 1977433387332.4321 1691921382956.4832 1514207408598.679 1392744372294.2722 1205617002031.2415 1077275125641.4298 878788374777.587 742099056525.7417 672341929942.5104 601598595718.0833 529839730366.77576 457043851055.41766 383204844527.70984 232544620521.6999 155954371395.96783 78538313270.24284
1755.0002458700897 6756873340653.536 6223031678932.78 5675369081830.489 5110128050081.292 4522714240872.619 3907299639428.331 3256182207178.9565 2914058638878.348 2558676771006.0645 2187903147161.5957 1956970692284.0342 1799077026419.9172 1555757271527.2832 1388852904021.0012 1130761388224.2139 953117387822.0715 862515958617.8646 770690904269.7606 677626612503.3103 583326948141.1631 487830485839.7161 293760220348.51355 195780910485.20853 97631424514.3256
1765.0002472710596 6437160781233.221 5945148102608.005 5437177419697.624 4909808289641.516 4358723645500.868 3778328268188.3057 3161079471766.439 2835468872087.983 2496286453992.4883 2141323709736.0923 1919630017279.7705 1767758756770.5723 1533202383279.1506 1371903999572.2292 1121720745656.6895 948882459337.0857 860494141702.9563 770724008182.632 679524506338.8528 586857358215.6215 492702558168.7523 300025813904.975 201647001438.55887 101640712501.09071
1775.0002486720296 6968825669064.572 6419997214651.664 5856195383346.547 5273663903191.621 4667781791249.321 4032659681801.5806 3360481544434.656 3007260558472.993 2640352157856.079 2257562934674.3774 2019150394943.0186 1856141185645.6392 1604928685416.011 1432596485003.3567 1166070046015.2847 982573513552.47 888966218222.2864 794076384502.1483 697883320010.9839 600385146269.0739 501614051157.1087 300745592849.8559 199262626674.6135 97696923014.0015
1785.0002500729997 9809794265846.76 9052725689216.004 8276043981384.646 7473929858581.229 6639231025538.929 5762780013527.977 4832263143366.283 4341547954740.0166 3830155525012.1416 3294400551105.662 2959321504312.8594 2729494033024.0005 2373971715283.0186 2128999045437.4238 1748028029638.5498 1483938088659.0632 1348533531019.4553 1210726297245.094 1070386169216.696 927380206573.6738 781580276095.8785 481206477643.9519 326520252768.64465 168047963869.3682
1795.0002514739697 10495821166259.33 9684433411335.125 8851989501760.049 7992117625594.88 7097039656719.775 6156829962183.139 5158209397232.082 4631430043541.05 4082379545790.359 3507151339054.509 3147419001140.1553 2900721557754.547 2519212463132.941 2256450404717.302 1848106055568.907 1565342166832.7427 1420493896565.3008 1273189728417.6716 1123321750971.0454 970791922941.0981 815528984776.1052 496885008255.65204 333933876688.9453 168739981376.67535
1805.0002528749396 12768442051356.99 11804272938400.248 10814293607467.896 9790462789778.273 8722858853907.851 7598666677941.413 6400482386964.979 5766228275617.219 5103158798840.494 4405853409317.426 3968157526231.5747 3667159438739.5146 3200144827016.783 2877256167087.1597 2373093152013.26 2021949158627.048 1841305731854.0962 1656986510391.6787 1468741185026.0703 1276293862161.353 1079343090467.6254 670615515592.3779 458062110714.27496 238426246748.86804
1815.0002542759096 12207228359209.781 11283949595585.031 10332174877635.668 9344745801704.143 8312713431374.674 7224468621991.624 6064279533152.595 5450549972463.153 4809626603180.287 4136772053671.5664 3715259424426.3403 3425863090576.6523 2977777304274.861 2668765735961.769 2187882470667.612 1854392202222.6936 1683393273295.4805 1509373463106.5361 1332190430246.733 1151705855189.169 967797366672.6205 589437389995.9374 395017268942.7912 196624372470.26193
1825.0002556768798 15511360737176.14 14377517931680.596 13208981434743.064 11995734736064.43 10725151653307.46 9380631985391.785 7939243438023.472 7172303327247.18 6367241629873.681 5516607794528.3545 4980352793358.231 4610449743463.761 4034564913425.2407 3634906497705.9106 3008192302056.053 2569583157711.8984 2343212053443.3193 2111690885478.54 1874643318380.4177 1631649883285.7742 1382244237430.133 862081747706.064 590058330289.2712 307894224015.4819
1835.0002570778497 16832913344472.36 15588383158152.393 14306160958008.7 12975563249230.824 11583212953332.994 10111642702299.457 8536908184841.3125 7700575194154.888 6824099835776.971 5899875634980.108 5318363671555.502 4917816451534.54 4295252341948.5337 3864007951829.6216 3189267084962.6294 2718279790826.2393 2475645720097.8447 2227838465014.111 1974511686771.6812 1715289778277.5247 1449772784097.4414 898200345282.1346 611166900092.8972 314053568772.23944
1845.0002584788197 13309322308608.738 12341078871141.291 11336403571571.787 10287731755009.398 9185361038668.244 8016418502325.07 6763071544570.859 6097045512573.84 5399147924366.891 4663649733703.898 4201241981832.2407 3882942200097.86 3388608237663.4507 3046501483218.662 2511793044486.837 2138977788561.7695 1947054594527.597 1751132334359.7498 1550938681353.4663 1346175476955.0818 1136519671209.6619 701093838023.3386 474314069581.59314 239213298753.0196
1855.0002598797896 18112122682534.78 16781255358393.555 15406428024536.383 13976127789308.822 12475901082248.98 10886867483671.354 9183195414717.598 8277324543229.032 7327422537562.052 6325437482195.176 5694993392538.148 5260817063282.274 4586241590161.982 4119261144183.531 3389351727048.9707 2880627749677.505 2618889866563.002 2351868455429.74 2079277535959.9185 1800838392475.4993 1516309524687.2744 928544067042.7103 625413972574.6538 314434978593.2977
1865.0002612807598 21850438419945.227 20247157721835.18 18600181651465.68 16894600751671.545 15111958984044.957 13228213662656.322 11210277990716.662 10136673742911.945 9009424239901.396 7817681763878.72 7065814897235.419 6546835655596.342 5738136236201.4 5176262000202.438 4293786777847.198 3674878398207.5825 3354917970932.842 3027225260474.8994 2691156670823.334 2345972346020.875 1990820112370.7334 1246565201276.1772 854956413119.2654 446106178439.09344
1875.0002626817297 23810735828664.65 22077197635326.793 20293871626427.074 18444379569614.062 16508332641027.617 14459082647064.23 12259881868595.898 11088131687662.293 9856537240204.28 8553027620594.753 7729882214896.8955 7161363632268.918 6274938405025.303 5658704733533.08 4690348432192.586 4010942514432.8066 3659667972355.3564 3299915439226.845 2931026172700.8784 2552266636318.412 2162833028369.066 1348525512156.187 921742546349.8416 477535881452.8364
1885.0002640826897 26249424937577.965 24349086705839.227 22396863953999.926 20374226123107.434 18258209034273.324 16018791203986.934 13614425877311.756 12332294284950.67 10983423266334.76 9553882180022.473 8649843541566.483 8024731324300.374 7048657066691.381 6368904324839.277 5298289123897.219 4544947702011.674 4154587102410.311 3754100367857.052 3342598620294.51 2919054004426.424 2482273334386.2373 1563215558085.961 1077088682357.8849 566045508574.9103
1895.0002654836599 34469922292607.285 32009655055210.91 29484898891638.457 26870137034187.547 24133685732640.605 21233975830329.246 18113159823788.867 16444477656527.857 14684635221753.176 12813805613422.484 11627152035230.617 10804813243700.215 9517512014223.176 8618429584589.685 7197517101768.842 6193664386187.418 5672014032949.788 5135665541279.048 4583213415024.236 4012996659732.3584 3423032555303.069 2173765426286.2568 1507546319264.892 803046537631.5063
1905.0002668846298 33362463666715.7 30974724177492.39 28519832638410.84 25973753562992.23 23306537049277.62 20478867338663.766 17436117552441.713 15810212596849.828 14096832390641.094 12277497304079.205 11124953529543.201 10327048124867.328 9079524614251.105 8209499526081.024 6837057829399.963 5869690031280.185 5367868266730.284 4852618108007.933 4322748276668.1235 3776877034936.617 3213391980490.911 2025661556462.8696 1396218230772.3232 734661910060.8275
1915.0002682855998 39281987217988.01 36506324411637.914 33648644562856.42 30680858505058.36 27567793796333.1 24263096510990.387 20702109526807.414 18797135626924.305 16787936605893.895 14652317568023.107 13298072396410.445 12359821649539.234 10891499062465.63 9866305007979.021 8246536706454.288 7102369928713.547 6507781697780.974 5896361629680.418 5266431601564.51 4615983970490.17 3942578563798.2065 2513876732153.314 1748850971530.5337 934245958016.98
1925.0002696865697 40791989500015.375 37941278424270.164 34987212272837.707 31902405703046.277 28651920168437.613 25189302515674.22 21449613021649.684 19447442492006.598 17335903955584.672 15093086378802.34 13672456649081.621 12689246556477.223 11152749740275.639 10081897570264.07 8394081427294.18 7205557186495.879 6589380703263.732 5956967125328.102 5306858877736.639 4637358757477.53 3946472555015.665 2490393073729.345 1717644980122.713 900311074815.6901
1935.0002710875397 27091294434913.047 25147274808899.863 23120814185709.37 20997148673188.695 18757416438880.63 16376713184029.592 13820720921780.404 12462230399462.055 11039292521234.588 9540931566448.578 8599823142842.662 7952490702361.735 6947992171620.73 6253421697622.054 5168679719790.437 4412764391852.568 4023628190256.146 3626279381287.693 3220019448244.015 2803995598885.298 2377111834437.6655 1483641534068.6145 1009372084193.3644 500248970552.0975
1945.0002724885098 51218861488060.87 47668616228039.305 44007926211118.31 40199158157229.5 36194667126271.195 31931127529719.113 27319543007352.266 24843941729754.133 22225573002011.535 19433425864974.344 17657653837965.863 16424852143937.979 14491271451306.092 13138016658755.23 10994368712592.494 9475966030997.818 8685522164079.811 7871724017209.636 7032266144166.204 6164411105580.697 5264872259758.305 3353709982270.01 2329926991538.075 1241957182391.445
1955.0002738894798 56974192445126.67 53065534140240.78 49034726832828.836 44839788891589.62 40427503465917.92 35726930024256.78 30637909591855.87 27903273676652.86 25008239141719.71 21917268450842.906 19948939877400.035 18581088038646.58 16433012483667.41 14927342376129.904 12537434567713.88 10840127730319.713 9954740373702.799 9041674538540.143 8097970339918.802 7120047440862.071 6103494499454.2705 3930380525079.265 2755280360576.5566 1491374006185.2998
1967.0002450530596 71320707139912.34 66411476298803.234 61372330884532.49 56146962787619.586 50664917212379.805 44832881663139.01 38519414705927.79 35123771862920.45 31524575600356.246 27674894386250.93 25218750826566.266 23509398363856.94 20820368486592.984 18931785924713.656 15927109140346.322 13787571257724.137 12669524595557.893 11515044834891.283 10320181989063.02 9080148064271.467 7789038580849.348 5021660300619.478 3521946035578.9067 1910559821148.6216
1976.0003378666797 73329695594703.31 68382826358852.29 63282027426829.71 57971107394963.23 52378536093000.62 46408522461858.664 39925115011076.85 36430230917381.12 32720408900925.98 28746644629029.836 26208410991076.477 24440643856936.74 21657653671510.33 19701595957304.7 16587028636071.156 14367247730820.941 13206553819589.34 12007477776016.05 10765811274376.52 9476440289009.943 8133037433707.449 5249653864767.8125 3684180720326.1924 1999737676130.431
1984.0002169171196 77710173400490.05 72501403029135.0 67133932150459.9 61548074619160.11 55667545280416.56 49389805689929.86 42568689972259.89 38888838017640.516 34979336097782.344 30786664097314.504 28105194776596.82 26235807748882.46 23289266447208.2 21215284958365.645 17907035828811.27 15544035247280.016 14306453735439.088 13026314860996.627 11698752675209.887 10317797553501.139 8875980209066.787 5768318839273.625 4071124536126.459 2232828758561.1924
1995.0002794933596 80977388581568.08 75520501526088.05 69901831170563.57 64058490622131.88 57910690849335.17 51351633711743.55 44229487773727.99 40389315383701.875 36311200304581.48 31939846245554.63 29145386557049.688 27197879638488.32 24129385510240.496 21970501714613.902 18528602312810.344 16071659941813.203 14785469517522.5 13455547904810.594 12076978079200.508 10643758370017.787 9148416990675.402 5930007052072.531 4175216539653.412 2275921792013.524
2005.0002808943195 81460022538226.47 76041998967909.28 70455831505671.94 64638480470097.234 58509447456566.6 51960418014342.75 44836636669632.09 40989640095699.055 36899192855584.14 32508107301628.457 29697059481385.22 27735956292495.71 24642301204249.625 22462702207624.22 18981941656689.4 16492224806310.771 15186938506284.098 13835677214007.293 12433055939344.682 10972429665285.62 9445424371431.955 6145321586715.454 4336674020082.1216 2374100323284.455
2015.0002822952895 93292026891862.45 87058610374617.22 80638448132728.6 73958623224778.83 66926540678927.6 59418053030520.67 51256232457472.01 46850923216822.08 42168515680821.9 37143907220543.81 33928374528181.848 31685593483751.973 28148446328678.73 25657022144063.195 21679371213954.68 18835075594201.938 17344189609686.236 15801023803336.418 14199476852215.254 12532023836618.338 10789173687625.219 7023617663467.182 4959130305596.839 2713119077843.131
2025.0002836962597 75911237120890.86 70915665791086.02 65725557282524.39 60285862929370.04 54525106211299.27 48346314584450.47 41610619046835.14 37971619858774.695 34104267356627.914 29957925759612.348 27307995449217.152 25461980203368.14 22555350043502.965 20512264810709.926 17259347364364.223 14941445672535.621 13729708746179.83 12478155426455.174 11182489138827.611 9837512946340.16 8436827404256.336 5433157920176.798 3802309427381.455 2040547667713.4133
2035.0002850972296 104251697647226.11 97361888671367.3 90253494768940.14 82845202949105.7 75033290330372.67 66678213056185.85 57580552405084.32 52663571903822.39 47432322159757.695 41813006944956.59 38213696765637.69 35701719276764.516 31737383501581.855 28943040013773.844 24478029824859.41 21282149488628.57 19605837534651.188 17869849957604.9 16067156951956.373 14189085346320.164 12224702032391.87 7975265834259.287 5641649685947.3 3094733198297.0063
2045.0002864981996 119703949973082.58 111798418456918.92 103649604881038.58 95162029054060.98 86214496423277.64 76644390591345.34 66219615772955.24 60582372779800.12 54581758075032.58 48131801331826.484 43997834255099.75 41111399808357.75 36553776553839.13 33339467322315.28 28200290727464.562 24519498574851.14 22588042942833.48 20587244381968.51 18508928736358.027 16343019069695.383 14076845283816.43 9172871514558.508 6480712310124.217 3548795444530.728
2055.0002878991695 128850716510533.31 120446413408623.7 111765354734160.3 102705889210106.22 93137780886787.25 82885203669562.03 71696077244613.58 65636626608369.29 59179772580738.0 52231521247746.69 47773818484261.12 44659280161176.734 39737930471992.47 36264384445072.97 30705773704362.28 26720551335496.74 24627907164249.844 22459028105005.44 20204873489880.703 17854286794937.492 15393207341533.865 10060237452978.422 7126122482480.656 3920398038011.9463
2065.0002893001397 130655546487196.4 122125583180631.97 113308875113744.25 104102786610519.45 94375792166495.34 83950383307002.97 72572213887721.89 66411202637613.01 59847410077698.71 52786199777196.84 48257543872977.83 45094296102425.51 40097711261002.086 36572563327384.66 30934486222196.57 26895051872421.25 24774992283185.7 22578537999595.79 20296710389946.613 17918467091664.43 15429974911940.742 10045388028733.682 7090658400812.28 3874568562578.213
2074.0002295258496 133912510908995.7 125312660279648.08 116344463389977.75 106909137442870.31 96877918122451.38 86075608225632.89 74250741795372.47 67841881809387.266 61015819552259.164 53680901095168.45 48984697471209.74 45709463872441.38 40546422155948.03 36912860017608.53 31119630400210.9 26984796122700.88 24820594021292.516 22583149124257.76 20264341838004.195 17854346600060.254 15341062338108.984 9937869077516.615 6994730167530.98 3798089574595.6226
2078.0003216389796 159880779687149.47 149476908015170.7 138770455990606.8 127628687418424.47 115883869955764.22 103310721276437.75 89585981885464.47 82145357238286.53 74205915325235.95 65645152419150.4 60141173871011.28 56289193758996.19 50190315310934.46 45875475368308.1 38950349573094.336 33967820795368.31 31344803045741.63 28620884309276.7 25783639128407.0 22817690257591.57 19703622932396.043 12921996214579.332 9170962701998.992 5061988532637.045
2085.0002921020796 169847920819813.75 159001714406601.9 147871370415031.88 136312249717428.08 124142335671250.62 111115740081497.44 96875416737089.55 89136146656538.53 80855306900000.81 71891283505937.56 66103580768502.55 62039362154046.734 55577558907595.72 50983061108993.164 43562270524179.57 38181614229855.65 35333092091522.48 32362225199299.55 29252790861538.957 25984461848291.223 22531113316168.574 14917702574485.264 10639470451511.508 5896736943406.777
2095.0002935030498 245786766533407.9 225070798226608.9 205904716645813.38 187585545002342.03 169514267722355.53 151131490923853.6 131813055749878.67 121548440422863.55 110687488668032.67 99018504870080.48 91506125613201.83 86230740213969.84 77827511975538.83 71829467909137.33 62074700137369.52 54928521600282.79 51113112619994.19 47105760113301.555 42876662148833.89 38387790320663.65 33589216544535.38 22761711190718.14 16486513618863.18 9328064335309.637
2105.0002949040195 458235126628887.06 379206466341206.7 318049098726580.75 270354792176761.53 232002099002007.34 199382980581557.88 169523284542135.2 154846397896004.72 139941964123039.88 124470785070531.94 114738442633835.77 107988356310921.98 97350231465455.95 89824086683290.64 77666388337967.94 68799406408305.695 64071675808277.16 59107253516039.18 53866273066604.13 48297717487540.016 42334445448022.82 28818755962964.902 20938224751125.7 11911450986493.965
2115.0002963049897 632828989092079.8 505089408507823.25 409353367549862.1 338058002565188.5 283960688965265.25 240645985336996.66 202895957796795.8 184807632032428.94 166644444774470.72 147940557538821.75 136227924543033.98 128121291974186.12 115365046872693.2 106350275395857.81 91796983951272.8 81185359775288.52 75527224127575.22 69585289071284.98 63311575313610.414 56644897736814.5 49505152460901.73 33328558188341.88 23910104346935.406 13151760627284.508
2125.00029770596 538118011587163.3 438484586742221.75 362825373446032.5 305131033044326.06 259803342228188.6 222005663113541.4 187856392795054.12 171168569644654.75 154263249699080.16 136748641303154.2 125746909540722.1 118124189543710.95 106125710862105.7 97650204902554.53 83987525098566.7 74050517271998.67 68763729250128.836 63222062769408.96 57383822019537.5 51196025067883.7 44589547829079.664 29710009471110.977 21111423736545.11 11359625403117.465
2135.0002991069196 663838712444380.6 532777976193523.3 433024548010699.5 357788677024562.56 300290381163114.94 254244893616110.97 214292108771708.3 195215344698947.75 176092279873088.75 156427938502601.38 144128451344474.4 135623020211933.05 122252967020008.52 112815455438096.97 97600071466190.38 86521215745877.03 80618780195234.03 74423324963646.67 67884483162734.76 60937497819507.336 53496549841326.055 36606183470212.914 26715351327879.984 15281540786479.838
2145.0003005078897 853676824895587.2 662712549976775.1 520358380602570.2 416387478693411.44 340456159026384.0 282901453590407.3 235516200480178.0 213575361900517.06 191901210982719.1 169862545150010.8 156176875461753.62 146749516041808.44 131982617157332.86 121593486770333.08 104898161924534.66 92782585063746.5 86342371668545.62 79594119533991.53 72485991082036.86 64952098470825.07 56906385301507.56 38765712144565.4 28255842324240.477 16263607334474.877
2155.00030190886 760904006378947.6 600702948977446.8 480928288938183.1 392529382743281.1 326601655790584.0 275037587101613.34 231086294006479.6 210275012519834.47 189482571847863.44 168151234823783.53 154828661403889.56 145623524576550.7 131166264695216.56 120971257815775.58 104555054117709.53 92621732065148.14 86272702865942.03 79616217201943.9 72600767000644.34 65160569989851.62 57209105216173.51 39247558972638.0 28802379743751.746 16813130611021.486
2165.0003033098296 686309317263914.5 555145042440281.25 454851775973809.06 378682012773226.5 319885394384567.3 272175869227751.62 230153644626921.9 209866316965977.84 189395230636906.88 168221550171917.1 154924646982922.56 145709682931630.34 131198385888000.89 120941476129412.88 104393888730445.75 92347725718620.52 85935073850753.05 79210601944901.66 72123470781260.2 64609117938099.25 56583310260759.95 38495777114170.95 28032286945247.57 16128487355571.143
2175.0003047108 658834504339346.9 543518039807659.44 454749916287323.4 386016982776309.3 331173895790757.75 284816870402293.1 242497491997319.12 221691147256007.2 200538986969002.84 178548792601258.12 164696428250352.06 155080323548427.84 139912467732180.5 129173460545098.47 111815106382824.84 99150214388873.67 92396942957715.64 85305785903574.27 77820395095487.02 69868713080906.445 61355977183463.46 42075544622202.41 30840474331592.727 17942032853571.49
2185.0003061117695 968697316207542.0 752061870845722.8 591390287100266.2 474642376300818.5 389669282617790.3 325178318337787.8 271661953589034.44 246657631542125.47 221800599827246.2 196377322076175.7 180525992534859.3 169583815775934.56 152415509294412.6 140322846582843.03 120881900153306.39 106780897222982.73 99292230651895.75 91453197050874.53 83207304550781.61 74483179400838.92 65188141600460.66 44334918069995.02 32331068696487.08 18701709472715.05
2195.0003075127397 999787533662790.5 795826873603336.8 642501200192274.9 528554253361738.0 442823346706703.06 375070499901871.25 316710969467107.06 288886205644553.0 260979836110353.94 232251354848908.16 214261463881390.0 201810587086299.38 182220737422220.9 168379728437365.78 146043025523539.03 129763641594852.8 121086138721509.36 111975152603872.9 102356800891170.64 92136198848589.69 81187715447756.38 56335864161427.88 41780325875275.516 24908595244381.992
2205.00030891371 1013277182236074.8 808533528395842.9 652943677606596.0 536235374044039.9 447959420598817.06 378241950448339.25 318519206622558.7 290180168243334.9 261830650598607.6 232704875448481.56 214491150326672.0 201895635233606.03 182095021947925.44 168117889361085.8 145585837395514.7 129185382696478.1 120451707006528.25 111288728242991.94 101624053365573.22 91364980189837.4 80389105259548.1 55536752063581.125 41023669894984.266 24238825909057.004
2215.0003103146796 761694598172520.4 634853297506200.5 535232427257723.4 456587960556708.6 392805064231295.0 338256439712895.1 288057496432015.8 263255057778077.44 237967328034971.28 211617972109141.78 195002590237172.44 183467591124717.62 165283183410281.7 152424622462488.3 131688192321654.1 116610643156211.03 108593322482405.27 100193989602630.08 91350829516155.95 81984712029355.97 71991081713979.53 49477948977147.016 36407315432047.195 21346083260084.97
2225.00031171565 1080333977139591.4 866847078874005.5 702931539111848.4 578548611145303.2 483390339364625.06 407589497691942.44 342422243122525.44 311505580259722.6 280608886781471.12 248911451206577.44 229118911544068.28 215447729762898.56 193988206850633.2 178868008941021.6 154552600265879.03 136908891224184.58 127534899670935.64 117718000196555.6 107384873470818.06 96441799331807.3 84765192218231.83 58454229733131.305 43174155698410.516 25555687869247.84
2235.00031311662 1853391921075266.5 1430845443964920.2 1104907449673963.6 861046255491077.4 682597005721350.4 551763406508953.6 451116003212074.44 407173404234440.3 365189179432853.8 323609317584973.2 298204457030668.6 280845048216791.97 253831359585134.5 234923442752504.97 204639476669519.75 182690122797386.0 171015067397432.1 158765813043878.03 145835622318255.2 132085948967688.39 117330674832634.1 83625939906293.62 63633077867153.68 40007288888108.445
2245.0003145175897 1794793846863555.5 1397809541275320.2 1091054243987466.6 860501027405370.5 690241773250347.0 563475854197563.5 463925590242064.94 419777437720451.44 377249477106484.44 334874726962037.3 308892757808120.94 291108259355801.25 263391632902601.8 243965078492226.16 212807958719222.22 190192766098804.16 178151484660931.22 165508215528949.72 152150248512306.03 137930736793408.36 122651467776702.05 87647442782641.64 66783053576646.83 41961034011694.95
2255.0003159185494 1288824005703282.5 1048651689015802.1 858922385653979.6 710886195498532.8 595064216924510.5 501797973430896.44 421917909006462.5 384393330692796.56 347194757434068.94 309334720356622.4 285828207641321.0 269639547621586.28 244283439300063.72 226438049298193.66 197722504880777.6 176824566346042.8 165682867087164.88 153974539011257.53 141594293805156.1 128404138229795.31 114216409666006.28 81632293765850.8 62120850284179.37 38753002933980.7
2265.0003173195196 925070307196713.6 778102329926186.2 659849957571323.0 564317177164867.8 485465017966602.7 417512741092410.7 355170357010275.25 324577137898221.44 293554149484573.7 261398896866015.66 241197985223953.2 227200936710283.25 205167400700310.7 189600329293640.22 164492777753091.97 146211542840122.53 136473762915397.55 126254311907555.48 115470237604230.9 104014202251625.52 91742610893415.25 63850701220863.016 47435829539299.68 28197176218377.12
2275.0003187204893 1029052033051550.2 871251957203958.6 744698795882742.6 642660000666415.2 558341826892410.6 485256676903818.56 417501061514003.8 383921744250813.8 349621891694851.75 313787079206407.0 291115438428212.5 275328351925627.12 250335728978094.25 232563724436976.22 203673320165281.03 182436478543546.12 171045507918559.84 159025840343153.28 146262945990920.47 132606498228381.33 117852102650115.2 83733099455157.05 63181382391460.27 38544719214501.32
2285.0003201214595 1844730444932225.0 1463421277482704.5 1165160780915921.2 937196006108562.8 765020676560559.9 633235190817703.9 526759960333846.75 478687630670208.3 431974392527749.2 385109904712993.3 356237012789419.6 336414394398651.3 305420088353896.75 283615728174703.4 248484764877264.97 222840078744734.97 209127702853407.22 194681025213489.22 179357945176330.34 162971750648936.88 145268167755130.9 104265964948821.89 79479548038181.78 49617394857274.49
2295.0003215224297 1358925830465179.5 1127896422908488.5 942736056522591.0 795351810499336.4 677053269077429.2 579000311315331.4 492692489984390.06 451446360204003.94 410168468795604.5 367785344739099.8 341284159392086.0 322947520329937.1 294079405464490.7 273647230247543.75 240549623524405.62 216272699930121.22 203256341618509.6 189517952094502.25 174918627981398.97 159274552171179.9 142333256202798.5 102902733905813.67 78880811671442.8 49621180999536.61
2305.0003229233994 1630229871244235.8 1301956256327921.8 1044634991418071.2 847009503518773.5 696392901391833.9 579373403867315.6 482804033318808.3 438395609450226.3 394729531138409.7 350463550287442.3 323010741964386.2 304107458889943.0 274501834213811.0 253671183196911.66 220180435674468.5 195850614309049.84 182902501413340.8 169318736644165.12 154986376374736.2 139758748187741.62 123438556464347.22 86266517341069.25 64293021378776.49 38401502155767.31
2315.0003243243696 1698704002172129.5 1394953877521895.0 1152009256643602.0 960021629375553.4 808034696562073.6 684541201958383.0 578205206608262.6 528121028959999.4 478376840478315.9 427617408377724.3 396017532882859.8 374211183963065.2 339975938516637.2 315817220753972.6 276818312816308.03 248328414178330.75 233097146324183.53 217056550513755.38 200053058101814.16 181884051011921.4 162271961723973.75 116900078681235.58 89449417625381.89 56161159442378.984
2325.0003257253397 1604105491356331.2 1344612945579476.2 1134579928888150.2 964945518528135.6 826167266861713.4 708690798553695.2 603390089598287.4 552593676884384.6 501567196172746.4 449047726486873.0 416164083642664.44 393395865084057.3 357530264134082.7 332133795535713.0 290984842639142.5 260806392441817.88 244632497036727.66 227570272276162.84 209453111897471.5 190062057261566.88 169098713175103.72 120520088621273.47 91132309690284.23 55629460969626.31
2335.0003271263095 1761362016007681.5 1503906885204768.0 1287177410638899.8 1104730257238474.1 949650995711916.6 814716348076528.2 692482882362475.4 633692010888746.4 575001255090441.8 515072977205121.94 477805394795230.6 452109503538485.7 411790074303992.6 383337572889627.9 337357506684500.44 303684530582196.5 285638001995707.44 266590093405440.53 246342549665282.3 224632298059651.3 201096731660317.12 146152418096698.53 112494353595669.3 71139615285891.38
2345.0003285272796 1111471639783863.1 989337921855786.2 880414110765494.1 782111161258037.1 691714404453385.0 606337247352725.0 522761516370775.5 480448012139465.3 436953036345481.6 391411255923340.0 362610049976796.94 342577821235046.7 310924012476106.94 288471985142307.56 252098578353638.34 225476315762729.12 211241698635996.22 196257737756648.06 180389698047278.78 163460422604932.7 145228020233235.8 103272893047356.95 78073822935219.23 47698697023214.43
2355.0003299282494 1869115638468449.2 1562133933256808.8 1312377335857715.0 1110108759635802.4 944874074560074.2 805932913141070.1 682688377546705.8 623711602227918.2 564724100014753.4 504211789473055.56 466401378818615.5 440251416703522.3 399106217177448.94 370009218592969.4 322946069170447.94 288512125340796.3 270093498069595.5 250695501154683.88 230139757103790.22 208193567031595.84 184542520780882.66 130116681316691.36 97538211917407.23 58679933087815.516
2365.0003313292195 1299380920929525.0 1153935444019577.0 1025288832192651.0 910194030938498.8 805203648133779.5 706629339924729.1 610370530496064.2 561596231564063.56 511360697535218.8 458603408090573.06 425137706779963.5 401810180781997.25 364859848351777.9 338583057339391.25 295893858824048.8 264558711261321.28 247775081297557.1 230087999879930.66 211337566731662.53 191314595509573.16 169735233143952.3 120072777830067.78 90302580332016.67 54589457335315.29
2375.0003327301797 1587894345254933.0 1385921440488628.2 1212585029171477.0 1062645404313693.6 930611969194166.4 810788924115909.0 697184521788933.9 640651143200130.5 582982216615946.4 522889583376549.1 484957956405160.3 458580989577253.06 416876029740913.7 387253276860309.6 339145071846657.44 303811263673810.25 284867663086896.2 264884524912004.2 243672265898777.25 220982248954416.97 196476350790980.7 139827486002487.44 105671420864357.98 64465481373006.766
2385.0003341311494 1159280877852150.5 1057281246752134.0 961950704327381.6 871554386539666.4 784207133520975.6 697752430236200.1 609484343416219.4 563525268026745.5 515473478815290.75 464356962824706.9 431643496897351.25 408727357714967.0 372263568188024.4 346224375615728.1 303753946965919.2 272458792721377.6 255655534367730.2 237915647128275.94 219070785104395.6 198898564232531.2 177093814224066.2 126579154327782.34 95990537633454.89 58866101556268.984
2395.0003355321196 1452891119023058.2 1302792283160357.0 1167591604052652.0 1044293657172568.6 929713074092781.2 820384774907151.8 712307476134905.4 657185105876569.0 600228593000317.9 540251295662830.56 502127397332453.06 475515918560250.44 433295035697120.3 403210814914347.75 354204795869505.9 318101916023012.0 298707765883065.1 278219080886923.66 256433775601687.12 233084924058762.7 207806453992498.88 149056935135581.28 113340826661950.31 69816097289351.21
2405.00033693309 1666594962736280.5 1498128087313273.0 1344843571250221.2 1203887828683125.0 1072198950901830.9 946375282188155.8 822348305577405.8 759366849558782.2 694524615984652.5 626492781893716.9 583361678005416.8 553294351759014.6 505632752498020.25 471683677000138.1 416353541451224.44 375526438669659.0 353556344399710.8 330307802856267.9 305534666947645.4 278908935541592.94 249976047538396.34 182151842101277.97 140365236939736.45 88595298520036.52
2415.0003383340595 1489164309742229.0 1325290605938247.5 1181798664364620.0 1054383863363494.5 938478440747478.6 829281002178951.6 721635035522322.0 666557431058263.1 609419732242619.4 548971368187864.75 510402730659425.1 483420340827012.3 440523479349162.0 409904440636585.5 359963464113785.5 323146358683821.0 303367623816086.4 282476124439017.75 260269858584492.5 236481846023174.22 210745507057400.94 151012878414973.75 114741684269967.31 70502937426489.86
2425.0003397350297 2711980771086311.0 2258973005745158.0 1886894009742735.5 1585120780237505.5 1340955605426597.2 1139976872787964.5 966651606654022.8 885353175387218.8 804874942860904.4 722943796558784.2 671969026051840.8 636778464733378.4 581464641194491.2 542351699223526.0 478998632453445.1 432486977697933.56 407518349072712.25 381131308280223.8 353042623382982.3 322873951447100.7 290099034980023.2 213183985440912.9 165616902329246.5 106312628151811.95
2435.000341136 2919756251653675.5 2448376232676561.0 2056666785172692.8 1735082988687255.2 1471897671060573.8 1253420283293999.8 1064470280658442.0 976039256698630.5 888796144954461.9 800341573629206.5 745485724562365.8 707681259497960.0 648333116144733.6 606392129513338.8 538421208847302.8 488418544434334.56 461515125805422.9 433021730424754.1 402605881381810.1 369819973578801.2 334035947817183.25 249183933374813.22 195910879623935.78 128315082057864.7
2445.0003425369696 3910820311657882.5 3221164648454315.0 2651862718592056.0 2190625371713183.8 1821504254968591.8 1525115425682159.2 1279401580235763.5 1168208250163209.8 1060736616632997.5 953727231040211.2 888189231889135.6 843330443963274.4 773329556907008.1 724113072751534.2 644668421799659.2 586378119111658.9 555037829735105.44 521844705571058.06 486395049250208.56 448143394636636.3 406321190945833.3 306679254970540.7 243632111294610.34 162864825142475.28
2455.0003439379398 4179154438072603.5 3431142618498240.0 2816623497572864.5 2321797445834698.5 1928670859246072.5 1615399029798012.5 1357296864419226.2 1240810468681375.5 1128272316670168.8 1016165198668705.2 947441772907235.8 900364089674467.1 826824355303456.6 775054600554162.9 691352580100925.5 629812447297148.5 596673730245421.9 561532541970466.56 523948942026736.3 483327397190414.06 438827483978537.25 332403805943099.2 264746397307428.03 177648788132235.06
2465.0003453389095 2920143711081828.5 2473286980514770.5 2106436736298917.0 1806864857426859.0 1560120958205252.2 1350649730533048.8 1162537981637150.5 1071505919745349.2 979701996672553.6 884681608778845.0 824842796340308.0 783229775419486.9 717337563563253.0 670395329335802.1 593755884585660.6 537016668495545.1 506392768966544.75 473904170996681.94 439179578768605.06 401722663250405.9 360843472623362.9 264193035970637.2 204009017092530.72 128773941931239.61
2475.0003467398797 2574125490062051.5 2226223133091516.8 1935772070734705.0 1692611891996394.8 1485511012240987.2 1302632347261317.8 1131950266352059.8 1047335306213419.8 960934371049363.4 870617905820717.8 813377433670277.2 773435610327951.8 709996176236186.6 664675310308467.2 590486459764923.4 535416330648841.25 505642881190694.1 474016795260230.8 440166532808164.56 403593108292945.4 363598831900253.8 268615874367860.56 209022446392145.5 133611706811680.66
2485.00034814085 977436646305821.4 916600923059317.1 854852011449955.1 791176311678730.6 724409145318750.0 653051434853307.4 574947295193867.0 532364613811096.75 486627695780369.06 436838150394667.8 404492729326073.75 381666765221265.06 345150363644123.25 318990945259532.4 276324520340862.78 245000706481312.34 228260670776423.25 210669068523985.8 192094461236955.62 172367135259873.4 151260224734913.8 103472482828682.84 75488543285181.89 42686919562420.766
2495.0003495418196 1554429355602057.2 1397093623939858.2 1258850000019095.5 1134631671901181.8 1019328199474688.2 907862623342306.1 795017370434589.8 736231122824577.4 674608242152746.4 608821045571484.6 566581553423693.6 536927953050512.2 489635643446376.0 455783845564646.7 400430100545217.06 359529124813300.9 337527556325350.06 314267270789742.75 289519613928675.5 262981017711779.1 234232240622875.78 167315400029412.34 126507568836292.22 76582035665280.47
2505.0003509427793 2526535248500750.5 2232379200799296.2 1982421073699786.2 1766758223733667.2 1575274108904953.2 1397969570381046.0 1224955899548643.8 1136783160881914.8 1045401968252086.4 948678649672367.2 886854539723197.9 843513088777222.9 774389355584209.9 724831772285025.2 643474523446437.1 582958632984625.9 550216138802313.2 515427505327707.25 478191257206303.75 437968487923490.0 394005868066840.8 289752374195518.25 224497843289946.38 142201392213312.6
2513.0003825811395 1465475187791429.8 1378733694946450.8 1290992712062060.2 1200986328676167.5 1107132262752191.6 1007265873574515.4 898135635740102.5 838538490107894.0 774304591419195.5 703954791177586.6 657921394064966.5 625238173792305.8 572543481507198.9 534430901786018.0 471480303343411.44 424519309293079.75 399117378396841.44 372163866344918.1 343383495887304.8 312411322422222.7 278744621721482.3 200000282408970.34 151781509083884.06 92591642178030.44
2518.0003832816296 1065448653384807.6 1011258043188260.9 953956795309679.1 892752895786749.2 826550920494666.5 753766195758815.9 671965403177363.2 626516633699673.8 577082717971637.8 522577047980393.0 486794140888876.56 461367352214747.06 420387441136449.4 390796815152536.75 342095333594654.94 305969051203852.75 286521591352765.56 265970019588233.12 244131616911179.12 220765930379356.44 195544182652962.75 137380187768712.61 102429683228965.98 60290957486736.875
2525.0003537447196 1060456980238877.8 1003406411651406.6 943891184636746.2 881101428209309.1 813951571183214.2 740900417604154.0 659605452884097.5 614747003046590.4 566167517031702.5 512822922973711.7 477907260768613.44 453139201883223.56 413282069961327.6 384538906407213.06 337273628712169.44 302223253928719.7 283350361433980.1 263397246820120.62 242179721979132.22 219454350137588.38 194886754826572.62 138017012656700.7 103619505341948.98 61729304723854.086
2535.0003551456894 1714103525308496.0 1609685815106152.5 1505839463971467.8 1401115809798339.0 1293760440425347.2 1181445784800555.8 1060728110987615.6 995562528719833.2 925809913950231.4 849840737992268.8 800275567718148.9 765110495076330.1 708380644082558.6 667259384659279.8 599004353942377.0 547659014548455.56 519674319467226.25 489779101126896.44 457587145347734.1 422572223273216.56 383985851435909.2 290867706548412.25 231040839145591.1 152970206576004.4
2545.0003565466595 2182465680094348.2 2027322193190994.0 1877781188709482.2 1731775603830266.5 1586811298672195.5 1439722145831093.2 1286113836390124.5 1204849630413668.5 1118968792469044.6 1026548300666177.4 966775824063320.0 924579622111497.6 856809039885348.6 807868205534992.6 726855049286458.8 665997092204368.8 632825797481761.2 597369578313330.8 559148173773006.5 517504257509495.4 471498389408448.9 359788890688932.2 287350692885351.25 191896810311907.53
2555.0003579476297 6336994108093355.0 5484282568693070.0 4704221419556938.0 3998770317043635.5 3368674399949843.0 2812450762760372.5 2324538638493461.0 2102571451778424.0 1891958061186530.8 1688914984049887.2 1568567089275005.0 1488032072541921.8 1365294323149594.0 1281036235109490.2 1148216460701815.8 1052896217563071.8 1002245165842734.4 948958475131164.6 892354322670575.6 831488485916513.1 764991696905043.0 605219944538074.9 501554545369909.0 362822025238169.44
2565.0003593486 5374233022462917.0 4662089546585689.0 4019893640769607.5 3446348596370881.0 2938368200043023.5 2490231496965332.0 2092215274085312.2 1907335342072569.0 1728284057322275.2 1551307437873678.8 1444040177621251.8 1371191781739451.8 1258461262158360.8 1179862327236210.0 1053986051857201.2 962234462919804.0 913043153435379.1 861001558750592.6 805436655325302.4 745426501836507.2 679651971675795.9 521519060387098.7 419721025271413.5 286127495649476.1
2575.0003607495696 9648564051456552.0 8171106144210734.0 6830368228684208.0 5631728789169090.0 4578920227558027.0 3672751773621314.5 2908669442443183.0 2575879671740567.0 2271737587144735.0 1991041544374573.2 1830795780595193.8 1726046274475676.2 1569958103092129.0 1465042653037117.0 1302813953652611.5 1188404133548830.0 1128199040561093.0 1065261557986534.5 998826253064321.0 927846131068447.9 850820619981771.2 667973818737023.2 551151796460621.2 397539959746510.44
2585.00036215054 9222237929836410.0 7852871520735336.0 6612520016149425.0 5503686537703704.0 4526944295496855.0 3679833465032051.0 2954842987017171.5 2633477776262601.5 2335275688730995.5 2055236443587367.5 1893013237934929.2 1786021600199765.0 1625244187892927.8 1516322388751017.2 1346656693462217.0 1226156727797746.0 1162480791931760.8 1095726429325838.6 1025061596219685.6 949348918969357.6 866962559052348.8 670702448556832.8 545112200369299.6 380290340975852.8
2595.0003635515095 8265480796359852.0 7113116829882762.0 6066763952744081.0 5126485332930491.0 4290565616420379.5 3554597924323020.0 2909760019867568.5 2616732965390371.0 2339199517539062.5 2072481380969225.0 1914932333801327.0 1809758225793987.2 1649866979481372.2 1540366907321391.2 1368154777210755.0 1244859580146715.2 1179456787748288.0 1110753608921950.8 1037914613324196.9 959797724747328.0 874771316343061.6 672506028558328.6 543574670374415.0 375382405997401.7
2605.0003649524797 6803806834845901.0 5992013365522036.0 5248504211024698.0 4569617707993134.0 3950368154692989.5 3383862896892036.5 2860187392891867.5 2609967197622388.0 2364085182275546.5 2118823717541129.5 1969787047320065.5 1868663717770975.8 1712640019682666.5 1604358998691525.0 1432053538357631.2 1307396592897689.5 1240885121070781.0 1170748067309588.5 1096097811607237.0 1015710267174390.6 927822273657220.5 717003171269027.1 581173433438376.6 401944118075328.7
2615.0003663534494 6124271978066410.0 5419945423538732.0 4772973771389059.0 4179985380470816.5 3636398664969371.0 3135878560961406.5 2669267542655413.5 2444533214513897.5 2222292283493697.0 1998978024323488.0 1862360945334663.0 1769226534262640.2 1624777929826784.2 1523961445555705.2 1362525910120135.0 1244951801981394.0 1181957429582087.2 1115340587923580.6 1044236496001073.0 967455261994511.4 883286641755029.2 680652838681664.4 549734477630708.94 376741148806887.0
2625.0003677544096 9190369681705416.0 7978585818751341.0 6879237618853593.0 5889241859544839.0 5003368107797209.0 4213411981589797.5 3506677747578997.0 3178636005620013.5 2862939470500125.5 2554719039588295.5 2370599934887739.0 2246975005869892.2 2058172332755733.5 1928421070553690.5 1723841634743095.0 1577043930967411.2 1499047014642074.8 1416992041126698.2 1329822410183047.8 1236075104400407.0 1133631771924985.5 887438011792786.0 727822598101223.4 514891756510554.94
2635.0003691553793 2.290158941490025e+16 1.939621234539172e+16 1.6147879742107762e+16 1.31823284552586e+16 1.0524967575297666e+16 8199177839709262.0 6223014183194178.0 5368560969043852.0 4601686304484539.0 3917883143963852.5 3543877811915319.0 3307817978379129.5 2970400020558425.0 2754017434808138.5 2436258164204432.5 2223908570089745.2 2115740891330475.0 2005064737565533.0 1890654204337034.0 1770831170647067.5 1643176531010825.5 1346902712798516.2 1159795121575819.0 912235861613133.8
2645.0003705563495 2.847481342855099e+16 2.3967888726612692e+16 1.9793523864248876e+16 1.5988593569145888e+16 1.259056085536234e+16 9635297212509832.0 7152787347649342.0 6094440161961939.0 5157525851060186.0 4337460989023281.5 3897433597843578.5 3623576864440155.0 3238101782728367.5 2994870393245153.0 2643301977784773.5 2411736762583299.0 2294659983306327.5 2175388395896852.0 2052566716941938.8 1924366695478313.8 1788182997021897.2 1473248411133887.5 1274909894145683.5 1012779335885472.4
2655.000371957319 4.878444760109588e+16 4.146041705444052e+16 3.4521555153502892e+16 2.803594179018042e+16 2.208129003843634e+16 1.6745641611295388e+16 1.2127111017648656e+16 1.0119260012484166e+16 8329048647857871.0 6766158600924027.0 5939293757267317.0 5433669043169108.0 4740954196427558.0 4320009882059124.0 3741491007911810.5 3383466797084218.0 3210013105752864.5 3038609835728174.5 2867647828916675.0 2695050210089456.0 2517979343155653.0 2131030682164561.5 1901429976388013.0 1612346190856206.5
2665.0003733582894 2.6192430572541844e+16 2.2305702333751784e+16 1.868195474706449e+16 1.5348069106275384e+16 1.2331892739817788e+16 9661131887877904.0 7360740919408622.0 6354958528091704.0 5445926161993058.0 4630726147658368.0 4183633291369157.5 3901366304495784.5 3498416910711830.0 3240760671574843.0 2864261863958860.0 2614384801286215.5 2487753989915119.5 2358691085227636.0 2225839050504437.0 2087334704933838.5 1940478630922440.0 1601996700378391.5 1389149022681777.8 1106534335146303.8
2675.000374759259 2.9220241349936136e+16 2.4667047244093388e+16 2.0443705098931724e+16 1.6586304276802396e+16 1.313197072012706e+16 1.011685643646143e+16 7571728053820139.0 6481196220351988.0 5511322205930291.0 4656948057644036.0 4195225927780109.5 3906214097458012.5 3496580547436913.0 3235999102185273.5 2855857078444854.5 2602959206604017.5 2474308131839174.5 2342707640140262.0 2206644119734682.2 2064072380883560.8 1912079675785493.5 1559130438283120.2 1336634114256188.2 1044174503308346.5
2685.0003761602297 3.965602883410641e+16 3.360831398654495e+16 2.7934464140070264e+16 2.268751286077699e+16 1.7925489735159866e+16 1.3710410784890928e+16 1.0105069322580458e+16 8548755488397346.0 7163101807552031.0 5948353412683082.0 5298982083297393.0 4897228585524036.0 4337197921485080.0 3988680147853568.0 3494288965832871.0 3176107006179678.0 3017765179719052.5 2858269830685702.0 2695957940613934.0 2528607627911016.0 2353077028278188.0 1955152526163387.8 1709304024548823.5 1388432665726229.5
2695.0003775611995 2.2175381941425948e+16 1.876611163239436e+16 1.5623642221856348e+16 1.2771401729261722e+16 1.0231925218918514e+16 8024767237920055.0 6162352573310385.0 5360290311259941.0 4640722525743299.0 3996926900596368.0 3642239661380636.5 3416639968004523.0 3090608133732713.0 2878477211734777.0 2561062750345819.5 2344077452511396.5 2231815905840618.5 2115650624709767.8 1994129747252341.0 1865259907910028.0 1726160918514670.8 1396413543422137.5 1183565350683431.0 896690406935732.8
2705.0003789621696 3.1794270426425604e+16 2.699723077746373e+16 2.2516960295739296e+16 1.8390879179906244e+16 1.4658652632033012e+16 1.1361047487747108e+16 8537090946927773.0 7312705886318007.0 6215942676657992.0 5244758298723531.0 4719177430364189.0 4390593321944800.0 3926427704601390.5 3632758721099231.0 3207606224229537.5 2927344766079283.0 2785626899995625.0 2641260048347804.0 2492624231528234.5 2337533952937273.0 2172872464631813.5 1792491551463024.8 1553143305433899.8 1236749513609929.5
2715.0003803631394 1.911095534247677e+16 1.6323370395894044e+16 1.374301917388785e+16 1.1386003586552292e+16 9267800767136114.0 7401937433757630.0 5797192434787274.0 5092672463191024.0 4450716288918915.5 3866104947426545.5 3539007781408650.5 3328884115217162.0 3022238923838318.5 2820838405097912.0 2516904378779808.0 2307602047308768.0 2198919374503288.2 2086226358774296.2 1968133683479129.0 1842725014308856.8 1707218749987653.2 1385619972749248.2 1177762723913836.5 896966722411809.0
2725.0003817641095 9582112657549276.0 8344239932134962.0 7240687746372742.0 6264865570000764.0 5406414409802280.0 4650071839856309.0 3973882779919833.0 3656395859065930.0 3345833613450346.5 3035268205469988.0 2845104344713987.0 2715090382111976.0 2512480170421632.0 2370172412360622.5 2140405016618208.2 1971378509720738.8 1880168098487416.2 1783184439910388.8 1679033194823532.8 1565780796188823.5 1440621739985975.8 1134334007351705.8 931908156460852.6 656911648027818.6
2735.0003831650793 1.586637662847851e+16 1.361033165253951e+16 1.1558902892433108e+16 9716901659345248.0 8085847482713403.0 6662221956281339.0 5434307209045779.0 4886347462771282.0 4375560465763534.0 3893785214395674.0 3613784298285864.0 3428750183275494.0 3150129115063571.5 2960941103692233.0 2665379597411122.0 2454602536018916.5 2342824763246560.5 2225264895848818.5 2100297729940748.8 1965660477350189.2 1818048810202313.8 1459725038615335.5 1223102021021013.2 898654591893828.4
2745.0003845660494 9385536732710500.0 8396991483326482.0 7479622662355065.0 6629695417371718.0 5841571522237916.0 5106739864704688.0 4412055421215437.0 4073582707825245.0 3736103709163578.5 3394082781897384.5 3183372334644482.0 3039084199750035.5 2814269245741925.0 2656619129811378.5 2402868978202299.5 2216967077066445.2 2116934093187142.0 2010777148275789.0 1896989108192115.0 1773462988024803.5 1637111866821813.8 1303268746897441.8 1081438204739317.9 776538995157308.5
2755.0003859670096 1.4996966986193006e+16 1.3061547757523726e+16 1.127722596977411e+16 9646806441688878.0 8171012759092734.0 6847133139362345.0 5666257520118710.0 5123616445046829.0 4607282911853754.0 4110448332529986.0 3817564527628240.5 3622610611186002.5 3327463316430031.0 3126356658537977.5 2811839477711369.0 2587790656674783.5 2469181197627860.0 2344639571920402.5 2212510208125966.2 2070478691474823.0 1915152330054256.5 1539640397348200.5 1292461362134888.2 953496304974407.9
2765.0003873679793 2.215497515585521e+16 1.9064957778315296e+16 1.6219807052389398e+16 1.3631466880881214e+16 1.1309181537788792e+16 9257329999180222.0 7471221833205538.0 6671895688492925.0 5928368317622684.0 5231949947420218.0 4831361617756869.0 4569096234077168.0 4178902630576200.0 3917792362192054.5 3517006708362262.0 3236854052191796.5 3090206658126923.5 2937359462247884.0 2776353745879731.5 2604439826253545.0 2417565072681891.0 1968847371707622.2 1674269831971756.2 1269433717381633.2
2775.0003887689495 2.0809593091106256e+16 1.804013880337955e+16 1.5503454092652586e+16 1.3203666787395492e+16 1.1140982507745506e+16 9309620286343724.0 7694011621927488.0 6957862254047411.0 6261294944572885.0 5594878293116284.0 5203999556934557.0 4944735964401730.0 4553800273087280.0 4288619732891514.5 3875980129561340.0 3583565424711097.5 3429224777617231.5 3267446578320487.5 3096043977403329.5 2911927754854094.5 2710514321399558.0 2221374897097159.0 1895617681118990.8 1440552471231873.2
2785.0003901699192 9762907784502366.0 8952345290788944.0 8179115932286427.0 7438206664836376.0 6723071517117884.0 6024779210738844.0 5330231765955383.0 4978149281131657.0 4617652330263554.0 4242446663123774.0 4006271380312355.0 3842306126384596.0 3583149318657247.0 3398696956232729.5 3096990010592653.0 2872100244379874.5 2749715543521585.5 2618778732415436.5 2477213970366551.5 2322113083301021.5 2149208275286823.8 1718588033293153.8 1427077276235072.2 1020188681308502.8
2795.00039157089 4272679019409680.5 4046441954597177.5 3813797347446850.5 3572332859852549.0 3318627180704176.0 3047560282426511.0 2750915559877171.0 2588874181188745.5 2414155485190214.5 2222536001298641.5 2096838645160739.0 2007357163831897.0 1862497595424556.0 1757120295611619.8 1581543298010226.0 1448934944269347.2 1376474368733275.0 1298925956883097.5 1215259610231813.5 1124069144511251.4 1023347297277891.4 779136390681114.5 621062404415976.0 412629567576930.3
2805.0003929718596 5388996470223791.0 5074133251363935.0 4756487195596579.0 4433118921879551.5 4099957659799747.5 3751015820827947.0 3376760641085378.5 3175349573420629.0 2960296438625143.0 2726638644284829.0 2574421322855380.0 2466486661145640.5 2292363147171074.5 2166061377324202.8 1956025534343607.8 1797491374554414.2 1710818166524106.0 1617973793093994.8 1517658367797738.0 1408089204920830.5 1286711538709415.2 990416790234737.5 796733623186794.9 537983580872248.5
2815.0003943728298 1.6611579992952502e+16 1.4689327677486644e+16 1.2935408497746082e+16 1.134192707741808e+16 9897134565493712.0 8583923275895215.0 7377080313347657.0 6802166713177134.0 6237513409662775.0 5673541522639654.0 5329840458903189.0 5095924118301456.0 4733414135494203.0 4480319585964882.0 4074093209514925.0 3776703117471428.0 3616512487748500.5 3446240893529445.5 3263273063751195.0 3063930660053160.0 2842791000749882.0 2294941960078847.0 1924611926446099.2 1405289710811067.8
2825.0003957737995 2.3260519718612556e+16 1.9860835957690456e+16 1.6830815799571872e+16 1.417044151592366e+16 1.1870083475926462e+16 9906733882509354.0 8238602246655848.0 7495171002414829.0 6797146480448895.0 6129506916043831.0 5735554267903777.0 5472415986437411.0 5071747971535984.0 4796623389381852.0 4361932628173085.5 4048361510160538.5 3880853703619087.5 3703742738568745.5 3514368393905480.0 3308975267575323.0 3081994215101997.5 2521484729744413.0 2141799470995819.0 1603901045201201.8
2835.0003971747697 1.4638406538826812e+16 1.2778879204205278e+16 1.1158588671316176e+16 9758181607478766.0 8550431700925025.0 7499203473843946.0 6558252325979983.0 6111333046542788.0 5668409903614374.0 5218172910097996.0 4938325665618218.0 4745017104663905.0 4440351589922880.5 4223712753981733.5 3868910455191807.0 3603572741726961.0 3458724161881829.0 3303332062940901.0 3134776751020451.0 2949375448992444.0 2741698228312063.5 2219188490542606.0 1860306888900001.5 1349826220588895.0
2845.0003985757394 6594346039502417.0 6220670372427023.0 5859877526915490.0 5503587412906164.0 5142455532619281.0 4765264420958397.0 4356718813887218.5 4133587392664157.0 3891966516085026.5 3624782656918991.0 3447785996323320.0 3320759302938312.5 3113012358601972.0 2960031793606858.5 2701137110421491.0 2501838975369240.5 2391411811470872.0 2271939427508776.5 2141446203097328.0 1997201528750804.8 1835258144892029.2 1429949631262929.0 1157044005920613.2 783433621173084.0
2855.0003999767096 3301727899671832.5 3163701980989446.0 3015872383889024.5 2855757117625610.0 2679871786627317.5 2483076918380052.0 2257278349354624.5 2129513356614222.5 1988487584094164.0 1830265206627379.0 1724677635130610.2 1648745968315052.0 1524646924270001.5 1433595541138150.5 1280771181020207.5 1164701891143365.5 1101140754544407.1 1033067402907549.4 959626167698687.9 879665821734312.2 791574583530829.8 580062366929685.0 446001392113595.2 275021993294999.0
2865.0004013776793 9780282140904228.0 8911959580061476.0 8139310784458921.0 7444050038321028.0 6805038902785145.0 6198070063530470.0 5594738947214140.0 5283467164818909.0 4957914376999266.0 4609434129091185.0 4384114876472692.5 4224707951650270.0 3967514475492947.5 3780448706392335.0 3467278294705918.5 3228228296121457.0 3096233535151745.0 2953615257050521.0 2797887675034800.0 2625572223399721.0 2431567921249457.0 1940993797932709.8 1604101466760316.8 1129140570394897.2
2875.00040277865 2.4084126990489636e+16 2.04171506950117e+16 1.718951386028133e+16 1.440468743366103e+16 1.2050911982851856e+16 1.0095001319227758e+16 8475147043196604.0 7762337171926040.0 7093820902379756.0 6450521548664378.0 6067116425277121.0 5808837698220588.0 5411586685211614.0 5135725792003804.0 4694350635810444.0 4371594677819153.0 4197658673569835.5 4012598832948091.0 3813425343301173.5 3595909935491900.0 3353772943014773.5 2748417932625056.0 2332836187097731.0 1736771055129287.8
2885.000404179609 2.9529298852825204e+16 2.54025881846093e+16 2.1605292315822668e+16 1.8161850783043624e+16 1.5093175811748128e+16 1.241240740153257e+16 1.0116762527762334e+16 9104390330685082.0 8171101532190603.0 7301907596692830.0 6801944181800363.0 6473547460122186.0 5981737904451337.0 5649381168763858.0 5132208318291701.0 4764556036954486.0 4569851957223462.0 4365186473344535.5 4147641962770992.0 3913111439802996.0 3655509923437436.5 3025322400171881.5 2601836480855357.5 2003633350602990.8
2895.0004055805794 4.928122138316301e+16 4.225160856578549e+16 3.5636243033750096e+16 2.9497275982641604e+16 2.3902265196386132e+16 1.8921955974080212e+16 1.4623784229418718e+16 1.2746598608297962e+16 1.1053152432501544e+16 9537027991183788.0 8705345989144378.0 8179309678282201.0 7425277453836059.0 6939802881440942.0 6222711034330633.0 5739651577360359.0 5492080149975665.0 5237546550553678.0 4972971961231993.0 4694089088026922.0 4394639287661530.0 3687237793645492.5 3227229680149147.0 2591292771712407.5
2910.000407682039 7.299420264088525e+16 6.281588524538072e+16 5.309698560641431e+16 4.3931089502413656e+16 3.5426889808887404e+16 2.770979875503213e+16 2.092124811233216e+16 1.7921505332044706e+16 1.5207130741205174e+16 1.2788343829115312e+16 1.147854589640852e+16 1.0661980311736144e+16 9515650773986596.0 8797623623692414.0 7773489167219998.0 7111492786699290.0 6781409947426329.0 6448576713527563.0 6109545802865673.0 5759624008794866.0 5392026339711520.0 4553691931777938.0 4027596849301428.0 3319379352606164.5
2930.000410483979 6.553395746035203e+16 5.678852749888934e+16 4.840659737882874e+16 4.045878055182198e+16 3.3027853828081124e+16 2.6210993585191452e+16 2.0121126182533732e+16 1.7387450532704898e+16 1.4881253798925046e+16 1.2613323047612998e+16 1.1367941714073672e+16 1.058431996347354e+16 9473939932085078.0 8771980604233208.0 7762051339210518.0 7103893898151730.0 6774188727212590.0 6440703947247534.0 6099937660372407.0 5747081011790118.0 5375142461064339.0 4522173393773669.0 3983752145930189.0 3255287924570455.0
2950.0004132859094 5.836485507684847e+16 5.0408299389985144e+16 4.284746455831405e+16 3.574795553424674e+16 2.91834584736348e+16 2.3235493494883536e+16 1.799060365404115e+16 1.5657694888166542e+16 1.3528093081759572e+16 1.1603143595587782e+16 1.0542886998307754e+16 9872527139159072.0 8915002815467296.0 8302646403353603.0 7407395673279650.0 6812029804868369.0 6509515989360395.0 6200354899361218.0 5880958171156403.0 5546366996307760.0 5189325104933080.0 4353621756407157.5 3814303585947344.0 3070229266177998.0
2970.0004160878498 5.840346714475294e+16 5.04811202698606e+16 4.295842059227718e+16 3.5898065723043664e+16 2.9370190462447644e+16 2.3452030240220416e+16 1.8225120208412084e+16 1.5895109111658164e+16 1.37635672399411e+16 1.183150485641074e+16 1.076448121517908e+16 1.0088589706435408e+16 9121233225112434.0 8501220313376323.0 7592362226352747.0 6985850031028530.0 6676836861454298.0 6360343781286540.0 6032553545864323.0 5688193163996599.0 5319553335258295.0 4451903002828722.5 3888890349532585.5 3110344596224044.0
2990.0004188897897 5.832081165719765e+16 5.041013109753233e+16 4.289777759403111e+16 3.5849723041391868e+16 2.934057881341083e+16 2.345320914255903e+16 1.8274859680077656e+16 1.597666692762615e+16 1.388105695263292e+16 1.198644277414041e+16 1.0940594535697e+16 1.0277319688998946e+16 9325164407953158.0 8711851249565337.0 7806257760243656.0 7196509794590167.0 6884019800613832.0 6562670244093253.0 6228480243147136.0 5875917214447832.0 5496836801479879.0 4597774576342227.0 4008908007233533.5 3186327996174444.5
3010.0004216917296 5.230543177361821e+16 4.509467894737215e+16 3.8309862162398376e+16 3.200788156353534e+16 2.6249731521898104e+16 2.109832413310372e+16 1.6612183241795522e+16 1.4631618624720508e+16 1.2826612969979638e+16 1.1188703362808144e+16 1.0277679678253666e+16 9695413263697488.0 8850588400853227.0 8298992628814944.0 7470790161243367.0 6902297972262275.0 6607235324817685.0 6301085525945362.0 5979745221975250.0 5637494927709100.0 5265911952470684.0 4371579278691444.0 3778464830978055.0 2945201918037990.0
3030.0004244936695 6.6438797654031976e+16 5.761038208960598e+16 4.918386220882527e+16 4.123235837434608e+16 3.383836668775567e+16 2.709329918685088e+16 2.1094285730043476e+16 1.8403871183096936e+16 1.5931749683312632e+16 1.3680859084756592e+16 1.2433642394668546e+16 1.1642363272790344e+16 1.0508932662220648e+16 9782595993866206.0 8719669421229441.0 8012660923395251.0 7653456338480718.0 7286380461519387.0 6907150418840490.0 6509838546279611.0 6085766902223682.0 5092512652376832.0 4451144920037089.0 3566529106650829.5
3050.00042729561 6.97807331537233e+16 6.0508106261261544e+16 5.166419564696669e+16 4.332623975806613e+16 3.558195272531544e+16 2.8529512741162596e+16 2.2274294582923256e+16 1.9477357539779776e+16 1.6913407703980546e+16 1.4583796960635964e+16 1.3293908349035988e+16 1.247510844048836e+16 1.1300080013369864e+16 1.0544552028045664e+16 9433114377877180.0 8688892163198154.0 8309083258738195.0 7919749997868572.0 7516268783365053.0 7092220195040152.0 6638165039882470.0 5568993424089036.0 4874089826200009.0 3908928425657869.0
3070.0004300975393 8.646612681303294e+16 7.57447178189817e+16 6.534853044956479e+16 5.5355162111638936e+16 4.5858215225483336e+16 3.697170399423515e+16 2.883537699819625e+16 2.5099942411155996e+16 2.1616073332110132e+16 1.840411841502882e+16 1.6612931808493338e+16 1.54754007722223e+16 1.3850245203428136e+16 1.2815929229959354e+16 1.1321963624895762e+16 1.034779682965841e+16 9860655109103706.0 9369062701855034.0 8868368608024101.0 8352142956659708.0 7810982257396567.0 6583397260732588.0 5817801117960001.0 4788277054021685.0
3090.0004328994796 7.264784796422635e+16 6.3708252123434664e+16 5.512144650791114e+16 4.694455159523467e+16 3.924233240149771e+16 3.208817480166977e+16 2.556429636500806e+16 2.2565897679903388e+16 1.9756603818410332e+16 1.7142564456656346e+16 1.5667193779893244e+16 1.4720451407714536e+16 1.3349954758902452e+16 1.2463557567089592e+16 1.1157800294694082e+16 1.0286370972899904e+16 9843681142737500.0 9391825415482078.0 8925994145542768.0 8439480827185373.0 7922406135444365.0 6722094765619819.0 5955041277825392.0 4905091030486805.0
3110.0004357014195 1.0069909101594352e+17 8.895478852752779e+16 7.74414737175798e+16 6.62312682252707e+16 5.541427266097036e+16 4.510536981635509e+16 3.5454853448704924e+16 3.0936612419927244e+16 2.6662141854305844e+16 2.266385976926495e+16 2.0410163501979868e+16 1.897118905884053e+16 1.6908562466796888e+16 1.5595129919617526e+16 1.3705808380520186e+16 1.2485690164603204e+16 1.1881168370856096e+16 1.1275955327050228e+16 1.0665373194549048e+16 1.0042954545728336e+16 9399294689155684.0 7978585675063340.0 7124322645671239.0 6019778059725794.0
3130.0004385033594 9.065431634504296e+16 7.965714558723778e+16 6.9023611737158344e+16 5.882736165403711e+16 4.915372252164769e+16 4.0101875811975384e+16 3.178680528823251e+16 2.7945389476448052e+16 2.4336078442977308e+16 2.097155947861816e+16 1.9072397762417852e+16 1.7854961682781028e+16 1.609690498802913e+16 1.4964683819404656e+16 1.330879758026477e+16 1.2215603266475162e+16 1.1665115767908642e+16 1.110719782446791e+16 1.053667608069504e+16 9946320229476164.0 9325459410932770.0 7911563010728301.0 7027564533771126.0 5839598460004722.0
3150.0004413052993 9.0880387194997e+16 8.060588143376293e+16 7.057576468190017e+16 6.084136523800347e+16 5.146364219301533e+16 4.2516741712261704e+16 3.409407322064706e+16 3.0115903467642696e+16 2.631665447367599e+16 2.2715318279642212e+16 2.0656416525308652e+16 1.9327445797670504e+16 1.7398150955525734e+16 1.6151578251782378e+16 1.4328249146689928e+16 1.3128505553056642e+16 1.252676968928678e+16 1.1919135748091152e+16 1.1300569753278084e+16 1.0664032310330496e+16 9999182648650214.0 8507187358881532.0 7593732142753032.0 6394485385571388.0
3170.0004441072397 1.0406079417086845e+17 9.23948454287546e+16 8.097351414918771e+16 6.98577812132966e+16 5.912143325556975e+16 4.885562578592726e+16 3.9176017815508776e+16 3.460101200925172e+16 3.0230775299063296e+16 2.6087303853417556e+16 2.3717637293194692e+16 2.218745916907344e+16 1.9964725811503536e+16 1.8527472899005548e+16 1.6423825837684044e+16 1.503957623521307e+16 1.4345820716187522e+16 1.3646044869797498e+16 1.2934942674901476e+16 1.2205108332992996e+16 1.144566201312328e+16 9756322117096936.0 8735027632216083.0 7411442458439232.0
3190.000446909169 8.96557969705857e+16 7.955512537854286e+16 6.970692170255633e+16 6.016536636503151e+16 5.0994917869716056e+16 4.227322600383166e+16 3.4094719500981864e+16 3.0243700535001228e+16 2.6571295378229396e+16 2.3090559409046024e+16 2.1097056661965292e+16 1.9807005056507748e+16 1.792634248697928e+16 1.670385350511508e+16 1.4900649856172932e+16 1.3701444055766592e+16 1.309547260665665e+16 1.2480235918916006e+16 1.1850317210546084e+16 1.1198112065330126e+16 1.051237049205946e+16 8955100884725158.0 7987300425663088.0 6695361400397902.0
3210.000449711109 9.758014678129547e+16 8.62810781187303e+16 7.530073337638646e+16 6.471050353381006e+16 5.459416563022991e+16 4.5050182093334104e+16 3.61931354628919e+16 3.206147970602004e+16 2.8148034972869296e+16 2.446354088048903e+16 2.2363316904654204e+16 2.1007299419238736e+16 1.9033182587241772e+16 1.7750333379014492e+16 1.5855799452582422e+16 1.459250584323048e+16 1.3952691908953688e+16 1.330193663815857e+16 1.2634352437523576e+16 1.1941693423596264e+16 1.1211759930467142e+16 9547526115312112.0 8508530791912876.0 7117186036314974.0
3230.0004525130494 7.984706785690067e+16 7.086467436936355e+16 6.2162909539128776e+16 5.378808734511031e+16 4.579289655437262e+16 3.823749372537489e+16 3.1189733370465212e+16 2.787840301685841e+16 2.4718927579406496e+16 2.171407699403684e+16 1.9982709721108736e+16 1.8855414413356176e+16 1.7197641445008534e+16 1.61074480178651e+16 1.447422458571615e+16 1.3366804966180814e+16 1.279951167098128e+16 1.2217701524109644e+16 1.1615481436408396e+16 1.0984532487759592e+16 1.0312445325874024e+16 8749712670616201.0 7750218421425934.0 6377963886460371.0
3250.0004553149893 1.2565606261604592e+17 1.1184297321511355e+17 9.822222119585304e+16 8.48684329820133e+16 7.1875434789282904e+16 5.9363916860085576e+16 4.749322116442903e+16 4.1862234888560904e+16 3.647568308552971e+16 3.13674457706046e+16 2.844885446447632e+16 2.656673192308481e+16 2.3838383572372876e+16 2.207913843496587e+16 1.9513807084670196e+16 1.7833514557037824e+16 1.6994059743400346e+16 1.6149241420021342e+16 1.5292761436689364e+16 1.4415787561090226e+16 1.350526863930783e+16 1.148459462772762e+16 1.0261724670613478e+16 8662444498752234.0
3270.000458116929 1.590470486449888e+17 1.4182776475224534e+17 1.2475323008798467e+17 1.079103753266617e+17 9.141095198820773e+16 7.540300771011829e+16 6.009065581752308e+16 5.2781942627747144e+16 4.57650712508283e+16 3.909426409467469e+16 3.5281532456947388e+16 3.282553865908669e+16 2.9275114227797864e+16 2.699670915570202e+16 2.3700235197710384e+16 2.156537012743462e+16 2.0508290699831196e+16 1.9451932576287244e+16 1.8389537038711348e+16 1.7311607708479504e+16 1.6204135219406828e+16 1.37946044295879e+16 1.2372165764506658e+16 1.0556677374177158e+16
3290.000460918869 1.5615828904436806e+17 1.3968663707640026e+17 1.233292005584892e+17 1.0715721790756027e+17 9.12625722622032e+16 7.576831090174634e+16 6.084747530078101e+16 5.367728236960422e+16 4.675416364062063e+16 4.012764013646451e+16 3.631619104283106e+16 3.385024705202887e+16 3.026874872208597e+16 2.7959110119550696e+16 2.4600766801997796e+16 2.241511058697081e+16 2.132981928984128e+16 2.024331645042181e+16 1.914872456334089e+16 1.8036333719957124e+16 1.689178466237706e+16 1.4397718331151862e+16 1.2925511816524184e+16 1.1052223847517182e+16
3310.0004637208094 1.3592178687522376e+17 1.2114684405287368e+17 1.066140175564551e+17 9.239621757652429e+16 7.858299177052917e+16 6.5287253130959336e+16 5.2656004495372504e+16 4.664828937571709e+16 4.088382085343289e+16 3.539335917674542e+16 3.22418652591569e+16 3.0202388310758e+16 2.7233836628684428e+16 2.5310721461367788e+16 2.249100784024342e+16 2.0631997509036628e+16 1.9698879502863776e+16 1.8756347551851416e+16 1.7796758587536592e+16 1.6809330378413194e+16 1.577806863264694e+16 1.346248981610296e+16 1.2039734640963428e+16 1.0151484706464644e+16
3330.0004665227398 1.4007374930522965e+17 1.2500420325366098e+17 1.1013496584018338e+17 9.553997664147149e+16 8.131258047174752e+16 6.757404913889929e+16 5.448699476028167e+16 4.825412590193573e+16 4.2271792835375336e+16 3.6575350658174904e+16 3.3307703320744044e+16 3.1194256651148548e+16 2.811999399753872e+16 2.6129648079904964e+16 2.3212908330796036e+16 2.12907488069406e+16 2.032617058291869e+16 1.9352060675432024e+16 1.836059291082824e+16 1.7340740000894064e+16 1.6276134905212086e+16 1.388788056991618e+16 1.242157284391433e+16 1.0475681596305804e+16
3350.0004693246797 1.3258870984544088e+17 1.1810083657482563e+17 1.0388040044490237e+17 9.000669225356736e+16 7.657584833313552e+16 6.3706305190438584e+16 5.154629819266436e+16 4.5788405498037016e+16 4.027873227614286e+16 3.504099044996141e+16 3.2035399519185476e+16 3.0088624557825452e+16 2.7248791641993028e+16 2.540212639145001e+16 2.267803137882873e+16 2.086665246470208e+16 1.995148841041109e+16 1.90224213925369e+16 1.8071217446519076e+16 1.708625120276936e+16 1.6050210736610604e+16 1.3692384928927392e+16 1.2218694070174452e+16 1.022939748805127e+16
3370.0004721266196 8.507561163442728e+16 7.591505156033344e+16 6.7046357369047624e+16 5.851466793551136e+16 5.037066609322526e+16 4.267040760779245e+16 3.5472612296594104e+16 3.2078598048083744e+16 2.8825796179788308e+16 2.5710073789330196e+16 2.389950037680727e+16 2.271216102409863e+16 2.0950078909905972e+16 1.9778074906943044e+16 1.7996499486382554e+16 1.676617970300781e+16 1.6127426742826648e+16 1.546551726553829e+16 1.47723949417565e+16 1.4036649050683324e+16 1.3241220639949984e+16 1.1340220385239626e+16 1.0083778476603722e+16 8302696493389893.0
3390.0004749285595 1.058753832908919e+17 9.403830114510123e+16 8.257371202582966e+16 7.155376627089963e+16 6.106106623387279e+16 5.118915222749716e+16 4.203951475062327e+16 3.776597577582953e+16 3.3704494197404024e+16 2.9853797263620868e+16 2.763748031815487e+16 2.619372354687163e+16 2.4066568876808796e+16 2.266281843752275e+16 2.054759225416782e+16 1.9101212569707564e+16 1.8355271475771e+16 1.7586035684659504e+16 1.6784696023450442e+16 1.5938763294945306e+16 1.5029529563858354e+16 1.2876810704800738e+16 1.1466282666107704e+16 9474724635692566.0
3410.0004777305 1.099628206656109e+17 9.785735339397446e+16 8.61079382682399e+16 7.478638550316634e+16 6.397479365398764e+16 5.37661490589546e+16 4.4261936130184984e+16 3.980498750911149e+16 3.5556950426858604e+16 3.1517943994328624e+16 2.9188624222464076e+16 2.7669829936127556e+16 2.5430889704953828e+16 2.39532321142591e+16 2.1727928769524708e+16 2.020827985355704e+16 1.942552444080867e+16 1.8619189572713756e+16 1.7780277161955956e+16 1.6896019689351224e+16 1.5947276620054178e+16 1.3708485553375288e+16 1.2247163759584652e+16 1.0190083057682834e+16
3430.0004805324393 1.2434770651585186e+17 1.1082768300248926e+17 9.764502885591338e+16 8.488346999791214e+16 7.264184647104997e+16 6.103600703360281e+16 5.019714729338514e+16 4.510709485851391e+16 4.02544272168069e+16 3.564239335057764e+16 3.2984900020433884e+16 3.125362474769079e+16 2.8704574273673092e+16 2.702505728718614e+16 2.4501884995228396e+16 2.2784670605998604e+16 2.1902543045552704e+16 2.099583101188662e+16 2.005486455275473e+16 1.9065904079968944e+16 1.8008308802162588e+16 1.5527199557147762e+16 1.3917960765042402e+16 1.166512193159501e+16
3450.0004833343696 1.2373437365483502e+17 1.1037593572931331e+17 9.731482112347365e+16 8.463356324379354e+16 7.243104986249134e+16 6.082576985221419e+16 4.9956972277370904e+16 4.484578399154597e+16 3.997272159545659e+16 3.534638267871927e+16 3.2685954680544516e+16 3.0956021818781188e+16 2.8414997901487376e+16 2.674533542172471e+16 2.4244147117761028e+16 2.2546317080218424e+16 2.16751956959305e+16 2.0780276606645092e+16 1.9851786041513756e+16 1.887582490936038e+16 1.7831483602187774e+16 1.5375045648611506e+16 1.377331961332087e+16 1.1513609306349284e+16
3470.0004861363095 1.3331411701384184e+17 1.1877050597685086e+17 1.0454287239901987e+17 9.07301038616147e+16 7.745239721216542e+16 6.485513272916783e+16 5.310908726624179e+16 4.761216425220192e+16 4.239249769518079e+16 3.7459137248574024e+16 3.4632345996391064e+16 3.2798073846011584e+16 3.010871265293932e+16 2.8344301909831948e+16 2.570435962014816e+16 2.3914139720288104e+16 2.2996141201810564e+16 2.205344636039777e+16 2.107581612009288e+16 2.0048695150480496e+16 1.8950180364606704e+16 1.6368361668580814e+16 1.4685470285095494e+16 1.230821745000712e+16
3490.0004889382494 1.6087714958487363e+17 1.4398567085151442e+17 1.272580240963277e+17 1.107898239717184e+17 9.470578568902507e+16 7.91710995924543e+16 6.4405750070696104e+16 5.739767988850718e+16 5.069105172616482e+16 4.432140320338603e+16 4.067029443778997e+16 3.83065730756688e+16 3.485820483992376e+16 3.261356627167442e+16 2.9293989690452348e+16 2.707731918407405e+16 2.5953525377595356e+16 2.480955525852374e+16 2.363474060283871e+16 2.2413996787885696e+16 2.112474611512173e+16 1.816580330961092e+16 1.6292090905477288e+16 1.3713463427596348e+16
3510.0004917401893 1.7477476610168467e+17 1.566482489014534e+17 1.3863346347262898e+17 1.2082942384132037e+17 1.0336747930804942e+17 8.64246551136813e+16 7.024139132165049e+16 6.2530844508818184e+16 5.5134054631923096e+16 4.809467775082792e+16 4.405554639197285e+16 4.144027070463845e+16 3.762678673376598e+16 3.514756511824298e+16 3.1489831375513052e+16 2.9056522474123996e+16 2.7826790833995564e+16 2.6578273000941976e+16 2.5300088060354692e+16 2.3976849778866264e+16 2.2585501245298348e+16 1.9418944875193624e+16 1.7432692555694216e+16 1.4717926772453062e+16
3530.0004945421297 1.5413516692056794e+17 1.381651442628026e+17 1.2232712151087232e+17 1.0670917758779226e+17 9.142662444039965e+16 7.663263236434691e+16 6.2531376717100376e+16 5.582032540605298e+16 4.938334117990804e+16 4.3252669357627816e+16 3.9728859943204296e+16 3.744287650994923e+16 3.4099901717175e+16 3.1917695722683224e+16 2.8679163136963724e+16 2.650728925011083e+16 2.5402785523352228e+16 2.4275802993664172e+16 2.311543109147293e+16 2.1906255796114308e+16 2.06252249312984e+16 1.7668956320202728e+16 1.5784698492754486e+16 1.3174919669531058e+16
3550.0004973440696 1.896253084135146e+17 1.6979854147915955e+17 1.500635746026385e+17 1.3053716899576011e+17 1.113771785066604e+17 9.28001565364621e+16 7.51040992273147e+16 6.670624308950428e+16 5.868242349321689e+16 5.108587128501904e+16 4.674840256690768e+16 4.3949174113387016e+16 3.988068436229138e+16 3.7243613407429256e+16 3.3362071404787124e+16 3.0783312217005296e+16 2.948014755874397e+16 2.8156542267050716e+16 2.680038507619284e+16 2.5394596639539868e+16 2.3913648803176916e+16 2.052835461232087e+16 1.839278106909261e+16 1.5462527515408932e+16
3570.0005001459995 1.1130864981252736e+17 9.925673617631238e+16 8.756772189974952e+16 7.632981302460077e+16 6.56459101401131e+16 5.563213599935719e+16 4.640734335062268e+16 4.212046835896886e+16 3.805442486746213e+16 3.4193874831700508e+16 3.1959152099561636e+16 3.049323412120913e+16 2.8310332858724908e+16 2.6848729051335836e+16 2.460287898081921e+16 2.3029581223273476e+16 2.2204251612044896e+16 2.1342310218817016e+16 2.043197968290546e+16 1.9456476639689092e+16 1.83905087801517e+16 1.5790201269215264e+16 1.4025856073262892e+16 1.1454494517154436e+16
3590.0005029479394 1.170194216749916e+17 1.0510878728225195e+17 9.34436597025137e+16 8.208675036255045e+16 7.111173924222498e+16 6.060428573420459e+16 5.0659815720017096e+16 4.592792354437361e+16 4.13670128281699e+16 3.697485666591922e+16 3.4412191646198372e+16 3.2727549638770012e+16 3.022138886871298e+16 2.8550355285124736e+16 2.6003539215259108e+16 2.4239808067741976e+16 2.33224466848545e+16 2.2370569691866876e+16 2.1372361783148972e+16 2.0311014591461404e+16 1.9161252704848044e+16 1.639998493421776e+16 1.455888560744586e+16 1.1911972774945426e+16
3610.0005057498793 1.5631289826984592e+17 1.4091638128758618e+17 1.2559561968564904e+17 1.1042252456009074e+17 9.549289823702632e+16 8.093635894269698e+16 6.692833778443612e+16 6.019882174448847e+16 5.3692611583624056e+16 4.74347445143453e+16 4.3802928454765624e+16 4.143014111687912e+16 3.793225953539285e+16 3.562843125042761e+16 3.217540914910812e+16 2.983503866736848e+16 2.863695347639253e+16 2.7408958990995124e+16 2.6138772056290924e+16 2.480895437890083e+16 2.3393304876713984e+16 2.010016579726671e+16 1.7981484159783102e+16 1.501361963005192e+16
3630.000508551819 1.6289522758289594e+17 1.472133273230403e+17 1.315743405563112e+17 1.160427126228516e+17 1.0070474926581003e+17 8.567823602990595e+16 7.1124982197836104e+16 6.409064009495174e+16 5.7257002806656584e+16 5.0649905430462504e+16 4.679925414236178e+16 4.427734201145036e+16 4.055188893908586e+16 3.809427973788254e+16 3.440785644315766e+16 3.1909538414400056e+16 3.063136960602598e+16 2.9322215598396172e+16 2.7969424639874892e+16 2.6555063772788024e+16 2.505226603886533e+16 2.1573210433688628e+16 1.935405363700211e+16 1.628723743320414e+16
3640.00050995279 1.7166345380525146e+17 1.551924380455609e+17 1.3876774683343072e+17 1.2245486507994974e+17 1.0634110694028576e+17 9.054525346370171e+16 7.523003746998432e+16 6.781763606876274e+16 6.060771692334019e+16 5.3625490509052536e+16 4.954968684805493e+16 4.687725995261348e+16 4.292464545512351e+16 4.031403196304756e+16 3.639429030032299e+16 3.3736806475604916e+16 3.2377635774102004e+16 3.098634561046465e+16 2.9550092553055052e+16 2.8050668810149436e+16 2.6460775501601932e+16 2.2797711138218416e+16 2.0476388776094012e+16 1.7284359257305878e+16
3650.0005113537595 1.9995335896178627e+17 1.8105767477971808e+17 1.6211095666112365e+17 1.4317202855934475e+17 1.2432196595654445e+17 1.0567637255092592e+17 8.740575617865157e+16 7.848633011125282e+16 6.976320624602617e+16 6.128084571735018e+16 5.632345652248046e+16 5.30762887172151e+16 4.828869636571369e+16 4.514427453919473e+16 4.046550966600824e+16 3.733258037399694e+16 3.57449632290801e+16 3.4131113556147564e+16 3.247771440151998e+16 3.0765801469681624e+16 2.8966860914881164e+16 2.4885586264842716e+16 2.2341723739535004e+16 1.888903727716586e+16
3670.0005141556994 2.194009164369375e+17 1.988680697707852e+17 1.7818903088775302e+17 1.574226842415785e+17 1.3665519998606981e+17 1.160166507736462e+17 9.570927417604603e+16 8.57725754186714e+16 7.604713930465045e+16 6.6591451156436e+16 6.107048226434982e+16 5.7458139808787944e+16 5.2140599383125256e+16 4.865547381003867e+16 4.348460557735009e+16 4.003536578162138e+16 3.82926802453098e+16 3.6525539010627544e+16 3.4720372499307044e+16 3.285793930232889e+16 3.0909439523294336e+16 2.6530970824852492e+16 2.383923361080248e+16 2.0239497708725624e+16
3690.0005169576293 1.964058312300054e+17 1.7774462383253824e+17 1.590798448725785e+17 1.4048001016353955e+17 1.2203780726066914e+17 1.0388218065134763e+17 8.619595204652931e+16 7.760535447025226e+16 6.923239830966964e+16 6.111383315485912e+16 5.6375162434316056e+16 5.327094475431864e+16 4.868844303713493e+16 4.5670954118097656e+16 4.116091255237502e+16 3.812154124662298e+16 3.6573739786832696e+16 3.4994342977745864e+16 3.3369288584522184e+16 3.1678536374934988e+16 2.9891899579760548e+16 2.579519354625406e+16 2.3207523098847856e+16 1.9650241977101788e+16
3710.000519759569 2.0241278178881123e+17 1.830913285831062e+17 1.6374150344921613e+17 1.4443965016195882e+17 1.2529377612687293e+17 1.0646004978807664e+17 8.816614869428997e+16 7.931804605559675e+16 7.0731373706052216e+16 6.245233901107446e+16 5.7645761427904984e+16 5.450832515945142e+16 4.989315102195995e+16 4.686401263701031e+16 4.234779426025085e+16 3.930835887477324e+16 3.776049468377726e+16 3.618022306162343e+16 3.4552634476960324e+16 3.2856455660770236e+16 3.105954721343244e+16 2.6910786954036664e+16 2.4258345423991744e+16 2.05497945432845e+16
3730.000522561509 1.1039120827740222e+17 9.988513977432806e+16 8.96173409108572e+16 7.964828841745579e+16 7.004979382299625e+16 6.0903612350735464e+16 5.22913788871177e+16 4.8202894343286776e+16 4.4256407235810216e+16 4.04305975269477e+16 3.817273679494509e+16 3.667152888347569e+16 3.4402949589743176e+16 3.285972095724502e+16 3.0446946100549464e+16 2.8724635566019644e+16 2.7809984427890532e+16 2.6846269592563616e+16 2.5818770835436284e+16 2.4706358952006416e+16 2.3476976825627756e+16 2.0415099545673496e+16 1.8283806273566096e+16 1.5087801574231364e+16
3750.000525363449 1.3374151483469774e+17 1.2047022635960589e+17 1.0746478596091678e+17 9.481730442790542e+16 8.26376996302274e+16 7.105333107530624e+16 6.019981996072768e+16 5.508347931762849e+16 5.018124233210692e+16 4.547807503463385e+16 4.273278662825776e+16 4.092269386145303e+16 3.821368146871629e+16 3.639079112893278e+16 3.3575960910469852e+16 3.159426727317677e+16 3.0551486693468372e+16 2.946005254616326e+16 2.830460223577505e+16 2.7063122440132868e+16 2.570224234977839e+16 2.2359690032887696e+16 2.0066464668724948e+16 1.6663407066961154e+16
3770.0005281653894 1.9290618079359318e+17 1.7395888507466752e+17 1.5512344228789206e+17 1.3651905724058293e+17 1.1829674012230784e+17 1.006451105086877e+17 8.379135857317594e+16 7.574091904615226e+16 6.797840553147959e+16 6.051757830025917e+16 5.618085170578759e+16 5.3340851496009544e+16 4.9138842571859304e+16 4.6357541349972344e+16 4.216172335411872e+16 3.929505538177029e+16 3.781909313868384e+16 3.629958539557213e+16 3.471997101908989e+16 3.3056557423515732e+16 3.1273469135894868e+16 2.706587503361821e+16 2.4306387158429136e+16 2.0366753528171484e+16
3790.0005309673293 1.9696267695036726e+17 1.770554988844051e+17 1.5738533851914627e+17 1.3807996550831106e+17 1.1929414466975717e+17 1.0121321818024912e+17 8.405290360451613e+16 7.58900213961048e+16 6.803968691622259e+16 6.051463805070346e+16 5.615066238867268e+16 5.329722346408536e+16 4.908200728968866e+16 4.629621359088729e+16 4.209880858529003e+16 3.9233101316226536e+16 3.7757703246463304e+16 3.623852781462016e+16 3.4658782839454384e+16 3.2994561953550636e+16 3.1209859199274864e+16 2.699799255790101e+16 2.4240721751301584e+16 2.0324781632636324e+16
3810.0005337692596 1.740546190797636e+17 1.5606095173821114e+17 1.3851260319780925e+17 1.2152442281604037e+17 1.05225248749876e+17 8.975594363275915e+16 7.526093352641138e+16 6.841808759201706e+16 6.1855236989036456e+16 5.556146146820046e+16 5.18975153005452e+16 4.949037916024575e+16 4.590864797121734e+16 4.351808611901021e+16 3.9867970459331576e+16 3.733421040491539e+16 3.601426067053057e+16 3.4643139801193868e+16 3.3203627762723404e+16 3.167115402066525e+16 3.000863086600898e+16 2.600344743432582e+16 2.331982046779688e+16 1.9433482733551424e+16
3830.0005365711995 7.763579871693494e+16 7.1283888612512584e+16 6.527204982291171e+16 5.96059022563667e+16 5.42756742914362e+16 4.9245222805306936e+16 4.443184366653159e+16 4.2058671682436856e+16 3.9664851714114824e+16 3.719875521950453e+16 3.5652699747375188e+16 3.4579650754126228e+16 3.288083457115756e+16 3.1667561734182784e+16 2.9671314782591804e+16 2.817047657247798e+16 2.734782521258943e+16 2.646217644479957e+16 2.549716488453949e+16 2.4429300887135876e+16 2.3223048914507376e+16 2.011842212454598e+16 1.7896668847903132e+16 1.4522399072270412e+16
3850.0005393731394 1.1799275711303307e+17 1.0562625071041714e+17 9.391202029174013e+16 8.292827961440219e+16 7.274545878978293e+16 6.341232188055494e+16 5.492804646288908e+16 5.097677258407039e+16 4.718135562079568e+16 4.348665529824946e+16 4.128164992715201e+16 3.979919652562527e+16 3.752652332523571e+16 3.595420296803471e+16 3.3447909757378656e+16 3.1621348323646204e+16 3.0638661445799684e+16 2.9594028080963372e+16 2.8470279702531696e+16 2.7242888428932836e+16 2.5874910652134948e+16 2.243102992820185e+16 2.0022688964507668e+16 1.6430481323294476e+16
3870.0005421750793 1.171792156788465e+17 1.0547453808562578e+17 9.43144558843752e+16 8.374808248467563e+16 7.381813116036016e+16 6.4552872832989e+16 5.594917458738452e+16 5.187654464765676e+16 4.7929767540171384e+16 4.4066900873063016e+16 4.175959999075203e+16 4.021059409254915e+16 3.784291672353866e+16 3.621151224715752e+16 3.3623960653749484e+16 3.1748364050366244e+16 3.07427869182764e+16 2.9676474686480204e+16 2.85324726343267e+16 2.7286645875584012e+16 2.590275543321127e+16 2.244079518871024e+16 2.0037436878708252e+16 1.6473888028964382e+16
3890.0005449770197 1.7140645598352707e+17 1.5525067588795987e+17 1.3930376680575662e+17 1.2364977451401714e+17 1.0838717533657637e+17 9.362981674506275e+16 7.950356400095242e+16 7.271486737884877e+16 6.612151193804717e+16 5.9716484515499016e+16 5.59492185866738e+16 5.3458698326598296e+16 4.9730786410785416e+16 4.722880165283209e+16 4.3389812606662664e+16 4.071413903270705e+16 3.931763650249181e+16 3.786558070444845e+16 3.63399610134456e+16 3.471498949954552e+16 3.295161551470752e+16 2.870301837426377e+16 2.5855151459842652e+16 2.1717063639731656e+16
3910.0005477789596 2.2139180338372394e+17 2.0041277850288413e+17 1.7966126274752454e+17 1.592262397926198e+17 1.3921311127153672e+17 1.1974788992015074e+17 1.0098032024301461e+17 9.190911617770269e+16 8.306939751666707e+16 7.44643228138343e+16 6.940356070973914e+16 6.606286789547718e+16 6.1078464538194776e+16 5.7750986294420536e+16 5.268964943968243e+16 4.920669862692433e+16 4.7407536587171816e+16 4.5552516740015304e+16 4.362251516598278e+16 4.159002825500045e+16 3.9413139999847176e+16 3.4292549169491452e+16 3.0946866562714436e+16 2.6160894898180284e+16
3930.0005505808995 9.995154166699115e+16 9.205503262901906e+16 8.439096616138317e+16 7.69695003267533e+16 6.979247969194259e+16 6.284518692461207e+16 5.607781496325628e+16 5.272633895568644e+16 4.935957501885073e+16 4.592801819107129e+16 4.380532848765738e+16 4.23478106346542e+16 4.006941012435555e+16 3.846515295637747e+16 3.5867930010838144e+16 3.394906534956417e+16 3.2908911038049772e+16 3.1797703924259984e+16 3.0596337079738e+16 2.9277246522062748e+16 2.779848524909541e+16 2.4031566711836184e+16 2.1352552658253148e+16 1.7276278225077096e+16
3950.0005533828294 2.012139961381822e+17 1.8247809281088698e+17 1.6407138597518304e+17 1.460692363104779e+17 1.2855523589001573e+17 1.1161957001683277e+17 9.534927526817496e+16 8.748148348302808e+16 7.978718936399622e+16 7.223995490884925e+16 6.775685713792995e+16 6.477220683580019e+16 6.027189443073061e+16 5.723034045578218e+16 5.253703566590586e+16 4.9254898021713336e+16 4.754110536424212e+16 4.576004415615087e+16 4.389082956498753e+16 4.19031558654769e+16 3.975048298932372e+16 3.4576363790202852e+16 3.110030613342064e+16 2.5982861721186108e+16
3970.0005561847693 1.3324895224307963e+17 1.2238085147589347e+17 1.1169142581426326e+17 1.0120858671405403e+17 9.095712244684062e+16 8.095208602906779e+16 7.118213228311916e+16 6.6364500527188e+16 6.156308138135638e+16 5.673307645266576e+16 5.378931954710053e+16 5.1791439318533944e+16 4.871124823359464e+16 4.657645936364839e+16 4.318415105976701e+16 4.073049893737803e+16 3.9419367608199064e+16 3.803322096975119e+16 3.655113786612752e+16 3.4942827288213756e+16 3.316199768749827e+16 2.8715796548744964e+16 2.5613264195105436e+16 2.0945312328877836e+16
3990.000558986709 3.073528809794771e+17 2.793033180320358e+17 2.5114815862215978e+17 2.2297668039404138e+17 1.9490538695329053e+17 1.6709182978961914e+17 1.3975856403362317e+17 1.2636705120377307e+17 1.1322203355426429e+17 1.00371331962597e+17 9.281503129659056e+16 8.784041459086178e+16 8.045887954567277e+16 7.557300513252157e+16 6.823484907005061e+16 6.3269936895810696e+16 6.073774916966613e+16 5.815285694413124e+16 5.549380399338527e+16 5.272984158683887e+16 4.981425789401768e+16 4.3157000581914376e+16 3.896712586043715e+16 3.317311512495445e+16
4010.0005617886495 3.3684832621914694e+17 3.065379433862708e+17 2.7601419278525507e+17 2.4535343772079222e+17 2.146583238566451e+17 1.840733179890459e+17 1.5381453662581558e+17 1.389064503573924e+17 1.2421797796279957e+17 1.098126609665184e+17 1.013291588707832e+17 9.574369346493947e+16 8.746419815890683e+16 8.199643313431352e+16 7.381719629577214e+16 6.8314524418572776e+16 6.552007362338716e+16 6.2676867381270584e+16 5.976294276784648e+16 5.674697047107266e+16 5.3581650697657224e+16 4.642971730620681e+16 4.199478484642874e+16 3.5966992955310676e+16
4030.0005645905894 3.2280212815933594e+17 2.932468906572525e+17 2.6358148058753018e+17 2.3389677431179203e+17 2.0431227474406608e+17 1.749907485283546e+17 1.4616513066300736e+17 1.3204010051247778e+17 1.1817769906653658e+17 1.0463711132744909e+17 9.668773976393274e+16 9.146326929543608e+16 8.373051020028085e+16 7.86294900140586e+16 7.100188781967769e+16 6.586718520396779e+16 6.325658941834049e+16 6.059700016694201e+16 5.7866222350698264e+16 5.503249995357919e+16 5.20477676128362e+16 4.5245377987037464e+16 4.097125605493201e+16 3.5074051474968452e+16
4050.0005673925293 3.0773938624878605e+17 2.797261399544853e+17 2.51658441255418e+17 2.2362857373148022e+17 1.957555172611966e+17 1.681973606755301e+17 1.411719086364293e+17 1.2794942612016506e+17 1.1497890154509448e+17 1.0230321871428595e+17 9.48498546662585e+16 8.994223890168848e+16 8.265780021164501e+16 7.783357675523691e+16 7.058045676153688e+16 6.566348176454097e+16 6.315074534335158e+16 6.058082349281284e+16 5.79305879586839e+16 5.516689385771795e+16 5.22394616927049e+16 4.5495241523597864e+16 4.120011787040297e+16 3.519879922546334e+16
4070.000570194459 2.919268164838918e+17 2.6520742537220902e+17 2.385040590691801e+17 2.119150146680578e+17 1.855650440155737e+17 1.596161498549816e+17 1.3428429496256117e+17 1.219358377901833e+17 1.0985144124265453e+17 9.806498668354467e+16 9.114083790232216e+16 8.658165303669445e+16 7.98094050506886e+16 7.5317143908542e+16 6.854326019271889e+16 6.393089833357559e+16 6.156543420147432e+16 5.9139140438184504e+16 5.662857152453584e+16 5.400006209464508e+16 5.1202402609932824e+16 4.469249345617791e+16 4.048899654174478e+16 3.4527367409304356e+16
4090.000572996399 3.6641352744781037e+17 3.3441080406808115e+17 3.019229547084684e+17 2.6901865118673718e+17 2.357999225662696e+17 2.0242511019413037e+17 1.6915108061257146e+17 1.526764473677001e+17 1.3640540665434726e+17 1.2042764472772664e+17 1.1101959441067066e+17 1.0483093521807016e+17 9.567296871534261e+16 8.96405172857344e+16 8.064899101025912e+16 7.462668922047987e+16 7.157747121665858e+16 6.848143072799362e+16 6.531487278926745e+16 6.204389602178903e+16 5.861724082035393e+16 5.0891821824110824e+16 4.6105215507558744e+16 3.958548245103405e+16
4110.000575798339 3.551390235148978e+17 3.2465975499353094e+17 2.935222693060363e+17 2.617944153123045e+17 2.2959020136005725e+17 1.970982005441592e+17 1.6463260922046653e+17 1.485614245383095e+17 1.3271191602207954e+17 1.1718886658821014e+17 1.0807523063162498e+17 1.0209318138393632e+17 9.326153846344178e+16 8.745766716046162e+16 7.882515052745555e+16 7.305240143665789e+16 7.013073851038441e+16 6.716379735678941e+16 6.412738240289482e+16 6.098663181107815e+16 5.768844249659838e+16 5.0196457718941224e+16 4.549006623082057e+16 3.896703974393737e+16
4130.000578600279 3.420009289247564e+17 3.106770555832603e+17 2.791874977170704e+17 2.476458438496415e+17 2.162070533619642e+17 1.850882877433985e+17 1.546024932845544e+17 1.3973102193458662e+17 1.251963318543824e+17 1.1106783945038067e+17 1.0280711765667389e+17 9.739095528364613e+16 8.939013817063051e+16 8.411917542044939e+16 7.623870809201976e+16 7.092690496037376e+16 6.8221434445049144e+16 6.5460170271136616e+16 6.261801713915797e+16 5.96589014356781e+16 5.652789737927753e+16 4.931266535312816e+16 4.4699704891590184e+16 3.820782652332561e+16
4150.000581402219 3.2737392640043206e+17 2.965859160093475e+17 2.6578611773902486e+17 2.3511569699660835e+17 2.047626221905246e+17 1.749819936976357e+17 1.461251186673658e+17 1.3218557921177886e+17 1.1866023049833822e+17 1.05610178118469e+17 9.802235494286109e+16 9.306178601580446e+16 8.574861264659154e+16 8.093451696432862e+16 7.372839167375998e+16 6.885327404964488e+16 6.63606444947258e+16 6.380762214097522e+16 6.116815611546859e+16 5.84048261301192e+16 5.546068510941478e+16 4.857713285198173e+16 4.409235113954269e+16 3.767083039828401e+16
4170.000584204159 3.429131087530518e+17 3.109927743799203e+17 2.789800514860122e+17 2.4701003107053226e+17 2.152659627229302e+17 1.8400306798974368e+17 1.5358379521645872e+17 1.3884254973145818e+17 1.2451167189867242e+17 1.1066389556112786e+17 1.026074040138867e+17 9.734082293826683e+16 8.95811035598896e+16 8.447909276408194e+16 7.685745935744112e+16 7.171631757609337e+16 6.909364608737563e+16 6.6412185538339576e+16 6.364537278304441e+16 6.07549375355273e+16 5.768247101062749e+16 5.052475201074415e+16 4.587425200751595e+16 3.921445218244069e+16
4190.000587006089 3.1901669682893786e+17 2.899125171348659e+17 2.6081853080215446e+17 2.3184887272274653e+17 2.0315140094921754e+17 1.7492243520582502e+17 1.4742502290258685e+17 1.3405459797082216e+17 1.2099810221942826e+17 1.0829388080049738e+17 1.008449734173832e+17 9.59457154804663e+16 8.867508527512942e+16 8.385545877651579e+16 7.65892832895809e+16 7.163901640889227e+16 6.90978745835267e+16 6.648861943252209e+16 6.3784604810258504e+16 6.09474386188682e+16 5.7918539105545336e+16 5.0818195863746e+16 4.61820104569123e+16 3.953126901682716e+16
4210.000589808029 3.325922746810577e+17 3.0297968660638464e+17 2.7324433420075085e+17 2.434767631438848e+17 2.1379962988893437e+17 1.843833889885394e+17 1.5547385946610595e+17 1.4131429360627675e+17 1.2742059408828037e+17 1.1384390497116877e+17 1.0586290694362394e+17 1.0060886192671077e+17 9.281093191534312e+16 8.764602392339152e+16 7.987607491809493e+16 7.460161530235317e+16 7.190229955566797e+16 6.9137639516757944e+16 6.628112171724565e+16 6.329452706242571e+16 6.0119508004559144e+16 5.273741325634883e+16 4.796299279834558e+16 4.115774742499237e+16
4230.000592609969 3.1455997472117894e+17 2.8763097790665386e+17 2.6055147876055315e+17 2.3338330885569014e+17 2.0620956423288243e+17 1.7914680801763552e+17 1.5236630656007872e+17 1.3915613783148795e+17 1.2611431811148552e+17 1.1327348450482426e+17 1.056699692443566e+17 1.0063816159201861e+17 9.312629366426555e+16 8.811886295269027e+16 8.05327543481569e+16 7.534473539653864e+16 7.267752929115952e+16 6.993744829627795e+16 6.709786430459318e+16 6.412040644670311e+16 6.094650762779966e+16 5.354094376269882e+16 4.8739408648818344e+16 4.1883636919292504e+16
4250.000595411909 3.295931691616096e+17 3.0153805073628454e+17 2.7338225650214915e+17 2.4518401561433062e+17 2.1701517604417245e+17 1.8896661629435098e+17 1.6116159852522035e+17 1.4740128708988355e+17 1.3376760771823237e+17 1.2028006889302794e+17 1.1225764877711166e+17 1.0693290993116008e+17 9.896133883619344e+16 9.363471278810358e+16 8.555311739050446e+16 8.002530807226526e+16 7.718572267451395e+16 7.427168667661782e+16 7.125658248620071e+16 6.810198611951081e+16 6.474921133468527e+16 5.697960996899657e+16 5.1992138090528584e+16 4.494875757235453e+16
4270.000598213849 3.0055424515635904e+17 2.7524492050363475e+17 2.4996365644304352e+17 2.2476849693996435e+17 1.9972725985759984e+17 1.7492045184844205e+17 1.5044409063843603e+17 1.3836238158207242e+17 1.263981328496756e+17 1.1454727570800872e+17 1.0747725284331691e+17 1.0276936260840718e+17 9.568786486631042e+16 9.092603534739912e+16 8.363979346289078e+16 7.860250670638706e+16 7.59948827839527e+16 7.330318304782269e+16 7.0499982807058744e+16 6.754569602597159e+16 6.437981397144336e+16 5.692887578447811e+16 5.205445208340509e+16 4.5045625040368856e+16
4290.0006010157895 2.7037139688661757e+17 2.480335678056706e+17 2.2576646325384653e+17 2.0361845846106627e+17 1.8164384854798538e+17 1.5990317449209014e+17 1.3845973478744267e+17 1.2786544567337926e+17 1.1735541872272736e+17 1.0691032697008194e+17 1.0065221186970435e+17 9.646925588406678e+16 9.01462955462354e+16 8.586824265581819e+16 7.927042881599317e+16 7.466503305903794e+16 7.226478996197955e+16 6.977462999378022e+16 6.716710002941453e+16 6.440268406362124e+16 6.142115330430952e+16 5.4326778630404296e+16 4.963296818308267e+16 4.283486275325969e+16
4310.00060381772 2.2622855932749683e+17 2.0912767597557645e+17 1.920696414117575e+17 1.7505968105266528e+17 1.5809824706351712e+17 1.4117617184145062e+17 1.2426645516998814e+17 1.1579655921341338e+17 1.0729358397653837e+17 9.872009861894704e+16 9.351298441039208e+16 8.999889740174549e+16 8.463030898658814e+16 8.095565712250555e+16 7.521426044661723e+16 7.1147988344267064e+16 6.900784792273453e+16 6.677144533558175e+16 6.441121766570335e+16 6.188749063378781e+16 5.913992634487077e+16 5.249540459921211e+16 4.802433259676718e+16 4.1469287085088424e+16
4330.000606619659 3.673467498330984e+17 3.3748688156412506e+17 3.072038932849849e+17 2.765468301323313e+17 2.4558441206403987e+17 2.144215676922362e+17 1.8321890323101085e+17 1.6767493526412928e+17 1.5221724637547645e+17 1.3687918072924677e+17 1.2773848417355582e+17 1.2166551675754448e+17 1.1256616183701992e+17 1.064815706944416e+17 9.724491543903157e+16 9.092551029138282e+16 8.767984465301461e+16 8.435034172089432e+16 8.090776196468709e+16 7.731010478312901e+16 7.349357726040714e+16 6.4696894081564424e+16 5.9102703873361384e+16 5.12846215574549e+16
4350.0006094216 3.59176608750641e+17 3.3046739573129715e+17 3.013338372280174e+17 2.718448823846412e+17 2.4208968583317898e+17 2.1218746903438605e+17 1.8228960811700864e+17 1.6739716028764115e+17 1.525687509124508e+17 1.3780870681767754e+17 1.2897367470733317e+17 1.2308077472380203e+17 1.1420749408840267e+17 1.0823929447098562e+17 9.911832065949301e+16 9.283350257875533e+16 8.959174628837626e+16 8.625696196283794e+16 8.279959513263094e+16 7.917717810431248e+16 7.532505556048592e+16 6.641650246725656e+16 6.0734813369654024e+16 5.278488757324748e+16
4370.000612223539 3.9004820232719917e+17 3.5785403668817683e+17 3.253740364123478e+17 2.926665532294854e+17 2.5980561292907475e+17 2.2689097768332624e+17 1.940663380807604e+17 1.7774898812416662e+17 1.6153385859485526e+17 1.4544450743221203e+17 1.3585055433407382e+17 1.2947216142085155e+17 1.1990616116191634e+17 1.135022451799909e+17 1.0376832386701405e+17 9.710053229132835e+16 9.367403147524176e+16 9.015830925686464e+16 8.652317923717477e+16 8.272534732975485e+16 7.869907741786734e+16 6.943798896915173e+16 6.3567906823862024e+16 5.539599954965729e+16
4390.000615025479 3.427655103234953e+17 3.1468283969508966e+17 2.8650339126451155e+17 2.582841153349254e+17 2.3009064194486874e+17 2.020035849161434e+17 1.7412109586045808e+17 1.6029043673580202e+17 1.4654702136276086e+17 1.328853189132508e+17 1.2471110811143682e+17 1.192579818000629e+17 1.1104071358494666e+17 1.0550571201087214e+17 9.702433815223173e+16 9.115552724095611e+16 8.81172980928932e+16 8.498212527293648e+16 8.171943097529253e+16 7.828522495165509e+16 7.461253885478424e+16 6.601778894223042e+16 6.044686255475618e+16 5.251157897115042e+16
4410.00061782742 3.796887121759951e+17 3.4846493029922816e+17 3.1695788135981824e+17 2.852293196896201e+17 2.5336090503921914e+17 2.214643738953792e+17 1.896957317849156e+17 1.7392277359226358e+17 1.5826033796506525e+17 1.427240234187683e+17 1.334558522954675e+17 1.2728902981892142e+17 1.180272620501104e+17 1.118139226018556e+17 1.0234117481531522e+17 9.58269507502432e+16 9.24698439558551e+16 8.901787498831424e+16 8.544004226205216e+16 8.169188103824275e+16 7.770574594659514e+16 6.847973118685685e+16 6.2581469187674536e+16 5.428567127013595e+16
4430.000620629359 4.237460134401103e+17 3.896064749384879e+17 3.548857054129833e+17 3.1961266555555315e+17 2.8383665254829642e+17 2.4763830317968605e+17 2.111607637570235e+17 1.9289055306613088e+17 1.7465527550478326e+17 1.565026167756084e+17 1.4566467837387882e+17 1.3846049435868677e+17 1.276695465057699e+17 1.204628730894425e+17 1.0955209218036027e+17 1.0211894156935182e+17 9.83147043911791e+16 9.44234746371999e+16 9.041364267060309e+16 8.62397219224377e+16 8.183245030695973e+16 7.1765364187955576e+16 6.543375914939758e+16 5.667386292175619e+16
4450.00062343129 4.2033691552950125e+17 3.869945066745012e+17 3.530243992511488e+17 3.184396823017767e+17 2.8326789916021373e+17 2.475690060436902e+17 2.1146558819358096e+17 1.9333110584051456e+17 1.751967778484102e+17 1.5711104911002048e+17 1.4629782738407594e+17 1.3910393004516662e+17 1.2831923382503184e+17 1.2111033629295162e+17 1.1018534611452064e+17 1.0273394782491277e+17 9.891741581769293e+16 9.501151998751917e+16 9.09844783982274e+16 8.67906953464175e+16 8.236095929095013e+16 7.224314007240456e+16 6.588642123690497e+16 5.710509647489369e+16
4470.000626233229 4.541431284423239e+17 4.18479702843341e+17 3.820285545390434e+17 3.447842438471392e+17 3.0675371915437914e+17 2.679697990462163e+17 2.2852945200472618e+17 2.0862833915863987e+17 1.886669119803317e+17 1.687068659142816e+17 1.56757041687242e+17 1.488055316248898e+17 1.3689252922800896e+17 1.2894225168923314e+17 1.1693022456007648e+17 1.0877459264221746e+17 1.0461237394021046e+17 1.0036484586114864e+17 9.59997466636984e+16 9.14707190228005e+16 8.67073788880183e+16 7.59177428254916e+16 6.921087605139145e+16 6.004349914947587e+16
4490.000629035169 4.677197980983708e+17 4.3132068764490886e+17 3.9406507276337197e+17 3.559398097773396e+17 3.1694259079392166e+17 2.7709928644347766e+17 2.3650166775970224e+17 2.1598488895151942e+17 1.9538397721063533e+17 1.7476339310316928e+17 1.6240871123582173e+17 1.5418461808467014e+17 1.4186020208651107e+17 1.33634716775438e+17 1.2120986182463739e+17 1.1277930875067226e+17 1.084795942349357e+17 1.0409429867697574e+17 9.959084253795702e+16 9.492229956912083e+16 9.00172907896482e+16 7.892872373747944e+16 7.205193964817481e+16 6.266698034093767e+16
4510.000631837109 5.262785449503696e+17 4.8599971096375526e+17 4.44571956906178e+17 4.019499998624164e+17 3.580945641446468e+17 3.129928543204732e+17 2.667077770724718e+17 2.4318682894995814e+17 2.194865774727966e+17 1.9569330252703155e+17 1.8141548044839526e+17 1.719080077623745e+17 1.576668311653801e+17 1.4817530894067805e+17 1.3387866474239376e+17 1.2422173824029992e+17 1.19315363007695e+17 1.1432742730347197e+17 1.0922494452724694e+17 1.0396050617500965e+17 9.846219612345589e+16 8.619129883386066e+16 7.87187393928164e+16 6.8704173771913144e+16
4530.000634639049 4.668024231850979e+17 4.310166532398662e+17 3.9432492175257555e+17 3.5669880957735814e+17 3.181134864364974e+17 2.785681350522844e+17 2.3812435887522992e+17 2.1762216673478432e+17 1.9699229763755533e+17 1.763004951452547e+17 1.6388471644120608e+17 1.5561312474595805e+17 1.4320863587962264e+17 1.3492463096748542e+17 1.2240474406877968e+17 1.1390550532535368e+17 1.0956942301389077e+17 1.0514602465218275e+17 1.0060231638797277e+17 9.589075752018704e+16 9.09390353773571e+16 7.973810329500414e+16 7.278494343661043e+16 6.327976314301487e+16
4550.0006374409895 4.9461232081418624e+17 4.568656070364345e+17 4.181028595705884e+17 3.782897663350951e+17 3.373975929870521e+17 2.9542476414852326e+17 2.5243758100541792e+17 2.306240107648479e+17 2.08660154365388e+17 1.8661646809689184e+17 1.733836396610979e+17 1.6456610109621133e+17 1.513421123978415e+17 1.4251210389748282e+17 1.2917398972962912e+17 1.2012857610975678e+17 1.155184043219088e+17 1.108195995488762e+17 1.0599837579944066e+17 1.0100605646460368e+17 9.576849851074587e+16 8.396463708430146e+16 7.667196665563202e+16 6.673794459949695e+16
4570.000640242919 5.275027445732302e+17 4.875361247688143e+17 4.464209210024549e+17 4.041046632877723e+17 3.605395524373371e+17 3.1570163349936166e+17 2.6963644987510912e+17 2.462017424674629e+17 2.2256620940461635e+17 1.988100031831831e+17 1.8453746398358326e+17 1.7502497165680982e+17 1.607608116340399e+17 1.5124184285698266e+17 1.3688130447382117e+17 1.2716264470430075e+17 1.2221799663095114e+17 1.1718567559899702e+17 1.1203126666190989e+17 1.0670526309988766e+17 1.011323276954332e+17 8.864378723463091e+16 8.099036270729154e+16 7.06512175251099e+16
4590.000643044859 5.014356439808691e+17 4.639048076948496e+17 4.253278685011355e+17 3.8565276432163526e+17 3.448287653391925e+17 3.028179398707705e+17 2.5963570544830022e+17 2.3764390657775824e+17 2.1543339653472544e+17 1.9306275553232e+17 1.7959041034699872e+17 1.7059360202113635e+17 1.5706959695106694e+17 1.4801760878821834e+17 1.3431044559348926e+17 1.249915241507005e+17 1.2023483332090674e+17 1.1538193292962789e+17 1.1039788919419338e+17 1.0523248013970997e+17 9.980945476604902e+16 8.758340444809422e+16 8.003992424361582e+16 6.980056565366466e+16
4610.000645846799 5.16358726469146e+17 4.778350805759759e+17 4.381982582976052e+17 3.9739095835462426e+17 3.5535912511152224e+17 3.1206361354798496e+17 2.6752703380313005e+17 2.4483789122065984e+17 2.2192231839047994e+17 1.9884555067813366e+17 1.8495206505042627e+17 1.7567661444739037e+17 1.6173903066228486e+17 1.524147078579706e+17 1.3830429340572984e+17 1.2871957215332098e+17 1.2383063469222982e+17 1.1884574487906824e+17 1.1372980829893749e+17 1.0843240173003158e+17 1.0287700255212907e+17 9.038242416830448e+16 8.269778273526048e+16 7.229470730457298e+16
4630.000648648739 5.146027875439515e+17 4.7624022393288403e+17 4.3678202186132755e+17 3.96177427540328e+17 3.543797758668746e+17 3.1136626132544134e+17 2.6717654824236733e+17 2.4469174675584243e+17 2.220039964231573e+17 1.991766236594048e+17 1.8544058858998506e+17 1.7627157155097763e+17 1.6249234416973437e+17 1.5326987878144317e+17 1.393002974860722e+17 1.2979684920235915e+17 1.2494326080244963e+17 1.199892678756411e+17 1.148988166221111e+17 1.0962005789605208e+17 1.040742022351521e+17 9.155257271380002e+16 8.380786020028251e+16 7.325873036841282e+16
4650.0006514506795 5.1760781979000045e+17 4.791350368261116e+17 4.395468101945398e+17 3.987903935021827e+17 3.568152562127927e+17 3.135892564973274e+17 2.6914606722614518e+17 2.4651640038026685e+17 2.236710893996204e+17 2.0067451522482864e+17 1.868321709480019e+17 1.7759086341964285e+17 1.6370166760491936e+17 1.5440530579258147e+17 1.4032439178819794e+17 1.3074619947362477e+17 1.2585483962405272e+17 1.208627021949592e+17 1.1573353059698502e+17 1.1041535087154981e+17 1.0482919887450675e+17 9.222384243339742e+16 8.443573220099637e+16 7.384166041304309e+16
4670.000654252619 5.394585704638244e+17 4.996245751975549e+17 4.585937156088142e+17 4.163067977060885e+17 3.727029329238034e+17 3.2774382856379635e+17 2.814584319059986e+17 2.57868181152767e+17 2.3403878999330173e+17 2.1003902111796115e+17 1.955878521128976e+17 1.8593842133474653e+17 1.7143386706502822e+17 1.6172462368380707e+17 1.4701748277384634e+17 1.3701343330136027e+17 1.3190510139579464e+17 1.2669219785698757e+17 1.2133743680608808e+17 1.1578741548401851e+17 1.0996121005502056e+17 9.683643368518163e+16 8.875122817343035e+16 7.779087502653926e+16
4690.000657054549 5.308094353333488e+17 4.918654096148998e+17 4.5175113111590586e+17 4.103999028560484e+17 3.677531509169575e+17 3.2376861118823866e+17 2.7846885914107696e+17 2.5537221637356995e+17 2.3203328627852848e+17 2.0851560271983104e+17 1.9434644333775574e+17 1.8488059558664326e+17 1.706427287327825e+17 1.61103904914221e+17 1.466385652489972e+17 1.36784546658835e+17 1.3174722117879408e+17 1.2660229424904011e+17 1.2131207046916488e+17 1.1582251560768306e+17 1.1005174172093347e+17 9.701527443933782e+16 8.895492965289637e+16 7.79913175204895e+16
4710.000659856489 5.1260112693945126e+17 4.75447900051033e+17 4.3716340727975405e+17 3.9768028073211955e+17 3.569389903116721e+17 3.1489387923303014e+17 2.715635319426628e+17 2.4945723954011014e+17 2.2710533570699085e+17 2.0456141304409024e+17 1.909634669822353e+17 1.8187007674665472e+17 1.6817426215070582e+17 1.5898331193736314e+17 1.4501604978511894e+17 1.3547764309407075e+17 1.3059345328881885e+17 1.2559883447296008e+17 1.2045627682494539e+17 1.1511189795363477e+17 1.0948360166681258e+17 9.67186089295373e+16 8.877716005620438e+16 7.789060082077757e+16
4730.000662658429 5.369196461430967e+17 4.975832383399472e+17 4.570666770971908e+17 4.1531082671047546e+17 3.722561867155004e+17 3.278671569785447e+17 2.821723126592864e+17 2.5888417969643808e+17 2.353591023327173e+17 2.1166058542638653e+17 1.9738549969615373e+17 1.8784983484861734e+17 1.735081112824507e+17 1.639005566790882e+17 1.4933288568904147e+17 1.3941160819113467e+17 1.3434113280153141e+17 1.2916336848091298e+17 1.2384045658591392e+17 1.1831788080193104e+17 1.1251253628372394e+17 9.938738586513291e+16 9.124907319451293e+16 8.011623974557622e+16
4750.0006654603685 5.476532414299648e+17 5.0797223911881114e+17 4.6703247714988115e+17 4.24756366751026e+17 3.810637171743491e+17 3.358915227199518e+17 2.892395697720923e+17 2.6539888720031114e+17 2.412695879465922e+17 2.1691618860591782e+17 2.0222645989042067e+17 1.924067812445253e+17 1.7763022841725984e+17 1.6772875989918352e+17 1.527178866901165e+17 1.4250172901893707e+17 1.3728451407958512e+17 1.3196069631466202e+17 1.2649255037024389e+17 1.2082567953379546e+17 1.1487703161923243e+17 1.0146728074107531e+17 9.318461746869858e+16 8.189355737703157e+16
4770.000668262309 5.504599529913052e+17 5.1067916499738554e+17 4.696123726324684e+17 4.271759730581633e+17 3.832889539158629e+17 3.378848214431353e+17 2.9096844016538515e+17 2.6698616099364966e+17 2.4271241800895347e+17 2.1821691839693037e+17 2.0344546022149238e+17 1.935737854945497e+17 1.787246843096204e+17 1.6877939298487286e+17 1.537112587367824e+17 1.4346365215935099e+17 1.3823302692820194e+17 1.3289746415632915e+17 1.2741930308930507e+17 1.2174410138043686e+17 1.1578863551684397e+17 1.0236658758801774e+17 9.407331810266171e+16 8.275466599871005e+16
4790.000671064249 5.524838874840801e+17 5.1275739326926016e+17 4.717374041336041e+17 4.293440447769166e+17 3.854961544341182e+17 3.401305051431262e+17 2.932507541444269e+17 2.692862305931303e+17 2.450280289113245e+17 2.205414343961928e+17 2.057686091277397e+17 1.958912184827194e+17 1.810228490770224e+17 1.710548719807787e+17 1.55931720512075e+17 1.456289131469469e+17 1.4036371543641936e+17 1.3498815219746243e+17 1.2946381540606816e+17 1.2373529869745738e+17 1.1771794217924728e+17 1.0413497309251776e+17 9.572749697234166e+16 8.423037828101526e+16
4810.00067386618 5.530691848802552e+17 5.1348074027227565e+17 4.7264010757433536e+17 4.30470970898414e+17 3.868948766952068e+17 3.418480115770454e+17 2.953260782715285e+17 2.7154573323127242e+17 2.4746446714229245e+17 2.2313408444849523e+17 2.0843653191047123e+17 1.9859801250341315e+17 1.8376565138787098e+17 1.7380320232247645e+17 1.5865348290556755e+17 1.48304508008997e+17 1.4300595966593568e+17 1.3758908376287654e+17 1.320144015234202e+17 1.2622501732392984e+17 1.201341814037863e+17 1.063515016057933e+17 9.78012218665278e+16 8.60964547248073e+16
4830.000676668119 5.622158182775919e+17 5.222563335339763e+17 4.80958503022462e+17 4.382370974327694e+17 3.9400590353745984e+17 3.481956972917316e+17 3.008025472305158e+17 2.7655083099829344e+17 2.5198058694161686e+17 2.2715134357597037e+17 2.121533915426234e+17 2.021155504328497e+17 1.8698626546523917e+17 1.7682709821156477e+17 1.6138213632568352e+17 1.5083362315301504e+17 1.4543352266915245e+17 1.3991344786667062e+17 1.3423352512768234e+17 1.2833653420997962e+17 1.2213547854860702e+17 1.0812511079823203e+17 9.946036221927509e+16 8.76502058030325e+16
4850.000679470059 5.389252622944105e+17 5.017335596384584e+17 4.6313116788058214e+17 4.230272604132624e+17 3.81335496593135e+17 3.3798692081793094e+17 2.929778027711211e+17 2.698853989343043e+17 2.464470789933394e+17 2.227115049140675e+17 2.0834524175205334e+17 1.987153786264199e+17 1.841747063702626e+17 1.743900237234309e+17 1.59476576384678e+17 1.4926071979296774e+17 1.4402006607648958e+17 1.3865463665087602e+17 1.3312415661542502e+17 1.2737072283046206e+17 1.2130612951813464e+17 1.075362331704772e+17 9.8961180375193e+16 8.718681079560466e+16
4870.000682272 4.8729761285582394e+17 4.556229099997667e+17 4.225426877525645e+17 3.879487161550698e+17 3.517344900257711e+17 3.13804479680599e+17 2.7410757198177914e+17 2.536053406356155e+17 2.326883313720788e+17 2.1137774755961658e+17 1.9840460257260003e+17 1.8967198140413824e+17 1.7642224856190355e+17 1.6745770712334957e+17 1.53708811944258e+17 1.4422460965490243e+17 1.393365685068635e+17 1.3431507248859688e+17 1.2911995773095446e+17 1.2369322830672654e+17 1.1794629056303133e+17 1.0477953927017136e+17 9.64830143322962e+16 8.495560018659643e+16
4890.000685073939 5.370502243899838e+17 4.9969085985285274e+17 4.610775236084885e+17 4.211268289799991e+17 3.797424345013923e+17 3.3684673514140685e+17 2.924044594121328e+17 2.696228802577835e+17 2.465013827549431e+17 2.2307696603484035e+17 2.0888908958155645e+17 1.9937287510225613e+17 1.849924618317544e+17 1.7530640894516714e+17 1.6052633096604896e+17 1.503880125417937e+17 1.4518215500706218e+17 1.3984850454233032e+17 1.343463828344413e+17 1.286174753053191e+17 1.2257290439890245e+17 1.0882535286255829e+17 1.0024796987790432e+17 8.844957131475224e+16
4910.0006878758795 5.419871556144796e+17 5.043093162085318e+17 4.6538341108296704e+17 4.2511924421661216e+17 3.834203155176655e+17 3.4020413781199104e+17 2.9543377921769446e+17 2.7248662875710787e+17 2.4919946108479126e+17 2.2561128299995155e+17 2.1132633981435805e+17 2.0174595481249763e+17 1.872691790495694e+17 1.7751842265444205e+17 1.626383458236494e+17 1.5242951256639645e+17 1.471864554417708e+17 1.4181371621404672e+17 1.3627003026131075e+17 1.3049607495147994e+17 1.2440136357189504e+17 1.1052438155781635e+17 1.0185036021608472e+17 8.989398659218138e+16
4930.000690677819 5.2661705429983674e+17 4.901047089487797e+17 4.5241017738265216e+17 4.134528941311212e+17 3.731442827747091e+17 3.314077280107905e+17 2.8821066134143357e+17 2.660822146648212e+17 2.4363024240007072e+17 2.2088704293622352e+17 2.0710954276124403e+17 1.9786610147256432e+17 1.8389110734659027e+17 1.7447153093746627e+17 1.6008254513249133e+17 1.5019779664520128e+17 1.4511611250809942e+17 1.3990449738429462e+17 1.3452188189236846e+17 1.289089464948726e+17 1.2297513608124283e+17 1.0941652924737475e+17 1.0089408162852429e+17 8.90686041953035e+16
4950.000693479749 5.526379741712003e+17 5.14571901547295e+17 4.7518373679179603e+17 4.3437297814109203e+17 3.920285966833496e+17 3.480463463475865e+17 3.023713947478016e+17 2.7891596822608736e+17 2.550839243239747e+17 2.3091883804238874e+17 2.1627608090020714e+17 2.0645408571551853e+17 1.916137229822006e+17 1.816218066133459e+17 1.6638611173132067e+17 1.5594707591441392e+17 1.505917191849554e+17 1.4510896918616176e+17 1.3945784982420192e+17 1.3357947233293944e+17 1.2738381455515218e+17 1.1331726807889778e+17 1.0455366557777118e+17 9.249890543487094e+16
4970.000696281689 5.6079815720542234e+17 5.218138674052804e+17 4.815161265307361e+17 4.398140114252654e+17 3.9661215538022803e+17 3.518284316612034e+17 3.054411947618226e+17 2.8167495239092746e+17 2.5757012204724995e+17 2.33175833461881e+17 2.184184328415753e+17 2.0852994140218352e+17 1.9360419792852605e+17 1.8356451784845453e+17 1.6826875207534685e+17 1.577949667864033e+17 1.5242271916736003e+17 1.4692254835786752e+17 1.4125242849352075e+17 1.3535169404188442e+17 1.2912752994290226e+17 1.149606741896011e+17 1.0609364172140571e+17 9.38227422527529e+16
4990.000699083629 5.1946963495824755e+17 4.835867255265746e+17 4.4654360260125645e+17 4.082633723959763e+17 3.686674202421224e+17 3.2769336858984845e+17 2.8532984611864445e+17 2.6365393730561357e+17 2.4168457571570986e+17 2.194572555383137e+17 2.0600655697803754e+17 1.96988107227174e+17 1.8336043931511344e+17 1.7417806733677424e+17 1.6015163167055005e+17 1.5051134182430102e+17 1.4555207653349843e+17 1.4046255048293843e+17 1.35200940168865e+17 1.2970684609906032e+17 1.2388761263967406e+17 1.1052648109600538e+17 1.0206217518011712e+17 9.020510792629333e+16
5010.0007018855695 4.938797900160199e+17 4.597317975152546e+17 4.245361651994155e+17 3.882293250522966e+17 3.507500328918679e+17 3.120548487063654e+17 2.721519439618148e+17 2.5178004048799824e+17 2.311634864190699e+17 2.1033337575189024e+17 1.9773775696318304e+17 1.8929391998478442e+17 1.7653106562762877e+17 1.679246432783004e+17 1.5475697778693184e+17 1.4568421932073597e+17 1.4100707999782182e+17 1.3619858716897872e+17 1.3121694365863072e+17 1.2600168890671144e+17 1.2046005969096107e+17 1.0764925503216912e+17 9.945745741506386e+16 8.787813180145982e+16
5030.000704687509 5.29491002236476e+17 4.9287315327323846e+17 4.5507782484229216e+17 4.160222821706343e+17 3.756350973384277e+17 3.338596805121014e+17 2.9069893458731283e+17 2.6863356044369632e+17 2.4628563891563626e+17 2.236962656459535e+17 2.1003789993702784e+17 2.008853158182858e+17 1.8706303994787635e+17 1.7775519081875514e+17 1.6354497542280195e+17 1.5378336972011658e+17 1.487628969322262e+17 1.4361106292010379e+17 1.3828520980714542e+17 1.3272356676972488e+17 1.2683137356962616e+17 1.1329000770775893e+17 1.0469543958668896e+17 9.262379809169997e+16
5050.000707489449 5.2556259199957254e+17 4.890750527846381e+17 4.514072218652615e+17 4.124919900832795e+17 3.722677894486882e+17 3.3070150799058234e+17 2.878295055285719e+17 2.6595288229999286e+17 2.4383265899759622e+17 2.2151670421774195e+17 2.0804654379211648e+17 1.9903004146910502e+17 1.854279408421478e+17 1.762775060846036e+17 1.6231950492425376e+17 1.527369099419413e+17 1.4780935357247165e+17 1.4275277551583728e+17 1.3752469344451992e+17 1.320634198909281e+17 1.2627432885795917e+17 1.1294857673339573e+17 1.0447005470414981e+17 9.253745564974872e+16
5070.000710291379 5.499858600327905e+17 5.1172177201514144e+17 4.721883768846384e+17 4.3131583998051206e+17 3.8904002669927014e+17 3.4532762059095443e+17 3.002331682265738e+17 2.772286556603161e+17 2.5398171756477338e+17 2.3055560859013424e+17 2.164349686249903e+17 2.0699408715118272e+17 1.9277239384563786e+17 1.832214871642308e+17 1.686824536484233e+17 1.587250698421208e+17 1.5361341747030838e+17 1.4837457548466794e+17 1.4296552482670754e+17 1.3732388793334912e+17 1.313538409129801e+17 1.1765246143878885e+17 1.0895970017854066e+17 9.672949819849758e+16
5090.000713093319 5.269299165447911e+17 4.901329064947454e+17 4.521859881252072e+17 4.130342482584686e+17 3.7263697791439174e+17 3.309919108054024e+17 2.881820932605728e+17 2.6640822994982342e+17 2.444503850042603e+17 2.2236353640882576e+17 2.090642211302409e+17 2.0017485759463498e+17 1.8678097421311722e+17 1.7777883349928515e+17 1.6405195881236886e+17 1.5462475493128474e+17 1.497737706061561e+17 1.4479206003575258e+17 1.3963584701967504e+17 1.3424164073797002e+17 1.2851169967265504e+17 1.1525152268434064e+17 1.0673728700672459e+17 9.460485436647427e+16
5110.000715895259 5.360318722718076e+17 4.986236388909483e+17 4.6002702754977446e+17 4.201921131207521e+17 3.7907770999075994e+17 3.366811810913841e+17 2.930912518702217e+17 2.7091996882298154e+17 2.485624607708594e+17 2.260776324464983e+17 2.1254176574923475e+17 2.0349605508043814e+17 1.8987011764137914e+17 1.807147234333458e+17 1.6675979961858125e+17 1.571810153371805e+17 1.522540794751432e+17 1.4719615034721347e+17 1.4196333286928962e+17 1.3649201418987675e+17 1.306843335840758e+17 1.1726752506734502e+17 1.0867816236504776e+17 9.649419717262178e+16
5130.0007186972 5.241980832769174e+17 4.876240306322318e+17 4.4992877666413555e+17 4.1107012454830163e+17 3.7102089322558624e+17 3.297976191340142e+17 2.875094818567546e+17 2.6604124054844013e+17 2.4442154906017136e+17 2.2270330518841907e+17 2.096360352312157e+17 2.0090392666492704e+17 1.877460983180129e+17 1.7889857056750016e+17 1.6539367774495306e+17 1.561039804556765e+17 1.5131733182165747e+17 1.4639625905329712e+17 1.4129626958863557e+17 1.3595272664159973e+17 1.302661809918694e+17 1.1705732866693107e+17 1.0853462815118611e+17 9.633188648171557e+16
5150.000721499139 4.981424495792808e+17 4.63565488426386e+17 4.279965500953117e+17 3.9140210972064506e+17 3.5376570748302637e+17 3.151013929237193e+17 2.7550191555523757e+17 2.5541210730185392e+17 2.351770174301048e+17 2.1483143568224627e+17 2.0257291926643654e+17 1.9437015541737565e+17 1.819874519437791e+17 1.7364175691673872e+17 1.6086374851437773e+17 1.5203991347167616e+17 1.474803662141822e+17 1.4278242173282488e+17 1.3790146342856258e+17 1.3277279424828619e+17 1.2729688957424779e+17 1.1449833802382293e+17 1.0618224681107534e+17 9.422299309786131e+16
5170.00072430108 4.113365165802987e+17 3.833615753399015e+17 3.548381727143698e+17 3.257795919529815e+17 2.962174507102648e+17 2.66213628294698e+17 2.358653775662654e+17 2.2059948553975e+17 2.052830890538424e+17 1.8989653233463754e+17 1.8059950761281053e+17 1.74352014388395e+17 1.648553705058715e+17 1.5839240925224573e+17 1.4836269844878803e+17 1.4131626273249627e+17 1.3762898479098272e+17 1.3379282430587294e+17 1.2976395044067464e+17 1.2547878729781253e+17 1.2083959239553979e+17 1.0970802674793902e+17 1.0223679908040997e+17 9.116284417581915e+16
5190.000727103009 4.3198403013295066e+17 4.032735093985476e+17 3.7390343859794266e+17 3.438597154937967e+17 3.131384999671367e+17 2.8175428536607123e+17 2.497516290705809e+17 2.3353804920564832e+17 2.1718716908773686e+17 2.0067795054439197e+17 1.906663702537429e+17 1.839265011101455e+17 1.7366912272651146e+17 1.6668525776681322e+17 1.5585441656793e+17 1.4825990444958547e+17 1.4429368427347862e+17 1.4017469607620702e+17 1.3585831300732355e+17 1.3127978083803893e+17 1.2633960417909546e+17 1.1457105436812944e+17 1.0675228491809354e+17 9.526859930813234e+16
5210.000729904949 5.108371632363728e+17 4.76162211763922e+17 4.403952961351741e+17 4.03483659193729e+17 3.653803444024913e+17 3.260709242161518e+17 2.8559764418330218e+17 2.649675058446125e+17 2.441129795861512e+17 2.2306057751819328e+17 2.1033298066431952e+17 2.0179814807204246e+17 1.8888737200623674e+17 1.801693232075474e+17 1.6680139502095197e+17 1.5756241799923318e+17 1.5278839545220112e+17 1.47871104259013e+17 1.4276589241976672e+17 1.3740800858428848e+17 1.3169800027190542e+17 1.1841539816060269e+17 1.0983964500644971e+17 9.755075977743936e+16
5230.000732706889 5.435985607638405e+17 5.0792274202748045e+17 4.7100344969175686e+17 4.32742163134199e+17 3.93030312273197e+17 3.5176540919450816e+17 3.088794862397653e+17 2.8682723762887795e+17 2.643795996412602e+17 2.4154228489851434e+17 2.2764345632543203e+17 2.182835184815312e+17 2.0406547178853974e+17 1.944269763800221e+17 1.7959772217844067e+17 1.693227909617037e+17 1.6400889069980006e+17 1.5853495624986435e+17 1.5285395114595597e+17 1.4689814364257955e+17 1.4056386303927403e+17 1.2592575064779654e+17 1.1659415262841323e+17 1.0346811070964082e+17
5250.000735508829 5.725616478603433e+17 5.353200043376626e+17 4.966871119813748e+17 4.5653196382884954e+17 4.14715185748838e+17 3.7109378002756954e+17 3.255507168941724e+17 3.02044097150366e+17 2.7805479643604582e+17 2.535911791230615e+17 2.3868034791927622e+17 2.2863261993721414e+17 2.1336701279709472e+17 2.030211672780082e+17 1.8711995204771066e+17 1.7612286151009706e+17 1.7044508014905926e+17 1.6460481607996426e+17 1.5855448501878307e+17 1.5222548960079622e+17 1.455129394244381e+17 1.3009270300722006e+17 1.2034076135644014e+17 1.067144589546871e+17
5270.000738310769 4.919011919065175e+17 4.604327095587111e+17 4.2794185742755974e+17 3.9434827361515955e+17 3.5955214353658374e+17 3.234588046062421e+17 2.859803960921911e+17 2.6670215917467722e+17 2.470536003431658e+17 2.2701117799676557e+17 2.1477075008904707e+17 2.0650201020279478e+17 1.938904715229012e+17 1.8529780692930982e+17 1.7199327664502746e+17 1.6270414775328768e+17 1.5787423873335712e+17 1.528788391401906e+17 1.476714955082354e+17 1.421852400458002e+17 1.3631776541136955e+17 1.2261566409176544e+17 1.1376334685379738e+17 1.0112388622201995e+17
5290.000741112709 5.723447732079585e+17 5.356349351517754e+17 4.9752669663065696e+17 4.5788919054499974e+17 4.1657299987450323e+17 3.7342182945533434e+17 3.2830417401276954e+17 3.049843746244414e+17 2.8115960962168944e+17 2.568319871791453e+17 2.4198579556406026e+17 2.3197299198073062e+17 2.167445883323392e+17 2.0641213077642672e+17 1.9051057734683987e+17 1.7949714246697075e+17 1.7380545511522413e+17 1.6794708920746294e+17 1.6187393566263235e+17 1.5551694440458006e+17 1.4877059284992784e+17 1.3326147309288392e+17 1.2345048723182715e+17 1.0974346702732322e+17
5310.000743914648 6.046262616519379e+17 5.6623429486738323e+17 5.262946148704814e+17 4.846403455405399e+17 4.411025147327417e+17 3.954826068293716e+17 3.476048694412662e+17 3.227865355558138e+17 2.973814098540014e+17 2.7139475514430986e+17 2.5551836567363274e+17 2.4480603497031866e+17 2.2851196127419507e+17 2.174597165629517e+17 2.0046553025202326e+17 1.887149782227265e+17 1.826518727145503e+17 1.7641984174291005e+17 1.6997070474609568e+17 1.6323526185423984e+17 1.561078473033451e+17 1.3982904072522358e+17 1.2962908118909114e+17 1.1552338812943726e+17
5330.000746716579 5.332458728431601e+17 4.994959151819175e+17 4.6452478119395174e+17 4.2822587579492134e+17 3.9047780731066586e+17 3.511634014043778e+17 3.101744855367139e+17 2.890306177601851e+17 2.6744673214678797e+17 2.454068818618686e+17 2.319420753311067e+17 2.2284803203560118e+17 2.089857160169736e+17 1.9955070602808406e+17 1.8496646456065792e+17 1.7480885157809456e+17 1.6953801417250813e+17 1.640957296992908e+17 1.5843412795762538e+17 1.5248416615388854e+17 1.461405307336285e+17 1.3142617496919763e+17 1.220112659057194e+17 1.0870242774423251e+17
5350.000749518518 5.840035619937742e+17 5.4712853058905754e+17 5.087847995578578e+17 4.688315873589322e+17 4.2711273305651635e+17 3.8345776605761414e+17 3.377224729827105e+17 3.140477170793438e+17 2.8983476079450016e+17 2.6508290109048304e+17 2.4996190263540278e+17 2.397563276066189e+17 2.2422249939861302e+17 2.1367404715718397e+17 1.9742615126171098e+17 1.8616458493384483e+17 1.8034305365904173e+17 1.743505788649719e+17 1.6813877987819478e+17 1.616381375316821e+17 1.5474239645487437e+17 1.389103931423848e+17 1.2891485835716517e+17 1.14972176275157e+17
5370.0007523204595 5.81830576542324e+17 5.451921495648315e+17 5.071088350803411e+17 4.674388772537277e+17 4.260275783653616e+17 3.8270759407470784e+17 3.3734016902731514e+17 3.138644629217804e+17 2.8986027309617946e+17 2.6532858438773696e+17 2.5034532564447446e+17 2.402337639751495e+17 2.24843531026109e+17 2.143919787690155e+17 1.9828989840975533e+17 1.8712453578070147e+17 1.8135037180689997e+17 1.754045581120871e+17 1.6923854919177747e+17 1.627824993937638e+17 1.5592976346903232e+17 1.4017590003223286e+17 1.3021177565722915e+17 1.1628528700192827e+17
5390.000755122399 5.753293852475848e+17 5.389652929627299e+17 5.01192289422142e+17 4.618763099608084e+17 4.208704305499853e+17 3.7802674793482605e+17 3.332188868225393e+17 3.1005992928336806e+17 2.8639955391299898e+17 2.622390498727939e+17 2.4749072552940048e+17 2.375400834451182e+17 2.223970591465999e+17 2.1211323266950317e+17 1.962652286860272e+17 1.852695511767013e+17 1.7957973670454253e+17 1.7371735416721734e+17 1.6763317915457197e+17 1.6125610453864493e+17 1.5447734594605053e+17 1.3883661016712429e+17 1.2888598081945061e+17 1.1488843373893302e+17
5410.000757924339 5.574594006406295e+17 5.2270867070035546e+17 4.866344916162016e+17 4.491052043708211e+17 4.099769341566716e+17 3.691018230558327e+17 3.2634477378247994e+17 3.042311413376866e+17 2.8161768625716147e+17 2.5848981292867014e+17 2.4434568444262355e+17 2.3478770322308736e+17 2.202142652321021e+17 2.1029447272973523e+17 1.949651075120296e+17 1.8429551050912026e+17 1.787625532109317e+17 1.7305304834285306e+17 1.6711771994749805e+17 1.608856168199446e+17 1.5424823686059488e+17 1.388838491833088e+17 1.2907798915915576e+17 1.1526933518225107e+17
5430.000760726279 5.7360316068164506e+17 5.375158869662479e+17 5.0003119888712544e+17 4.610261114444763e+17 4.203530842884974e+17 3.778656411357192e+17 3.3343702709416e+17 3.104744394665833e+17 2.8701290097255027e+17 2.6304891880738454e+17 2.4841516781753808e+17 2.3853816447156045e+17 2.2350019508154714e+17 2.1328128048436134e+17 1.9752011243726218e+17 1.8657307388438906e+17 1.8090403286970262e+17 1.750596251197092e+17 1.689902415328651e+17 1.6262434295274877e+17 1.5585289770283722e+17 1.4021812208332094e+17 1.3027622835262211e+17 1.1631498805851483e+17
5450.000763528209 5.927967615140182e+17 5.558867273321709e+17 5.174680690407865e+17 4.7739169897397523e+17 4.354947467059847e+17 3.916048019050525e+17 3.455747380217937e+17 3.2173051069036384e+17 2.973334603181448e+17 2.7238463415137862e+17 2.5713938797179898e+17 2.468480703331513e+17 2.311803991762751e+17 2.2053781576636474e+17 2.0413776159877814e+17 1.9276359540097165e+17 1.8688106794452656e+17 1.8082358722244058e+17 1.745420422087423e+17 1.6796588634948605e+17 1.6098769103531952e+17 1.4496317465708234e+17 1.3484973095534024e+17 1.2073994857844546e+17
5470.000766330149 5.876731747004913e+17 5.512648555799066e+17 5.1338560266409645e+17 4.7388827688615974e+17 4.326120297892662e+17 3.8938033270298464e+17 3.440384744425084e+17 3.2054450333297683e+17 2.96495601255085e+17 2.7188481753989206e+17 2.5683301876468435e+17 2.4666485703172253e+17 2.3117026209093542e+17 2.2063325885811174e+17 2.0437247611728502e+17 1.9307517770336787e+17 1.8722486868382134e+17 1.811944305834464e+17 1.7493345681368698e+17 1.683692204466614e+17 1.6139063834830045e+17 1.452951457336012e+17 1.3506891857961714e+17 1.2070651856833272e+17
5490.000769132089 5.887740626408383e+17 5.523472489504092e+17 5.144644482728489e+17 4.749802621099886e+17 4.337340636211263e+17 3.905592787448732e+17 3.453068035604055e+17 3.218718195942179e+17 2.978903232903883e+17 2.733516410513535e+17 2.5834300365386067e+17 2.4820167524233578e+17 2.3274223280879706e+17 2.2222399224321194e+17 2.059810735079114e+17 1.9468704415591366e+17 1.888354041381633e+17 1.8280129912715107e+17 1.7653392207941523e+17 1.699599972838613e+17 1.6296731738732438e+17 1.468191661621984e+17 1.3653806132134501e+17 1.2205701045988366e+17
5510.000771934028 5.870146948054444e+17 5.5066348955982605e+17 5.1285708914392723e+17 4.7345713508575834e+17 4.3229880013545875e+17 3.8922284282762963e+17 3.440862065166847e+17 3.207191462945962e+17 2.968163664787187e+17 2.7237032815910157e+17 2.574245930158784e+17 2.4732919682863242e+17 2.3194425102849626e+17 2.214792762585518e+17 2.0532158044664474e+17 1.9408752716509702e+17 1.882665185460814e+17 1.8226337088012438e+17 1.760272222838985e+17 1.6948456115839315e+17 1.6252293926882957e+17 1.4643466944901558e+17 1.3618067551302925e+17 1.2172332048660691e+17
5530.000774735969 5.983624328788362e+17 5.617397835285953e+17 5.2361140169644435e+17 4.838256658742127e+17 4.422060036087964e+17 3.985720920856185e+17 3.527562634391749e+17 3.289933019935959e+17 3.046499407458308e+17 2.7971351969820592e+17 2.644481373603061e+17 2.5412821547314426e+17 2.3838875684298515e+17 2.2767506043747683e+17 2.1112313185844483e+17 1.996100516671202e+17 1.9364377143512253e+17 1.8749107126835523e+17 1.8110050325242954e+17 1.7439800445364576e+17 1.6727058410025312e+17 1.5082985746289344e+17 1.4038736953206256e+17 1.2572808022357392e+17
5550.000777537908 6.110560784446422e+17 5.738080477368333e+17 5.3499558448932826e+17 4.944542798040743e+17 4.519961511612185e+17 4.0741849091187424e+17 3.605352120253965e+17 3.361863723150423e+17 3.112231607112417e+17 2.856336861169841e+17 2.699628768774257e+17 2.5936778735819293e+17 2.4321057573306448e+17 2.322152799014115e+17 2.1523857536290698e+17 2.0344073896903632e+17 1.9733160737766035e+17 1.9103567474934317e+17 1.8450144246812538e+17 1.7765484462720755e+17 1.7038274700810688e+17 1.5365042336594845e+17 1.430597320922662e+17 1.282441806498921e+17
5570.0007803398385 5.900550638953441e+17 5.5437655943666906e+17 5.172172389465066e+17 4.7842339994919936e+17 4.378154646390594e+17 3.952059233906959e+17 3.504109440144091e+17 3.2715066702888294e+17 3.032995681891719e+17 2.7883840790290323e+17 2.638472350942231e+17 2.537041261538095e+17 2.3821929133407114e+17 2.2766684336065597e+17 2.1134226288756902e+17 1.999692850754003e+17 1.9406929431322358e+17 1.8798007063512115e+17 1.8165006367834442e+17 1.750049704885666e+17 1.6793142811702998e+17 1.5158688886222858e+17 1.4118722276700602e+17 1.2657122203262763e+17
5590.00078314178 5.746732590932463e+17 5.399208505888047e+17 5.037799964127609e+17 4.6611053690400166e+17 4.26754981190087e+17 3.855477216925645e+17 3.423295965537602e+17 3.199285261200053e+17 2.9698351659458854e+17 2.7347052449401098e+17 2.5906360383218323e+17 2.493143666105708e+17 2.344233118778158e+17 2.2426672302922426e+17 2.0853252279658902e+17 1.9754930656614595e+17 1.918425356065006e+17 1.8594527077941133e+17 1.7980539726793178e+17 1.7334816692003853e+17 1.6645898558727555e+17 1.5046309695187123e+17 1.4021571826135099e+17 1.2571011881103406e+17
5610.000785943719 6.004284240334458e+17 5.644668088628314e+17 5.269566713432225e+17 4.877318702841675e+17 4.466028688905953e+17 4.033629137492406e+17 3.578139328167464e+17 3.3412387059117523e+17 3.0980598646932026e+17 2.8483940694554678e+17 2.6952607125022586e+17 2.591606541017034e+17 2.4333033691688384e+17 2.3253973650453395e+17 2.1584531267610442e+17 2.0421619998568154e+17 1.9818475813934096e+17 1.919615404921149e+17 1.854945839399233e+17 1.7870928809114026e+17 1.7149177118569747e+17 1.548447909066427e+17 1.4428241978702525e+17 1.2948167625073643e+17
5630.0007887456595 6.081370199729883e+17 5.714883026451442e+17 5.332961926873957e+17 4.933986834238707e+17 4.516088945576147e+17 4.077337582264815e+17 3.615925944555863e+17 3.376278966407483e+17 3.130525137269698e+17 2.878496959221437e+17 2.7240446752389494e+17 2.6195504392152842e+17 2.4600405062475987e+17 2.3513567066894218e+17 2.1832694476276826e+17 2.066212887888575e+17 2.0055059277152714e+17 1.942868611570865e+17 1.877773575173852e+17 1.8094617640397482e+17 1.7367729191726803e+17 1.5689081843220736e+17 1.462122419600163e+17 1.3119127099261422e+17
5650.000791547599 6.113793878201869e+17 5.74717454027253e+17 5.3650073339922374e+17 4.9656004767880614e+17 4.5471528246970336e+17 4.107571251472725e+17 3.6449327252013037e+17 3.4044695454361363e+17 3.157727634129599e+17 2.9044674149239066e+17 2.74914281041664e+17 2.6439995237321322e+17 2.4834111926462563e+17 2.3739311385880502e+17 2.2045206462084912e+17 2.0864940610877494e+17 2.0252742527427338e+17 1.962102860262987e+17 1.8964505088453917e+17 1.8275535424282762e+17 1.7542447136702934e+17 1.5849589506713306e+17 1.4772602181782e+17 1.3257081475577418e+17
5670.000794349539 5.973598118957844e+17 5.6177113140544915e+17 5.2468500650741914e+17 4.859420225742778e+17 4.453609806980411e+17 4.0274309800099136e+17 3.578926924070265e+17 3.3457820673836595e+17 3.1064712631375014e+17 2.860695284795255e+17 2.7098398182643258e+17 2.6076531994460557e+17 2.4514364036071094e+17 2.3448131316758048e+17 2.1795775555701853e+17 2.0642441918817802e+17 2.0043393031381702e+17 1.9424595270069462e+17 1.8780714833525008e+17 1.81040674599672e+17 1.7382900490706586e+17 1.5712060896938214e+17 1.464450706145513e+17 1.31361801500442e+17
5690.000797151469 6.077673620306958e+17 5.717746915313731e+17 5.342316723753011e+17 4.949753955124088e+17 4.5381359331892794e+17 4.105325418550101e+17 3.649176593778941e+17 3.411808331630413e+17 3.1679706915000134e+17 2.917396070115302e+17 2.7635455594460803e+17 2.659319260417156e+17 2.4999924000207104e+17 2.3912673065509773e+17 2.222843459066914e+17 2.1053580227872954e+17 2.0443691204899968e+17 1.9813983732886864e+17 1.9159128268396403e+17 1.8471440283839994e+17 1.7739185039178534e+17 1.6046271183703738e+17 1.4968135040623562e+17 1.345036340524745e+17
5710.000799953409 5.91940401548984e+17 5.568552457352343e+17 5.202988958744726e+17 4.8210444773017805e+17 4.420954187186099e+17 4.0006688237691974e+17 3.558216688007918e+17 3.32813873253439e+17 3.0919114886656736e+17 2.8492330508213523e+17 2.700244004224566e+17 2.599301465588864e+17 2.444949627665454e+17 2.3395635106651533e+17 2.1761570820434125e+17 2.0620030195436083e+17 2.0026666271207594e+17 1.94133430047769e+17 1.8774648806068896e+17 1.8102790473610016e+17 1.7385841899212966e+17 1.5720504576778378e+17 1.4652930318262787e+17 1.3140100979219598e+17
5730.000802755349 6.35986563607375e+17 5.984902391099514e+17 5.5929333653991494e+17 5.1820729650022586e+17 4.7500962509515686e+17 4.2945150265953517e+17 3.8129264962995994e+17 3.561764130689228e+17 3.303448176806949e+17 3.037789788278438e+17 2.8746540546887546e+17 2.7641654475869485e+17 2.5953727411381325e+17 2.4803052170800064e+17 2.302336928866845e+17 2.1784624860290074e+17 2.1142646013548522e+17 2.0480703906169472e+17 1.9793423967471603e+17 1.9073073749284272e+17 1.8307852454717062e+17 1.654764677233636e+17 1.5434514143490454e+17 1.3878330231960656e+17
5750.000805557289 6.190172060104616e+17 5.826636283896435e+17 5.447037067837601e+17 5.0495514168087046e+17 4.632177497236236e+17 4.192617236473994e+17 3.728688231266829e+17 3.4869995142278483e+17 3.238569749567477e+17 2.983124401883567e+17 2.8262214423853834e+17 2.7199043162840614e+17 2.557350346381669e+17 2.446406176341244e+17 2.2745270921427728e+17 2.1546325408988157e+17 2.0923976322964963e+17 2.0281479612741888e+17 1.9613440409032576e+17 1.8912084566847446e+17 1.8165526415144832e+17 1.6440797910884618e+17 1.5343214644061818e+17 1.3797897186274286e+17
5770.000808359228 6.266328025998383e+17 5.899782709350701e+17 5.516722721090351e+17 5.115260830417828e+17 4.6932701332130925e+17 4.2484009657333606e+17 3.778356949770645e+17 3.533287134009722e+17 3.28127097774819e+17 3.022059579453956e+17 2.86282171236097e+17 2.754925514522285e+17 2.5899726461523242e+17 2.4774184419050576e+17 2.3031073205175664e+17 2.1815800888472045e+17 2.1185244618328182e+17 2.053451240886021e+17 1.9858205038052218e+17 1.9148560934677264e+17 1.8393713739916925e+17 1.66526575904261e+17 1.554738378269325e+17 1.3995414415162267e+17
5790.00081116117 6.066603304268641e+17 5.709792540875939e+17 5.33776694986498e+17 4.9488565217724563e+17 4.5412573508215206e+17 4.1129132236174195e+17 3.661896609269077e+17 3.42735706480232e+17 3.186546984936086e+17 2.93917106263484e+17 2.7872955217743587e+17 2.684395375147842e+17 2.527038288698411e+17 2.4195924057817347e+17 2.2529867693643942e+17 2.1366064654164227e+17 2.0761208525696368e+17 2.0136099832741664e+17 1.948526872277523e+17 1.8800823581303437e+17 1.807066443665336e+17 1.6375308069265043e+17 1.5288305770672506e+17 1.3745256070032717e+17
5810.000813963109 6.265279890354057e+17 5.900781623592088e+17 5.519857250105052e+17 5.120678481817746e+17 4.701163726928388e+17 4.2589068104947834e+17 3.791543088571709e+17 3.5478290323805466e+17 3.297143012498246e+17 3.039183757354764e+17 2.880636665400484e+17 2.7731636164255133e+17 2.608779997683421e+17 2.4965406852919702e+17 2.3225858467957965e+17 2.201196348674047e+17 2.1381713957768957e+17 2.0730979111665078e+17 2.0054312182531696e+17 1.9343860457779178e+17 1.858762946007104e+17 1.68410280405621e+17 1.5730334895844416e+17 1.4168188856139611e+17
5830.000816765039 6.389888774522834e+17 6.021101259258609e+17 5.635146477248822e+17 5.2301038833964474e+17 4.803588582591169e+17 4.3530563680713197e+17 3.875888985975716e+17 3.626605834645051e+17 3.3698791362087155e+17 3.105400432871741e+17 2.942722357670816e+17 2.832404526371675e+17 2.6636215147837763e+17 2.548372156885217e+17 2.369771893310573e+17 2.2451937448154797e+17 2.180545970952812e+17 2.1138278120129226e+17 2.0444954190724714e+17 1.9717651117044445e+17 1.8944419961805293e+17 1.7163960929542915e+17 1.6037263015386803e+17 1.446165559544765e+17
5850.000819566979 6.230607187365124e+17 5.871710650006604e+17 5.49644730416256e+17 5.1029835511886336e+17 4.6891363252021254e+17 4.2525668583956845e+17 3.7908375404947046e+17 3.549851319611785e+17 3.301816316486988e+17 3.0463914352838445e+17 2.889283748573624e+17 2.782725938651642e+17 2.6196285827620515e+17 2.508182498384787e+17 2.3352927521029907e+17 2.2145136063551827e+17 2.1517580418071834e+17 2.0869262288335885e+17 2.01946904122747e+17 1.9485967345106416e+17 1.8731015648556483e+17 1.698508252981481e+17 1.5873204859108566e+17 1.4307669989102093e+17
5870.000822368919 6.255542994137532e+17 5.896347144796279e+17 5.5207263168809914e+17 5.126651061184365e+17 4.712053298462919e+17 4.274478209800389e+17 3.811480986547856e+17 3.5697800821280486e+17 3.3209710416574637e+17 3.0647159397072544e+17 2.9070852131852883e+17 2.8001680770913462e+17 2.6365193928932317e+17 2.524694387722235e+17 2.3512170730641674e+17 2.2300300714279523e+17 2.1670651599942128e+17 2.1020200418722493e+17 2.0343452423345814e+17 1.9632501227543318e+17 1.8875270342589552e+17 1.71245814378367e+17 1.6010187648131213e+17 1.4441829071428966e+17
5890.000825170859 5.3702739087912256e+17 5.058134209915046e+17 4.7343767180491603e+17 4.3979906095591763e+17 4.047866541272111e+17 3.682940143372542e+17 3.302272504674292e+17 3.105773750716791e+17 2.904953542037162e+17 2.6994121097372586e+17 2.573416438823765e+17 2.48804181013708e+17 2.3573172661428925e+17 2.2678184247376115e+17 2.1283916452193626e+17 2.0303291927980083e+17 1.97908132293214e+17 1.9258746227329523e+17 1.8701761528330394e+17 1.8112135476343603e+17 1.7477993725256915e+17 1.597949633937042e+17 1.4994107661878944e+17 1.3555165217210392e+17
5910.000827972799 6.208436210557171e+17 5.852660770688748e+17 5.4807217050265363e+17 5.090820809855581e+17 4.6808133634814406e+17 4.248468975246844e+17 3.7914917363336154e+17 3.5531456230471936e+17 3.3079405888942534e+17 3.0555373235191955e+17 2.9003242223592e+17 2.7950552416185472e+17 2.633914693439408e+17 2.5237768181971197e+17 2.3528290187497856e+17 2.233310711148536e+17 2.1711699674882912e+17 2.106937477274766e+17 2.0400599813488624e+17 1.9697377180151018e+17 1.8947489079375194e+17 1.7209046388920582e+17 1.6097914431207818e+17 1.452691500019125e+17
5930.0008307747385 6.237409728285652e+17 5.882461898438067e+17 5.511161545492181e+17 5.1216703685278035e+17 4.7117758710203155e+17 4.279096739992672e+17 3.82114648269767e+17 3.5819991989429664e+17 3.335723466030256e+17 3.0819356080367994e+17 2.925719157088334e+17 2.819701391011837e+17 2.657311510894864e+17 2.5462493505572464e+17 2.373762479245228e+17 2.2530999848857702e+17 2.1903455394278614e+17 2.1254681122636026e+17 2.057909897010299e+17 1.9868674779218774e+17 1.9111127382469642e+17 1.73556245456801e+17 1.6234651527352186e+17 1.4651864871075766e+17
5950.000833576669 6.269652304297414e+17 5.913714771820332e+17 5.541276221162446e+17 5.150452341886768e+17 4.738998111781444e+17 4.304495522806249e+17 3.844386963968504e+17 3.604022626811614e+17 3.3564212327197005e+17 3.101194248614306e+17 2.94405894424809e+17 2.8374031249917213e+17 2.6740077668104445e+17 2.5622424421769504e+17 2.388637513360897e+17 2.2671784776392842e+17 2.2040060501557258e+17 2.13869516284575e+17 2.0706843225110256e+17 1.999165673822684e+17 1.9229043619767792e+17 1.74618784685023e+17 1.6333426154174797e+17 1.4739506733205187e+17
5970.000836378609 6.314908664315267e+17 5.959195222877404e+17 5.586634444263263e+17 5.1952521026852614e+17 4.782723472594051e+17 4.346443225953462e+17 3.883798476841069e+17 3.6418259447129094e+17 3.39240092483654e+17 3.135118465803061e+17 2.976646984751818e+17 2.8690580508262986e+17 2.7042044735843008e+17 2.5914261670655584e+17 2.416241408452355e+17 2.293692452615727e+17 2.2299663253878717e+17 2.1640978358602288e+17 2.095529617967265e+17 2.023459966069747e+17 1.9466653433034496e+17 1.769038823680194e+17 1.6559558998827302e+17 1.4968030296181885e+17
5990.000839180549 6.26864156513258e+17 5.915531359097786e+17 5.545921204856957e+17 5.157908052198652e+17 4.749272238165158e+17 4.31749148474253e+17 3.860061175212915e+17 3.620996355045565e+17 3.3746697133113504e+17 3.1206628610820045e+17 2.964215648569069e+17 2.8579927481552765e+17 2.6952045045056688e+17 2.58380110892685e+17 2.410668445927485e+17 2.289469676271231e+17 2.226409943609334e+17 2.1611996090714464e+17 2.093277862318249e+17 2.021835248456016e+17 1.9456359908382045e+17 1.7689804302059517e+17 1.6560936179210925e+17 1.4964668653199242e+17
6010.00084198249 6.166328543252306e+17 5.820576783730755e+17 5.458797341335355e+17 5.079149265992603e+17 4.67948188509898e+17 4.2573374549557965e+17 3.8101653291458995e+17 3.576449167017821e+17 3.3355877902107686e+17 3.0871325396180045e+17 2.934036073958317e+17 2.830045878463898e+17 2.6705913261940157e+17 2.561393135449185e+17 2.391521409723142e+17 2.2724542202754678e+17 2.2104432451041747e+17 2.1462685449923546e+17 2.0793635167471827e+17 2.0089153751679974e+17 1.9336790714958845e+17 1.7587926819650323e+17 1.6466451195443936e+17 1.487536550584041e+17
6030.000844784429 6.223110863791071e+17 5.877633003875821e+17 5.5157727364262656e+17 5.1356059654082406e+17 4.734800178859496e+17 4.3107947386051635e+17 3.86085381719336e+17 3.62532536091155e+17 3.3823204981698816e+17 3.131353931100061e+17 2.9765590452613126e+17 2.8713511075393085e+17 2.7099365871732134e+17 2.5993395391840944e+17 2.4272282882553747e+17 2.3065723923437398e+17 2.243737986131473e+17 2.1787200141208224e+17 2.1109554542181094e+17 2.0396343881692944e+17 1.963519124626085e+17 1.7869275491062013e+17 1.6740531743380096e+17 1.5145345777578275e+17
6050.000847586369 6.36655201637116e+17 6.012183076637924e+17 5.6408164668707206e+17 5.250452450629356e+17 4.83858569703971e+17 4.402688835742323e+17 3.939953368905008e+17 3.697723546907831e+17 3.4478422467771014e+17 3.189871962579194e+17 3.030842033233799e+17 2.9228075503460563e+17 2.7571605019494966e+17 2.64375276158233e+17 2.4674500734657405e+17 2.344012683007714e+17 2.279790493316251e+17 2.2133854106810288e+17 2.1442335517417107e+17 2.0715234070906262e+17 1.9940152021727174e+17 1.8146075372856346e+17 1.7002730378478573e+17 1.5391197220940464e+17
6070.000850388299 6.321625866752696e+17 5.97122668226999e+17 5.603995287871032e+17 5.217839837930288e+17 4.8103943544728314e+17 4.379008327920563e+17 3.920918581782839e+17 3.6810522205692064e+17 3.4335499055203117e+17 3.177964363927301e+17 3.0203557278422054e+17 2.913266420244633e+17 2.7490183811250806e+17 2.636526748477456e+17 2.4615575639133344e+17 2.3389738905433965e+17 2.2751641660072154e+17 2.2091589324274618e+17 2.1403918484929405e+17 2.0680473380992874e+17 1.990880757650845e+17 1.8120421713048646e+17 1.6978926391866486e+17 1.5367748312233696e+17
6090.0008531902395 6.18266755350195e+17 5.838116229463309e+17 5.477759291274611e+17 5.099710119968842e+17 4.701861499289708e+17 4.2819391906940134e+17 3.8375179790468275e+17 3.6053771109120864e+17 3.366218559753122e+17 3.119552020612451e+17 2.967536551021078e+17 2.8642506712045344e+17 2.705802687810523e+17 2.597224294743109e+17 2.4281676855452694e+17 2.30954122367225e+17 2.247709150964587e+17 2.1836785322841494e+17 2.116875450291393e+17 2.046473784990005e+17 1.9712083042862992e+17 1.7958586142422358e+17 1.6830471574791664e+17 1.522427139688044e+17
6110.000855992179 6.161513668428916e+17 5.821555047331222e+17 5.4657281811297536e+17 5.092115209754595e+17 4.698591852042721e+17 4.282685030804676e+17 3.841857469653302e+17 3.6113222890445216e+17 3.373585361058551e+17 3.128134319278382e+17 2.9767355123795955e+17 2.873810087517847e+17 2.7158206833066736e+17 2.6074861333409654e+17 2.4387031107543386e+17 2.3201952484729277e+17 2.2584049913678733e+17 2.1944066837412618e+17 2.1276282362998602e+17 2.057247551209187e+17 1.9820071674224835e+17 1.8067870289384397e+17 1.6941706766487037e+17 1.5340315062911923e+17
6130.000858794119 5.895972351740385e+17 5.571163842333272e+17 5.231642752575535e+17 4.8757078498443757e+17 4.501467668657799e+17 4.106829241143325e+17 3.689588346354139e+17 3.471801128802938e+17 3.247483463759087e+17 3.0160587468966086e+17 2.8733231099732934e+17 2.7762603787245555e+17 2.627160328844261e+17 2.5248040745875334e+17 2.3650341835407194e+17 2.2525619949403875e+17 2.1937963176661878e+17 2.1328250116523946e+17 2.069073476710823e+17 2.0017134346691165e+17 1.9294736549972426e+17 1.7600668578639293e+17 1.6500799365926394e+17 1.4919140146144486e+17
6150.000861596059 6.076153153888946e+17 5.744153907431841e+17 5.396710514511467e+17 5.031894672717352e+17 4.647621297707408e+17 4.241522933846469e+17 3.8110580573086246e+17 3.5858774865113114e+17 3.353596242583327e+17 3.113612792673032e+17 2.965455124018727e+17 2.864657948637753e+17 2.7097798859497053e+17 2.603454084773848e+17 2.4375514616339315e+17 2.3208642387683024e+17 2.2599495350739965e+17 2.1967993704253094e+17 2.130838540858919e+17 2.061236707388098e+17 1.9867223952909718e+17 1.8126694972621306e+17 1.7003182535459443e+17 1.53979125912499e+17
6170.000864397999 5.7615326670773203e+17 5.4481639280725875e+17 5.120777918551655e+17 4.7778550178441574e+17 4.417551515514463e+17 4.0377661130853146e+17 3.6363219552297216e+17 3.426741057597108e+17 3.2107794132366464e+17 2.987810798220773e+17 2.8501546912812787e+17 2.7564678149366803e+17 2.612404048014433e+17 2.5133764881054253e+17 2.3585517842303306e+17 2.2493409424806026e+17 2.192194775778053e+17 2.1328344677886253e+17 2.0706851583095e+17 2.004916763387819e+17 1.9342574454407578e+17 1.7679873190050902e+17 1.659604339267878e+17 1.5032850491763494e+17
6190.0008671999285 6.189646870207834e+17 5.851912576281869e+17 5.49807084456138e+17 5.126223194648765e+17 4.7341470245682464e+17 4.319370754596555e+17 3.8792650437112134e+17 3.6489002809503046e+17 3.411178912655729e+17 3.165565514378187e+17 3.013958692622221e+17 2.910844102082426e+17 2.7524755246250288e+17 2.6438172049907475e+17 2.474414455591325e+17 2.355383848683082e+17 2.293291445708194e+17 2.2289577835463846e+17 2.1618058800993267e+17 2.091005271388864e+17 2.015286428906685e+17 1.8388313999336285e+17 1.72532451877733e+17 1.5637433732746253e+17
6210.000870001869 6.213202731623396e+17 5.874723677643675e+17 5.519959111921305e+17 5.146930807314788e+17 4.753465908638176e+17 4.337041160950026e+17 3.895012035196039e+17 3.6635951025896346e+17 3.4247755713461926e+17 3.178024443521215e+17 3.02572643508728e+17 2.922149702808275e+17 2.763091252389759e+17 2.6539745993691453e+17 2.4838877199077142e+17 2.3643957721424102e+17 2.3020684578072333e+17 2.2374931217051888e+17 2.170088516552795e+17 2.0990169756163715e+17 2.0229953599698314e+17 1.845719867316876e+17 1.731527151739762e+17 1.5686375280216982e+17
6230.000872803808 6.049688635939686e+17 5.721123790527664e+17 5.377189584755016e+17 5.01607794958027e+17 4.635726053424502e+17 4.2337523354066925e+17 3.807665630285075e+17 3.5848001490530714e+17 3.3549118019712486e+17 3.1174059833238906e+17 2.970770982612107e+17 2.8710015747162e+17 2.7176755073202592e+17 2.6123810816386294e+17 2.448004097099951e+17 2.3322985971051072e+17 2.271856444344714e+17 2.2091603065794083e+17 2.143627459011023e+17 2.074417100581417e+17 2.000240102977613e+17 1.8265459353086838e+17 1.7140169689200877e+17 1.5525515864140192e+17
6250.00087560575 5.894713058244467e+17 5.5772051979483776e+17 5.244986751802969e+17 4.896269422306746e+17 4.5290846141063974e+17 4.141139672966311e+17 3.729976417153208e+17 3.514870007617681e+17 3.292896732517248e+17 3.0633887149524614e+17 2.9215478356625504e+17 2.824953679891162e+17 2.6763317607210294e+17 2.5741220984626906e+17 2.4142658605840016e+17 2.301485899263148e+17 2.2424737100800208e+17 2.1811811420107757e+17 2.1170193561820512e+17 2.0491378326003606e+17 1.9762313723133773e+17 1.8047667997012688e+17 1.6930248727452454e+17 1.5317234158124966e+17
6270.000878407689 6.154167736059814e+17 5.820998866482829e+17 5.471861268057339e+17 5.1048933845476275e+17 4.717963933358441e+17 4.308640584090929e+17 3.8743506617487974e+17 3.64703952153515e+17 3.412485194200521e+17 3.170117604222988e+17 3.020482321617272e+17 2.9186810922352544e+17 2.7622676200326627e+17 2.654895243191191e+17 2.4873651978259264e+17 2.369525867735876e+17 2.3080032870257606e+17 2.244214346709679e+17 2.1775717350557376e+17 2.107229158341282e+17 2.0318873111872646e+17 1.8556736742703568e+17 1.7416532393021702e+17 1.578136160376616e+17
6290.000881209629 6.210868541018803e+17 5.876403787450935e+17 5.525649779883289e+17 5.156739081924467e+17 4.7674092067344736e+17 4.3550795566576045e+17 3.9170959495066074e+17 3.687630680795018e+17 3.450701135963855e+17 3.2057326397964966e+17 3.0544259569021664e+17 2.951461433989813e+17 2.7932319101567136e+17 2.684597244160817e+17 2.5150894024844563e+17 2.3958651580610838e+17 2.333626702569363e+17 2.2691049335070653e+17 2.201711406105725e+17 2.1305990830399024e+17 2.0544699568694387e+17 1.876653492177964e+17 1.761867943176769e+17 1.597769684622058e+17
6310.000884011569 6.03214173124568e+17 5.7094173171405734e+17 5.3713297108792576e+17 5.016006324824205e+17 4.6412877759714886e+17 4.244800172654349e+17 3.824030507493818e+17 3.6037376751865645e+17 3.3763353120474374e+17 3.141220628230224e+17 2.995952949900329e+17 2.8970573115663206e+17 2.7449687208131062e+17 2.6404431759761037e+17 2.4771108508875664e+17 2.3620143817785613e+17 2.3018457807350326e+17 2.2393994351675517e+17 2.1740893431030634e+17 2.1050699794662003e+17 2.031044073088944e+17 1.8574675283044608e+17 1.7448167565905453e+17 1.5828730018936957e+17
6330.000886813499 6.077014087538948e+17 5.7524155211249024e+17 5.412285740161849e+17 5.054883813216162e+17 4.6780236428307686e+17 4.279285028201482e+17 3.856120957425787e+17 3.634546790114291e+17 3.4057858287007354e+17 3.1692203689134566e+17 3.023033635102673e+17 2.923497381285943e+17 2.7704151028546784e+17 2.6651982443453853e+17 2.5007865871583856e+17 2.3849413733904928e+17 2.324389667236062e+17 2.2615551742843197e+17 2.1958528040012483e+17 2.126438512320396e+17 2.0520195496843987e+17 1.8776973136774678e+17 1.7647411863341485e+17 1.6026304463080384e+17
6350.000889615439 6.129782948775094e+17 5.802789701914721e+17 5.46008321335536e+17 5.0997578765273024e+17 4.719654456424584e+17 4.3174142237485254e+17 3.8904745289965056e+17 3.666949890810483e+17 3.436233268044215e+17 3.197703517556392e+17 3.0503334879129715e+17 2.9500108473657696e+17 2.7957388290619472e+17 2.6897234537058317e+17 2.5241029788167e+17 2.4074480850033677e+17 2.3464929797295702e+17 2.2832584116870214e+17 2.2171615741416106e+17 2.1473609556433888e+17 2.0725660661948554e+17 1.8975259629887722e+17 1.784203295537156e+17 1.621595787614756e+17
6370.000892417379 6.12319452814232e+17 5.79707048116535e+17 5.455290228864811e+17 5.095988598042085e+17 4.71710104567265e+17 4.3162284842207206e+17 3.890887766148959e+17 3.668262240601503e+17 3.4384912227839334e+17 3.200960123941288e+17 3.054207425586887e+17 2.954300592943702e+17 2.800654634927952e+17 2.6950548921359507e+17 2.530050120239931e+17 2.4137976561315872e+17 2.3530405784573014e+17 2.290000478669301e+17 2.2240927534717197e+17 2.1544738385821683e+17 2.0798479770351312e+17 1.9050590169959597e+17 1.7917488338862176e+17 1.6288915350641952e+17
6390.000895219318 6.167637494374148e+17 5.84142678411109e+17 5.499197950261921e+17 5.138975772908119e+17 4.7585429041634976e+17 4.35534604973738e+17 3.926683557302991e+17 3.701931819321431e+17 3.469693866120275e+17 3.229336394843064e+17 3.0807191725762144e+17 2.979506634434066e+17 2.8238104525390358e+17 2.7167894834066163e+17 2.5495700748026138e+17 2.4317779263967763e+17 2.3702275201128586e+17 2.3063765996921824e+17 2.2396385087498896e+17 2.169168241308853e+17 2.093671159943973e+17 1.9171095070616842e+17 1.8029571134186147e+17 1.63945061996666e+17
6410.000898021259 6.024312555944096e+17 5.708447842414338e+17 5.377191630983551e+17 5.0286749065040826e+17 4.660716697638624e+17 4.2708226582955834e+17 3.8563351921647834e+17 3.6389802246747e+17 3.41432088817364e+17 3.181651499151793e+17 3.037668817462953e+17 2.939535242301755e+17 2.7884262257445098e+17 2.684427578316347e+17 2.5216625589034323e+17 2.4067772761486896e+17 2.3466581624598186e+17 2.2842221799427414e+17 2.2188799324395635e+17 2.14978418268924e+17 2.0756357489667686e+17 1.9016723852285114e+17 1.7887624733958557e+17 1.6265059564912275e+17
6430.000900823198 6.107670034823878e+17 5.786509582751301e+17 5.449660450288619e+17 5.095136659138094e+17 4.720768348173795e+17 4.324064363552811e+17 3.9023460544471955e+17 3.6812299456723354e+17 3.4527360513737254e+17 3.216204758926442e+17 3.069911921783366e+17 2.970249791450297e+17 2.8168808916346182e+17 2.711405128689914e+17 2.546486752022734e+17 2.430216592332372e+17 2.3694232762191958e+17 2.3063261210759635e+17 2.2403380593767635e+17 2.1706117899084454e+17 2.0958494092608854e+17 1.920695043625943e+17 1.8071700369901837e+17 1.6441166853509654e+17
6450.000903625129 6.028508538895818e+17 5.7141679105248576e+17 5.384494540667199e+17 5.037709533153295e+17 4.671567559433043e+17 4.283680476073897e+17 3.8713955724692826e+17 3.655222132903287e+17 3.431775589624136e+17 3.20035838415642e+17 3.057135604384674e+17 2.959507692628785e+17 2.809145693450483e+17 2.7056385907982013e+17 2.5436023050255987e+17 2.4291961116976022e+17 2.3693169774939853e+17 2.3071212964106986e+17 2.2420202916198048e+17 2.1731665181177674e+17 2.0992598455731427e+17 1.9257633373114147e+17 1.8130552616774896e+17 1.650913722630036e+17
6470.000906427069 6.016698073299156e+17 5.703639870138905e+17 5.375283624676524e+17 5.0298225701824896e+17 4.6650272524280384e+17 4.278480703151509e+17 3.867527206450046e+17 3.6520019328511424e+17 3.429224318487663e+17 3.19848320317271e+17 3.055667683899205e+17 2.9583177619841197e+17 2.8083736736143085e+17 2.7051413163757085e+17 2.543509381725468e+17 2.429358740432137e+17 2.3695992396317894e+17 2.3075153352220848e+17 2.2425170848846534e+17 2.1737539004706147e+17 2.0999225257819542e+17 1.926515342159355e+17 1.813815952091323e+17 1.6516769458226234e+17
6490.000909229008 5.942530680758514e+17 5.633894148026096e+17 5.310225897791454e+17 4.969720344527203e+17 4.6102656129779034e+17 4.229485950617882e+17 3.824810494510432e+17 3.612644940221114e+17 3.393350574170655e+17 3.1662125527973523e+17 3.025607461395561e+17 2.929744450372854e+17 2.7820569879793053e+17 2.6803432928331094e+17 2.5210059583331274e+17 2.408396433869982e+17 2.3494096424453142e+17 2.288097796374625e+17 2.2238682467902173e+17 2.1558648664324902e+17 2.0827747011664528e+17 1.9106934932738534e+17 1.7984251124884016e+17 1.636114439156019e+17
6510.00091203095 6.131607037566356e+17 5.81373708512522e+17 5.4798423990122336e+17 5.128052783399433e+17 4.756064718689734e+17 4.361363242199445e+17 3.9411804197017414e+17 3.720633026156867e+17 3.492553000561391e+17 3.256243916810549e+17 3.109981522919119e+17 3.010290138190068e+17 2.8567893896534086e+17 2.7511614352954138e+17 2.585901685522968e+17 2.4693129684939146e+17 2.4083272210734445e+17 2.3450112141311344e+17 2.2787728655068886e+17 2.208759029884762e+17 2.1336599547196166e+17 1.9575946086854944e+17 1.8433777100031126e+17 1.6791823407120906e+17
6530.000914832889 6.171689702291456e+17 5.853353550798195e+17 5.5186912959126637e+17 5.165747443349119e+17 4.7922109278687354e+17 4.3955579201205946e+17 3.9730249721740666e+17 3.751150843077666e+17 3.521641415475705e+17 3.283811293227491e+17 3.136580281000395e+17 3.036219609256562e+17 2.881679067254111e+17 2.7753273451082032e+17 2.6089339337663296e+17 2.4915575329780342e+17 2.4301686989578762e+17 2.3664445444406074e+17 2.2997935710489994e+17 2.2293637217849875e+17 2.1538458520853114e+17 1.976934495663729e+17 1.8622736911081792e+17 1.6975304922823174e+17
6550.000917634829 6.032598491978264e+17 5.733853315975989e+17 5.4176939380819066e+17 5.082005974321453e+17 4.724392361164343e+17 4.3421208959279885e+17 3.9323385556554336e+17 3.716196528762323e+17 3.4919663686626624e+17 3.2589293022311616e+17 3.1143398762005094e+17 3.015636803336106e+17 2.8634289043584742e+17 2.7585300122977933e+17 2.5941676247339715e+17 2.478047571329785e+17 2.417256424623473e+17 2.354107301285952e+17 2.288006441714588e+17 2.2180954785625885e+17 2.1430575517886787e+17 1.966915403404462e+17 1.8524611143634982e+17 1.6876426689103638e+17
6570.000920436759 5.5801162418104e+17 5.336729948733271e+17 5.0761500618744966e+17 4.795816415099511e+17 4.492801687066209e+17 4.163673602502808e+17 3.804346279515518e+17 3.6118335620878394e+17 3.409755530062937e+17 3.196975613586813e+17 3.063441240656244e+17 2.971593952128744e+17 2.8288428868816835e+17 2.7296798682227792e+17 2.5730727537294778e+17 2.4615871744259744e+17 2.402967067829205e+17 2.341898755460802e+17 2.2777956829220006e+17 2.2098077975648e+17 2.136627676986707e+17 1.9640739104776067e+17 1.851434280111655e+17 1.6886785215837354e+17
6590.000923238699 6.077671593397006e+17 5.769921763475836e+17 5.4458214503604256e+17 5.103461884816225e+17 4.7405669680221146e+17 4.3545732180460736e+17 3.942660030646769e+17 3.7260458646399136e+17 3.5017209050483386e+17 3.2689469631811706e+17 3.124667068734463e+17 3.0262281929199494e+17 2.874488569277812e+17 2.7699415207572205e+17 2.6061492827148842e+17 2.4904218786962086e+17 2.4298274919263942e+17 2.3668744498090483e+17 2.30096859342214e+17 2.2312528704195056e+17 2.156412906382807e+17 1.9807186945469146e+17 1.8665875230496765e+17 1.7023664876629568e+17
6610.000926040639 6.164141606113684e+17 5.848959683970834e+17 5.517680130498568e+17 5.168275144846821e+17 4.798501021787912e+17 4.4057298125178656e+17 3.9870843013084186e+17 3.767097846150765e+17 3.5393945742688557e+17 3.303235534373695e+17 3.156924988302174e+17 3.05713413847392e+17 2.9033603759410176e+17 2.7974538288324525e+17 2.6316001762441533e+17 2.514472131622603e+17 2.4531645613094378e+17 2.3894862992097197e+17 2.322839054203532e+17 2.2523615536275757e+17 2.1767312130935267e+17 1.999303763088681e+17 1.8841341049505667e+17 1.7184918201549603e+17
6630.000928842579 6.131009003273339e+17 5.817823252415914e+17 5.488869785341912e+17 5.1422231053227923e+17 4.775621692229508e+17 4.3865489129267526e+17 3.972209717211088e+17 3.754631831733064e+17 3.529507997803222e+17 3.2960863892472966e+17 3.151476796732415e+17 3.0528409270975546e+17 2.9008201428472774e+17 2.796094238611872e+17 2.632026094947627e+17 2.516102282518331e+17 2.4554047548352205e+17 2.392343646970529e+17 2.3263240446942877e+17 2.2564871388172502e+17 2.1815155289504416e+17 2.0054913754104045e+17 1.8910997479097747e+17 1.726356763871508e+17
6650.0009316445185 6.125250230365482e+17 5.813521022346973e+17 5.4859842737173946e+17 5.140724628689423e+17 4.775454898477867e+17 4.3875507277003514e+17 3.974180504012503e+17 3.757004764534527e+17 3.532213316880509e+17 3.299057271069584e+17 3.15457616510591e+17 3.056007688619765e+17 2.904067986954792e+17 2.7993776358034845e+17 2.6353312279908573e+17 2.5193953569210298e+17 2.4586810968860902e+17 2.3955947563282765e+17 2.3295393948034774e+17 2.259654047289346e+17 2.184618307828552e+17 2.0084007454590208e+17 1.8938646755838237e+17 1.7289257438531174e+17
6670.000934446459 6.055974310855136e+17 5.748358025606012e+17 5.425214743339815e+17 5.0846890642325254e+17 4.724579643272603e+17 4.342384501193261e+17 3.9354038077484166e+17 3.721695299129731e+17 3.500564327929821e+17 3.271248989617745e+17 3.1291481380001517e+17 3.0321972591289837e+17 2.8827215428577894e+17 2.7796984243887674e+17 2.6181903668953667e+17 2.5039785131265312e+17 2.4441381977591062e+17 2.381934529102789e+17 2.3167717335897763e+17 2.2477894357812963e+17 2.1736668801300538e+17 1.9992901338603213e+17 1.8856518534471488e+17 1.7214999423410416e+17
6690.000937248398 6.1674346198031e+17 5.855093423582413e+17 5.5267511642167475e+17 5.1805543081246016e+17 4.814088361774025e+17 4.424772739109712e+17 4.0097560999741216e+17 3.79165164941902e+17 3.565860195394824e+17 3.331628240284534e+17 3.186462165600569e+17 3.087424108557917e+17 2.934753144510489e+17 2.8295605069947232e+17 2.6647420393841354e+17 2.5482875792986336e+17 2.487315816756097e+17 2.4239770369062938e+17 2.3576772772356147e+17 2.2875611213620003e+17 2.212316311976443e+17 2.035808843586143e+17 1.9212611906604266e+17 1.7565168236165597e+17
6710.000940050329 6.031243522256539e+17 5.72596908433413e+17 5.4054587523996986e+17 5.06788217945608e+17 4.711116192045406e+17 4.332675781586296e+17 3.929894477744206e+17 3.7184565852990266e+17 3.499699177519311e+17 3.2728337424204845e+17 3.1322255602538656e+17 3.036272357653852e+17 2.888290107267721e+17 2.7862549346536342e+17 2.6262101528517302e+17 2.512952956620723e+17 2.4535794420686896e+17 2.3918345569210947e+17 2.327117640528009e+17 2.2585628411804877e+17 2.1848402762101424e+17 2.011099424967279e+17 1.8975938134007088e+17 1.7332107797963696e+17
6730.000942852268 6.147043460301185e+17 5.838218153393656e+17 5.513600331987032e+17 5.171193142457366e+17 4.808698329149041e+17 4.423469591386706e+17 4.012557756984911e+17 3.796460517196968e+17 3.572610276070528e+17 3.3402017081534074e+17 3.19605238644709e+17 3.097647351568659e+17 2.945857457080605e+17 2.8411922716404576e+17 2.6770661440315523e+17 2.560995273472573e+17 2.500189459736395e+17 2.4369967805688877e+17 2.3708229261417696e+17 2.3008107252149414e+17 2.2256465940046637e+17 2.04923186482256e+17 1.9347109552231578e+17 1.7700425066019498e+17
6750.000945654209 6.078654817189043e+17 5.774287670620854e+17 5.45437374691355e+17 5.116985092380919e+17 4.7598233261652365e+17 4.380271671199062e+17 3.9754306930016275e+17 3.762524158694915e+17 3.541963782495807e+17 3.312924784590906e+17 3.1708232998290816e+17 3.073793830309419e+17 2.9240625583614163e+17 2.820767745401321e+17 2.6586766255661706e+17 2.5439409885294602e+17 2.483792037894144e+17 2.4212457905959898e+17 2.3557030644876653e+17 2.286298927455982e+17 2.2117077205237702e+17 2.036224756353931e+17 1.9219247018483315e+17 1.7569895301187136e+17
6770.000948456149 6.09341912525212e+17 5.789012112168356e+17 5.4690320369300294e+17 5.1316055109254637e+17 4.774356060149257e+17 4.3947537235458234e+17 3.9898536292849696e+17 3.7769132967805114e+17 3.55630880759554e+17 3.327226668223888e+17 3.185088775013494e+17 3.0880262832641325e+17 2.9382323961217626e+17 2.8348821881235786e+17 2.6726810429659286e+17 2.557851400546461e+17 2.4976480529548934e+17 2.4350433075995117e+17 2.369438670050039e+17 2.2999713211977274e+17 2.2253190518421098e+17 2.049753742279308e+17 1.9354769905471898e+17 1.7707128626382106e+17
6790.000951258089 6.081323433766703e+17 5.777631760025432e+17 5.45852777983081e+17 5.122086208071876e+17 4.766065387679068e+17 4.38793145770553e+17 3.9848352003084806e+17 3.7729526774645626e+17 3.553500014261957e+17 3.325670133789151e+17 3.1843345127882464e+17 3.0878231633806874e+17 2.9388852831904506e+17 2.8361255161873952e+17 2.674849245022425e+17 2.5606700431462182e+17 2.500805423315404e+17 2.4385500408720365e+17 2.3733070580371037e+17 2.3042146690671958e+17 2.2299514789506928e+17 2.0551992247471312e+17 1.9413207957462627e+17 1.776851119105326e+17
6810.000954060029 6.049847214534515e+17 5.749244586882774e+17 5.433335059064928e+17 5.100229437362308e+17 4.747656719088102e+17 4.3730628095981965e+17 3.9735964874951526e+17 3.7635360686233286e+17 3.545911486678457e+17 3.31988028376722e+17 3.179598308911792e+17 3.083777511289357e+17 2.935844340189567e+17 2.8337295560604336e+17 2.6733733903711773e+17 2.5597654902727744e+17 2.5001715617375264e+17 2.438174437746996e+17 2.3731751098999126e+17 2.304309201241319e+17 2.2302510874680413e+17 2.0558183439407645e+17 1.9420319793243846e+17 1.7775880378480144e+17
6830.000956861959 6.112057260199296e+17 5.809386202094973e+17 5.491080358289381e+17 5.1551515806749805e+17 4.7992780955667635e+17 4.420790811799118e+17 4.0167273469752346e+17 3.804068376931016e+17 3.583643031235453e+17 3.354603423449248e+17 3.2124246135138477e+17 3.1153057998507014e+17 2.965382609211313e+17 2.861917202591406e+17 2.6995078548995757e+17 2.584520212597523e+17 2.5242362342953507e+17 2.461549934882918e+17 2.3958659907087965e+17 2.326324434212209e+17 2.2516070738237667e+17 2.0759660520634218e+17 1.9617001003555427e+17 1.7969789074106086e+17
6850.000959663898 5.976721738729417e+17 5.681313998123342e+17 5.370989619791531e+17 5.0439512035160634e+17 4.698021174693178e+17 4.3307380077372717e+17 3.939318063211195e+17 3.7335665715813965e+17 3.520429887071325e+17 3.2990376083739456e+17 3.161598303720452e+17 3.067687639253857e+17 2.922643029728341e+17 2.8224642657997184e+17 2.66502561365081e+17 2.5533737687984912e+17 2.4947607068345222e+17 2.433746168535678e+17 2.3697290443076355e+17 2.30184238540832e+17 2.228755471585119e+17 2.0561882142320346e+17 1.9432258434711882e+17 1.779369298947685e+17
6870.000962465839 6.041644510222835e+17 5.74395391888078e+17 5.4309030152199e+17 5.10059246976809e+17 4.750761356786404e+17 4.3788156965251366e+17 3.9818572922370746e+17 3.772975680130362e+17 3.556476709116836e+17 3.3315046201732954e+17 3.1918213879316736e+17 3.0963824371735354e+17 2.94899904437314e+17 2.847230160516182e+17 2.6873578896740506e+17 2.5740489678182992e+17 2.5145955843871462e+17 2.4527323160932378e+17 2.3878592839552528e+17 2.319110419647274e+17 2.2451576469690858e+17 2.0708769543878294e+17 1.957104202009647e+17 1.7925274944217117e+17
6890.000965267778 6.06868105926851e+17 5.770409777252851e+17 5.45669585392046e+17 5.1257066335384186e+17 4.7751141349803603e+17 4.4023415008412256e+17 4.0044673381063123e+17 3.795076779398529e+17 3.578011143778137e+17 3.352411104771199e+17 3.212314899322531e+17 3.1165811191859706e+17 2.9687278273459686e+17 2.866629801305041e+17 2.7062413722988115e+17 2.5925793281690717e+17 2.5329497964550928e+17 2.4709132866798813e+17 2.405872651708715e+17 2.336966538098016e+17 2.2628744127553123e+17 2.0884355107987402e+17 1.974728555661192e+17 1.8105107482136026e+17
6910.0009680697185 6.039238525684895e+17 5.7433042032649094e+17 5.432118966103483e+17 5.103774839242617e+17 4.7560022430003616e+17 4.3862160224341434e+17 3.991472642073807e+17 3.783722443266871e+17 3.568331427675964e+17 3.344434313907346e+17 3.20536797713789e+17 3.110320045818351e+17 2.9634888219178854e+17 2.862063656608949e+17 2.7026638876843357e+17 2.5896419274618822e+17 2.5303243975441462e+17 2.468592655611595e+17 2.4038479705993824e+17 2.3352260631250736e+17 2.2614013013531696e+17 2.0874019287005494e+17 1.9738079186203082e+17 1.8094889775137504e+17
6930.000970871649 6.020915914544175e+17 5.7258142568816486e+17 5.415515135281287e+17 5.0881640979322694e+17 4.741533212246123e+17 4.373106324446008e+17 3.980017068683138e+17 3.773217249837045e+17 3.558881026036978e+17 3.336146404873116e+17 3.19783558742141e+17 3.103316898309082e+17 2.957320379458418e+17 2.8564811491134848e+17 2.6980133617160355e+17 2.5856502829690352e+17 2.5266754358140883e+17 2.465295055081759e+17 2.4009090347335882e+17 2.3326509889410944e+17 2.2591900871449235e+17 2.0858532903481398e+17 1.972453684981759e+17 1.8079274292679997e+17
6950.000973673588 5.998532764962551e+17 5.705061857011883e+17 5.3964643197614515e+17 5.0707456860004416e+17 4.72575811147395e+17 4.3589527522423e+17 3.9674737733494e+17 3.761496636860119e+17 3.5480100404334515e+17 3.3261682652634125e+17 3.188419295936089e+17 3.0942886860664986e+17 2.948900726002039e+17 2.8484848574945213e+17 2.6906815726042813e+17 2.5787828720529978e+17 2.5200454577641603e+17 2.4589052123161325e+17 2.394760221889297e+17 2.326740159330254e+17 2.25350743726994e+17 2.0805237437755638e+17 1.9671370795225747e+17 1.8022061810832845e+17
6970.00097647553 6.020452980410715e+17 5.7264877156852525e+17 5.417288852183948e+17 5.090979214800145e+17 4.745301981489087e+17 4.377764298804375e+17 3.985553229116378e+17 3.779206812231471e+17 3.5653424995468486e+17 3.343104381832804e+17 3.20510415248422e+17 3.110802715681295e+17 2.9651384762378963e+17 2.8645290844223328e+17 2.7064221284585053e+17 2.5943154375074397e+17 2.5354742803613504e+17 2.474232363789175e+17 2.4099902330479034e+17 2.3418806271720886e+17 2.2685708830157862e+17 2.0955127489050656e+17 1.982179859001341e+17 1.8174826941752045e+17
6990.000979277469 5.988510809198458e+17 5.696378394783645e+17 5.389150364207305e+17 5.064925337606681e+17 4.721520765900607e+17 4.356404504180122e+17 3.9667854900966074e+17 3.7618042678598464e+17 3.549365570911437e+17 3.328622616793511e+17 3.191559989776466e+17 3.097901108979523e+17 2.953238636749942e+17 2.8533222173703795e+17 2.6962946048398672e+17 2.58493219552212e+17 2.5264690212026992e+17 2.465605865428861e+17 2.4017404685024205e+17 2.33400081839475e+17 2.2610453845591754e+17 2.0885717846471133e+17 1.975368995322192e+17 1.8104558905450602e+17
7010.000982079409 5.856647393320908e+17 5.57323721211009e+17 5.2754310464195635e+17 4.961582772235506e+17 4.629579724302999e+17 4.277055831156663e+17 3.9013119094867834e+17 3.7037449436529434e+17 3.498980838318676e+17 3.286093622696961e+17 3.153777905786495e+17 3.0632764506010816e+17 2.9233119268256064e+17 2.8264853629688915e+17 2.674011995845761e+17 2.565625945023249e+17 2.5086324486621635e+17 2.4492258535939235e+17 2.3868028630845405e+17 2.3204883119586246e+17 2.2489356258353754e+17 2.0791490389280624e+17 1.9671652862217174e+17 1.803259421560376e+17
7030.000984881349 5.953068396791692e+17 5.664913702767117e+17 5.361909290690856e+17 5.042183563272568e+17 4.703576535940776e+17 4.343605609512108e+17 3.9594863344377555e+17 3.75736508873165e+17 3.547835279102868e+17 3.330000661976772e+17 3.194657964075958e+17 3.102126080350338e+17 2.959106477482699e+17 2.860248023185483e+17 2.7047408403522333e+17 2.594346052681915e+17 2.5363539359944662e+17 2.4759555460977773e+17 2.4125489812131562e+17 2.3452648065007117e+17 2.272766067520546e+17 2.101245953813451e+17 1.9885908978231066e+17 1.8244000811224736e+17
7050.000987683289 5.984861663211825e+17 5.6964254369996986e+17 5.3929117466148755e+17 5.072484762972894e+17 4.732898221589552e+17 4.371564675227539e+17 3.9855805132959846e+17 3.7823103383978886e+17 3.571461133931849e+17 3.352131659591745e+17 3.2158039662441946e+17 3.1225778440582624e+17 2.978462136598001e+17 2.8788332665238653e+17 2.7221057786774976e+17 2.6108486587422938e+17 2.5524079533923696e+17 2.4915488575397933e+17 2.427669908289884e+17 2.3599028993593117e+17 2.286914622004393e+17 2.114446962463008e+17 2.0014168740147862e+17 1.8371459732378678e+17
7070.000990485219 5.931912818471153e+17 5.646037556794266e+17 5.3454056054272154e+17 5.0282050249143584e+17 4.6922783421285414e+17 4.335158069424073e+17 3.954056696892089e+17 3.7535080823640186e+17 3.5455815973302605e+17 3.329376265176703e+17 3.19501171414045e+17 3.103130247690648e+17 2.9610773248515514e+17 2.8628536711670288e+17 2.7082783185356182e+17 2.5984844263819782e+17 2.5407844442128666e+17 2.4806701267064387e+17 2.417539330463526e+17 2.3505187251078064e+17 2.2782671775599037e+17 2.1071595853503722e+17 1.9946295039172026e+17 1.830414386322953e+17
7090.000993287159 5.917843826168046e+17 5.63358464391141e+17 5.3346303719823174e+17 5.019145722086641e+17 4.68495968433161e+17 4.3296021886986835e+17 3.950296046282266e+17 3.7506494556050266e+17 3.543633625316883e+17 3.32833680065026e+17 3.1945185219067514e+17 3.102997679343648e+17 2.961485037789886e+17 2.8636201662808397e+17 2.7095810313508566e+17 2.6001477734758346e+17 2.5426301076802934e+17 2.482700802815342e+17 2.4197580656187184e+17 2.3529305213350627e+17 2.2808783960176253e+17 2.110198072021301e+17 1.997901437308303e+17 1.8339277394391232e+17
7110.000996089098 5.95267028547292e+17 5.667600556473169e+17 5.3673984414938976e+17 5.050182547735687e+17 4.713728448877679e+17 4.355541332446496e+17 3.97277101894188e+17 3.771168119338055e+17 3.562049434403721e+17 3.3445393806411354e+17 3.2093505783328026e+17 3.116909620739671e+17 2.974011050785122e+17 2.8752253696437917e+17 2.71982212263922e+17 2.6094960195019805e+17 2.551537184068799e+17 2.49117011541308e+17 2.4277916578510845e+17 2.360527715005358e+17 2.2880327592064634e+17 2.1163764897071984e+17 2.003428917700872e+17 1.8383290382081677e+17
7130.000998891039 5.849295199075867e+17 5.5694748990283e+17 5.2751423599363315e+17 4.9645343300103546e+17 4.635583807391874e+17 4.2859025614777536e+17 3.912800279572649e+17 3.716501124753732e+17 3.5130029062014074e+17 3.301410673093074e+17 3.16990529951997e+17 3.079966135020084e+17 2.940883511837899e+17 2.8446809362215706e+17 2.6932032497539382e+17 2.5855260887133862e+17 2.5289014487374854e+17 2.469874521297884e+17 2.4078408150820032e+17 2.341925287104548e+17 2.270779680040238e+17 2.1018101765736682e+17 1.990193486974949e+17 1.8264600242564208e+17
7150.001001692978 5.802697961459589e+17 5.5259203885198624e+17 5.234904996571602e+17 4.9278931048610304e+17 4.602859320416145e+17 4.257496682553496e+17 3.889153804140789e+17 3.69539960266878e+17 3.494566006950356e+17 3.2857412980568685e+17 3.155943181204919e+17 3.0671589719157926e+17 2.929837780047148e+17 2.8348263667057936e+17 2.685168909996151e+17 2.5787320830256528e+17 2.5227370225848717e+17 2.4643469702593203e+17 2.402958617856712e+17 2.3376975763376074e+17 2.2672173107181917e+17 2.0996249196043008e+17 1.9887434430474678e+17 1.8258532239378605e+17
7170.0010044949195 5.847281711593105e+17 5.5703836494628864e+17 5.279056176498289e+17 4.9714815711926086e+17 4.6455343482848294e+17 4.298768521799421e+17 3.928408203594494e+17 3.7333693250165344e+17 3.53101322802627e+17 3.320412959190879e+17 3.1894096140295245e+17 3.099757680292849e+17 2.961032715391543e+17 2.8650099041833018e+17 2.713714577936627e+17 2.6061009089930314e+17 2.5494923145877594e+17 2.4904729432588842e+17 2.428441553483125e+17 2.3625281347549843e+17 2.2913933880590435e+17 2.122556052547502e+17 2.0111767409511888e+17 1.848093357099834e+17
7190.001007296848 5.6785420166716166e+17 5.410492419848154e+17 5.1289571657151296e+17 4.832330546336688e+17 4.5186131031800774e+17 4.185591509689905e+17 3.8306068582398694e+17 3.6438678086288416e+17 3.4502027158707616e+17 3.2486223036618963e+17 3.123153066939963e+17 3.0372286122153466e+17 2.904126705868352e+17 2.8118657492969482e+17 2.66621048997543e+17 2.562338688838825e+17 2.5075888866115757e+17 2.4504145887495178e+17 2.3902076267192746e+17 2.3260873770934464e+17 2.256697972636721e+17 2.0910779586487293e+17 1.981031091660852e+17 1.818862306731567e+17
7210.001010098789 5.787218490630665e+17 5.514534286884337e+17 5.227667729066813e+17 4.924817540897039e+17 4.6038816072806426e+17 4.262405862532474e+17 3.897609091339967e+17 3.7054284722266605e+17 3.505988056857362e+17 3.2983545637410086e+17 3.169154350396513e+17 3.0807183431935616e+17 2.943829828320599e+17 2.8490418351822483e+17 2.6996059817677536e+17 2.593228346034998e+17 2.5372320452942038e+17 2.478818280778184e+17 2.417382427435237e+17 2.3520492353165088e+17 2.2814728103770115e+17 2.1136470725797664e+17 2.00269403786665e+17 1.839976509391597e+17
7230.001012900729 5.852016489739434e+17 5.5775925307457555e+17 5.2887282478246374e+17 4.9835942601277824e+17 4.660029964718842e+17 4.315540645025627e+17 3.94720962024418e+17 3.753041416690811e+17 3.551423288503364e+17 3.34138996469429e+17 3.210624434926997e+17 3.1210818642004454e+17 2.982433185471769e+17 2.8863990224221824e+17 2.7349785113879882e+17 2.6272028480322592e+17 2.5704882632418384e+17 2.511346583639883e+17 2.4491775339132634e+17 2.3831129870594003e+17 2.3118189250857952e+17 2.1426971713089635e+17 2.0312831323072394e+17 1.868477503990775e+17
7250.001015702669 5.863346972577192e+17 5.588263359119968e+17 5.298625013446299e+17 4.992578200844569e+17 4.667943510883723e+17 4.322184376813523e+17 3.952406444626903e+17 3.7574634591736134e+17 3.5550543782458835e+17 3.34422576707415e+17 3.212995753658263e+17 3.123154874855096e+17 2.98408123253388e+17 2.887782171945769e+17 2.7359927861401178e+17 2.6279873271161718e+17 2.571160608796236e+17 2.5119059676254144e+17 2.44962050227103e+17 2.3834316521113008e+17 2.3119975059373338e+17 2.1424790959730422e+17 2.030714262733003e+17 1.8672101246081232e+17
7270.0010185046085 5.857929024480929e+17 5.5833217643283866e+17 5.2941664400971046e+17 4.9886497379891136e+17 4.66464228566436e+17 4.319608705019035e+17 3.950713174195291e+17 3.7562753780722963e+17 3.5544254532949946e+17 3.344221982390283e+17 3.213403330593737e+17 3.123854036263889e+17 2.9852464703901754e+17 2.889280643087652e+17 2.7380348306782666e+17 2.6304308539487107e+17 2.5738198054516733e+17 2.5147926922208234e+17 2.452748536067918e+17 2.3868169239393763e+17 2.315658781190671e+17 2.1467527635003907e+17 2.0353119370256237e+17 1.8720629362809773e+17
7290.001021306549 5.709463192554917e+17 5.4437006363599654e+17 5.164241237065184e+17 4.8693296209900736e+17 4.557011981749275e+17 4.224911824955538e+17 3.870323276000023e+17 3.6835623054922355e+17 3.489713832343898e+17 3.287791400823642e+17 3.162043434753519e+17 3.075902142001397e+17 2.942440869701309e+17 2.8499194865401024e+17 2.7038563308761834e+17 2.599718058613398e+17 2.544843303048713e+17 2.4875543328421814e+17 2.4272486913818176e+17 2.363052684313302e+17 2.2936212365147075e+17 2.1280884025990525e+17 2.0182321516176515e+17 1.8564050010160944e+17
7310.001024108488 5.810397557640668e+17 5.5393543780454445e+17 5.254038588655077e+17 4.952600234402107e+17 4.632909610638869e+17 4.292526985463728e+17 3.928664657536224e+17 3.736891802853984e+17 3.5378111983275424e+17 3.330475571210582e+17 3.2014239155263866e+17 3.113068436192559e+17 2.976280001047222e+17 2.8815461141869805e+17 2.7321827018879264e+17 2.6258612043203392e+17 2.5699014903840947e+17 2.5115332610441274e+17 2.450155839874407e+17 2.3848989030797894e+17 2.3144221593793568e+17 2.1468867623311034e+17 2.0361155133200557e+17 1.873487910867786e+17
7330.001026910419 5.774736588499985e+17 5.506436167569097e+17 5.2239697251493235e+17 4.9255497504974925e+17 4.609082666513442e+17 4.272135296464456e+17 3.9119551193343494e+17 3.7221232728982464e+17 3.5250431663583514e+17 3.319765637384484e+17 3.1919708391661434e+17 3.104460050334989e+17 2.9689486919036134e+17 2.875072338062225e+17 2.7270037345168515e+17 2.621554358826338e+17 2.5660345264591594e+17 2.508109483091854e+17 2.4471793149197734e+17 2.3823746916441434e+17 2.312357436809355e+17 2.145784126734904e+17 2.0355487490504093e+17 1.873584706997852e+17
7350.001029712358 5.80609911553901e+17 5.535665085720133e+17 5.250983841817598e+17 4.950163011531129e+17 4.631182964573709e+17 4.291580333273774e+17 3.9285714522178035e+17 3.7372730587488614e+17 3.538714078887914e+17 3.331940855202737e+17 3.2032489726072576e+17 3.115146898437985e+17 2.978753153295168e+17 2.88429266549594e+17 2.7353532919002e+17 2.6293222374947664e+17 2.573508828476071e+17 2.5152870376156547e+17 2.454054780517709e+17 2.3889396157667674e+17 2.3185975399763507e+17 2.1512765719134326e+17 2.040539995210909e+17 1.8777817176293917e+17
7370.0010325142985 5.836267862096916e+17 5.5661466018601875e+17 5.2816135005886374e+17 4.980839433476422e+17 4.661669506953317e+17 4.321621474612404e+17 3.9578130839369446e+17 3.7659532744972186e+17 3.566683590282444e+17 3.359039833145035e+17 3.229730434355004e+17 3.141173722422142e+17 3.004026350347609e+17 2.909015766890089e+17 2.759177049849956e+17 2.6525015940987075e+17 2.596356018705803e+17 2.5377993535240326e+17 2.4762338841467696e+17 2.4107957451689597e+17 2.3401562556002314e+17 2.1724566214245347e+17 2.0618317272187008e+17 1.8998658132650422e+17
7390.001035316238 5.702920045211964e+17 5.441408346488539e+17 5.166197419052952e+17 4.8755069411037446e+17 4.567292318632387e+17 4.2391548429981274e+17 3.888269683247833e+17 3.703223435620813e+17 3.510972929340717e+17 3.310505561236932e+17 3.1855537200524845e+17 3.0999110833012397e+17 2.9671392222688525e+17 2.8750409132846358e+17 2.7295578934648384e+17 2.625772179160913e+17 2.5710660174332493e+17 2.5139435317298947e+17 2.4538053540258995e+17 2.3897841483602752e+17 2.320545377232036e+17 2.1555560417516986e+17 2.0461997578169338e+17 1.8854027340112528e+17
7410.001038118179 5.638248617710965e+17 5.3822830206840666e+17 5.112812476218029e+17 4.828098740672723e+17 4.52606972657173e+17 4.204290333579988e+17 3.8598476552441696e+17 3.678024256841111e+17 3.48895565703984e+17 3.2915967144469766e+17 3.168460588713113e+17 3.083998015456669e+17 2.952948421982858e+17 2.861959096695653e+17 2.7180694434137424e+17 2.615291174133508e+17 2.5610683833634397e+17 2.5044137018441005e+17 2.4447251730923974e+17 2.3811328205052906e+17 2.312298304668965e+17 2.1480253095779917e+17 2.038971821281735e+17 1.8784593004940714e+17
7430.001040920119 5.725952067013252e+17 5.4651513281975334e+17 5.1904611005121146e+17 4.900083527540944e+17 4.59188514598794e+17 4.263388795597922e+17 3.9117039551415424e+17 3.7260636091224205e+17 3.5330656730889325e+17 3.3316828127153466e+17 3.206093800689808e+17 3.11998798020636e+17 2.9864600849671955e+17 2.893814238127527e+17 2.7474381461092944e+17 2.643010097190584e+17 2.5879682512267715e+17 2.530501484393386e+17 2.470011889796014e+17 2.4056348181704704e+17 2.336040766365492e+17 2.1703872731613094e+17 2.0607769087065107e+17 1.8998930927126576e+17
7450.001043722049 5.731002190945067e+17 5.469825821226416e+17 5.194686739235082e+17 4.903788134725208e+17 4.595055637223246e+17 4.266027877427767e+17 3.913850810020576e+17 3.72801039625647e+17 3.534861697052532e+17 3.333407366988905e+17 3.207825560384339e+17 3.1217489154183334e+17 2.988310053801998e+17 2.8957582889842925e+17 2.7495844812406106e+17 2.6453385100192582e+17 2.5904050791074074e+17 2.533059271230186e+17 2.472704875137323e+17 2.4084789731559187e+17 2.3390552373617584e+17 2.1738232114406912e+17 2.0644926265400544e+17 1.9039982462281683e+17
7470.001046523989 5.779414221924041e+17 5.515949377683484e+17 5.238182758327631e+17 4.944314618335949e+17 4.632150266671763e+17 4.299161599073744e+17 3.942421331750224e+17 3.754059735073823e+17 3.558263318190644e+17 3.3540418123916966e+17 3.2267575139796845e+17 3.139535699788088e+17 3.004370733559458e+17 2.9106643084956365e+17 2.76275691026827e+17 2.6573525553762122e+17 2.6018378839191914e+17 2.5439087109653686e+17 2.4829682104387914e+17 2.4181519286568736e+17 2.3481310663055533e+17 2.1816579535495306e+17 2.0716367501778666e+17 1.910247288567059e+17
7490.001049325929 5.729912224565739e+17 5.469819330686347e+17 5.1956887083954675e+17 4.905645686372696e+17 4.597656680467615e+17 4.269219330006076e+17 3.917496599470567e+17 3.7318392580663136e+17 3.538861244297071e+17 3.337569743180786e+17 3.212084635626994e+17 3.1260722610837894e+17 2.992732294112812e+17 2.900247645839257e+17 2.7541793698732483e+17 2.6500072786698326e+17 2.5951119796290003e+17 2.5378057588222787e+17 2.4774920374722848e+17 2.4133080482056163e+17 2.3439264110806515e+17 2.1787639570280384e+17 2.0694264429331795e+17 1.9087648628448874e+17
7510.001052127869 5.74516197309512e+17 5.485421265250623e+17 5.211592909378729e+17 4.921827590348265e+17 4.614013191440964e+17 4.285613724702827e+17 3.933708969122311e+17 3.7478394277536237e+17 3.554563190647692e+17 3.352863177105519e+17 3.227074667265423e+17 3.1408336252629056e+17 3.007106818072927e+17 2.9143329850457536e+17 2.7677813706437126e+17 2.6632524343462218e+17 2.6081686796372234e+17 2.5506683796345747e+17 2.4901577984245395e+17 2.42577822851971e+17 2.3562106544248806e+17 2.1907919662386122e+17 2.0815129991200938e+17 1.9213807713319866e+17
7530.001054929809 5.763698346819619e+17 5.503866759934656e+17 5.2298642785981235e+17 4.9398215332328506e+17 4.63154211852202e+17 4.302456227000642e+17 3.949566386563751e+17 3.763066282632186e+17 3.5690458256154726e+17 3.366476781253652e+17 3.2401101713733037e+17 3.153461731130569e+17 3.019089691394087e+17 2.9258652741250464e+17 2.778605391240056e+17 2.6735824759176048e+17 2.6182447539883808e+17 2.5604857570874144e+17 2.4997115792609126e+17 2.435063639165892e+17 2.365224038247419e+17 2.199260748714786e+17 2.0897264311518038e+17 1.9294072863758326e+17
7550.001057731749 5.782443582435936e+17 5.522010889285592e+17 5.247379658657153e+17 4.9566292997893715e+17 4.647570506091582e+17 4.3176342120259424e+17 3.963783471840566e+17 3.776764388032492e+17 3.5821935839448474e+17 3.379054344643572e+17 3.252334741342716e+17 3.165446369272074e+17 3.0307116571072774e+17 2.937241962555732e+17 2.789610063348307e+17 2.6843401563034493e+17 2.6288811620854845e+17 2.571003216402778e+17 2.51011477616837e+17 2.4453605618796173e+17 2.3754264742144326e+17 2.2093502221389405e+17 2.0998457165290902e+17 1.9397138168031478e+17
7570.001060533678 5.7323090608984557e+17 5.4750739243029485e+17 5.203878960422864e+17 4.9168920224253466e+17 4.6119387921281696e+17 4.2865129141289824e+17 3.937644752553596e+17 3.753300886304515e+17 3.561520508633925e+17 3.361282548772348e+17 3.2363424560068416e+17 3.1506514734413094e+17 3.0177270320482746e+17 2.9254715680126464e+17 2.7796694220175277e+17 2.6756268031989706e+17 2.6207838587063622e+17 2.5635242065734957e+17 2.5032554002333584e+17 2.4391214749183472e+17 2.3698077261087024e+17 2.204958582654356e+17 2.0960448945854554e+17 1.936464021534947e+17
7590.001063335619 5.722508923046013e+17 5.4662960949170016e+17 5.1960491809258925e+17 4.9099610310892563e+17 4.605859489868295e+17 4.281209090923423e+17 3.9330563981928384e+17 3.749048186171284e+17 3.557590958428509e+17 3.3576597901788717e+17 3.2329027883681914e+17 3.147334507673149e+17 3.014596859798203e+17 2.922465587698821e+17 2.7768541036795574e+17 2.6729394245482915e+17 2.618160524620515e+17 2.5609646662197862e+17 2.5007593207840378e+17 2.436688111295055e+17 2.3674350551461357e+17 2.2026933713704826e+17 2.0938127163117862e+17 1.9342006749858928e+17
7610.001066137558 5.7040201029068314e+17 5.4496167599282605e+17 5.181346242900692e+17 4.8974258274221734e+17 4.595734844605383e+17 4.273769667685877e+17 3.928576018637739e+17 3.746147987911609e+17 3.556325808579735e+17 3.358068016782626e+17 3.234319811175497e+17 3.149422434452212e+17 3.0176772098380486e+17 2.9261979904342854e+17 2.781549356234333e+17 2.678267148822695e+17 2.623803396339976e+17 2.5669233679164662e+17 2.5070360667604435e+17 2.4432876762370288e+17 2.374366007688358e+17 2.210346013898516e+17 2.101899593719825e+17 1.9428872601022138e+17
7630.001068939499 5.7360719221810874e+17 5.4807475125064166e+17 5.2113328480625664e+17 4.9259759554156755e+17 4.622501413756345e+17 4.298286432504819e+17 3.950288655650931e+17 3.766219915528452e+17 3.574590490070698e+17 3.374372950499378e+17 3.249385904744821e+17 3.1636426278278317e+17 3.0306088631054e+17 2.9382612101234643e+17 2.792300867408175e+17 2.6881401445513366e+17 2.6332358366956832e+17 2.5759146176997738e+17 2.5155851333638813e+17 2.451394237729477e+17 2.382031849664255e+17 2.2171522824148502e+17 2.1083115805696186e+17 1.9489854777708278e+17
7650.001071741439 5.723429578644828e+17 5.469868638724055e+17 5.2022800270960666e+17 4.918865360616851e+17 4.617367020985966e+17 4.295221765094354e+17 3.949348307178178e+17 3.766345610876434e+17 3.5757779975050477e+17 3.3765944771176954e+17 3.2522085587627955e+17 3.166851095362443e+17 3.034371874569335e+17 2.942376313846814e+17 2.7969138750689312e+17 2.693066432807186e+17 2.6383140105375405e+17 2.581142351019293e+17 2.5209617760625645e+17 2.4569211739248883e+17 2.3877136775212176e+17 2.2231916518877014e+17 2.1145986522043683e+17 1.9556713646240224e+17
7670.001074543379 5.5489738912869715e+17 5.3048716022305683e+17 5.0475157864992256e+17 4.775224088863902e+17 4.4859197359942086e+17 4.177159383718373e+17 3.846057531384078e+17 3.671002475503149e+17 3.488764061789488e+17 3.2982749771271014e+17 3.179269440657187e+17 3.097564007127342e+17 2.9706533903290214e+17 2.8824305881547386e+17 2.7427221913790934e+17 2.64277958407913e+17 2.5900015731936598e+17 2.5348186501834003e+17 2.476639719567368e+17 2.4146106861218752e+17 2.347418832658085e+17 2.1868858403771203e+17 2.0802020752094502e+17 1.9230021658955904e+17
7690.001077345319 5.705411895284211e+17 5.454536957216848e+17 5.189673192623723e+17 4.908999736632435e+17 4.610294732719369e+17 4.290948801658184e+17 3.9478571145526854e+17 3.766229223460263e+17 3.577008868277981e+17 3.3791248046446675e+17 3.25549016702709e+17 3.1706213452872134e+17 3.038851475090951e+17 2.947313095032401e+17 2.802520656727749e+17 2.6991161607772403e+17 2.6445873273991245e+17 2.587642918093661e+17 2.527696284608702e+17 2.4638992479076288e+17 2.3949508271435488e+17 2.2310336170210397e+17 2.122836536226343e+17 1.9644878903592726e+17
7710.001080147249 5.628952729756095e+17 5.3814394110787206e+17 5.12032463351692e+17 4.8437893525987885e+17 4.5496841912296186e+17 4.2354683205300934e+17 3.898122741825254e+17 3.7196118076360083e+17 3.533679469038237e+17 3.3392673731164614e+17 3.217800521777156e+17 3.134412924594625e+17 3.004922901976919e+17 2.9149430322847526e+17 2.7725410960430525e+17 2.6707586452368886e+17 2.617046637772879e+17 2.560919489405196e+17 2.5017869501227184e+17 2.438795398847298e+17 2.3706341001242768e+17 2.208159221524563e+17 2.1005240480825738e+17 1.9424267312699664e+17
7730.0010829491885 5.656146533050743e+17 5.407320273820724e+17 5.144803513482387e+17 4.866839574116975e+17 4.571240968866422e+17 4.2555005094772096e+17 3.9166262132458726e+17 3.737367110318731e+17 3.550694501722688e+17 3.355549783396048e+17 3.2336428741528006e+17 3.149960281695673e+17 3.020018167698984e+17 2.9297276710705683e+17 2.7868444333479782e+17 2.6847313563872205e+17 2.6308513681047578e+17 2.5745550478505216e+17 2.5152526513336205e+17 2.4520913421764454e+17 2.3837618798779478e+17 2.220959958702903e+17 2.1131663607042035e+17 1.9549053949228653e+17
7750.001085751129 5.587433297736267e+17 5.343734623866658e+17 5.0866318561318694e+17 4.8143946828993536e+17 4.5248571055950515e+17 4.215514851690927e+17 3.883360954783779e+17 3.707549567948272e+17 3.5243697249638976e+17 3.3327397429650797e+17 3.2129439955671354e+17 3.1306675226380717e+17 3.0028306963632166e+17 2.9139433343815104e+17 2.7731665529693808e+17 2.6724617068140138e+17 2.6192887115595046e+17 2.5637026731757437e+17 2.5051145026521414e+17 2.4426737877010013e+17 2.375073816965856e+17 2.2137929226443504e+17 2.106846012622444e+17 1.9496512776864864e+17
7770.001088553068 5.7064541825683437e+17 5.4588373375272083e+17 5.197021770993007e+17 4.919124590151617e+17 4.622865691450317e+17 4.305527058039868e+17 3.963915730543339e+17 3.782778053738733e+17 3.593866321911061e+17 3.3960979586015514e+17 3.272428181326475e+17 3.1874943550213894e+17 3.0555622756658624e+17 2.96387562817598e+17 2.818800019678329e+17 2.715171875314515e+17 2.66052282911752e+17 2.6034543965812432e+17 2.5433821444690883e+17 2.4794617459598186e+17 2.410398200329095e+17 2.2463285517455197e+17 2.1381555464643408e+17 1.9800163781073216e+17
7790.001091355009 5.6849309660575315e+17 5.437195721021163e+17 5.175550722741164e+17 4.898103117129372e+17 4.602615506040949e+17 4.286432581174083e+17 3.946400908518718e+17 3.766241923778379e+17 3.5784447193266854e+17 3.381940363932784e+17 3.259112272597202e+17 3.1747736813932986e+17 3.043789412562832e+17 2.9527689825935066e+17 2.808741354181603e+17 2.7058339019944288e+17 2.651548919088564e+17 2.5948446281478464e+17 2.5351343249378643e+17 2.4715704407258966e+17 2.402854035684653e+17 2.239426895840546e+17 2.1315357000630326e+17 1.973666517185663e+17
7810.001094156948 5.667462534599269e+17 5.421062985335279e+17 5.1608644015226784e+17 4.88509058020189e+17 4.591541599247478e+17 4.277639638039982e+17 3.940261263348817e+17 3.7615773897784685e+17 3.5753502557667136e+17 3.3804846232006944e+17 3.2586595311547315e+17 3.1749969355269766e+17 3.045025587160107e+17 2.954682024420457e+17 2.811675800045708e+17 2.7094638871192035e+17 2.6555350506336342e+17 2.5991956990879853e+17 2.539861732477525e+17 2.4766905977350694e+17 2.408388364608173e+17 2.2458943096820723e+17 2.1385634728819818e+17 1.9813978013486813e+17
7830.001096958878 5.599390364249157e+17 5.357614336543886e+17 5.102321965897834e+17 4.8317413842254234e+17 4.543685212018986e+17 4.235602170543453e+17 3.904406465292201e+17 3.728943406521903e+17 3.546018572791598e+17 3.354527895412234e+17 3.234760551798186e+17 3.152478582422827e+17 3.024597889231709e+17 2.935659256358396e+17 2.7947772301371795e+17 2.6939921793346826e+17 2.6407798863202077e+17 2.5851581061713357e+17 2.5265423599416176e+17 2.4640877612964483e+17 2.396498554547608e+17 2.235401702026157e+17 2.1287413329837398e+17 1.97222521107681e+17
7850.001099760818 5.615991562623625e+17 5.373574647312963e+17 5.117512345290505e+17 4.846017819545273e+17 4.556890979973192e+17 4.2475635498042963e+17 3.914950034332647e+17 3.738724171107256e+17 3.5549993275159046e+17 3.362691788929419e+17 3.242423724477769e+17 3.15980600386437e+17 3.031418554617944e+17 2.942139296694342e+17 2.8007435329311446e+17 2.699615350823505e+17 2.6462314406802448e+17 2.590438556323235e+17 2.5316518603324144e+17 2.4690260381183126e+17 2.4012634850165325e+17 2.239784755631983e+17 2.132856400474064e+17 1.97580701394437e+17
7870.001102562758 5.661315142150857e+17 5.415980957091781e+17 5.156770867326953e+17 4.8817971356978003e+17 4.5888974886173466e+17 4.275450420972182e+17 3.938400008102981e+17 3.7598490312230355e+17 3.573756602207309e+17 3.3790624799083194e+17 3.25737685814642e+17 3.173825838823299e+17 3.0440672451910624e+17 2.953899359419795e+17 2.8112206099497226e+17 2.709280014686671e+17 2.6555052548657018e+17 2.5993332791247747e+17 2.5401805863551405e+17 2.4772043227935152e+17 2.4091083074707302e+17 2.2470209304980714e+17 2.1398119980668672e+17 1.9824571453228227e+17
7890.001105364698 5.62010587486625e+17 5.375567910785242e+17 5.117278292882004e+17 4.843409222678733e+17 4.5518405092091546e+17 4.240078680349123e+17 3.905213166121047e+17 3.728017806901299e+17 3.5434899807809914e+17 3.350618962438534e+17 3.230165187173859e+17 3.1475002983173184e+17 3.0191785572339117e+17 2.930047885547611e+17 2.789058535058495e+17 2.6883421624451386e+17 2.6352101526491782e+17 2.5797004001877322e+17 2.521226087410159e+17 2.4589368870115357e+17 2.3915220776864074e+17 2.2306125399036576e+17 2.1236440251843414e+17 1.9655920141272656e+17
7910.001108166639 5.5363201856214726e+17 5.295190350086999e+17 5.0407483923564954e+17 4.7712819485943014e+17 4.484754811600522e+17 4.1788170497161805e+17 3.850689545326489e+17 3.677238859685804e+17 3.496730520519539e+17 3.308148694048841e+17 3.1904000684212704e+17 3.109591986521134e+17 2.984132981607788e+17 2.896963430401605e+17 2.7589922760791075e+17 2.660333742394773e+17 2.6082406002776598e+17 2.553771638713298e+17 2.4963344931845994e+17 2.435068998207187e+17 2.368647387591354e+17 2.209485260488278e+17 2.103088704626461e+17 1.9450315457722902e+17
7930.001110968578 5.4381997759610266e+17 5.204808400572992e+17 4.95857049604823e+17 4.6978025569273005e+17 4.4205460788942285e+17 4.124479956880049e+17 3.806831140210969e+17 3.6388186200491136e+17 3.4638409537412115e+17 3.280830445799706e+17 3.1664154095095565e+17 3.087816284129116e+17 2.965637877726183e+17 2.8806290102417206e+17 2.7458575113782038e+17 2.6493086909195875e+17 2.5982667098555763e+17 2.5448491463321235e+17 2.4884671398468634e+17 2.4282657271647123e+17 2.36292709006939e+17 2.2060844495051824e+17 2.1010690050321338e+17 1.944942611001929e+17
7950.001113770509 5.4327364936814566e+17 5.198046088800099e+17 4.95050183672454e+17 4.688451481103387e+17 4.410003266293471e+17 4.112896530152248e+17 3.794470721917846e+17 3.626227366640996e+17 3.4511657734135936e+17 3.268259179856055e+17 3.1540173242990016e+17 3.075586522860375e+17 2.9537512126540256e+17 2.869034508750482e+17 2.7348051355779434e+17 2.6386877999127747e+17 2.5878815590291994e+17 2.5347109039931187e+17 2.4785843697982467e+17 2.4186417592001306e+17 2.3535555222415235e+17 2.197103500569696e+17 2.0920926423362426e+17 1.9355040086136675e+17
7970.001116572449 5.5653096565296326e+17 5.3251108555658125e+17 5.071433871435375e+17 4.8025154852476506e+17 4.5162847710825984e+17 4.2103011363859456e+17 3.881712105899597e+17 3.7078437659839443e+17 3.5267739636983565e+17 3.337478381148137e+17 3.219221245714269e+17 3.138041098199893e+17 3.011975819826583e+17 2.924369136369619e+17 2.7857053945675658e+17 2.6865719140326867e+17 2.6342446598304266e+17 2.57955034725057e+17 2.521905062276782e+17 2.460462207546074e+17 2.3939178298486877e+17 2.2348862671830822e+17 2.1290260959168608e+17 1.9725079221431894e+17
7990.0011193743885 5.559162153169982e+17 5.319226491910293e+17 5.065793621265646e+17 4.7970960479205715e+17 4.511088981965285e+17 4.20534432952438e+17 3.877036913822849e+17 3.703350847964672e+17 3.5225015458694886e+17 3.333479072554363e+17 3.215422256253817e+17 3.1343935425329606e+17 3.008583871004647e+17 2.92117055014196e+17 2.7828315638705728e+17 2.6839382652408112e+17 2.6317375140509763e+17 2.5771727857481926e+17 2.5196591762098787e+17 2.4583480334722726e+17 2.3919318006840752e+17 2.233114558779306e+17 2.1273018562966387e+17 1.9707022208300902e+17
8010.001122176329 5.495860032448787e+17 5.260879531941959e+17 5.012727785148972e+17 4.749661944211126e+17 4.469634557843876e+17 4.170264189805182e+17 3.8486833355529984e+17 3.678455918888312e+17 3.501110407540357e+17 3.315597245633711e+17 3.199628965599873e+17 3.119978943588884e+17 2.996207549444999e+17 2.9101289289267635e+17 2.773750512551865e+17 2.6761364780294298e+17 2.6245684161131747e+17 2.5706334869176022e+17 2.5137483345006176e+17 2.453068518595325e+17 2.387293101207984e+17 2.2298566354568486e+17 2.1248890459511392e+17 1.9695288705774774e+17
8030.001124978268 5.506460248389326e+17 5.2715404833549926e+17 5.0234510647417043e+17 4.7604269230291674e+17 4.480419535261437e+17 4.18098622507041e+17 3.859209389723841e+17 3.688812094745346e+17 3.5112208944040525e+17 3.325371963525281e+17 3.2091544159167917e+17 3.129315807451517e+17 3.0052289255727846e+17 2.9189172809919565e+17 2.7821540263485117e+17 2.6842598379652134e+17 2.6325440818991795e+17 2.5784565298827325e+17 2.521414197152902e+17 2.4605722188013414e+17 2.3946307477762256e+17 2.2368572587982624e+17 2.131728631052616e+17 1.976231379796093e+17
8050.001127780209 5.452984697875401e+17 5.22119306560494e+17 4.976430611107184e+17 4.7169697754497434e+17 4.4407994231408384e+17 4.145541051202916e+17 3.8283283619830816e+17 3.6603740280359085e+17 3.4853324774913734e+17 3.302139036710337e+17 3.1875563302456525e+17 3.108820876778639e+17 2.986406341805143e+17 2.9012172946729504e+17 2.7661471929202294e+17 2.6693866666014022e+17 2.618239022907329e+17 2.5647199531059318e+17 2.5082467570064262e+17 2.447974552430088e+17 2.3826028690567757e+17 2.2259701921697194e+17 2.1214155865881754e+17 1.9665068985527843e+17
8070.001130582138 5.499538943742333e+17 5.264266056681474e+17 5.0157576589658976e+17 4.752303440704223e+17 4.471872109521226e+17 4.172085812044018e+17 3.850123626208306e+17 3.6797401108396774e+17 3.5022682977803066e+17 3.3166763187302317e+17 3.20069161267921e+17 3.1210451901373024e+17 2.997307622437316e+17 2.9112729945537414e+17 2.7749964734028637e+17 2.6774748705655696e+17 2.6259591711207293e+17 2.5720789633020723e+17 2.515248953538865e+17 2.4546195753447357e+17 2.388881233896254e+17 2.2313882644103267e+17 2.126189908420912e+17 1.9700771697703626e+17
8090.0011333840785 5.391790810718281e+17 5.162090976030048e+17 4.9197006199787245e+17 4.6629959800498374e+17 4.3900568872419514e+17 4.0985925497156826e+17 3.785931938598503e+17 3.6205901836566976e+17 3.4484288781773984e+17 3.2684094684548256e+17 3.1558893267150656e+17 3.07860286096048e+17 2.958483046296761e+17 2.8749145724488765e+17 2.7424308281282746e+17 2.647510893307735e+17 2.5973214545675126e+17 2.544785197850917e+17 2.4893172353079075e+17 2.4300666998562666e+17 2.3657204593783584e+17 2.211005544410731e+17 2.1071253720702166e+17 1.952133842673011e+17
8110.001136186018 5.440234309746313e+17 5.2073371171271405e+17 4.961426467772694e+17 4.7008540826848486e+17 4.4236673430522477e+17 4.127611824106413e+17 3.810041942792985e+17 3.642173763958447e+17 3.4674802144444986e+17 3.28496976217948e+17 3.171001764074328e+17 3.0927781623248915e+17 2.9713077932697824e+17 2.8868844329923e+17 2.753201408093714e+17 2.6575494549973674e+17 2.6070172402011757e+17 2.5541562654565062e+17 2.4983825000655344e+17 2.438846644145097e+17 2.3742357100496227e+17 2.2190323150177862e+17 2.114869995364797e+17 1.959349574669469e+17
8130.001138987959 5.480579174596712e+17 5.246736659899785e+17 4.9996697003312576e+17 4.737635955164942e+17 4.4586212012184154e+17 4.160300598986742e+17 3.839906771338302e+17 3.670388190450554e+17 3.4938701994210477e+17 3.309362620041465e+17 3.1941108088401216e+17 3.114997627735138e+17 2.9921407505632986e+17 2.906758540573195e+17 2.7715848973380426e+17 2.674905916234427e+17 2.6238523821635072e+17 2.570467361981711e+17 2.514170520233486e+17 2.4541195041373024e+17 2.3890130530191152e+17 2.2329912088991827e+17 2.1286613350551866e+17 1.9735205543103773e+17
8150.001141789899 5.4586424203320115e+17 5.2264949106158125e+17 4.9812405273019155e+17 4.721187258115073e+17 4.444346236359471e+17 4.148391447423777e+17 3.830581607935474e+17 3.6624372141718426e+17 3.4873350970645056e+17 3.304277772009279e+17 3.189903399039257e+17 3.1113747932692224e+17 2.9893906318199955e+17 2.9045847594679066e+17 2.770269308967087e+17 2.6741593124982384e+17 2.6233908822499418e+17 2.570292618415771e+17 2.51428546673076e+17 2.454529424118686e+17 2.389727500588589e+17 2.2343824847970698e+17 2.130481519664876e+17 1.9759863242671955e+17
8170.001144591839 5.452414006790777e+17 5.221479553045249e+17 4.9774993776666694e+17 4.718704515422433e+17 4.4431123559029165e+17 4.148352933931558e+17 3.8316467345537856e+17 3.6639838573444755e+17 3.489312125954309e+17 3.306610930466393e+17 3.192415194003349e+17 3.113990315641265e+17 2.9921395704070675e+17 2.907410457600519e+17 2.7731935174975674e+17 2.6771416459107258e+17 2.6264014133631347e+17 2.5733314930330445e+17 2.5173545872089392e+17 2.4576325839644614e+17 2.3928724085406058e+17 2.2376691219157306e+17 2.1339192517320093e+17 1.9797682598934064e+17
8190.001147393778 5.2464412410319334e+17 5.028286061923513e+17 4.798037437918574e+17 4.554151309295209e+17 4.2947480335707456e+17 4.0176255916142605e+17 3.7201201224375885e+17 3.5626557570419066e+17 3.3985502771756294e+17 3.2267348942813766e+17 3.119191266617799e+17 3.0452408653501555e+17 2.930147603931338e+17 2.849948094142226e+17 2.722558097027066e+17 2.6310803612988016e+17 2.5826348324429373e+17 2.531864779872525e+17 2.4781934242515226e+17 2.4207828183091315e+17 2.35834176605725e+17 2.207838037852847e+17 2.1065517392323965e+17 1.955220751376266e+17
8210.001150195709 5.3119845505496403e+17 5.090624814667858e+17 4.8569172860712205e+17 4.60924395487857e+17 4.345670098563605e+17 4.0639018090768365e+17 3.7611569963191795e+17 3.600799544475922e+17 3.4335933344337536e+17 3.2584496339483354e+17 3.148790345172718e+17 3.073375427796611e+17 2.95599852757211e+17 2.87421276865394e+17 2.744331832315162e+17 2.6511055640010858e+17 2.6017536451242778e+17 2.5500523997499875e+17 2.4954208691129475e+17 2.437015233495035e+17 2.373534183955039e+17 2.220722833413269e+17 2.1180372289813974e+17 1.964792592939951e+17
8230.001152997647 5.3144968822602566e+17 5.0938197335816314e+17 4.860703022959933e+17 4.613526594091419e+17 4.350348542232318e+17 4.068848891954109e+17 3.7662189174169146e+17 3.605872139288107e+17 3.4386449898474125e+17 3.2634685645309357e+17 3.1537951405669786e+17 3.078377205127225e+17 2.9610136891977786e+17 2.8792548484843946e+17 2.7494555411966387e+17 2.656324133236407e+17 2.6070387143277053e+17 2.55542162015404e+17 2.5008984567949962e+17 2.4426356462592192e+17 2.3793497847302336e+17 2.2272457665676794e+17 2.1252899024704496e+17 1.9735963520355638e+17
8250.00115579959 5.382986541890855e+17 5.159056518079749e+17 4.9223698968326016e+17 4.6712093173733536e+17 4.4035461601531066e+17 4.1169816838595526e+17 3.808609951305282e+17 3.645107549596004e+17 3.474536384337541e+17 3.2958261751875155e+17 3.183945520316059e+17 3.107022934628927e+17 2.987354281616558e+17 2.904027079979584e+17 2.7718286131328864e+17 2.6770661158417747e+17 2.6269550928577427e+17 2.5745059564188298e+17 2.5191443426455136e+17 2.4600377612711264e+17 2.3959035359325024e+17 2.2420925661667174e+17 2.139271364333962e+17 1.9866386177255712e+17
8270.001158601528 5.430801003942761e+17 5.204245569599662e+17 4.964692366015067e+17 4.710401995131118e+17 4.4393235326268755e+17 4.1490285379355725e+17 3.836613176650448e+17 3.670980817413876e+17 3.4982207474317766e+17 3.317283013017551e+17 3.2040582948058624e+17 3.1262394407605645e+17 3.0052358102233504e+17 2.921027493775934e+17 2.7875288738597114e+17 2.691923592473315e+17 2.6414023965189363e+17 2.5885542690956778e+17 2.5328092087390874e+17 2.473341119831296e+17 2.4088780397839786e+17 2.2545965614657014e+17 2.1517427923707136e+17 1.9994580158449718e+17
8290.001161403468 5.4039161151216864e+17 5.1790430186485504e+17 4.941286181902663e+17 4.688936200064278e+17 4.4199462464035674e+17 4.131903911916511e+17 3.821902675615242e+17 3.657540168576343e+17 3.486086016577611e+17 3.3064898828660525e+17 3.194086350158722e+17 3.11682275606121e+17 2.9966624962176557e+17 2.913025237577088e+17 2.7803998474496522e+17 2.6853884953775338e+17 2.635168176654072e+17 2.5826233284705398e+17 2.52718328219354e+17 2.468020970293266e+17 2.4038624591158973e+17 2.250165057239209e+17 2.1475591430690762e+17 1.995403145915156e+17
8310.001164205409 5.296560966533365e+17 5.0763419485405574e+17 4.843779179531194e+17 4.5972955115730886e+17 4.3349875147751405e+17 4.0546316886882e+17 3.753560813793189e+17 3.5941890709122605e+17 3.428099920097734e+17 3.254240675309909e+17 3.1454501775641414e+17 3.070662644439117e+17 2.9543144468405037e+17 2.8732825070336925e+17 2.7446627283022176e+17 2.6523891456428294e+17 2.6035565903205427e+17 2.552409429281017e+17 2.498372187611369e+17 2.4406086443705898e+17 2.3778270539639392e+17 2.226642804852513e+17 2.1249257812271923e+17 1.9727975831046285e+17
8330.001167007338 5.251954224780964e+17 5.03501799228274e+17 4.8058111283146816e+17 4.562731231256281e+17 4.303875641408515e+17 4.026996280769606e+17 3.7293881555569376e+17 3.5717425014682624e+17 3.40737619202464e+17 3.23524446786668e+17 3.127500884669783e+17 3.053419242583017e+17 2.9381483122019334e+17 2.8578513704802794e+17 2.730370734832067e+17 2.638891128585847e+17 2.590470863225761e+17 2.539749890565302e+17 2.4861577719434358e+17 2.4288658800613037e+17 2.366595872917209e+17 2.2166724831852266e+17 2.1158567879096214e+17 1.965125302949279e+17
8350.001169809279 5.299561821877145e+17 5.080382376479156e+17 4.8488022701560576e+17 4.6032116978493325e+17 4.341690510869365e+17 4.061958977748447e+17 3.761273532598257e+17 3.601987518301391e+17 3.435902790714397e+17 3.261965067650592e+17 3.1530918189473114e+17 3.0782367843802656e+17 2.9617720383153875e+17 2.880656059569076e+17 2.751907242885807e+17 2.6595520932678656e+17 2.610683385497412e+17 2.5595055242768138e+17 2.5054465759013658e+17 2.4476756053270003e+17 2.38491049476943e+17 2.2339166660189357e+17 2.1324889391047165e+17 1.9810540150789606e+17
8370.001172611219 5.330046403659934e+17 5.109700496835934e+17 4.87680080962688e+17 4.6296855259433715e+17 4.366354221205717e+17 4.084449810652946e+17 3.78113515275136e+17 3.620335155989391e+17 3.452599564346718e+17 3.276873705119191e+17 3.166865992521128e+17 3.09123040121137e+17 2.973559095773941e+17 2.891613849660447e+17 2.7615811176672874e+17 2.6683392117578947e+17 2.6190172121732147e+17 2.5673799895103946e+17 2.5128570411150138e+17 2.454620753903556e+17 2.391395650768015e+17 2.2395706717876902e+17 2.1378829776557373e+17 1.9866006271751805e+17
8390.001175413157 5.17653559232263e+17 4.9626735151382874e+17 4.737049911668915e+17 4.498128482047444e+17 4.2441023759704966e+17 3.972796601901212e+17 3.6815659510208595e+17 3.5274011363592256e+17 3.366697842016923e+17 3.19838120517738e+17 3.092980917033213e+17 3.0204761909598816e+17 2.907578740316716e+17 2.8288595407289898e+17 2.703713448011838e+17 2.6137430111268378e+17 2.566052835720337e+17 2.5160379548322448e+17 2.463119348917803e+17 2.4064564273573917e+17 2.3447524625836355e+17 2.195633087085044e+17 2.09489614711853e+17 1.9436782703756394e+17
8410.001178215098 5.328003508070176e+17 5.108918046230908e+17 4.8773089055567424e+17 4.63146671942721e+17 4.3693942289399917e+17 4.08870809404302e+17 3.786504841977167e+17 3.6261931429375776e+17 3.4588788476171994e+17 3.283489064435076e+17 3.1736360763923014e+17 3.098080269416405e+17 2.9804924520607386e+17 2.898577921717524e+17 2.768553293167809e+17 2.6752936633001984e+17 2.625957591069295e+17 2.5743047871720954e+17 2.5197672064648234e+17 2.4615212878775888e+17 2.3982991730485146e+17 2.2465869813039453e+17 2.145102391732635e+17 1.9943505572488176e+17
8430.001181017038 5.2118800281640755e+17 4.999060386903234e+17 4.7742135549031123e+17 4.535712325959924e+17 4.2816292297450445e+17 4.009626917055977e+17 3.7168687718309555e+17 3.5615650386978925e+17 3.3994372641802336e+17 3.229393209988809e+17 3.122808148150493e+17 3.049452004587643e+17 2.935187640336966e+17 2.8554999565265718e+17 2.7288216867552506e+17 2.6377858539850413e+17 2.5895540849383635e+17 2.5389956152732835e+17 2.485536679530085e+17 2.428344835630161e+17 2.3661375935881846e+17 2.2162210078347056e+17 2.1153789693082106e+17 1.9647805061893955e+17
8450.001183818968 5.2870751384394515e+17 5.072165828108579e+17 4.844795348371399e+17 4.603282778509904e+17 4.345614900080631e+17 4.069405633755463e+17 3.771744628459869e+17 3.6137157160311885e+17 3.448685924711271e+17 3.2755730178756275e+17 3.1670780293239104e+17 3.0924245866084915e+17 2.9761907947098246e+17 2.895184329538057e+17 2.7665456667294048e+17 2.674243242343972e+17 2.625402691983487e+17 2.5742608985549347e+17 2.5202545085885645e+17 2.46256644009738e+17 2.3999378095618038e+17 2.2495869119380608e+17 2.1489437169670214e+17 1.9992920394475904e+17
8470.00118662091 5.240162176666192e+17 5.0275428311734854e+17 4.8027208673335917e+17 4.564031644770777e+17 4.309531606753073e+17 4.036881943330337e+17 3.743220513206982e+17 3.587369668276884e+17 3.424630652333273e+17 3.253911853665453e+17 3.146894091181265e+17 3.073240801223784e+17 2.958521759528561e+17 2.8785328568799395e+17 2.7514290894025165e+17 2.660156701631675e+17 2.6118344434978566e+17 2.5612145275848422e+17 2.50773556322335e+17 2.450584083129974e+17 2.3885073512293264e+17 2.239370312085249e+17 2.1394836197988717e+17 1.9909333821941997e+17
8490.001189422848 5.201389818958197e+17 4.9930680665674464e+17 4.772856350502682e+17 4.5391299591402195e+17 4.289950749864117e+17 4.0229725636453805e+17 3.735272726174683e+17 3.582459338892523e+17 3.4227463697383635e+17 3.254982020875184e+17 3.1496714301662246e+17 3.077116843584532e+17 2.963974593409713e+17 2.884982320953999e+17 2.7592851112707514e+17 2.668891145847966e+17 2.6209906362221254e+17 2.5707812229834147e+17 2.5177014294713942e+17 2.4609371583711965e+17 2.3992340497591443e+17 2.2507768970617923e+17 2.151146007671324e+17 2.0026183585677965e+17
8510.001192224789 4.952204934776617e+17 4.757666921105227e+17 4.552181472604832e+17 4.334252546273117e+17 4.102057354657861e+17 3.853361819325127e+17 3.585322181453033e+17 3.442848311933624e+17 3.293778522452572e+17 3.136908903217141e+17 3.0382221863758765e+17 2.970106446806602e+17 2.863637588086929e+17 2.789092227239901e+17 2.6700353321593818e+17 2.5840208748292406e+17 2.5382830979861155e+17 2.4902076419432963e+17 2.439219851183911e+17 2.3844851376038986e+17 2.324716962444493e+17 2.1796088119754422e+17 2.0812079867202755e+17 1.9338240476582445e+17
8530.001195026729 5.132281279805427e+17 4.927891062526124e+17 4.712052564662031e+17 4.483233545898227e+17 4.239597249534093e+17 3.978920292393447e+17 3.698401877499253e+17 3.5495265191278765e+17 3.393964374710822e+17 3.2305204294294054e+17 3.1278521364342976e+17 3.057067026135383e+17 2.94657555864537e+17 2.869340796976859e+17 2.7462624055807542e+17 2.657609268101246e+17 2.6105816576058346e+17 2.5612493741856502e+17 2.5090534359836637e+17 2.453182668950936e+17 2.392386433325871e+17 2.2458076754479418e+17 2.1471751136855405e+17 1.999743616967722e+17
8550.00119782867 4.377353254226947e+17 4.220620385270478e+17 4.055608841557342e+17 3.881131224671519e+17 3.69569905532578e+17 3.497357579605692e+17 3.283342054349092e+17 3.1691565532852506e+17 3.0490755506818944e+17 2.9217028824943674e+17 2.8408589307280102e+17 2.7846662184882653e+17 2.6960950019525226e+17 2.6334821263357043e+17 2.5323379354529754e+17 2.4583024525417808e+17 2.4185778304795456e+17 2.376539702676955e+17 2.331622359668881e+17 2.283003024350808e+17 2.2294098400025072e+17 2.096836823448135e+17 2.004526148860831e+17 1.861530738636405e+17
8570.001200630599 5.2711743027454957e+17 5.059180242668309e+17 4.8348074193221664e+17 4.596378543600889e+17 4.3418843051664064e+17 4.0689231089932614e+17 3.774565554163954e+17 3.6181957680733395e+17 3.4548083216552256e+17 3.283302700031403e+17 3.175741443093582e+17 3.1016948025680064e+17 2.9863392663886285e+17 2.905895645143946e+17 2.7780730146379677e+17 2.6863099206999994e+17 2.637746031120493e+17 2.5868927493203203e+17 2.5331959778089462e+17 2.475852859139513e+17 2.413627951287181e+17 2.264464017630951e+17 2.1648646887742186e+17 2.0171665353428294e+17
8590.00120343254 5.189979994649298e+17 4.983475046578958e+17 4.7649157020016544e+17 4.5326491360827315e+17 4.2846898740095686e+17 4.0186543326189766e+17 3.7316029122689146e+17 3.5790146694014214e+17 3.419479638698075e+17 3.251878362716824e+17 3.1466789928231994e+17 3.074213226070893e+17 2.961237908337194e+17 2.882388239764316e+17 2.7569705930328262e+17 2.6668215153623152e+17 2.6190677045478198e+17 2.5690261519111782e+17 2.5161418653196413e+17 2.4596109831139053e+17 2.3981963058052934e+17 2.2506395392403978e+17 2.1518430594955405e+17 2.005022564641652e+17
8610.001206234478 5.185326677699631e+17 4.9796669282782445e+17 4.761929834497056e+17 4.5304520985468774e+17 4.283219345716851e+17 4.017820985976236e+17 3.7312644227029805e+17 3.578855143967468e+17 3.4194459656845344e+17 3.251917151807756e+17 3.1467379014049363e+17 3.074277544591889e+17 2.961302498245876e+17 2.882449069225784e+17 2.7570241524765354e+17 2.666871798659686e+17 2.6191175859132067e+17 2.5690771509288205e+17 2.516196569375134e+17 2.45967368542082e+17 2.398274702080477e+17 2.2508084016376925e+17 2.1521411326195264e+17 2.0056524155893306e+17
8630.001209036418 5.228189125224403e+17 5.0197050582283526e+17 4.798991361980708e+17 4.564373515214888e+17 4.313825549882366e+17 4.044907268108376e+17 3.754633831712467e+17 3.60030066957731e+17 3.438934632090712e+17 3.2694336236784877e+17 3.163071267264941e+17 3.089824694480617e+17 2.9756755103859334e+17 2.896043646979267e+17 2.769456039347112e+17 2.6785316521630454e+17 2.630392869679993e+17 2.5799696536975062e+17 2.5267093794698115e+17 2.469812244774081e+17 2.4080484550974166e+17 2.259914665186589e+17 2.1609845032848048e+17 2.014360703464056e+17
8650.001211838358 5.1716681272067226e+17 4.967779111020327e+17 4.752014199344195e+17 4.522759349959784e+17 4.278061883076999e+17 4.015571636060885e+17 3.732348141596782e+17 3.5817529606460045e+17 3.4242267966185286e+17 3.258597268028994e+17 3.154530769567192e+17 3.082786686515968e+17 2.9708293661806534e+17 2.892607776648712e+17 2.7680526419504966e+17 2.6784340530331978e+17 2.6309376504322275e+17 2.5811531112080512e+17 2.528531044048385e+17 2.472275888513605e+17 2.41116371592884e+17 2.2644005229718464e+17 2.1662245881205773e+17 2.0204366484108093e+17
8670.001214640299 4.437967479234221e+17 4.278076191502395e+17 4.109409278193167e+17 3.930720099247054e+17 3.740466178962767e+17 3.5366640368904794e+17 3.316566667719158e+17 3.199139210670885e+17 3.0757158236047674e+17 2.9449394015254854e+17 2.8620425356372883e+17 2.8044840567917757e+17 2.713876255094758e+17 2.6499190192628637e+17 2.5467914834078186e+17 2.4714707593349114e+17 2.431122503070592e+17 2.3884806617185696e+17 2.342989236129326e+17 2.2938422707174093e+17 2.2397983784351213e+17 2.1068589364786643e+17 2.015046805550103e+17 1.8738854026257213e+17
8690.001217442239 5.025640585360518e+17 4.8276235973895206e+17 4.618337921158148e+17 4.396277008288179e+17 4.159651149374189e+17 3.906280188341566e+17 3.6334390574309805e+17 3.488586299467381e+17 3.337217592924912e+17 3.1782083858747616e+17 3.078362805043181e+17 3.00954766527846e+17 2.902173732120706e+17 2.8271474848572416e+17 2.707618685004788e+17 2.621518369145624e+17 2.575832585147705e+17 2.5278916439862442e+17 2.4771430358654634e+17 2.422784715534797e+17 2.3635799109691622e+17 2.2205252746700736e+17 2.1239372624865344e+17 1.9789386165672397e+17
8710.001220244169 5.1508193777516595e+17 4.947280744766032e+17 4.7319545432254406e+17 4.503214632141272e+17 4.2591181843493536e+17 3.997309217273092e+17 3.714851637583568e+17 3.564694263990911e+17 3.4076740430224634e+17 3.242670882070868e+17 3.139072162330541e+17 3.067694222404127e+17 2.956389220892901e+17 2.8786852903734768e+17 2.7550531637271904e+17 2.6661578678053968e+17 2.619057943061472e+17 2.569694178819678e+17 2.5175183943482877e+17 2.4617371072888576e+17 2.4011299995053677e+17 2.2555071544377728e+17 2.1580270478271392e+17 2.013233413703078e+17
8730.001223046109 5.1420936469984576e+17 4.940793111710032e+17 4.727606899230738e+17 4.5008947794315635e+17 4.2586850822744384e+17 3.998577765167588e+17 3.7175887219504774e+17 3.56805489901236e+17 3.411570205878291e+17 3.247003439240058e+17 3.1436145952062906e+17 3.0723530028892243e+17 2.961187353681723e+17 2.883551829271497e+17 2.759987078480354e+17 2.6711149638139357e+17 2.624021192993036e+17 2.574661241389853e+17 2.5224885601933818e+17 2.466712235697063e+17 2.406116747617742e+17 2.2605818823953674e+17 2.1632378637148822e+17 2.0187793048009203e+17
8750.00122584805 5.093233467132825e+17 4.898718637452125e+17 4.6920695302746963e+17 4.4715412357657914e+17 4.235022795912997e+17 3.979974488023721e+17 3.703249415045245e+17 3.5555006828531386e+17 3.4005462995654483e+17 3.237242873726966e+17 3.1344827087377606e+17 3.0635880465241395e+17 2.952897549035692e+17 2.8755325625531776e+17 2.752312266870118e+17 2.6636349998179302e+17 2.6166300250522022e+17 2.5673540113524438e+17 2.5152610024942925e+17 2.4595614401294237e+17 2.399041296072904e+17 2.2536690488268637e+17 2.156439495364869e+17 2.0122072240502717e+17
8770.001228649988 5.163883800249719e+17 4.96209386288754e+17 4.7481388823265005e+17 4.5203442316353306e+17 4.276682979560124e+17 4.0147168039566784e+17 3.731442008120316e+17 3.580611598463488e+17 3.422744726046327e+17 3.256735802423126e+17 3.152468756493302e+17 3.0806236930629325e+17 2.968593870479415e+17 2.890395612509791e+17 2.7660157786156614e+17 2.6766251786760224e+17 2.6292816791947014e+17 2.579680068809578e+17 2.527275675875973e+17 2.4712813675781978e+17 2.4104876206548352e+17 2.264671307688169e+17 2.167319731706936e+17 2.023129766165193e+17
8790.001231451928 5.133990683655388e+17 4.933031270118718e+17 4.720278534276403e+17 4.49408528129988e+17 4.252483506349308e+17 3.9930593445167494e+17 3.712817569227713e+17 3.563680562078769e+17 3.4076109098864544e+17 3.2434838327719443e+17 3.140376133267519e+17 3.069310998728215e+17 2.958458684917779e+17 2.8810471960980435e+17 2.757849058999304e+17 2.6692498102763152e+17 2.6223047181438912e+17 2.573104802948022e+17 2.5211073146369558e+17 2.46552751879901e+17 2.4051600834825718e+17 2.2602647551045846e+17 2.1634492699003066e+17 2.0199571214207648e+17
8810.00123425386 4.965446711654627e+17 4.7730796919476954e+17 4.569813120937937e+17 4.354155134659578e+17 4.124296947303287e+17 3.87801845566774e+17 3.612512507847269e+17 3.471378331405165e+17 3.323734586367046e+17 3.168437965982169e+17 3.070805841166362e+17 3.0034603397594266e+17 2.898284171796776e+17 2.8247212224702547e+17 2.707396791637291e+17 2.6227870953437008e+17 2.577860644352405e+17 2.530695107976261e+17 2.4807469972682237e+17 2.4272290285219117e+17 2.3689306500856195e+17 2.2281455573985853e+17 2.1333076110511258e+17 1.9915823023944275e+17
8830.001237055798 5.083935607817686e+17 4.885265814979939e+17 4.6748895210594784e+17 4.4512036386931814e+17 4.212288662124179e+17 3.955784600239528e+17 3.678788261379208e+17 3.531429787231038e+17 3.377266816651323e+17 3.215196936005546e+17 3.113405678119954e+17 3.043258296405534e+17 2.9338488234224966e+17 2.8574503139017702e+17 2.7358637065154458e+17 2.6484139521376445e+17 2.6020712520690387e+17 2.553494776062219e+17 2.5021448085958822e+17 2.4472400381425946e+17 2.38757967054023e+17 2.244218958206021e+17 2.1482385149845043e+17 2.005523328769233e+17
8850.001239857738 5.116934566674467e+17 4.9202377439731974e+17 4.711285405962417e+17 4.488380369710873e+17 4.24948678330078e+17 3.9921252700156806e+17 3.713259379183955e+17 3.5645415767201466e+17 3.4087143649583155e+17 3.244666963314787e+17 3.1415360102076954e+17 3.070431290165914e+17 2.959487772007242e+17 2.8819993782961334e+17 2.7586706221054912e+17 2.6699820461490064e+17 2.6229948165950067e+17 2.5737569018587597e+17 2.5217288924106397e+17 2.4661315864465984e+17 2.4057690293758752e+17 2.2610414848672192e+17 2.1645156348108336e+17 2.0217696009000403e+17
8870.001242659679 5.006503266854041e+17 4.8196741784631194e+17 4.6208149286698765e+17 4.408207979142313e+17 4.1797588551057504e+17 3.9329465995863584e+17 3.664627943052055e+17 3.521139957284585e+17 3.370478137953716e+17 3.211499394371171e+17 3.1113519856240314e+17 3.0422090918241926e+17 2.9341674506509203e+17 2.8585896632653005e+17 2.7381003611003312e+17 2.651295449600143e+17 2.6052494520018166e+17 2.5569526088491677e+17 2.5058651060775443e+17 2.451206062086453e+17 2.3917760126008557e+17 2.248861907417591e+17 2.1531769074594352e+17 2.0111590674722848e+17
8890.001245461619 5.1403008348817043e+17 4.941099775345828e+17 4.729869465073637e+17 4.5049410442001395e+17 4.2642820257805926e+17 4.005435071254009e+17 3.725335223647705e+17 3.576083461172019e+17 3.419768613811294e+17 3.255269764159524e+17 3.151881926231567e+17 3.0806103728020544e+17 2.969424670859967e+17 2.891781030079314e+17 2.768234823245604e+17 2.6794193681377354e+17 2.6323782254042534e+17 2.5830954879437046e+17 2.5310352659068656e+17 2.47542295451754e+17 2.415069694331614e+17 2.2704825922789293e+17 2.1741364527951498e+17 2.031726148879208e+17
8910.00124826356 5.1517801252564794e+17 4.952669076658725e+17 4.7415370204791206e+17 4.516668690806283e+17 4.275981942218109e+17 4.016923365847407e+17 3.736323881567841e+17 3.5866798773210464e+17 3.4298591905264614e+17 3.2647316437220864e+17 3.160907567531962e+17 3.0893222595615494e+17 2.977632519116916e+17 2.899632931670684e+17 2.7755258444951914e+17 2.686322370357026e+17 2.6390845335357088e+17 2.589605094827973e+17 2.5373501418604714e+17 2.4815490150803242e+17 2.42101945271855e+17 2.276182728233029e+17 2.1798559072027834e+17 2.037801361645062e+17
8930.001251065489 5.0582768923033485e+17 4.86353724092665e+17 4.6573116358992045e+17 4.437980562894039e+17 4.2035699033240723e+17 3.9516626987564736e+17 3.679223310333706e+17 3.5340694326862906e+17 3.382017875920836e+17 3.221925151357869e+17 3.121242508002106e+17 3.051797784369083e+17 2.943386153019725e+17 2.867616258523469e+17 2.7469255153174182e+17 2.660052269386225e+17 2.6139961886903917e+17 2.5657092704694582e+17 2.514656101577464e+17 2.4600624840789194e+17 2.4007390105511203e+17 2.258232471039675e+17 2.162917901669894e+17 2.021494992653236e+17
8950.00125386743 5.049485732787337e+17 4.854526549666436e+17 4.648113906155639e+17 4.428633444894165e+17 4.19410875765163e+17 3.942130548616021e+17 3.669677849187365e+17 3.5245465276201894e+17 3.372547004376852e+17 3.2125545513602125e+17 3.1119624779218726e+17 3.042594451169427e+17 2.934324693619907e+17 2.8586684080308102e+17 2.7381726088519152e+17 2.6514387780673613e+17 2.605452166189448e+17 2.5572321029612592e+17 2.5062409573816326e+17 2.451701296189987e+17 2.3924195102709917e+17 2.2499372045021414e+17 2.1545947643918003e+17 2.0131375900259437e+17
8970.00125666937 5.067934618178102e+17 4.872319728670891e+17 4.665156550001699e+17 4.444810241164925e+17 4.2093052257053715e+17 3.956212686315086e+17 3.682502553121962e+17 3.536690303905287e+17 3.383979807815874e+17 3.2232474624341466e+17 3.122201432052871e+17 3.052527857241446e+17 2.943798615909462e+17 2.8678382670336432e+17 2.7468981685601757e+17 2.6598854983098787e+17 2.6137689234172243e+17 2.5654282558107923e+17 2.51432948533148e+17 2.4597004163085664e+17 2.40035543294882e+17 2.257886487940596e+17 2.1626872522836016e+17 2.0215974083764176e+17
8990.001259471308 5.09086385684846e+17 4.894715087321552e+17 4.686738327536735e+17 4.4652989610288986e+17 4.228399100431369e+17 3.973615563708501e+17 3.6979240860786714e+17 3.551024569855377e+17 3.397169797791331e+17 3.2352518349592634e+17 3.13347904361008e+17 3.0633163526862234e+17 2.9538490274429056e+17 2.8773959176597475e+17 2.7557216180653347e+17 2.668229323027568e+17 2.6218790450060262e+17 2.5733114014240275e+17 2.5219952328323754e+17 2.467162915471668e+17 2.407635883257773e+17 2.2649219249035942e+17 2.1697241748168362e+17 2.0288515639669626e+17
9010.001262273248 4.849737253476355e+17 4.6724593681269434e+17 4.483719408612978e+17 4.281903153769355e+17 4.065030929626103e+17 3.830708988206888e+17 3.5759098500124134e+17 3.4395876715832275e+17 3.2963577310819405e+17 3.145061933328139e+17 3.049635673260433e+17 2.983684995704288e+17 2.8805006098918378e+17 2.8082110825196474e+17 2.6927461348028045e+17 2.6093697819957427e+17 2.5650684127801344e+17 2.5185404887636154e+17 2.4692501101952906e+17 2.4164214321824586e+17 2.3588619085532298e+17 2.219859018507157e+17 2.126273639334922e+17 1.9865938084732774e+17
9030.001265075189 5.0245228062971174e+17 4.835040532572061e+17 4.633519833336513e+17 4.41829953569704e+17 4.187390621193567e+17 3.938379467478409e+17 3.668268605256177e+17 3.524095046835319e+17 3.372931222448635e+17 3.2136723904233306e+17 3.11348602995313e+17 3.044379559033761e+17 2.9365007445023974e+17 2.8611128898731562e+17 2.7410537260486544e+17 2.6546534866385702e+17 2.6088541029332333e+17 2.560840254966542e+17 2.510079848528391e+17 2.4558038390031318e+17 2.3968308577562064e+17 2.2551967695063565e+17 2.1605038002285485e+17 2.0200890821663763e+17
9050.001267877129 5.1013414945489946e+17 4.9062628527922406e+17 4.6992642593874995e+17 4.4786553580786515e+17 4.2423451375787245e+17 3.987803300544781e+17 3.711865689347526e+17 3.5646075630663795e+17 3.410215554059796e+17 3.247569316856812e+17 3.145268789915316e+17 3.0747171155570586e+17 2.9646156976778605e+17 2.88770749715944e+17 2.7653073789450288e+17 2.6773073039676317e+17 2.630698885785778e+17 2.581873149811589e+17 2.5303029706013594e+17 2.475227816918791e+17 2.4154816518171606e+17 2.2725193959302982e+17 2.177454613793665e+17 2.037287099129469e+17
9070.001270679059 5.038463009491361e+17 4.848653567715022e+17 4.647207089009574e+17 4.4324409581363456e+17 4.202278246971403e+17 3.9541647623391494e+17 3.684882462938652e+17 3.5409972000021754e+17 3.3899686115959776e+17 3.230634093627475e+17 3.1302734748973843e+17 3.060988583881921e+17 2.9527390655368166e+17 2.8770306489240557e+17 2.7563756339105885e+17 2.6695053912843786e+17 2.6234531848672314e+17 2.5751789196551866e+17 2.5241566060902925e+17 2.4696273114334314e+17 2.4104274685741517e+17 2.2685815343046656e+17 2.1741200453830166e+17 2.03469189878796e+17
9090.001273480999 4.898173023372648e+17 4.715484574548987e+17 4.521726335395101e+17 4.3153118434082304e+17 4.094272610942702e+17 3.856185980687146e+17 3.597970721425272e+17 3.4600486397822317e+17 3.315281332637316e+17 3.1625063752394304e+17 3.066221126465242e+17 2.999709777964285e+17 2.8957037667166464e+17 2.822879329028988e+17 2.7066329149846205e+17 2.6227539841946944e+17 2.5782102311743133e+17 2.5314494115571197e+17 2.4819405096762192e+17 2.4289161269367955e+17 2.3711978200966096e+17 2.2321150104535226e+17 2.138771373640123e+17 1.9999007881204227e+17
9110.001276282937 4.9393216050851686e+17 4.752152231463575e+17 4.55392860334494e+17 4.343071839917078e+17 4.117674924225324e+17 3.8753866727210765e+17 3.6132372100514157e+17 3.473498226216657e+17 3.32704948277892e+17 3.172761005437685e+17 3.075665744541531e+17 3.008661271327363e+17 2.9039958928339584e+17 2.8307926237555123e+17 2.7140865265176595e+17 2.6299888191624906e+17 2.5853674856750736e+17 2.538553606003177e+17 2.4890192835683434e+17 2.4360004113320134e+17 2.3783221515441504e+17 2.239427950671241e+17 2.1462111587740867e+17 2.007396441728494e+17
9130.001279084878 5.0215406721996256e+17 4.83089888156063e+17 4.628746663021237e+17 4.413397143917967e+17 4.1828174850780704e+17 3.9344878821526637e+17 3.665273208783714e+17 3.5215735056152083e+17 3.370873474952853e+17 3.212054040420741e+17 3.112117641071465e+17 3.043172596245806e+17 2.935532064224323e+17 2.860303045869651e+17 2.740490793204019e+17 2.6542726967340374e+17 2.608575467595893e+17 2.560676094620104e+17 2.5100489402140448e+17 2.455934895124625e+17 2.3971695979401306e+17 2.2562368103366893e+17 2.1622300470630486e+17 2.0231857697168845e+17
9150.001281886818 4.942435707423528e+17 4.75133738958488e+17 4.549025473403616e+17 4.333970449531797e+17 4.104328218593173e+17 3.857889450856933e+17 3.591929745575975e+17 3.450541704532093e+17 3.30271754077799e+17 3.147433586299422e+17 3.0499773188057075e+17 2.9828515435993446e+17 2.8782090219140726e+17 2.8051744862430467e+17 2.688979516566991e+17 2.6054066678385018e+17 2.561103100339417e+17 2.5146410302050048e+17 2.465486658081461e+17 2.412864066754531e+17 2.3555752066365757e+17 2.2171973420387626e+17 2.1237548757586406e+17 1.983484551273998e+17
9170.001284688758 4.90154198173079e+17 4.71119792185911e+17 4.5097759616847245e+17 4.2957934987440704e+17 4.067488068727878e+17 3.822746728513032e+17 3.558997698003874e+17 3.418968511398285e+17 3.272712864345124e+17 3.1192417881359917e+17 3.023006791801841e+17 2.9567563945593926e+17 2.8535275350645344e+17 2.7815080063620723e+17 2.666954792511414e+17 2.5845610882541494e+17 2.5408723174747286e+17 2.4950405316432285e+17 2.4465288299077475e+17 2.3945554991459453e+17 2.3379114038344214e+17 2.2006985802884368e+17 2.10762383129661e+17 1.967216805511092e+17
9190.001287490688 4.9216547713247245e+17 4.730846844743831e+17 4.5287709680391046e+17 4.313926286062267e+17 4.084532983844538e+17 3.838461404746453e+17 3.5731432794598355e+17 3.432246473840352e+17 3.285077834749254e+17 3.1306585566978214e+17 3.033844048699859e+17 2.9672042007530694e+17 2.863388610076762e+17 2.7909764633074435e+17 2.675832405459831e+17 2.5930441205195574e+17 2.5491591640841888e+17 2.503133218720287e+17 2.4544320710280557e+17 2.402278658927855e+17 2.3454726156531725e+17 2.2080831120575773e+17 2.1151326139484995e+17 1.97536786162975e+17
9210.001290292628 4.806789306893208e+17 4.623195600565691e+17 4.428703976498124e+17 4.221903698645594e+17 4.001127345478331e+17 3.7643700774893165e+17 3.5091654921029395e+17 3.373641502761053e+17 3.2320471568117696e+17 3.0833832086537274e+17 2.990095502729065e+17 2.925833430422844e+17 2.8256199080549507e+17 2.7556324617863958e+17 2.6441622049326502e+17 2.563850142744685e+17 2.5212112682511757e+17 2.4764359698364534e+17 2.4289881909612307e+17 2.3780875207029795e+17 2.3225274361859523e+17 2.1875529759963514e+17 2.09570363422488e+17 1.9568414871600016e+17
9230.001293094569 4.771407257236683e+17 4.6012704112308774e+17 4.4190214150311264e+17 4.222975098242105e+17 4.0111632460993517e+17 3.7812655476247706e+17 3.530492007255862e+17 3.3961812224936134e+17 3.2550929118746016e+17 3.106219194739159e+17 3.012465128711799e+17 2.947754329885693e+17 2.8466701152928496e+17 2.7759765401865306e+17 2.663273701198781e+17 2.5820357395292342e+17 2.53890728700386e+17 2.4936281899347274e+17 2.4456670482024966e+17 2.3942509684420845e+17 2.3381870366460266e+17 2.2023691045372938e+17 2.1103610491491907e+17 1.971968700810129e+17
9250.001295896509 4.767947988651983e+17 4.5896165363691974e+17 4.4004422976655674e+17 4.198982685742955e+17 3.9835243808421523e+17 3.751985768331294e+17 3.50177221399022e+17 3.3685945937042714e+17 3.229199881843471e+17 3.0825423438217734e+17 2.990344173383217e+17 2.926753015916228e+17 2.8274547199336077e+17 2.7580107500710666e+17 2.647249639275195e+17 2.5673389596320563e+17 2.524881488491533e+17 2.480277542017513e+17 2.4329956999083504e+17 2.3822636499107402e+17 2.326890155791573e+17 2.1924924701116643e+17 2.1012425816573018e+17 1.9637079033596022e+17
9270.001298698447 4.845527924718937e+17 4.661698420922409e+17 4.466894995457272e+17 4.2596234944687514e+17 4.0380936002510144e+17 3.800141041357525e+17 3.5431015852759936e+17 3.4063454174683226e+17 3.2632688959792045e+17 3.1128478399905043e+17 3.018364319832055e+17 2.9532440108304326e+17 2.8516492883238938e+17 2.7806771390299536e+17 2.667634381462489e+17 2.586216210028909e+17 2.5430121456359418e+17 2.4976690421658915e+17 2.4496591262702512e+17 2.398215868914978e+17 2.3421576173328227e+17 2.206552725834525e+17 2.114883719806689e+17 1.9772835485201392e+17
9290.001301500388 4.833631044870354e+17 4.6483341526368736e+17 4.4522539684356045e+17 4.243947463521489e+17 4.021684100651706e+17 3.783380916090384e+17 3.526482018121022e+17 3.390025763748075e+17 3.247431453102254e+17 3.097697248602121e+17 3.003736087402402e+17 2.9390134636412614e+17 2.838094376219794e+17 2.767628448166234e+17 2.6554341545654762e+17 2.5746430967742115e+17 2.531770949670743e+17 2.486771318476538e+17 2.4391149522539562e+17 2.3880328251753923e+17 2.3323381630739754e+17 2.1974178573139907e+17 2.106001787673658e+17 1.9684396933625856e+17
9310.001304302328 4.882621857571382e+17 4.6967439399427904e+17 4.499830489408407e+17 4.290369152176939e+17 4.066535375021914e+17 3.826124519910559e+17 3.56641683637258e+17 3.4282322488134656e+17 3.28365688788943e+17 3.131663568688777e+17 3.0362019273947885e+17 2.9704156500417114e+17 2.8678015387985302e+17 2.796137532684413e+17 2.6820425746584173e+17 2.5999196449606355e+17 2.5563662313841754e+17 2.5106797151854106e+17 2.4623374011777837e+17 2.410581702761856e+17 2.3542462049784595e+17 2.2183339730427974e+17 2.126826444824291e+17 1.9900750219119264e+17
9330.001307104258 4.865849625988684e+17 4.681574137999569e+17 4.486348068866517e+17 4.278658322671856e+17 4.0566695349119245e+17 3.818165565550032e+17 3.560387603191049e+17 3.423160057460631e+17 3.279525241269242e+17 3.1284440837029274e+17 3.033512091562353e+17 2.9680709710784525e+17 2.8659621994557952e+17 2.79462749767092e+17 2.6810192765087654e+17 2.599221320355017e+17 2.5558330288552755e+17 2.5103155064058656e+17 2.4621485641774634e+17 2.4105784361826928e+17 2.3544450680546176e+17 2.2190416086326346e+17 2.1279116176862445e+17 1.9917905376755805e+17
9350.001309906198 4.8398078564090694e+17 4.6566119597962003e+17 4.462567029322272e+17 4.2561791511572986e+17 4.0356271741235386e+17 3.798712414582742e+17 3.542701999762141e+17 3.406432818940988e+17 3.263812978663611e+17 3.113810189251901e+17 3.019560061180284e+17 2.9545895193086496e+17 2.8532145298818067e+17 2.7823893721407907e+17 2.6695799807652947e+17 2.5883393680611533e+17 2.5452371818616304e+17 2.5000102703362662e+17 2.4521375281699027e+17 2.400863376723797e+17 2.345024075072864e+17 2.210164507231999e+17 2.1192266808773837e+17 1.9830902830612822e+17
9370.001312708138 4.817582827128323e+17 4.635659458051728e+17 4.442967989600743e+17 4.23800327942754e+17 4.0189443996135866e+17 3.783566207276423e+17 3.5291078131382246e+17 3.3936029654376166e+17 3.2517250968126957e+17 3.102432234700901e+17 3.0085870778606464e+17 2.9438763117640326e+17 2.8428731616705e+17 2.7722823855432694e+17 2.6597989422453152e+17 2.5787515831722378e+17 2.535735786082299e+17 2.4905860655307568e+17 2.4427785340168672e+17 2.3915536124118374e+17 2.3357413066836525e+17 2.2008194174026234e+17 2.1097327763661133e+17 1.9732281675888576e+17
9390.001315510079 4.81877524144446e+17 4.63584621970429e+17 4.442067948139697e+17 4.2359683517345043e+17 4.0157678610058285e+17 3.779331062717897e+17 3.5240356386740864e+17 3.388261048251263e+17 3.246262663965377e+17 3.097042639822929e+17 3.003356587769319e+17 2.9388081022637414e+17 2.8381465527645098e+17 2.7678592073387245e+17 2.655969169280298e+17 2.5754322496098154e+17 2.532713869338601e+17 2.487894180387433e+17 2.440453165560217e+17 2.3896352994995616e+17 2.3342743932452448e+17 2.2003881654596902e+17 2.1098500912588643e+17 1.9737659403177098e+17
9410.001318312019 4.639243444325515e+17 4.469770664993479e+17 4.2901601378309875e+17 4.098996378915445e+17 3.894553485609473e+17 3.6747163213274874e+17 3.4368042148175814e+17 3.3099545985770534e+17 3.176972563261801e+17 3.0367866684582394e+17 2.9484926427017856e+17 2.887514946730125e+17 2.792160941608419e+17 2.725374838407187e+17 2.6186804589051142e+17 2.5415739128323264e+17 2.500562688044762e+17 2.4574458259176083e+17 2.4117040962393888e+17 2.3625827906356682e+17 2.3089167614100054e+17 2.178426656120104e+17 2.0896111761993325e+17 1.955349564937496e+17
9430.00132111396 4.763962362497138e+17 4.584766467470769e+17 4.394913158342724e+17 4.1929569630840474e+17 3.9771440541773965e+17 3.745361991779956e+17 3.4950043877646e+17 3.3618029257404326e+17 3.222443316260949e+17 3.075922688940027e+17 2.9838843864196006e+17 2.9204471207332435e+17 2.821473507704332e+17 2.752329096015699e+17 2.6421901957605222e+17 2.5628542901914506e+17 2.520750018145956e+17 2.4765553813277597e+17 2.4297522358738285e+17 2.3795875056815782e+17 2.3248983075790806e+17 2.1924359972442746e+17 2.10268197816665e+17 1.967521295720539e+17
9450.001323915889 4.695700306101876e+17 4.51936303011163e+17 4.3327685856915117e+17 4.1345278347457894e+17 3.9229510357948666e+17 3.696015028815094e+17 3.451176452340873e+17 3.321007070617031e+17 3.1848643332359597e+17 3.041746321672837e+17 2.951838356663017e+17 2.889858447394326e+17 2.7931285841431635e+17 2.7255204316050854e+17 2.6177519904238806e+17 2.5400436147121642e+17 2.4987672842073344e+17 2.4554094265045293e+17 2.409450257943534e+17 2.3601334548104342e+17 2.3062899754630867e+17 2.175451597190299e+17 2.0863932663023296e+17 1.951663397229066e+17
9470.00132671783 4.787302023923051e+17 4.6070074339922656e+17 4.415947797974377e+17 4.212643427508277e+17 3.995308324828644e+17 3.761790170215436e+17 3.5094367495510317e+17 3.375128875944369e+17 3.2345880111322394e+17 3.0868178042027354e+17 2.994001563749251e+17 2.930036116037115e+17 2.8302608033377024e+17 2.760577898007066e+17 2.6496319116537354e+17 2.5697653281259866e+17 2.5274012760785606e+17 2.4829537379229952e+17 2.4359086485659462e+17 2.385519438044335e+17 2.3306344735610822e+17 2.197967657769033e+17 2.1083384258048253e+17 1.9737833632237667e+17
9490.001329519768 4.796332614989411e+17 4.615688682886713e+17 4.424148679713951e+17 4.2201956487671277e+17 4.00203140157384e+17 3.767478005432683e+17 3.5138661023499616e+17 3.378854217166629e+17 3.237568900365126e+17 3.089031444200466e+17 2.995754158926652e+17 2.93148516861492e+17 2.8312657685606358e+17 2.761298320209434e+17 2.6499510226309664e+17 2.5698396870531514e+17 2.5273621853618237e+17 2.482808368949805e+17 2.4356652808838506e+17 2.385187840417193e+17 2.3302257687424467e+17 2.1974400318405194e+17 2.107756626276363e+17 1.9730824105879363e+17
9510.001332321708 4.787485836458983e+17 4.609067711532406e+17 4.419792551553785e+17 4.218160363222901e+17 4.0023422130714694e+17 3.7701269050985024e+17 3.518754197016611e+17 3.384776012919659e+17 3.2444290248093114e+17 3.096691582989611e+17 3.0038084231548186e+17 2.93975943589264e+17 2.839797056015313e+17 2.7699474264951462e+17 2.6586901027673923e+17 2.578580494230712e+17 2.5360879887309693e+17 2.491511190916171e+17 2.4443411992014787e+17 2.3938402452742618e+17 2.3388718717014093e+17 2.206265878673238e+17 2.1169748452226563e+17 1.983445063850704e+17
9530.001335123648 4.7509419399837555e+17 4.575171081150795e+17 4.388396807803119e+17 4.1891556828754336e+17 3.975695874912026e+17 3.745892377554904e+17 3.497104587227961e+17 3.364523384071824e+17 3.225661194636881e+17 3.079515954815999e+17 2.987644620398687e+17 2.924296446345704e+17 2.8254276095520544e+17 2.7563377235440906e+17 2.6462699845355274e+17 2.5669884827091222e+17 2.5249205688976074e+17 2.4807748929990707e+17 2.4340415813099267e+17 2.3839813200247245e+17 2.329455169811178e+17 2.1977172543281155e+17 2.108832267919633e+17 1.9756729807398003e+17
9550.001337925589 4.6549596167342163e+17 4.4965872770980474e+17 4.3261579801372154e+17 4.1419458477047443e+17 3.9418964831369165e+17 3.723556232761178e+17 3.4839411390108e+17 3.3549789276722874e+17 3.21904850908165e+17 3.075122861879932e+17 2.984243545348332e+17 2.9214185201236576e+17 2.8231381683611232e+17 2.7543188513706496e+17 2.6444952389658832e+17 2.5652837708308902e+17 2.5232274091204086e+17 2.479079122354718e+17 2.4323305051835206e+17 2.3822428575408416e+17 2.3276774522766602e+17 2.195816397308633e+17 2.1068233648967466e+17 1.973431339398933e+17
9570.001340727518 4.7257425315384646e+17 4.551818814586053e+17 4.367094745305929e+17 4.170097387111943e+17 3.959044729384799e+17 3.7317569010197965e+17 3.4855154279625984e+17 3.354182399432267e+17 3.216532457695958e+17 3.071541521554176e+17 2.980329235199261e+17 2.917405090573988e+17 2.819148411368445e+17 2.7504516826895344e+17 2.6409550148827594e+17 2.5620467708098685e+17 2.5201657375403654e+17 2.4762089419236406e+17 2.429668838847265e+17 2.3798093184331453e+17 2.3254965318835197e+17 2.194263196048714e+17 2.1057129630031798e+17 1.9730221475550906e+17
9590.001343529459 4.771006374003738e+17 4.594492029753573e+17 4.407117375057824e+17 4.2073606152721043e+17 3.9933574809377914e+17 3.7628514206934035e+17 3.5130338202701146e+17 3.3797589474873146e+17 3.2400570859928474e+17 3.092912553209329e+17 3.000365163324602e+17 2.936534991617869e+17 2.8369000784099664e+17 2.767273483302183e+17 2.656370700641624e+17 2.576523575742697e+17 2.5341759699545395e+17 2.4897575465463696e+17 2.4427648662755968e+17 2.3924687507428346e+17 2.337747119099586e+17 2.205887214945946e+17 2.1172636463361542e+17 1.9850146576458394e+17
9610.001346331397 4.7307388364263776e+17 4.556791982822461e+17 4.372198598993809e+17 4.175446790019687e+17 3.964695640684589e+17 3.737682287274403e+17 3.4915816352610605e+17 3.3602270767057446e+17 3.2224691882025235e+17 3.077266162641186e+17 2.9858700084942675e+17 2.92279732584156e+17 2.8242779874952682e+17 2.755378858601365e+17 2.6455384366171354e+17 2.5663783274666986e+17 2.5243669262455738e+17 2.480279044872213e+17 2.433610176970165e+17 2.3836292496277024e+17 2.329210933791968e+17 2.1978896956922176e+17 2.1094551161029382e+17 1.977219768645837e+17
9630.00134913334 4.7038770202120314e+17 4.531860522813857e+17 4.3492721644257715e+17 4.1546184049000064e+17 3.946051350840115e+17 3.7213151151788397e+17 3.477575788043981e+17 3.347433692744599e+17 3.210912836718693e+17 3.066978859252118e+17 2.97636594533234e+17 2.91382838252626e+17 2.8161398222011136e+17 2.747819459528157e+17 2.6389023397175008e+17 2.560408933455634e+17 2.5187515093813034e+17 2.475034648896391e+17 2.4287571311750826e+17 2.379192221156739e+17 2.3252207538501616e+17 2.1949310952280022e+17 2.1071350542236896e+17 1.975755329844869e+17
9650.001351935278 4.65619996540868e+17 4.4854451747715936e+17 4.304356612165844e+17 4.111443665095528e+17 3.904915630628674e+17 3.682562757755037e+17 3.441605946912918e+17 3.313019885100879e+17 3.178170489445483e+17 3.036026943151933e+17 2.9465449560778643e+17 2.884784643377914e+17 2.7882925869877296e+17 2.7207884563143597e+17 2.6131132196133923e+17 2.5354485622588032e+17 2.4942005862861814e+17 2.4508858170970096e+17 2.4049982508651376e+17 2.3558038578082032e+17 2.3021715911191517e+17 2.1723668923350304e+17 2.0845866804125306e+17 1.9527179690629277e+17
9670.001354737218 4.6573196581628563e+17 4.4870166916513024e+17 4.306320148791431e+17 4.113744742869467e+17 3.9074763874936525e+17 3.6853026463519744e+17 3.444445528670429e+17 3.31588322811462e+17 3.1810446951071686e+17 3.038902273467246e+17 2.949419279810063e+17 2.887658434000062e+17 2.7911697443670326e+17 2.7236735789862323e+17 2.616027679434417e+17 2.5384037769895165e+17 2.4971860972861997e+17 2.4539106387107488e+17 2.4080736308524246e+17 2.3589440134201843e+17 2.305394631150338e+17 2.1758332727793286e+17 2.0882334561927923e+17 1.9566286669752288e+17
9690.001357539148 4.71540147695067e+17 4.542987841461857e+17 4.3598885170756096e+17 4.1645555242262054e+17 3.955112964795627e+17 3.729252466320774e+17 3.4840989231858854e+17 3.353131849100143e+17 3.215707092217545e+17 3.0708002334045645e+17 2.979577736831753e+17 2.9166263158478496e+17 2.8183094290046147e+17 2.7495682483663498e+17 2.640021707431485e+17 2.5611139093331946e+17 2.5192527442628163e+17 2.4753360379076333e+17 2.4288647082635213e+17 2.379115457540276e+17 2.324974665673092e+17 2.1944377267227386e+17 2.106615255574237e+17 1.975358059160619e+17
9710.001360341088 4.6860969733414656e+17 4.514451699651784e+17 4.332338409399492e+17 4.1382510943065984e+17 3.930352952626748e+17 3.706373087024416e+17 3.463485102068623e+17 3.333805477651625e+17 3.197778223320752e+17 3.054378432149735e+17 2.964110931993224e+17 2.9018164296177664e+17 2.804513428707942e+17 2.736466733099992e+17 2.627988014479676e+17 2.549809490012749e+17 2.5083183215139123e+17 2.4647753834390934e+17 2.4186816897335008e+17 2.3693140986454822e+17 2.3155594105291734e+17 2.1858128517118902e+17 2.0984046755303757e+17 1.9676115130379773e+17
9730.001363143028 4.677482141793648e+17 4.5064701112304275e+17 4.325011019782672e+17 4.1315921148989504e+17 3.9243615943099354e+17 3.701049856067864e+17 3.458797417246927e+17 3.329417547765839e+17 3.19366985610475e+17 3.0505273164831206e+17 2.9604038643172736e+17 2.8982016733904006e+17 2.801032769360177e+17 2.733072989088476e+17 2.624721136389306e+17 2.5466228310769018e+17 2.505169171666975e+17 2.461660866658593e+17 2.4155978530774208e+17 2.3662555147688026e+17 2.3125185417261654e+17 2.1827728450403216e+17 2.0953416126113862e+17 1.9645191102074845e+17
9750.001365944969 4.6434524479327014e+17 4.4749826703683264e+17 4.296156973821554e+17 4.105475541310093e+17 3.9010993514537184e+17 3.680781547003303e+17 3.4416903834156346e+17 3.313956811181828e+17 3.179896830985456e+17 3.038478709992922e+17 2.9494046799374195e+17 2.8879076418266886e+17 2.7918059891689856e+17 2.724566448263231e+17 2.617316323221479e+17 2.539977213141577e+17 2.4989149315241546e+17 2.4558089356468378e+17 2.410162401606169e+17 2.3612554663335894e+17 2.3079799047135498e+17 2.179291301175464e+17 2.0925237912131354e+17 1.9626176995599526e+17
9770.001368746907 4.660457078631504e+17 4.4910928847181254e+17 4.311328033315603e+17 4.1196673711404077e+17 3.9142642273081856e+17 3.692855341869408e+17 3.4525759234010125e+17 3.324203852462829e+17 3.1894759281107565e+17 3.047359108345025e+17 2.9578544958002214e+17 2.8960667834527514e+17 2.7995267344565286e+17 2.7319946228360765e+17 2.6243114749231334e+17 2.5466928453294586e+17 2.5054963911571638e+17 2.4622621098379248e+17 2.416496202891406e+17 2.367483086089648e+17 2.314121775716191e+17 2.1853823643751248e+17 2.098721867361203e+17 1.9691767849909274e+17
9790.001371548848 4.6127257997642605e+17 4.445013998316865e+17 4.2671357670459475e+17 4.077632545543788e+17 3.874708162394469e+17 3.656139051246597e+17 3.419122236078877e+17 3.292553583257129e+17 3.159746285245537e+17 3.019666425443913e+17 2.931436069542905e+17 2.8705183866130893e+17 2.7753107477750934e+17 2.708682336784698e+17 2.6023702037579334e+17 2.525666322398746e+17 2.4849227065539235e+17 2.442134378003192e+17 2.396802440637927e+17 2.3482035517308512e+17 2.2952241934561085e+17 2.1670454920134467e+17 2.0804325302287392e+17 1.950470726737999e+17
9810.001374350779 4.6775911866357786e+17 4.5084220131962605e+17 4.3286966007440416e+17 4.1368788465527917e+17 3.931063683355987e+17 3.7089150346622586e+17 3.467494702070508e+17 3.338375860103954e+17 3.202775745713846e+17 3.059665519797278e+17 2.9695125891165165e+17 2.907274829342357e+17 2.8100382998338358e+17 2.7420333439711677e+17 2.6336411497462602e+17 2.55556304407148e+17 2.5141468241643866e+17 2.4707044057474634e+17 2.424747990435244e+17 2.3755714739502307e+17 2.3220895663695597e+17 2.1933756211272752e+17 2.1070417186223254e+17 1.9784716314356966e+17
9830.001377152717 4.655947589151444e+17 4.487758814902885e+17 4.309118257433373e+17 4.1185140527947117e+17 3.9140761502672845e+17 3.693509770477364e+17 3.4539316541181357e+17 3.3258461053545325e+17 3.191363105841768e+17 3.0494498830075e+17 2.960052212556004e+17 2.8983325439996397e+17 2.801894377696898e+17 2.7344359505765098e+17 2.6268895810172032e+17 2.5493971280308474e+17 2.5082820316853702e+17 2.4651473031409498e+17 2.419506123731001e+17 2.3706534284475763e+17 2.317504923054096e+17 2.1894906144339366e+17 2.1035234295418058e+17 1.9753266864876352e+17
9850.00137995466 4.6737683170965344e+17 4.505710947467224e+17 4.327059765100332e+17 4.136244667799501e+17 3.931335016107238e+17 3.7099661068388397e+17 3.4691431430190144e+17 3.340238070978719e+17 3.204781504186925e+17 3.061737332517477e+17 2.9715836033290336e+17 2.9093276641591917e+17 2.8120392798603232e+17 2.7439844193308374e+17 2.63550038292096e+17 2.5573567847156432e+17 2.515909845450714e+17 2.4724410039467517e+17 2.4264657878501885e+17 2.377283806268614e+17 2.3238191537311834e+17 2.195290842084582e+17 2.10923422683693e+17 1.9813323428119386e+17
9870.001382756598 4.6378662008092e+17 4.472185332734918e+17 4.296095750476351e+17 4.10804062564424e+17 3.906117365981332e+17 3.6879493214777043e+17 3.450541599945721e+17 3.323409185808455e+17 3.1897572870766035e+17 3.048534575781505e+17 2.959474225077127e+17 2.8979442183560186e+17 2.8017386647491715e+17 2.7343997437383914e+17 2.6269774849061613e+17 2.549532284951594e+17 2.5084312469296013e+17 2.4653058846520976e+17 2.4196717120506096e+17 2.3708285194490685e+17 2.3177012765033274e+17 2.1898589813234154e+17 2.1041816659269667e+17 1.9767871200330054e+17
9890.001385558538 4.637475120674033e+17 4.472783583070366e+17 4.297636350095688e+17 4.1104766694346797e+17 3.909351303850627e+17 3.6918563449172134e+17 3.4549194706186886e+17 3.327920540202625e+17 3.194312794361421e+17 3.053028796979169e+17 2.963874882603081e+17 2.9022584324492205e+17 2.805883275647552e+17 2.7384046483155853e+17 2.6307334479953286e+17 2.5530973563122947e+17 2.5118946012289018e+17 2.4686645984817075e+17 2.4229245012009178e+17 2.3739771984335254e+17 2.3207530393194656e+17 2.1927906870899158e+17 2.1071623597430746e+17 1.9800682516437718e+17
9910.001388360479 4.6146784864079546e+17 4.450811989740129e+17 4.276595661950459e+17 4.090473026367568e+17 3.890550260478888e+17 3.674441770956135e+17 3.439142845978325e+17 3.313072975145425e+17 3.1804818432400774e+17 3.0403050066904614e+17 2.951862024362779e+17 2.8907395715322746e+17 2.795138675025159e+17 2.7282014904549827e+17 2.621387895458596e+17 2.5443627121177312e+17 2.503480187472613e+17 2.460581818820658e+17 2.415186142473546e+17 2.3665970563016285e+17 2.3137452485957658e+17 2.1865579774541334e+17 2.1013015064392848e+17 1.9744702274653773e+17
9930.001391162408 4.654236506278869e+17 4.4882322588886285e+17 4.311641857163059e+17 4.1228719349905376e+17 3.9199826536860525e+17 3.7005492909282477e+17 3.461516096733886e+17 3.3334224063745075e+17 3.198708664369145e+17 3.0563298949346714e+17 2.9665387140839245e+17 2.904510657969225e+17 2.8075476423901152e+17 2.7397027232752877e+17 2.631531860196072e+17 2.5536057529983418e+17 2.5122747545893248e+17 2.4689300454201645e+17 2.4230918039732182e+17 2.3740669829371837e+17 2.320792118090497e+17 2.192855437812057e+17 2.107355265153706e+17 1.9805731951745715e+17
9950.001393964349 4.6409492526709626e+17 4.475498076811e+17 4.299508313317058e+17 4.111390657023298e+17 3.9092071214092806e+17 3.6905451381698125e+17 3.452380701297136e+17 3.324764925711649e+17 3.190567393446741e+17 3.048748964973598e+17 2.959318633105551e+17 2.897543925973327e+17 2.8009833657579085e+17 2.7334240401286877e+17 2.6257162939121574e+17 2.5481285910816422e+17 2.5069780583238506e+17 2.4638231929185984e+17 2.4181855700005024e+17 2.369374194526931e+17 2.316327890847574e+17 2.188906125878023e+17 2.1036987555150506e+17 1.9772292613100765e+17
9970.001396766289 4.6385958419206496e+17 4.47387146751492e+17 4.298603146783149e+17 4.1112130827720134e+17 3.909742471535046e+17 3.6917579274170554e+17 3.454194837901579e+17 3.326833420922841e+17 3.192846487268294e+17 3.051182801269665e+17 2.961815802296447e+17 2.900068926171485e+17 2.8035266898915466e+17 2.7359637478365766e+17 2.6282248956224467e+17 2.5506007257036646e+17 2.5094283104592435e+17 2.4662499848994426e+17 2.420589157519647e+17 2.3717578251809507e+17 2.318700486630076e+17 2.1913412687047133e+17 2.106292892392657e+17 1.9802996449584058e+17
9990.001399568227 4.623539622991884e+17 4.459830168036909e+17 4.2856467309122784e+17 4.099421995400663e+17 3.899209256783242e+17 3.682599073464043e+17 3.446524933186363e+17 3.31995236366438e+17 3.18677532299239e+17 3.045938711566798e+17 2.957070965724007e+17 2.895657320176905e+17 2.7996149128230698e+17 2.7323845815850323e+17 2.6251453137772986e+17 2.5478563319550525e+17 2.506853414046286e+17 2.4638468367572662e+17 2.4183614076597952e+17 2.3697111010732266e+17 2.3168442989909197e+17 2.189929545621042e+17 2.1051847545117322e+17 1.979682470009462e+17
10025.001404471599 4.5980364934839654e+17 4.43807207646284e+17 4.267231247980611e+17 4.083918431425722e+17 3.886159836008101e+17 3.671542307642514e+17 3.436995558778136e+17 3.3110212063921965e+17 3.1783452093481766e+17 3.037928844056448e+17 2.9492860522075546e+17 2.888016304359474e+17 2.792187010586706e+17 2.7251032884735434e+17 2.6181013205245197e+17 2.5409900443317872e+17 2.50008358265659e+17 2.457179792864692e+17 2.4118038978985712e+17 2.363270525491956e+17 2.3105284611567286e+17 2.1838814927734237e+17 2.099264983533419e+17 1.973831084670648e+17
10075.001411476498 4.5440913743504186e+17 4.3899174413023277e+17 4.224873296398002e+17 4.047316424852529e+17 3.8552266410582125e+17 3.646091074087407e+17 3.416734131699097e+17 3.2931925960147526e+17 3.1628083791972563e+17 3.024517379991346e+17 2.9370607110894086e+17 2.8765439833626714e+17 2.7817902217805302e+17 2.7153909989964714e+17 2.609381071178011e+17 2.5329200991671715e+17 2.4923407522073568e+17 2.4497683094491453e+17 2.404731323832511e+17 2.3565490907837e+17 2.304177057045865e+17 2.1783808652244275e+17 2.0943114092929914e+17 1.9696636387281152e+17
10125.001418481299 4.562535914985891e+17 4.4032086121236064e+17 4.233555896149538e+17 4.0519805263236256e+17 3.8565330168962477e+17 3.644763490355871e+17 3.413559229562338e+17 3.2894067789200806e+17 3.158630518430937e+17 3.0201712299422234e+17 2.9327236239612064e+17 2.8722594279141997e+17 2.777653481381833e+17 2.7113983359194154e+17 2.6056701072835923e+17 2.529440490878815e+17 2.488990360463124e+17 2.44655776888863e+17 2.401673593652772e+17 2.353661722253392e+17 2.3014862157940016e+17 2.1762505079544416e+17 2.092677073473365e+17 1.969036794450324e+17
10175.001425486198 4.5042289890720806e+17 4.348219886784333e+17 4.18216138343039e+17 4.004520613328994e+17 3.813373654842796e+17 3.606328372491465e+17 3.380296871486029e+17 3.2589044240777485e+17 3.1309970418608045e+17 2.995500643180324e+17 2.909868440180178e+17 2.850626312121946e+17 2.7578676408396448e+17 2.6928532688688458e+17 2.5890018460707254e+17 2.5140387965438218e+17 2.4742287722885376e+17 2.432442501280451e+17 2.3882124398384512e+17 2.34086455942483e+17 2.2893660843518838e+17 2.1655480918431818e+17 2.0827464518310093e+17 1.96000662509781e+17
10225.001432490999 4.50753123745934e+17 4.3512610224744915e+17 4.1849112077274784e+17 4.006915265258627e+17 3.81535101366958e+17 3.607789584406386e+17 3.381124947276484e+17 3.259371195801693e+17 3.1310756390358394e+17 2.995181149204466e+17 2.9093175097509075e+17 2.8499292647898016e+17 2.7569729944179827e+17 2.691847058473438e+17 2.587872296590938e+17 2.5128674506170806e+17 2.4730530756306502e+17 2.4312766101440915e+17 2.3870747014008675e+17 2.339779725953943e+17 2.2883694978650016e+17 2.164930311297674e+17 2.082550289068775e+17 1.9607232226729094e+17
10275.001439495898 4.5137350116748685e+17 4.357779643225801e+17 4.191611049678868e+17 4.013668844022808e+17 3.821974503551021e+17 3.6140476669240026e+17 3.386718927777821e+17 3.264498148126477e+17 3.135636937950006e+17 2.9990766655372704e+17 2.9127687531541184e+17 2.8530680334612582e+17 2.7596252133448243e+17 2.6941665292100166e+17 2.5896911060708077e+17 2.5143609460541834e+17 2.4743905370098467e+17 2.4324653754195334e+17 2.3881262492328733e+17 2.3407116342924992e+17 2.2892096409114592e+17 2.1657604460332854e+17 2.08357755321273e+17 1.9623579922413974e+17
10325.001446500699 4.44859484084049e+17 4.296004030444741e+17 4.133457308132069e+17 3.9594364133121286e+17 3.771977282060604e+17 3.568666750185182e+17 3.3463805175957626e+17 3.226849528048996e+17 3.1007960430836186e+17 2.967157282996272e+17 2.882653683076364e+17 2.8241780849956586e+17 2.7326032145056906e+17 2.6684113939541923e+17 2.5658712040736614e+17 2.491856961523727e+17 2.452553170766949e+17 2.4113006779579456e+17 2.3676402672186618e+17 2.320909860362164e+17 2.2700967576088746e+17 2.1480297873735485e+17 2.0665311972722595e+17 1.9459869239825805e+17
10375.001453505498 4.4305001145412845e+17 4.279048916618715e+17 4.117696571851609e+17 3.944902708911357e+17 3.758729900961168e+17 3.5567502170455584e+17 3.3358325044177414e+17 3.2169950838929e+17 3.091639502330324e+17 2.958704305774263e+17 2.8746281565582528e+17 2.8164411748323565e+17 2.7253090345323197e+17 2.6614220568237603e+17 2.55936244053963e+17 2.485691538725472e+17 2.4465696149338128e+17 2.4055078771013526e+17 2.3620496013501408e+17 2.31553680495296e+17 2.26496297688008e+17 2.1434935154050557e+17 2.0624230057887773e+17 1.942569647237827e+17
10425.001460510399 4.4464294931666643e+17 4.294723525057154e+17 4.132979069187176e+17 3.959618840833581e+17 3.7726892230055866e+17 3.569702337025511e+17 3.3474675345006246e+17 3.2278407720770765e+17 3.1016061315064314e+17 2.9677036607595834e+17 2.883010736534871e+17 2.824399591820797e+17 2.7326209681211075e+17 2.66830103150283e+17 2.5656033606698634e+17 2.491528935987878e+17 2.4522170178037437e+17 2.4109779430848157e+17 2.3673601144584333e+17 2.3207134607331075e+17 2.270044387129854e+17 2.148609539823681e+17 2.0678050369721398e+17 1.9487010635671914e+17
10475.0014675152 4.395509786748108e+17 4.247384800380861e+17 4.08940058533591e+17 3.919990970975098e+17 3.737186408937204e+17 3.5385097632301325e+17 3.3207490294808403e+17 3.2034049604322074e+17 3.0794624414254374e+17 2.9478488583782163e+17 2.864518779028919e+17 2.8068107089629283e+17 2.7163755600292608e+17 2.6529443020329136e+17 2.5515712339296557e+17 2.4783771980433066e+17 2.439506190564935e+17 2.3987092790757472e+17 2.3555360366826832e+17 2.309338245240227e+17 2.2591254690225654e+17 2.1386578858930064e+17 2.0584162737680288e+17 1.9400859343183728e+17
10525.001474520097 4.40347964225913e+17 4.254700387703771e+17 4.095978229167562e+17 3.925751152668619e+17 3.7420433390242426e+17 3.5423558847909606e+17 3.3234653333302694e+17 3.205511655949343e+17 3.0809395385767584e+17 2.948686842717132e+17 2.86498022377374e+17 2.8070285708720346e+17 2.716249767519461e+17 2.652610350063599e+17 2.5509741822047894e+17 2.4776507164048806e+17 2.4387347570027488e+17 2.3979101020392624e+17 2.3547307898332342e+17 2.3085557008661574e+17 2.2584053375505462e+17 2.138272116011169e+17 2.0584139498173174e+17 1.940873369060499e+17
10575.001481524898 4.355345743450598e+17 4.20946051827461e+17 4.053803108622889e+17 3.886810343495913e+17 3.7065466071513274e+17 3.510522665482268e+17 3.295527600164726e+17 3.179608382711069e+17 3.0571201670583475e+17 2.927003875616468e+17 2.8445995806237875e+17 2.7875238597466518e+17 2.698071116540547e+17 2.6353242546465206e+17 2.535039583477534e+17 2.4626287132236032e+17 2.424173494405487e+17 2.3838132314120963e+17 2.3411028113318678e+17 2.29540269289809e+17 2.245735674627447e+17 2.126617439272344e+17 2.0473264426350102e+17 1.930497304620648e+17
10625.001488529797 4.332895141570616e+17 4.188531451245392e+17 4.034458559632974e+17 3.8691177919381606e+17 3.690560648110787e+17 3.4962939115621926e+17 3.283095701274582e+17 3.1680776452528646e+17 3.046492899496751e+17 2.917276906002388e+17 2.8354100488884563e+17 2.778693277995203e+17 2.6897842044877395e+17 2.6274056044123142e+17 2.5276938060921347e+17 2.4556883073435747e+17 2.4174466463873142e+17 2.3773099752333482e+17 2.3348366545354794e+17 2.2893913899417645e+17 2.2400048496604877e+17 2.1215889266663267e+17 2.0428035801139094e+17 1.9267937942709472e+17
10675.001495534598 4.2602732194773536e+17 4.1212779290319354e+17 3.9727864613234394e+17 3.8132628702732896e+17 3.6407636854403776e+17 3.45281960194995e+17 3.2461699770166694e+17 3.1344984622704224e+17 3.016284315134411e+17 2.89043893742393e+17 2.8105843079190874e+17 2.7552006272270365e+17 2.6682747852403898e+17 2.6072082670407174e+17 2.509453628459103e+17 2.438752730959198e+17 2.4011659777040963e+17 2.3616882847572195e+17 2.3198794631689136e+17 2.275106686955415e+17 2.226403435839597e+17 2.109404682228736e+17 2.0313693656431738e+17 1.916167027442361e+17
10725.001502539499 4.284987304628162e+17 4.143589077199033e+17 3.9925858455611386e+17 3.8304302161182214e+17 3.6551793632315904e+17 3.46436009082727e+17 3.2547380215603955e+17 3.141560604614636e+17 3.0218442071817894e+17 2.894532310732705e+17 2.8138299659151072e+17 2.757900381274882e+17 2.6701971961095994e+17 2.6086463225285174e+17 2.510231430922027e+17 2.4391456774845174e+17 2.401387969368646e+17 2.361756305044538e+17 2.31981413761849e+17 2.274934539346092e+17 2.2261597191696237e+17 2.109199076328026e+17 2.0313708092384102e+17 1.9167391326373114e+17
10775.001509544298 4.238193744020799e+17 4.099008447682203e+17 3.95042165207882e+17 3.7909308248871814e+17 3.618619633872565e+17 3.431054728888715e+17 3.2250321771351264e+17 3.1137877635532934e+17 2.996092231461647e+17 2.8708766007082157e+17 2.79146846995411e+17 2.7364172204382442e+17 2.6500529972437946e+17 2.5894122723879216e+17 2.4923928833548934e+17 2.422265283585758e+17 2.3849968571332845e+17 2.345863551831239e+17 2.3044309375582896e+17 2.2600749428678605e+17 2.211842765003448e+17 2.096068063125266e+17 2.0189443429015638e+17 1.9052629393226314e+17
10825.001516549199 4.1546750538543264e+17 4.019930450135768e+17 3.876153325988221e+17 3.721906235599532e+17 3.555329092452434e+17 3.3740767715626675e+17 3.175065410904251e+17 3.067613703454839e+17 2.953916446890023e+17 2.8329061121707757e+17 2.7561169614841293e+17 2.7028511043817587e+17 2.619219888724365e+17 2.56043926875202e+17 2.4662745524914883e+17 2.398101635025151e+17 2.3618307609697373e+17 2.3237109231835542e+17 2.2833109238791056e+17 2.2400102758039226e+17 2.192861246097178e+17 2.079373665200881e+17 2.003498675853709e+17 1.891254931878739e+17
10875.001523553998 4.16396583543214e+17 4.0285386647253754e+17 3.8839271787775885e+17 3.7286716920696365e+17 3.5608949580269235e+17 3.378225904903773e+17 3.177528205541084e+17 3.069129492156064e+17 2.954419652198576e+17 2.832348186342461e+17 2.754910449842035e+17 2.7012134681139024e+17 2.616950408723077e+17 2.5577662591718915e+17 2.463039512857655e+17 2.3945323167102426e+17 2.358110034755185e+17 2.31985170716608e+17 2.27932788938907e+17 2.235920341801898e+17 2.1886844304030403e+17 2.0750948977492394e+17 1.9992025886947248e+17 1.8869157821954938e+17
10925.001530558799 4.1362472325930426e+17 4.008174210826723e+17 3.869925310772548e+17 3.719866949634584e+17 3.5559607855626323e+17 3.375642009537469e+17 3.175646134236844e+17 3.0669574326811904e+17 2.951554916950255e+17 2.8284322391611824e+17 2.7502289554411203e+17 2.6959839511832774e+17 2.61087301685855e+17 2.5511251545905974e+17 2.4555961498377498e+17 2.3866061671013997e+17 2.349963328299085e+17 2.31149907263117e+17 2.2707836997106272e+17 2.2271971395020573e+17 2.17978952087085e+17 2.0658157288666646e+17 1.9896156814582147e+17 1.8766963102757427e+17
10975.0015375637 4.0306876427214336e+17 3.8981973487127296e+17 3.7566729742850566e+17 3.604760742471944e+17 3.4408174056476704e+17 3.262790166617695e+17 3.0680428553444384e+17 2.96333716244195e+17 2.8529608702863152e+17 2.7360151037758534e+17 2.6621111172150147e+17 2.6109902833417456e+17 2.5309607367173818e+17 2.4748728511245494e+17 2.385252135278377e+17 2.320486997563788e+17 2.2860419172097254e+17 2.2498297694498262e+17 2.2114151282744502e+17 2.1701664542134755e+17 2.1251107476231354e+17 2.015651770323013e+17 1.9412934001184368e+17 1.8291795993597843e+17
11025.001544568497 4.0528688519354266e+17 3.916755778836341e+17 3.771692708282583e+17 3.6163489873801837e+17 3.449075998093872e+17 3.2678371615543034e+17 3.0700455192213274e+17 2.963908972293153e+17 2.852181223719815e+17 2.7339955623968256e+17 2.6594169613683062e+17 2.6078801005331546e+17 2.5272882945581696e+17 2.4708701420354467e+17 2.3808309345022678e+17 2.3158439209054054e+17 2.2813071745437885e+17 2.245017197530817e+17 2.206540478844665e+17 2.1652481416812144e+17 2.120171481049345e+17 2.0107793982574064e+17 1.9365662301293248e+17 1.824826015335851e+17
11075.001551573398 4.0803151798650746e+17 3.9435802607379117e+17 3.797786875407619e+17 3.641553132186053e+17 3.473198927337744e+17 3.2906179894268186e+17 3.091089165774528e+17 2.9838843550374195e+17 2.8709217987281475e+17 2.7513044158073296e+17 2.6757592086546326e+17 2.6235296361935734e+17 2.5418230367804083e+17 2.4846097054518915e+17 2.3932996134555546e+17 2.327417127228868e+17 2.292421599323502e+17 2.2556691161238986e+17 2.2167317495762736e+17 2.1749899810737827e+17 2.1294925291776963e+17 2.0195076148603382e+17 1.9453433967795808e+17 1.8344243971770938e+17
11125.001558578197 4.049641141203925e+17 3.915217574430359e+17 3.771872398369296e+17 3.618188321367835e+17 3.4524800234971546e+17 3.272586945028047e+17 3.075745900446479e+17 2.969857369713984e+17 2.8581746438769795e+17 2.739787500896297e+17 2.664953864424492e+17 2.613187171915559e+17 2.5321574605395347e+17 2.4753879133880474e+17 2.384736498471412e+17 2.319295953836355e+17 2.2845250342785347e+17 2.2480025201417062e+17 2.209302966290483e+17 2.1678115583370413e+17 2.122585324643521e+17 2.0132810735006797e+17 1.939631880016348e+17 1.8296216107947174e+17
11175.001565583098 4.045784258677268e+17 3.9131967184726605e+17 3.771659187824131e+17 3.6197340265641146e+17 3.455679995006806e+17 3.277243832634799e+17 3.0815284485813536e+17 2.97600450335432e+17 2.8645174723323117e+17 2.7461180867764666e+17 2.6711647776644432e+17 2.6192681248940016e+17 2.5379687957344333e+17 2.480967935392833e+17 2.3899008706813363e+17 2.3241430966028826e+17 2.289205119554931e+17 2.2525136080757274e+17 2.2136478358024954e+17 2.172001452890815e+17 2.1266462399711626e+17 2.0173021494066486e+17 1.943936134738418e+17 1.8349016087174806e+17
11225.001572587898 4.04908561828934e+17 3.916137997502899e+17 3.774148399935368e+17 3.621724792363503e+17 3.4570972205552256e+17 3.27799754751248e+17 3.0815227406871085e+17 2.975587419901137e+17 2.863672575717791e+17 2.7448384322596886e+17 2.6696286602153066e+17 2.617566829873509e+17 2.536034711686428e+17 2.4788949952342698e+17 2.3876571552728064e+17 2.3218231826469472e+17 2.2868635172083757e+17 2.2501646991475792e+17 2.211310284523758e+17 2.169699678359686e+17 2.1244139154684765e+17 2.015382481661303e+17 1.942345383902456e+17 1.833945881809894e+17
11275.001579592797 3.972854351903602e+17 3.844773131210655e+17 3.707935102202429e+17 3.560973169965967e+17 3.402120204011976e+17 3.2291558553651814e+17 3.039180944569206e+17 2.936630041805879e+17 2.8281706612175574e+17 2.712853048385965e+17 2.6397758590165802e+17 2.5891401134032634e+17 2.5097544968708205e+17 2.4540492988308595e+17 2.3649696077452624e+17 2.3005841574979872e+17 2.2663545922089162e+17 2.2303911176034224e+17 2.1922797470981488e+17 2.1514229368656877e+17 2.1069067242655862e+17 1.999505960605245e+17 1.9273917006378746e+17 1.8201482900321146e+17
11325.001586597598 4.009115321596562e+17 3.880177218561539e+17 3.742272745740669e+17 3.593944111010527e+17 3.433373210659248e+17 3.258195479573687e+17 3.065337678535257e+17 2.9610336894131155e+17 2.850571229967833e+17 2.7329799486314006e+17 2.6583975721073187e+17 2.606702512434525e+17 2.5256438164362582e+17 2.468771761296978e+17 2.3778752449062787e+17 2.3122436334855152e+17 2.2773838762033894e+17 2.2407893699980477e+17 2.202049538762627e+17 2.1605735804805475e+17 2.1154583803024384e+17 2.007017197796724e+17 1.9345817078723062e+17 1.8274231677490026e+17
11375.0015936025 3.9631190210520166e+17 3.835036584576952e+17 3.6981466244841824e+17 3.551040467909577e+17 3.391931846065974e+17 3.218573866440423e+17 3.028036323943859e+17 2.9251331835896864e+17 2.8162848562812765e+17 2.700559624332627e+17 2.627241478201926e+17 2.576458048020841e+17 2.496880842622161e+17 2.4410813073373664e+17 2.351938192637125e+17 2.2875839239756694e+17 2.2533989107803296e+17 2.217504408629051e+17 2.1794906825879696e+17 2.1387671736154272e+17 2.0944297254573824e+17 1.9875997785538038e+17 1.915966962638141e+17 1.809538525595079e+17
11425.001600607298 3.93713247998425e+17 3.811739929358027e+17 3.677622089087429e+17 3.533342310041026e+17 3.377131465654986e+17 3.2066475337382694e+17 3.0188690147135814e+17 2.917249387522311e+17 2.809580192097777e+17 2.6948933445399776e+17 2.6221136878811565e+17 2.5716479153706397e+17 2.4924805061019274e+17 2.436906743603506e+17 2.3480299085015046e+17 2.2838073178481008e+17 2.2496768032294352e+17 2.2138321051621366e+17 2.175867390325891e+17 2.1351987690669123e+17 2.0909345693903302e+17 1.9844266764789693e+17 1.913209988465143e+17 1.807787862189181e+17
11475.0016076122 3.987890474377935e+17 3.86010990550774e+17 3.723357132007189e+17 3.5761437878511014e+17 3.4166069392519046e+17 3.242347495454592e+17 3.0502054740472806e+17 2.946142805224712e+17 2.8358420379340586e+17 2.7183257761416806e+17 2.6437595178659046e+17 2.5920721262796333e+17 2.5110334588574557e+17 2.454194026797272e+17 2.3634082908899402e+17 2.2979183383999424e+17 2.2631600122650198e+17 2.226694054999231e+17 2.1881182322776563e+17 2.1468549873059904e+17 2.1020223717237488e+17 1.9945490731548483e+17 1.9230606140610195e+17 1.817836958102828e+17
11525.001614616996 3.981630170553257e+17 3.8547816194271174e+17 3.7189251946663123e+17 3.572574852106596e+17 3.413825004535513e+17 3.240223584152665e+17 3.0485693027885734e+17 2.944668978985393e+17 2.8344553813276778e+17 2.7169514165738858e+17 2.6423517104832243e+17 2.5906266569573824e+17 2.5095078706141914e+17 2.4526023885259485e+17 2.3617053797116915e+17 2.2961412940417235e+17 2.2613496595215987e+17 2.2248559854737446e+17 2.1862615595783466e+17 2.1449942108560077e+17 2.1001813955482538e+17 1.9928987027456992e+17 1.9216834652509002e+17 1.817094857647923e+17
11575.001621621797 3.9361674253346035e+17 3.8115749159040205e+17 3.6781716476239526e+17 3.53447221634997e+17 3.378603809659939e+17 3.2081703966741357e+17 3.0199638860689555e+17 2.9178966257235194e+17 2.809587655154572e+17 2.6940524332714774e+17 2.62066801304915e+17 2.5697657009554518e+17 2.4899014871633274e+17 2.433847416654132e+17 2.3442565997617757e+17 2.2795876901703987e+17 2.245253129880679e+17 2.2092240692487664e+17 2.1711031773325546e+17 2.130320687170728e+17 2.0860075638300416e+17 1.9797996800602848e+17 1.90920437488017e+17 1.8054213830703293e+17
11625.001628626698 3.883908994010265e+17 3.762310054857439e+17 3.6320247271628064e+17 3.491549337152485e+17 3.339077528877139e+17 3.172171761484752e+17 2.9876551728567974e+17 2.8874864751406374e+17 2.781110207753255e+17 2.6675341306818147e+17 2.595335213248225e+17 2.5452274054634218e+17 2.4665658961930442e+17 2.4113226987758557e+17 2.3229694047958768e+17 2.2591476599064115e+17 2.2252457540011498e+17 2.189657056137747e+17 2.1519856587793558e+17 2.1116636398449043e+17 2.067824226542998e+17 1.9626208762524458e+17 1.892569910239141e+17 1.7893470303075648e+17
11675.001635631497 3.895528480968026e+17 3.774464200072729e+17 3.644559948751049e+17 3.504334483151696e+17 3.3518408858553363e+17 3.18461733579625e+17 2.999339225432554e+17 2.8985863704733926e+17 2.7914692470559206e+17 2.6769859378889446e+17 2.604161914750907e+17 2.5536041077131165e+17 2.4742231889376346e+17 2.4184750240978483e+17 2.3293380324579373e+17 2.2649861590722902e+17 2.2308209230490573e+17 2.194973119051891e+17 2.1570507463291862e+17 2.1164915098968294e+17 2.0724390084157594e+17 1.9669729322674704e+17 1.896999366281084e+17 1.7943499807513277e+17
11725.001642636398 3.9340190596385126e+17 3.810992516467193e+17 3.678983681547546e+17 3.536482631717527e+17 3.3815086507298406e+17 3.211510746025616e+17 3.023097740126883e+17 2.920599213968415e+17 2.8115968078276822e+17 2.695072362237359e+17 2.6209455556625283e+17 2.569489366883065e+17 2.4887162360038144e+17 2.4320151473821034e+17 2.3414178785789466e+17 2.2760801471342448e+17 2.2414212733149226e+17 2.2050821678654653e+17 2.1666745624466826e+17 2.1256425069626346e+17 2.0811408092515552e+17 1.9749586090522666e+17 1.9048729605707536e+17 1.802675247078861e+17
11775.001649641197 3.856520988149279e+17 3.738454499273922e+17 3.6116371111599546e+17 3.4745852831755354e+17 3.325326763061579e+17 3.161363998448114e+17 2.9792901653046816e+17 2.8800714110750915e+17 2.774412641773986e+17 2.6612807884956515e+17 2.58920313772337e+17 2.5391179690475437e+17 2.4604063176819293e+17 2.4050825590206067e+17 2.316563786298391e+17 2.252625810385434e+17 2.2186737105781766e+17 2.1830467230678634e+17 2.1453581350738957e+17 2.1050520303964547e+17 2.0612842681834752e+17 1.9565946096654547e+17 1.8872693314164774e+17 1.785858266025569e+17
11825.001656646098 3.812512971761505e+17 3.695703271479835e+17 3.570413869776354e+17 3.435214109973703e+17 3.2882347225011104e+17 3.1270553708921626e+17 2.948403938133824e+17 2.851178043682321e+17 2.7477250067433984e+17 2.637027393967945e+17 2.5665270583248346e+17 2.5175409289050154e+17 2.440555720827616e+17 2.386436604548782e+17 2.2998115022735776e+17 2.2372052197613955e+17 2.2039445276438307e+17 2.169030054691319e+17 2.1320781436202614e+17 2.0925397000913376e+17 2.0495793934096045e+17 1.946699204243139e+17 1.878472484826791e+17 1.7785410474691142e+17
11875.001663650899 3.8076313929429306e+17 3.691043728556345e+17 3.565864029619541e+17 3.430621188381691e+17 3.283394353708122e+17 3.121704635925536e+17 2.9422253336728166e+17 2.8444377211059603e+17 2.7403109900839114e+17 2.628823144563777e+17 2.5577934092405174e+17 2.5084312835374957e+17 2.430858703861154e+17 2.3763333730260515e+17 2.2890878008512227e+17 2.2260641808076634e+17 2.1925947121396934e+17 2.1574714609885578e+17 2.120310767921702e+17 2.0805635217916768e+17 2.0373938335154986e+17 1.9340827682623766e+17 1.865604025118024e+17 1.7652269045559072e+17
11925.001670655798 3.8758181141466765e+17 3.756380506340761e+17 3.628024925936799e+17 3.4892335274033056e+17 3.338009525613488e+17 3.171731618127606e+17 2.98687772729902e+17 2.886046380696606e+17 2.7786000915637693e+17 2.663501853837548e+17 2.590163776938463e+17 2.5392078212683283e+17 2.459164673014719e+17 2.402946586702827e+17 2.3131056054685075e+17 2.2483235390164115e+17 2.2139696852596963e+17 2.1779609395075987e+17 2.1399180330997795e+17 2.0992978870492445e+17 2.055277162194635e+17 1.950457279785504e+17 1.8815135098742032e+17 1.7814354896414592e+17
11975.001677660599 3.711653079416352e+17 3.599554048348423e+17 3.4793241144568794e+17 3.3495387781399034e+17 3.2084081251437216e+17 3.0535581104728186e+17 2.881781874758489e+17 2.7882146729321856e+17 2.6885715053557232e+17 2.581833467022025e+17 2.513781074487042e+17 2.4664592934907622e+17 2.3920192447375402e+17 2.3396363752399114e+17 2.255690364028105e+17 2.1949367689015722e+17 2.1626292481668874e+17 2.128689661246811e+17 2.0927395485868563e+17 2.0542357470787635e+17 2.0123524266043757e+17 1.9118240469495174e+17 1.844953832687525e+17 1.7466588859495795e+17
12025.001684665496 3.7778427046658144e+17 3.663646248576705e+17 3.5409502122368723e+17 3.4083050082228294e+17 3.2637351736361517e+17 3.104741863543961e+17 2.9278806139963955e+17 2.831331322621608e+17 2.7283536377998634e+17 2.617899574319669e+17 2.5474230362057866e+17 2.4984022320769856e+17 2.4212976531779955e+17 2.367061271103024e+17 2.2802312003773002e+17 2.2174914793410746e+17 2.184173783252836e+17 2.149215485296182e+17 2.11224065072799e+17 2.0727123544820662e+17 2.0298159792427824e+17 1.92741575385319e+17 1.8598636781716195e+17 1.7615565654322525e+17
12075.001691670297 3.7380889978947514e+17 3.6257629127693286e+17 3.505095941967138e+17 3.37459359922688e+17 3.2324037712515174e+17 3.0760161689388026e+17 2.902047997924908e+17 2.807064634584015e+17 2.7057487900128474e+17 2.5970515839749226e+17 2.5276842556688886e+17 2.4794290040066915e+17 2.403511817904507e+17 2.3500992679376157e+17 2.264565069305001e+17 2.202739428262535e+17 2.169898344475034e+17 2.135432030909243e+17 2.0989672657361645e+17 2.059971388011294e+17 2.0176357522723203e+17 1.916493757354267e+17 1.8497074608473398e+17 1.7524345253117987e+17
12125.001698675198 3.7724027480787264e+17 3.6587705503180774e+17 3.536545573553539e+17 3.4042592211553306e+17 3.2598844635700275e+17 3.1008381269939386e+17 2.923607864429708e+17 2.8267135744111414e+17 2.7232593494242272e+17 2.6121924240247978e+17 2.5412877263897814e+17 2.4919601904721382e+17 2.414370224869249e+17 2.3598041157630778e+17 2.2724891114984275e+17 2.209449500883136e+17 2.1759947959581408e+17 2.1409109727424848e+17 2.1038260761461162e+17 2.064209393962009e+17 2.021256448245129e+17 1.9189346905259117e+17 1.85165172016947e+17 1.7541182968862365e+17
12175.001705679997 3.795439376643111e+17 3.680644025318978e+17 3.557083856820476e+17 3.423249389961534e+17 3.277070724588892e+17 3.1158859383601395e+17 2.9360678461641626e+17 2.8376771404164032e+17 2.732573655195445e+17 2.6196966195268858e+17 2.5476269609592765e+17 2.4974937621141443e+17 2.4186612373839517e+17 2.363250835863403e+17 2.274663412458089e+17 2.2107830811886554e+17 2.176913247831017e+17 2.141420506781102e+17 2.103934935305212e+17 2.0639290916433626e+17 2.020604110487372e+17 1.9176419594733654e+17 1.850161757824959e+17 1.752689622738864e+17
12225.001712684798 3.778497515453074e+17 3.6646916130990906e+17 3.542192609418034e+17 3.409408241995566e+17 3.2643322492522003e+17 3.104276745843155e+17 2.9256051243716045e+17 2.8277786161285712e+17 2.723223151306193e+17 2.6108641171865126e+17 2.539092446342006e+17 2.4891530563233354e+17 2.4106018599162275e+17 2.3553766547767338e+17 2.2670707527735094e+17 2.2033880850097613e+17 2.169623427076981e+17 2.1342412114256275e+17 2.096874295159946e+17 2.0569976155689293e+17 2.013817790652083e+17 1.911240512390369e+17 1.8440640110081818e+17 1.7471393950995174e+17
12275.001719689699 3.742552943278161e+17 3.63100797199015e+17 3.51087902216483e+17 3.3806393480018016e+17 3.238248485355953e+17 3.081037292446058e+17 2.9053487907199475e+17 2.8090483308127142e+17 2.706042855783146e+17 2.595236274669098e+17 2.5243890659585894e+17 2.4750625057607834e+17 2.397424833821704e+17 2.3428037248223904e+17 2.2553992100399798e+17 2.1923191968620893e+17 2.1588580564746896e+17 2.1237817148307952e+17 2.08672454712095e+17 2.0471637698572074e+17 2.0043096242621936e+17 1.9024508410101296e+17 1.8357238926931216e+17 1.739472386501443e+17
12325.001726694498 3.741203437073462e+17 3.629377939357976e+17 3.508928694329223e+17 3.378269144764744e+17 3.235423694554504e+17 3.0776383311402643e+17 2.901290726375815e+17 2.8046278628318662e+17 2.701226142787718e+17 2.5900106071035414e+17 2.5189138253831594e+17 2.4694200397504877e+17 2.3915442407453344e+17 2.3367754237575504e+17 2.2491807481705955e+17 2.1860067862624784e+17 2.1525135130464093e+17 2.117417974058524e+17 2.0803575770519008e+17 2.0408137735018093e+17 1.998003011382454e+17 1.8963547195019776e+17 1.8298419796237693e+17 1.733968949856374e+17
12375.001733699399 3.725446700411847e+17 3.614655256763843e+17 3.4952911323751123e+17 3.365778526173754e+17 3.224087454414552e+17 3.0675302786892915e+17 2.892382466434739e+17 2.7962850783843613e+17 2.6934144403275347e+17 2.5826658810600525e+17 2.511812434494508e+17 2.462462869180246e+17 2.3847761676317686e+17 2.330116843015948e+17 2.2426696552260464e+17 2.1795875505383645e+17 2.146140103692037e+17 2.111091767388211e+17 2.0740809093713018e+17 2.0345913547560093e+17 1.9918432746354387e+17 1.8903856655322374e+17 1.8240626075993462e+17 1.7286168452971565e+17
12425.001740704198 3.6950256882469254e+17 3.585420902939298e+17 3.467329739577017e+17 3.33924895588135e+17 3.1991791504896346e+17 3.044447812516746e+17 2.871372967620327e+17 2.776432646203263e+17 2.674805289596546e+17 2.565393481458503e+17 2.495390802057426e+17 2.446630199870372e+17 2.3698621625532205e+17 2.3158415208837898e+17 2.2294023056339488e+17 2.1670340297338016e+17 2.133959912547541e+17 2.0992983977054106e+17 2.0626908457848192e+17 2.0236245837078243e+17 1.9813248569549312e+17 1.880880861602142e+17 1.815174874854091e+17 1.720554483689035e+17
12475.001747709099 3.7049011343269024e+17 3.5954576340776806e+17 3.4774357517906886e+17 3.349265081236978e+17 3.2088844678800115e+17 3.053545510856855e+17 2.8794604898821456e+17 2.783809054666413e+17 2.681294577399767e+17 2.5707952108917917e+17 2.5000351310280646e+17 2.4507262717809398e+17 2.373066128497624e+17 2.318408502763084e+17 2.2309513898562813e+17 2.167869847220792e+17 2.1344295916252272e+17 2.0993964137083213e+17 2.06241210116489e+17 2.0229657174474054e+17 1.980286774190307e+17 1.8791308033083552e+17 1.8131622215095805e+17 1.7185325063299846e+17
12525.0017547139 3.6763917002224326e+17 3.5681755257878445e+17 3.451473336416881e+17 3.3247360844707437e+17 3.1859483719998406e+17 3.0323310900615034e+17 2.8601702670302954e+17 2.7655661610323974e+17 2.664150633206624e+17 2.554815992897128e+17 2.4847840250914886e+17 2.4359708500436893e+17 2.359073763063038e+17 2.304939478454614e+17 2.2182979018766954e+17 2.1557865465926845e+17 2.1226424958681354e+17 2.0879141607094752e+17 2.0512452562881338e+17 2.0121273744670346e+17 1.9697926593143376e+17 1.869397290233533e+17 1.803875614176854e+17 1.7098221360344576e+17
12575.001761718797 3.6689655214651725e+17 3.561869607483625e+17 3.446256737779117e+17 3.3205528235962515e+17 3.1826882095094214e+17 3.029885425454651e+17 2.8583094747497427e+17 2.763859239147558e+17 2.6625014231583552e+17 2.5530765925632976e+17 2.4829160470985747e+17 2.4339811694687155e+17 2.356851692712096e+17 2.3025283936954125e+17 2.2155575866744586e+17 2.1528018757185027e+17 2.1195297228678307e+17 2.0846713696302678e+17 2.047871634232544e+17 2.0086249846705498e+17 1.9661678375438538e+17 1.8655939308236547e+17 1.800085121269187e+17 1.706299170822386e+17
12625.001768723598 3.6507229441261344e+17 3.544540984281279e+17 3.429907526869773e+17 3.3052725321168115e+17 3.168549522061624e+17 3.016956748545054e+17 2.8466546579799837e+17 2.752862640832157e+17 2.652151565652716e+17 2.5433582906623485e+17 2.4735615788278464e+17 2.4248646217166195e+17 2.3480774516876256e+17 2.293978278065553e+17 2.2073417663015085e+17 2.1448142062497536e+17 2.111660415453264e+17 2.0769242679997578e+17 2.0402521690833437e+17 2.0011398045902445e+17 1.9588274143205114e+17 1.858607241703201e+17 1.7933596336065037e+17 1.700044853257246e+17
12675.001775728497 3.6190202180026477e+17 3.5138952119468486e+17 3.4004445979131046e+17 3.2771545513642157e+17 3.1419950266329126e+17 2.9922081224905754e+17 2.8240219589922928e+17 2.7314325805739562e+17 2.6320337468907504e+17 2.524670372734734e+17 2.455797636591523e+17 2.4077438370830266e+17 2.3319713015052355e+17 2.2785827076224694e+17 2.193067201647108e+17 2.1313325110221632e+17 2.0985920707805674e+17 2.064282301730411e+17 2.0280524956970464e+17 1.989401432443489e+17 1.94757465034568e+17 1.8484364936546262e+17 1.783831927149552e+17 1.691343457079442e+17
12725.001782733298 3.6298642284324736e+17 3.524767636872539e+17 3.41118671396008e+17 3.287565715095682e+17 3.151848673005377e+17 3.0012106359992986e+17 2.8317726463126966e+17 2.7383605192220374e+17 2.6379772445014368e+17 2.529457334941219e+17 2.4597973446158496e+17 2.411180893293423e+17 2.3345045833075882e+17 2.280476844930737e+17 2.1939598749193968e+17 2.1315357292339472e+17 2.0984465008446726e+17 2.0637869573894352e+17 2.027207755396354e+17 1.9882101924368368e+17 1.9460444080293658e+17 1.8462984345254934e+17 1.7814950263363146e+17 1.6890613461344243e+17
12775.001789738199 3.619804090442341e+17 3.516723821286472e+17 3.404975212663506e+17 3.282976539071921e+17 3.1486022380346765e+17 2.998988359651799e+17 2.8302028420892704e+17 2.7369287157144563e+17 2.6365497101573683e+17 2.5278664202506246e+17 2.4580194527856147e+17 2.409239295271753e+17 2.332262789819743e+17 2.2780000224599907e+17 2.19108693900234e+17 2.128378252626506e+17 2.09514332070942e+17 2.060337260070251e+17 2.023611806263516e+17 1.984470555843174e+17 1.9421666032065392e+17 1.842201000906497e+17 1.777378870257053e+17 1.685171475586572e+17
12825.001796742998 3.454362608443302e+17 3.367583763349848e+17 3.2721364325667245e+17 3.166346624101091e+17 3.047972395861686e+17 2.9140552283225984e+17 2.7604938982616845e+17 2.674624798446235e+17 2.58148270048409e+17 2.479835224106813e+17 2.414094031361375e+17 2.3679917051876406e+17 2.294938249877873e+17 2.243219718146009e+17 2.16000857791567e+17 2.099694434234773e+17 2.0676375015462512e+17 2.03399908189882e+17 1.9984326878752826e+17 1.960443865951786e+17 1.9192856794308816e+17 1.821564258740906e+17 1.7577796954440854e+17 1.666373968770869e+17
12875.001803747798 3.5717293108229555e+17 3.4701357041836736e+17 3.360129328859787e+17 3.2400940287094483e+17 3.108002239311768e+17 2.961057506915492e+17 2.7953435475548045e+17 2.7037959215109834e+17 2.605259677977977e+17 2.498541078249461e+17 2.4299297740025517e+17 2.3819973845684403e+17 2.3063240512619933e+17 2.2529556440116618e+17 2.1674302447051654e+17 2.1056867173982816e+17 2.0729502771139344e+17 2.038655856685652e+17 2.0024572628629725e+17 1.9638612891109162e+17 1.9221255431920496e+17 1.8233999364304803e+17 1.7592988201603882e+17 1.6680215403833354e+17
12925.001810752696 3.5421628646744723e+17 3.44102652652506e+17 3.3317035927280006e+17 3.212657922511716e+17 3.081826239432094e+17 2.936444431328125e+17 2.7726220399815453e+17 2.6821448439941846e+17 2.5847489277980413e+17 2.4792533611009526e+17 2.4114126311809965e+17 2.3640105716018835e+17 2.2891618195578906e+17 2.2363640937815392e+17 2.1517344144926838e+17 2.0906242313097843e+17 2.0582185875312144e+17 2.0242658546989488e+17 1.98842204452698e+17 1.9501963929978877e+17 1.9088490293791363e+17 1.8109699170383206e+17 1.747341526052185e+17 1.6565982238375094e+17
12975.001817757497 3.5613895440910605e+17 3.460290674836825e+17 3.3508637697818336e+17 3.231568410531105e+17 3.100265965040538e+17 2.9541130354594624e+17 2.789083051957025e+17 2.6977440077329654e+17 2.5992920052969046e+17 2.4924813400589574e+17 2.4237051389733e+17 2.3756122048606035e+17 2.2996208395714998e+17 2.2459872107959552e+17 2.1599974423562448e+17 2.097914897134617e+17 2.0650051191722013e+17 2.030537989784068e+17 1.994171238762337e+17 1.9554166742704966e+17 1.913540563302549e+17 1.8146761006010342e+17 1.7507062389848368e+17 1.6600552646366394e+17
13025.001824762398 3.5301963692607994e+17 3.43028605491132e+17 3.322194754336063e+17 3.2043944564417466e+17 3.074787403544689e+17 2.9305752106668384e+17 2.767765272212157e+17 2.6777004106200538e+17 2.580614504508752e+17 2.4752935826997466e+17 2.4074707078811334e+17 2.3600378409200067e+17 2.2850696715560547e+17 2.2321431276119302e+17 2.1472471951785165e+17 2.085916696497684e+17 2.053392619257868e+17 2.0193188485724397e+17 1.983355842474549e+17 1.945018630041195e+17 1.9035794273767178e+17 1.805690894508633e+17 1.7423120789189254e+17 1.652438465541685e+17
13075.001831767197 3.537277439169932e+17 3.4377248330471526e+17 3.329889274956511e+17 3.2122242137124115e+17 3.082636585255299e+17 2.9381894234052864e+17 2.774799717410172e+17 2.6842331776424675e+17 2.5864854657786022e+17 2.4802718997544618e+17 2.4117893171157043e+17 2.363858920137897e+17 2.2880619801628582e+17 2.2345233907892973e+17 2.1486307089089664e+17 2.0865905554597885e+17 2.0536995784497133e+17 2.0192523660541587e+17 1.982908817132318e+17 1.9441851691965613e+17 1.9023547522420006e+17 1.803699847301976e+17 1.7400052791348563e+17 1.650056120702725e+17
13125.001838772097 3.467519927858164e+17 3.3706248052562624e+17 3.2657754836472256e+17 3.1514588506738976e+17 3.025637578095533e+17 2.885525220275454e+17 2.7272028910280147e+17 2.6395157047701066e+17 2.5449208035422122e+17 2.442175538492154e+17 2.3759417439933837e+17 2.3295880577497123e+17 2.2562661449763066e+17 2.2044592558199475e+17 2.1212915971270074e+17 2.0611646072902778e+17 2.0292621795372778e+17 1.995829060469193e+17 1.9605273713775158e+17 1.9228778629404758e+17 1.8821587920358214e+17 1.7858609621748685e+17 1.7234304832799366e+17 1.6348460143105856e+17
13175.001845776898 3.458955407721857e+17 3.362942743949495e+17 3.259025856729783e+17 3.1456127047000154e+17 3.020668683878547e+17 2.881411562546875e+17 2.723810323106641e+17 2.636399762981253e+17 2.541990162106016e+17 2.4393074350548778e+17 2.3730315746856906e+17 2.3266101109145414e+17 2.2531248462997043e+17 2.201166204773586e+17 2.1177062117556426e+17 2.0573426996512195e+17 2.0253130493123894e+17 1.9917464619422778e+17 1.956306456368853e+17 1.9185145634914762e+17 1.8776518951529152e+17 1.7810909245626643e+17 1.718590224103061e+17 1.6301220955780506e+17
13225.001852781797 3.4920689988702394e+17 3.394731526545833e+17 3.289242513804431e+17 3.1740465040843744e+17 3.0469996829940634e+17 2.905185143303583e+17 2.7444664687271472e+17 2.6552213755286502e+17 2.558752989482354e+17 2.453748870954456e+17 2.3859470979553302e+17 2.3384464244896672e+17 2.2632514521345014e+17 2.2100948628885888e+17 2.124760259062275e+17 2.063104372594763e+17 2.030416937011931e+17 1.996186558830702e+17 1.960076989912534e+17 1.9216109054928173e+17 1.880070781122983e+17 1.7821725445757846e+17 1.71905708605487e+17 1.630132828778333e+17
13275.001859786598 3.4394256696892634e+17 3.344114808126512e+17 3.240887405711242e+17 3.1281935964939565e+17 3.0039973741133344e+17 2.865462116125796e+17 2.7085319841861427e+17 2.6214084243503328e+17 2.527231885211755e+17 2.4247031341171584e+17 2.3584748956359853e+17 2.3120597886127277e+17 2.2385556574506358e+17 2.1865602721677546e+17 2.103020755752508e+17 2.0425997775155152e+17 2.01054240296652e+17 1.9769514011238672e+17 1.941491987256583e+17 1.903687849402459e+17 1.8628222863539302e+17 1.7663152469131856e+17 1.703914960370572e+17 1.615719434544958e+17
13325.001866791497 3.4464960098104614e+17 3.351640163141185e+17 3.2487585870605056e+17 3.1363729268732717e+17 3.0123991012647034e+17 2.8738938470230368e+17 2.716706485229132e+17 2.629273796580788e+17 2.5346401830016093e+17 2.431451852569751e+17 2.3647083786256397e+17 2.3178981120704224e+17 2.243708236904611e+17 2.1911976632000608e+17 2.1067980215141635e+17 2.0457485886726266e+17 2.0133628599073187e+17 1.9794346216759587e+17 1.943630137693504e+17 1.905474055527682e+17 1.8642528491384694e+17 1.767065416672231e+17 1.7044200656517712e+17 1.6162995094831565e+17
13375.001873796298 3.4342405326425286e+17 3.339932168593747e+17 3.2376953741425414e+17 3.125951330671427e+17 3.002601466100714e+17 2.8647758650519283e+17 2.7082806662906237e+17 2.6212055534648016e+17 2.5269175116340947e+17 2.4240630802866803e+17 2.3575095970719462e+17 2.310820233332115e+17 2.2367985248737235e+17 2.184391398836763e+17 2.1001439441700285e+17 2.0391974478611987e+17 2.0068675119793027e+17 1.9729989182027123e+17 1.937261113061788e+17 1.8991820268081005e+17 1.8580520862707715e+17 1.761129515890963e+17 1.698706930234641e+17 1.6109868315152698e+17
13425.0018808012 3.445382339785397e+17 3.351279574861412e+17 3.249134405227801e+17 3.137334107209563e+17 3.0137968695651866e+17 2.8754920573070784e+17 2.718138795265488e+17 2.630438536212271e+17 2.5353444296736662e+17 2.4314634999653066e+17 2.3641648255388218e+17 2.3169177972810413e+17 2.241963182447806e+17 2.1888667640439114e+17 2.103478995618475e+17 2.0417071963856576e+17 2.0089446496361462e+17 1.9746323682956573e+17 1.938438893529105e+17 1.899893092932551e+17 1.8582879682492496e+17 1.7604167772711194e+17 1.6975778659388896e+17 1.6096595441549072e+17
13475.001887805996 3.427033582397061e+17 3.333699090229874e+17 3.232383108055758e+17 3.12148677369219e+17 2.9988945101034214e+17 2.8616231346399984e+17 2.7054121994625702e+17 2.6183268006814013e+17 2.5238668786331974e+17 2.420641877702481e+17 2.3537493525997267e+17 2.3067713535459123e+17 2.2322262847468016e+17 2.179406277542786e+17 2.094444419910251e+17 2.0329679147697574e+17 2.0003601875756512e+17 1.9662089702440675e+17 1.930184881928057e+17 1.8918196286152214e+17 1.8504091934577568e+17 1.753001964208799e+17 1.6904758534262086e+17 1.6030492216283514e+17
13525.001894810797 3.418310040984435e+17 3.3259246763490445e+17 3.2255587195658003e+17 3.115620938406114e+17 2.9939426100538694e+17 2.8575308432851923e+17 2.7020569684741254e+17 2.6152391056052272e+17 2.5209675651019046e+17 2.41780807689776e+17 2.3508757783193216e+17 2.3038356908453597e+17 2.2291318784215187e+17 2.1761612615148134e+17 2.0909019949293514e+17 2.0291861079879158e+17 1.996447512071007e+17 1.962159364888715e+17 1.925992978104412e+17 1.887481243561101e+17 1.845921930885346e+17 1.7482276253955216e+17 1.685599390898493e+17 1.5982145687103498e+17
13575.001901815696 3.367520587892984e+17 3.276853286540966e+17 3.1783911428301434e+17 3.070673152413577e+17 2.951546763816234e+17 2.8181189969833216e+17 2.6661974817297264e+17 2.581425031671344e+17 2.489413957276091e+17 2.388750874600169e+17 2.3234433326997715e+17 2.277542859832187e+17 2.204634989839486e+17 2.1529187596716643e+17 2.069631707932336e+17 2.0092933765146685e+17 1.977264670319627e+17 1.943701084173707e+17 1.9082768021428778e+17 1.8705255495128278e+17 1.829747892661036e+17 1.7336909997394874e+17 1.6719251697524323e+17 1.5854509761174502e+17
13625.001908820497 3.3640116749580563e+17 3.273571039876471e+17 3.175344252917615e+17 3.067809971895641e+17 2.9488467479920237e+17 2.8155014489225098e+17 2.6634883390875834e+17 2.5785747456768106e+17 2.4863090662129302e+17 2.3852600461126858e+17 2.319638156417049e+17 2.2734861548338573e+17 2.200136500060641e+17 2.1480789804572013e+17 2.0642102657448874e+17 2.0034394790558422e+17 1.971181429605555e+17 1.9373808038574115e+17 1.9017105405373834e+17 1.8637038128658435e+17 1.8226592778124662e+17 1.7260252488142877e+17 1.6639464016150618e+17 1.577156091245496e+17
13675.001915825398 3.361706322792479e+17 3.271908385095904e+17 3.1743553631082925e+17 3.067457889971369e+17 2.949123106380085e+17 2.816352552066128e+17 2.6648393485187434e+17 2.580137608428251e+17 2.4880284652271907e+17 2.3870690056250038e+17 2.3214475335582058e+17 2.2752674351535024e+17 2.20182638660868e+17 2.1496709578738867e+17 2.0655910217719936e+17 2.0046384191854624e+17 1.972279231389671e+17 1.9383719316968746e+17 1.902591959373814e+17 1.8644750653218058e+17 1.8233255908033338e+17 1.7265508071290573e+17 1.6645220877632845e+17 1.578115118994157e+17
13725.001922830197 3.3590669647427776e+17 3.270691753105964e+17 3.17447718072103e+17 3.0688689608388205e+17 2.95170814992133e+17 2.8199569631531974e+17 2.669175655192932e+17 2.5846559956484355e+17 2.4925583156778694e+17 2.3913730393237344e+17 2.3254782705819242e+17 2.2790479165873222e+17 2.2051088004739414e+17 2.1525337103635946e+17 2.067687304872324e+17 2.006129543863432e+17 1.9734399127093254e+17 1.939183956291415e+17 1.9030381037728512e+17 1.8645395429594618e+17 1.8229948397216832e+17 1.725420934746583e+17 1.663049163901404e+17 1.5765321518984934e+17
13775.001929835098 3.34192587071925e+17 3.2538114942519046e+17 3.1579477991914694e+17 3.052789686677278e+17 2.9361729365634157e+17 2.805087513226665e+17 2.6551298928884918e+17 2.571094115348415e+17 2.4795374979493635e+17 2.3789459888828112e+17 2.313433505590331e+17 2.267266533068824e+17 2.1937425239811888e+17 2.1414568183893037e+17 2.0570710797191066e+17 1.9958465969831226e+17 1.9633348260064486e+17 1.9292672242797222e+17 1.893320839817547e+17 1.8550351030789526e+17 1.8137189434493658e+17 1.716662725646024e+17 1.65459721866081e+17 1.568471510188859e+17
13825.001936839897 3.337870377196407e+17 3.250342699804249e+17 3.155073353374243e+17 3.0504744437217056e+17 2.934373189361606e+17 2.803748593479255e+17 2.6541227477692058e+17 2.570171902292808e+17 2.4786257588958227e+17 2.3779358537153978e+17 2.312295408397738e+17 2.2660099333531453e+17 2.192251286898559e+17 2.1397657094145376e+17 2.0550118575829738e+17 1.9934980894147056e+17 1.9608296218685235e+17 1.9265969397287158e+17 1.890479659899492e+17 1.8520176625937338e+17 1.8105215157515862e+17 1.7131150816719552e+17 1.6509243316743254e+17 1.5648603487031667e+17
13875.001943844798 3.317748477152334e+17 3.2306847921795686e+17 3.135881208840847e+17 3.0318445250744845e+17 2.916472859007471e+17 2.7866517611031946e+17 2.6379701813605814e+17 2.5545438412451613e+17 2.463541975772129e+17 2.3633921411684294e+17 2.2980729948200013e+17 2.2520013718108598e+17 2.1785483258543286e+17 2.126265344552276e+17 2.0418079370864147e+17 1.9804956136442285e+17 1.9479307924379555e+17 1.91380519257963e+17 1.8777982935559053e+17 1.839449838957934e+17 1.7980682718452154e+17 1.7008737018635363e+17 1.6387528535820336e+17 1.5526780486188214e+17
13925.001950849599 3.314938968626654e+17 3.2287128692310874e+17 3.1347564161036736e+17 3.031526911027677e+17 2.916849472909966e+17 2.7876173524636333e+17 2.6393424194963226e+17 2.5560098111306426e+17 2.4650133389612598e+17 2.3647605576834976e+17 2.2993051205599088e+17 2.253103999242635e+17 2.1793942442961747e+17 2.1268899059067318e+17 2.0420286076922374e+17 1.980399328646267e+17 1.947665841566148e+17 1.913365985808434e+17 1.8771830156256928e+17 1.8386610939699347e+17 1.79711566949893e+17 1.6996827656543946e+17 1.6375684226945514e+17 1.551783119808363e+17
13975.001957854496 3.298661855690087e+17 3.213339490704757e+17 3.120309231260626e+17 3.01804339663508e+17 2.904387974025325e+17 2.7762682007411232e+17 2.6291416306675034e+17 2.546395183673384e+17 2.4559741817732902e+17 2.356267233308051e+17 2.2911130946296893e+17 2.2451000712827178e+17 2.171642273890896e+17 2.119283045893158e+17 2.0346036610728816e+17 1.973071918755505e+17 1.9403808290988045e+17 1.9061221242327203e+17 1.8699788594544506e+17 1.83149747210933e+17 1.789995408939155e+17 1.6926717324566435e+17 1.6306424860422106e+17 1.5450127173414384e+17
14025.001964859297 3.262823200662104e+17 3.17856819037265e+17 3.086781648454939e+17 2.985956526979159e+17 2.873940572967206e+17 2.7477720759205104e+17 2.6029652203745254e+17 2.5215583620077235e+17 2.432617977508478e+17 2.3345527414431014e+17 2.2704742479148682e+17 2.2252126114254576e+17 2.152940325278031e+17 2.1014119484640083e+17 2.0180347499690195e+17 1.9574105841103875e+17 1.925186347337131e+17 1.8914036605351037e+17 1.85574626968522e+17 1.817761565071372e+17 1.776767464068682e+17 1.68049268462314e+17 1.6190022436478944e+17 1.5339351401272694e+17
14075.001971864098 3.266404222660659e+17 3.181660352795654e+17 3.089301120223594e+17 2.987723881374583e+17 2.874736886893614e+17 2.7473137707670483e+17 2.6009062536163293e+17 2.5185405070263763e+17 2.4285169023738477e+17 2.329232813840107e+17 2.2643550589759882e+17 2.218536275190036e+17 2.1454028223339574e+17 2.0932889012356746e+17 2.0090530551786262e+17 1.9478983319802166e+17 1.9154325717352944e+17 1.8814311398989245e+17 1.8455848363923958e+17 1.8074477212076573e+17 1.766346692843931e+17 1.6700257122972576e+17 1.608593145266307e+17 1.5235262062543203e+17
14125.001978868997 3.212197962275011e+17 3.128694984040611e+17 3.037680607527075e+17 2.9376397009075226e+17 2.82641418420797e+17 2.7010663072775568e+17 2.5571841419628394e+17 2.4763321575599334e+17 2.3880390398897485e+17 2.2907955618441648e+17 2.2273279456453168e+17 2.1825436389038678e+17 2.111136208367675e+17 2.06030653902201e+17 1.9782401137762134e+17 1.918725961960203e+17 1.8871501292148816e+17 1.854091056979754e+17 1.8192458926949603e+17 1.7821766754000906e+17 1.7422177439713418e+17 1.648428927244644e+17 1.5883633316411245e+17 1.5045718908545795e+17
14175.001985873798 3.232976174707764e+17 3.14902046043448e+17 3.057412771034748e+17 2.956523810413852e+17 2.8442130815117296e+17 2.7174350553752806e+17 2.5716095446784214e+17 2.4895230090813203e+17 2.399769364803615e+17 2.300769443469538e+17 2.2360822834571264e+17 2.190407562470148e+17 2.117537031066034e+17 2.065642377857541e+17 1.9818508169377194e+17 1.921111490982366e+17 1.888905273530272e+17 1.855207222674179e+17 1.8197174809741546e+17 1.7819999115153002e+17 1.7413915003469434e+17 1.6463103743029414e+17 1.5856184751014147e+17 1.5012696064165802e+17
14225.001992878697 3.171876040796712e+17 3.090299195976038e+17 3.0013639091448326e+17 2.9035467733451456e+17 2.7947578862159235e+17 2.6720835309561642e+17 2.5311602444442064e+17 2.4518901884440854e+17 2.3652496131783683e+17 2.2696937359940826e+17 2.2072447881816448e+17 2.163131924364902e+17 2.0927132290784416e+17 2.042522624580013e+17 1.9613773285462557e+17 1.9024556825637603e+17 1.8711723143865776e+17 1.838405722392469e+17 1.8038552956728893e+17 1.7670855350686166e+17 1.727432459702734e+17 1.6342909027167328e+17 1.574606700540781e+17 1.4914335148374314e+17
14275.001999883498 3.118223155593874e+17 3.038248632611073e+17 2.95110385694697e+17 2.8554239677772346e+17 2.7491287984910374e+17 2.6294435881134138e+17 2.4921724893805117e+17 2.41504957798175e+17 2.330828661746945e+17 2.2380133266221626e+17 2.1773845313608125e+17 2.1345707319561222e+17 2.0662272216091968e+17 2.0175128540434893e+17 1.9387259843127952e+17 1.881475429120328e+17 1.851059595183815e+17 1.8191832368713578e+17 1.785547837332536e+17 1.7497197796049754e+17 1.7110397923048346e+17 1.619957921569451e+17 1.561381603767375e+17 1.4794243269675478e+17
14325.002006888399 3.1839169908021146e+17 3.102636871453431e+17 3.0138736716618394e+17 2.916111862564554e+17 2.8072176316874826e+17 2.6841601145523517e+17 2.542456025855419e+17 2.4625500396115517e+17 2.3750498992735088e+17 2.2783212239972806e+17 2.214973000562486e+17 2.17016837875746e+17 2.098535801806352e+17 2.0474105979390048e+17 1.9646534580002442e+17 1.904510267100558e+17 1.8725716740761168e+17 1.839121096527026e+17 1.8038590188134074e+17 1.766349832158332e+17 1.7259323969092928e+17 1.631213841166597e+17 1.570791359109054e+17 1.4871888607644662e+17
14375.002013893198 3.194950032447716e+17 3.1140026080907206e+17 3.0255202526444646e+17 2.927940923986506e+17 2.8190703038962902e+17 2.6958755640493354e+17 2.5536860814318122e+17 2.473364466434014e+17 2.3852839561055072e+17 2.2877495112518717e+17 2.2237798317966733e+17 2.178485976957702e+17 2.1059998752853046e+17 2.05420798534805e+17 1.9702888895813776e+17 1.9092554350883648e+17 1.8768370537694986e+17 1.8428834641505677e+17 1.8070961821931798e+17 1.769040178248013e+17 1.7280548584800422e+17 1.632151279415799e+17 1.571151532168937e+17 1.4871493311985824e+17
14425.002020898099 3.0964762910410765e+17 3.0199456566532506e+17 2.936272493046394e+17 2.844045204567807e+17 2.741185489975285e+17 2.6247341226909357e+17 2.4903257412966995e+17 2.414372727888704e+17 2.3310481870122512e+17 2.2387223706243344e+17 2.1781156386249584e+17 2.135174061697575e+17 2.0663752887020755e+17 2.0171535650693734e+17 1.9372439684558554e+17 1.8789782343148758e+17 1.8479706293966083e+17 1.8154455835784125e+17 1.7811058310803875e+17 1.7445196011033523e+17 1.7050311535116803e+17 1.6122334436476822e+17 1.552858833410434e+17 1.4705224407405434e+17
14475.002027902896 3.1679304677248294e+17 3.088878553570625e+17 3.002424603400428e+17 2.907081779622386e+17 2.800633006393712e+17 2.680071448550466e+17 2.5407417292485338e+17 2.4619202143512243e+17 2.3753508534421578e+17 2.279296784794888e+17 2.2161695580172365e+17 2.1714012561844928e+17 2.0996164745094822e+17 2.048215816211328e+17 1.9647231833441613e+17 1.9038376988380925e+17 1.8714450583855674e+17 1.837482181512745e+17 1.8016480103083053e+17 1.763505724600718e+17 1.7223930635363635e+17 1.6261247352166246e+17 1.5649545973600374e+17 1.4810978186525952e+17
14525.002034907797 3.102808396582472e+17 3.0264465891407104e+17 2.9429497782190125e+17 2.8508184578927142e+17 2.7479973857922525e+17 2.6314371466604432e+17 2.4966923214997632e+17 2.4204030452586848e+17 2.3365557711775853e+17 2.2434490037071024e+17 2.1822010103528346e+17 2.1387386992238538e+17 2.0689931660819914e+17 2.0190116535163994e+17 1.9377429845506483e+17 1.8784184207260256e+17 1.8468347034570573e+17 1.8137050824631776e+17 1.7787324735453206e+17 1.7414876412064227e+17 1.701316879983499e+17 1.6071058714697792e+17 1.547054388735718e+17 1.4642733952552483e+17
14570.002041212096 3.110961307867535e+17 3.03402146842685e+17 2.9498752203497043e+17 2.8569499127204406e+17 2.753174289051633e+17 2.635523413978066e+17 2.4994157893792883e+17 2.4223425808802656e+17 2.3376143743264746e+17 2.243518462897604e+17 2.181613894258174e+17 2.137685533957964e+17 2.067197653802937e+17 2.0166917685543264e+17 1.9346030528913194e+17 1.874716259911769e+17 1.842852292614703e+17 1.8094454060204634e+17 1.77420205461032e+17 1.736695592794045e+17 1.6962755543668522e+17 1.6016158984933578e+17 1.5413790999960874e+17 1.4584878560336806e+17
14620.002048216997 3.113450695020984e+17 3.0365621591590214e+17 2.9523725329313165e+17 2.859382436552251e+17 2.755410781270916e+17 2.6373969584800525e+17 2.5007144786860003e+17 2.42323085440973e+17 2.3379864341899632e+17 2.2432290207865104e+17 2.1808471468106602e+17 2.136558648609751e+17 2.065463154678694e+17 2.014503344984454e+17 1.931657931563101e+17 1.8712235732859987e+17 1.839076449000647e+17 1.805384055099395e+17 1.7698560304906563e+17 1.732072391025582e+17 1.691390670339904e+17 1.5963085458730637e+17 1.535958174556377e+17 1.4530619384859283e+17
14675.002055922298 3.0992945516279424e+17 3.022843800333191e+17 2.9391800072745056e+17 2.846684153159219e+17 2.7432517727762518e+17 2.6258175727846333e+17 2.489742268919056e+17 2.4125590704479843e+17 2.3276189436189613e+17 2.2331516812421507e+17 2.1709397017216752e+17 2.126760568327161e+17 2.0558237746772416e+17 2.0049687818931315e+17 1.922287353380207e+17 1.8619784029274803e+17 1.8299030330801424e+17 1.7962913727366998e+17 1.760856774084627e+17 1.723181491982515e+17 1.6826265901464317e+17 1.587862653782901e+17 1.52770995601268e+17 1.445073287350761e+17
14725.002062927097 3.049896961418297e+17 2.975332894512157e+17 2.893803288979233e+17 2.803772239905811e+17 2.7031780165560454e+17 2.589028097913111e+17 2.4568410696401936e+17 2.381897414254848e+17 2.2994197348898832e+17 2.207678458502519e+17 2.147234050773072e+17 2.1042912011988426e+17 2.035292982865985e+17 1.9857792818532582e+17 1.905174834502467e+17 1.8462790291094822e+17 1.8149158680486237e+17 1.7820189092747382e+17 1.747301241854229e+17 1.7103453699324966e+17 1.6705139681630982e+17 1.5772216401245546e+17 1.517831768646252e+17 1.436032056928967e+17
14775.002069931998 3.054391638729644e+17 2.9807256527236186e+17 2.900045071976173e+17 2.810853821893998e+17 2.7110577253161126e+17 2.5976685374678138e+17 2.466082439037009e+17 2.3913200609302342e+17 2.308904173463131e+17 2.2170436101846525e+17 2.156393965516633e+17 2.1132459679218083e+17 2.0437995387872256e+17 1.9938785227388118e+17 1.91245359948691e+17 1.8528486033963155e+17 1.8210757632175507e+17 1.787730192057404e+17 1.7525240548279104e+17 1.715039292624007e+17 1.6746374025058698e+17 1.580089613370469e+17 1.5200586418345226e+17 1.4378179132583166e+17
14825.002076936798 3.05439854045095e+17 2.980780803426555e+17 2.9001531847472755e+17 2.8109415327198858e+17 2.711093677031664e+17 2.5975670347829578e+17 2.465714401722741e+17 2.3907459758579245e+17 2.3080744627565296e+17 2.215865777624575e+17 2.1549633323773974e+17 2.111618137395069e+17 2.0418379899053853e+17 1.991663722817582e+17 1.9098108242749306e+17 1.8498873036448102e+17 1.8179467440233123e+17 1.7844284787142614e+17 1.7490449352468618e+17 1.7113777328573245e+17 1.6707877071129398e+17 1.575829657688399e+17 1.5155662477044045e+17 1.4331203205148584e+17
14875.002083941697 2.956045462248003e+17 2.886773535642108e+17 2.8110294134147738e+17 2.7273455704213805e+17 2.6337937218550605e+17 2.5275187703820163e+17 2.4042118744233926e+17 2.3341444138364422e+17 2.2568555357315776e+17 2.1705998424145693e+17 2.1135702142233088e+17 2.0729363203729277e+17 2.0074191288198317e+17 1.9602073332782634e+17 1.8829391484293862e+17 1.826130180783923e+17 1.7957497630063514e+17 1.7637870797546058e+17 1.729947359553784e+17 1.6938079319566013e+17 1.6547260392776397e+17 1.5627355019520717e+17 1.5039729749918096e+17 1.4232078424379853e+17
14925.002090946498 3.0701250476144083e+17 2.997288993644871e+17 2.9174315830976954e+17 2.828925705824295e+17 2.7297245111256736e+17 2.6166713826117786e+17 2.4850032422293376e+17 2.4099330953168115e+17 2.3269088642927773e+17 2.234003280842496e+17 2.172424798831384e+17 2.1284858126169408e+17 2.057536678929352e+17 2.0063559176998128e+17 1.922555344029883e+17 1.860989073215471e+17 1.8281102313812368e+17 1.793571229060833e+17 1.7570824814259824e+17 1.7182220714254035e+17 1.6763493253743206e+17 1.5785531543302643e+17 1.5167700839240723e+17 1.4329812072775595e+17
14975.0020979514 3.0301369481630906e+17 2.9589645950776845e+17 2.8809156966348403e+17 2.7945478375916842e+17 2.697721908528117e+17 2.58744964542162e+17 2.4590517547513894e+17 2.3858333621040384e+17 2.3048468911278816e+17 2.214177924317206e+17 2.154033272834254e+17 2.1110956122718502e+17 2.0417076847495664e+17 1.9916009232624454e+17 1.909449591876701e+17 1.8489983774807856e+17 1.8166766260167373e+17 1.78269325991907e+17 1.7467562899177706e+17 1.7084447443766618e+17 1.667115575104232e+17 1.570381225980987e+17 1.509114573479759e+17 1.425889293495605e+17
15025.002104956196 2.8908180682707437e+17 2.8234095063255536e+17 2.7498570529113293e+17 2.6685329517216848e+17 2.5776748347904944e+17 2.4745996421758112e+17 2.355135628168803e+17 2.287292229646966e+17 2.2125022187600195e+17 2.1290831600138915e+17 2.073935962567789e+17 2.0346463487309574e+17 1.971283221230017e+17 1.9256123606247674e+17 1.850832151405924e+17 1.795820211431066e+17 1.766387969410467e+17 1.7354098199391907e+17 1.7026006728877856e+17 1.6675465349935574e+17 1.6296164326527603e+17 1.540217415698029e+17 1.482992715730045e+17 1.4041918978917978e+17
15075.002111961097 2.933709234750503e+17 2.865857182111159e+17 2.7914764284222134e+17 2.7092143485414467e+17 2.6171895870869677e+17 2.512460345520855e+17 2.3906265505730694e+17 2.3212330465981277e+17 2.244459182573519e+17 2.1585246553587203e+17 2.1015127549050237e+17 2.0607971728344832e+17 1.994973171554001e+17 1.9473943079966698e+17 1.8692827997241328e+17 1.8116811940329846e+17 1.7808325697789533e+17 1.748353271324705e+17 1.7139528846342294e+17 1.6772118269577107e+17 1.6374929694985126e+17 1.5441364433992528e+17 1.484674411605096e+17 1.4033934277469118e+17
15125.002118965896 3.0069247233912774e+17 2.93701875493537e+17 2.8602847165664365e+17 2.7752408409239136e+17 2.6797567029313667e+17 2.5708163341085677e+17 2.4436817157772144e+17 2.3710285257999334e+17 2.2905277130829837e+17 2.2001716968763366e+17 2.1401224248921754e+17 2.097185430325314e+17 2.027669929219247e+17 1.9773741659436794e+17 1.894743083667139e+17 1.8338159565667926e+17 1.8012079276766534e+17 1.7669068146198592e+17 1.730625135796132e+17 1.6919479727971325e+17 1.65024432634805e+17 1.552802634929202e+17 1.4912690718926947e+17 1.407971179026732e+17
15175.002125970797 3.007404915360327e+17 2.938394590665823e+17 2.8626069757876365e+17 2.778422523491743e+17 2.6839066648140093e+17 2.575956488594576e+17 2.4497518444319376e+17 2.377516517764213e+17 2.2973378687589037e+17 2.2071988055764595e+17 2.147168679908527e+17 2.1041764354259453e+17 2.0344517398823725e+17 1.9839029022428298e+17 1.900665889702192e+17 1.839139831953547e+17 1.80616285217498e+17 1.771440179989404e+17 1.7346817735871254e+17 1.69546567820457e+17 1.6531559644245427e+17 1.5542623562742093e+17 1.4918557834672224e+17 1.4076382644740557e+17
15225.002132975598 2.963400867098405e+17 2.896146379511206e+17 2.8222316340896205e+17 2.740285159927247e+17 2.6483267041191904e+17 2.543360431432316e+17 2.420698459973875e+17 2.3505190493008634e+17 2.2726339521323904e+17 2.1850437620749037e+17 2.1266764475870768e+17 2.0848682582638218e+17 2.0170235378254496e+17 1.9678002746433856e+17 1.8866461001507917e+17 1.826564859086717e+17 1.7943216248531578e+17 1.760333229099151e+17 1.7243088381465178e+17 1.6858235208372902e+17 1.644234250582539e+17 1.546731808131495e+17 1.48499337456879e+17 1.4014956877294507e+17
15275.002139980497 2.98036156402967e+17 2.913361190404495e+17 2.8397505689454048e+17 2.7579110007647866e+17 2.66585950831795e+17 2.5605152006019178e+17 2.4370838915100083e+17 2.366260703899564e+17 2.2874884648832483e+17 2.1986978925378368e+17 2.1393963982430176e+17 2.0968479624503808e+17 2.0276917683508467e+17 1.9774376048877706e+17 1.8944463698038656e+17 1.8329128683405834e+17 1.7998743797378422e+17 1.7650420287555197e+17 1.7281235065077728e+17 1.6886986631100278e+17 1.6461266672150778e+17 1.5465425674587123e+17 1.483718700550036e+17 1.3991558542719154e+17
15325.002146985298 2.964907764079963e+17 2.898814956425875e+17 2.8258550154036118e+17 2.7451072830139526e+17 2.654161410384271e+17 2.55029153052195e+17 2.4285456399960083e+17 2.3587008408083814e+17 2.2810400236618595e+17 2.1934369674903382e+17 2.134924199536243e+17 2.0929051368695872e+17 2.0245574729603235e+17 1.974832767810793e+17 1.8925907732430358e+17 1.8314935536548474e+17 1.7986375451328826e+17 1.7639611611854925e+17 1.727165917899203e+17 1.6878223137263405e+17 1.64528404062868e+17 1.5455721524370243e+17 1.48254718746835e+17 1.397702756848994e+17
15375.002153990095 2.958268904104249e+17 2.893092018244945e+17 2.8215342902713488e+17 2.7417901427919357e+17 2.6520648224406144e+17 2.5491674036866416e+17 2.4286046617811402e+17 2.359306916365084e+17 2.2821390555735392e+17 2.1949460522694774e+17 2.1366183271086314e+17 2.094688177093119e+17 2.026378224737274e+17 1.9765887862990163e+17 1.8940977643399622e+17 1.8327078058984432e+17 1.7996558628594838e+17 1.7647467886606646e+17 1.727677983510144e+17 1.6880188881902934e+17 1.6451213208296086e+17 1.5445526566810925e+17 1.4810325146751667e+17 1.39572943650782e+17
15425.002160994996 2.9581150393339616e+17 2.8937219457642106e+17 2.82231080015375e+17 2.743510491313249e+17 2.6546445617479827e+17 2.5524533013590768e+17 2.4323209438761312e+17 2.363177077981348e+17 2.2860390072439936e+17 2.1987688813312694e+17 2.1402677741494592e+17 2.098155969851968e+17 2.029465304816399e+17 1.9793456978327856e+17 1.8961794034029142e+17 1.834190241143967e+17 1.8007905738894342e+17 1.7655029218440877e+17 1.7280193632684384e+17 1.6879101869456906e+17 1.644529155999837e+17 1.5429072622745837e+17 1.478844017752824e+17 1.3930533995779555e+17
15475.002167999797 2.948496146405247e+17 2.8843516453119494e+17 2.8136386627840042e+17 2.7354003224874717e+17 2.64700012737948e+17 2.5457057288945254e+17 2.4266519608279158e+17 2.3580578551353926e+17 2.281540741973042e+17 2.1949202894835885e+17 2.136827460371364e+17 2.0950249810453923e+17 2.026769317314828e+17 1.97695076407678e+17 1.8941564526239846e+17 1.8323648153293018e+17 1.7990401100636326e+17 1.763802636420586e+17 1.726342123998102e+17 1.6862253210253923e+17 1.6427991505446605e+17 1.540948953672624e+17 1.476665733657428e+17 1.3905844385684029e+17
15525.002175004696 2.911112143282419e+17 2.847769906971165e+17 2.7776516788104342e+17 2.7001685808487293e+17 2.6127461101375024e+17 2.512633614144275e+17 2.395207559255147e+17 2.3277853236798602e+17 2.2526450296915974e+17 2.1677047900735072e+17 2.1107976939511117e+17 2.069872869248208e+17 2.0030808738582554e+17 1.9543362938309885e+17 1.873402254909541e+17 1.8130015556138854e+17 1.780423609322353e+17 1.74597046005685e+17 1.7093337164550832e+17 1.6700831994510483e+17 1.6275626127864227e+17 1.5276764692123094e+17 1.4644631747821894e+17 1.3795127139926826e+17
15575.002182009497 2.899630511574349e+17 2.8370942195641853e+17 2.7679865745532547e+17 2.6911832589044522e+17 2.6048986395357546e+17 2.5060493950950026e+17 2.3899212314870086e+17 2.3232191104854122e+17 2.2488194083916333e+17 2.1646041554097747e+17 2.10813650906302e+17 2.067448967769619e+17 2.001040956619019e+17 1.9525173126735274e+17 1.8717989807515798e+17 1.8114455986804886e+17 1.7788475025559382e+17 1.7443363141426058e+17 1.707600508528537e+17 1.6681956735937622e+17 1.6254594862655104e+17 1.5248745011312234e+17 1.4611044428546576e+17 1.3753059244903165e+17
15625.002189014396 2.91569889605535e+17 2.8538185776708746e+17 2.7856170342626448e+17 2.7098564159202256e+17 2.6246128345556893e+17 2.5264410870912646e+17 2.4106115051318733e+17 2.343929249579216e+17 2.269287585841237e+17 2.1845214431662266e+17 2.1275186458544182e+17 2.0863471865832243e+17 2.0189696249049094e+17 1.96958629315695e+17 1.8872014510491494e+17 1.8254169322009427e+17 1.7919763709683613e+17 1.756541193824055e+17 1.7187934877503293e+17 1.678274521304958e+17 1.634320891163399e+17 1.5309347905449466e+17 1.4655254978644467e+17 1.3779317674158578e+17
15675.002196019197 2.8586507872645712e+17 2.797848579582538e+17 2.730663490990831e+17 2.65609965737415e+17 2.57176272228324e+17 2.4757868632925517e+17 2.3628222183823987e+17 2.297826973351217e+17 2.225423311914009e+17 2.1434658046665408e+17 2.0884021666434893e+17 2.0487390015181555e+17 1.9839244300552022e+17 1.936495289823997e+17 1.8574822428910003e+17 1.7982876297894275e+17 1.766258856056914e+17 1.7323078499110973e+17 1.69612808394677e+17 1.6572674402257024e+17 1.6150751577682474e+17 1.515573027186241e+17 1.4523758936176e+17 1.367350920533051e+17
15725.002203024098 2.8606761368799165e+17 2.8005659373321293e+17 2.7348085683979222e+17 2.661403175464623e+17 2.5790168168760102e+17 2.484236029594745e+17 2.3726694521342246e+17 2.308418261398984e+17 2.2363781922945264e+17 2.1545136449885872e+17 2.099423229986579e+17 2.0596412029095018e+17 1.9944516790088784e+17 1.9465968749046416e+17 1.8665934396492224e+17 1.806427665631388e+17 1.7738106662877085e+17 1.739191877233791e+17 1.7022515957831443e+17 1.662544217723226e+17 1.619397724407323e+17 1.5176406312212323e+17 1.4530897603930483e+17 1.3665023314585893e+17
15775.002210028897 2.7343053725438317e+17 2.6765983609613258e+17 2.6142732669686544e+17 2.5442645639099216e+17 2.46600891905264e+17 2.376237546446431e+17 2.271018959700805e+17 2.2105695312745664e+17 2.1432658800082006e+17 2.067189692725714e+17 2.0161940508406736e+17 1.9794735829806624e+17 1.9194695736681053e+17 1.8755654428293494e+17 1.8024082051095293e+17 1.747513340411963e+17 1.7177747035787222e+17 1.6862098024866816e+17 1.652505352807344e+17 1.6162108124158733e+17 1.5766662212977578e+17 1.4827327756423245e+17 1.4224377417405334e+17 1.3402345522494413e+17
15825.002217033798 2.8148850162376115e+17 2.7560713456912624e+17 2.691136413343923e+17 2.619546183960768e+17 2.5388792443858954e+17 2.446251031129275e+17 2.3371031593611885e+17 2.274450588768402e+17 2.2041902922028662e+17 2.1242801938213088e+17 2.0706329624935738e+17 2.0318289854124755e+17 1.9682451202745878e+17 1.9215888470454227e+17 1.8435882123198403e+17 1.7848634956153395e+17 1.7530019737652214e+17 1.719154044895711e+17 1.6830089042270086e+17 1.6441014426351658e+17 1.601756008062335e+17 1.5015723090127146e+17 1.4377375826383978e+17 1.3516762945866662e+17
15875.002224038599 2.731692015173645e+17 2.6753044879648595e+17 2.6131935300145376e+17 2.544316515681e+17 2.4672898480150912e+17 2.37896634964622e+17 2.2754180631729866e+17 2.2156284960183795e+17 2.1490281935017533e+17 2.073629257687881e+17 2.022923428049412e+17 1.986341730491962e+17 1.9264073533093635e+17 1.8824741064952102e+17 1.808949874517473e+17 1.753548465386673e+17 1.7234572284009306e+17 1.6914649297264317e+17 1.657229743594372e+17 1.620316388506563e+17 1.5800488941957872e+17 1.4843106214781853e+17 1.4229425374960514e+17 1.3397140514838818e+17
15925.002231043496 2.7925638372187898e+17 2.7353038883027306e+17 2.6705905600776256e+17 2.5997623937133226e+17 2.5203682240112374e+17 2.4283975029798502e+17 2.320686968356146e+17 2.2584847934137946e+17 2.1889963501292765e+17 2.1101797525149776e+17 2.0570080642012778e+17 2.018720998751693e+17 1.955880092134015e+17 1.909761980556433e+17 1.8326005813956214e+17 1.7744828074936003e+17 1.742940702863302e+17 1.7094409121710733e+17 1.6736239205778163e+17 1.6350596323547898e+17 1.593068473335816e+17 1.493679239735954e+17 1.4303791795383632e+17 1.3452399572988957e+17
15975.002238048297 2.7885244558674774e+17 2.7318156502557718e+17 2.670906816818149e+17 2.600767606820895e+17 2.5228894800116426e+17 2.4326324546617936e+17 2.3267059101434973e+17 2.2654832705711018e+17 2.196970570941089e+17 2.1189999739496822e+17 2.0662306306589827e+17 2.0280708271923856e+17 1.9654559782696208e+17 1.9193159293138192e+17 1.8418575152977098e+17 1.783270656615174e+17 1.7513727326464403e+17 1.717410458496505e+17 1.681015803318613e+17 1.6417370316601325e+17 1.5988757101523405e+17 1.497023894989707e+17 1.4318973784252997e+17 1.344062859383663e+17
16050.002248555596 2.7783114900569974e+17 2.7223328075891485e+17 2.6607177947486714e+17 2.5928396215108112e+17 2.5160017855973555e+17 2.427189136107293e+17 2.3223660177846912e+17 2.2616342268611814e+17 2.1933423473255338e+17 2.1156675882797222e+17 2.0631474972613683e+17 2.0250763517187114e+17 1.9624165053048752e+17 1.916254874435619e+17 1.8386330479987674e+17 1.779810526649779e+17 1.7477577972199434e+17 1.7135964762954458e+17 1.6769917259730867e+17 1.6374824965392362e+17 1.5943540942555328e+17 1.4919445690391152e+17 1.4265697737405675e+17 1.3386330716646731e+17
16150.002262565296 2.7312846946974282e+17 2.678378421619667e+17 2.6193499870304237e+17 2.5544310268227306e+17 2.4792123223817622e+17 2.393397983439879e+17 2.2921598446564682e+17 2.2339664569182518e+17 2.1678087489796813e+17 2.0928317280862368e+17 2.0421309664436362e+17 2.005389669977913e+17 1.9446766344743075e+17 1.899892839301514e+17 1.824360096171082e+17 1.7670046852635952e+17 1.735676152056701e+17 1.7022262714983597e+17 1.6663252984180835e+17 1.6274831439242413e+17 1.58500044712317e+17 1.4837359442698106e+17 1.418856681164655e+17 1.3313884660317629e+17
16250.002276574898 2.7374638331995712e+17 2.6820429665198982e+17 2.6216363354449824e+17 2.5554101660576026e+17 2.481324391054444e+17 2.394802314431944e+17 2.2923640413899866e+17 2.2333197943092266e+17 2.1671679659967805e+17 2.091490192334402e+17 2.0403585387850397e+17 2.0034411299331792e+17 1.942364631780959e+17 1.897278324760572e+17 1.8211792742259795e+17 1.7632939410256758e+17 1.7316749557906976e+17 1.697930940911205e+17 1.661676622914144e+17 1.6224347435761536e+17 1.579505641967908e+17 1.4771674659176253e+17 1.4115834934349794e+17 1.323196162659075e+17
16350.002290584598 2.6860550675584522e+17 2.632301274102702e+17 2.5755489550750957e+17 2.5130331435659117e+17 2.4433442467281987e+17 2.3602976827612003e+17 2.2621959607483837e+17 2.205751969798554e+17 2.14214457957376e+17 2.0695761802404986e+17 2.0200676906683373e+17 1.98414115736844e+17 1.924927389287167e+17 1.8810824441680758e+17 1.807060954817746e+17 1.750674876223342e+17 1.7197946701457792e+17 1.6867992157188403e+17 1.65132164074709e+17 1.6128587858814874e+17 1.5707177967288765e+17 1.4699902539245635e+17 1.4052769056393333e+17 1.3180005579909957e+17
16450.002304594298 2.641148551960512e+17 2.593468960147409e+17 2.538943655088608e+17 2.4760259135900227e+17 2.4069342544362285e+17 2.327518283752791e+17 2.2326994498796058e+17 2.177764619562462e+17 2.1155389595574106e+17 2.0445262429532445e+17 1.996267427539832e+17 1.961192430240744e+17 1.903072248042747e+17 1.8599680492114742e+17 1.7869135884004624e+17 1.7311472209447427e+17 1.7005410623073213e+17 1.6678251191754752e+17 1.6325878203787693e+17 1.5943565171108538e+17 1.5524166856870605e+17 1.4519236671979248e+17 1.3872287429477038e+17 1.2997891173167298e+17
16550.002318603998 2.65036756492216e+17 2.5965163525849062e+17 2.5413510924464736e+17 2.481782993345594e+17 2.409200953496649e+17 2.3262270256692272e+17 2.2299119641308806e+17 2.1737525624245187e+17 2.1104043433395082e+17 2.0387440010499475e+17 1.990006739332051e+17 1.9546541262533718e+17 1.8963576773849635e+17 1.853205892452734e+17 1.780239882078339e+17 1.724621817115811e+17 1.694187909898036e+17 1.6616511695545264e+17 1.6266666958840493e+17 1.5887336652948416e+17 1.547152721210275e+17 1.447751200369834e+17 1.3838784928035074e+17 1.2977954375462558e+17
16650.002332613698 2.609557611510827e+17 2.560889249145629e+17 2.5061087785728483e+17 2.4406798889895677e+17 2.373369482471882e+17 2.292155822039623e+17 2.1962857230331427e+17 2.141847581316607e+17 2.0797932203797187e+17 2.0085690081584973e+17 1.9604794494661904e+17 1.925517227262663e+17 1.867939441831455e+17 1.825288258650449e+17 1.7532546338295184e+17 1.6983748672448176e+17 1.6683277784889894e+17 1.6362436270915715e+17 1.6017093750839034e+17 1.5643000574668877e+17 1.5233125300778614e+17 1.4253471668640298e+17 1.3623997282798504e+17 1.2774874229950306e+17
16750.002346623398 2.5381549006067338e+17 2.4915404033050125e+17 2.439906776574278e+17 2.381317252623111e+17 2.316214657601244e+17 2.238847302809433e+17 2.1482278229559443e+17 2.0961165512461046e+17 2.0368278712060672e+17 1.9690397072393437e+17 1.9229789844737274e+17 1.8895683445940035e+17 1.8343432164773725e+17 1.7934904394603798e+17 1.724462587936854e+17 1.6717703446097642e+17 1.6429330257845885e+17 1.6121058076840067e+17 1.5789760562747315e+17 1.54300717146053e+17 1.503596554035594e+17 1.4092565637520226e+17 1.348507296935399e+17 1.266416115397128e+17
16850.002360633098 2.492581604399959e+17 2.446771875464697e+17 2.3954414628935104e+17 2.3396810528140115e+17 2.276447271690813e+17 2.2040086068105053e+17 2.116910106004867e+17 2.0659787999829174e+17 2.0086929190940246e+17 1.9432865823679648e+17 1.8984838753040413e+17 1.8659037317979258e+17 1.8120641209206624e+17 1.7722080959969053e+17 1.7045198615716234e+17 1.652870395039223e+17 1.6245364121249392e+17 1.5941749074003133e+17 1.5615094500456163e+17 1.526039086972386e+17 1.4870971218138678e+17 1.3936816335161315e+17 1.333414660257275e+17 1.251894922571744e+17
16950.002374642798 2.5171076454964138e+17 2.4687345994091408e+17 2.4184345892709398e+17 2.3591389166501933e+17 2.2925978827520432e+17 2.217392963550363e+17 2.126614569415385e+17 2.074212692438773e+17 2.0150761691648102e+17 1.94761302541614e+17 1.901773151289501e+17 1.868340550943973e+17 1.8133642184683462e+17 1.772759087443782e+17 1.7039001110204538e+17 1.6513920117694128e+17 1.622664934406875e+17 1.591958925735718e+17 1.5588897119557712e+17 1.5230597359674726e+17 1.4837892351629763e+17 1.3898670722645182e+17 1.329469900512978e+17 1.248095064796998e+17
17050.002388652498 2.449393109229216e+17 2.4029565207585626e+17 2.3542060191529344e+17 2.2964771721783715e+17 2.231527632086048e+17 2.1575462324048362e+17 2.0692312967233315e+17 2.0186675029005613e+17 1.961187269126619e+17 1.8960383223063264e+17 1.851783644929449e+17 1.8198469013542726e+17 1.7671158698135296e+17 1.728076676913165e+17 1.6621372600471165e+17 1.6119602064194566e+17 1.584542690568178e+17 1.5552340025991312e+17 1.5237306621562736e+17 1.4895836078735555e+17 1.452160144279678e+17 1.3625218856200677e+17 1.3047478273065429e+17 1.2265821497472912e+17
17150.002402662198 2.4118783006076883e+17 2.3651936872073558e+17 2.3142746882382496e+17 2.260011668526345e+17 2.195958947172072e+17 2.1236519533177466e+17 2.0373426474259155e+17 1.988132461664646e+17 1.9319823673997568e+17 1.868230976331415e+17 1.8252103973725542e+17 1.7939871070881264e+17 1.7425475671896406e+17 1.704528247923348e+17 1.6402532961686787e+17 1.5913945838991933e+17 1.5646413919637027e+17 1.536066007785378e+17 1.505359071049803e+17 1.4720659883193766e+17 1.4355575187407531e+17 1.3480913783527198e+17 1.2916613719823712e+17 1.2152446413937734e+17
17250.002416671898 2.3726633586270797e+17 2.3283717871207008e+17 2.2807394055829642e+17 2.225715526833925e+17 2.163719790388769e+17 2.0925743875896915e+17 2.0087131357519523e+17 1.9600533402321555e+17 1.90530941263418e+17 1.8429435308483357e+17 1.8006556186684346e+17 1.769941134405784e+17 1.719452712571866e+17 1.682062720554878e+17 1.619060616508313e+17 1.571156992351792e+17 1.544947312954954e+17 1.5169663541989814e+17 1.486899701036852e+17 1.4542977406380902e+17 1.4185446116225627e+17 1.3328742604920522e+17 1.2775698023676029e+17 1.2026566166781666e+17
17350.002430681598 2.289143581229631e+17 2.2505830440007696e+17 2.2082720386645613e+17 2.1604077692091008e+17 2.104974815543831e+17 2.0407830624242835e+17 1.964417309535131e+17 1.9198852463000563e+17 1.869164729893663e+17 1.8108392617420416e+17 1.770970441395743e+17 1.742017227836871e+17 1.6940014829035008e+17 1.6583384520803373e+17 1.5977791326798986e+17 1.5515171012889386e+17 1.5261155623500384e+17 1.4989408672246797e+17 1.469603644298112e+17 1.4377422236983549e+17 1.4027023600199949e+17 1.318359262505762e+17 1.263704527372846e+17 1.189538579778177e+17
17450.002444691298 2.3019449452053366e+17 2.2597225331240576e+17 2.214734956704542e+17 2.1633832519066416e+17 2.1037998260979885e+17 2.0369609227789725e+17 1.9559008392223754e+17 1.909225548621714e+17 1.8569585980532314e+17 1.797245528506113e+17 1.7566075327855363e+17 1.727079335111178e+17 1.6785358962375315e+17 1.6426970597310054e+17 1.581947532136307e+17 1.5357724068864378e+17 1.510498632956768e+17 1.4834772939426342e+17 1.4544332622499475e+17 1.4229460187727018e+17 1.3883953221667584e+17 1.3054869338443454e+17 1.2518864822500219e+17 1.1792026887311638e+17
17550.0024587009 2.2955841338002877e+17 2.250194559627222e+17 2.2034293186692355e+17 2.1509028800496714e+17 2.0918593610934e+17 2.022605655913225e+17 1.9424274497247565e+17 1.8958466500480685e+17 1.8427519180919014e+17 1.7825939298442608e+17 1.7418969876408182e+17 1.712334884389507e+17 1.6635749706365098e+17 1.6275294849432755e+17 1.566736134391012e+17 1.5205402315750675e+17 1.4953079462632064e+17 1.4683305234186938e+17 1.4393688591109237e+17 1.4079814130143125e+17 1.3735811239531347e+17 1.2911952797890114e+17 1.2380595096027157e+17 1.1661672819113395e+17
17650.0024727106 2.2588124662855485e+17 2.216754308970625e+17 2.1711135538699325e+17 2.1194193970519645e+17 2.062161525515123e+17 1.9951036477121443e+17 1.915744815770655e+17 1.870321775111051e+17 1.8193960586967693e+17 1.7603147775309968e+17 1.7205585529853568e+17 1.691658225677443e+17 1.6439671695921034e+17 1.6087885112588176e+17 1.5493823834727248e+17 1.5042088294239773e+17 1.4794845412435494e+17 1.453115334496218e+17 1.4247156676913715e+17 1.3939554395977312e+17 1.3602095551424312e+17 1.2793080326158814e+17 1.2270513833703771e+17 1.156285712710911e+17
17750.002486720296 2.2243716928493606e+17 2.182374980160712e+17 2.1378486964225747e+17 2.086413280898152e+17 2.0288451251172746e+17 1.962863425482553e+17 1.8835323377976883e+17 1.8381322201646422e+17 1.7875931171266736e+17 1.7294876992453072e+17 1.690316086497451e+17 1.661967349044214e+17 1.6152283633257997e+17 1.5807502097508522e+17 1.5225296430338778e+17 1.4784411868208973e+17 1.4543453587185706e+17 1.4286434130492115e+17 1.4010271956548453e+17 1.3711585751756606e+17 1.3384190974926589e+17 1.2600099289448365e+17 1.2093882937931752e+17 1.1407733987883042e+17
17850.002500729996 2.2046882718486128e+17 2.163306151828865e+17 2.1200860041598493e+17 2.0689053435220154e+17 2.0135437172726352e+17 1.947627541995357e+17 1.8703120280559306e+17 1.8257326834978694e+17 1.7756001091534774e+17 1.7182494352567402e+17 1.6794308267090326e+17 1.6513168579583674e+17 1.6049638192722912e+17 1.570684906466323e+17 1.512907555474895e+17 1.4690237458186176e+17 1.445049846690278e+17 1.4194649798137806e+17 1.391955979613149e+17 1.3621656877799152e+17 1.3295183583495456e+17 1.2512875455789485e+17 1.2007857878732237e+17 1.1324088674689202e+17
17950.002514739695 2.1752896596406973e+17 2.1356819161253603e+17 2.0916419760501523e+17 2.040195937796785e+17 1.9853883221673178e+17 1.9215212348380067e+17 1.8454706837740394e+17 1.800979776688757e+17 1.751953157164761e+17 1.695356491312488e+17 1.6571483284594102e+17 1.6294968306729648e+17 1.5838722905244813e+17 1.5502159245651776e+17 1.4935563526197984e+17 1.4505259377554502e+17 1.4270409575948829e+17 1.4019860723703538e+17 1.375050771218735e+17 1.3458845780935386e+17 1.313924969906651e+17 1.2373390318736904e+17 1.1878776257410368e+17 1.1208624610235442e+17
18050.0025287494 2.1341403038352534e+17 2.095994761087137e+17 2.0526204244249066e+17 2.0042693639741632e+17 1.950061263954133e+17 1.8870080125711194e+17 1.812546349959969e+17 1.769534853074393e+17 1.721138836420922e+17 1.665852397850596e+17 1.628516966036776e+17 1.601382850022235e+17 1.556770410482133e+17 1.523862064790862e+17 1.46851788349e+17 1.4264633098896362e+17 1.4035171479679114e+17 1.3790369584395611e+17 1.3527554723377131e+17 1.3242867883120853e+17 1.2930994144077813e+17 1.2184007702197898e+17 1.1701598151982731e+17 1.104745472385222e+17
18150.002542759095 2.06326378232901e+17 2.0319233701744422e+17 1.9933054453029014e+17 1.951508369493744e+17 1.9032351903399414e+17 1.8472787751089194e+17 1.780072288135444e+17 1.7408171440794272e+17 1.695937960518188e+17 1.6445197949167027e+17 1.6096668893569962e+17 1.5839842255531702e+17 1.5415498191779798e+17 1.5099976070042515e+17 1.4566950897941974e+17 1.4159523710392504e+17 1.3936068916962522e+17 1.3696896640843931e+17 1.3439357601872483e+17 1.315985244845854e+17 1.2852429029745158e+17 1.2112699097294157e+17 1.1633200556575194e+17 1.0982447271382771e+17
18250.002556768795 2.061614985130944e+17 2.0248041188037136e+17 1.9841988945090394e+17 1.9400714897429526e+17 1.8891190221131187e+17 1.8293915781644525e+17 1.758922541996577e+17 1.7182216807014288e+17 1.6719895587178774e+17 1.6193428934577037e+17 1.583739589365872e+17 1.5578688974442458e+17 1.5153104470776534e+17 1.483925368501751e+17 1.430992826257145e+17 1.3907985043652486e+17 1.3688901680311053e+17 1.3454728008789317e+17 1.3203465748667923e+17 1.2931119232284614e+17 1.263253641692039e+17 1.1916270866820746e+17 1.1452719192674869e+17 1.0823129713308635e+17
18350.002570778495 2.0446426979908934e+17 2.006166186088889e+17 1.9647088239902096e+17 1.9173938270262192e+17 1.8666901288125162e+17 1.8072689031113712e+17 1.7369123245774064e+17 1.6961162341105837e+17 1.649949238707447e+17 1.5976861553152445e+17 1.5623459810068502e+17 1.5368426035161382e+17 1.4947434388216352e+17 1.4636932915499206e+17 1.4116247245576013e+17 1.3721485463770494e+17 1.3506310696110227e+17 1.3276614422382288e+17 1.3030229797891869e+17 1.2763738801400816e+17 1.2471662746109515e+17 1.1771322791011422e+17 1.1318373463890243e+17 1.0702955678883022e+17
18450.002584788195 1.9936208892785344e+17 1.9581325887443875e+17 1.9171068658689706e+17 1.871992345999225e+17 1.821409840852681e+17 1.7634605762820362e+17 1.6956637911683645e+17 1.6557996941012445e+17 1.611461433068384e+17 1.5609907741006445e+17 1.5271623519794256e+17 1.5024929686668275e+17 1.4621976797584125e+17 1.4324106285983045e+17 1.3825223372497171e+17 1.3447690996288918e+17 1.3242262589489258e+17 1.3022812092074315e+17 1.2787477010668678e+17 1.253260987971351e+17 1.2253293769020178e+17 1.1582413600593013e+17 1.1147362789143005e+17 1.0554200717535838e+17
18550.0025987979 1.9903602135878637e+17 1.954218844058344e+17 1.914301353889154e+17 1.8696076160120726e+17 1.8184726067945453e+17 1.76131247377069e+17 1.6927908295979715e+17 1.6533611894814784e+17 1.6090933351910186e+17 1.558577447074079e+17 1.524461359884747e+17 1.4997446475480454e+17 1.459039822801226e+17 1.4291738483032128e+17 1.3788790606797058e+17 1.3407621629426547e+17 1.3199766768228834e+17 1.2977919929832232e+17 1.2739844155034949e+17 1.2482215225621144e+17 1.2199801022121734e+17 1.1521964996661397e+17 1.1083025531341952e+17 1.048607270525726e+17
18650.002612807595 1.9426351483787594e+17 1.907495794069666e+17 1.8687677191861338e+17 1.8278797994756992e+17 1.7781345711205027e+17 1.7218330297966397e+17 1.6556362406887043e+17 1.6171308383514515e+17 1.5740434206654067e+17 1.5249653983036755e+17 1.4918673242919626e+17 1.467945795071077e+17 1.4286918469106779e+17 1.3998264064044427e+17 1.3513002259263651e+17 1.3146458047155072e+17 1.2946800265813738e+17 1.273393489317358e+17 1.2505387001343245e+17 1.2258263348852714e+17 1.1987205237608307e+17 1.1336490646930182e+17 1.091432050558868e+17 1.0338461481914242e+17
18750.002626817197 1.848292200850276e+17 1.8211703454804816e+17 1.7910891000806848e+17 1.7537353797946496e+17 1.7144378825239722e+17 1.667095935264205e+17 1.609972686245231e+17 1.576124696780408e+17 1.5379465215289187e+17 1.493944866203595e+17 1.463782619626237e+17 1.4418306517301475e+17 1.4055144266675627e+17 1.3785560827064421e+17 1.3329786260124835e+17 1.298179352242322e+17 1.2791222371049302e+17 1.2587274906272782e+17 1.2367574365503392e+17 1.2128826140256195e+17 1.1865921770843496e+17 1.1230357302228512e+17 1.0815805607802518e+17 1.0248818951219794e+17
18850.002640826897 1.8993263714083712e+17 1.8678277409271126e+17 1.8297793785072435e+17 1.7881668529936253e+17 1.7407691286186397e+17 1.6859840059146726e+17 1.6216728614141613e+17 1.584810371343364e+17 1.5430118393340093e+17 1.495330509213574e+17 1.4632088623307635e+17 1.4398344897539027e+17 1.401483786132978e+17 1.3732459548737603e+17 1.3258075730362909e+17 1.2898866785202392e+17 1.2703139553754661e+17 1.2494335539359136e+17 1.227037025134721e+17 1.2027798959762186e+17 1.1761944418001003e+17 1.1123505418179942e+17 1.0709522581894317e+17 1.0145566280158949e+17
18950.002654836597 1.8380705605802336e+17 1.8060853550125037e+17 1.7680045219746413e+17 1.7269643038880016e+17 1.6807190093021203e+17 1.628320287215506e+17 1.5662202630394893e+17 1.5307457225510534e+17 1.4910242738131645e+17 1.4455700769364077e+17 1.4150916065508696e+17 1.393001076052647e+17 1.356864186937071e+17 1.3303436458521237e+17 1.286021090933994e+17 1.2525051460914974e+17 1.2342686498902424e+17 1.2148442929211125e+17 1.1940015846378762e+17 1.1714286163675123e+17 1.1466749803729325e+17 1.0870735286648758e+17 1.0482506751321155e+17 9.949698167832328e+16
19050.002668846297 1.858842571717372e+17 1.826551587160496e+17 1.78921631278569e+17 1.748127221196036e+17 1.7021431134296218e+17 1.6482220993689546e+17 1.5851628167991898e+17 1.5487298790768682e+17 1.508023596657604e+17 1.4615674395018806e+17 1.4302337235093891e+17 1.4075950240384971e+17 1.3703238557877677e+17 1.3428685270471979e+17 1.2968431102472523e+17 1.26197058704901e+17 1.2429811623549288e+17 1.2227466253833416e+17 1.2010402363438533e+17 1.1775322778529986e+17 1.1517671915288771e+17 1.0898821930172794e+17 1.0497523878373638e+17 9.950794278244256e+16
19150.002682855997 1.8268570266272486e+17 1.7942401603865366e+17 1.7585563083742614e+17 1.7178602615210426e+17 1.6723543352546192e+17 1.6203569758243008e+17 1.559025228973788e+17 1.5232216207709827e+17 1.4832351280678243e+17 1.4378730848914242e+17 1.4071163021666014e+17 1.3849341791525e+17 1.3486066504121944e+17 1.3218095716246733e+17 1.2769176639737818e+17 1.2429764542011637e+17 1.224482312467647e+17 1.2047762534933147e+17 1.1836407908365654e+17 1.1607535612216256e+17 1.1356576646545947e+17 1.0753448233898643e+17 1.036191218228358e+17 9.827604017471061e+16
19250.002696865697 1.8065500430572157e+17 1.7724468532683382e+17 1.7373897147166877e+17 1.697730861067305e+17 1.6534659615876787e+17 1.602666359191378e+17 1.5415955688995795e+17 1.5065967633613754e+17 1.467255306113064e+17 1.4224725914473765e+17 1.392388932096432e+17 1.3705799820046821e+17 1.3347374685229563e+17 1.3083890116728552e+17 1.2642093367730958e+17 1.230807453560143e+17 1.212612628252235e+17 1.1932302675452765e+17 1.1724205614599843e+17 1.1498892316311973e+17 1.1251737086675514e+17 1.0657528793016771e+17 1.0271539536207336e+17 9.744680167960096e+16
19350.002710875397 1.7663946849242394e+17 1.7339520635616208e+17 1.6995324791867702e+17 1.661632681404942e+17 1.617673557185896e+17 1.5676348662168426e+17 1.5083997760069152e+17 1.4742838873265088e+17 1.4358741482893654e+17 1.3923243328471296e+17 1.3630015530639339e+17 1.3417960601305242e+17 1.3070292702026862e+17 1.2814578746770643e+17 1.2386591567271896e+17 1.2063213231857562e+17 1.1887399016609109e+17 1.170005146459567e+17 1.1499261404694206e+17 1.1281877812609272e+17 1.1043445875054502e+17 1.0470482106411072e+17 1.0098111648006611e+17 9.588693744614918e+16
19450.002724885097 1.693230324001289e+17 1.668644804362139e+17 1.6396867090135197e+17 1.6065405702288432e+17 1.569454413586555e+17 1.5255443781666198e+17 1.4727099439168176e+17 1.4420171150224736e+17 1.4070912342170448e+17 1.3669580832695973e+17 1.3397097547385632e+17 1.3199062212620029e+17 1.2871455822941869e+17 1.2629070298402346e+17 1.2221035859564829e+17 1.1911151163525035e+17 1.1741746537718952e+17 1.1560653682139706e+17 1.1365776524062328e+17 1.1154314383733685e+17 1.0921718554682906e+17 1.0360077185695496e+17 9.993724920142704e+16 9.491650237117894e+16
19550.002738894796 1.7319711836865277e+17 1.6998870148131568e+17 1.6673174725040538e+17 1.6298779460175523e+17 1.587645993590364e+17 1.5390622702608666e+17 1.4814473782378963e+17 1.4481451178695235e+17 1.410906261288718e+17 1.3684331663313194e+17 1.3396728040404493e+17 1.3189582874271066e+17 1.2848744760119946e+17 1.2598410936063288e+17 1.2178281050918515e+17 1.186097844478937e+17 1.1688064646662482e+17 1.1503684961021936e+17 1.1305947931141098e+17 1.1091819511845666e+17 1.0856928489253978e+17 1.0292127448226254e+17 9.924991492379413e+16 9.42323729160168e+16
19650.002752904496 1.7076428283234474e+17 1.676516661047558e+17 1.6426828074290352e+17 1.6059275514727747e+17 1.5637344120435254e+17 1.515523112559244e+17 1.4587433174009187e+17 1.425795092867686e+17 1.3889789777054285e+17 1.3471467071585053e+17 1.3189922367533733e+17 1.2985598363336125e+17 1.2651773868706219e+17 1.2406441657922754e+17 1.199541396901797e+17 1.1685155667997848e+17 1.1516506713104411e+17 1.1336610474360422e+17 1.1143698863782893e+17 1.0934864837957045e+17 1.070586726810246e+17 1.0155025709075864e+17 9.796870485768432e+16 9.306770539014795e+16
19750.002766914196 1.6713359135669363e+17 1.6418548247753008e+17 1.6090650550614426e+17 1.5719570373964176e+17 1.5310137657441107e+17 1.483419299000077e+17 1.4276692944172378e+17 1.3956042773100261e+17 1.3597511460653149e+17 1.3189105834412957e+17 1.2914104236970392e+17 1.271585904803919e+17 1.2390625157494581e+17 1.2152039481078232e+17 1.1752564958394685e+17 1.1451636540840037e+17 1.1287966637782264e+17 1.1113717172255456e+17 1.0926890050467923e+17 1.0724776211953114e+17 1.0503199953197442e+17 9.970619625466829e+16 9.624367347242442e+16 9.149780960970018e+16
19850.002780923896 1.6618157623707722e+17 1.631787958454863e+17 1.599195371391449e+17 1.5627740127903382e+17 1.52229195157169e+17 1.4750283630126224e+17 1.4197675406593578e+17 1.3879232769100677e+17 1.3521532604640437e+17 1.3114442634603702e+17 1.2840310675327389e+17 1.2642830026677314e+17 1.2318239516123019e+17 1.2080516485876182e+17 1.1681832677390075e+17 1.138121174367461e+17 1.1217808075849269e+17 1.1043808861433814e+17 1.0857235070974872e+17 1.065542075708252e+17 1.0434204084050614e+17 9.902673494988898e+16 9.557355335105958e+16 9.084694018382002e+16
19950.002794933596 1.640591963976434e+17 1.61168015593761e+17 1.579606846538418e+17 1.5436247316389555e+17 1.5038771044023475e+17 1.4576952506023296e+17 1.4031919392835387e+17 1.3716332785422394e+17 1.3365182227790309e+17 1.2964743585396566e+17 1.2695663028757914e+17 1.2500927959808258e+17 1.2182279145954253e+17 1.1947965796623902e+17 1.1556029260741832e+17 1.126024954634833e+17 1.109945958204819e+17 1.092823283146931e+17 1.074454518998314e+17 1.0545787427901736e+17 1.0327856801945635e+17 9.803850730433749e+16 9.463219582460051e+16 8.996649524725587e+16
20050.002808943198 1.6336039831343597e+17 1.605682874974639e+17 1.5730772520920554e+17 1.5376208286779626e+17 1.4975171622109974e+17 1.4517261919739898e+17 1.3977891690003874e+17 1.3665179351140173e+17 1.3316276993551954e+17 1.291725836627935e+17 1.264937030050337e+17 1.2455898043963814e+17 1.2137697728102482e+17 1.1903876459456901e+17 1.1512608388772712e+17 1.1217036368399701e+17 1.1056199952508618e+17 1.0884893596393406e+17 1.0701198509245538e+17 1.0502279723991082e+17 1.0284182728543189e+17 9.759728943670939e+16 9.418965412695094e+16 8.953299853713451e+16
20150.002822952894 1.6187380392986384e+17 1.5898858964256397e+17 1.5591777840955542e+17 1.524301074812571e+17 1.485407112350483e+17 1.4399203125708389e+17 1.386537016739656e+17 1.3554814120951819e+17 1.320849840734329e+17 1.2813458435337054e+17 1.2547193913174291e+17 1.2354583473719734e+17 1.2038403553230234e+17 1.1805983366722557e+17 1.1416556844099144e+17 1.1122846155484795e+17 1.0962891389367331e+17 1.0792561707373446e+17 1.0609910891256888e+17 1.0412207677350757e+17 1.0195434657984826e+17 9.674327110122498e+16 9.336009524219514e+16 8.874198511724042e+16
20250.002836962598 1.5834830858783363e+17 1.5550881498378746e+17 1.52445035244518e+17 1.490795187605863e+17 1.451989732621759e+17 1.4075218151986582e+17 1.3552558508950947e+17 1.3249344035781667e+17 1.291227019621088e+17 1.2528735425084504e+17 1.227054326317629e+17 1.2084705772806454e+17 1.177943594973904e+17 1.1555537878204653e+17 1.1180750832037179e+17 1.0898526323314205e+17 1.0745053661616157e+17 1.0581583432525992e+17 1.0406384594898418e+17 1.0216841541249979e+17 1.0008996677801077e+17 9.509080952616709e+16 9.184001441784813e+16 8.738655509043114e+16
20350.002850972298 1.5545487127978845e+17 1.526918717139097e+17 1.4974775515770858e+17 1.4635486300824333e+17 1.4261763564052731e+17 1.3829133992527856e+17 1.3324731686725061e+17 1.3033525320570051e+17 1.2706378901875312e+17 1.2335553037507846e+17 1.2086089557805664e+17 1.1905421225997542e+17 1.1609872010106136e+17 1.1393203671300906e+17 1.1030848912255291e+17 1.0757584765626518e+17 1.0608893998247998e+17 1.045057402614107e+17 1.0280682203592504e+17 1.0096699984966392e+17 9.89475753597764e+16 9.407963711494466e+16 9.09056786246994e+16 8.654711978793843e+16
20450.002864981998 1.5558045169891923e+17 1.5286639802285283e+17 1.498222041234251e+17 1.4653156476916256e+17 1.4275269313521773e+17 1.3845066076213051e+17 1.3334229929830768e+17 1.3039484785834709e+17 1.2708844820844798e+17 1.2333212285208067e+17 1.2080216379335354e+17 1.1896420229410598e+17 1.159579116114312e+17 1.1375178127452187e+17 1.100605493720289e+17 1.07277105114601e+17 1.057630593801328e+17 1.041504952013026e+17 1.0242187857840534e+17 1.0055068392119072e+17 9.849910029499515e+16 9.356566934227648e+16 9.035977627861349e+16 8.597628236741194e+16
20550.002878991694 1.5313942834388966e+17 1.503597237659479e+17 1.4748280857838022e+17 1.44151779753783e+17 1.4040350818440317e+17 1.3615534882703754e+17 1.31116079252712e+17 1.2819838883041765e+17 1.249567220707647e+17 1.2125548224472902e+17 1.1876546235180274e+17 1.1696869106306587e+17 1.1402595750334078e+17 1.1186859677082525e+17 1.0826314962321696e+17 1.055487551005498e+17 1.0407345888173077e+17 1.0250357141051634e+17 1.0082136371935947e+17 9.900140253787917e+16 9.700703047400387e+16 9.221207900191997e+16 8.909636812413752e+16 8.483107610938267e+16
20650.002893001398 1.4980707546607123e+17 1.47238926537252e+17 1.443969920686598e+17 1.4123789317039338e+17 1.3763451153575971e+17 1.3351592179014334e+17 1.2862428522310922e+17 1.2580826674440083e+17 1.2266707759325056e+17 1.190975115350977e+17 1.1669667170059528e+17 1.1496203616109123e+17 1.1212646307643029e+17 1.1004372310508859e+17 1.0656585660867456e+17 1.0394665732247136e+17 1.0252205340599304e+17 1.0100464204266867e+17 9.937815983939189e+16 9.761742870095298e+16 9.568622066735067e+16 9.103461839857174e+16 8.80039292510778e+16 8.384120322114557e+16
20750.002907011094 1.4896469480811555e+17 1.4642977184471702e+17 1.4354548419522674e+17 1.4036049938274034e+17 1.3677260034964504e+17 1.326761914948578e+17 1.2781485291924635e+17 1.2501281735700674e+17 1.2188476105084651e+17 1.18315038716671e+17 1.1591619978351376e+17 1.1418497362797432e+17 1.113442952620824e+17 1.0926573063869477e+17 1.0578645164713997e+17 1.0316607471704662e+17 1.0174211337904773e+17 1.0022484277746674e+17 9.859922407957222e+16 9.683995737317915e+16 9.491117882890838e+16 9.026920036462269e+16 8.724909273411048e+16 8.310821027004246e+16
20850.002921020798 1.4715943274435728e+17 1.4460691876331795e+17 1.4173518489552859e+17 1.3864001315574091e+17 1.3507163219581774e+17 1.3100785314544186e+17 1.2621059478239747e+17 1.2343181548146406e+17 1.2033618450036282e+17 1.168159261724553e+17 1.144506106218651e+17 1.1274552218733072e+17 1.0995118173640566e+17 1.0790845558659077e+17 1.0449408625733565e+17 1.0192402689076582e+17 1.0052854840317126e+17 9.904322768996949e+16 9.745203877284056e+16 9.573019608914066e+16 9.384225894387229e+16 8.930007955237035e+16 8.63443840448983e+16 8.229007567571606e+16
20950.002935030498 1.4403573057705726e+17 1.4148841350610816e+17 1.387988949088481e+17 1.3574897634503346e+17 1.322929584218486e+17 1.2834563086299923e+17 1.2368600963978227e+17 1.2100593396153094e+17 1.1799702988086755e+17 1.1459522445750776e+17 1.1231135085092149e+17 1.1066394196798064e+17 1.0796657946834086e+17 1.0599361269108757e+17 1.0269922479725662e+17 1.0022246405969827e+17 9.887655465447512e+16 9.744451069011507e+16 9.590890659992282e+16 9.424744754767714e+16 9.242442878731936e+16 8.803224648148965e+16 8.51675857723416e+16 8.122410205200328e+16
21050.002949040194 1.4379230978774557e+17 1.4131330455539547e+17 1.3860936932913832e+17 1.355813695629038e+17 1.3212623064009114e+17 1.282003030812044e+17 1.235424348296221e+17 1.2086422077059096e+17 1.1786034930120688e+17 1.1443838304868682e+17 1.1213613942435717e+17 1.104776815228195e+17 1.0776161890604083e+17 1.0576920130140416e+17 1.0244158139654224e+17 9.993542207553891e+16 9.857467098492456e+16 9.71250404463809e+16 9.557154582973035e+16 9.388989374041378e+16 9.204589889043405e+16 8.760801670885893e+16 8.471988235916178e+16 8.075914530713534e+16
21150.002963049898 1.4168064561324576e+17 1.3924684865495067e+17 1.3655110345340582e+17 1.3354868183398157e+17 1.3020303576689147e+17 1.2633325409542611e+17 1.2178147330924944e+17 1.191521113758423e+17 1.1619582040038618e+17 1.1285106509242755e+17 1.1060055096858563e+17 1.0897359694456568e+17 1.0631720907698794e+17 1.0437107902667594e+17 1.0112140372498411e+17 9.867458787568806e+16 9.734535320399043e+16 9.593050838489046e+16 9.441348297855194e+16 9.27720758763241e+16 9.097157042163747e+16 8.663506568272954e+16 8.38099288394459e+16 7.992993627731229e+16
21250.002977059594 1.400147753434152e+17 1.375814413007206e+17 1.3495859834693251e+17 1.3201103025866118e+17 1.2867120666328314e+17 1.2483356076659578e+17 1.2035278383470445e+17 1.1773835806581502e+17 1.1482371571398173e+17 1.1151867004523704e+17 1.0929288971496869e+17 1.0768767111890438e+17 1.0506528937287304e+17 1.031455622016768e+17 9.993932218361019e+16 9.752843818758158e+16 9.621933426071381e+16 9.482543205608482e+16 9.333226912910042e+16 9.171596691673882e+16 8.994383514928306e+16 8.567770826294109e+16 8.289956475505674e+16 7.908455279055168e+16
21350.002991069196 1.3848157168193653e+17 1.360768438395188e+17 1.335339664523606e+17 1.306339300033773e+17 1.2737978517463714e+17 1.2362193776481378e+17 1.1918992377285234e+17 1.166290470972168e+17 1.13764330560581e+17 1.1051108203635242e+17 1.0832265728252056e+17 1.0674156604619498e+17 1.0416044809393224e+17 1.0226501964034758e+17 9.90996765416973e+16 9.671745407274974e+16 9.542160051463286e+16 9.404278344819733e+16 9.256432658296859e+16 9.096347899067464e+16 8.9207127819433e+16 8.497583472899563e+16 8.221860187764629e+16 7.843283930490698e+16
21450.0030050789 1.3703426020592069e+17 1.3468828082101378e+17 1.3211404467916746e+17 1.2923695599003322e+17 1.2599993595618328e+17 1.2226897526771642e+17 1.1785535194038536e+17 1.1531826545041525e+17 1.1247581008933622e+17 1.0924833365276366e+17 1.070817730164213e+17 1.0551229709775485e+17 1.0295203466220392e+17 1.0107793550295875e+17 9.794694994541648e+16 9.559302878978117e+16 9.431485329414494e+16 9.295415048670349e+16 9.149651354514773e+16 8.991842841514194e+16 8.818821930544048e+16 8.402270117474082e+16 8.131024282876387e+16 7.758578511234376e+16
21550.003019088595 1.3535736407691573e+17 1.330847049003949e+17 1.3051792254747218e+17 1.2771050485503502e+17 1.2454143903590203e+17 1.2089817990611493e+17 1.1657405819522715e+17 1.1406592077646714e+17 1.1126671321928976e+17 1.0809116266553485e+17 1.0595309045659133e+17 1.0441052122378931e+17 1.0188679886793666e+17 1.0003854759107986e+17 9.695401350093206e+16 9.463348734029485e+16 9.337320969462525e+16 9.203210938339995e+16 9.059490655495302e+16 8.903932162792942e+16 8.733309483039027e+16 8.322444705434779e+16 8.054833427796978e+16 7.687435488900654e+16
21650.003033098295 1.2949333603770328e+17 1.2764303479135275e+17 1.2559191408872734e+17 1.2326636373562792e+17 1.2057025510490741e+17 1.174220159998133e+17 1.1362463145800709e+17 1.1139932909642542e+17 1.0888239261890122e+17 1.0598012528151995e+17 1.0401745246381914e+17 1.0258830202657544e+17 1.0023769956508618e+17 9.850239141994677e+16 9.558964938350466e+16 9.338162943514534e+16 9.217591468861456e+16 9.088902051680542e+16 8.950442891484077e+16 8.800053614241043e+16 8.63452092877306e+16 8.233778585331931e+16 7.971609620908954e+16 7.610640541363179e+16
21750.003047107995 1.3077531725577611e+17 1.2853244634112987e+17 1.2615495206871648e+17 1.2349592045379125e+17 1.2045590103058854e+17 1.1695556320579026e+17 1.1281933376863902e+17 1.1042776495823306e+17 1.0775866254907408e+17 1.0472920951589912e+17 1.0269824983222317e+17 1.0123189676738432e+17 9.883687941433774e+16 9.708483494652222e+16 9.416504256277544e+16 9.19702965616443e+16 9.07787285363806e+16 8.951090320884298e+16 8.815146573751251e+16 8.667976299963973e+16 8.506467381093973e+16 8.116828135588726e+16 7.862342162031102e+16 7.511403699170949e+16
21850.003061117695 1.2950117274200451e+17 1.273391890631746e+17 1.2494110925171693e+17 1.222540638964558e+17 1.1924783277569534e+17 1.1578255125521371e+17 1.116983858285995e+17 1.0934865334005602e+17 1.0672051589201354e+17 1.0373578228961498e+17 1.0173358902235851e+17 1.0029090265586987e+17 9.793372532122421e+16 9.620899723014558e+16 9.333054810939882e+16 9.116729066812947e+16 8.999121733205998e+16 8.873990729961267e+16 8.73976398818957e+16 8.594369376627837e+16 8.434742934957925e+16 8.049373536797288e+16 7.797513259667214e+16 7.450254283314971e+16
21950.0030751274 1.2904801470415818e+17 1.268596884569386e+17 1.2443661807568083e+17 1.2176058343515104e+17 1.1871984860677829e+17 1.1523855799236478e+17 1.1114185115224402e+17 1.0877534585873722e+17 1.0612881865467358e+17 1.0313496532077576e+17 1.011214842251733e+17 9.967186333482542e+16 9.730099633528834e+16 9.556753854372853e+16 9.267664837110021e+16 9.05058052641986e+16 8.932692896400242e+16 8.807336925436802e+16 8.672943805403632e+16 8.527486294187675e+16 8.367934877452658e+16 7.983416681067006e+16 7.732683714268222e+16 7.387718310588256e+16
22050.003089137095 1.2567952413669288e+17 1.2357102295198418e+17 1.2123499214880661e+17 1.1866223099914445e+17 1.1571949080347413e+17 1.1235630466575168e+17 1.0841154955615746e+17 1.0614010575859133e+17 1.0360992773951166e+17 1.0073922388798394e+17 9.881430717955646e+16 9.74272281914271e+16 9.516604425103835e+16 9.351292369915845e+16 9.075774471574875e+16 8.868861920407838e+16 8.756501610386397e+16 8.63693115023957e+16 8.508715245533898e+16 8.36990116016817e+16 8.217496706602651e+16 7.849470523033467e+16 7.608671139856298e+16 7.275579433905694e+16
22150.003103146795 1.260101200805658e+17 1.2383217994225634e+17 1.2154095211995962e+17 1.1896321591966443e+17 1.1605268979361632e+17 1.12686549903449e+17 1.0872540127802814e+17 1.0643549675027992e+17 1.0388319416639114e+17 1.0098206085386678e+17 9.903631899332027e+16 9.763431581999541e+16 9.53412755068759e+16 9.366121458756192e+16 9.086118482155888e+16 8.875653580990518e+16 8.761314992499843e+16 8.639664036254438e+16 8.50918273165453e+16 8.367905358719552e+16 8.2128381622532e+16 7.838768001932726e+16 7.594629295013346e+16 7.258697155676102e+16
22250.003117156495 1.239600110316925e+17 1.2185349278457323e+17 1.1954230613043842e+17 1.1695388099081064e+17 1.1404930077662738e+17 1.1072995637010384e+17 1.0680683465530189e+17 1.045556585451058e+17 1.0203958095175482e+17 9.91894108973335e+16 9.727919831067448e+16 9.590297435212797e+16 9.365726772010557e+16 9.201576016205816e+16 8.928290516481053e+16 8.723264414650514e+16 8.612024361795208e+16 8.493660028496442e+16 8.366831008047104e+16 8.229552483533038e+16 8.078917652722275e+16 7.715608206628918e+16 7.47823315661614e+16 7.150395525270948e+16
22350.003131166195 1.2253343211779118e+17 1.2048021319694733e+17 1.1818188344523904e+17 1.1562943947367082e+17 1.1278287886534709e+17 1.0949928959399531e+17 1.0563510868096198e+17 1.0341526337369538e+17 1.0093387701046354e+17 9.81252289415348e+16 9.624180966978058e+16 9.488850852141054e+16 9.267772431651442e+16 9.106194002441613e+16 8.837307604740131e+16 8.635562106578475e+16 8.526084255393168e+16 8.409652977528806e+16 8.284855538803085e+16 8.149781157786677e+16 8.0015631994574e+16 7.644078343871437e+16 7.410543576496349e+16 7.088151423350101e+16
22450.0031451759 1.2116248571411339e+17 1.1911359045189595e+17 1.1686894085736731e+17 1.1437211728407904e+17 1.1156018639646246e+17 1.0833966647790822e+17 1.0454001575967234e+17 1.0234685064225018e+17 9.990106013418568e+16 9.71325027175202e+16 9.527635029223589e+16 9.394057444660768e+16 9.176134306243045e+16 9.016909756244203e+16 8.751594049702874e+16 8.552547242206965e+16 8.444520924373933e+16 8.329640026618024e+16 8.206467795760827e+16 8.073159589206454e+16 7.926850555452862e+16 7.573873401427331e+16 7.343275346393438e+16 7.02501206874445e+16
22550.003159185493 1.1959122217812776e+17 1.1759429530962418e+17 1.1541100552191994e+17 1.1298349160418763e+17 1.1023704961040013e+17 1.0708608325508075e+17 1.033665787646693e+17 1.0122270377394059e+17 9.883351189256891e+16 9.612620354305534e+16 9.43089623714253e+16 9.300008718415062e+16 9.086391741007578e+16 8.930095480794107e+16 8.66978262455852e+16 8.474225059794102e+16 8.36803545808961e+16 8.25499226787281e+16 8.13375470419946e+16 8.002422152913333e+16 7.858169361311434e+16 7.509754607878894e+16 7.28190929014395e+16 6.967408150548202e+16
22650.003173195197 1.1783810890257286e+17 1.1587479987735942e+17 1.1368344565471352e+17 1.1127010348928026e+17 1.0853950689327904e+17 1.0541615148095923e+17 1.0174298341889701e+17 9.963150148370808e+16 9.726962646427229e+16 9.460418267921477e+16 9.281863206044072e+16 9.153493180048894e+16 8.944048559043413e+16 8.791101235416402e+16 8.536762868786862e+16 8.345980655370901e+16 8.242477203514618e+16 8.132376802375768e+16 8.014335859847528e+16 7.886540430475552e+16 7.746259727516056e+16 7.40750196508524e+16 7.18585896409054e+16 6.879213118540892e+16
22750.003187204897 1.1725555523310656e+17 1.1529474196371128e+17 1.131325015767224e+17 1.1075673861812986e+17 1.0806179670355296e+17 1.0497057598172669e+17 1.0132841598736032e+17 9.923228935661643e+16 9.688878813541933e+16 9.423269388089221e+16 9.24531932315643e+16 9.117282504819402e+16 8.908232559879984e+16 8.75545639752891e+16 8.501033433799648e+16 8.310078854512755e+16 8.206367905204211e+16 8.096031050814429e+16 7.977748713799763e+16 7.849638073660258e+16 7.708987304166765e+16 7.369400195484037e+16 7.147427321534681e+16 6.841158216044532e+16
22850.003201214597 1.1478182692333517e+17 1.1287457612123005e+17 1.1075901688909438e+17 1.0843759251690595e+17 1.0579874383343507e+17 1.0278474355521365e+17 9.92412498499279e+16 9.720323627920946e+16 9.493090328972064e+16 9.236680406179427e+16 9.064933630781894e+16 8.941436731348056e+16 8.740150947961469e+16 8.593204587874498e+16 8.34887764384584e+16 8.165613932046978e+16 8.066154543880067e+16 7.960331783426278e+16 7.846856820908795e+16 7.723930040364136e+16 7.588893428527917e+16 7.26237857277231e+16 7.0483820992945544e+16 6.751828242182725e+16
22950.003215224297 1.1140787515033432e+17 1.0940114746280714e+17 1.0719432415413374e+17 1.0474262142887918e+17 1.0199165076341498e+17 9.885035504410414e+16 9.519276568494514e+16 9.310643711872e+16 9.079852274614078e+16 8.821396664978194e+16 8.649826622690394e+16 8.527253886778528e+16 8.328670704875827e+16 8.184610258875288e+16 7.946481634977269e+16 7.768876013811349e+16 7.672734087174053e+16 7.570537226760608e+16 7.460974918978413e+16 7.34218534917274e+16 7.211352008694182e+16 6.89154317689945e+16 6.676607650069675e+16 6.364838634601963e+16
23050.003229233993 1.1192109424295306e+17 1.0998231353824376e+17 1.0786200756866349e+17 1.0550534880007301e+17 1.0285390345534211e+17 9.981531231603107e+16 9.625496558903546e+16 9.421325453456589e+16 9.19426454709871e+16 8.938867176557346e+16 8.768464693824168e+16 8.646101568895293e+16 8.4472182982919e+16 8.3024025659968e+16 8.062043072223198e+16 7.882167646028582e+16 7.784642606636666e+16 7.680900108690362e+16 7.569661732428962e+16 7.449132362471186e+16 7.316607161471237e+16 6.994857018804737e+16 6.781875056997947e+16 6.480733477817973e+16
23150.003243243696 1.1072956669189946e+17 1.0884483179823507e+17 1.0675783478976608e+17 1.0445355164167614e+17 1.0185312874102464e+17 9.888274916441066e+16 9.539201025464786e+16 9.338738585651331e+16 9.115871046334734e+16 8.86451880821917e+16 8.696816591666435e+16 8.576313903008805e+16 8.380519341690512e+16 8.237856528287288e+16 8.001117294572646e+16 7.823967378212018e+16 7.727941311049813e+16 7.62581297362555e+16 7.516340853374619e+16 7.397749436249518e+16 7.2673939715095e+16 6.9512375159168584e+16 6.742328760772684e+16 6.447812090778341e+16
23250.003257253396 1.0608098848311096e+17 1.0411831457375678e+17 1.0196337100423454e+17 9.959552356675682e+16 9.694569445258374e+16 9.39408878904547e+16 9.046525454319259e+16 8.849340115333339e+16 8.632280439655253e+16 8.390326448576437e+16 8.230172619747837e+16 8.115895040431144e+16 7.931039216086968e+16 7.797043204819762e+16 7.575560094186862e+16 7.410174581028515e+16 7.320505673629558e+16 7.2250437211967e+16 7.122514052412318e+16 7.011081795729877e+16 6.887958109961432e+16 6.584895533171517e+16 6.379028154616704e+16 6.075673396114158e+16
23350.003271263096 1.0657876169964414e+17 1.0471475234861266e+17 1.02679495250593e+17 1.0042539386329309e+17 9.78863740736128e+16 9.49952015253888e+16 9.161871524903954e+16 8.968832341330496e+16 8.75506633555683e+16 8.515023672398826e+16 8.355164187786342e+16 8.240669193837392e+16 8.054769276961606e+16 7.919680479601154e+16 7.695793280338608e+16 7.528372574596518e+16 7.43762841171571e+16 7.341097126305296e+16 7.237550642176934e+16 7.1252674599236904e+16 7.00163980288933e+16 6.700290869522339e+16 6.499154933065746e+16 6.210452107189008e+16
23450.003285272796 1.0691033735905835e+17 1.0507290424295517e+17 1.0305932222314379e+17 1.0082468991327555e+17 9.8308578084362e+16 9.54265070594293e+16 9.205191144323854e+16 9.011543430875293e+16 8.796447852984555e+16 8.554189918474779e+16 8.392547111581856e+16 8.27657645702109e+16 8.088062701456867e+16 7.950820719992605e+16 7.72321635921457e+16 7.55287771345571e+16 7.460536378909253e+16 7.362303001596726e+16 7.256967154229114e+16 7.142818544654343e+16 7.0172695892738584e+16 6.712209401334054e+16 6.509859665078243e+16 6.222120213093898e+16
23550.003299282493 1.0178608471713146e+17 9.988328921550331e+16 9.780725764096754e+16 9.551108715135963e+16 9.295593877656502e+16 9.006248286443166e+16 8.672420475737054e+16 8.483585718008362e+16 8.276126855711358e+16 8.045470460785325e+16 7.893152048668581e+16 7.784708324744749e+16 7.609456685099294e+16 7.482674898160152e+16 7.27346897791509e+16 7.117447961644723e+16 7.032927126980578e+16 6.942963238125887e+16 6.846351124667559e+16 6.741341345425751e+16 6.625269701427993e+16 6.338975519814909e+16 6.1434899588258264e+16 5.852528130016205e+16
23650.003313292196 1.035036592144012e+17 1.0168374749940096e+17 9.970456226694603e+16 9.749788283345464e+16 9.502689416579133e+16 9.219957598419768e+16 8.8903649320891e+16 8.70213431489491e+16 8.493480499552139e+16 8.259279926578485e+16 8.103567343691509e+16 7.992023548898694e+16 7.811099187851768e+16 7.679669865309973e+16 7.462003390801648e+16 7.299377605895142e+16 7.2112525508428e+16 7.117534541414924e+16 7.0170328858393384e+16 6.90807297832188e+16 6.788105013772252e+16 6.4955594722583784e+16 6.299940372029738e+16 6.017923467394955e+16
23750.003327301896 1.0220147375179251e+17 1.0043272262560387e+17 9.849513874238174e+16 9.634960129383845e+16 9.39387362251967e+16 9.11870964147186e+16 8.79698429098163e+16 8.61316452258591e+16 8.409361792105448e+16 8.180664218847979e+16 8.028528283876096e+16 7.919712988438995e+16 7.743085736643938e+16 7.614814730842454e+16 7.402522916749238e+16 7.24394326532914e+16 7.158034039353267e+16 7.066670236127655e+16 6.968714811461487e+16 6.862510545551025e+16 6.745611014294022e+16 6.460746642710757e+16 6.2705223767716264e+16 5.996669227292037e+16
23850.003341311494 9.809425398260214e+16 9.626735058390011e+16 9.427606556402522e+16 9.207490521592926e+16 8.962577689187554e+16 8.684770713698872e+16 8.364345775184866e+16 8.183394164072723e+16 7.984658108395707e+16 7.764175250169762e+16 7.618887731185147e+16 7.515559402049435e+16 7.348934054381763e+16 7.228640220492237e+16 7.030484899990057e+16 6.882983381401864e+16 6.803128381939253e+16 6.718170752478133e+16 6.626950636255737e+16 6.527794292836583e+16 6.418155618904491e+16 6.1472764876096376e+16 5.961711493740798e+16 5.6843397269509896e+16
23950.003355321198 9.972004878694357e+16 9.795487386045605e+16 9.60216254244267e+16 9.388518292688651e+16 9.1488659713142e+16 8.875039476297106e+16 8.55591295073369e+16 8.37375013746897e+16 8.172469179444566e+16 7.947096259619717e+16 7.797630574949878e+16 7.690785783502416e+16 7.517858762005078e+16 7.39249958759935e+16 7.185443071837607e+16 7.0310572957712216e+16 6.9475176424706664e+16 6.858703918285542e+16 6.763506024638326e+16 6.660297297759242e+16 6.54664306434002e+16 6.268949474265092e+16 6.082395184209774e+16 5.8112748165004664e+16
24050.003369330894 9.917603878672947e+16 9.746604753659262e+16 9.558873609211302e+16 9.350781266623176e+16 9.11643237007962e+16 8.849504295210224e+16 8.53730145927877e+16 8.358857936871226e+16 8.161154376519672e+16 7.939393882781226e+16 7.79197416049483e+16 7.686467971962955e+16 7.51535711974783e+16 7.391116930551198e+16 7.185466639938374e+16 7.0318010226704664e+16 6.948527673275925e+16 6.859928797025817e+16 6.764894306931204e+16 6.6618066449922616e+16 6.548255175134847e+16 6.271191248375819e+16 6.0859103591696536e+16 5.81885027114298e+16
24150.003383340594 9.539745092045402e+16 9.364527255727566e+16 9.172675158423306e+16 8.961241606670632e+16 8.72496907699714e+16 8.457088929428392e+16 8.147839588891725e+16 7.973006938604357e+16 7.781070385168971e+16 7.56797772037772e+16 7.427640910195789e+16 7.327805701723835e+16 7.166902751482071e+16 7.050768643370623e+16 6.859572841328688e+16 6.717324600368547e+16 6.640346008310699e+16 6.558468543986246e+16 6.4705949096882984e+16 6.37511518943685e+16 6.269606620266342e+16 6.0093472212485656e+16 5.83152606995791e+16 5.566666203615113e+16
24250.003397350298 9.609496247601531e+16 9.439652505954354e+16 9.253022578607086e+16 9.047039270556456e+16 8.816007462150387e+16 8.552511454072093e+16 8.245793780384285e+16 8.071277335559658e+16 7.878669766322411e+16 7.663582002219507e+16 7.521265301403264e+16 7.419693934852157e+16 7.25551769141034e+16 7.136712271368559e+16 6.94075008704689e+16 6.794833212290943e+16 6.71588998092449e+16 6.631992115765534e+16 6.54205443498555e+16 6.444540323840984e+16 6.337107512622956e+16 6.074286476929991e+16 5.897287473689638e+16 5.639066871250855e+16
24350.003411359994 9.547746963742736e+16 9.38382539990587e+16 9.203469241438966e+16 9.004075149168139e+16 8.779823400678312e+16 8.524484969282605e+16 8.226402329593702e+16 8.056278061096546e+16 7.868117511287306e+16 7.657243224039035e+16 7.517239790114843e+16 7.41714397937139e+16 7.254973809620531e+16 7.137307798472919e+16 6.942699432038613e+16 6.797347009938048e+16 6.718584157565207e+16 6.634772989661053e+16 6.544846761813491e+16 6.44725857454213e+16 6.339704566980498e+16 6.076890507425654e+16 5.900722734171304e+16 5.645896816227013e+16
24450.003425369698 9.340528786155701e+16 9.172576099468784e+16 8.988833775906104e+16 8.784969996462478e+16 8.556947241890128e+16 8.29788626956474e+16 7.997375308771339e+16 7.826867917585466e+16 7.639423648126062e+16 7.430751808209205e+16 7.29310336973265e+16 7.1951642323419576e+16 7.037175538235181e+16 6.923075866868962e+16 6.735284867325572e+16 6.595626723000551e+16 6.520110499200788e+16 6.439847342117078e+16 6.3537754178126696e+16 6.2603821412472e+16 6.1573551229890744e+16 5.904345541346446e+16 5.73272795830166e+16 5.479627446547801e+16
24550.003439379398 9.164548939715462e+16 9.002331142341355e+16 8.824503970780014e+16 8.627726199248808e+16 8.407908802758379e+16 8.158125502291016e+16 7.868441764388098e+16 7.704082740268662e+16 7.523338348728718e+16 7.322253168028014e+16 7.18963346027212e+16 7.0952252873954376e+16 6.943024596772291e+16 6.833141783722377e+16 6.652267817919085e+16 6.5177926943070584e+16 6.445068816549957e+16 6.367773064895465e+16 6.284878680461703e+16 6.1949194926287096e+16 6.095666942470742e+16 5.8518114154225976e+16 5.686264858987199e+16 5.4418414540167624e+16
24650.003453389094 9.268344323783318e+16 9.109697535361291e+16 8.936281595663594e+16 8.743233285711014e+16 8.527072116652466e+16 8.279904172417846e+16 7.99183275489291e+16 7.82737415825158e+16 7.64542542221456e+16 7.441701999006352e+16 7.30645285131313e+16 7.20989242372222e+16 7.053398468025216e+16 6.939910941998726e+16 6.752341876650864e+16 6.61236859698475e+16 6.536544026556861e+16 6.455905076198858e+16 6.369416719848802e+16 6.275605606375509e+16 6.172269663057355e+16 5.920028947306817e+16 5.751148721726904e+16 5.5071560984292456e+16
24750.003467398798 9.065957397054714e+16 8.907731306344203e+16 8.734658057706064e+16 8.543237932081973e+16 8.328486536597869e+16 8.084270180644696e+16 7.80033924947439e+16 7.638993851205067e+16 7.461013819757992e+16 7.262546520822238e+16 7.1313619129215064e+16 7.0378156569199736e+16 6.886730343163035e+16 6.7774788647278616e+16 6.5973476529117896e+16 6.463225680455059e+16 6.390647047019703e+16 6.313480364112617e+16 6.230705476325556e+16 6.140888280104763e+16 6.04184130232778e+16 5.799038604592922e+16 5.6350580157578616e+16 5.395040674567614e+16
24850.003481408494 8.832690653838248e+16 8.678984569894083e+16 8.510047357469827e+16 8.323446125384386e+16 8.114109624870568e+16 7.875871334589349e+16 7.599190463716304e+16 7.44215580503518e+16 7.269250667414005e+16 7.076722628397219e+16 6.949745421763968e+16 6.859341605283069e+16 6.713634361936533e+16 6.608489277662425e+16 6.435585943920955e+16 6.307181758334825e+16 6.237798743526706e+16 6.1641009114211304e+16 6.085116518622711e+16 5.9994681918805816e+16 5.905040928326161e+16 5.673211718488245e+16 5.515736215058033e+16 5.282468521065185e+16
24950.003495418197 8.947588030946965e+16 8.793654309645595e+16 8.625781823631685e+16 8.43923554245803e+16 8.230182019371202e+16 7.991490305925941e+16 7.713577559568966e+16 7.555095087437742e+16 7.379932455444718e+16 7.184178909787692e+16 7.054497009423911e+16 6.961929493026166e+16 6.812272333999266e+16 6.703904560463554e+16 6.525030658249893e+16 6.391739215201566e+16 6.319601300040106e+16 6.242904700512009e+16 6.1606737244039544e+16 6.07149443802235e+16 5.9732679852697144e+16 5.733317987985174e+16 5.57228162862448e+16 5.338511125256479e+16
25050.0035094278 8.875636710958946e+16 8.725259210104938e+16 8.560089001407902e+16 8.377242178697384e+16 8.171779363402949e+16 7.93725504977318e+16 7.664015259304155e+16 7.508331678618586e+16 7.336179727399645e+16 7.143711691864009e+16 7.016141358783009e+16 6.925038483032121e+16 6.777669514725851e+16 6.670921116291169e+16 6.49463176003344e+16 6.3631748617751944e+16 6.291993359218537e+16 6.216299750129452e+16 6.1351138405847464e+16 6.047061250225547e+16 5.950061466671561e+16 5.713262085004784e+16 5.554721751183448e+16 5.325773070802039e+16
25150.003523437495 8.679423683670978e+16 8.526779556401541e+16 8.359497574290946e+16 8.174232565997963e+16 7.966572680109038e+16 7.729867834223922e+16 7.455088285346318e+16 7.299182177941155e+16 7.1275445980342296e+16 6.93640433844401e+16 6.810365265682737e+16 6.7206936741093464e+16 6.576178007881365e+16 6.471950560043914e+16 6.300599391677672e+16 6.1734210118833544e+16 6.104738748984001e+16 6.031807512981226e+16 5.953698965713322e+16 5.869054659128453e+16 5.775827756785659e+16 5.5474919749817176e+16 5.392969499382464e+16 5.165147178150318e+16
25250.003537447195 8.687100930612814e+16 8.538599381431858e+16 8.375980048751651e+16 8.195301882813707e+16 7.992642598371109e+16 7.761233645727634e+16 7.491432684905285e+16 7.337639182676056e+16 7.167703618846485e+16 6.9777893302488056e+16 6.852041870345704e+16 6.7623036514379864e+16 6.617273741532322e+16 6.512326913442717e+16 6.3393150450855e+16 6.2105219974471464e+16 6.140877614575505e+16 6.066884525794434e+16 5.987609788790037e+16 5.901716594097252e+16 5.8072009579419944e+16 5.576752963155611e+16 5.4223793655905624e+16 5.19846354652151e+16
25350.003551456895 8.600905229556688e+16 8.456376748891558e+16 8.29789217660833e+16 8.121400080738107e+16 7.92357299357723e+16 7.697823049292261e+16 7.434575926345621e+16 7.28435441266606e+16 7.1183008328011064e+16 6.932580148839117e+16 6.809530601143764e+16 6.7216808428833096e+16 6.579599194766151e+16 6.476703678838872e+16 6.30689411121213e+16 6.180353148441208e+16 6.1118742127930424e+16 6.039068620807345e+16 5.9610198219212424e+16 5.8764057692805576e+16 5.78324674145677e+16 5.55604735290163e+16 5.404074716814026e+16 5.184640639013561e+16
25450.003565466595 8.438758263523766e+16 8.295183481336242e+16 8.138047643698842e+16 7.96347794198529e+16 7.768234788397629e+16 7.54574957286781e+16 7.287063622119402e+16 7.1400821939764584e+16 6.977894768158659e+16 6.797159186695471e+16 6.677672274119895e+16 6.592525573252608e+16 6.455038762668603e+16 6.355689663284521e+16 6.192010776129809e+16 6.070227045997794e+16 6.004366924546949e+16 5.934367621626035e+16 5.859350759211043e+16 5.778018280359017e+16 5.688437151057103e+16 5.469526548800043e+16 5.322387107964437e+16 5.108228691229552e+16
25550.0035794763 8.376253524360488e+16 8.235359649139307e+16 8.080947925185483e+16 7.909558650022693e+16 7.717191330424557e+16 7.497646218493576e+16 7.241840808339544e+16 7.096154562788771e+16 6.9351079971304344e+16 6.755243742069859e+16 6.636190555165976e+16 6.551210946026082e+16 6.413912998160068e+16 6.314586279215943e+16 6.150799546244825e+16 6.028854473162624e+16 5.962906063775814e+16 5.892816700902309e+16 5.81770505653859e+16 5.7363018334669544e+16 5.6466990488228584e+16 5.428063383772518e+16 5.2814301084835896e+16 5.068406451796912e+16
25650.003593485995 8.306661137547848e+16 8.167749672102293e+16 8.017221780964394e+16 7.849864568281067e+16 7.66222054918478e+16 7.447396698601955e+16 7.197178360104942e+16 7.0544034450379096e+16 6.896594596793307e+16 6.720059530892626e+16 6.6030908271800024e+16 6.519531271706485e+16 6.38438008323674e+16 6.286468716541901e+16 6.124808594339707e+16 6.004255265249522e+16 5.938981640088304e+16 5.869550151964255e+16 5.795092219423994e+16 5.714331227321899e+16 5.6253737369256536e+16 5.408278894749978e+16 5.262963863982924e+16 5.053013195788315e+16
25750.003607495695 8.290846316395189e+16 8.15396792681179e+16 8.003752274976496e+16 7.836540695636256e+16 7.649062697768438e+16 7.434668658649016e+16 7.184197018802457e+16 7.041136566117919e+16 6.882870805860334e+16 6.70575966748297e+16 6.5883135504656296e+16 6.5044604165321096e+16 6.368709107346045e+16 6.270334488330842e+16 6.107927525534914e+16 5.986810075187919e+16 5.921232524377459e+16 5.8515035367245864e+16 5.7767395262869016e+16 5.695676096489757e+16 5.606445102233546e+16 5.389054831059108e+16 5.244032281277443e+16 5.035657326098306e+16
25850.00362150539 8.053724316521333e+16 7.917834425937165e+16 7.769170470594416e+16 7.60430935078957e+16 7.420129889795293e+16 7.209925132025448e+16 6.965361649599e+16 6.826376026731461e+16 6.6730855121130904e+16 6.502374132058932e+16 6.389637543323171e+16 6.309310978130283e+16 6.179805140799592e+16 6.0862865542409464e+16 5.932350213649107e+16 5.817949451741238e+16 5.756117009794616e+16 5.690427966892542e+16 5.620060642827725e+16 5.543810486637911e+16 5.4598714406699176e+16 5.254862036283273e+16 5.116960894346021e+16 4.915436090939152e+16
25950.003635515095 8.082525401268373e+16 7.948598161144702e+16 7.801116291151042e+16 7.6376734405713e+16 7.454105404767624e+16 7.244800064820866e+16 7.000610741616125e+16 6.861318475173862e+16 6.707432108670042e+16 6.535508484670939e+16 6.421607710315907e+16 6.340373359689337e+16 6.209091704856858e+16 6.1141087741405544e+16 5.957487424769882e+16 5.8408833111361144e+16 5.777818231194147e+16 5.710791425197666e+16 5.638982594686334e+16 5.56117396877306e+16 5.4755689535572376e+16 5.267054849627502e+16 5.127723549890374e+16 4.9264661953838744e+16
26050.003649524795 8.033834750581931e+16 7.902344242989598e+16 7.75771697285369e+16 7.59676162347609e+16 7.416259486742658e+16 7.209947053338195e+16 6.968906432364926e+16 6.831195718975966e+16 6.6789081633273544e+16 6.50846902778249e+16 6.395554409644596e+16 6.3149045058661736e+16 6.184536450548127e+16 6.0900905766731e+16 5.934274206970776e+16 5.818145536263814e+16 5.7552966143368824e+16 5.688484537551351e+16 5.616865030869173e+16 5.539234134773633e+16 5.453793074611594e+16 5.245691997193521e+16 5.106869391318142e+16 4.907328534457019e+16
26150.003663534495 7.931172461584418e+16 7.803350801365766e+16 7.661518266582518e+16 7.5047236807124e+16 7.327954515952378e+16 7.1257923350052904e+16 6.888802768752874e+16 6.7535162045475256e+16 6.603785286110921e+16 6.436040882053437e+16 6.32482176831882e+16 6.245408650780264e+16 6.116905225773865e+16 6.023838237511311e+16 5.87019089513267e+16 5.755654924720472e+16 5.693670889305248e+16 5.627778906848675e+16 5.557138597441353e+16 5.480592577183631e+16 5.396365240263436e+16 5.191329074926441e+16 5.054571477014609e+16 4.857698852652169e+16
26250.003677544195 7.626089939831248e+16 7.521586961235005e+16 7.40443447431147e+16 7.271557693220752e+16 7.1198578092008664e+16 6.9431159402632616e+16 6.732480308114926e+16 6.610365546924017e+16 6.473807564648063e+16 6.319364011411829e+16 6.216112221929306e+16 6.141891622705564e+16 6.021137525718049e+16 5.933181941169837e+16 5.787114044056185e+16 5.6776140186777144e+16 5.6181464203380856e+16 5.554801854137767e+16 5.486762431207876e+16 5.412881867544166e+16 5.331436949164744e+16 5.132646552788071e+16 4.999695837952948e+16 4.807767004232064e+16
26350.003691553797 7.73892716511163e+16 7.614803099899843e+16 7.47888929152987e+16 7.32778226629146e+16 7.157643014753233e+16 6.963015799610141e+16 6.735372856435981e+16 6.60506395692595e+16 6.4611547984389016e+16 6.300075567782792e+16 6.193276877250768e+16 6.117058345633124e+16 5.99377648880329e+16 5.9044846120525976e+16 5.757036160821363e+16 5.6471055022026216e+16 5.587589200243415e+16 5.52429938359079e+16 5.4564334382551896e+16 5.382843869181266e+16 5.301831511092115e+16 5.104435237974024e+16 4.972700293545733e+16 4.783230252346685e+16
26450.003705563493 7.651783686344906e+16 7.528672684398186e+16 7.393463935735082e+16 7.243482604283494e+16 7.075238579864272e+16 6.883093846664827e+16 6.659180319416711e+16 6.531586425254919e+16 6.390608543391445e+16 6.2330310670689816e+16 6.128652272351355e+16 6.0541571077388904e+16 5.933670947706782e+16 5.846429948550446e+16 5.702373380504222e+16 5.5949496217659144e+16 5.536778325747948e+16 5.4749061655937976e+16 5.408564464894743e+16 5.336628625836689e+16 5.2574353355594424e+16 5.064552089817732e+16 4.9359077473287224e+16 4.751010233650986e+16
26550.003719573197 7.578932550881278e+16 7.455756893696139e+16 7.320622337369957e+16 7.1706482589333096e+16 7.002604571368723e+16 6.810393653072441e+16 6.586352813863795e+16 6.4587668961665464e+16 6.317773346849617e+16 6.160367051932386e+16 6.056103466781267e+16 5.981767676016808e+16 5.861632201858042e+16 5.774704807488236e+16 5.631324507161357e+16 5.524550076206015e+16 5.466782052594797e+16 5.4053761728182936e+16 5.339575427901814e+16 5.2682801368704e+16 5.189857334746855e+16 4.999045896227342e+16 4.871804057169299e+16 4.6884391927594664e+16
26650.003733582893 7.456103104616826e+16 7.337258610571584e+16 7.2055995024401e+16 7.059678977408394e+16 6.895748101199063e+16 6.708985745596495e+16 6.4912622899602344e+16 6.36714946368997e+16 6.230054555373762e+16 6.076816468954951e+16 5.975399227578398e+16 5.903083888169085e+16 5.786109834014651e+16 5.701460573103732e+16 5.5617786981834776e+16 5.4576744571729416e+16 5.401333876669567e+16 5.34142339534076e+16 5.277191662300909e+16 5.207550380051903e+16 5.130897360183017e+16 4.944113625889827e+16 4.819271986991456e+16 4.638874887281524e+16
26750.003747592596 7.49119462969927e+16 7.372638679819269e+16 7.242350998161416e+16 7.098346346762564e+16 6.935771890561422e+16 6.749809332786873e+16 6.532608392619998e+16 6.408352511806981e+16 6.270628463585861e+16 6.116374143409384e+16 6.0140322081164616e+16 5.940859208185892e+16 5.822344150928895e+16 5.736428034203487e+16 5.594420560792949e+16 5.488417738417537e+16 5.4309887535322936e+16 5.369914551249311e+16 5.30440938534548e+16 5.233398479360984e+16 5.155273188021456e+16 4.9653820564313016e+16 4.839314274683933e+16 4.659502724078226e+16
26850.003761602296 7.43644052612575e+16 7.318551516852992e+16 7.188626469186125e+16 7.043840492739628e+16 6.881372625148368e+16 6.695371012874538e+16 6.477820487697475e+16 6.353741755743284e+16 6.216264451894224e+16 6.06232137607615e+16 5.960267810984772e+16 5.887351126706941e+16 5.769386089093064e+16 5.683892868020486e+16 5.54274079474719e+16 5.437468287254586e+16 5.380472815225704e+16 5.319866417167296e+16 5.2549066742583144e+16 5.184506831746705e+16 5.107076143523323e+16 4.9189405104096584e+16 4.794017239482093e+16 4.615618422442297e+16
26950.003775611993 7.347644934506238e+16 7.229731920458384e+16 7.098773616014288e+16 6.954902973352233e+16 6.793563215145146e+16 6.60870611942506e+16 6.393020114800334e+16 6.270103673531709e+16 6.134001394610925e+16 5.981938737310317e+16 5.881193018999324e+16 5.809244266994371e+16 5.692972092578383e+16 5.608827611448459e+16 5.469930582193775e+16 5.3664311152386616e+16 5.310430552883963e+16 5.250910861395307e+16 5.1871183643982776e+16 5.118009833665383e+16 5.042027186662477e+16 4.857448812470288e+16 4.734805417972573e+16 4.559099020822086e+16
27050.003789621696 7.287107806810858e+16 7.170983599781954e+16 7.0433974062386504e+16 6.902620089406845e+16 6.743541721366514e+16 6.562124665109804e+16 6.350304832157914e+16 6.229210161489004e+16 6.0954923725231256e+16 5.945851311691697e+16 5.8467056971035944e+16 5.775878810136525e+16 5.661316901204013e+16 5.578294903932064e+16 5.441248008508625e+16 5.3390363260505336e+16 5.2836998110181064e+16 5.224851849412692e+16 5.16176712895588e+16 5.0934008388052824e+16 5.018208283429869e+16 4.8355411752825544e+16 4.714304010204831e+16 4.541294056491094e+16
27150.003803631393 7.209726377141843e+16 7.095344949842204e+16 6.969722711133133e+16 6.83078271129375e+16 6.674072467984127e+16 6.4951646335635464e+16 6.286741126133328e+16 6.167807896588355e+16 6.0362407751038776e+16 5.889128627489719e+16 5.791678962259194e+16 5.722059073225577e+16 5.609419352404402e+16 5.52783057400142e+16 5.393012501444448e+16 5.2924193726774216e+16 5.237933501893379e+16 5.1799794800798824e+16 5.117832597225114e+16 5.050458967367917e+16 4.9763224431933496e+16 4.796130396521219e+16 4.676477410273986e+16 4.5056830083060376e+16
27250.003817641096 7.140943577135992e+16 7.029350451655583e+16 6.905833574303719e+16 6.768133135372816e+16 6.6142765241423624e+16 6.437872747268032e+16 6.2325130975995336e+16 6.115208661787828e+16 5.985596316862387e+16 5.840639215475262e+16 5.744576385369881e+16 5.675963019871268e+16 5.5649821660529144e+16 5.484547828893506e+16 5.3516629478673416e+16 5.252504977933201e+16 5.19877781010534e+16 5.141630750701544e+16 5.080333090650156e+16 5.013887096463385e+16 4.940768219345859e+16 4.763074394677538e+16 4.645185723377977e+16 4.47726952833501e+16
27350.003831650796 7.06942397490274e+16 6.958511192593994e+16 6.83560961084275e+16 6.69969828801629e+16 6.546317707618179e+16 6.3717449899985864e+16 6.167907265302591e+16 6.051481817793352e+16 5.922732275276273e+16 5.778814923403511e+16 5.683415332861072e+16 5.615283062751044e+16 5.5050664563416e+16 5.4252182394101736e+16 5.293312421438406e+16 5.194899332227577e+16 5.141598194025405e+16 5.084900362820251e+16 5.024105068741383e+16 4.958205307090044e+16 4.885715458586379e+16 4.7095944253510776e+16 4.59269660023768e+16 4.425736065831603e+16
27450.003845660493 7.018837173280874e+16 6.909054954854408e+16 6.788920641212422e+16 6.655130412228415e+16 6.504178037935463e+16 6.331722436027598e+16 6.1303896609939016e+16 6.015170393826041e+16 5.887898578939796e+16 5.745517116424747e+16 5.651108281358392e+16 5.5836037447314824e+16 5.4744432023049544e+16 5.39530190840466e+16 5.264530749899913e+16 5.166930944400239e+16 5.114050866463765e+16 5.057795694406995e+16 4.997470912666797e+16 4.9320696016072616e+16 4.86012112110819e+16 4.68538844575278e+16 4.5696004823358104e+16 4.404876537326843e+16
27550.003859670094 6.921538645902353e+16 6.816035407255285e+16 6.699334037145983e+16 6.570298334137419e+16 6.425713927850567e+16 6.259436726327962e+16 6.064679678982256e+16 5.953204832317919e+16 5.8297420102534424e+16 5.691426904254839e+16 5.599599574842702e+16 5.533918183003337e+16 5.427524019429363e+16 5.350332424037386e+16 5.222576448892444e+16 5.1270588015628056e+16 5.075243243472185e+16 5.020090110956131e+16 4.960893257805879e+16 4.8966708123482904e+16 4.8259685432290456e+16 4.654130751937977e+16 4.540263939588345e+16 4.378557448172697e+16
27650.003873679794 6.8497407040850744e+16 6.744850406948196e+16 6.62810885758138e+16 6.499676441637987e+16 6.354308284380261e+16 6.1887604864537096e+16 5.995208114027992e+16 5.884748271191143e+16 5.762476547918606e+16 5.625764670807244e+16 5.535104270409568e+16 5.470319017981731e+16 5.365461621872922e+16 5.289454091527106e+16 5.163746660149276e+16 5.069862797933239e+16 5.018971613433738e+16 4.964796771864168e+16 4.906673391156363e+16 4.843619297053689e+16 4.7742060808173304e+16 4.605436474833462e+16 4.493454320229597e+16 4.334007640294969e+16
27750.003887689494 6.792960762412652e+16 6.687069616933242e+16 6.5706103708453464e+16 6.441412349214692e+16 6.295977710516958e+16 6.130470587570472e+16 5.937235022656944e+16 5.827084352944315e+16 5.705332138568362e+16 5.569402443330564e+16 5.4793334158898216e+16 5.415094174245855e+16 5.311161361323268e+16 5.2358850342223096e+16 5.111529549638125e+16 5.018707031601412e+16 4.968409122822538e+16 4.914894431329215e+16 4.857478887905392e+16 4.795220402986183e+16 4.726705422280536e+16 4.5601951812539816e+16 4.449734771772411e+16 4.2923008003526584e+16
27850.003901699198 6.736233338655744e+16 6.63182411236179e+16 6.515652021765607e+16 6.38882713404759e+16 6.2451188346535176e+16 6.0813502483535144e+16 5.890403685208955e+16 5.781718373557612e+16 5.66142306111091e+16 5.527066179879784e+16 5.4381029591880344e+16 5.374631978774743e+16 5.271916632793326e+16 5.1975199404290584e+16 5.074588311072491e+16 4.982834341804459e+16 4.933092875347647e+16 4.880170143541323e+16 4.823384143044565e+16 4.7617984670233064e+16 4.694025599537515e+16 4.529327775938944e+16 4.420149491519004e+16 4.264852828948094e+16
27950.003915708894 6.683144899407265e+16 6.579119064986274e+16 6.464770815811872e+16 6.338523354206031e+16 6.1965506112638584e+16 6.034326876636963e+16 5.845111383980524e+16 5.737298922654917e+16 5.6181126125897096e+16 5.484876596514344e+16 5.396613243203853e+16 5.3335800035803336e+16 5.23164735429092e+16 5.157804735898588e+16 5.0357846765752424e+16 4.9447133028659544e+16 4.895362938643717e+16 4.842851945950035e+16 4.78652425246982e+16 4.7254345603697064e+16 4.658224643664604e+16 4.4950157917323064e+16 4.3869719884135816e+16 4.233604123801565e+16
28050.003929718594 6.611864719468829e+16 6.509755716838844e+16 6.397065811253871e+16 6.271773001986654e+16 6.131584642847893e+16 5.971332172972925e+16 5.7844793791921784e+16 5.677886599485813e+16 5.5602503798265784e+16 5.428873155814225e+16 5.341837412495615e+16 5.279707032879794e+16 5.179242853721624e+16 5.1064568663031656e+16 4.98622323365944e+16 4.896464526870782e+16 4.847810775152372e+16 4.796055256707818e+16 4.740515450982959e+16 4.680293597593309e+16 4.6140176644270536e+16 4.453022390576395e+16 4.346345605389211e+16 4.194645687355775e+16
28150.003943728298 6.555417757705224e+16 6.452808982674458e+16 6.3424914758937784e+16 6.218170080620745e+16 6.078787524739642e+16 5.920255200869988e+16 5.7354327752542664e+16 5.629948660557501e+16 5.5136477719851496e+16 5.383547595020006e+16 5.297376920170333e+16 5.235885018895169e+16 5.136424154503787e+16 5.064345998137603e+16 4.945270756131828e+16 4.856373413531627e+16 4.808190338309066e+16 4.756921275222595e+16 4.701911885517212e+16 4.642258846152626e+16 4.576608946268388e+16 4.417124955499836e+16 4.311459033289273e+16 4.161236445560307e+16
28250.003957737994 6.492128798393779e+16 6.39129094663557e+16 6.281397544413089e+16 6.1598202530588504e+16 6.022764315202232e+16 5.866446667004313e+16 5.684616005817418e+16 5.580904413954662e+16 5.466261270991192e+16 5.3382024366305336e+16 5.253413008480005e+16 5.192911408434673e+16 5.095040922470921e+16 5.0241217351215144e+16 4.906922314065543e+16 4.8193823678332744e+16 4.771925399833446e+16 4.7214126666851224e+16 4.667209666028538e+16 4.608402688669113e+16 4.543668497067595e+16 4.38634262666589e+16 4.282112884677049e+16 4.134123828875288e+16
28350.003971747698 6.442099510625003e+16 6.342681132467664e+16 6.233751268829708e+16 6.113426305707054e+16 5.9788634465705336e+16 5.824514121404404e+16 5.644737877718458e+16 5.542245328645536e+16 5.429052000632634e+16 5.302330909916927e+16 5.2184299835989256e+16 5.1584959083242456e+16 5.061541046888816e+16 4.9913328184029144e+16 4.875181696304688e+16 4.788373795835029e+16 4.74132000931522e+16 4.691207967625732e+16 4.637434629345828e+16 4.579086021158847e+16 4.514843734769837e+16 4.358706182006878e+16 4.255311342410091e+16 4.108785726597357e+16
28450.003985757394 6.354268254108662e+16 6.2577274775407464e+16 6.151586133492663e+16 6.033139257897587e+16 5.9009461985482024e+16 5.749246029998952e+16 5.572914730275064e+16 5.472411477561634e+16 5.361521579689031e+16 5.2377170705214104e+16 5.155753841933941e+16 5.097252234348318e+16 5.002611303586567e+16 4.93404020452835e+16 4.820673205396555e+16 4.735953170965362e+16 4.689998413445952e+16 4.64107306560381e+16 4.588543034587025e+16 4.531536374009378e+16 4.468744733303324e+16 4.316033408855382e+16 4.214802017332523e+16 4.071107346966347e+16
28550.003999767094 6.3079115936182744e+16 6.211235728035248e+16 6.105447194991126e+16 5.987341454307146e+16 5.8552966375044984e+16 5.705056229995554e+16 5.529885407213407e+16 5.42998410106601e+16 5.319745659166888e+16 5.196454410629235e+16 5.114905752849916e+16 5.056709084621501e+16 4.9625696785252104e+16 4.894375587536297e+16 4.781663385853022e+16 4.697453156020311e+16 4.65179421185323e+16 4.603201147250339e+16 4.551030985124254e+16 4.4944277495637864e+16 4.4321064481218056e+16 4.280617822898835e+16 4.180251121037235e+16 4.037831509015047e+16
28650.004013776797 6.237958404891073e+16 6.144624957957279e+16 6.041292221165842e+16 5.9268947575150696e+16 5.797435224749133e+16 5.6499161476829704e+16 5.477660190433038e+16 5.379448980851636e+16 5.270939925659601e+16 5.149617785087378e+16 5.069242598232423e+16 5.011913619748515e+16 4.91911167048515e+16 4.851870287237631e+16 4.7406529367780744e+16 4.657580638013776e+16 4.612513624158794e+16 4.564541670997552e+16 4.513036023927535e+16 4.457139582516671e+16 4.395584366158467e+16 4.245914109034063e+16 4.146720528720056e+16 4.0059236896592376e+16
28750.004027786395 6.1545695008076824e+16 6.065238154172444e+16 5.9661509217388696e+16 5.8558857975803016e+16 5.731972622508755e+16 5.5894468948814264e+16 5.423017765562972e+16 5.3279023402927496e+16 5.2226086561345064e+16 5.104450317950659e+16 5.026147806834981e+16 4.9701880761709896e+16 4.879402747739074e+16 4.813523450668519e+16 4.704384445368874e+16 4.6226365385425576e+16 4.578258685285175e+16 4.530978014574689e+16 4.480162642025246e+16 4.424982798601274e+16 4.364180647538211e+16 4.216201457366133e+16 4.118105827237156e+16 3.979026615173029e+16
28850.004041796095 6.1273189850855736e+16 6.034378082385125e+16 5.932326697057026e+16 5.819662274137497e+16 5.692981125686796e+16 5.548402141770748e+16 5.380178801362621e+16 5.284179059908721e+16 5.178156270490023e+16 5.0598566988349496e+16 4.9815180873682664e+16 4.925679433859032e+16 4.835243893788126e+16 4.769782769419015e+16 4.661525885894998e+16 4.580605891689237e+16 4.536716441327492e+16 4.489970860837276e+16 4.439770051757313e+16 4.385286824341114e+16 4.325262931347295e+16 4.1792576863330136e+16 4.082467081692033e+16 3.945147775082895e+16
28950.00405580579 6.074884942165042e+16 5.9830950562334264e+16 5.88215293181794e+16 5.7704954383154104e+16 5.644534946022941e+16 5.5009670751224616e+16 5.333883152267298e+16 5.2386765547328136e+16 5.133804985671034e+16 5.016632210364157e+16 4.9390573402196056e+16 4.8837716011774856e+16 4.794301457615313e+16 4.7294552204582264e+16 4.622312723789893e+16 4.542252921696498e+16 4.49882989445392e+16 4.452587057949169e+16 4.402941425129702e+16 4.3490546282835496e+16 4.28969992462511e+16 4.145368479482416e+16 4.049725141262013e+16 3.914104555253641e+16
29050.004069815495 6.013665071245031e+16 5.922468509938616e+16 5.822589487219964e+16 5.712296388269125e+16 5.58790890070223e+16 5.4462885440244664e+16 5.281188660188277e+16 5.1873027100113976e+16 5.083766853358524e+16 4.968197253703954e+16 4.891741649496559e+16 4.8371901469681016e+16 4.7489617088245256e+16 4.685069955545135e+16 4.579447791401189e+16 4.500529719232562e+16 4.457712494050069e+16 4.4121209774914184e+16 4.363171968865287e+16 4.31003364895588e+16 4.251494510591736e+16 4.109068166686764e+16 4.01460654555053e+16 3.880476310332782e+16
29150.004083825195 5.9638548214211096e+16 5.873505695997952e+16 5.775330163967577e+16 5.666261695726894e+16 5.543213178767229e+16 5.4030854134965816e+16 5.240182797767231e+16 5.1474312371494504e+16 5.045142093148599e+16 4.9308475849819e+16 4.855197793020136e+16 4.8012157228445256e+16 4.7139341681860104e+16 4.650666198104605e+16 4.546093197634284e+16 4.467947639449801e+16 4.425545563556448e+16 4.38038381996939e+16 4.331887813362038e+16 4.279242222126813e+16 4.221241319519072e+16 4.08015522925565e+16 3.986643607691525e+16 3.854068180240791e+16
29250.004097834895 5.864685443247315e+16 5.775372863946729e+16 5.677656188747823e+16 5.5696930880414744e+16 5.4486428453743464e+16 5.311263219732219e+16 5.151618594910594e+16 5.061032343334472e+16 4.961229778246838e+16 4.85004105910922e+16 4.7766463829599256e+16 4.724316651118545e+16 4.639825568196416e+16 4.578678534527255e+16 4.477674474540624e+16 4.402223257516584e+16 4.361299327758547e+16 4.317730450358241e+16 4.270946754046007e+16 4.220153220229221e+16 4.164192099180799e+16 4.027904728745423e+16 3.937291684007229e+16 3.80805387367974e+16
29350.004111844595 5.844454409552292e+16 5.756762188659057e+16 5.658761063279368e+16 5.552083710300738e+16 5.432397504226546e+16 5.294610135484488e+16 5.135157216068371e+16 5.044601907258605e+16 4.9445948350918616e+16 4.833161197493176e+16 4.759438847078079e+16 4.706884711169158e+16 4.622014091418544e+16 4.560565507624419e+16 4.458986288184008e+16 4.383097742763024e+16 4.3419460481500024e+16 4.2981289152686536e+16 4.2510789969210776e+16 4.200021925073322e+16 4.14378169790673e+16 4.006980283865394e+16 3.916262892546953e+16 3.7874210143352616e+16
29450.00412585429 5.7778434907714504e+16 5.690286771219805e+16 5.595712929724414e+16 5.48923359597399e+16 5.370662055818002e+16 5.23569205844619e+16 5.078600040525234e+16 4.989627530207278e+16 4.891184808753391e+16 4.7816789016253864e+16 4.709335000367625e+16 4.657774574931442e+16 4.574323437309748e+16 4.513913509209935e+16 4.414132230176582e+16 4.339528455735391e+16 4.299063991914732e+16 4.2559830972091096e+16 4.209704158910745e+16 4.1594736663993576e+16 4.104131016563842e+16 3.969425842648626e+16 3.880022664485756e+16 3.7528783502141896e+16
29550.004139863995 5.7388204367582296e+16 5.652565806736743e+16 5.557541900637961e+16 5.452342451427535e+16 5.335070752512532e+16 5.200735223133873e+16 5.0450000084283976e+16 4.956666956600107e+16 4.858987844819781e+16 4.750199926590502e+16 4.678289235631478e+16 4.627051070304077e+16 4.5441638855709896e+16 4.484164362990982e+16 4.3850048631581224e+16 4.310902276539718e+16 4.270712267398404e+16 4.2279101298843944e+16 4.18193667604427e+16 4.13202832115192e+16 4.077047393044466e+16 3.943261316823007e+16 3.854525624004482e+16 3.728511125501022e+16
29650.004153873695 5.684222191752845e+16 5.598392449276434e+16 5.504272006992613e+16 5.399590429175011e+16 5.28321376025694e+16 5.150621756695065e+16 4.9965069512496296e+16 4.9088183265009416e+16 4.812334203580082e+16 4.70470091461565e+16 4.633602375806351e+16 4.5829116243772984e+16 4.5010464550119176e+16 4.441786202472957e+16 4.343862908233447e+16 4.270704281561383e+16 4.231027580076127e+16 4.1887798209684e+16 4.143414381607866e+16 4.094163066433377e+16 4.039910286114222e+16 3.907894305473791e+16 3.8202814673402584e+16 3.695691244079698e+16
29750.004167883395 5.634998831478327e+16 5.549649144129439e+16 5.458102558483364e+16 5.355798842813192e+16 5.240569553263815e+16 5.109719764197036e+16 4.957776484317262e+16 4.871223362052948e+16 4.7760907739323144e+16 4.670003356493424e+16 4.599863669031035e+16 4.5498572338657544e+16 4.4689757086809736e+16 4.410447347653967e+16 4.313637352806857e+16 4.24128590469759e+16 4.202023458377353e+16 4.160204379340261e+16 4.115288698226714e+16 4.066509433879069e+16 4.012762712805592e+16 3.881923140880452e+16 3.79511027891427e+16 3.671821504969085e+16
29850.004181893095 5.583692254594283e+16 5.5000429520887384e+16 5.408121051632898e+16 5.306743070135088e+16 5.193401209669387e+16 5.0637661274232376e+16 4.913180940432854e+16 4.827710336615079e+16 4.733556660386155e+16 4.628669042279961e+16 4.55935534074885e+16 4.509874767353705e+16 4.429942675590819e+16 4.3720799613063224e+16 4.276472436663093e+16 4.205000383268779e+16 4.166222972850252e+16 4.124920248838029e+16 4.08055807052282e+16 4.032395084454575e+16 3.979322173180839e+16 3.85015096303679e+16 3.764452680659273e+16 3.642751863705433e+16
29950.0041959028 5.5180130862836e+16 5.434956328313773e+16 5.345355498190399e+16 5.245150927787549e+16 5.133792327937202e+16 5.006302399175151e+16 4.858621933627163e+16 4.774606841526689e+16 4.6819891485432424e+16 4.578958208809988e+16 4.510876432885677e+16 4.462405370973693e+16 4.384020574367321e+16 4.327283647779813e+16 4.233532714042414e+16 4.163443208596871e+16 4.125423096916489e+16 4.084901964120776e+16 4.04138364711398e+16 3.994123009717848e+16 3.942035328198329e+16 3.815190858783941e+16 3.730950839357289e+16 3.6111435131984456e+16
30050.004209912393 5.4658482585981016e+16 5.384554951942638e+16 5.294795151544362e+16 5.1959223214421096e+16 5.084403134758773e+16 4.958024933251422e+16 4.811470650038008e+16 4.728351711117819e+16 4.636724797507556e+16 4.53475797567258e+16 4.467509346854723e+16 4.419520492387367e+16 4.342033795425125e+16 4.285991962404323e+16 4.193430749895122e+16 4.124231128419686e+16 4.086709452244861e+16 4.046731637925624e+16 4.003790327004383e+16 3.9571600683807864e+16 3.905759207197115e+16 3.780541230403132e+16 3.697292967772101e+16 3.578651298426833e+16
30150.004223922097 5.4314734932855336e+16 5.35110246977958e+16 5.26278292302951e+16 5.164988659636228e+16 5.0551194279072456e+16 4.930274286008707e+16 4.7851023892442696e+16 4.702450383448444e+16 4.611757560736363e+16 4.510490386681996e+16 4.4435885657675096e+16 4.395916880390992e+16 4.31884631008913e+16 4.2630174821804824e+16 4.170828125130419e+16 4.1018851689148776e+16 4.064471395457151e+16 4.024604339933638e+16 3.9817804524959784e+16 3.9352744568472104e+16 3.8840163532397224e+16 3.7592239330692024e+16 3.6763984771718376e+16 3.5587536985941348e+16
30250.004237931793 5.372113832305e+16 5.293017606246837e+16 5.205271804386149e+16 5.108825332086793e+16 5.000307198111326e+16 4.877260035913091e+16 4.734038026005475e+16 4.652951449901824e+16 4.563341191936795e+16 4.463765610706984e+16 4.397986054052167e+16 4.3511071298201176e+16 4.275337174271808e+16 4.220470892939554e+16 4.129868024952214e+16 4.0621147551893976e+16 4.025357046687392e+16 3.9862112785053576e+16 3.944138148277389e+16 3.898450460692371e+16 3.848098787876618e+16 3.725454732475075e+16 3.6439833696594504e+16 3.5280729169934164e+16
30350.004251941496 5.287103538871697e+16 5.212907485768223e+16 5.129408392653878e+16 5.0384563289450616e+16 4.93489846401588e+16 4.817210657179769e+16 4.680144454581865e+16 4.601759608471191e+16 4.515307741567343e+16 4.418784611463573e+16 4.3548930340225896e+16 4.3092397454075064e+16 4.235360557134609e+16 4.181801446980766e+16 4.093060242337726e+16 4.02659058867063e+16 3.990468858560599e+16 3.951957613772139e+16 3.910554687504836e+16 3.865550776434524e+16 3.815913531520068e+16 3.694866583205196e+16 3.614368252992292e+16 3.499759349607947e+16
30450.004265951196 5.256724663611034e+16 5.180581136599732e+16 5.097582145323811e+16 5.003801853331208e+16 4.8994213813144536e+16 4.780771465359432e+16 4.642096662154012e+16 4.563185806542885e+16 4.476011872492738e+16 4.379012625487747e+16 4.314915913945098e+16 4.2692129012615384e+16 4.195341533077197e+16 4.141863513100215e+16 4.053434508204534e+16 3.9873417429934136e+16 3.9514782325958824e+16 3.913259891797452e+16 3.872215710307901e+16 3.827628530320241e+16 3.778480745835645e+16 3.658717533026538e+16 3.5790359861431292e+16 3.4652962706943184e+16
30550.004279960893 5.229185163698415e+16 5.152801499667213e+16 5.0680079804998296e+16 4.974695446377344e+16 4.87048693940319e+16 4.7505780350280424e+16 4.612072208040627e+16 4.533597569289548e+16 4.4469729745123896e+16 4.350772833217255e+16 4.2872219823635384e+16 4.241955032391762e+16 4.168787594126284e+16 4.115829892519131e+16 4.0283256770107096e+16 3.962870041916449e+16 3.927355484061041e+16 3.8895142414030456e+16 3.848845609492558e+16 3.804672460906292e+16 3.755975778576908e+16 3.6373196338960136e+16 3.5584666209724776e+16 3.4462353876998972e+16
30650.004293970596 5.1720736884278136e+16 5.0961113721842616e+16 5.01166479928561e+16 4.919269987117069e+16 4.815968731226187e+16 4.698633220876576e+16 4.562696890633227e+16 4.4853358352472296e+16 4.400248370965224e+16 4.305758687148693e+16 4.2433238623594584e+16 4.198822594308112e+16 4.1270593562407224e+16 4.075073997196334e+16 3.989150051533966e+16 3.924903767784704e+16 3.890015508350308e+16 3.852845492859206e+16 3.8129152027409416e+16 3.7695288912812104e+16 3.721679579227467e+16 3.6050439453970696e+16 3.5274582706125388e+16 3.4168531126660304e+16
30750.004307980293 5.142458689539492e+16 5.066975957267797e+16 4.983818327662282e+16 4.8916425476513896e+16 4.788684327372978e+16 4.671486455726853e+16 4.535649844111957e+16 4.458697023150027e+16 4.373905589313933e+16 4.279492133333061e+16 4.217212530248299e+16 4.172840965672792e+16 4.101118643648531e+16 4.0491830829488664e+16 3.9634167083235416e+16 3.899273561036012e+16 3.864475455801299e+16 3.827392354931529e+16 3.787535151455821e+16 3.744249735321386e+16 3.696540517650663e+16 3.580312687021862e+16 3.5030804252667584e+16 3.3931492391976372e+16
30850.004321989993 5.074983892450298e+16 4.999701451328315e+16 4.918113499276044e+16 4.826534060174323e+16 4.7250114907920136e+16 4.6096601368349096e+16 4.475981617953465e+16 4.40005886878918e+16 4.3167500942574424e+16 4.2243044446448264e+16 4.163295111512336e+16 4.119896814764651e+16 4.049809679844857e+16 3.999152062457938e+16 3.915418627175284e+16 3.8528273704436184e+16 3.818873774961929e+16 3.7826998250073144e+16 3.743851104966509e+16 3.701639672904476e+16 3.655109306061058e+16 3.5416571273935148e+16 3.466117578797226e+16 3.358159036733466e+16
30950.004335999696 5.032844459062977e+16 4.958546033431194e+16 4.877208052599575e+16 4.787467620676443e+16 4.6871413081882184e+16 4.57311116922578e+16 4.440835830997099e+16 4.36611361224315e+16 4.28371655905905e+16 4.1922643462445064e+16 4.131937323530976e+16 4.088992887191348e+16 4.019646067405136e+16 3.969474301538486e+16 3.886503700021427e+16 3.824510726781913e+16 3.790853213188948e+16 3.7549998570816136e+16 3.716456924329295e+16 3.674590622316637e+16 3.628417905666218e+16 3.515812391596392e+16 3.4408154260034996e+16 3.33366039337861e+16
31050.004350009393 5.004700608477007e+16 4.930768270288254e+16 4.851289227673848e+16 4.762242909122962e+16 4.66270018615077e+16 4.549403117832301e+16 4.418097317455332e+16 4.343809553514588e+16 4.261888944437287e+16 4.170871284900119e+16 4.110720936871348e+16 4.067851829522966e+16 3.998738701222594e+16 3.9486559407478024e+16 3.865860724734628e+16 3.8039710344787384e+16 3.7703669228246136e+16 3.734557108811769e+16 3.6960851946877016e+16 3.654294289347138e+16 3.608211892586092e+16 3.4959097740975976e+16 3.421247324948544e+16 3.314883542945486e+16
31150.004364019096 4.900859767384096e+16 4.828997835497466e+16 4.750964330894698e+16 4.6655051212149976e+16 4.57026304949465e+16 4.460817093853362e+16 4.335080366500559e+16 4.263771696041619e+16 4.185419119075285e+16 4.09841488450136e+16 4.040986566715012e+16 4.00008120681541e+16 3.934100894731297e+16 3.886256833406982e+16 3.807204825780359e+16 3.748005989394759e+16 3.715845257301703e+16 3.6815728690933544e+16 3.644700136990914e+16 3.60460514056473e+16 3.560359211926817e+16 3.4522261616155204e+16 3.380014686809644e+16 3.2764872036210816e+16
31250.00437802869 4.911471342530763e+16 4.839213432921592e+16 4.760400003287731e+16 4.673221143518934e+16 4.5760865167736424e+16 4.465485261873198e+16 4.337386329497825e+16 4.264830033171139e+16 4.184999089988614e+16 4.096339100195713e+16 4.037771505972387e+16 3.9961239346524584e+16 3.928754233423806e+16 3.8800608692578664e+16 3.799502045860957e+16 3.739262941331412e+16 3.7065573402626104e+16 3.671688286894704e+16 3.6342253261144824e+16 3.593524802312966e+16 3.5486403766307664e+16 3.4392074295084424e+16 3.3664039846605156e+16 3.26258607151907e+16
31350.004392038394 4.858074739834165e+16 4.786998535047713e+16 4.708689575451935e+16 4.622061628007789e+16 4.525427678497117e+16 4.415533004067397e+16 4.288379877194909e+16 4.216543417190396e+16 4.137603273128179e+16 4.0497368235311736e+16 3.991941010264524e+16 3.950741055852507e+16 3.884307512455734e+16 3.836268327638304e+16 3.756928734747216e+16 3.697643302951819e+16 3.66545684654227e+16 3.631191971885333e+16 3.5943599730838492e+16 3.5543457578093224e+16 3.510229092854229e+16 3.402608715861615e+16 3.330857837057212e+16 3.2280851994664904e+16
31450.004406048094 4.8259976893231896e+16 4.7557477766172376e+16 4.6787867475538e+16 4.593935942923425e+16 4.498432233243791e+16 4.3898330848327016e+16 4.264164665040321e+16 4.192947479773116e+16 4.114674129635858e+16 4.0277136424147624e+16 3.97032012808157e+16 3.9295307471906744e+16 3.8635763321092136e+16 3.81583817130951e+16 3.736941126127669e+16 3.677939124205349e+16 3.6459133310811656e+16 3.6117815646864344e+16 3.5751111118254348e+16 3.5352675648176564e+16 3.4913342137177468e+16 3.384222878938215e+16 3.312939622159911e+16 3.2111783594394216e+16
31550.004420057794 4.757340519603769e+16 4.688779954571835e+16 4.6134748747931256e+16 4.529800444559122e+16 4.436898655998207e+16 4.3311070241906184e+16 4.208681495337865e+16 4.13924467235737e+16 4.063282363980093e+16 3.978761187295877e+16 3.923015247987999e+16 3.883353680329275e+16 3.819250578572308e+16 3.7728289441008136e+16 3.69611858494207e+16 3.6387258726060184e+16 3.607547104902895e+16 3.5743164431884492e+16 3.5385789679224356e+16 3.4997379106373064e+16 3.4568735020751424e+16 3.3521927027215356e+16 3.282347366248216e+16 3.182338018155223e+16
31650.004434067494 4.732516405474345e+16 4.664891445664596e+16 4.588583929882803e+16 4.504744202983266e+16 4.411507764077345e+16 4.305717563803904e+16 4.183002841528814e+16 4.113639522875545e+16 4.037564488834152e+16 3.9530231441478904e+16 3.897354952668603e+16 3.857696702753316e+16 3.793704350759001e+16 3.74740807700872e+16 3.670940585506664e+16 3.613755941364785e+16 3.582696623813025e+16 3.5496064281486284e+16 3.514047625936904e+16 3.4754052812871904e+16 3.4327894951817788e+16 3.3288474488050308e+16 3.2596097174064024e+16 3.160628365608668e+16
31750.004448077198 4.687549055130424e+16 4.6198336612964584e+16 4.545150965038258e+16 4.462502202282012e+16 4.370807705637447e+16 4.266169598673053e+16 4.145257944385098e+16 4.0769032661209176e+16 4.001880760947171e+16 3.918462249209266e+16 3.863483889844391e+16 3.8243625655565144e+16 3.761177847713307e+16 3.715457237840562e+16 3.639917122023817e+16 3.5833664066365836e+16 3.5526798443021276e+16 3.5199663102345536e+16 3.4848043745512532e+16 3.4465861591748224e+16 3.404424269033238e+16 3.3014987276013068e+16 3.2328483721051692e+16 3.1345513519807096e+16
31850.004462086894 4.649818739517319e+16 4.581012718418671e+16 4.50770239734926e+16 4.426148799397853e+16 4.334451778516465e+16 4.2306801150054856e+16 4.110699454548774e+16 4.0428304369021704e+16 3.968234212277495e+16 3.8856560449251144e+16 3.831226702996379e+16 3.792411230962756e+16 3.729807231779734e+16 3.684531880728271e+16 3.60973721244934e+16 3.5538131158905876e+16 3.523451308540051e+16 3.49109845980074e+16 3.4563150263829336e+16 3.418521254408422e+16 3.3768225392078044e+16 3.2750489283741124e+16 3.207162557168606e+16 3.109900848126285e+16
31950.004476096594 4.617087612535662e+16 4.549311591479085e+16 4.476449297327162e+16 4.395928921391803e+16 4.305263451238265e+16 4.202207255812536e+16 4.083059853661699e+16 4.0156536078221656e+16 3.9416315988928056e+16 3.859534845920173e+16 3.805370551079007e+16 3.7668133686468216e+16 3.704605252922594e+16 3.659593253654341e+16 3.5852371473554844e+16 3.5296029025661764e+16 3.4994109772876492e+16 3.4672243115758156e+16 3.4326436118564412e+16 3.39506591568514e+16 3.3536215755624012e+16 3.25250605854471e+16 3.1851216142219696e+16 3.088690804350252e+16
32100.004497111095 4.549334201640782e+16 4.483856425958125e+16 4.412270180387609e+16 4.332901836234241e+16 4.244229638915392e+16 4.143920975995825e+16 4.0277897418283784e+16 3.962032985929784e+16 3.889873209238946e+16 3.809593411007884e+16 3.75672622006603e+16 3.7191790092644216e+16 3.658453471459905e+16 3.614469820651718e+16 3.5417972495209468e+16 3.487417996130624e+16 3.457884089784508e+16 3.426388839776708e+16 3.392527555142814e+16 3.355728787618678e+16 3.3151208257215364e+16 3.2159860705205908e+16 3.149873366865573e+16 3.0552480308433844e+16
32300.00452513049 4.467834249310073e+16 4.403484331264998e+16 4.331636295164938e+16 4.253824076166453e+16 4.166336104457796e+16 4.0667557958627704e+16 3.952215279116867e+16 3.8875408627871304e+16 3.816805922607984e+16 3.738128841032421e+16 3.686300785517855e+16 3.6495558612332504e+16 3.5901802571610748e+16 3.54724372277598e+16 3.476331899163838e+16 3.423297121413162e+16 3.39451167162775e+16 3.363831746720789e+16 3.330859270437061e+16 3.2950282279741812e+16 3.2554960393610324e+16 3.1589536132626052e+16 3.0944623706951404e+16 3.001791279003366e+16
32500.004553149894 4.395429151463979e+16 4.3313260870503384e+16 4.262098563019065e+16 4.18534467820156e+16 4.100339555629623e+16 4.00348193347986e+16 3.891697727516096e+16 3.8285872513640344e+16 3.7593349692021336e+16 3.6825964802417064e+16 3.6320385449612056e+16 3.5960771622704372e+16 3.5380374694570124e+16 3.4960504736147116e+16 3.426636427365103e+16 3.3747222498073668e+16 3.34653052348413e+16 3.316471354693271e+16 3.28415641222304e+16 3.249035486357851e+16 3.2102776568216356e+16 3.1156420222098756e+16 3.0524704386281416e+16 2.961864698122317e+16
32700.004581169294 4.317040544473087e+16 4.255260407022954e+16 4.187465489014873e+16 4.113296591026124e+16 4.0293051149309976e+16 3.934562494015536e+16 3.825242803317424e+16 3.7634930372876824e+16 3.695737458431041e+16 3.6206830411483864e+16 3.5712647955438308e+16 3.5361732109944796e+16 3.4794635488689372e+16 3.4384636920888904e+16 3.370659751569261e+16 3.3199511062886264e+16 3.2924191766382092e+16 3.2630612392769212e+16 3.231488149976494e+16 3.197175655159009e+16 3.1593118875246596e+16 3.0668263804480184e+16 3.005050984665418e+16 2.91633494978535e+16
32900.00460918869 4.213995385736285e+16 4.156399078198777e+16 4.0930765660084616e+16 4.022053535820471e+16 3.9426846233963544e+16 3.853357627203406e+16 3.748932706368736e+16 3.690001734762931e+16 3.6249042877003176e+16 3.55294109962655e+16 3.5053659392844824e+16 3.4714591384742476e+16 3.4166842229488996e+16 3.3770014137490516e+16 3.3113110963834436e+16 3.262109434221583e+16 3.2353656419197444e+16 3.2068385730645584e+16 3.1761514291316264e+16 3.142776112772489e+16 3.1059262628256268e+16 3.015786922423692e+16 2.9554340471524036e+16 2.8684523920249852e+16
33100.004637207996 4.159092035309776e+16 4.100500662471608e+16 4.036929815363685e+16 3.9659452264922936e+16 3.887077996983595e+16 3.79705732758997e+16 3.693294034407434e+16 3.6348792161202e+16 3.5707560626929132e+16 3.499532224060256e+16 3.452709412586916e+16 3.4194036969269124e+16 3.3656518972260016e+16 3.3267054462295148e+16 3.2623706832904696e+16 3.2142025061149204e+16 3.18802746515114e+16 3.1601214638198908e+16 3.1301177573473844e+16 3.097478006476635e+16 3.0614468790550692e+16 2.9733432599170972e+16 2.914397674194089e+16 2.82954703644341e+16
33300.004665227396 4.079458192705072e+16 4.021393518678443e+16 3.960002055459857e+16 3.8902459419614696e+16 3.812189752846571e+16 3.7238731027209224e+16 3.622419946728721e+16 3.5652064589503536e+16 3.5025257329654276e+16 3.4333064316127684e+16 3.3877293267867924e+16 3.355285913450009e+16 3.303030236836093e+16 3.2652081216637184e+16 3.202688004723503e+16 3.155900192684519e+16 3.13047786544967e+16 3.103367584840265e+16 3.074208688905037e+16 3.0424925637009676e+16 3.007463767422942e+16 2.9217205134968484e+16 2.8642192055932332e+16 2.7811361440509316e+16
33500.004693246796 4.030548717262532e+16 3.974126741596783e+16 3.911349112545127e+16 3.842511882242944e+16 3.765377030530573e+16 3.6782537860283096e+16 3.577739499672156e+16 3.521233560856924e+16 3.4593041607367664e+16 3.3906112507712804e+16 3.3454816159234804e+16 3.313401318956222e+16 3.261596359309403e+16 3.224139309621946e+16 3.1622310933921212e+16 3.1159003719330376e+16 3.0907270744173196e+16 3.06389294602127e+16 3.035034086125484e+16 3.0036493507808916e+16 2.969009116366417e+16 2.8842951046195344e+16 2.827586406986737e+16 2.7458402603469068e+16
33700.004721266196 3.962382770995985e+16 3.905974434118238e+16 3.844344795030547e+16 3.77650512664047e+16 3.701900420613234e+16 3.616879586240044e+16 3.518961033963412e+16 3.463899099343708e+16 3.403455720528894e+16 3.336521753257615e+16 3.292518100992794e+16 3.261216687378591e+16 3.210727989478387e+16 3.1741870228300436e+16 3.1137610916278984e+16 3.0685314447296864e+16 3.043954011194312e+16 3.017741178124279e+16 2.9895463003612476e+16 2.958880822626242e+16 2.9250183202826944e+16 2.8421874502303176e+16 2.786714070337677e+16 2.7067243162621692e+16
33900.004749285596 3.87868382367112e+16 3.8248396375259896e+16 3.7641976404365496e+16 3.698231778904829e+16 3.625238433834837e+16 3.542123039955229e+16 3.446822225923218e+16 3.3931149758071804e+16 3.3344163966349216e+16 3.2694850051334096e+16 3.226805892881613e+16 3.196480492025366e+16 3.1476121980358464e+16 3.112251460596666e+16 3.0537838876699908e+16 3.010038701842036e+16 2.9862547727326904e+16 2.960890812186488e+16 2.9336120596805076e+16 2.9039281194595096e+16 2.8711407425800756e+16 2.790781416976321e+16 2.7367706183552524e+16 2.658444596302551e+16
34100.004777304996 3.815680677626559e+16 3.7621767906213656e+16 3.703628602811802e+16 3.639676200789044e+16 3.5687369341144052e+16 3.4874696404392244e+16 3.3944992544233796e+16 3.3422693886638e+16 3.2850325647287492e+16 3.221726655908273e+16 3.1801177841054624e+16 3.1504816020868188e+16 3.1027608938022996e+16 3.0682169031586124e+16 3.011060672799294e+16 2.968258426136565e+16 2.944976172800395e+16 2.920167106266514e+16 2.893456209014804e+16 2.8643948273115796e+16 2.8322816670125464e+16 2.753601160676277e+16 2.700760371195584e+16 2.6242479397628364e+16
34300.004805324395 3.774230204161594e+16 3.720983859267405e+16 3.663617172322198e+16 3.5997152242493612e+16 3.528701278658184e+16 3.4483874534463664e+16 3.3559955247606964e+16 3.3040043957745012e+16 3.2470975963388824e+16 3.1841227445723704e+16 3.1427099527167468e+16 3.1132936804015556e+16 3.0658044823062748e+16 3.0314543658236156e+16 2.974649047404592e+16 2.932126975458315e+16 2.9090134711792772e+16 2.884354411657833e+16 2.857840465328576e+16 2.8289924844451236e+16 2.7971338399263332e+16 2.7191636290523972e+16 2.6669029648081336e+16 2.5914353176794684e+16
34500.00483334369 3.709326275199222e+16 3.656692193117133e+16 3.600291576801916e+16 3.537858141473733e+16 3.467785848823249e+16 3.388320499312795e+16 3.2973684093900644e+16 3.2462398361483468e+16 3.1902997247112156e+16 3.1285242141812588e+16 3.0878974214154944e+16 3.059045381552257e+16 3.012523312946541e+16 2.9789036907452864e+16 2.9233318633048084e+16 2.8817499209247532e+16 2.859158797793401e+16 2.8350721186259216e+16 2.8091683794813804e+16 2.780997384781971e+16 2.749889159330828e+16 2.673705584306559e+16 2.622541394255453e+16 2.548348182094054e+16
34700.00486136309 3.652351898097287e+16 3.6008396574097556e+16 3.544825965621012e+16 3.483516500348461e+16 3.4150636861401228e+16 3.3376041033499284e+16 3.248744584532908e+16 3.198821880973368e+16 3.144246873518461e+16 3.0838208189818956e+16 3.044083229360391e+16 3.0158825087855476e+16 2.9703929572695056e+16 2.937486676226371e+16 2.8830717556275584e+16 2.84234627007366e+16 2.8202093083592056e+16 2.7966080592481496e+16 2.7712107740778812e+16 2.7435861372225908e+16 2.7130823833517908e+16 2.638386919626168e+16 2.58826431988306e+16 2.5157083965060868e+16
34900.00488938249 3.594940049569778e+16 3.54484556532035e+16 3.490256740137341e+16 3.4302040453359732e+16 3.362854419480484e+16 3.2872812376403132e+16 3.200054748236263e+16 3.151023067564761e+16 3.0974976558129504e+16 3.038349414119983e+16 2.9994384500422132e+16 2.9717909246478468e+16 2.92719087678995e+16 2.8949576566418188e+16 2.8416237547822188e+16 2.8016699956255096e+16 2.779958648654746e+16 2.7568068128939156e+16 2.7319008163669524e+16 2.7048006256081e+16 2.674870140551817e+16 2.6015663425967948e+16 2.552372599802541e+16 2.4811671582472828e+16
35100.00491740189 3.535980487122175e+16 3.4869921849071796e+16 3.4331583226261064e+16 3.3742664926421268e+16 3.3077803948244336e+16 3.233178342119762e+16 3.147593906944232e+16 3.099621830557865e+16 3.0471630547630156e+16 2.9891655525149724e+16 2.9510335119244196e+16 2.9239618541451316e+16 2.880274269340739e+16 2.848678295709172e+16 2.7964515947852116e+16 2.757343328767662e+16 2.736098650385755e+16 2.713428566094199e+16 2.689054231721363e+16 2.6625344988796756e+16 2.6332410259186932e+16 2.5614828777977308e+16 2.5132708481990036e+16 2.4433250181542572e+16
35300.00494542129 3.4715517211658696e+16 3.423979193101081e+16 3.3711683554537304e+16 3.313005991892985e+16 3.2480182700551736e+16 3.1756341706208536e+16 3.092401372927298e+16 3.0455414049707732e+16 2.994446357434119e+16 2.9379542259559164e+16 2.9008864231389656e+16 2.874571441887076e+16 2.832121826423482e+16 2.801418155919839e+16 2.750662788708287e+16 2.712645999207744e+16 2.6919852741761212e+16 2.669943360786508e+16 2.6462330082500316e+16 2.6204275894825252e+16 2.5919138866349516e+16 2.521985855943836e+16 2.474915996399262e+16 2.4064478656246092e+16
35500.00497344069 3.4251019732804564e+16 3.378253384443833e+16 3.325733927591519e+16 3.268907590893838e+16 3.2058076506063548e+16 3.134368653142479e+16 3.0524492610889636e+16 3.0062800464475492e+16 2.9561373174555616e+16 2.900589123701343e+16 2.8640452326859868e+16 2.8380661985334468e+16 2.7962328432778308e+16 2.7659880228584304e+16 2.7159220135613588e+16 2.6784315606571188e+16 2.6580417325403996e+16 2.6362977832077536e+16 2.61289559308558e+16 2.5874338766615532e+16 2.5593029645382308e+16 2.490366209601402e+16 2.4440341712842016e+16 2.37680951254157e+16
35700.00500145999 3.3623310531292196e+16 3.315515974887963e+16 3.2652792212351644e+16 3.209817098352404e+16 3.1477829703488028e+16 3.0782043403114572e+16 2.998173305396156e+16 2.9531938188389556e+16 2.9040810318676468e+16 2.8499222011999544e+16 2.8143664729053576e+16 2.789092437922681e+16 2.7483332854163692e+16 2.718856657581097e+16 2.670126970266918e+16 2.6336242584413304e+16 2.6137792722053324e+16 2.592609256915612e+16 2.5698313880195476e+16 2.545042890972526e+16 2.5176474547713452e+16 2.4504462628921764e+16 2.4051797865518484e+16 2.3392535473010236e+16
35900.00502947939 3.309085943524691e+16 3.2634151542680216e+16 3.213540116942426e+16 3.1589194506655068e+16 3.0985980947470316e+16 3.029858469158089e+16 2.9512141135622588e+16 2.907302172666686e+16 2.8592137937464972e+16 2.8061504514246344e+16 2.771335438661803e+16 2.7466261199374588e+16 2.7067885752327484e+16 2.677963476906601e+16 2.630280178135648e+16 2.594589962804088e+16 2.575176803458329e+16 2.5544666244967116e+16 2.5321771997228536e+16 2.507919153914492e+16 2.481108585927108e+16 2.4153142148543508e+16 2.3709634493094824e+16 2.3063033640785412e+16
36100.0050574988 3.2678677671433372e+16 3.223901082722295e+16 3.1755032802110016e+16 3.1216641729896384e+16 3.0619621730053356e+16 2.994275730972448e+16 2.9166859171585056e+16 2.8733714241493092e+16 2.8259321601484344e+16 2.7734529929197524e+16 2.7390507242069052e+16 2.7145967073356564e+16 2.6751840351068524e+16 2.6466546246465788e+16 2.599457490615681e+16 2.564117591746464e+16 2.544888989848444e+16 2.5243774895326908e+16 2.502310356256055e+16 2.478295904141272e+16 2.4517561809248376e+16 2.3866884739361548e+16 2.3429127302579164e+16 2.2792942538590252e+16
36300.00508551819 3.213696510740087e+16 3.1705566553599656e+16 3.122254022438175e+16 3.0694563072478324e+16 3.0105451186332256e+16 2.9443895649783964e+16 2.8686189279819676e+16 2.82600036808917e+16 2.779522396412233e+16 2.728232680604341e+16 2.6946414306259876e+16 2.6707182663988296e+16 2.632175742255972e+16 2.604283874150392e+16 2.5581694330753244e+16 2.5236299703289216e+16 2.5048580912591856e+16 2.4848282806338932e+16 2.463274620996217e+16 2.4398182372796844e+16 2.4138932598669132e+16 2.3503008467229944e+16 2.307456555083629e+16 2.2450175429571316e+16
36500.00511353759 3.150611059941457e+16 3.1071972429789744e+16 3.060463134280566e+16 3.009053834805672e+16 2.9520916720625388e+16 2.887629127004865e+16 2.814359701988117e+16 2.773225268237782e+16 2.728447605923717e+16 2.6789486493325172e+16 2.646502334257768e+16 2.623476070013245e+16 2.5863274854691984e+16 2.5594459157871904e+16 2.5149779729871628e+16 2.4816685232249372e+16 2.463546888657704e+16 2.4442167338486724e+16 2.423404126113074e+16 2.4007428896835644e+16 2.375688567939089e+16 2.3141321853384104e+16 2.2725602121942696e+16 2.211780869949761e+16
36700.00514155699 3.0982298659954812e+16 3.0568970656694184e+16 3.0108797059502252e+16 2.961241829169457e+16 2.905454616290358e+16 2.842597465833054e+16 2.7710151088205296e+16 2.7309067088511228e+16 2.687171416372842e+16 2.6389229988714344e+16 2.6072415265062816e+16 2.5847254878989524e+16 2.54841233583802e+16 2.522120075510021e+16 2.478639172229331e+16 2.446045132939811e+16 2.428305632195666e+16 2.4093699771987636e+16 2.3889818203226044e+16 2.3667739481482616e+16 2.3422002953888492e+16 2.281773391341249e+16 2.240916328467682e+16 2.1811225480196016e+16
36900.005169576296 3.0387107710131284e+16 2.997703735583196e+16 2.9532199792988988e+16 2.9047329404975564e+16 2.8505532210080196e+16 2.789828679899238e+16 2.7205911935989172e+16 2.681729517963188e+16 2.6394218418128556e+16 2.5927651991785836e+16 2.562159451856339e+16 2.5403798495949584e+16 2.505312035996606e+16 2.479900978277031e+16 2.4378319064391104e+16 2.406294953233656e+16 2.3891363964798856e+16 2.3707994244617976e+16 2.3510552908327016e+16 2.3295469699085716e+16 2.3057392590120028e+16 2.2471242229606544e+16 2.2074122266549612e+16 2.14911897060876e+16
37100.005197595696 2.9926626473856596e+16 2.9519973737968732e+16 2.9082470006962348e+16 2.8598629158914696e+16 2.8062857096726824e+16 2.7462716768093612e+16 2.6779102858870044e+16 2.639681647843969e+16 2.5980872037171524e+16 2.5522216446957788e+16 2.522146116704793e+16 2.5007864207823744e+16 2.4663549240597556e+16 2.441448156346846e+16 2.400217270038729e+16 2.3693098264627636e+16 2.3525028958808676e+16 2.334560266022475e+16 2.3152326362234324e+16 2.2941775461659536e+16 2.2708745804110984e+16 2.2134860798791656e+16 2.17455987098143e+16 2.1172687051113416e+16
37300.005225615096 2.956784042493181e+16 2.917960381732437e+16 2.875754314101585e+16 2.8286674759454676e+16 2.7763747000040824e+16 2.7175361526287144e+16 2.650207749038109e+16 2.612280287840404e+16 2.5710422766569532e+16 2.525541983609995e+16 2.4956128406924304e+16 2.474333395449402e+16 2.4400550729396124e+16 2.4152292490846212e+16 2.3741400998644012e+16 2.3433208127839564e+16 2.3265571715125256e+16 2.3086594046401932e+16 2.28938995695744e+16 2.268403525098873e+16 2.2451863681192812e+16 2.1880852785485876e+16 2.1494412363226624e+16 2.0927505040719292e+16
37500.005253634496 2.887082658837403e+16 2.8495411508620404e+16 2.809228733586721e+16 2.7647803606303056e+16 2.7149965774271536e+16 2.6592176036749628e+16 2.5951471175518176e+16 2.559328264609321e+16 2.520207959539385e+16 2.47697332759397e+16 2.448556853202139e+16 2.428362833253113e+16 2.395757268313059e+16 2.3721044903221696e+16 2.3328870474166704e+16 2.303438144427105e+16 2.2874022357919204e+16 2.270270324626118e+16 2.251800113370139e+16 2.231667576912419e+16 2.2093694090557424e+16 2.154387381675915e+16 2.1170504733347092e+16 2.0620581589890556e+16
37700.00528165389 2.872235598440092e+16 2.8333653279251464e+16 2.7919096639619308e+16 2.7461416651816092e+16 2.6948725545512236e+16 2.6373876989862452e+16 2.571913140624853e+16 2.5354566119829176e+16 2.495645991561817e+16 2.451720428112013e+16 2.4229528826380724e+16 2.402508220679553e+16 2.3695863579330372e+16 2.3457433167648084e+16 2.306300760140452e+16 2.276725573636362e+16 2.260640357633883e+16 2.2434701421100444e+16 2.224980785804484e+16 2.204844196697619e+16 2.182564125199571e+16 2.127735431268317e+16 2.0905833490833468e+16 2.0359632252287708e+16
37900.005309673295 2.830416041623668e+16 2.7931011963757856e+16 2.7518901579189604e+16 2.7062511064780852e+16 2.65622995148449e+16 2.600013543133554e+16 2.5359699641515972e+16 2.500268814102428e+16 2.461314902236459e+16 2.4183380837986744e+16 2.390151564180041e+16 2.3701471143308456e+16 2.3378920583526788e+16 2.3145256294301372e+16 2.275860820610179e+16 2.2468576133552116e+16 2.2310805086961844e+16 2.214233721854075e+16 2.1960899553390564e+16 2.1763219339373244e+16 2.1544463859633356e+16 2.100598094746114e+16 2.0641094966497532e+16 2.010500965720887e+16
38100.00533769259 2.789154851838669e+16 2.751758298552703e+16 2.7116747010564588e+16 2.6670134070045396e+16 2.6175555841334564e+16 2.562352156501715e+16 2.499335543945776e+16 2.464095225699735e+16 2.4257127463311296e+16 2.3834528088682204e+16 2.3557345762782924e+16 2.3360364309570224e+16 2.3043247959905416e+16 2.281352872277098e+16 2.243346598621846e+16 2.214851879318015e+16 2.199353334502702e+16 2.182809158539648e+16 2.164994250734923e+16 2.1455899213047516e+16 2.1241168033581056e+16 2.071259479074474e+16 2.035424875396933e+16 1.982704789805833e+16
38300.00536571199 2.7547814429213428e+16 2.717834758997531e+16 2.6779533285964308e+16 2.634923295627318e+16 2.5863577723472536e+16 2.5316011726208788e+16 2.469356812806283e+16 2.434570512634735e+16 2.3967983079872616e+16 2.3550243259758212e+16 2.32760989787261e+16 2.308144309467031e+16 2.276755752608694e+16 2.254032311149755e+16 2.21642007204726e+16 2.1882091045111656e+16 2.1728622462675244e+16 2.1564836153053132e+16 2.1388425627952724e+16 2.1196306256423924e+16 2.098371565767273e+16 2.0460663731812428e+16 2.0106418449314544e+16 1.9586085581271016e+16
38500.00539373139 2.716764773993475e+16 2.6801388350162348e+16 2.6406211442314612e+16 2.5974587801056976e+16 2.5497808493577324e+16 2.496229267619701e+16 2.4350646843347944e+16 2.400793381654385e+16 2.36355313424629e+16 2.322428225660013e+16 2.295475156339206e+16 2.2763473843790108e+16 2.2454608213521416e+16 2.2231158009748628e+16 2.186151747537884e+16 2.158434336998456e+16 2.1433540329404372e+16 2.127253423885908e+16 2.1099223898813508e+16 2.0910462011759176e+16 2.0701603169489388e+16 2.018761316024376e+16 1.9839387047973396e+16 1.9327548274939696e+16
38700.00542175079 2.6685930830319984e+16 2.6337068536946108e+16 2.5950200244978092e+16 2.5530689512718924e+16 2.506700410855801e+16 2.4543367692355228e+16 2.3948064143879756e+16 2.3615612254145744e+16 2.3253114567869836e+16 2.285431695683429e+16 2.2592829561492044e+16 2.2406671715881824e+16 2.2107087271937036e+16 2.1890217682738896e+16 2.1531025022888124e+16 2.1261553991479692e+16 2.111491485935507e+16 2.0958358189968176e+16 2.078971362678986e+16 2.0605969752128916e+16 2.04025446327256e+16 1.990136875898402e+16 1.956115593490978e+16 1.9059892502091224e+16
38900.00544977019 2.628119847566899e+16 2.5934796183412068e+16 2.555743847700906e+16 2.5142584654301332e+16 2.4685617850806336e+16 2.417196054072422e+16 2.358851091778926e+16 2.3262157626726104e+16 2.290777264175914e+16 2.2516820347757556e+16 2.2260660939841228e+16 2.2078737092296436e+16 2.178539408952946e+16 2.1573075940452348e+16 2.122155671428846e+16 2.0958006415489656e+16 2.081451470118487e+16 2.066139703558656e+16 2.0496400667796556e+16 2.031664751437097e+16 2.0117651405288436e+16 1.9627162786445496e+16 1.929391605876499e+16 1.880206932538251e+16
39100.00547778959 2.598977917510364e+16 2.56475933176013e+16 2.527762412099149e+16 2.486831258450358e+16 2.4413983100722964e+16 2.39081436752928e+16 2.332975194665194e+16 2.300639701519667e+16 2.265459560759398e+16 2.2266170030306332e+16 2.201170480157862e+16 2.1830823327554508e+16 2.153926566236421e+16 2.1328184393228204e+16 2.0978907900229816e+16 2.071693055110333e+16 2.0574351944837416e+16 2.0422105054635972e+16 2.0258219171102776e+16 2.0079649059217244e+16 1.9882057569296356e+16 1.939545015130668e+16 1.906538691319881e+16 1.8579330891227856e+16
39300.00550580899 2.560110141658136e+16 2.5263184284388868e+16 2.4897789631530348e+16 2.449776906314918e+16 2.4051574905941132e+16 2.3554747542324996e+16 2.298692940588446e+16 2.2670549134428376e+16 2.2325389391393148e+16 2.1945057176910336e+16 2.1695844227662804e+16 2.1518850220627096e+16 2.1233464247743868e+16 2.1026770358527504e+16 2.068476800122108e+16 2.0428200926348852e+16 2.0288631182469268e+16 2.0139586496250224e+16 1.9979105784050224e+16 1.980416387147951e+16 1.9610563192596096e+16 1.9133560597486856e+16 1.8809675126743316e+16 1.833203110124673e+16
39500.00553382829 2.5141391033291948e+16 2.4817274720479228e+16 2.4454956697999184e+16 2.406261552142393e+16 2.362764632267329e+16 2.314337331532107e+16 2.259253954691301e+16 2.2285307333909976e+16 2.1951559509867444e+16 2.1584133382604784e+16 2.134285550567323e+16 2.117159293809833e+16 2.089517416627331e+16 2.0695214550017676e+16 2.036401841128226e+16 2.0115523976571604e+16 1.9980315479522696e+16 1.983592159496886e+16 1.9680312365689764e+16 1.9510731299903476e+16 1.9322941003054412e+16 1.8859698004165132e+16 1.854451999969296e+16 1.80784162997247e+16
39700.0055618477 2.4855662843247936e+16 2.4529153319056576e+16 2.417756349512104e+16 2.3789854037840412e+16 2.3360374811710276e+16 2.2879224934366904e+16 2.2333306479145172e+16 2.2028338489058188e+16 2.169668640770265e+16 2.133198105567167e+16 2.1092953349221424e+16 2.0923070678154204e+16 2.0648940922147844e+16 2.0450398263955068e+16 2.0121949927301176e+16 1.987552089260191e+16 1.9741369031170184e+16 1.9598194374649976e+16 1.944393557336177e+16 1.9275832574547644e+16 1.908969870066812e+16 1.863081833820325e+16 1.8318856670470216e+16 1.7857958099898124e+16
39900.00558986709 2.43176567522846e+16 2.400201508947208e+16 2.366143403136102e+16 2.328336242466524e+16 2.2870808123346896e+16 2.2407985496092388e+16 2.1881734398139376e+16 2.15880256548545e+16 2.127008387047041e+16 2.0919495191455572e+16 2.068981026036233e+16 2.0526690951228564e+16 2.0263550436011916e+16 2.0073062868221544e+16 1.9757691205111708e+16 1.9521004988349736e+16 1.9392166424448332e+16 1.925449750442871e+16 1.9106148781826984e+16 1.8944339624801736e+16 1.876503328264948e+16 1.8321609187401108e+16 1.8018607510863404e+16 1.7567643285789162e+16
40100.00561788649 2.407162400751729e+16 2.3758174001357204e+16 2.3422658901863536e+16 2.3056521869706024e+16 2.2646807962562156e+16 2.218882071327665e+16 2.1669048646662284e+16 2.1378426604968536e+16 2.10630885767174e+16 2.071550933352594e+16 2.0487755747158924e+16 2.0325735109032908e+16 2.006439524394664e+16 1.9875136976693196e+16 1.9561506331269296e+16 1.9326087109530916e+16 1.9197974372622068e+16 1.9061033722450784e+16 1.8913483573192356e+16 1.8752612601417376e+16 1.857437714735449e+16 1.813421812365459e+16 1.7834223652824486e+16 1.7389482191903572e+16
40300.00564590589 2.380830962436806e+16 2.35009015459534e+16 2.3167467796812092e+16 2.2798171955668804e+16 2.239232189026305e+16 2.1940264384220064e+16 2.1423206316092724e+16 2.1135244841022556e+16 2.082177495153086e+16 2.047690492783007e+16 2.025051796017192e+16 2.0089820250997004e+16 1.9830574589319616e+16 1.9642789246686584e+16 1.9331849549543444e+16 1.9098517909002336e+16 1.8971474775982732e+16 1.883579124356581e+16 1.8689607143458764e+16 1.8530260378771624e+16 1.8353776170322812e+16 1.7918270655297722e+16 1.7621764712334264e+16 1.7182766060915958e+16
40500.00567392529 2.3237010347411396e+16 2.2958294072722616e+16 2.265348590555728e+16 2.2315893264036116e+16 2.1940120954607828e+16 2.151847550778463e+16 2.10348642466918e+16 2.0763611143012676e+16 2.0467075918113024e+16 2.0139465527566944e+16 1.9923872350330988e+16 1.9770398363470824e+16 1.9522093285885548e+16 1.9341900682101324e+16 1.9042713006803304e+16 1.8817692498389576e+16 1.8694972101017664e+16 1.8563820079465148e+16 1.8422358160044092e+16 1.826796903596823e+16 1.809675515227999e+16 1.7673212900475126e+16 1.738394214041184e+16 1.6954214657161688e+16
40700.005701944596 2.3068227410577604e+16 2.277105889587183e+16 2.245159056148611e+16 2.209910521519494e+16 2.1708061855895044e+16 2.1272306748519228e+16 2.0778595816156852e+16 2.050310170992219e+16 2.020380143426332e+16 1.9874643992602748e+16 1.9658683607340268e+16 1.950539956993503e+16 1.925819434331214e+16 1.907923525611272e+16 1.8782771367805024e+16 1.8560291447351708e+16 1.8439178238460252e+16 1.8309786398412124e+16 1.817036496879205e+16 1.8018317185659748e+16 1.784981655274966e+16 1.743332245117838e+16 1.7148856240831916e+16 1.6725686057901744e+16
40900.005729963996 2.279428136182071e+16 2.2503932922615096e+16 2.2186566474839612e+16 2.1840744658699144e+16 2.1457572075457532e+16 2.1030006218768844e+16 2.054437272945595e+16 2.027290630890804e+16 1.9978182097958524e+16 1.9653477129254656e+16 1.9440695293204984e+16 1.9289267046395216e+16 1.9044965258286024e+16 1.8868023308570084e+16 1.8574831743176184e+16 1.835468871790177e+16 1.8234743384482704e+16 1.810660689769374e+16 1.7968488597216596e+16 1.7817864390204994e+16 1.7650919321759948e+16 1.7238388572813408e+16 1.6956927640721362e+16 1.6539020244710022e+16
41100.00575798339 2.248332131455873e+16 2.219454802466433e+16 2.18819079243213e+16 2.1538515395506856e+16 2.1161367317876364e+16 2.0738518906889452e+16 2.0259727325354332e+16 1.9992581475515184e+16 1.9701962286335708e+16 1.938206363109899e+16 1.9172615966771364e+16 1.9023773847570652e+16 1.8783720942388324e+16 1.860990245730334e+16 1.8321906173103308e+16 1.810576110625271e+16 1.7988077012006214e+16 1.7862381264029876e+16 1.7726888175439032e+16 1.7579153763893886e+16 1.7415433101998472e+16 1.70107933104401e+16 1.6734514362155366e+16 1.632376695055534e+16
41300.005786002796 2.221735626457457e+16 2.193266432241271e+16 2.162394342690455e+16 2.1286822296660676e+16 2.091356564293766e+16 2.0497347832995796e+16 2.0023546978509228e+16 1.97600894973498e+16 1.9473308552511308e+16 1.9157089012969184e+16 1.895005558704704e+16 1.8802851491529524e+16 1.8565430289622452e+16 1.8393471131060116e+16 1.810852144190686e+16 1.7894688648487966e+16 1.7778234280645132e+16 1.7653842228840578e+16 1.7519752628915938e+16 1.7373546587951976e+16 1.7211543442971268e+16 1.6811279808245136e+16 1.6538174490123278e+16 1.6132479512924996e+16
41500.00581402219 2.185190577774664e+16 2.157404773378946e+16 2.1272997249048524e+16 2.094152615647395e+16 2.0578641955163836e+16 2.0171963556329104e+16 1.9710545299472348e+16 1.945410002875008e+16 1.9174638802707052e+16 1.8867230874364732e+16 1.866590528077731e+16 1.8522678568419188e+16 1.8291708193600972e+16 1.812439793490945e+16 1.7847139567699024e+16 1.763893449753658e+16 1.75255514726676e+16 1.7404427602721224e+16 1.7273840210931336e+16 1.713143124457622e+16 1.6973569499453624e+16 1.6583157070041496e+16 1.6316330308072674e+16 1.5919059358277784e+16
41700.005842041595 2.1573277682106852e+16 2.129960953306668e+16 2.100322679206544e+16 2.0678210236497216e+16 2.031894880897865e+16 1.991856627853548e+16 1.9463215483002916e+16 1.9209691673927e+16 1.89340136779536e+16 1.863069222443785e+16 1.8431689499066916e+16 1.829037580123486e+16 1.806219514079043e+16 1.7896974161104776e+16 1.7623192541324802e+16 1.741764897539818e+16 1.7305729558487246e+16 1.7186153114659326e+16 1.7057266775192944e+16 1.6916709373911866e+16 1.6760893972070262e+16 1.6375527906877058e+16 1.611203552553284e+16 1.5719327625267218e+16
41900.00587006089 2.124929601607689e+16 2.0981283902549536e+16 2.0692341287806852e+16 2.037325167498648e+16 2.0022758219276484e+16 1.9630803953329452e+16 1.9186367926993428e+16 1.8938689411467172e+16 1.866917164292818e+16 1.8373043371489772e+16 1.8178832880717372e+16 1.8040657927501532e+16 1.7818054435166804e+16 1.7656738176259864e+16 1.7389391897525604e+16 1.7188595806329354e+16 1.7079193700884264e+16 1.6962335215345154e+16 1.6836328306638078e+16 1.6698826214987648e+16 1.6546351240402586e+16 1.61688988492023e+16 1.591056747762136e+16 1.552535525245144e+16
42100.00589808029 2.0800396990173336e+16 2.054154777773078e+16 2.0259429330866136e+16 1.995418597862541e+16 1.961710303131125e+16 1.924187956334774e+16 1.881613726993542e+16 1.857934704438282e+16 1.8322183304682772e+16 1.8039029641608224e+16 1.7853307389304218e+16 1.7721395407034624e+16 1.7508295071894336e+16 1.7353854555590078e+16 1.7097637575110864e+16 1.690499416570791e+16 1.6799962623069182e+16 1.6687690761379968e+16 1.6566513990720528e+16 1.6434172729842552e+16 1.6287211404325182e+16 1.592230619611575e+16 1.5671355550615794e+16 1.5294838012838872e+16
42300.00592609969 2.0760047475916988e+16 2.049608049599127e+16 2.0211166283261052e+16 1.98999329229556e+16 1.9556533121180204e+16 1.917200564886975e+16 1.8737260957934492e+16 1.8494969709578964e+16 1.82319261188481e+16 1.7942340790857732e+16 1.7752559221683722e+16 1.7617587654170998e+16 1.7399809557373586e+16 1.724218664580458e+16 1.698089940040423e+16 1.6784702627092764e+16 1.6677859273821406e+16 1.6563713940382686e+16 1.6440670249703448e+16 1.6306471400728844e+16 1.615770725210548e+16 1.5789766724720632e+16 1.5538221777526028e+16 1.5163480453784452e+16
42500.005954119086 2.040926635716317e+16 2.0152017123267588e+16 1.987166476416501e+16 1.9566682396409584e+16 1.9231071880030136e+16 1.885698524867242e+16 1.8433084290551896e+16 1.81975353953128e+16 1.7941592720635036e+16 1.7660054209066872e+16 1.7475678858847452e+16 1.7344589147861676e+16 1.7133085432833904e+16 1.6979871669724534e+16 1.6726046958373474e+16 1.653543511254019e+16 1.6431626691429086e+16 1.6320675401029508e+16 1.6201056541054302e+16 1.6070516334134092e+16 1.5925720668525956e+16 1.5566994439319822e+16 1.5321010086906848e+16 1.4952981521944762e+16
42700.00598213849 2.018549831972125e+16 1.9931756303907708e+16 1.965609757307952e+16 1.9355365294247496e+16 1.902368086674576e+16 1.8653887713325884e+16 1.823390646100001e+16 1.8000533650061252e+16 1.7747146930941838e+16 1.746801381094344e+16 1.72851045396635e+16 1.715510588733629e+16 1.6945412636886626e+16 1.6793541660542272e+16 1.654187132301554e+16 1.6352884948575924e+16 1.6249954171422442e+16 1.6139971730909068e+16 1.602140909853876e+16 1.5892060156341108e+16 1.5748638781046422e+16 1.5393584676953738e+16 1.5150436191401452e+16 1.4787244970356516e+16
42900.00601015789 1.9398263806591588e+16 1.9156459277504908e+16 1.889398403465003e+16 1.8610222110970444e+16 1.8297820434425336e+16 1.7949971651149752e+16 1.7556886028201678e+16 1.7338419930624866e+16 1.7101022682819824e+16 1.6839720185973052e+16 1.6668230246160706e+16 1.6546286522746018e+16 1.6348896714564468e+16 1.620550089244199e+16 1.5966959867930344e+16 1.5786769390406696e+16 1.5688135128196892e+16 1.558229380942019e+16 1.5467564917703768e+16 1.5341567020650866e+16 1.5200595416921124e+16 1.4844035308479912e+16 1.459106529044284e+16 1.4192559399665378e+16
43100.00603817729 1.8837351552526136e+16 1.860070462156984e+16 1.8343872059912236e+16 1.8065748373497812e+16 1.7760407254069798e+16 1.742069008089014e+16 1.703810079824569e+16 1.6826166138775996e+16 1.659592539017235e+16 1.6342626875575714e+16 1.6176355102251236e+16 1.6058114066607908e+16 1.5866709277772714e+16 1.5727575353524344e+16 1.549540092706341e+16 1.5319253814721554e+16 1.5222438934606688e+16 1.5118096589529934e+16 1.5004358969464588e+16 1.487848270959097e+16 1.4736156222088878e+16 1.436594168623694e+16 1.4090612419100992e+16 1.3629874975313186e+16
43300.00606619659 1.8842134102236132e+16 1.860615990852462e+16 1.8350266402497296e+16 1.807268032645253e+16 1.7766564686619412e+16 1.7427992749395738e+16 1.7044701732496026e+16 1.6831838669774984e+16 1.66005746397646e+16 1.6346054117295582e+16 1.6178901117493712e+16 1.605993162384608e+16 1.586747619288821e+16 1.5727516334097562e+16 1.5494165062269874e+16 1.5317327699081644e+16 1.522018163275942e+16 1.511561108532665e+16 1.5001768106790206e+16 1.4876001968153456e+16 1.4734135303953946e+16 1.4367829878772684e+16 1.4099954714179984e+16 1.3669729179335256e+16
43500.00609421599 1.8069671520141708e+16 1.7847954325437432e+16 1.7606558558028142e+16 1.734699669089796e+16 1.706290140671311e+16 1.674724988207433e+16 1.6391574242709684e+16 1.6193794901672212e+16 1.5978793964242288e+16 1.574165715113471e+16 1.5585336951699814e+16 1.5473732379337358e+16 1.5292478471543086e+16 1.5160029107532676e+16 1.4937590217877184e+16 1.4767400416536132e+16 1.4673234678761626e+16 1.4571252546787924e+16 1.4459434302093984e+16 1.4334841185833902e+16 1.4192890736416746e+16 1.381922419944304e+16 1.3540181979657692e+16 1.3083206111664372e+16
43700.00612223539 1.7753097301307786e+16 1.753510561558068e+16 1.7298837037045064e+16 1.7042796608551706e+16 1.6761782405504824e+16 1.6450438690734916e+16 1.6099026610502236e+16 1.590368750588246e+16 1.569102980721125e+16 1.5456050604813592e+16 1.5301098779440492e+16 1.5190349042567876e+16 1.5010190082294964e+16 1.4878266108573316e+16 1.4656100540706432e+16 1.448540703304963e+16 1.4390645598564034e+16 1.4287689205571054e+16 1.4174394586878364e+16 1.4047624517019458e+16 1.3902476147703668e+16 1.3516854767977214e+16 1.3226292913469184e+16 1.2747195589408016e+16
43900.0061502548 1.7678730947151748e+16 1.7458116344435262e+16 1.7218839483533186e+16 1.6958463372995726e+16 1.6672860808029464e+16 1.6355771149138748e+16 1.5997158844152572e+16 1.5797871657218374e+16 1.5580983508715354e+16 1.534147521665211e+16 1.5183648636490514e+16 1.5070924176421992e+16 1.4887705455460672e+16 1.475363205026743e+16 1.452810362103301e+16 1.4355070058197218e+16 1.4259106156733024e+16 1.4154952896504384e+16 1.4040513758220786e+16 1.3912686048478008e+16 1.3766703949319676e+16 1.3382006910242262e+16 1.309672105256645e+16 1.2639237938691582e+16
44100.00617827419 1.6840240290415174e+16 1.6634793263828842e+16 1.6413195388258428e+16 1.6174267114872286e+16 1.5913401370231476e+16 1.5624822554923674e+16 1.5300016607849696e+16 1.5119431757991826e+16 1.4922774411880246e+16 1.470498210817531e+16 1.456078195940179e+16 1.4457413836161034e+16 1.4288546406481096e+16 1.416420211301531e+16 1.3953158456381996e+16 1.378938243814499e+16 1.369776707367858e+16 1.3597651976786912e+16 1.3486778686232348e+16 1.3361818252207564e+16 1.3217633328875754e+16 1.2830036689262044e+16 1.2535596692137578e+16 1.2050492710842608e+16
44300.00620629359 1.6845883846756762e+16 1.6637502329064334e+16 1.6411733138498016e+16 1.6167765449792298e+16 1.5901061644586336e+16 1.560574321109249e+16 1.5272521452219056e+16 1.5087235425753434e+16 1.4885393216339746e+16 1.466185374941214e+16 1.451402740354859e+16 1.4408160670426792e+16 1.4235422002210436e+16 1.4108383466802408e+16 1.3893268176852502e+16 1.3726756477339914e+16 1.3633812406239542e+16 1.3532409655331964e+16 1.3420335134030282e+16 1.3294328988370672e+16 1.3149380730359082e+16 1.2762168643653472e+16 1.2469892999999082e+16 1.1990061059874996e+16
44500.00623431289 1.669041167480179e+16 1.6480835961368306e+16 1.6254060586704214e+16 1.6008096822201108e+16 1.5738860173953438e+16 1.5440947221366704e+16 1.5104995942594794e+16 1.4917955519409872e+16 1.471423418878983e+16 1.4488586341267672e+16 1.4339235191704168e+16 1.4232165549381824e+16 1.4057369611271256e+16 1.3928727415888656e+16 1.371055533156916e+16 1.3541464909863736e+16 1.3446981764603568e+16 1.3343852201643912e+16 1.3229810346690938e+16 1.3101539676138704e+16 1.2953962595652642e+16 1.2560086016175562e+16 1.2263633165930288e+16 1.1780472925023354e+16
44700.00626233229 1.6012721641849846e+16 1.581643279324802e+16 1.5606224335473168e+16 1.5378795866158932e+16 1.513000226303159e+16 1.4854875323229702e+16 1.4544355926701724e+16 1.4371270688251976e+16 1.4182214262649288e+16 1.3972058085791318e+16 1.3832460552451874e+16 1.3732064841416166e+16 1.3567465436528564e+16 1.3445734030904258e+16 1.3238072216926816e+16 1.307601317823307e+16 1.2985024630820316e+16 1.2885366258842336e+16 1.2774742748332076e+16 1.264982744951573e+16 1.2505496373249624e+16 1.2116949163856186e+16 1.1820458168032346e+16 1.1325945208058728e+16
44900.006290351695 1.6129442914877598e+16 1.5929423512203176e+16 1.5713657038812398e+16 1.5480163108071166e+16 1.5224705023550166e+16 1.4941319917307008e+16 1.4621218591418604e+16 1.4442854610283964e+16 1.4248326388199034e+16 1.4032388039063244e+16 1.3889217377841544e+16 1.3786524724827586e+16 1.3618477233458822e+16 1.3494564285195574e+16 1.3284024527444634e+16 1.3120451511296226e+16 1.3028910763334088e+16 1.2928888293805436e+16 1.2818149986306816e+16 1.269349371854526e+16 1.2549964193040918e+16 1.216660783208007e+16 1.1877834825650586e+16 1.1405111113217264e+16
45100.00631837109 1.5862029956545514e+16 1.5663524035231454e+16 1.5449696868565142e+16 1.5218384175764682e+16 1.496519792284912e+16 1.468458089080559e+16 1.4367573499278716e+16 1.4190908255758652e+16 1.3997946992569258e+16 1.3783445295685194e+16 1.3641007003939344e+16 1.3538632719673924e+16 1.3370815705233938e+16 1.3246777576047812e+16 1.3035312714606534e+16 1.2870392794163824e+16 1.277785202337642e+16 1.2676547907448838e+16 1.2564193681903496e+16 1.2437489624565122e+16 1.2291419667475398e+16 1.1901477024791984e+16 1.160953150451844e+16 1.1136015500306178e+16
45300.006346390495 1.5336553930581312e+16 1.5147776436083794e+16 1.4945899210489414e+16 1.4727503047087142e+16 1.448984351809205e+16 1.422727018709689e+16 1.3931719234473056e+16 1.376726193814822e+16 1.3587696268916824e+16 1.3388025187465036e+16 1.3255273774524088e+16 1.3159712432455634e+16 1.300280459541417e+16 1.288654255133487e+16 1.2687607231830926e+16 1.2531708209683038e+16 1.2443910491814642e+16 1.2347487216884892e+16 1.2240138816097782e+16 1.2118506355668102e+16 1.1977418359293118e+16 1.1594943865259792e+16 1.1301239985155446e+16 1.0810211214213318e+16
45500.006374409895 1.5389352133518368e+16 1.5200818911294896e+16 1.499792651930129e+16 1.4778145635934788e+16 1.4537915203735574e+16 1.427163935699966e+16 1.3970880781839182e+16 1.3803194831524684e+16 1.3620209725640772e+16 1.3416747429478466e+16 1.3281628665719192e+16 1.3184487748512478e+16 1.3025285278393194e+16 1.2907575860796256e+16 1.2706741974486252e+16 1.2549970436032858e+16 1.246189492674696e+16 1.2365366168551026e+16 1.2258127640020768e+16 1.2136905526153766e+16 1.199665689130196e+16 1.1618508336555794e+16 1.1330505544283686e+16 1.0853025307414888e+16
45700.00640242919 1.5306485303737818e+16 1.511886077459588e+16 1.4916591829274666e+16 1.469722941016098e+16 1.4457613822792276e+16 1.4192123753013002e+16 1.3892389870107468e+16 1.3725354920409596e+16 1.3543074991900816e+16 1.3340583013260018e+16 1.3206203006455116e+16 1.3109666349537826e+16 1.2951527184049448e+16 1.283470407652209e+16 1.2635619821619292e+16 1.2480322749462822e+16 1.2393126533903182e+16 1.2297570153498826e+16 1.2191400112426422e+16 1.2071339246910158e+16 1.1932332193528594e+16 1.1556963539411012e+16 1.1271318668419432e+16 1.0800880288922876e+16
45900.00643044859 1.4752955566912738e+16 1.4573259046339268e+16 1.4380563891851294e+16 1.4172895992131536e+16 1.3946593166960944e+16 1.3697049470158096e+16 1.3416153803392038e+16 1.3259901048384834e+16 1.3089193431880492e+16 1.2899202639552546e+16 1.2772718103612668e+16 1.2681589940715504e+16 1.2531727202108704e+16 1.2420453332708986e+16 1.2229432681775922e+16 1.2078984651701068e+16 1.19938772856573e+16 1.1900048914073044e+16 1.1795063822203318e+16 1.1675373806352852e+16 1.1535455690851866e+16 1.1150365815805896e+16 1.085069291362633e+16 1.0347989364677138e+16
46100.006458467986 1.4829997349321008e+16 1.4650616259660314e+16 1.4458002408770002e+16 1.4249207259192092e+16 1.4021211579703128e+16 1.3768652439666236e+16 1.3483757346141526e+16 1.3324868905262506e+16 1.3151553058445724e+16 1.2958868912580914e+16 1.2830867584761056e+16 1.2738832698350742e+16 1.258789459078344e+16 1.247623252785552e+16 1.2285501403255826e+16 1.2136220484212972e+16 1.2052159500482206e+16 1.1959799546541794e+16 1.1856853750804664e+16 1.1739951343961438e+16 1.1603868241919556e+16 1.1231877529123368e+16 1.0944567361253204e+16 1.0467461330218846e+16
46300.00648648739 1.4631984650114544e+16 1.4455046658895566e+16 1.4264610543759638e+16 1.4058160103523448e+16 1.3832831250009452e+16 1.358296893328851e+16 1.3300782810243252e+16 1.3143562009610918e+16 1.297172578430632e+16 1.2780760395699184e+16 1.2653829492210448e+16 1.2562531276448334e+16 1.2412749356330458e+16 1.230185423385283e+16 1.2112223004561612e+16 1.1963552201658214e+16 1.1879690633140654e+16 1.1787423599880928e+16 1.168437443755579e+16 1.1567055074697658e+16 1.1429997080808038e+16 1.105195733745554e+16 1.0756133745200974e+16 1.0259301404546378e+16
46500.00651450679 1.4454634523172108e+16 1.4285718224927148e+16 1.4103496424916394e+16 1.3905733577909068e+16 1.3689785985474694e+16 1.3450712854104268e+16 1.318085292979853e+16 1.3030527223721228e+16 1.2866491220722858e+16 1.2684380802366388e+16 1.2563489412882118e+16 1.247666698533426e+16 1.233448139793321e+16 1.2229463313143496e+16 1.2050429923335538e+16 1.1910638177995892e+16 1.1832011262686796e+16 1.1745678957020826e+16 1.1649466663644908e+16 1.1540144815997568e+16 1.1412627605736514e+16 1.1060566374064778e+16 1.0782648255100204e+16 1.030829753193128e+16
46700.00654252619 1.4368438378085106e+16 1.4198760452603604e+16 1.4015579633175832e+16 1.3817305842616188e+16 1.3600963106697596e+16 1.3361129008871124e+16 1.3090797936336472e+16 1.2940396637981314e+16 1.277606268472527e+16 1.259390594311762e+16 1.2473129656647856e+16 1.2386459399804768e+16 1.2244621026243572e+16 1.2139984210089258e+16 1.1961927075209276e+16 1.1823156429191628e+16 1.1745230588219762e+16 1.1659771761035298e+16 1.15646490506008e+16 1.1456705206104002e+16 1.1330943128381634e+16 1.0984008586069366e+16 1.0709585504753192e+16 1.023895621916736e+16
46900.00657054549 1.4245446748438584e+16 1.4076370928266394e+16 1.3893737099281554e+16 1.3696221918104536e+16 1.347996419490212e+16 1.3240317832251186e+16 1.2969688533225988e+16 1.2818822375133908e+16 1.265428472860947e+16 1.2471659913450674e+16 1.2350538992453402e+16 1.2263589067963938e+16 1.2121353891311698e+16 1.2016386686270358e+16 1.1837790274053762e+16 1.1698588644880578e+16 1.1620394205753244e+16 1.1534606900226822e+16 1.143905923579257e+16 1.1330521649570778e+16 1.1203840505367354e+16 1.0852316789049592e+16 1.057126952887707e+16 1.0084450497654238e+16
47100.00659856489 1.4028503568153224e+16 1.3859360940891914e+16 1.367878074628949e+16 1.3483640731880624e+16 1.3271182451158582e+16 1.3036678734257558e+16 1.277343147573221e+16 1.2627301424743128e+16 1.246812729465909e+16 1.2291939179345908e+16 1.2175307612317556e+16 1.2091673531323766e+16 1.1955025088159046e+16 1.1854302669017816e+16 1.168311150232597e+16 1.1549833613166272e+16 1.1475027520427394e+16 1.139300655601651e+16 1.130171311856755e+16 1.1198083067537344e+16 1.1077239902358942e+16 1.0742401213156322e+16 1.047465809777165e+16 1.0006998786426134e+16
47300.00662658429 1.4034169623212812e+16 1.3865955932847828e+16 1.3685608209837854e+16 1.3490360821797972e+16 1.3277479861602432e+16 1.3042714301882582e+16 1.2778555973563004e+16 1.263212584286652e+16 1.2472696677398644e+16 1.229634962795776e+16 1.217982710605259e+16 1.2096404428997824e+16 1.1960296810399422e+16 1.1860303262298568e+16 1.1690945965247402e+16 1.1559829856490976e+16 1.1486562075344674e+16 1.1406528031955086e+16 1.1317857093591566e+16 1.1217767230761456e+16 1.1101858176760752e+16 1.0785514365561738e+16 1.0537447370995606e+16 1.0110791320113072e+16
47500.0066546037 1.3802030012508516e+16 1.3638053721159318e+16 1.3462000898220918e+16 1.327167619664692e+16 1.3063895966808746e+16 1.2834057341993534e+16 1.2575337632506144e+16 1.2431529742732142e+16 1.2274690076450348e+16 1.210079014747439e+16 1.1985662869358334e+16 1.1903094128420248e+16 1.176818168572587e+16 1.1668786899694156e+16 1.149997094237096e+16 1.136875312497917e+16 1.129521636015858e+16 1.1214668164349902e+16 1.1125173028918856e+16 1.1023785906927784e+16 1.0905852164338066e+16 1.0580871407548448e+16 1.032288077243897e+16 9874994316181222.0
47700.00668262309 1.363409829747079e+16 1.3473050843186856e+16 1.3300404133937846e+16 1.3113319869580802e+16 1.2909399327818118e+16 1.26843814577146e+16 1.2431112839430518e+16 1.2290349392844912e+16 1.2136946505990366e+16 1.1967002828150962e+16 1.1854530598747e+16 1.1773914953915292e+16 1.1642229779001082e+16 1.1545300809544182e+16 1.1380816983566212e+16 1.125318158314721e+16 1.1181731478598238e+16 1.1103575533151734e+16 1.1016855322768268e+16 1.0918803307964712e+16 1.0805048583510464e+16 1.0493629157201194e+16 1.024862783472868e+16 9824524803123910.0
47900.00671064249 1.3505206705765444e+16 1.3345132328198308e+16 1.3172814598999212e+16 1.298725973541927e+16 1.2784884802546986e+16 1.2561898274770596e+16 1.2311479901559852e+16 1.2172487167372322e+16 1.2021275267555332e+16 1.1853920422042322e+16 1.1743227031380064e+16 1.166396839767126e+16 1.1534571285198744e+16 1.1439433271173356e+16 1.127817943623439e+16 1.1153220825834664e+16 1.108336848233842e+16 1.1007045742310666e+16 1.0922498555759904e+16 1.082711678279825e+16 1.0716808545381562e+16 1.0417485777886908e+16 1.0185312716542816e+16 9787376113555038.0
48100.00673866189 1.3260313178194034e+16 1.310517166720113e+16 1.2938591262462812e+16 1.2758207137884528e+16 1.2561738865445292e+16 1.2344531718040844e+16 1.2100063622682434e+16 1.1964025493971022e+16 1.1815600142903132e+16 1.16509325482102e+16 1.154174339504431e+16 1.1463405627764738e+16 1.1335198608949222e+16 1.124065196518257e+16 1.1079865623253248e+16 1.095473434639235e+16 1.0884573192264662e+16 1.0807734402135202e+16 1.072239403826675e+16 1.062582971756309e+16 1.0513782880081778e+16 1.0207703920437874e+16 9967930906861530.0 9550028594851750.0
48300.00676668119 1.3301498102139358e+16 1.3144861726922568e+16 1.2976597570930462e+16 1.279431579994291e+16 1.2595991983228546e+16 1.237652395282159e+16 1.2129219110043498e+16 1.1991769482698916e+16 1.1841929187016714e+16 1.167573989427396e+16 1.156576874206161e+16 1.1486894148751306e+16 1.1358100610515188e+16 1.1263318698245128e+16 1.1102749317379042e+16 1.0978452735149614e+16 1.090906367639176e+16 1.0833371212970806e+16 1.0749707768587252e+16 1.0655620553858936e+16 1.0547311083080256e+16 1.0256920612871964e+16 1.00353610794264e+16 9658932660216098.0
48500.006794700595 1.3095693917634454e+16 1.294139306080119e+16 1.2775664586204768e+16 1.2596539865602568e+16 1.240146750831765e+16 1.2186051770585134e+16 1.1943682435300642e+16 1.1808986438415506e+16 1.1662452964049206e+16 1.1500052071214926e+16 1.139251672435345e+16 1.1315488855561372e+16 1.118967900346037e+16 1.1097098967185048e+16 1.0940162497500284e+16 1.0818562424968412e+16 1.075061852219432e+16 1.0676449672482394e+16 1.0594380911129168e+16 1.0501990546687314e+16 1.0395480773094854e+16 1.010910906562011e+16 9889885794061504.0 9516793446039898.0
48700.00682271999 1.2899291453259534e+16 1.274784172549054e+16 1.2585793005939068e+16 1.2410531421373134e+16 1.2219789395837834e+16 1.2009242932916536e+16 1.177245365872564e+16 1.1640733997607284e+16 1.1497132154490164e+16 1.1337886638520692e+16 1.123238560871766e+16 1.1156702455778496e+16 1.1032930033342644e+16 1.0941751747695888e+16 1.078695072930025e+16 1.066681226527317e+16 1.059961128475411e+16 1.0526196485263902e+16 1.0444904104386354e+16 1.0353304646821748e+16 1.0247634130253186e+16 9963131933622754.0 9744702089088980.0 9369805328318650.0
48900.006850739395 1.279201657513157e+16 1.2642762555547322e+16 1.2482366004564202e+16 1.2309294313100014e+16 1.2120407303554782e+16 1.1911993040967348e+16 1.1677190490630058e+16 1.1546400475981368e+16 1.140389591569378e+16 1.1245762779086802e+16 1.1140924573273444e+16 1.1065731953254908e+16 1.0942763055745686e+16 1.0852147790293754e+16 1.0698345295203922e+16 1.0579042325970524e+16 1.0512345422927948e+16 1.0439517459226324e+16 1.0358938451061452e+16 1.026823961236644e+16 1.0163754935342352e+16 9883475089327838.0 9669599526419428.0 9306926775921992.0
49100.006878758795 1.2648078290872538e+16 1.2499995377650228e+16 1.2341005129168108e+16 1.2169815656089162e+16 1.198343887323815e+16 1.1777732925709958e+16 1.1546477570768664e+16 1.1418089231518084e+16 1.1278314144933504e+16 1.1123367550144932e+16 1.102088569189066e+16 1.0947405417981616e+16 1.0827417721623514e+16 1.0739140303097502e+16 1.0589485266642954e+16 1.047353217184843e+16 1.0408746294454694e+16 1.0338033468247334e+16 1.0259793085400808e+16 1.0171716657402936e+16 1.0070203209089556e+16 9797405429313594.0 9588869729715030.0 9234231105460536.0
49300.00690677819 1.2505673226654446e+16 1.235925892182884e+16 1.2201964357380872e+16 1.20320565537042e+16 1.1847050307450824e+16 1.1643038675429404e+16 1.1413492859205392e+16 1.1285845673748244e+16 1.1146821261478806e+16 1.0992589378853906e+16 1.0890383023924146e+16 1.0817092248156056e+16 1.069718379866034e+16 1.0608834213833374e+16 1.0458795427199336e+16 1.0342308035799744e+16 1.0277141171849034e+16 1.0205939658458644e+16 1.0127108917735894e+16 1.0038303307352848e+16 9935923193385126.0 9661035765342396.0 9451460145021170.0 9099048239227756.0
49500.00693479749 1.234786245765402e+16 1.220516298090199e+16 1.20515765532489e+16 1.1885908989297862e+16 1.1705637864208258e+16 1.1506874588976352e+16 1.1283399196780934e+16 1.1159190707991924e+16 1.102386505503049e+16 1.0873807557186382e+16 1.077438803324326e+16 1.070307203094804e+16 1.0586494869837578e+16 1.0500625214208806e+16 1.0354886816753124e+16 1.0241809259248202e+16 1.0178583107877968e+16 1.010951807363448e+16 1.0033068337319118e+16 9946960264850386.0 9847680366677554.0 9580845888605342.0 9376862391339120.0 9030337252420734.0
49700.006962816886 1.2232679355161962e+16 1.2090795825713882e+16 1.1939349378655068e+16 1.1775533675692692e+16 1.159717133290911e+16 1.1400291074470088e+16 1.1178726522987104e+16 1.1055371342509968e+16 1.0920898287842832e+16 1.0771548247493374e+16 1.0672554578695138e+16 1.0601435328526176e+16 1.0485072549834284e+16 1.0399239838762844e+16 1.0253405315087042e+16 1.0140091003181536e+16 1.007667512753914e+16 1.000737474799276e+16 9930637410147374.0 9844202707609130.0 9744582390680612.0 9477551809254004.0 9274899982681468.0 8937825120865015.0
49900.00699083629 1.2121657055918242e+16 1.1980371400593782e+16 1.1829152539528668e+16 1.1666148975572836e+16 1.1488928546374554e+16 1.1293790608762924e+16 1.1074864115348714e+16 1.0953530407359094e+16 1.082130329469465e+16 1.0675004167636296e+16 1.0578239795369572e+16 1.0508875345889908e+16 1.0395634341063168e+16 1.0312346364076562e+16 1.0171198729662836e+16 1.0061879779650394e+16 1.0000817689674146e+16 9934171630636882.0 9860455038918766.0 9777491523558494.0 9681898602321514.0 9425286784537404.0 9229692592155238.0 8899857879123218.0
50100.00701885569 1.1903151561754766e+16 1.1765749406938294e+16 1.1618332852079396e+16 1.1459703613225562e+16 1.1286869402995676e+16 1.1096410888231774e+16 1.0882322366771402e+16 1.076336787173613e+16 1.0633679407132498e+16 1.0489834309472894e+16 1.0394432246173892e+16 1.032598385582546e+16 1.0213955560690122e+16 1.0131324433614118e+16 9990779242968752.0 9881476380642026.0 9820237883645082.0 9753245027250488.0 9678959115406702.0 9595126217792724.0 9498261416586448.0 9237108528837308.0 9037373368210704.0 8702432139516469.0
50300.00704687509 1.1891924351700382e+16 1.1754910422333558e+16 1.1607971234040498e+16 1.144956577425817e+16 1.1277058395253208e+16 1.1086802210434246e+16 1.0873223193596884e+16 1.075468589494928e+16 1.0625672305986716e+16 1.0482897645781236e+16 1.0388397815552626e+16 1.032071005886103e+16 1.021023576485274e+16 1.0128993122841072e+16 9991375349976162.0 9884855337444410.0 9825371994001204.0 9760449885464562.0 9688631647583054.0 9607766734157080.0 9514509619213216.0 9263378226859404.0 9071218131822424.0 8748763426241832.0
50500.00707489449 1.1676913086855552e+16 1.154298090314866e+16 1.1399251450409234e+16 1.1244084043944152e+16 1.1075267453679102e+16 1.0888888675560036e+16 1.0679407239420236e+16 1.0562785418914094e+16 1.0435612760284058e+16 1.0294339856971266e+16 1.0200600216665984e+16 1.0133285157047242e+16 1.002302230469222e+16 9941622431101722.0 9803036428492538.0 9695099945554542.0 9634563623601116.0 9568277363125218.0 9494691886729000.0 9411555926724274.0 9315372374542596.0 9055685105964412.0 8857736435997604.0 8531783540826237.0
50700.00710291379 1.1586146748588134e+16 1.1452905640606164e+16 1.131020666913893e+16 1.11562908068023e+16 1.0988573561690892e+16 1.0803762231881806e+16 1.0596204255201578e+16 1.0480824942567682e+16 1.0355145928038678e+16 1.0215805020456164e+16 1.0123477434698848e+16 1.0057207668062014e+16 9948883795125022.0 9869040120016356.0 9733421903490698.0 9628046186600618.0 9569043456153576.0 9504526628556276.0 9433011051322490.0 9352320199547866.0 9259084339547784.0 9007574701847188.0 8815337698489852.0 8494994646958933.0
50900.00713093319 1.1496212773394808e+16 1.1364406665969678e+16 1.1223322901746566e+16 1.1070827684357908e+16 1.090514522039335e+16 1.0722884429953478e+16 1.0518498105593264e+16 1.0405174671731838e+16 1.028190649071626e+16 1.0145578700622606e+16 1.005549627279535e+16 9990954251078676.0 9885705550821664.0 9808335864703508.0 9677355856342144.0 9575998196674192.0 9519398059428688.0 9457622858371340.0 9389273583711712.0 9312287847717264.0 9223441307633784.0 8983677305119096.0 8799560128189299.0 8489589425475562.0
51100.0071589526 1.130850877732278e+16 1.1179685565470926e+16 1.1041799932962276e+16 1.089303698987648e+16 1.0731319605171272e+16 1.0553377194416422e+16 1.0353746309799656e+16 1.0242992149666238e+16 1.0122371723980526e+16 9988720989203182.0 9900227070594864.0 9836762799761594.0 9733014593146654.0 9656591094533246.0 9526788304207274.0 9425928447504380.0 9369445885394116.0 9307657153400720.0 9239116059421150.0 9161707161961806.0 9072133059024060.0 8829588755938246.0 8643333575824113.0 8332602807145993.0
51300.00718697199 1.1238219853653552e+16 1.1112026171981742e+16 1.0976467925927334e+16 1.0829902700498878e+16 1.067023523823263e+16 1.0493824237096584e+16 1.029544912799213e+16 1.0185181865779522e+16 1.0065127100792302e+16 9932042015950290.0 9843974138182176.0 9780873579626432.0 9677811348397320.0 9602002314973170.0 9473525778465890.0 9373976489291674.0 9318331437225462.0 9257531739827218.0 9190173099856946.0 9114179456129536.0 9026280607393698.0 8787727103918073.0 8603159562402646.0 8292360650230651.0
51500.00721499139 1.1106790742501266e+16 1.0980432453236294e+16 1.084576402501397e+16 1.069992266150914e+16 1.0541428239618796e+16 1.0366782023854916e+16 1.017089652549199e+16 1.0062115284028254e+16 9943765429653168.0 9812713396642910.0 9726006733930008.0 9663884629609662.0 9562457430781534.0 9487834168637406.0 9361302611684070.0 9263182190977884.0 9208302825287670.0 9148316000106808.0 9081823354580290.0 9006762205409261.0 8919890697005207.0 8684009260752516.0 8501592725521456.0 8194714826004952.0
51700.00724301078 1.1078150372542626e+16 1.095249190918009e+16 1.081755065922313e+16 1.0672383666000122e+16 1.0514320168188648e+16 1.0340247987622346e+16 1.0145140606050092e+16 1.0036979542679396e+16 9919296645005142.0 9789302110848610.0 9703481300486398.0 9642078501850660.0 9542059712906756.0 9468688120135440.0 9344796896127104.0 9249279812056572.0 9196096589809494.0 9138200306321106.0 9074324959213054.0 9002640036521605.0 8920286548593127.0 8700292443106929.0 8533752466366905.0 8256874991444603.0
51900.00727103009 1.0887306690319852e+16 1.076442610160072e+16 1.063314791006456e+16 1.0491649401843448e+16 1.0337147086017164e+16 1.0167194423266762e+16 9976379381262666.0 9870406641952204.0 9755171554480590.0 9627584911313666.0 9543191990037396.0 9482735082335644.0 9384054658128184.0 9311487234483112.0 9188525705586400.0 9093246592494038.0 9039993948907336.0 8981809903140134.0 8917347772156838.0 8844606681701595.0 8760438328404175.0 8531708347582987.0 8354291141515612.0 8054909853614764.0
52100.007299049495 1.0773138553882058e+16 1.065193106680184e+16 1.0522441782062196e+16 1.0382819370402064e+16 1.0230836083219724e+16 1.0063444813787618e+16 9875477655031794.0 9771091785023214.0 9657456604458900.0 9531703972915778.0 9448523503062860.0 9388930459571882.0 9291673728313130.0 9220164987226760.0 9099000270261074.0 9005151473015405.0 8952696158505868.0 8895383953047404.0 8831878726023508.0 8760191867136029.0 8677193747633896.0 8451060042029419.0 8274766930024460.0 7976030803975418.0
52300.00732706889 1.0647338309017848e+16 1.052885003552017e+16 1.0401533015020064e+16 1.0264317417357038e+16 1.0115379775222766e+16 9951162862026268.0 9767163381608158.0 9665050560812324.0 9553970253882416.0 9431141007467520.0 9349947838733006.0 9291818750419650.0 9197015743382378.0 9127385726195536.0 9009569331769278.0 8918429905457268.0 8867551866877297.0 8812007067294216.0 8750511550938411.0 8681158416454089.0 8600925004046129.0 8382390521029148.0 8211509031039752.0 7919174556641947.0
52500.00735508829 1.059373831270586e+16 1.0476054510800796e+16 1.0349333377859362e+16 1.0212864432916804e+16 1.0064233514389518e+16 9900339888607928.0 9716429393283572.0 9614353881279084.0 9503368323067820.0 9380623785167466.0 9299559099814714.0 9241582421571834.0 9147132535616642.0 9077836406269790.0 8960813409493797.0 8870557202685176.0 8820276442223239.0 8765480665105817.0 8704946254918564.0 8636842701758548.0 8558288484223530.0 8345601839013944.0 8180491455952868.0 7899749107664204.0
52700.007383107695 1.0527352186158178e+16 1.0410999465214972e+16 1.0285672087773208e+16 1.0150858678532384e+16 1.000397018807262e+16 9842135699684878.0 9660478833916610.0 9559719860473024.0 9450070441438610.0 9328864044150114.0 9248817820839332.0 9191604694729770.0 9098426640530436.0 9030132826802866.0 8914964635753808.0 8826314757909054.0 8777006831993013.0 8723355984586852.0 8664184201685593.0 8597763518608878.0 8521357749258774.0 8315610807893853.0 8156880442838901.0 7888457135579474.0
52900.00741112709 1.0319080950347042e+16 1.0205340042447386e+16 1.008336911501185e+16 9952028714171734.0 9808966200878000.0 9651501014771558.0 9474767148160408.0 9376744220222270.0 9270113549400976.0 9152124550560920.0 9074136252829704.0 9018297534487886.0 8927279826535538.0 8860417534314418.0 8747322470007007.0 8659893945329864.0 8611093018561240.0 8557828543267599.0 8498868395647757.0 8432367802434400.0 8355412882927660.0 8145286708829628.0 7979847534305456.0 7693675605537140.0
53100.00743914639 1.0249651125139154e+16 1.0136139648412224e+16 1.001464504056557e+16 9883849547431410.0 9741405469141030.0 9584842283740008.0 9409325211850680.0 9312029909620046.0 9206209294968672.0 9089289730601536.0 9012117734540646.0 8956934529731746.0 8867066208621267.0 8801173291364265.0 8689967898875248.0 8604250364944141.0 8556522177424170.0 8504534831433541.0 8447126679399703.0 8382572034438344.0 8308140091135431.0 8106526285971444.0 7949384513385782.0 7679370423280542.0
53300.007467165786 1.0151545097973504e+16 1.0040517697035662e+16 9921493494843494.0 9793042252247140.0 9653169748160734.0 9498881621172878.0 9325670899189852.0 9229557679694384.0 9125024434500316.0 9009325171790012.0 8932892917956129.0 8878203819552142.0 8789092764603938.0 8723709903824591.0 8613300958896586.0 8528155897186077.0 8480723720740698.0 8429036274221060.0 8371931453035022.0 8307678273502100.0 8233516571703537.0 8031979895487963.0 7873914411177063.0 7600521440567606.0
53500.00749518519 1.006020344573718e+16 9949864374261948.0 9831854079419390.0 9704553089816422.0 9566337729079196.0 9413902638580694.0 9242981145356848.0 9148211190736176.0 9045188449014752.0 8931297234376953.0 8856155330686778.0 8802426100023324.0 8715000772056009.0 8650942563009577.0 8542996200538933.0 8459943883635305.0 8413772046189215.0 8363547832792386.0 8308168239662427.0 8246005383910599.0 8174477536968325.0 7981345339829930.0 7830980388527221.0 7571341525861704.0
53700.00752320459 9956335377891258.0 9848193043107330.0 9732313138940142.0 9607343634461116.0 9471518919397466.0 9321864244277056.0 9154091356457678.0 9061041574170930.0 8959890890752289.0 8848132624716619.0 8774372490392443.0 8721661279622762.0 8635863642001618.0 8573018231933213.0 8467126927345870.0 8385690145553071.0 8340435913977018.0 8291209408956157.0 8236949122606862.0 8176059488090423.0 8106013274622183.0 7916970458089215.0 7769878870934049.0 7516347170790950.0
53900.007551223986 9878035438179148.0 9770917347841982.0 9655900846416454.0 9532270392734730.0 9397724894504684.0 9249258539572010.0 9082634330619830.0 8990220416140560.0 8889806530793972.0 8778855655713709.0 8705636960116393.0 8653320318223468.0 8568215586428261.0 8505910071150401.0 8401041459982843.0 8320513390472043.0 8275813012472943.0 8227246782570562.0 8173775889969077.0 8113865279052020.0 8045069889701086.0 7860029589847568.0 7716405677781504.0 7467997255843463.0
54100.00757924339 9774648047818298.0 9668926269154326.0 9555762865058630.0 9433600118915708.0 9300664408103272.0 9154479443923638.0 8990326106325069.0 8899317827683371.0 8800353131925990.0 8691084364594922.0 8618984100512373.0 8567447879813184.0 8483638724758758.0 8422301724667108.0 8319062950820444.0 8239811925678361.0 8195836759348818.0 8148070889957751.0 8095501285708786.0 8036629680987521.0 7969072176967758.0 7787601459852919.0 7646924217690065.0 7403396037659605.0
54300.007607262785 9615252873078628.0 9512370890025742.0 9402522702842426.0 9283998719478622.0 9155401678488136.0 9013641457590700.0 8854444475621793.0 8766182945485733.0 8670101673928404.0 8563810261725235.0 8493629497388888.0 8443420529735741.0 8361667634632133.0 8301736026449511.0 8200683475363181.0 8122913042103865.0 8079678403279241.0 8032640527267802.0 7980779342378364.0 7922564468198860.0 7855571765141902.0 7674433550232890.0 7532562253016173.0 7283180125249672.0
54500.00763528209 9587217404399826.0 9484451664405118.0 9374798673553702.0 9256070769864054.0 9126762508751148.0 8984466028670490.0 8824780772314171.0 8736247668822937.0 8639953768037773.0 8533636285611121.0 8463509173900742.0 8413422114322168.0 8331971853604941.0 8272385050870656.0 8172217796518270.0 8095431795024585.0 8052873121610255.0 8006695426914628.0 7955941412653745.0 7899190710743590.0 7834197462883332.0 7660305104769115.0 7526000103557578.0 7292976247367925.0
54700.00766330149 9473535015465828.0 9372346832794964.0 9263623534288550.0 9146766058529630.0 9019632638085796.0 8879925726697876.0 8723149899343674.0 8636208256722662.0 8541695078601994.0 8437301753161121.0 8368445113513318.0 8319266259358157.0 8239297252162693.0 8180798032256986.0 8082422093516276.0 8006993495132913.0 7965170757093653.0 7919777945356350.0 7869873977459169.0 7814055293820129.0 7750093823031776.0 7578830163701508.0 7446462570677866.0 7216817292132965.0
54900.00769132089 9370353317780238.0 9270950072703024.0 9164462533000270.0 9049735462536268.0 8924571281905215.0 8786999087874651.0 8632404545349977.0 8546648967813031.0 8453389441096930.0 8350294094813839.0 8282308557987021.0 8233727928683058.0 8154702274508776.0 8096869013270755.0 7999623280039419.0 7925045633445048.0 7883700561402375.0 7838836440801106.0 7789512780268167.0 7734348260541087.0 7671146659896351.0 7501904382864282.0 7370898791746278.0 7142142682287317.0
55100.00771934029 9299239880699586.0 9199927326677276.0 9093733180512614.0 8979086842662226.0 8854779196331585.0 8717806839686944.0 8564236901749695.0 8479056648882850.0 8386556334803112.0 8284345755946599.0 8217001381039770.0 8168912410676460.0 8090747327881786.0 8033601472465763.0 7937626085722843.0 7864135883056557.0 7823441833095799.0 7779325071796433.0 7730885092586265.0 7676788035726065.0 7614927419036776.0 7450004210247459.0 7323164275950071.0 7103078434436099.0
55300.00774735968 9265558356074972.0 9167249485699466.0 9062231099550954.0 8948759695417720.0 8825692604264957.0 8689898433098758.0 8537713229456441.0 8453223937729600.0 8361459632832372.0 8260079923345841.0 8193279050705942.0 8145624847750944.0 8068211513492321.0 8011679193778009.0 7916890441048396.0 7844531413487901.0 7804561527855832.0 7761324728435475.0 7713980615066501.0 7661294398026007.0 7601318558324127.0 7443047615715878.0 7323078818405909.0 7118278496455275.0
55500.00777537909 9085583538398062.0 8989855306109387.0 8887302715021532.0 8776979147961122.0 8656765922525026.0 8524769294673950.0 8376573484077617.0 8294342352911786.0 8204948914723833.0 8106168161847355.0 8041030496192520.0 7994503073038665.0 7918829838766083.0 7863485528282585.0 7770428795446069.0 7699116080064306.0 7659609706190469.0 7616759123134583.0 7569691775277536.0 7517106845058467.0 7456952437723028.0 7296478614311051.0 7172932529763910.0 6957764356379001.0
55700.007803398395 9080675870236646.0 8984230100707550.0 8881459254132767.0 8770872575145205.0 8650742073225616.0 8518260944741985.0 8369579077597493.0 8287117087592302.0 8197591258230449.0 8098689576603323.0 8033524679562458.0 7987026878219127.0 7911540782353828.0 7856449017254890.0 7764091004362952.0 7693614228882366.0 7654707261951563.0 7612623273592555.0 7566561337984506.0 7515323615330566.0 7457028522683743.0 7303378268664277.0 7187107083008330.0 6988763293983075.0
55900.00783141779 8930007364532077.0 8836887999847474.0 8737504443749310.0 8630395701118852.0 8514038122486849.0 8385829647736903.0 8241972503328314.0 8162272422706393.0 8075568145578823.0 7979761608229197.0 7916578288439879.0 7871458595080955.0 7798117834276588.0 7744510167129919.0 7654505610019830.0 7585660610391477.0 7547577509090079.0 7506326546421879.0 7461088011479274.0 7410647708046004.0 7353092517065838.0 7200438357854584.0 7083919340347331.0 6883274961794283.0
56100.00785943719 8864839382199458.0 8772677957915407.0 8673824711842650.0 8567456748853328.0 8451746889615725.0 8324250576732055.0 8181241037832805.0 8101857067868988.0 8015497405084356.0 7920143978383689.0 7857257596427357.0 7812356160471541.0 7739420515630095.0 7686115717702456.0 7596704156391166.0 7528398861282417.0 7490653473622929.0 7449814090966166.0 7405079532489140.0 7355279929841130.0 7298575115585037.0 7148886530215686.0 7035369257187295.0 6840924262996865.0
56300.007887456595 8760020502685351.0 8668863060312712.0 8571073144393370.0 8465878856845305.0 8351484445136074.0 8225808981685707.0 8084805703077583.0 8006583994818384.0 7921530373549371.0 7827682811738250.0 7765788500449171.0 7721594228414152.0 7649804431744462.0 7597349227805985.0 7509334231183235.0 7442062595082959.0 7404868851079982.0 7364608532250976.0 7320482898148483.0 7271332165540206.0 7215311292240945.0 7067154848153455.0 6954548700601568.0 6761278457106789.0
56500.00791547599 8724137599998844.0 8633053804407046.0 8535798661845869.0 8430698707483171.0 8316421226567892.0 8190773985620619.0 8049983067467796.0 7971906871901027.0 7887104048305007.0 7793540130511455.0 7731877299895629.0 7687905046794657.0 7616529843060010.0 7564443544975876.0 7477215585765990.0 7410717048795088.0 7374030872250919.0 7334383613848112.0 7291034678062910.0 7242874484647206.0 7188174826541619.0 7044670538796493.0 6936905627202905.0 6754802153740319.0
56700.007943495395 8640235933669199.0 8550291750657657.0 8453815805623821.0 8349896390193885.0 8237301738087535.0 8113217740647843.0 7974099568386073.0 7897011663084262.0 7813220833332785.0 7720782133893465.0 7659902823473660.0 7616463656803578.0 7545940241427036.0 7494473747992295.0 7408284157027366.0 7342578639264678.0 7306337868677234.0 7267171926778677.0 7224351203819752.0 7176788034929366.0 7122781854317309.0 6981216845652680.0 6875082371070500.0 6696161631512227.0
56900.007971514686 8506322524874826.0 8418420152901439.0 8324467422740312.0 8223426885157726.0 8113639010918222.0 7992800167978441.0 7857359939726915.0 7782255489198022.0 7700575642220276.0 7610443924668414.0 7551005884631989.0 7508575578924775.0 7439675144329456.0 7389336279080944.0 7304897593654215.0 7240411533007812.0 7204785108605536.0 7166242562772144.0 7124033655059050.0 7077065686735348.0 7023614599832011.0 6882814432285776.0 6776522148769648.0 6595753161085803.0
57100.00799953409 8478990291820022.0 8391282537739532.0 8297547471339524.0 8196642584633836.0 8086929231841131.0 7966235762521362.0 7830793111059321.0 7755708060302467.0 7674080137905544.0 7583976120423950.0 7524640290266409.0 7482296815839843.0 7413584238531061.0 7363453034610512.0 7279521386576640.0 7215569795336145.0 7180313354143010.0 7142236678234435.0 7100634018992011.0 7054465843987603.0 7002107259274410.0 6865268880017667.0 6763160469866851.0 6592069776030016.0
57300.00802755349 8392596434457748.0 8305993720873032.0 8213656447170728.0 8114210096164519.0 8006017257594579.0 7886984256120644.0 7753360571758727.0 7679336741469381.0 7598801433552822.0 7509965904845262.0 7451435210482577.0 7409673807180759.0 7341908787517597.0 7292465955365313.0 7209684465700284.0 7146614358789270.0 7111840665452247.0 7074292635045856.0 7033269865554348.0 6987751420805981.0 6936142570091836.0 6801348642829808.0 6700887712163735.0 6532837863455726.0
57500.008055572885 8312633603117219.0 8227564039558519.0 8136321720755165.0 8037937673592768.0 7931062336430220.0 7813498430530216.0 7681562602152627.0 7608375302238368.0 7528845476061308.0 7441014471902205.0 7383147584963014.0 7341839602055206.0 7274809587248248.0 7225895187601745.0 7143992524474028.0 7081591293936471.0 7047193057815837.0 7010043954787120.0 6969461965014712.0 6924434056539171.0 6873388673099326.0 6740102489646821.0 6640793763642332.0 6474667628694682.0
57700.00808359229 8223087892909630.0 8138816789301818.0 8048604090195243.0 7951433558616801.0 7845913249762800.0 7730042922431668.0 7600164940876287.0 7528171704139664.0 7449973001146313.0 7363659422538205.0 7306827429559165.0 7266275129784889.0 7200469250589208.0 7152460367034545.0 7072087488365613.0 7010856787287000.0 6977096634478539.0 6940640980389218.0 6900811161504030.0 6856618856516737.0 6806516534714032.0 6675737791372857.0 6578443347296939.0 6416405239722054.0
57900.008111611685 8172061224586563.0 8088575647008294.0 7999216631984672.0 7902964839146509.0 7798349011518922.0 7683379896030808.0 7554373411490617.0 7482836368316334.0 7405078178711657.0 7319261213750970.0 7262739974641075.0 7222438539853990.0 7157058909437506.0 7109384365440415.0 7029640939920238.0 6968973835269453.0 6935572923964015.0 6899532089392577.0 6860203742497159.0 6816630276271696.0 6767319771213390.0 6639115605845707.0 6544252319769421.0 6387223489985165.0
58100.00813963109 8068432524674575.0 7986079695604405.0 7898153861659214.0 7803562096796905.0 7700771650514185.0 7587828327599568.0 7461222887167788.0 7391047197665552.0 7314851617250581.0 7230734144576848.0 7175332459853263.0 7135809686581619.0 7071678183981168.0 7024895231119635.0 6946581735017470.0 6886957691791484.0 6854093444498644.0 6818614613274507.0 6779870078120413.0 6736904917297732.0 6688229132047881.0 6561419392890278.0 6467391567885330.0 6311590998428117.0
58300.00816765039 8001559722212625.0 7919990266605837.0 7832688331623484.0 7739039938810828.0 7637172447442014.0 7525120272047861.0 7399580815994687.0 7330014965716259.0 7254386809931935.0 7171008385536714.0 7116087700616033.0 7076899081048450.0 7013333777410372.0 6966983618811264.0 6889425596736775.0 6830392703178026.0 6797873564558795.0 6762780370773190.0 6724469835626118.0 6682005783741500.0 6633929267053069.0 6508850271959834.0 6416287534229269.0 6263320941823634.0
58500.00819566979 7939952049573882.0 7859107264823687.0 7772594160569868.0 7679480576950448.0 7578525264396733.0 7467588276005859.0 7343087813478340.0 7274170150054604.0 7199282372178634.0 7116675353796575.0 7062292404931082.0 7023509144410427.0 6960634944041036.0 6914806337653129.0 6838165074894154.0 6779893981721963.0 6747813259142553.0 6713211406633636.0 6675464810622673.0 6633660899696554.0 6586383068425412.0 6463701463714189.0 6373295590454610.0 6224872068188690.0
58700.00822368919 7842651862105688.0 7763205609403006.0 7678045329021717.0 7586604467906539.0 7487261960820024.0 7378256173840065.0 7256088320497026.0 7188435708595238.0 7114924360565022.0 7033758633965895.0 6980344360477340.0 6942253470080838.0 6880440638298337.0 6835372909546279.0 6759954341390960.0 6702548279336219.0 6670919441326603.0 6636782272953545.0 6599511609288649.0 6558196415968153.0 6511412837191852.0 6389677095783802.0 6299622149932344.0 6151119682725272.0
58900.00825170858 7762755778618081.0 7684730960526914.0 7601320584970754.0 7511861688904708.0 7414644531317609.0 7307851274204030.0 7188096682375929.0 7121718109936100.0 7049621944936024.0 6970014193528393.0 6917615859174700.0 6880227003539799.0 6819600787392065.0 6775385364507328.0 6701424132438902.0 6645133305476584.0 6614129485325417.0 6580674475529211.0 6544158334934187.0 6503690763858206.0 6457886874194740.0 6338823116387778.0 6250893360954914.0 6106284629831507.0
59100.00827972799 7708199301599120.0 7631811331386751.0 7549932011064954.0 7461585656057171.0 7365570647374653.0 7259642041341372.0 7140562205311686.0 7074450583638575.0 7002545938430914.0 6923160989941971.0 6870875170003752.0 6833561115763295.0 6773044266366541.0 6728934018656647.0 6655147308689607.0 6599036304712181.0 6568152399615642.0 6534841263367217.0 6498509120629168.0 6458281245993996.0 6412798457751877.0 6294885361525921.0 6208162404671494.0 6066334941590552.0
59300.008307747295 7640961135449021.0 7564166089161606.0 7481965288789514.0 7393652005264743.0 7297661790123532.0 7192279628607842.0 7074096549926980.0 7008571213593102.0 6937387190445137.0 6858860734115638.0 6807150671807310.0 6770282396718886.0 6710469874434713.0 6666866295454554.0 6593955870643793.0 6538513953079379.0 6507995028670483.0 6475083855759452.0 6439185595170427.0 6399440191444252.0 6354510338420031.0 6238071129420424.0 6152479774398067.0 6012577412329202.0
59500.00833576669 7550277258227969.0 7474994190718708.0 7394588875407448.0 7308133863457615.0 7214454716218102.0 7111308968635594.0 6995697039719227.0 6931642789280919.0 6861975324960991.0 6785121847985226.0 6734496189929252.0 6698399031658647.0 6639824584568838.0 6597107109212911.0 6525656858234154.0 6471287651593267.0 6441344757786864.0 6409038454715571.0 6373787467597861.0 6334733065217907.0 6290549846118825.0 6175846025951033.0 6091343103729969.0 5952976736088208.0
59700.00836378609 7510447933832517.0 7435250505443098.0 7354862457855600.0 7268286101075347.0 7174412377311053.0 7071105592033996.0 6955309350841980.0 6891105974877312.0 6821376852091171.0 6744464164242027.0 6693852363099384.0 6657761316643838.0 6599270048230369.0 6556660595606186.0 6485453374120297.0 6431356969820978.0 6401603272226258.0 6369534902028343.0 6334583729384779.0 6295918100402955.0 6252252798661389.0 6139318481798251.0 6056555603103993.0 5921914402068484.0
59900.008391805495 7440023859805580.0 7365610141647892.0 7285851616524174.0 7200287113088625.0 7107390972718642.0 7005227964239183.0 6890790459757094.0 6827422447015634.0 6758521484455225.0 6682555892987045.0 6632576115213819.0 6596941400490199.0 6539187161656146.0 6497105654533646.0 6426808299158545.0 6373403617734386.0 6344034575547559.0 6312376537649241.0 6277875909122648.0 6239712145677296.0 6196614619868347.0 6085178201753865.0 6003561598767762.0 5870954991490523.0
60100.00841982489 7367256887130760.0 7293724651304416.0 7215410732519909.0 7130953028076767.0 7039440350430893.0 6938852441225845.0 6826232307768767.0 6763871458957571.0 6696097726432665.0 6621380493716678.0 6572213120508705.0 6537164409288508.0 6480349562912380.0 6438970042547434.0 6369845057129346.0 6317337610838580.0 6288455918938527.0 6257330438773941.0 6223407458650469.0 6185881108080809.0 6143505447496421.0 6033936186900350.0 5953699056307342.0 5823439386735977.0
60300.008447844295 7302575133874749.0 7229589311898437.0 7151805198205713.0 7068037278089073.0 6977319981014173.0 6877596156321860.0 6765762013474628.0 6703802922649464.0 6636545387597712.0 6562347052328910.0 6513537432705106.0 6478741077798847.0 6422360089696452.0 6381279524816855.0 6312652528590547.0 6260537514547269.0 6231871244967974.0 6200981113301637.0 6167318583433103.0 6130085973042849.0 6088045161329373.0 5979373318577823.0 5899821299866198.0 5770700995968364.0
60500.00847586369 7225564633382640.0 7153472269442746.0 7076530687787919.0 6993953489628808.0 6904250874619755.0 6805694115408842.0 6695394948229768.0 6634290809226939.0 6567933646525840.0 6494758103684705.0 6446603202229398.0 6412264156885848.0 6356626499030633.0 6316081498924490.0 6248316918388629.0 6196824096902888.0 6168489111960212.0 6137940108210571.0 6104629393099922.0 6067761713417197.0 6026100239380493.0 5918231443888321.0 5839098778046202.0 5710388692590417.0
60700.00850388299 7158634156705703.0 7087453491146568.0 7011938239558721.0 6930375802054831.0 6841914844120522.0 6744842944948866.0 6636110823454804.0 6575857031441307.0 6510422815251118.0 6438265515721997.0 6390776126879383.0 6356914351292067.0 6302046763409301.0 6262067210756944.0 6195242361455594.0 6144468215816425.0 6116530118486810.0 6086416587457718.0 6053586067576998.0 6017257978473884.0 5976220368331144.0 5870049488382244.0 5792263077506170.0 5665985697122618.0
60900.00853190239 7085017682820094.0 7015007128778121.0 6940389693099993.0 6860285547881181.0 6773388676658051.0 6677949202845183.0 6571072390429946.0 6511892826853207.0 6447607038567324.0 6376729256685856.0 6330108345190187.0 6296854118265683.0 6242968665527102.0 6203717282721893.0 6138109893742779.0 6088257554969585.0 6060820810899563.0 6031244741999606.0 5998996235615895.0 5963304762358194.0 5922971872350676.0 5818558192887777.0 5742003553640258.0 5617730394982089.0
61100.008559921785 7006819847893419.0 6938140805996944.0 6864944385994758.0 6786497299815109.0 6701218067409693.0 6607588334796172.0 6502691398851206.0 6444624538092457.0 6381484964750019.0 6311874068092922.0 6266054095592147.0 6233396188789302.0 6180409967710247.0 6141797217727129.0 6077230438164764.0 6028131620818940.0 6001101820931423.0 5971948003998017.0 5940148209833837.0 5904933068105188.0 5865116100839282.0 5761912105383878.0 5686139423252875.0 5562997087433758.0
61300.00858794119 6966663496361307.0 6898019011372061.0 6824406852221900.0 6745646483459563.0 6660094434549470.0 6566170357168609.0 6460954067161786.0 6402699814446187.0 6339466756850047.0 6269733844849730.0 6223876587480171.0 6191188686682559.0 6138220661971851.0 6099634485966366.0 6035187322546341.0 5986239576063225.0 5959315710410659.0 5930298922986330.0 5898672615597250.0 5863684784633263.0 5824169628101758.0 5721994526602422.0 5647210295456405.0 5526105149184085.0
61500.008615960585 6909385335542677.0 6841364611082331.0 6768720836847199.0 6690626408509935.0 6605804069977746.0 6512679291894527.0 6408397913123482.0 6350661766399027.0 6287938515733269.0 6218790086257938.0 6173311629776394.0 6140900200178334.0 6088385383572467.0 6050143699322501.0 5986282479231884.0 5937799005204081.0 5911138497255790.0 5882413122611471.0 5851117801967586.0 5816511154267299.0 5777446886968599.0 5676555459797118.0 5602832860074280.0 5483675811257642.0
61700.008643979985 6849815657145212.0 6782750600981111.0 6710857267243136.0 6633507081605919.0 6549919830741176.0 6457966983086406.0 6354967419123606.0 6297912268761552.0 6235966083433563.0 6167660519649810.0 6122741779132219.0 6090737688139961.0 6038870607916957.0 6001105936641015.0 5938046051676097.0 5890191673674569.0 5863884839202313.0 5835548533814646.0 5804686690107350.0 5770571172201254.0 5732084076640151.0 5632810628300306.0 5560405590669946.0 5443653393985805.0
61900.00867199929 6792063777849897.0 6725324963625701.0 6654317323220761.0 6577918168861203.0 6495113033598207.0 6403934320784226.0 6301824039877388.0 6245297144654086.0 6183929745510396.0 6116250317345872.0 6071750767600321.0 6040053269565187.0 5988695772047863.0 5951307760419444.0 5888905752696788.0 5841563984585404.0 5815548677649580.0 5787528880835274.0 5757019950973052.0 5723302873891316.0 5685273264571809.0 5587206484009630.0 5515693934417127.0 5400390808494105.0
62100.00870001868 6731940200331323.0 6666149121158553.0 6595813975195551.0 6520240740818000.0 6438446807739484.0 6348465473456219.0 6247586848799179.0 6191720493808160.0 6131040150561775.0 6064146553640175.0 6020135727917175.0 5988801728796267.0 5938013724659707.0 5901032093779678.0 5839316432855511.0 5792494980224084.0 5766767549905260.0 5739063343058871.0 5708898872358481.0 5675567619860632.0 5637982910124522.0 5541125339873388.0 5470565560473675.0 5356933059152068.0
62300.00872803809 6645453997546140.0 6581264549481458.0 6513154261930411.0 6439972595859925.0 6360479713274232.0 6273120389605464.0 6175217815153193.0 6120955417056024.0 6062032029335309.0 5997020572670777.0 5954235267039674.0 5923753635745103.0 5874340349096687.0 5838349329613085.0 5778223888256244.0 5732563631673578.0 5707453444365990.0 5680395795266933.0 5650911339804878.0 5618301862604924.0 5581488611403333.0 5486401559488847.0 5416933094760557.0 5304796245614955.0
62500.00875605748 6587361393100919.0 6523701457573300.0 6455761699092456.0 6382753842911160.0 6303609890136364.0 6216640995407864.0 6119235688356630.0 6065257165159302.0 6006638863683405.0 5942018748061610.0 5899518409608544.0 5869212034067138.0 5820112512071308.0 5784357301081771.0 5724624876398230.0 5679262947387214.0 5654312123944328.0 5627421669497736.0 5598116786346050.0 5565696220990183.0 5529083071502836.0 5434418952893035.0 5365158960497135.0 5253160611118339.0
62700.00878407689 6532353841977608.0 6469239023548054.0 6402103181365836.0 6329817804908561.0 6251320760664040.0 6165147076033986.0 6068718923650017.0 6015260208137702.0 5957220333273997.0 5893245218299105.0 5851151770544771.0 5821161646356051.0 5772574882217811.0 5737200184666733.0 5678116157226142.0 5633259163385995.0 5608595442163637.0 5582020403705185.0 5553063033834262.0 5521040890311975.0 5484891595382735.0 5391504383579133.0 5323256936107325.0 5213048276857834.0
62900.00881209629 6485432843789763.0 6422509315415273.0 6355626958508501.0 6283643221418949.0 6205753643663296.0 6119926616212089.0 6023632545214449.0 5970344738337169.0 5912450034412303.0 5848633826911745.0 5806652654822044.0 5776734018400514.0 5728272093223715.0 5692993576161908.0 5634105547314521.0 5589417725869638.0 5564856662423560.0 5538398205048931.0 5509580646969908.0 5477723457509804.0 5441778292397912.0 5349005835762978.0 5281282890138829.0 5172045268209985.0
63100.00884011568 6414226963234987.0 6352568686709149.0 6286897522834904.0 6216264320529222.0 6139709027003315.0 6055570227921548.0 5961210692010870.0 5908939251484000.0 5852231394826680.0 5789695300880301.0 5748569774110140.0 5719274674905129.0 5671799781172564.0 5637238543371202.0 5579537587252182.0 5535745151337586.0 5511667623757842.0 5485726632914098.0 5457464051586595.0 5426208360306895.0 5390924546564103.0 5299755187842169.0 5233099607834663.0 5125428078669009.0
63300.00886813499 6379566157157484.0 6318180785628187.0 6252647338886458.0 6181921543763798.0 6105360729210957.0 6021142446378272.0 5926728927551922.0 5874371541047795.0 5817563248938272.0 5754946712140375.0 5713750448644438.0 5684412098038713.0 5636885764543394.0 5602302188552526.0 5544606402756097.0 5500863652330678.0 5476834525262625.0 5450961997537053.0 5422801094846037.0 5391691789256110.0 5356621409080555.0 5266269784034086.0 5200468673866075.0 5094593281629000.0
63500.008896154395 6313121467689995.0 6252568707564418.0 6187728463856290.0 6117964771701755.0 6042363517472430.0 5959297119418978.0 5866250338171306.0 5814654720071045.0 5758657959766131.0 5696921590240260.0 5656319361597904.0 5627391394518471.0 5580534858787573.0 5546432059018713.0 5489500805584222.0 5446305840529783.0 5422562167756228.0 5396992339742639.0 5369138892221261.0 5338347547874627.0 5303603112942923.0 5213919011265037.0 5148438518362970.0 5042812741564745.0
63700.00892417379 6262736238202927.0 6203122254731059.0 6139359633351168.0 6070816992622454.0 5996418162816421.0 5914628286061405.0 5822975732149003.0 5772132446898455.0 5716897595293378.0 5656000687506148.0 5615951673110166.0 5587410740407441.0 5541186081212827.0 5507546901062604.0 5451423090493427.0 5408863989165246.0 5385488555000584.0 5360321524797635.0 5332931620745030.0 5302678421773324.0 5268581053455556.0 5180796131683097.0 5116934968742691.0 5014337849376776.0
63900.00895219319 6198508281735351.0 6139130728345975.0 6075947315050829.0 6008034015927953.0 5934377347991210.0 5853426861483537.0 5762681727788625.0 5712406901345201.0 5657778482285186.0 5597600395511765.0 5558014762442097.0 5529788629174420.0 5484081898452630.0 5450806727412161.0 5395261373069211.0 5353109036704773.0 5329937996893069.0 5304979258780006.0 5277793963760524.0 5247739514055020.0 5213824399284449.0 5126284303730906.0 5062377999008544.0 4959336123850538.0
64200.008994222284 6124460006517295.0 6066155198941521.0 6003851686323807.0 5937010182167149.0 5864315554502010.0 5784497410398078.0 5694980391954460.0 5645376071518887.0 5591492987086173.0 5532085468388219.0 5493011676004079.0 5465176569194993.0 5420094148087473.0 5387286779517570.0 5332553576892097.0 5291043546173494.0 5268241720075249.0 5243692080190632.0 5216966723845493.0 5187437774031302.0 5154143610700905.0 5068337856181500.0 5005817390269818.0 4905201110414157.0
64600.00905026098 6008882860254251.0 5952227160871228.0 5891716228611677.0 5826543884997242.0 5755969819206425.0 5678309601713805.0 5591224270057792.0 5543004716157280.0 5490590936826822.0 5432802156925894.0 5394796774532124.0 5367709977166517.0 5323841721123392.0 5291903432389817.0 5238614176228259.0 5198186519767975.0 5175972034179390.0 5152047916724341.0 5125995923651463.0 5097202865580744.0 5064723079201844.0 4980928271011450.0 4919789731266596.0 4821266621776186.0
65000.00910629979 5901028869271359.0 5845828924970336.0 5787047668957345.0 5723673001698439.0 5654990361900389.0 5579554430079977.0 5494802780478358.0 5447832576340126.0 5396774354198961.0 5340470908928100.0 5303416505616795.0 5277016515760530.0 5234229754377336.0 5203089861696662.0 5151114881486386.0 5111681128823883.0 5090011306100221.0 5066673375516432.0 5041262139069664.0 5013175072895509.0 4981495707281826.0 4899788454824369.0 4840197575084942.0 4744222856701787.0
65400.00916233859 5806963127474904.0 5752600556478127.0 5694408613072217.0 5631953382564428.0 5564229029335811.0 5489670463379544.0 5406064990505753.0 5359718742640977.0 5309334493668254.0 5253815209140878.0 5217280955826767.0 5191247599468278.0 5149092299352456.0 5118410393502263.0 5067212921614152.0 5028382928509572.0 5007050923977793.0 4984082792600839.0 4959077092774266.0 4931446416549647.0 4900287728165229.0 4819947118356391.0 4761363054166003.0 4667003376175897.0
65800.0092183773 5708796499373870.0 5655517919006278.0 5598892259123862.0 5537841237951196.0 5471529347395607.0 5398645417205192.0 5316877975880710.0 5271545022204054.0 5222297722232803.0 5167941537588302.0 5132195825647324.0 5106729097333071.0 5065475036229880.0 5035453702449337.0 4985365383277228.0 4947385035743536.0 4926522485564134.0 4904062564716090.0 4879617299954594.0 4852614654790249.0 4822172786400276.0 4743747652022171.0 4686628000691712.0 4594750398654936.0
66200.00927441608 5605700583997572.0 5553675272980751.0 5498384542835072.0 5438788994633419.0 5374202491363446.0 5303050061259082.0 5223265259530024.0 5179001276533317.0 5130923485818682.0 5077875212815621.0 5042992581525108.0 5018125485950014.0 4977839732187032.0 4948515254834358.0 4899586611532290.0 4862469807959812.0 4842077229683254.0 4820116177266576.0 4796206081572654.0 4769783934657037.0 4739982920669295.0 4663120327950464.0 4607050326889989.0 4516711417275151.0
66600.00933045488 5511893932634236.0 5460975543847306.0 5406905029982743.0 5348716216653046.0 5285339954963312.0 5215780664493835.0 5137671619120305.0 5094332677861192.0 5047255120677857.0 4995307774703405.0 4961132331699130.0 4936776900543805.0 4897324783349439.0 4868607392241458.0 4820688599333265.0 4784342726337158.0 4764374459116545.0 4742876467939872.0 4719473527526150.0 4693614653241250.0 4664457762208413.0 4589301015579552.0 4534524916785267.0 4446363651894074.0
67000.00938649359 5414401962005821.0 5364854788045144.0 5312001949634046.0 5255237798806027.0 5193501489142396.0 5125734013619266.0 5049619307059915.0 5007364016705605.0 4961465938551604.0 4910811769590631.0 4877490606272485.0 4853736715137854.0 4815266973365029.0 4787259728830152.0 4740514280539580.0 4705054663776890.0 4685572677895353.0 4664593574816516.0 4641753034441651.0 4616515157557370.0 4588053589564431.0 4514672713831332.0 4461173810306323.5 4375049362477670.0
67400.00944253239 5317195709805669.0 5268829329956029.0 5217519740572912.0 5161951860229720.0 5101845326602320.0 5035703606514017.0 4961477318426822.0 4920310779541781.0 4875556144424625.0 4826159793265898.0 4793651772904036.0 4770482801966792.0 4732942393068976.0 4705607529441548.0 4659970193830750.0 4625339797253474.0 4606306424529752.0 4585806105728572.0 4563478724052841.0 4538798099462092.0 4510950224814893.0 4439072471763475.5 4386592558107699.5 4301983722025886.0
67800.00949857119 5230963649352567.0 5183732203183522.0 5133164353472268.0 5078962577700787.0 5020020276512253.0 4955132446175967.0 4882295954605396.0 4841870783042530.0 4797927693059827.0 4749418839249375.0 4717501255129877.0 4694739882750590.0 4657867887022531.0 4631019975508310.0 4586215673713734.0 4552214694924015.0 4533530737090531.0 4513407872543238.0 4491494864653738.5 4467276867074146.0 4439956589229250.5 4369472073457801.5 4318040609514331.5 4235173025488439.0
68200.00955460989 5141945245040202.0 5095594757837199.0 5046165613016597.0 4993014494763474.0 4935259639664878.0 4871813203804297.0 4800535312679303.0 4761017707991130.0 4718009705102658.0 4670571438826967.0 4639354675212565.0 4617095799033468.0 4581031730802888.0 4554779475743207.0 4510948581829775.0 4477686176301041.5 4459406440304633.5 4439716270860162.5 4418272112053772.5 4394568311235382.5 4367823867115052.5 4298795925083696.0 4248400123561425.0 4167161643319496.5
68600.00961064869 5056059098454349.0 5010662409586134.0 4962266320406592.0 4910281273583859.0 4853855028524037.0 4791782604096474.0 4722074005354761.0 4683405481605856.0 4641330909774529.0 4594908292742310.0 4564354978927808.0 4542576564133980.0 4507282350821406.0 4481589962535560.0 4438688393216887.0 4406128893190490.5 4388235030962614.0 4368961163944468.0 4347968752446995.0 4324764291543513.0 4298583113279170.5 4231012599219101.5 4181688673340199.5 4102203461177706.0
69000.00966668749 4969560063166378.0 4925229127432728.0 4877995756956709.0 4827201705207617.0 4772028938961355.0 4711293247428896.0 4643156710267666.0 4605312904567704.0 4564170636084034.0 4518776390088742.0 4488891548699635.0 4467586027714854.0 4433061413971506.5 4407926162565893.0 4365940715231475.5 4334073587535042.5 4316553132070009.0 4297679912708632.0 4277118490682635.5 4254384413281702.5 4228724049693067.5 4162448417956377.0 4114018847150879.5 4035893996527236.5
69400.00972272619 4884264554037426.0 4840862476972637.0 4794833303519963.0 4745176973127051.0 4691326039432565.0 4632101752410578.0 4565566863660659.0 4528649510129253.0 4488487593192413.5 4444153509211291.0 4414969861496033.5 4394165359347332.5 4360443991045752.0 4335885244050249.0 4294857500211337.5 4263705565623314.0 4246575893008477.0 4228118753766845.5 4208007374985103.0 4185764515249988.5 4160651880096650.5 4095748458114989.0 4048285462757110.0 3971670466285750.0
69800.00977876499 4806579970364455.0 4764111905383178.0 4718862461993410.0 4670110740271171.0 4617261228779228.0 4559079390554919.0 4493754457833180.0 4457507679429944.5 4418079758619151.0 4374559898333493.0 4345910795539347.5 4325480019374274.5 4292371958126339.5 4268264099885233.5 4227988981648177.0 4197409774653248.5 4180596530685415.0 4162482323222753.5 4142746251018132.5 4120920402720773.5 4096280909667572.5 4032616330565249.0 3986075239997720.0 3910974481900458.0
70200.00983480379 4718455715383390.0 4677238118881993.0 4633346019817470.0 4586145051310911.0 4534916217101332.0 4478493368421126.0 4415176110095177.5 4380033737253614.0 4341764187087078.0 4299548083112305.0 4271740053073111.0 4251913942881812.5 4219772386097082.5 4196352876349607.0 4157216780728302.5 4127485117234915.0 4111127941201775.0 4093495782506514.5 4074275165927106.0 4053007307837489.5 4028979391754511.5 3966801305775736.0 3921262923617288.5 3847662304086653.0
70600.00989084248 4647594328319119.0 4606962456067962.0 4563630977336044.0 4517059130642626.0 4466497030791178.0 4410882946936219.5 4348398276911644.5 4313706553345306.0 4275974142867669.5 4234323036864012.5 4206903637483550.0 4187354439587265.5 4155659426589341.5 4132574283833523.0 4094003054681022.0 4064706916454797.5 4048594385265051.0 4031230425068199.5 4012304981587184.0 3991368088430628.0 3967721803081666.0 3906564585924860.5 3861802294868266.5 3789495856155919.5
71000.00994688128 4571650394963942.0 4531898067539739.0 4489452072235034.0 4443873478920367.5 4394342228872870.5 4339865375302996.5 4278643802113809.0 4244677528139672.0 4207726653902304.0 4166930740641148.0 4140068288801941.5 4120914305257955.5 4089859046813855.5 4067240238620749.0 4029440261105858.5 4000726097060997.0 3984930070478545.5 3967907014244604.5 3949349611089729.5 3928816975686678.5 3905622781069151.5 3845605857397417.0 3801651250513738.5 3730607488592511.0
71400.01000292008 4496540272297613.5 4457568842590232.5 4416089966748545.5 4371515465378762.0 4323048064805738.0 4269743220323165.0 4209922366428634.5 4176682073756188.0 4140536719132436.0 4100628078562757.0 4074350210617740.5 4055608201891546.5 4025226924682681.0 4003094446200639.5 3966101932899873.5 3937997916767986.0 3922534606415598.5 3905867039799082.5 3887695615069278.0 3867586700123580.5 3844865164611701.0 3786050387242723.5 3742956348898973.0 3673281725464280.5
71800.01005895888 4423067681993235.5 4384976112596376.0 4344377743022227.5 4300625478412458.5 4253228893058898.0 4201050265682190.0 4142460809241010.0 4109922903644340.0 4074518132524745.5 4035436642790676.5 4009694961894455.0 3991341263589957.0 3961586513732329.5 3939898444119224.5 3903653535013096.0 3876108360944800.0 3860952291283317.5 3844611813580767.0 3826792745728454.0 3807069295357465.0 3784777613232130.0 3727035877706546.0 3684690838757877.0 3616167900540140.0
72200.0101149976 4351554419893704.0 4314239611291859.0 4274546756555043.0 4231827234059412.0 4185496027306699.0 4134447042027670.0 4077066151504786.5 4045213567509647.0 4010571626603767.5 3972303567179489.5 3947106156331299.0 3929132955301346.0 3899987015425645.5 3878747549346588.0 3843237824409595.0 3816247373336640.5 3801393820616039.5 3785378856880555.5 3767912745972150.0 3748577142590029.5 3726719724367444.5 3670085870266917.0 3628538979189575.0 3561292389100038.0
72600.01017103638 4280410863444488.0 4244023920296881.0 4205127386157141.5 4163302485431993.5 4118006610366613.0 4068055841685153.5 4011907399313292.5 3980764643556471.0 3946858571356114.5 3909417555860848.0 3884754437306189.0 3867168163673989.0 3838650423082168.5 3817862077066759.0 3783105261155086.0 3756679341331360.0 3742135259113705.5 3726450684274733.0 3709340706701710.5 3690393324465281.0 3668968424287699.0 3613415615480792.0 3572623982428575.5 3506542936700411.0
73000.01022707518 4213856619788893.0 4178063490169500.5 4139825838259829.0 4098829739337972.5 4054269442000489.5 4005266502397030.5 3950156290606130.0 3919578618237969.5 3886292580907524.5 3849533661650315.0 3825327466444921.5 3808061229741492.5 3780060761418980.5 3759649288160350.0 3725524920242761.5 3699579545921896.5 3685297123714035.0 3669894948232214.0 3653091737718250.0 3634484209307039.5 3613440949361775.0 3558867145327854.5 3518784381939202.5 3453836536827368.0
73400.01028311388 4143367558062188.5 4108506016908631.0 4071327708251721.0 4031293365907236.5 3987853657451492.5 3940071042718356.5 3886333700603363.0 3856486866037690.5 3824019801389462.0 3788145818632309.0 3764522367303945.5 3747662756146210.5 3720329059011609.5 3700396628317110.5 3667059292981409.0 3641702451964154.5 3627738561359396.0 3612675249080172.0 3596237735708148.5 3578027256252279.5 3557422790527936.0 3503934210192864.0 3464599220297272.5 3400792282768685.0
73800.0103391527 4080553771019633.0 4046259574811726.0 4009595332314026.5 3970274991234365.5 3927565528980028.0 3880538594748536.0 3827720110616909.5 3798377925100007.5 3766445796810780.0 3731190165306616.0 3707962699943615.0 3691395743991158.5 3664521956996889.0 3644931891373193.0 3612165808429071.5 3587242951553513.0 3573520143419067.5 3558715953663619.0 3542560491390970.5 3524662683329639.0 3504411962089061.0 3451840123282394.0 3413176904570087.5 3350456236715210.0
74200.0103951915 4013353312518201.0 3979775904132415.5 3944005728959942.5 3905600475079811.5 3863870234049216.5 3817932190935301.5 3766333619005601.0 3737669520453135.0 3706479710894200.5 3672028403500752.5 3649331366053526.0 3633142714401846.5 3606879400607680.0 3587727244347900.5 3555689302972806.5 3531312010837841.5 3517884367343615.5 3503395651605938.5 3487579156946638.5 3470049070002174.5 3450205315003403.0 3398632968848357.0 3360650161198157.5 3298949153734223.0
74600.01045123019 3943325926031365.5 3911299439211570.0 3877206870589863.5 3840387341190869.5 3800236503017003.5 3755929463447548.5 3705976893326641.0 3678185844899844.0 3647895631461610.0 3614394491906881.5 3592303826646740.0 3576538642405621.0 3550944609562812.5 3532264735507396.0 3501000266820149.5 3477187885161203.5 3464063846407965.0 3449897056240254.0 3434424831412127.0 3417268523800894.0 3397836180790226.5 3347277775871704.0 3309995442807578.0 3249368096928735.5
75000.01050726899 3887880423906413.5 3856142661657454.5 3822173797017480.0 3785606484471530.5 3745844814075986.5 3701974817508587.5 3652558853991985.0 3625082874030642.0 3595155767588915.0 3562073081576025.0 3540269809074167.5 3524701530561845.0 3499447502363562.0 3481025020143805.5 3450192750462512.0 3426719812768226.0 3413786873724389.5 3399828151697693.0 3384585126851609.5 3367686570509265.5 3348549115327779.0 3298777877023250.5 3262090992818027.0 3202453639000066.5
75400.01056330778 3829044469900832.0 3797546952237162.0 3763855296577241.5 3727773206978980.5 3688469175962756.5 3645241332406911.0 3596635267568676.0 3569629976714771.0 3540257537254515.5 3507788885876149.0 3486396110763530.5 3471129330533413.0 3446361704753171.5 3428292988364193.0 3398053904092340.0 3375029151662409.5 3362340611319511.5 3348643606771808.0 3333684022830168.5 3317094972497390.5 3298302588714126.5 3249390139518800.5 3213297913770922.0 3154559789493126.0
75800.01061934649 3771253485342440.0 3740268759627284.5 3707195770337116.0 3671639697209747.0 3633124475775583.5 3590638918622969.0 3542915490726280.0 3516386481162685.5 3487530404948369.0 3455639958382645.5 3434618561105455.0 3419623896139956.0 3395289102956577.0 3377535594489154.5 3347818533972836.5 3325185442608806.5 3312711141786843.5 3299242251262945.0 3284530568697329.5 3268210928925701.0 3249719135022576.5 3201553619510028.0 3165971932156415.5 3107968053024592.0
76200.01067538529 3712938766768540.5 3682565888162199.0 3650152483958074.0 3615353028222101.5 3577591182627530.0 3535957690958700.0 3489190882509521.5 3463195307284109.5 3434899973760319.0 3403629500545857.0 3383022282838044.0 3368313163790054.5 3344443146584284.5 3327028154936655.0 3297871306321692.5 3275657586260947.5 3263411496880222.0 3250185972249492.0 3235735634793009.5 3219700943706108.0 3201523527103888.0 3154132816166812.0 3119075106392690.5 3061826294225239.0
76600.01073142409 3656262621925193.0 3626438533973322.0 3594662336421505.0 3560509403550099.5 3523449073172254.0 3482636119270445.0 3436735075546329.5 3411229353476615.0 3383471303622267.5 3352793804044331.0 3332572808809412.0 3318137683529850.5 3294716252100692.5 3277623884027985.5 3248997611021510.5 3227183627521358.0 3215153448037412.0 3202160387004259.0 3187958867701241.5 3172195365726055.5 3154317150272961.5 3107658212832186.5 3073086756093916.0 3016508640493745.0
77000.01078746279 3597933223356268.5 3568797740286315.5 3537773476764606.5 3504391448323148.5 3468195549797665.5 3428293990487138.0 3383434625556549.5 3358510354733705.5 3331370968309700.5 3301382641798470.0 3281610500986327.0 3267498519339882.0 3244587810406090.0 3227866872739933.0 3199856715183620.0 3178500089964540.5 3166718036568864.0 3153987115238669.0 3140067441184750.0 3124608391828304.5 3107063810769539.5 3061208239907607.0 3027162622121896.0 2971312546928823.0
77400.01084350159 3545705790647774.0 3517094849853912.5 3486505739069955.5 3453667628294678.0 3418032253301571.5 3378801629290359.0 3334668627885472.0 3310138754284617.5 3283432995162340.0 3253912426534865.5 3234449231940730.0 3220554692518345.0 3197999892776074.5 3181533826673205.0 3153946794990740.0 3132909193379554.0 3121300991068130.0 3108755870931475.0 3095037344276681.0 3079798216109102.5 3062498523211287.5 3017252018320331.5 2983619233117680.0 2928341136586226.0
77800.01089954039 3492342926586412.0 3464259667620068.0 3434291066316141.0 3402074094988082.0 3367128762899685.0 3328625319054841.5 3285327058790491.5 3261258675154763.5 3235053032040452.0 3206082799860142.0 3186983209037879.5 3173345190221864.0 3151203495360881.0 3135036770558986.5 3107946670884993.5 3087280008881667.5 3075873537594870.0 3063544286485318.5 3050058052304578.5 3035071658312870.0 3018051643745131.5 2973493669524425.5 2940325098121456.5 2885707754941665.5
78200.01095557908 3439807060701959.0 3412257883896067.0 3382848152314446.5 3351301024537453.0 3317017537668445.0 3279254792709113.5 3236781686551511.5 3213170822797737.0 3187471571796286.5 3159054938333908.0 3140314281481045.5 3126933276657732.0 3105207312187798.5 3089340401538848.0 3062747976179243.0 3042456144085224.5 3031254297617627.0 3019143240116377.5 3005892266224517.5 2991163362362601.5 2974429752826527.0 2930585653925649.0 2897912122489139.0 2844039899577099.5
78600.01101161788 3388459174232906.5 3361412431384978.5 3332610091942372.5 3301639938343538.5 3268011210866814.5 3230953918801859.0 3189283222491635.0 3166110155086209.0 3140885913540576.0 3112996178098759.5 3094602027445763.5 3081467504436563.0 3060136140494199.5 3044556592844413.5 3018436704784257.5 2998499137659113.0 2987489477945806.0 2975583455707938.0 2962553368586714.0 2948064858681232.0 2931596895248804.0 2888404926784425.5 2856168318130981.5 2802910225133838.0
79000.01106765668 3337954560318051.0 3311440967553634.0 3283165966386497.5 3252813664844966.5 3219846091996267.0 3183506273372741.0 3142641505722119.0 3119919012952298.0 3095180947006169.5 3067823359757324.0 3049782446610495.0 3036898099639254.0 3015971344573398.5 3000685497856279.5 2975053960772507.5 2955485333688194.0 2944677506257533.5 2932987971584528.0 2920192868847120.5 2905962362835338.5 2889783915862435.5 2847331374518970.0 2815630091902441.0 2763240363369386.5
79400.0111236954 3288340721269680.5 3262324783794758.5 3234623695028503.5 3204855990733755.0 3172499208866726.5 3136871733095538.0 3096794816579438.5 3074507529354269.5 3050239841266123.5 3023400901579918.5 3005695146802272.0 2993049974239498.5 2972512861431121.5 2957510281795126.5 2932345538379561.0 2913126360843306.0 2902509078781200.5 2891023369979970.5 2878447844429380.5 2864457380120458.0 2848545439546278.5 2806755007491285.0 2775508777824469.5 2723788756274557.0
79800.01117973418 3240172693930835.5 3214700031647438.0 3187517852417943.0 3158307476577746.5 3126564129605254.0 3091606282946820.0 3052272649412517.5 3030402055964313.5 3006584264212656.0 2980243837858229.0 2962868045745676.0 2950456827074584.0 2930295671263740.0 2915564733194607.5 2890856002257432.0 2871981947257691.0 2861553566839166.5 2850271237683562.0 2837916912980467.0 2824170867328064.5 2808534033517470.5 2767454133565313.5 2736730334824481.0 2685873043242080.5
80200.01123577298 3191021919994770.0 3166038196256410.0 3139434038165913.5 3110840368953471.5 3079772068419620.5 3045539796012162.5 3007037380233580.5 2985627849893711.0 2962312790528586.0 2936524683892679.5 2919511475017507.0 2907360144769128.0 2887616880496926.5 2873190479997353.0 2848985779906888.0 2830491265756924.5 2820269779895044.5 2809208315493736.5 2797092788179800.0 2783607738957244.5 2768261887890465.5 2727913095045896.0 2697707763448879.5 2647678291130151.0
80600.01129181168 3143698426952989.0 3119253324899859.5 3093176921268025.0 3065166159279095.0 3034753448633788.5 3001240055075782.0 2963512426170323.5 2942545310024119.5 2919706746575086.0 2894440389267948.5 2877770464473302.5 2865860723769411.0 2846512267005428.5 2832369687358668.0 2808636561946581.0 2790497270431017.0 2780469316381866.0 2769615842042967.0 2757725261352388.5 2744487763344121.0 2729419271598921.0 2689781833715105.5 2660096942638425.0 2610929622864494.5
81000.0113478505 3100392908869770.0 3076309531166128.5 3050636130278709.0 3023050708002581.0 2993078570815752.5 2960059095834091.5 2922910980561340.0 2902255035810580.5 2879753187772552.0 2854866790829404.0 2838446658737471.5 2826717772729255.0 2807659919572208.0 2793732840688035.5 2770360723902081.0 2752498559396999.0 2742625601924829.0 2731939796099727.0 2720234394733462.5 2707204024236869.0 2692373450946891.5 2653372826014309.0 2624177424147822.0 2575850270586289.5
81400.0114038893 3052305881856652.5 3028809101869739.5 3003789182113508.5 2976881574465705.0 2947658385111795.0 2915459914811141.0 2879222824513707.5 2859070105037279.5 2837115553824573.0 2812832863441159.5 2796807749514094.0 2785357232496324.0 2766749340021290.0 2753146859375288.5 2730311725678180.5 2712851865245961.0 2703197076797115.0 2692745021875471.0 2681291135125367.0 2668535757766320.0 2654011252433787.0 2615783787048706.0 2587145984691796.0 2539744814687505.0
81800.0114599281 3010911458350485.0 2987819463412673.0 2963155553804857.5 2936683343982602.5 2907902346176386.5 2876177432175226.0 2840476469773684.0 2820616308245829.0 2798985348469114.0 2775049652918116.5 2759252539372300.5 2747967786123376.0 2729624832955878.5 2716216665456402.5 2693707995824954.0 2676498224067401.5 2666981960752110.5 2656680003602738.5 2645391611711610.0 2632821418381734.5 2618509716054044.0 2580851006476472.0 2552649050375602.5 2505987561197925.0
82200.01151596678 2968976627174129.5 2946202663588596.5 2921941942581664.5 2895862225989136.0 2867543295849210.0 2836323690152195.0 2801195893756322.0 2781658347748896.5 2760378243608799.0 2736835318413250.0 2721301392426745.0 2710203605838177.0 2692165420993741.0 2678979765627952.0 2656846637782707.5 2639923914205969.5 2630566905706203.0 2620437042660320.0 2609337324392458.5 2596977258765706.0 2582904806818058.5 2545878121548870.5 2518155380523896.5 2472314724470043.0
82600.01157200559 2926252396626115.0 2903926641734064.0 2880128336291772.5 2854538689967161.5 2826763761023314.0 2796139861599202.0 2761676544732231.0 2742511840887511.5 2721637033137976.5 2698540407829582.5 2683298536139459.5 2672409270301183.5 2654707406463698.5 2641766828629619.0 2620039972720633.0 2603423770703492.5 2594234345302812.5 2584284603428240.0 2573379973673709.0 2561234445777442.0 2547402459359674.5 2510989830389611.5 2483710973046455.5 2438588374349024.0
83000.01162804438 2885050949580380.0 2863125957953406.5 2839742801216150.0 2814627993962087.0 2787336242094228.5 2757256653852526.5 2723410190668051.5 2704585943237122.0 2684077501336660.0 2661384920919683.5 2646410175443945.5 2635708827101504.5 2618314394085855.5 2605596450250296.0 2584240192893964.5 2567904302920085.0 2558868078904667.0 2549083241277845.0 2538357291608209.0 2526408796548143.5 2512797704281810.0 2476949567727778.0 2450077616703717.0 2405602913728553.0
83400.01168408307 2842409693278474.0 2820958762862593.0 2798114973395452.5 2773522115995109.0 2746835497333181.0 2717415219417458.0 2684300709698191.5 2665884792530456.5 2645817669304007.0 2623612191256794.0 2608950689517104.0 2598474716852913.0 2581441156842744.5 2568985741083176.5 2548062648263824.0 2532051063871546.5 2523191366550120.5 2513594886315943.5 2503072076345344.5 2491345177769596.5 2477980720748586.5 2442750827128355.0 2416316802042191.5 2372541039782299.5
83800.01174012189 2803072238376331.0 2781978548620696.5 2759493734552656.0 2735326961325954.0 2709091734231444.0 2680164309282459.0 2647606536299752.0 2629499618853474.5 2609771508256037.5 2587939572497074.0 2573528423401691.0 2563228824853614.0 2546483898750601.0 2534236423097525.0 2513662867839066.5 2497916195720412.0 2489202251344367.0 2479762558063013.5 2469410228337728.0 2457871498095706.5 2444719221076852.0 2410036542089578.0 2384002582087684.5 2340876538252822.5
84200.01179616069 2765202006031587.5 2744438427086055.5 2722314686574144.5 2698533819483705.0 2672713014475932.0 2644235174240192.0 2612187006329204.0 2594361775452133.5 2574935489161331.5 2553441260409420.5 2539249051114097.0 2529106641721494.5 2512616039160386.0 2500553892724967.5 2480287713090585.5 2464774729206535.0 2456188999666551.0 2446887065731869.0 2436685298235970.5 2425312917054633.5 2412348068126176.5 2378145994954685.5 2352456083518252.0 2309856532087142.0
84600.01185219939 2726716575441839.0 2706319267496189.0 2684592467353908.5 2661238650206551.5 2635877023249443.0 2607918381700342.0 2576438048017239.0 2558926761568860.5 2539845387232846.0 2518729873779843.0 2504788644853346.0 2494824396323872.0 2478621570531810.0 2466768148831282.0 2446849763044790.5 2431600075269367.5 2423158347580439.0 2414011610367021.0 2403978160795848.0 2392791602909251.5 2380035950969061.5 2346372905430929.5 2321078694970779.5 2279133302061133.0
85000.01190823817 2689053803273892.5 2669018400658440.0 2647663164182538.5 2624736794683887.0 2599814966176926.0 2572344168816391.5 2541412391148784.0 2524205382867921.5 2505453270929567.5 2484700146518688.5 2470999025194784.5 2461204131977643.0 2445274820751654.0 2433620764422879.5 2414033601925401.5 2399033356948394.0 2390727922184561.5 2381727388448275.0 2371852160025591.5 2360839276033515.5 2348277560444054.5 2315104581120441.5 2290156227639092.5 2248741719824339.0
85400.01196427699 2651914782510218.0 2632238035741856.0 2611282960308418.0 2588764774833894.0 2564296152853225.5 2537315274838375.0 2506939596522594.0 2490044205665707.5 2471630618904364.5 2451246946945838.5 2437787984478611.0 2428166714737791.5 2412516139714712.5 2401065275634610.0 2381815915669367.0 2367071342625338.5 2358906257067727.0 2350056632375034.0 2340345391573400.0 2329513316232414.0 2317155441249062.5 2284507615599708.0 2259943961511440.0 2219158926434264.0
85800.01202031568 2615735930046891.0 2596422864053715.5 2575806413388847.5 2553677135982184.0 2529649954652039.5 2503120983220755.5 2473271587022832.0 2456659415098964.5 2438556381512053.0 2418516437095467.0 2405281522918126.5 2395820079789268.0 2380428890929089.5 2369165034886233.0 2350226887532524.5 2335716253239961.0 2327679409592896.5 2318967009976451.0 2309404677521513.5 2298736148847628.0 2286561437917647.5 2254378759015081.5 2230146933842732.8 2189881625349491.5
86200.01207635448 2579665300066138.0 2560706081667829.5 2540501718447561.0 2518769999473612.5 2495170687328424.0 2469138962700760.0 2439829945464348.5 2423523915734338.5 2405750362008803.5 2386073550922843.0 2373077861848862.5 2363785878628318.5 2348668990756771.5 2337605524490225.0 2318999659078996.5 2304740302781738.5 2296841200462140.0 2288276664368324.0 2278874957725816.0 2268383609742950.0 2256407953792202.0 2224736338014498.8 2200876357845431.5 2161213470591133.5
86600.01213239328 2545101621452889.5 2526460215602156.5 2506571641018911.5 2485209766675611.0 2461982288948289.0 2436380478144289.0 2407549467562925.5 2391509869602186.5 2374024403754447.0 2354663653863632.0 2341875317511830.5 2332732285833146.0 2317854346498420.5 2306964488910145.5 2288648033681061.5 2274607657197093.5 2266827924582050.5 2258391884892777.5 2249129513036766.5 2238790943867938.0 2226986651000715.2 2195748585917657.8 2172194179615683.0 2132993377262540.2
87000.01218843198 2510673609463844.0 2492351675774547.5 2472810386414565.5 2451816949626649.0 2428996073955201.5 2403833405503212.0 2375506919152962.0 2359739179354897.5 2342554604759796.0 2323526896007710.5 2310957252566293.5 2301969496875200.0 2287343357126597.5 2276636456103349.0 2258624988520245.5 2244815610215705.0 2237162848904205.8 2228863221498933.0 2219749085676714.5 2209574277516991.5 2197954558640371.8 2167192202403543.0 2143986497259969.2 2105356824130936.5
87400.01224447078 2476630213869078.0 2458677165812336.5 2439499808361338.0 2418916562720679.5 2396523252236989.5 2371829166942508.5 2344013718435385.5 2328532736877726.0 2311652730890295.0 2292959636933465.5 2280610660937775.0 2271779862154127.0 2257408215869413.0 2246886238672654.8 2229182810783718.2 2215606924145283.2 2208082586160834.8 2199921560348558.8 2190958755434286.2 2180951788397785.2 2169522292472280.8 2139259631584632.5 2116431500342715.0 2078449933081250.8
87800.0123005096 2443336000898667.5 2425699970110878.5 2406864598060981.5 2386621215315060.5 2364607310087512.5 2340326834332042.5 2312980232315046.0 2297757938164716.5 2281162005911326.5 2262782066730597.0 2250637919629941.5 2241952060481985.8 2227814847998930.5 2217462760868738.8 2200039875438010.8 2186674749438316.8 2179264894470584.8 2171226371162296.5 2162395540286234.5 2152532448825804.0 2141262482150278.2 2111393750630560.0 2088832336700441.8 2051229843519806.5
88200.0123565483 2409454149631269.5 2392115402713991.0 2373636830706542.5 2353786640795141.0 2332203397621188.5 2308398167104445.0 2281592350383284.5 2266668533694517.5 2250404747580741.0 2232386622891771.0 2220480129219893.5 2211963535439243.0 2198100278913554.5 2187945714597467.0 2170851486923078.5 2157732370000004.8 2150456927842983.8 2142561818623945.5 2133885408656635.0 2124191308900075.8 2113109354701584.2 2083712413984531.0 2061484985017755.8 2024411697237840.5
88600.01241258708 2376838466005556.0 2359859214542805.5 2341757050429381.5 2322285955274718.5 2301128881915955.5 2277796618322122.5 2251505890772154.5 2236871447343002.2 2220912055146765.5 2203230711207519.0 2191544275449029.0 2183183666943430.2 2169569949535055.0 2159595821729942.5 2142798864313945.8 2129903162678900.0 2122748752500375.0 2114983257005068.2 2106447402162251.0 2096907260124702.0 2085997712454617.5 2057042453348822.2 2035138088583656.2 1998601734347502.8
89000.01246862588 2345341291552423.0 2328641400200125.5 2310826291689941.0 2291689738295138.5 2270887900740650.0 2247936434235200.8 2222089420422554.5 2207698120144407.2 2192009338252386.5 2174625404877174.8 2163134047997090.0 2154913039614618.0 2141525913212082.2 2131717969953489.5 2115198689578680.5 2102513618561190.8 2095475596642976.5 2087835286449289.8 2079436194140224.5 2070047618745779.8 2059309733447927.5 2030802171021800.0 2009231295469495.2 1973249580789342.5
89400.0125246647 2315986682304398.0 2299499351024342.0 2281920780401335.5 2263029891532821.5 2242497224671681.5 2219842319728870.0 2194322371649080.2 2180117745684170.0 2164627332290277.8 2147464210119032.5 2136118900548935.5 2128002163899013.0 2114786303041104.0 2105103531996752.8 2088795453967850.0 2076272779844504.2 2069325040961575.5 2061782850278910.0 2053491515484702.5 2044223338061120.5 2033622795940581.2 2005475204693615.0 1984169203162114.2 1948606181113543.0
89800.01258070339 2284037283585189.5 2267893193468472.5 2250692401769393.8 2232189002277853.8 2212079866300155.0 2189896676235813.8 2164905189321412.2 2150986565011135.2 2135806772615656.8 2118988864427990.5 2107871062668038.8 2099914957862135.2 2086957105847623.5 2077460789840753.8 2061461279291108.0 2049169817536790.0 2042348009806426.2 2034940095336465.8 2026793577765936.0 2017683714816659.0 2007259643642127.2 1979557682111855.8 1958571352323467.5 1923526705448205.5
90200.01263674218 2255340158011763.0 2239420719966866.5 2222441812535876.0 2204198241940136.2 2184363717886889.0 2162493373866121.2 2137847875524731.2 2124128663944832.2 2109165914221838.0 2092588581841197.8 2081629113452249.5 2073786456784015.0 2061016308715804.5 2051658218690183.8 2035891374671741.8 2023780071157371.2 2017058511609517.0 2009760047122814.0 2001734474952450.8 1992760650315423.8 1982493021963946.5 1955213657621610.0 1934555822472998.8 1900083808553274.0
90600.01269278087 2226992823719731.2 2211296145279609.8 2194582384200150.2 2176596667323723.5 2157067418993299.8 2135505167104067.2 2111217754065202.5 2097696004770558.8 2082948803305822.5 2066610327860961.5 2055807163012493.5 2048077343237397.2 2035488227949381.8 2026262725482622.5 2010718549710720.2 1998777315525876.2 1992150000407403.0 1984953463250209.0 1977039820857481.8 1968190761754922.2 1958065705452002.2 1931163671860083.5 1910791060646050.5 1876796495012913.5
91000.01274881969 2196165509073473.2 2180805317547595.2 2164432086288029.0 2146831100041336.2 2127693928590761.8 2106590088818112.2 2082807244752075.5 2069565994720630.8 2055126342620228.0 2039121572041415.5 2028538251596604.8 2020963629191106.5 2008624373685787.5 1999578575606895.5 1984330366229268.2 1972609083698045.0 1966100323460469.5 1959029840844868.0 1951251205236942.2 1942548370469007.0 1932584352173112.8 1906077485647915.5 1885976908967154.2 1852402652731961.0
91400.01280485849 2168174693458481.8 2153075804096329.0 2136961656821077.8 2119640011238881.5 2100820169902116.2 2080044431750938.5 2056635535791329.5 2043598634069924.0 2029382422639885.5 2013624056573147.2 2003203321977325.2 1995744718643807.8 1983592559756782.5 1974683046786375.8 1959663313200238.8 1948115337811264.0 1941702209933409.0 1934734676141296.8 1927068272876484.8 1918489565231239.0 1908665609076042.5 1882520756501406.2 1862683316619414.5 1829527125520603.0
91800.01286089727 2141188316699100.5 2126298837660260.0 2110426281183380.0 2093352587172471.0 2074796628945880.2 2054324881655571.5 2031261139738022.8 2018417265177182.8 2004409577449509.8 1988885754338386.5 1978619983776739.5 1971271360955508.5 1959301504875303.5 1950526033249039.5 1935731859049350.5 1924358311921298.0 1918042382666691.0 1911180908438928.5 1903631584579769.2 1895184636616568.8 1885512816005627.8 1859781037821558.8 1840268651501180.8 1807689985395811.5
92200.01291693597 2114358718311814.2 2099690530607531.5 2084053906779538.2 2067240349146896.8 2048969672506052.5 2028806622418837.5 2006078277736787.2 1993428048398233.8 1979628816889720.8 1964332366223514.8 1954216142445698.8 1946975782525320.0 1935178321043873.2 1926528502922455.2 1911946105899992.5 1900733256918011.8 1894505779410518.8 1887739847028597.8 1880294799234849.8 1871963567946036.0 1862422738809690.0 1837031663033662.5 1817769868388829.8 1785594447482468.5
92600.01297297479 2087171096887775.5 2072748825061400.8 2057390193236517.0 2040860002473016.0 2022898407249161.8 2003079235175873.8 1980742656512042.8 1968305618625278.0 1954738055372283.8 1939697391811149.0 1929750429884643.8 1922629567368775.5 1911027082783339.5 1902519140390213.5 1888171721852884.2 1877137510124394.8 1871008201870536.0 1864347787529721.5 1857017801835471.0 1848813711566658.0 1839416586689949.8 1814399004192435.8 1795414913261022.8 1763705004643031.2
93000.01302901359 2061345338473048.8 2047150095869341.2 2032014202673944.0 2015741432302970.5 1998051643875427.0 1978525559265299.5 1956526377825645.8 1944273533064458.5 1930906221904216.8 1916088840786234.2 1906287321150546.8 1899269929482180.5 1887836520073883.0 1879451660825976.0 1865310758058150.2 1854433998721630.2 1848391725585805.5 1841825686027878.5 1834599089459791.0 1826510198788693.8 1817244439919953.0 1792573919219952.5 1773851363271070.2 1742577396979620.0
93400.01308505228 2034371636024711.5 2020437431318707.2 2005568869033893.0 1989584791305431.8 1972208518268543.0 1953043010464632.8 1931437810553356.0 1919409848445394.5 1906284728346928.2 1891733876012485.5 1882107768430114.8 1875215089995317.2 1863982935756851.5 1855743754682482.8 1841844527722360.8 1831149497167513.8 1825206378369169.5 1818746418053914.0 1811634165696890.2 1803670612642195.2 1794544607210318.8 1770227174254658.5 1751757235983888.5 1720889948077002.5
93800.01314109108 2008842221407741.8 1995141119923575.0 1980510349933268.0 1964791625005267.8 1947699699190814.8 1928835805366383.0 1907574933378828.2 1895734509329476.5 1882814164412004.0 1868492039012667.0 1859014113270151.5 1852228396376222.2 1841167486513876.0 1833052780984478.5 1819361799968273.2 1808823953822229.5 1802967004308582.8 1796599765853035.5 1789588553788983.8 1781736491833352.0 1772736217922128.8 1748742784896395.8 1730509021263825.0 1700020333872159.5
94200.01319712988 1984576157625075.8 1971066342352456.8 1956653144354791.2 1941165117113724.2 1924317613975600.0 1905732878467594.0 1884779441315477.8 1873103874084519.0 1860370528701289.2 1846248761439696.0 1836905823017041.0 1830216227194801.0 1819312478001623.5 1811313200727422.2 1797816624947800.0 1787429107101653.5 1781656055548873.2 1775380245251900.8 1768470297557837.8 1760732299948309.0 1751863891730244.0 1728229521789991.2 1710278483797832.8 1680288957226531.0
94600.01325316858 1958610021344485.8 1945342415908109.8 1931188645420168.0 1915973480266809.0 1899436997768843.8 1881188959094346.5 1860621349659512.2 1849164959547709.8 1836664364202727.2 1822803175693101.2 1813629116956645.0 1807060665067778.8 1796351296650843.8 1788492486332782.8 1775227842534090.0 1765013208051071.2 1759333948725222.2 1753158017450078.0 1746355142650422.2 1738733517850772.5 1729993622463211.0 1706677186380928.0 1688946500964577.8 1659298239908440.0
95000.0133092074 1935333326334542.0 1922254938618628.8 1908302198905344.8 1893312582347106.0 1877000658331329.8 1859003463224369.2 1838715626102595.5 1827413654570519.5 1815081201134525.8 1801405158092921.5 1792354394119675.8 1785872387298331.5 1775305292586225.2 1767550818827539.8 1754462873117811.5 1744385203792035.8 1738782293804808.0 1732689826725944.2 1725979301495921.8 1718461934315891.0 1709842538221053.0 1686853471562301.2 1669378297870739.0 1640171536915290.5
95400.01336524618 1911339204863915.0 1898490592324056.0 1884774968611292.2 1870037009171812.2 1853999404912053.8 1836303893282603.5 1816353658581206.5 1805235567600444.2 1793103482327383.5 1779648238625485.5 1770741977192449.0 1764363614129646.2 1753963903772260.2 1746331345632233.8 1733446390598514.2 1723523497330769.2 1718005681460455.8 1712005149245713.2 1705395294804993.8 1697989644854219.0 1689497348098851.8 1666843043507776.8 1649621059591723.8 1620844800496095.8
95800.01342128488 1886850359079783.0 1874210044548844.5 1860739373834850.0 1846238457425551.8 1830480863052591.0 1813088060294793.0 1793483776865957.8 1782561245369721.5 1770641231470723.8 1757419580595548.5 1748666559264753.8 1742396742144429.2 1732172620960558.2 1724666855295570.2 1711990749801856.2 1702223209263858.2 1696789417569558.2 1690878275828668.0 1684364413940374.2 1677062954553569.0 1668685372213350.2 1646312945043106.5 1629283533365315.8 1600795205821607.8
96200.01347732368 1864582182049165.0 1852134661664982.0 1838864070588524.5 1824587383521139.0 1809061621598990.0 1791922342890740.2 1772599506638387.5 1761830596636582.2 1750078905074098.8 1737040406657651.0 1728408234339703.5 1722225840497168.0 1712142549392249.2 1704739885506114.2 1692239420469155.8 1682607787763454.2 1677250241649895.0 1671422426939259.5 1665000813042654.5 1657803584779073.8 1649546867392708.8 1627504935967828.5 1610735971420531.0 1582704923472154.0
96600.0135333625 1840497531726575.5 1828267837941319.8 1815231477832223.5 1801206556605411.2 1785955103320624.8 1769121776915919.5 1750145440334138.8 1739573894853742.0 1728034424967318.5 1715231499263150.2 1706754712250529.5 1700681786447192.0 1690774984070751.5 1683500062358464.2 1671209149984229.5 1661733023151487.0 1656459350344905.5 1650720367047623.0 1644393735039561.0 1637299182985203.2 1629155109854673.0 1607387540006720.2 1590804359488177.5 1563051602251437.2
97000.01358940119 1819566752542047.5 1807489296416134.0 1794617726867210.0 1780772620894562.2 1765710518849753.2 1749087646114085.2 1730344953749681.5 1719902260863794.5 1708502853327597.8 1695856411600366.2 1687483127152285.2 1681483992771769.0 1671699524099579.8 1664515830844007.0 1652380573270791.8 1643027010692813.0 1637822747457935.5 1632160400038871.5 1625919462475325.8 1618922788708429.8 1610893622739725.2 1589446544071387.8 1573121093571945.5 1545826655514348.5
97400.01364543998 1795193987885229.8 1783402113429666.2 1770822994558523.5 1757303807823881.0 1742592167368390.8 1726357183603531.5 1708047028461211.5 1697840071381371.8 1686699206145089.0 1674333122951232.0 1666142749858860.8 1660272602555960.2 1650694350638136.2 1643657738463619.0 1631763425990475.2 1622587156369411.2 1617478034511736.2 1611916266480569.2 1605782544573503.0 1598901272221533.8 1590998279960106.5 1569857533413378.2 1553739488649704.2 1526756610423611.0
97800.01370147879 1773283799651701.2 1761654915841504.2 1749252021867787.0 1735919671260197.8 1721426890924832.5 1705425781028879.8 1687384684868416.2 1677328960882662.8 1666350140773611.5 1654166725328593.0 1646095653032687.5 1640311457619020.5 1630871762874602.2 1623935414905659.8 1612207993235534.2 1603157537918833.2 1598117142329456.0 1592629056439919.0 1586575170800271.2 1579781636443012.0 1571976874308881.8 1551086754044539.2 1535150321502606.0 1508461807069752.0
98200.01375751749 1754446405065594.5 1742930663652993.5 1730644761361787.0 1717430601063187.8 1703069042623097.8 1687215784983903.2 1669333526081751.2 1659367623047380.0 1648486460992884.0 1636409858447622.2 1628411994755626.0 1622680728552405.5 1613329462061100.0 1606460218505060.8 1594851347416818.8 1585897685006483.5 1580913324111459.8 1575488069151172.0 1569505866945191.8 1562795872771779.8 1555091259787389.2 1534490031243714.5 1518792423825642.8 1492534068352562.0
98600.01381355629 1733420281044457.2 1722079875925020.5 1709986671748606.0 1696983201183620.2 1682836127094572.2 1667218361409289.0 1649607957193978.0 1639788659557784.0 1629073631473865.8 1617178761711162.5 1609300504319449.8 1603654900496621.0 1594442041386789.5 1587673797703963.5 1576233449138597.5 1567407225730588.5 1562493118624160.5 1557143597371673.5 1551244047748236.2 1544625500167415.2 1537024284869480.2 1516691565106313.2 1501192183313754.0 1475258277164918.2
99000.01386959507 1712175664176580.5 1701027925931670.0 1689129313763302.2 1676336431519530.0 1662431483264357.2 1647075994480789.2 1629758193251538.5 1620104786813946.0 1609565176605116.8 1597865444401854.2 1590114589908726.0 1584559399755033.0 1575492912053108.0 1568830400979109.8 1557564700473317.0 1548869929355932.0 1544027166777537.2 1538754106039672.8 1532936933306973.5 1526408625759903.2 1518908095659622.2 1498830302849631.5 1483513324214037.5 1457869070427075.8
99400.01392563377 1691004085255630.5 1680050965133593.5 1668369408730770.8 1655804943196002.0 1642138290907213.5 1627050712597268.2 1610039268642073.8 1600554490566646.2 1590197144744392.8 1578698071563313.0 1571078952005691.2 1565617258610814.5 1556701538955453.8 1550147749359926.8 1539061801663415.0 1530501472330336.8 1525731946125320.2 1520536872778916.5 1514803885695846.2 1508367564644271.5 1500969362498850.0 1481148355919031.2 1466012832674686.5 1440653045317780.5
99800.01398167259 1672628063124163.2 1661801105606870.0 1650254692056251.5 1637825608808978.8 1624316450491148.2 1609395635303421.0 1592564773742067.8 1583180868687879.0 1572934190197121.5 1561557184029575.2 1554019777946225.2 1548617500084368.2 1539798646503603.5 1533317423749513.2 1522357246602682.8 1513897071296229.2 1509184638895405.0 1504053012441188.8 1498391581906385.8 1492037541466651.8 1484736798291277.5 1465191973798314.8 1450281957526028.0 1425327263942601.5
100200.014037711 1652926918874677.8 1642269674379558.5 1630891666954546.2 1618654204944153.2 1605345351210477.2 1590649566568973.2 1574069599967867.8 1564825615645753.0 1554731787638108.5 1543523267894684.5 1536096521030609.0 1530772438222685.0 1522081018594575.8 1515693115380713.8 1504888155484962.5 1496545787863830.8 1491898231409791.5 1486836686586179.8 1481251645922537.0 1474982184764866.8 1467777241556454.5 1448481801929935.8 1433756218022454.5 1409103003518118.5
200000.028019384 211307257163613.7 210528419304208.97 209691384464051.47 208782170717992.88 207780654544311.62 206655604885911.53 205355026395932.97 204611585896351.88 203781297022004.3 202832814843940.62 202186414469875.5 201713143148015.5 200920983022302.84 200321906325192.12 199273130882804.38 198430728339077.94 197948571996697.53 197412845513693.7 196808938555918.62 196115381524422.44 195298763230797.53 193021664587405.75 191215270388166.12 188110059176804.72
400000.056038768 26475508220929.65 26408694057078.46 26335349877651.145 26253711955652.867 26161178665969.094 26053691021432.133 25924397600623.934 25847949195545.555 25760356681627.582 25657463557279.98 25585666106800.25 25532276043083.344 25441444380431.613 25371615963983.926 25247264667929.75 25145687223405.4 25086961029805.91 25021266921561.64 24946713762318.1 24860526204056.99 24758394617324.574 24471072405338.727 24241925935142.754 23848269573303.684
600000.0840581519 7811997976616.9795 7793978722195.36 7773977336273.5 7751453256246.121 7725612102328.788 7695217713075.372 7658190770598.811 7636092444618.481 7610613279694.971 7580496293336.829 7559378078954.623 7543626098805.511 7516744628343.958 7496017110778.319 7458997386018.39 7428680483719.35 7411131724944.944 7391489337934.309 7369190902354.229 7343412995374.708 7312879103636.023 7227099237264.863 7158730935799.71 7040797405974.58
800000.112077536 3278592327775.6475 3271184562825.54 3262925357940.663 3253583336628.449 3242818593020.2915 3230102209065.544 3214544094910.181 3205229380234.859 3194466699048.9536 3181718652432.1797 3172766178876.0083 3166083073508.396 3154670537996.81 3145866994517.2363 3130143059067.3335 3117271111883.543 3109823732937.765 3101491216384.6514 3092036028513.5786 3081109588019.451 3068169658449.7607 3031782961265.9507 3002683675861.6294 2952176503605.2495
1000000.1400969197 1669983254514.7932 1666217003252.4595 1662009548887.0112 1657241065924.2954 1651735485825.7532 1645218879002.5105 1637230727179.7244 1632442092645.0974 1626905230699.2373 1620344060970.8943 1615735927934.8267 1612296241563.9875 1606423869388.8992 1601895692692.7576 1593812066011.6858 1587197865640.3855 1583371763494.1506 1579090914750.623 1574232471938.7239 1568615676691.6614 1561958594644.65 1543193843183.0476 1528128509244.2134 1501797394884.615
1200000.1681163 961723688083.9946 959545456563.6166 957109442760.6539 954345679179.3406 951151455488.4766 947367223736.6088 942725363820.017 939942084482.7987 936724101443.1733 932911803421.0769 930235242021.4573 928237910768.8882 924829000663.3605 922201071960.2804 917510266381.0151 913671439225.5361 911449986854.2493 908963450499.6432 906139725310.1328 902872595310.8202 898996233540.1915 888042926543.8297 879213494082.9402 863638241919.9086
1400000.1961356897 602892231544.0739 601517866646.5675 599979955134.1887 598234222131.835 596215768994.034 593823951513.0016 590890223788.7996 589131590976.0829 587098882761.8131 584691618087.3772 583001974528.8623 581741273888.1564 579589685290.4563 577930869901.3315 574968855546.8859 572543143384.1016 571138523196.7329 569565393738.9253 567777711648.7649 565707609119.885 563249016221.6876 556284738445.2322 550643112852.1343 540574153327.81616
1600000.2241550698 402194420305.2939 401271140500.6228 400237744235.21674 399064531743.29645 397708014600.7584 396100809447.07446 394130109811.79645 392949160053.7501 391584483718.6389 389968621149.53406 388834481917.6692 387988188634.7728 386543535674.312 385429332972.7585 383438542257.44385 381806768109.8054 380861231122.05457 379801670805.7553 378596823099.0766 377200545627.4363 375540561701.64276 370824912021.7573 366981110183.7523 360027258284.16956
