mps-atlas-1 MH = 0.15  Teff = 5600 K  logg = 4.0
 1.0 0.9 0.8 0.7 0.6 0.5 0.4 0.35 0.3 0.25 0.22 0.2 0.17 0.15 0.12 0.1 0.09 0.08 0.07 0.06 0.05 0.03 0.02 0.01
90.90001426068909 0.0 0.0 0.0 0.0 0.0 0.0 0.0 0.0 0.0 0.0 0.0 0.0 0.0 0.0 0.0 0.0 0.0 0.0 0.0 0.0 0.0 0.0 0.0 0.0
93.50001691375978 0.0 0.0 0.0 0.0 0.0 0.0 0.0 0.0 0.0 0.0 0.0 0.0 0.0 0.0 0.0 0.0 0.0 0.0 0.0 0.0 0.0 0.0 0.0 0.0
96.10001003008598 0.0 0.0 0.0 0.0 0.0 0.0 0.0 0.0 0.0 0.0 0.0 0.0 0.0 0.0 0.0 0.0 0.0 0.0 0.0 0.0 0.0 0.0 0.0 0.0
97.7000182651065 0.0 0.0 0.0 0.0 0.0 0.0 0.0 0.0 0.0 0.0 0.0 0.0 0.0 0.0 0.0 0.0 0.0 0.0 0.0 0.0 0.0 0.0 0.0 0.0
99.60001433512298 0.0 0.0 0.0 0.0 0.0 0.0 0.0 0.0 0.0 0.0 0.0 0.0 0.0 0.0 0.0 0.0 0.0 0.0 0.0 0.0 0.0 0.0 0.0 0.0
102.00001238253698 0.0 0.0 0.0 0.0 0.0 0.0 0.0 0.0 0.0 0.0 0.0 0.0 0.0 0.0 0.0 0.0 0.0 0.0 0.0 0.0 0.0 0.0 0.0 0.0
103.80001568646998 0.0 0.0 0.0 0.0 0.0 0.0 0.0 0.0 0.0 0.0 0.0 0.0 0.0 0.0 0.0 0.0 0.0 0.0 0.0 0.0 0.0 0.0 0.0 0.0
105.60001899040198 0.0 0.0 0.0 0.0 0.0 0.0 0.0 0.0 0.0 0.0 0.0 0.0 0.0 0.0 0.0 0.0 0.0 0.0 0.0 0.0 0.0 0.0 0.0 0.0
107.70001966607597 0.0 0.0 0.0 0.0 0.0 0.0 0.0 0.0 0.0 0.0 0.0 0.0 0.0 0.0 0.0 0.0 0.0 0.0 0.0 0.0 0.0 0.0 0.0 0.0
110.40001508522998 0.0 0.0 0.0 0.0 0.0 0.0 0.0 0.0 0.0 0.0 0.0 0.0 0.0 0.0 0.0 0.0 0.0 0.0 0.0 0.0 0.0 0.0 0.0 0.0
114.00001215635099 0.0 0.0 0.0 0.0 0.0 0.0 0.0 0.0 0.0 0.0 0.0 0.0 0.0 0.0 0.0 0.0 0.0 0.0 0.0 0.0 0.0 0.0 0.0 0.0
117.80001383312899 0.0 0.0 0.0 0.0 0.0 0.0 0.0 0.0 0.0 0.0 0.0 0.0 0.0 0.0 0.0 0.0 0.0 0.0 0.0 0.0 0.0 0.0 0.0 0.0
121.30001813816598 0.0 0.0 0.0 0.0 0.0 0.0 0.0 0.0 0.0 0.0 0.0 0.0 0.0 0.0 0.0 0.0 0.0 0.0 0.0 0.0 0.0 0.0 0.0 0.0
124.80001290645798 0.0 0.0 0.0 0.0 0.0 0.0 0.0 0.0 0.0 0.0 0.0 0.0 0.0 0.0 0.0 0.0 0.0 0.0 0.0 0.0 0.0 0.0 0.0 0.0
127.10001818778797 0.0 0.0 0.0 0.0 0.0 0.0 0.0 0.0 0.0 0.0 0.0 0.0 0.0 0.0 0.0 0.0 0.0 0.0 0.0 0.0 0.0 0.0 0.0 0.0
128.400019514324 0.0 0.0 0.0 0.0 0.0 0.0 0.0 0.0 0.0 0.0 0.0 0.0 0.0 0.0 0.0 0.0 0.0 0.0 0.0 0.0 0.0 0.0 0.0 0.0
130.50002018999697 0.0 0.0 0.0 0.0 0.0 0.0 0.0 0.0 0.0 0.0 0.0 0.0 0.0 0.0 0.0 0.0 0.0 0.0 0.0 0.0 0.0 0.0 0.0 0.0
132.40001626001398 0.0 0.0 0.0 0.0 0.0 0.0 0.0 0.0 0.0 0.0 0.0 0.0 0.0 0.0 0.0 0.0 0.0 0.0 0.0 0.0 0.0 0.0 0.0 0.0
133.90002219220597 0.0 0.0 0.0 0.0 0.0 0.0 0.0 0.0 0.0 0.0 0.0 0.0 0.0 0.0 0.0 0.0 0.0 0.0 0.0 0.0 0.0 0.0 0.0 0.0
136.60001761136 0.0 0.0 0.0 0.0 0.0 0.0 0.0 0.0 0.0 0.0 0.0 0.0 0.0 0.0 0.0 0.0 0.0 0.0 0.0 0.0 0.0 0.0 0.0 0.0
139.80001500791198 0.0 0.0 0.0 0.0 0.0 0.0 0.0 0.0 0.0 0.0 0.0 0.0 0.0 0.0 0.0 0.0 0.0 0.0 0.0 0.0 0.0 0.0 0.0 0.0
143.30001931294896 0.0 0.0 0.0 0.0 0.0 0.0 0.0 0.0 0.0 0.0 0.0 0.0 0.0 0.0 0.0 0.0 0.0 0.0 0.0 0.0 0.0 0.0 0.0 0.0
147.200023292555 0.0 0.0 0.0 0.0 0.0 0.0 0.0 0.0 0.0 0.0 0.0 0.0 0.0 0.0 0.0 0.0 0.0 0.0 0.0 0.0 0.0 0.0 0.0 0.0
151.00002496933297 0.0 0.0 0.0 0.0 0.0 0.0 0.0 0.0 0.0 0.0 0.0 0.0 0.0 0.0 0.0 0.0 0.0 0.0 0.0 0.0 0.0 0.0 0.0 0.0
155.20002632067897 0.0 0.0 0.0 0.0 0.0 0.0 0.0 0.0 0.0 0.0 0.0 0.0 0.0 0.0 0.0 0.0 0.0 0.0 0.0 0.0 0.0 0.0 0.0 0.0
158.80002339179998 0.0 0.0 0.0 0.0 0.0 0.0 0.0 0.0 0.0 0.0 0.0 0.0 0.0 0.0 0.0 0.0 0.0 0.0 0.0 0.0 0.0 0.0 0.0 0.0
162.00003032509696 0.0 0.0 0.0 0.0 0.0 0.0 0.0 0.0 0.0 0.0 0.0 0.0 0.0 0.0 0.0 0.0 0.0 0.0 0.0 0.0 0.0 0.0 0.0 0.0
166.00002707078698 0.0 0.0 0.0 0.0 0.0 0.0 0.0 0.0 0.0 0.0 0.0 0.0 0.0 0.0 0.0 0.0 0.0 0.0 0.0 0.0 0.0 0.0 0.0 0.0
170.30003072496197 0.0 0.0 0.0 0.0 0.0 0.0 0.0 0.0 0.0 0.0 0.0 0.0 0.0 0.0 0.0 0.0 0.0 0.0 0.0 0.0 0.0 0.0 0.0 0.0
173.40002581868498 0.0 0.0 0.0 0.0 0.0 0.0 0.0 0.0 0.0 0.0 0.0 0.0 0.0 0.0 0.0 0.0 0.0 0.0 0.0 0.0 0.0 0.0 0.0 0.0
176.80002782089397 0.0 0.0 0.0 0.0 0.0 0.0 0.0 0.0 0.0 0.0 0.0 0.0 0.0 0.0 0.0 0.0 0.0 0.0 0.0 0.0 0.0 0.0 0.0 0.0
180.20002982310197 0.0 0.0 0.0 0.0 0.0 0.0 0.0 0.0 0.0 0.0 0.0 0.0 0.0 0.0 0.0 0.0 0.0 0.0 0.0 0.0 0.0 0.0 0.0 0.0
181.70002621855 0.0 0.0 0.0 0.0 0.0 0.0 0.0 0.0 0.0 0.0 0.0 0.0 0.0 0.0 0.0 0.0 0.0 0.0 0.0 0.0 0.0 0.0 0.0 0.0
186.10003217555297 0.0 0.0 0.0 0.0 0.0 0.0 0.0 0.0 0.0 0.0 0.0 0.0 0.0 0.0 0.0 0.0 0.0 0.0 0.0 0.0 0.0 0.0 0.0 0.0
191.00003057320998 0.0 0.0 0.0 0.0 0.0 0.0 0.0 0.0 0.0 0.0 0.0 0.0 0.0 0.0 0.0 0.0 0.0 0.0 0.0 0.0 0.0 0.0 0.0 0.0
193.90002106127596 0.0 0.0 0.0 0.0 0.0 0.0 0.0 0.0 0.0 0.0 0.0 0.0 0.0 0.0 0.0 0.0 0.0 0.0 0.0 0.0 0.0 0.0 0.0 0.0
198.40002932110795 0.0 0.0 0.0 0.0 0.0 0.0 0.0 0.0 0.0 0.0 0.0 0.0 0.0 0.0 0.0 0.0 0.0 0.0 0.0 0.0 0.0 0.0 0.0 0.0
201.80003132331694 0.0 0.0 0.0 0.0 0.0 0.0 0.0 0.0 0.0 0.0 0.0 0.0 0.0 0.0 0.0 0.0 0.0 0.0 0.0 0.0 0.0 0.0 0.0 0.0
205.00002871986896 0.0 0.0 0.0 0.0 0.0 0.0 0.0 0.0 0.0 0.0 0.0 0.0 0.0 0.0 0.0 0.0 0.0 0.0 0.0 0.0 0.0 0.0 0.0 0.0
210.50002186100596 0.0 0.0 0.0 0.0 0.0 0.0 0.0 0.0 0.0 0.0 0.0 0.0 0.0 0.0 0.0 0.0 0.0 0.0 0.0 0.0 0.0 0.0 0.0 0.0
216.20003868128896 0.0 0.0 0.0 0.0 0.0 0.0 0.0 0.0 0.0 0.0 0.0 0.0 0.0 0.0 0.0 0.0 0.0 0.0 0.0 0.0 0.0 0.0 0.0 0.0
219.80002621566598 0.0 0.0 0.0 0.0 0.0 0.0 0.0 0.0 0.0 0.0 0.0 0.0 0.0 0.0 0.0 0.0 0.0 0.0 0.0 0.0 0.0 0.0 0.0 0.0
223.00002361221797 0.0 0.0 0.0 0.0 0.0 0.0 0.0 0.0 0.0 0.0 0.0 0.0 0.0 0.0 0.0 0.0 0.0 0.0 0.0 0.0 0.0 0.0 0.0 0.0
226.80003482573997 0.0 0.0 0.0 0.0 0.0 0.0 0.0 0.0 0.0 0.0 0.0 0.0 0.0 0.0 0.0 0.0 0.0 0.0 0.0 0.0 0.0 0.0 0.0 0.0
230.00003222229196 0.0 0.0 0.0 0.0 0.0 0.0 0.0 0.0 0.0 0.0 0.0 0.0 0.0 0.0 0.0 0.0 0.0 0.0 0.0 0.0 0.0 0.0 0.0 0.0
234.00002896798097 0.0 0.0 0.0 0.0 0.0 0.0 0.0 0.0 0.0 0.0 0.0 0.0 0.0 0.0 0.0 0.0 0.0 0.0 0.0 0.0 0.0 0.0 0.0 0.0
240.00003362326098 0.0 0.0 0.0 0.0 0.0 0.0 0.0 0.0 0.0 0.0 0.0 0.0 0.0 0.0 0.0 0.0 0.0 0.0 0.0 0.0 0.0 0.0 0.0 0.0
246.50003071919295 0.0 0.0 0.0 0.0 0.0 0.0 0.0 0.0 0.0 0.0 0.0 0.0 0.0 0.0 0.0 0.0 0.0 0.0 0.0 0.0 0.0 0.0 0.0 0.0
252.40003307164395 0.0 0.0 0.0 0.0 0.0 0.0 0.0 0.0 0.0 0.0 0.0 0.0 0.0 0.0 0.0 0.0 0.0 0.0 0.0 0.0 0.0 0.0 0.0 0.0
256.80003902864695 0.0 0.0 0.0 0.0 0.0 0.0 0.0 0.0 0.0 0.0 0.0 0.0 0.0 0.0 0.0 0.0 0.0 0.0 0.0 0.0 0.0 0.0 0.0 0.0
260.00003642519897 0.0 0.0 0.0 0.0 0.0 0.0 0.0 0.0 0.0 0.0 0.0 0.0 0.0 0.0 0.0 0.0 0.0 0.0 0.0 0.0 0.0 0.0 0.0 0.0
264.00003317088897 0.0 0.0 0.0 0.0 0.0 0.0 0.0 0.0 0.0 0.0 0.0 0.0 0.0 0.0 0.0 0.0 0.0 0.0 0.0 0.0 0.0 0.0 0.0 0.0
268.50004143072096 0.0 0.0 0.0 0.0 0.0 0.0 0.0 0.0 0.0 0.0 0.0 0.0 0.0 0.0 0.0 0.0 0.0 0.0 0.0 0.0 0.0 0.0 0.0 0.0
273.50004213120496 0.0 0.0 0.0 0.0 0.0 0.0 0.0 0.0 0.0 0.0 0.0 0.0 0.0 0.0 0.0 0.0 0.0 0.0 0.0 0.0 0.0 0.0 0.0 0.0
278.50004283168994 0.0 0.0 0.0 0.0 0.0 0.0 0.0 0.0 0.0 0.0 0.0 0.0 0.0 0.0 0.0 0.0 0.0 0.0 0.0 0.0 0.0 0.0 0.0 0.0
284.00003597282694 0.0 0.0 0.0 0.0 0.0 0.0 0.0 0.0 0.0 0.0 0.0 0.0 0.0 0.0 0.0 0.0 0.0 0.0 0.0 0.0 0.0 0.0 0.0 0.0
290.00004062810694 0.0 0.0 0.0 0.0 0.0 0.0 0.0 0.0 0.0 0.0 0.0 0.0 0.0 0.0 0.0 0.0 0.0 0.0 0.0 0.0 0.0 0.0 0.0 0.0
296.000045283386 0.0 0.0 0.0 0.0 0.0 0.0 0.0 0.0 0.0 0.0 0.0 0.0 0.0 0.0 0.0 0.0 0.0 0.0 0.0 0.0 0.0 0.0 0.0 0.0
301.0000459838709 0.0 0.0 0.0 0.0 0.0 0.0 0.0 0.0 0.0 0.0 0.0 0.0 0.0 0.0 0.0 0.0 0.0 0.0 0.0 0.0 0.0 0.0 0.0 0.0
308.0000355204559 0.0 0.0 0.0 0.0 0.0 0.0 0.0 0.0 0.0 0.0 0.0 0.0 0.0 0.0 0.0 0.0 0.0 0.0 0.0 0.0 0.0 0.0 0.0 0.0
318.00003692142496 0.0 0.0 0.0 0.0 0.0 0.0 0.0 0.0 0.0 0.0 0.0 0.0 0.0 0.0 0.0 0.0 0.0 0.0 0.0 0.0 0.0 0.0 0.0 0.0
328.0000383223939 0.0 0.0 0.0 0.0 0.0 0.0 0.0 0.0 0.0 0.0 0.0 0.0 0.0 0.0 0.0 0.0 0.0 0.0 0.0 0.0 0.0 0.0 0.0 0.0
338.00003972336293 0.0 0.0 0.0 0.0 0.0 0.0 0.0 0.0 0.0 0.0 0.0 0.0 0.0 0.0 0.0 0.0 0.0 0.0 0.0 0.0 0.0 0.0 0.0 0.0
348.00004112433294 0.0 0.0 0.0 0.0 0.0 0.0 0.0 0.0 0.0 0.0 0.0 0.0 0.0 0.0 0.0 0.0 0.0 0.0 0.0 0.0 0.0 0.0 0.0 0.0
357.00005764399594 0.0 0.0 0.0 0.0 0.0 0.0 0.0 0.0 0.0 0.0 0.0 0.0 0.0 0.0 0.0 0.0 0.0 0.0 0.0 0.0 0.0 0.0 0.0 0.0
366.00003601668095 0.0 0.0 0.0 0.0 0.0 0.0 0.0 0.0 0.0 0.0 0.0 0.0 0.0 0.0 0.0 0.0 0.0 0.0 0.0 0.0 0.0 0.0 0.0 0.0
375.0000525363449 0.0 0.0 0.0 0.0 0.0 0.0 0.0 0.0 0.0 0.0 0.0 0.0 0.0 0.0 0.0 0.0 0.0 0.0 0.0 0.0 0.0 0.0 0.0 0.0
385.0000539373139 0.0 0.0 0.0 0.0 0.0 0.0 0.0 0.0 0.0 0.0 0.0 0.0 0.0 0.0 0.0 0.0 0.0 0.0 0.0 0.0 0.0 0.0 0.0 0.0
395.00005533828295 0.0 0.0 0.0 0.0 0.0 0.0 0.0 0.0 0.0 0.0 0.0 0.0 0.0 0.0 0.0 0.0 0.0 0.0 0.0 0.0 0.0 0.0 0.0 0.0
405.00005673925295 0.0 0.0 0.0 0.0 0.0 0.0 0.0 0.0 0.0 0.0 0.0 0.0 0.0 0.0 0.0 0.0 0.0 0.0 0.0 0.0 0.0 0.0 0.0 0.0
414.0000732589159 0.0 0.0 0.0 0.0 0.0 0.0 0.0 0.0 0.0 0.0 0.0 0.0 0.0 0.0 0.0 0.0 0.0 0.0 0.0 0.0 0.0 0.0 0.0 0.0
422.0000667502959 0.0 0.0 0.0 0.0 0.0 0.0 0.0 0.0 0.0 0.0 0.0 0.0 0.0 0.0 0.0 0.0 0.0 0.0 0.0 0.0 0.0 0.0 0.0 0.0
430.0000602416759 0.0 0.0 0.0 0.0 0.0 0.0 0.0 0.0 0.0 0.0 0.0 0.0 0.0 0.0 0.0 0.0 0.0 0.0 0.0 0.0 0.0 0.0 0.0 0.0
441.0000465239509 0.0 0.0 0.0 0.0 0.0 0.0 0.0 0.0 0.0 0.0 0.0 0.0 0.0 0.0 0.0 0.0 0.0 0.0 0.0 0.0 0.0 0.0 0.0 0.0
451.00004792491995 0.0 0.0 0.0 0.0 0.0 0.0 0.0 0.0 0.0 0.0 0.0 0.0 0.0 0.0 0.0 0.0 0.0 0.0 0.0 0.0 0.0 0.0 0.0 0.0
460.0000644445829 0.0 0.0 0.0 0.0 0.0 0.0 0.0 0.0 0.0 0.0 0.0 0.0 0.0 0.0 0.0 0.0 0.0 0.0 0.0 0.0 0.0 0.0 0.0 0.0
470.00006584555194 0.0 0.0 0.0 0.0 0.0 0.0 0.0 0.0 0.0 0.0 0.0 0.0 0.0 0.0 0.0 0.0 0.0 0.0 0.0 0.0 0.0 0.0 0.0 0.0
480.00006724652195 0.0 0.0 0.0 0.0 0.0 0.0 0.0 0.0 0.0 0.0 0.0 0.0 0.0 0.0 0.0 0.0 0.0 0.0 0.0 0.0 0.0 0.0 0.0 0.0
490.00006864749093 0.0 0.0 0.0 0.0 0.0 0.0 0.0 0.0 0.0 0.0 0.0 0.0 0.0 0.0 0.0 0.0 0.0 0.0 0.0 0.0 0.0 0.0 0.0 0.0
500.00007004845986 0.0 0.0 0.0 0.0 0.0 0.0 0.0 0.0 0.0 0.0 0.0 0.0 0.0 0.0 0.0 0.0 0.0 0.0 0.0 0.0 0.0 0.0 0.0 0.0
506.0000556302499 0.0 0.0 0.0 0.0 0.0 0.0 0.0 0.0 0.0 0.0 0.0 0.0 0.0 0.0 0.0 0.0 0.0 0.0 0.0 0.0 0.0 0.0 0.0 0.0
512.000079359019 0.0 0.0 0.0 0.0 0.0 0.0 0.0 0.0 0.0 0.0 0.0 0.0 0.0 0.0 0.0 0.0 0.0 0.0 0.0 0.0 0.0 0.0 0.0 0.0
520.0000728503979 0.0 0.0 0.0 0.0 0.0 0.0 0.0 0.0 0.0 0.0 0.0 0.0 0.0 0.0 0.0 0.0 0.0 0.0 0.0 0.0 0.0 0.0 0.0 0.0
530.0000742513679 0.0 0.0 0.0 0.0 0.0 0.0 0.0 0.0 0.0 0.0 0.0 0.0 0.0 0.0 0.0 0.0 0.0 0.0 0.0 0.0 0.0 0.0 0.0 0.0
540.0000756523369 0.0 0.0 0.0 0.0 0.0 0.0 0.0 0.0 0.0 0.0 0.0 0.0 0.0 0.0 0.0 0.0 0.0 0.0 0.0 0.0 0.0 0.0 0.0 0.0
550.000077053306 0.0 0.0 0.0 0.0 0.0 0.0 0.0 0.0 0.0 0.0 0.0 0.0 0.0 0.0 0.0 0.0 0.0 0.0 0.0 0.0 0.0 0.0 0.0 0.0
560.0000784542749 0.0 0.0 0.0 0.0 0.0 0.0 0.0 0.0 0.0 0.0 0.0 0.0 0.0 0.0 0.0 0.0 0.0 0.0 0.0 0.0 0.0 0.0 0.0 0.0
570.0000798552438 0.0 0.0 0.0 0.0 0.0 0.0 0.0 0.0 0.0 0.0 0.0 0.0 0.0 0.0 0.0 0.0 0.0 0.0 0.0 0.0 0.0 0.0 0.0 0.0
580.0000812562139 0.0 0.0 0.0 0.0 0.0 0.0 0.0 0.0 0.0 0.0 0.0 0.0 0.0 0.0 0.0 0.0 0.0 0.0 0.0 0.0 0.0 0.0 0.0 0.0
590.0000826571829 0.0 0.0 0.0 0.0 0.0 0.0 0.0 0.0 0.0 0.0 0.0 0.0 0.0 0.0 0.0 0.0 0.0 0.0 0.0 0.0 0.0 0.0 0.0 0.0
600.0000840581519 0.0 0.0 0.0 0.0 0.0 0.0 0.0 0.0 0.0 0.0 0.0 0.0 0.0 0.0 0.0 0.0 0.0 0.0 0.0 0.0 0.0 0.0 0.0 0.0
610.0000854591209 0.0 0.0 0.0 0.0 0.0 0.0 0.0 0.0 0.0 0.0 0.0 0.0 0.0 0.0 0.0 0.0 0.0 0.0 0.0 0.0 0.0 0.0 0.0 0.0
620.0000868600898 0.0 0.0 0.0 0.0 0.0 0.0 0.0 0.0 0.0 0.0 0.0 0.0 0.0 0.0 0.0 0.0 0.0 0.0 0.0 0.0 0.0 0.0 0.0 0.0
630.0000882610599 0.0 0.0 0.0 0.0 0.0 0.0 0.0 0.0 0.0 0.0 0.0 0.0 0.0 0.0 0.0 0.0 0.0 0.0 0.0 0.0 0.0 0.0 0.0 0.0
640.0000896620288 0.0 0.0 0.0 0.0 0.0 0.0 0.0 0.0 0.0 0.0 0.0 0.0 0.0 0.0 0.0 0.0 0.0 0.0 0.0 0.0 0.0 0.0 0.0 0.0
650.0000910629979 0.0 0.0 0.0 0.0 0.0 0.0 0.0 0.0 0.0 0.0 0.0 0.0 0.0 0.0 0.0 0.0 0.0 0.0 0.0 0.0 0.0 0.0 0.0 0.0
658.0001227013558 0.0 0.0 0.0 0.0 0.0 0.0 0.0 0.0 0.0 0.0 0.0 0.0 0.0 0.0 0.0 0.0 0.0 0.0 0.0 0.0 0.0 0.0 0.0 0.0
665.0000931644519 0.0 0.0 0.0 0.0 0.0 0.0 0.0 0.0 0.0 0.0 0.0 0.0 0.0 0.0 0.0 0.0 0.0 0.0 0.0 0.0 0.0 0.0 0.0 0.0
675.0000945654209 0.0 0.0 0.0 0.0 0.0 0.0 0.0 0.0 0.0 0.0 0.0 0.0 0.0 0.0 0.0 0.0 0.0 0.0 0.0 0.0 0.0 0.0 0.0 0.0
685.00009596639 0.0 0.0 0.0 0.0 0.0 0.0 0.0 0.0 0.0 0.0 0.0 0.0 0.0 0.0 0.0 0.0 0.0 0.0 0.0 0.0 0.0 0.0 0.0 0.0
695.0000973673589 0.0 0.0 0.0 0.0 0.0 0.0 0.0 0.0 0.0 0.0 0.0 0.0 0.0 0.0 0.0 0.0 0.0 0.0 0.0 0.0 0.0 0.0 0.0 0.0
705.0000987683289 0.0 0.0 0.0 0.0 0.0 0.0 0.0 0.0 0.0 0.0 0.0 0.0 0.0 0.0 0.0 0.0 0.0 0.0 0.0 0.0 0.0 0.0 0.0 0.0
716.0000850506029 0.0 0.0 0.0 0.0 0.0 0.0 0.0 0.0 0.0 0.0 0.0 0.0 0.0 0.0 0.0 0.0 0.0 0.0 0.0 0.0 0.0 0.0 0.0 0.0
726.0000864515729 0.0 0.0 0.0 0.0 0.0 0.0 0.0 0.0 0.0 0.0 0.0 0.0 0.0 0.0 0.0 0.0 0.0 0.0 0.0 0.0 0.0 0.0 0.0 0.0
735.0001029712358 0.0 0.0 0.0 0.0 0.0 0.0 0.0 0.0 0.0 0.0 0.0 0.0 0.0 0.0 0.0 0.0 0.0 0.0 0.0 0.0 0.0 0.0 0.0 0.0
745.0001043722049 0.0 0.0 0.0 0.0 0.0 0.0 0.0 0.0 0.0 0.0 0.0 0.0 0.0 0.0 0.0 0.0 0.0 0.0 0.0 0.0 0.0 0.0 0.0 0.0
755.0001057731748 0.0 0.0 0.0 0.0 0.0 0.0 0.0 0.0 0.0 0.0 0.0 0.0 0.0 0.0 0.0 0.0 0.0 0.0 0.0 0.0 0.0 0.0 0.0 0.0
765.0001071741439 0.0 0.0 0.0 0.0 0.0 0.0 0.0 0.0 0.0 0.0 0.0 0.0 0.0 0.0 0.0 0.0 0.0 0.0 0.0 0.0 0.0 0.0 0.0 0.0
775.0001085751129 0.0 0.0 0.0 0.0 0.0 0.0 0.0 0.0 0.0 0.0 0.0 0.0 0.0 0.0 0.0 0.0 0.0 0.0 0.0 0.0 0.0 0.0 0.0 0.0
785.0001099760818 0.0 0.0 0.0 0.0 0.0 0.0 0.0 0.0 0.0 0.0 0.0 0.0 0.0 0.0 0.0 0.0 0.0 0.0 0.0 0.0 0.0 0.0 0.0 0.0
795.0001113770509 0.0 0.0 0.0 0.0 0.0 0.0 0.0 0.0 0.0 0.0 0.0 0.0 0.0 0.0 0.0 0.0 0.0 0.0 0.0 0.0 0.0 0.0 0.0 0.0
805.0001127780208 0.0 0.0 0.0 0.0 0.0 0.0 0.0 0.0 0.0 0.0 0.0 0.0 0.0 0.0 0.0 0.0 0.0 0.0 0.0 0.0 0.0 0.0 0.0 0.0
815.0001141789899 0.0 0.0 0.0 0.0 0.0 0.0 0.0 0.0 0.0 0.0 0.0 0.0 0.0 0.0 0.0 0.0 0.0 0.0 0.0 0.0 0.0 0.0 0.0 0.0
825.0001155799589 0.0 0.0 0.0 0.0 0.0 0.0 0.0 0.0 0.0 0.0 0.0 0.0 0.0 0.0 0.0 0.0 0.0 0.0 0.0 0.0 0.0 0.0 0.0 0.0
835.0001169809279 0.0 0.0 0.0 0.0 0.0 0.0 0.0 0.0 0.0 0.0 0.0 0.0 0.0 0.0 0.0 0.0 0.0 0.0 0.0 0.0 0.0 0.0 0.0 0.0
845.0001183818969 0.0 0.0 0.0 0.0 0.0 0.0 0.0 0.0 0.0 0.0 0.0 0.0 0.0 0.0 0.0 0.0 0.0 0.0 0.0 0.0 0.0 0.0 0.0 0.0
855.0001197828668 0.0 0.0 0.0 0.0 0.0 0.0 0.0 0.0 0.0 0.0 0.0 0.0 0.0 0.0 0.0 0.0 0.0 0.0 0.0 0.0 0.0 0.0 0.0 0.0
865.0001211838357 0.0 0.0 0.0 0.0 0.0 0.0 0.0 0.0 0.0 0.0 0.0 0.0 0.0 0.0 0.0 0.0 0.0 0.0 0.0 0.0 0.0 0.0 0.0 0.0
875.0001225848048 0.0 0.0 0.0 0.0 0.0 0.0 0.0 0.0 0.0 0.0 0.0 0.0 0.0 0.0 0.0 0.0 0.0 0.0 0.0 0.0 0.0 0.0 0.0 0.0
885.0001239857738 0.0 0.0 0.0 0.0 0.0 0.0 0.0 0.0 0.0 0.0 0.0 0.0 0.0 0.0 0.0 0.0 0.0 0.0 0.0 0.0 0.0 0.0 0.0 0.0
895.0001253867429 0.0 0.0 0.0 0.0 0.0 0.0 0.0 0.0 0.0 0.0 0.0 0.0 0.0 0.0 0.0 0.0 0.0 0.0 0.0 0.0 0.0 0.0 0.0 0.0
905.0001267877128 0.0 0.0 0.0 0.0 0.0 0.0 0.0 0.0 0.0 0.0 0.0 0.0 0.0 0.0 0.0 0.0 0.0 0.0 0.0 0.0 0.0 0.0 0.0 0.0
915.0001281886819 0.0 0.0 0.0 0.0 0.0 0.0 0.0 0.0 0.0 0.0 0.0 0.0 0.0 0.0 0.0 0.0 0.0 0.0 0.0 0.0 0.0 0.0 0.0 0.0
925.0001295896509 0.0 0.0 0.0 0.0 0.0 0.0 0.0 0.0 0.0 0.0 0.0 0.0 0.0 0.0 0.0 0.0 0.0 0.0 0.0 0.0 0.0 0.0 0.0 0.0
935.0001309906198 0.0 0.0 0.0 0.0 0.0 0.0 0.0 0.0 0.0 0.0 0.0 0.0 0.0 0.0 0.0 0.0 0.0 0.0 0.0 0.0 0.0 0.0 0.0 0.0
945.0001323915889 0.0 0.0 0.0 0.0 0.0 0.0 0.0 0.0 0.0 0.0 0.0 0.0 0.0 0.0 0.0 0.0 0.0 0.0 0.0 0.0 0.0 0.0 0.0 0.0
955.0001337925579 0.0 0.0 0.0 0.0 0.0 0.0 0.0 0.0 0.0 0.0 0.0 0.0 0.0 0.0 0.0 0.0 0.0 0.0 0.0 0.0 0.0 0.0 0.0 0.0
965.0001351935279 0.0 0.0 0.0 0.0 0.0 0.0 0.0 0.0 0.0 0.0 0.0 0.0 0.0 0.0 0.0 0.0 0.0 0.0 0.0 0.0 0.0 0.0 0.0 0.0
975.0001365944969 0.0 0.0 0.0 0.0 0.0 0.0 0.0 0.0 0.0 0.0 0.0 0.0 0.0 0.0 0.0 0.0 0.0 0.0 0.0 0.0 0.0 0.0 0.0 0.0
985.0001379954657 0.0 0.0 0.0 0.0 0.0 0.0 0.0 0.0 0.0 0.0 0.0 0.0 0.0 0.0 0.0 0.0 0.0 0.0 0.0 0.0 0.0 0.0 0.0 0.0
995.0001393964347 0.0 0.0 0.0 0.0 0.0 0.0 0.0 0.0 0.0 0.0 0.0 0.0 0.0 0.0 0.0 0.0 0.0 0.0 0.0 0.0 0.0 0.0 0.0 0.0
1005.0001407973998 0.0 0.0 0.0 0.0 0.0 0.0 0.0 0.0 0.0 0.0 0.0 0.0 0.0 0.0 0.0 0.0 0.0 0.0 0.0 0.0 0.0 0.0 0.0 0.0
1015.0001421983698 0.0 0.0 0.0 0.0 0.0 0.0 0.0 0.0 0.0 0.0 0.0 0.0 0.0 0.0 0.0 0.0 0.0 0.0 0.0 0.0 0.0 0.0 0.0 0.0
1025.0001435993397 0.0 0.0 0.0 0.0 0.0 0.0 0.0 0.0 0.0 0.0 0.0 0.0 0.0 0.0 0.0 0.0 0.0 0.0 0.0 0.0 0.0 0.0 0.0 0.0
1035.0001450003099 0.0 0.0 0.0 0.0 0.0 0.0 0.0 0.0 0.0 0.0 0.0 0.0 0.0 0.0 0.0 0.0 0.0 0.0 0.0 0.0 0.0 0.0 0.0 0.0
1045.0001464012798 0.0 0.0 0.0 0.0 0.0 0.0 0.0 0.0 0.0 0.0 0.0 0.0 0.0 0.0 0.0 0.0 0.0 0.0 0.0 0.0 0.0 0.0 0.0 0.0
1055.0001478022498 0.0 0.0 0.0 0.0 0.0 0.0 0.0 0.0 0.0 0.0 0.0 0.0 0.0 0.0 0.0 0.0 0.0 0.0 0.0 0.0 0.0 0.0 0.0 0.0
1065.0001492032197 0.0 0.0 0.0 0.0 0.0 0.0 0.0 0.0 0.0 0.0 0.0 0.0 0.0 0.0 0.0 0.0 0.0 0.0 0.0 0.0 0.0 0.0 0.0 0.0
1075.00015060419 0.0 0.0 0.0 0.0 0.0 0.0 0.0 0.0 0.0 0.0 0.0 0.0 0.0 0.0 0.0 0.0 0.0 0.0 0.0 0.0 0.0 0.0 0.0 0.0
1085.0001520051599 0.0 0.0 0.0 0.0 0.0 0.0 0.0 0.0 0.0 0.0 0.0 0.0 0.0 0.0 0.0 0.0 0.0 0.0 0.0 0.0 0.0 0.0 0.0 0.0
1095.0001534061298 0.0 0.0 0.0 0.0 0.0 0.0 0.0 0.0 0.0 0.0 0.0 0.0 0.0 0.0 0.0 0.0 0.0 0.0 0.0 0.0 0.0 0.0 0.0 0.0
1105.0001548070998 1936252.1584232664 1673441.2522147184 1422387.2028892713 1183756.0992310862 958234.295018563 746499.4095656127 549166.9458731548 456057.1229613701 366712.3248414156 281183.68536170863 231751.2816232708 199628.13454825012 152833.86170887263 122740.22780480995 79904.2963972607 53686.53931969731 41649.61599637959 30593.849831924505 20794.169567443016 12586.382024753284 6332.962688176649 442.2158172210181 17.01241854384837 0.0010717243399571597
1115.00015620807 5155435.414205603 4453203.929614361 3783164.5926498547 3147025.9056407926 2546526.3496167515 1983344.2138608498 1458934.3441742451 1211602.5661697497 974291.7602952728 747087.8493175759 615736.3051976139 530357.407520464 405948.6117715492 325918.23631345184 211984.61155987406 142265.28553353986 110271.95890248606 80904.95767660075 54900.257262743144 33153.3753450096 16624.383956675178 1143.9301450860512 43.18198458286682 0.0025725473834759286
1125.0001576090297 3269425.5336680645 2825416.2217235095 2401669.4323224137 1999191.9142357004 1618989.447642 1262002.8668286526 928996.1777338892 771636.6596485457 620406.1093964236 475343.07271088543 391347.1607061407 336702.1780545992 257033.793358533 205787.57223877872 132939.24114329432 88537.13984468771 68256.10116724705 49728.29923256363 33431.00516874322 19931.00917022639 9811.247516345235 625.210936105975 21.383384909932374 0.0009417913455740876
1135.0001590099998 0.0 0.0 0.0 0.0 0.0 0.0 0.0 0.0 0.0 0.0 0.0 0.0 0.0 0.0 0.0 0.0 0.0 0.0 0.0 0.0 0.0 0.0 0.0 0.0
1145.0001604109698 0.0 0.0 0.0 0.0 0.0 0.0 0.0 0.0 0.0 0.0 0.0 0.0 0.0 0.0 0.0 0.0 0.0 0.0 0.0 0.0 0.0 0.0 0.0 0.0
1155.0001618119397 0.0 0.0 0.0 0.0 0.0 0.0 0.0 0.0 0.0 0.0 0.0 0.0 0.0 0.0 0.0 0.0 0.0 0.0 0.0 0.0 0.0 0.0 0.0 0.0
1165.0001632129097 0.0 0.0 0.0 0.0 0.0 0.0 0.0 0.0 0.0 0.0 0.0 0.0 0.0 0.0 0.0 0.0 0.0 0.0 0.0 0.0 0.0 0.0 0.0 0.0
1175.0001646138799 0.0 0.0 0.0 0.0 0.0 0.0 0.0 0.0 0.0 0.0 0.0 0.0 0.0 0.0 0.0 0.0 0.0 0.0 0.0 0.0 0.0 0.0 0.0 0.0
1185.0001660148498 0.0 0.0 0.0 0.0 0.0 0.0 0.0 0.0 0.0 0.0 0.0 0.0 0.0 0.0 0.0 0.0 0.0 0.0 0.0 0.0 0.0 0.0 0.0 0.0
1195.0001674158198 0.0 0.0 0.0 0.0 0.0 0.0 0.0 0.0 0.0 0.0 0.0 0.0 0.0 0.0 0.0 0.0 0.0 0.0 0.0 0.0 0.0 0.0 0.0 0.0
1205.0001688167897 0.0 0.0 0.0 0.0 0.0 0.0 0.0 0.0 0.0 0.0 0.0 0.0 0.0 0.0 0.0 0.0 0.0 0.0 0.0 0.0 0.0 0.0 0.0 0.0
1215.00017021776 0.0 0.0 0.0 0.0 0.0 0.0 0.0 0.0 0.0 0.0 0.0 0.0 0.0 0.0 0.0 0.0 0.0 0.0 0.0 0.0 0.0 0.0 0.0 0.0
1225.0001716187298 0.0 0.0 0.0 0.0 0.0 0.0 0.0 0.0 0.0 0.0 0.0 0.0 0.0 0.0 0.0 0.0 0.0 0.0 0.0 0.0 0.0 0.0 0.0 0.0
1235.0001730196998 0.0 0.0 0.0 0.0 0.0 0.0 0.0 0.0 0.0 0.0 0.0 0.0 0.0 0.0 0.0 0.0 0.0 0.0 0.0 0.0 0.0 0.0 0.0 0.0
1245.0001744206697 0.0 0.0 0.0 0.0 0.0 0.0 0.0 0.0 0.0 0.0 0.0 0.0 0.0 0.0 0.0 0.0 0.0 0.0 0.0 0.0 0.0 0.0 0.0 0.0
1255.0001758216297 0.0 0.0 0.0 0.0 0.0 0.0 0.0 0.0 0.0 0.0 0.0 0.0 0.0 0.0 0.0 0.0 0.0 0.0 0.0 0.0 0.0 0.0 0.0 0.0
1265.0001772225999 0.0 0.0 0.0 0.0 0.0 0.0 0.0 0.0 0.0 0.0 0.0 0.0 0.0 0.0 0.0 0.0 0.0 0.0 0.0 0.0 0.0 0.0 0.0 0.0
1275.0001786235698 0.0 0.0 0.0 0.0 0.0 0.0 0.0 0.0 0.0 0.0 0.0 0.0 0.0 0.0 0.0 0.0 0.0 0.0 0.0 0.0 0.0 0.0 0.0 0.0
1285.0001800245398 0.0 0.0 0.0 0.0 0.0 0.0 0.0 0.0 0.0 0.0 0.0 0.0 0.0 0.0 0.0 0.0 0.0 0.0 0.0 0.0 0.0 0.0 0.0 0.0
1295.0001814255097 0.0 0.0 0.0 0.0 0.0 0.0 0.0 0.0 0.0 0.0 0.0 0.0 0.0 0.0 0.0 0.0 0.0 0.0 0.0 0.0 0.0 0.0 0.0 0.0
1305.0001828264797 0.0 0.0 0.0 0.0 0.0 0.0 0.0 0.0 0.0 0.0 0.0 0.0 0.0 0.0 0.0 0.0 0.0 0.0 0.0 0.0 0.0 0.0 0.0 0.0
1315.0001842274498 0.0 0.0 0.0 0.0 0.0 0.0 0.0 0.0 0.0 0.0 0.0 0.0 0.0 0.0 0.0 0.0 0.0 0.0 0.0 0.0 0.0 0.0 0.0 0.0
1325.0001856284198 0.0 0.0 0.0 0.0 0.0 0.0 0.0 0.0 0.0 0.0 0.0 0.0 0.0 0.0 0.0 0.0 0.0 0.0 0.0 0.0 0.0 0.0 0.0 0.0
1335.0001870293897 0.0 0.0 0.0 0.0 0.0 0.0 0.0 0.0 0.0 0.0 0.0 0.0 0.0 0.0 0.0 0.0 0.0 0.0 0.0 0.0 0.0 0.0 0.0 0.0
1345.0001884303597 0.0 0.0 0.0 0.0 0.0 0.0 0.0 0.0 0.0 0.0 0.0 0.0 0.0 0.0 0.0 0.0 0.0 0.0 0.0 0.0 0.0 0.0 0.0 0.0
1355.0001898313299 0.0 0.0 0.0 0.0 0.0 0.0 0.0 0.0 0.0 0.0 0.0 0.0 0.0 0.0 0.0 0.0 0.0 0.0 0.0 0.0 0.0 0.0 0.0 0.0
1365.0001912322998 0.0 0.0 0.0 0.0 0.0 0.0 0.0 0.0 0.0 0.0 0.0 0.0 0.0 0.0 0.0 0.0 0.0 0.0 0.0 0.0 0.0 0.0 0.0 0.0
1375.0001926332598 0.0 0.0 0.0 0.0 0.0 0.0 0.0 0.0 0.0 0.0 0.0 0.0 0.0 0.0 0.0 0.0 0.0 0.0 0.0 0.0 0.0 0.0 0.0 0.0
1385.00019403423 0.0 0.0 0.0 0.0 0.0 0.0 0.0 0.0 0.0 0.0 0.0 0.0 0.0 0.0 0.0 0.0 0.0 0.0 0.0 0.0 0.0 0.0 0.0 0.0
1395.0001954351999 0.0 0.0 0.0 0.0 0.0 0.0 0.0 0.0 0.0 0.0 0.0 0.0 0.0 0.0 0.0 0.0 0.0 0.0 0.0 0.0 0.0 0.0 0.0 0.0
1405.0001968361698 0.0 0.0 0.0 0.0 0.0 0.0 0.0 0.0 0.0 0.0 0.0 0.0 0.0 0.0 0.0 0.0 0.0 0.0 0.0 0.0 0.0 0.0 0.0 0.0
1415.0001982371398 0.0 0.0 0.0 0.0 0.0 0.0 0.0 0.0 0.0 0.0 0.0 0.0 0.0 0.0 0.0 0.0 0.0 0.0 0.0 0.0 0.0 0.0 0.0 0.0
1425.00019963811 0.0 0.0 0.0 0.0 0.0 0.0 0.0 0.0 0.0 0.0 0.0 0.0 0.0 0.0 0.0 0.0 0.0 0.0 0.0 0.0 0.0 0.0 0.0 0.0
1435.00020103908 0.0 0.0 0.0 0.0 0.0 0.0 0.0 0.0 0.0 0.0 0.0 0.0 0.0 0.0 0.0 0.0 0.0 0.0 0.0 0.0 0.0 0.0 0.0 0.0
1442.0001715021797 0.0 0.0 0.0 0.0 0.0 0.0 0.0 0.0 0.0 0.0 0.0 0.0 0.0 0.0 0.0 0.0 0.0 0.0 0.0 0.0 0.0 0.0 0.0 0.0
1447.0001722026598 0.0 0.0 0.0 0.0 0.0 0.0 0.0 0.0 0.0 0.0 0.0 0.0 0.0 0.0 0.0 0.0 0.0 0.0 0.0 0.0 0.0 0.0 0.0 0.0
1455.0002038410196 0.0 0.0 0.0 0.0 0.0 0.0 0.0 0.0 0.0 0.0 0.0 0.0 0.0 0.0 0.0 0.0 0.0 0.0 0.0 0.0 0.0 0.0 0.0 0.0
1465.0002052419895 0.0 0.0 0.0 0.0 0.0 0.0 0.0 0.0 0.0 0.0 0.0 0.0 0.0 0.0 0.0 0.0 0.0 0.0 0.0 0.0 0.0 0.0 0.0 0.0
1475.0002066429597 0.0 0.0 0.0 0.0 0.0 0.0 0.0 0.0 0.0 0.0 0.0 0.0 0.0 0.0 0.0 0.0 0.0 0.0 0.0 0.0 0.0 0.0 0.0 0.0
1485.0002080439297 0.0 0.0 0.0 0.0 0.0 0.0 0.0 0.0 0.0 0.0 0.0 0.0 0.0 0.0 0.0 0.0 0.0 0.0 0.0 0.0 0.0 0.0 0.0 0.0
1495.0002094448996 0.0 0.0 0.0 0.0 0.0 0.0 0.0 0.0 0.0 0.0 0.0 0.0 0.0 0.0 0.0 0.0 0.0 0.0 0.0 0.0 0.0 0.0 0.0 0.0
1505.0002108458598 0.0 0.0 0.0 0.0 0.0 0.0 0.0 0.0 0.0 0.0 0.0 0.0 0.0 0.0 0.0 0.0 0.0 0.0 0.0 0.0 0.0 0.0 0.0 0.0
1512.0001813089598 0.0 0.0 0.0 0.0 0.0 0.0 0.0 0.0 0.0 0.0 0.0 0.0 0.0 0.0 0.0 0.0 0.0 0.0 0.0 0.0 0.0 0.0 0.0 0.0
1517.0001820094396 0.0 0.0 0.0 0.0 0.0 0.0 0.0 0.0 0.0 0.0 0.0 0.0 0.0 0.0 0.0 0.0 0.0 0.0 0.0 0.0 0.0 0.0 0.0 0.0
1525.0002136477997 0.0 0.0 0.0 0.0 0.0 0.0 0.0 0.0 0.0 0.0 0.0 0.0 0.0 0.0 0.0 0.0 0.0 0.0 0.0 0.0 0.0 0.0 0.0 0.0
1535.0002150487696 152376471401.30652 137272606489.79062 122122412284.57726 106928337509.17418 91692632729.7061 76415797827.42735 61092046494.44647 53406106142.947205 45695576194.28745 37947050103.21933 33270111812.063225 30135772873.887325 25401298321.086967 22216586185.21943 17383523370.27067 14116613015.534063 12468954081.962137 10812980548.49467 9151501687.154963 7490388186.508296 5840995320.147331 2681522415.1941295 1292019609.765459 249612075.120922
1545.0002164497398 151983651876.19153 137180312154.74536 122292196549.91385 107317131271.90985 92252632963.79451 77095236827.34465 61838348731.18785 54168144913.58172 46464939764.14434 38720730130.18249 34048646920.52707 30920227162.06437 26201426218.71398 23033544884.499367 18238067304.647713 15004225695.481104 13374225428.460766 11734921885.693117 10086439544.844854 8429875530.091313 6768134543.854884 3461512844.195015 1865350109.9807155 465615945.3046399
1555.0002178507098 278944261085.3315 252094664512.2203 225039586798.40982 197772129040.58658 170285905320.53174 142575339504.01492 114635039115.48633 100575967002.73811 86453818315.68512 72260997497.72446 63704567399.29145 57979129411.58457 49350150706.58778 43561654056.48096 34800332055.62263 28882618469.955986 25891138344.37536 22871841313.159706 19818978339.908997 16725929610.583609 13585899478.129002 7157346749.576538 3925522398.0944777 1002057319.9182585
1565.0002192516797 271369621766.69745 245324355532.08252 219069890662.95148 192596633693.36917 165893900470.75784 138949043336.37598 111744559937.9819 98036003883.69249 84247723433.92744 70366897750.79233 61984699418.68584 56369330569.12753 47896197336.76697 42206236065.00555 33589714852.46066 27774088185.21052 24839087704.370045 21882734521.979424 18902294372.36706 15894941129.520802 12858225108.976994 6703695593.9751 3644621810.9629664 910526272.3036764
1575.0002206526497 544506742462.0514 494123129958.0367 443102317104.99963 391391474559.99365 338927440371.3782 285633096596.79987 231410900230.2462 203912467267.57523 176127457336.30154 148025205032.6588 130992993417.13843 119558136437.06859 102269453481.74106 90638616496.3597 72996497566.98212 61067429653.20857 55037750572.96447 48954643567.25679 42807670911.64509 36582838771.26239 30260834261.542477 17200291922.15122 10365074302.86278 3431212897.8533974
1585.0002220536198 695965010300.5133 632196310606.1473 567557095917.8573 501967575780.2419 435330536215.077 367524521681.3827 298391683729.7794 263262504470.50864 227710812797.43365 191686257866.45615 169815161912.1575 155114269312.25476 132859418963.91037 117867996083.33224 95098924604.3024 79685050014.06589 71889245128.6409 64021482571.22836 56067948730.5817 48009058041.29187 39815651205.80643 22814973775.14436 13833665628.682669 4635616682.406633
1595.0002234545898 830073707705.2162 754302399905.4827 677462986766.6847 599456114930.8422 520160469374.69794 439424253260.5171 357050332657.7236 315168180375.7716 272764254260.4251 229777283908.83234 203669837464.9966 186117544196.16934 159540325535.2881 141633366955.02524 114429800640.9342 96008400484.6752 86688973788.25937 77280994143.92978 67766753899.87787 58120851333.575356 48305077083.2281 27885373478.035717 17044568205.079836 5841069237.47563
1605.0002248555597 917078151089.2035 833542375302.1351 748825357585.387 662817540667.548 575385004200.547 486359362673.9005 395519177077.6357 349325598848.90607 302547260503.06836 255108470977.64188 226282637576.21463 206893016452.15857 177511551088.5737 157693286679.48767 127533076664.95833 107054479365.53969 96670345125.76512 86167112707.42091 75521061788.70372 64700174629.81825 53660233062.47001 30649306707.38005 18501384692.494213 6195593794.267634
1615.0002262565297 1007121127403.6606 915580590102.7407 822751106470.7426 728512782172.0519 632719316220.8569 535186601827.2517 435670735677.3926 385064953940.8297 333814464559.6836 281829068455.63245 250228919673.45612 228964629254.16446 196721497773.0455 174951104215.80066 141763003332.28146 119164553046.96327 107675363776.4871 96026715418.68558 84184183006.22508 72102079275.65979 59719886813.02928 33732829883.353092 20004743081.405327 6362749700.833311
1625.0002276574996 1205811188743.86 1097554090957.9436 987576718644.3435 875710974023.5427 761751265739.6337 645439181951.8887 526435704640.0898 465782972171.25775 404258412908.1045 341748443197.5583 303701385904.1184 278079321184.6076 239202308844.80038 212938727709.4652 172890208792.5247 145623155303.1945 131764721130.09837 117718426472.4879 103443422812.7845 88883448943.46759 73959294030.0928 42516081144.22308 25652052157.2205 8393011407.981692
1635.0002290584598 1402834617648.0576 1277507998434.2625 1150175387293.2834 1020621707410.2734 888576571709.4159 753687906388.1244 615473378319.8402 544909273969.00525 473215546702.893 400220473706.7769 355698934058.0955 325671520010.9232 280035525761.1811 249154961562.09085 202000882387.51138 169877701385.6246 153560244434.302 137039823425.82635 120282832056.55283 103243637289.49863 85857389641.64998 49604097377.72297 30387684369.529907 10599865489.83786
1645.0002304594298 2104857404513.815 1919917400530.7178 1731664856528.259 1539723658805.7256 1343620564702.9546 1142740792011.8022 936249523757.5106 830542601136.8032 722931420822.75 613138407493.065 546057699678.4501 500766124775.1974 431856331098.0808 385175802719.30566 313812195687.00366 265129366960.42722 240372843111.08362 215283357251.20905 189800538794.16403 163839863295.55804 137277159295.90999 81444413757.00438 51315407195.07812 19136295475.61162
1655.0002318603997 1286894016570.2678 1172577145251.5466 1056403623973.4927 938170891864.4291 817623709314.3826 694427768115.4554 568119140123.175 503591819534.20795 437989243605.10114 371131529955.3627 330305766555.0115 302741888117.3802 260787080294.3348 232337608161.9696 188754290962.65567 158918442842.2884 143699749663.82004 128237682695.50963 112489589358.29521 96401621623.38025 79906312804.36894 45359398537.90971 27185052381.499783 9022627844.154821
1665.0002332613699 2511909455550.941 2294003931569.9854 2071865733892.9392 1844998540432.073 1612776034737.0193 1374382330902.8223 1128707862132.6228 1002666486045.9678 874141099760.4423 742768257395.3383 662373405750.644 608033515964.5234 525261358122.3604 469121515655.4303 383181956402.7701 324468479386.942 294580482067.6415 264266592111.53342 233449227114.54715 202018908815.7999 169813162776.9745 101866295392.4365 64905862052.69602 24817535742.516056
1672.0002037244697 1679989192452.3472 1531575074115.4204 1380652804655.6824 1226930801152.7126 1070036030554.6655 909471505753.789 744536282363.2468 660116318680.3853 574152581809.0852 486379118392.31616 432691729499.36926 396405504027.4599 341121246468.8516 303607792811.0749 246146236644.17273 206875336085.97632 186892404261.44382 166643259932.4732 146095025576.87317 125206162232.10974 103920787202.79802 59780944768.09473 36599680046.287926 12863935129.226479
1677.0002044249497 2699883089559.9863 2469334994191.8364 2233858752473.0513 1992858550242.2678 1745581771711.9885 1491046155554.4402 1227911299338.3428 1092544463093.4861 954221557216.8573 812500757280.715 725589799204.3579 666759708703.4476 577004311709.8038 516021781390.7966 422484857063.62384 358438146043.9029 325785683119.04517 292631042475.9817 258885863166.58292 224427750855.49768 189080072907.3704 114466108070.20952 73958590464.96034 29832426227.125618
1685.0002360633098 5134176936355.099 4715258939380.115 4285195905646.2837 3842480802440.337 3385187872952.9067 2910767760907.945 2415683530351.17 2158854482801.5127 1894693182347.5654 1622014089682.5315 1453667158482.7456 1339189966124.2842 1163681932198.0398 1043835896897.4657 859098701829.2758 732055939605.5248 667167063220.119 601240954306.409 534149970478.22845 465720844728.6326 395701282834.34143 248951285746.93073 169955701491.83884 82733431191.00304
1695.0002374642797 9628326768030.271 8891206575078.818 8130387578091.456 7342019503129.006 6521168853886.833 5661280575565.37 4753206300168.886 4277088848096.6885 3783243646011.776 3268505046159.6094 2947873562738.494 2728466081622.5645 2389704899899.1084 2156560454353.1584 1793911402818.7795 1541933236682.818 1412330626745.137 1279990649843.6804 1144597072711.6755 1005749224872.4296 862916695908.9047 561838762845.6476 400056092957.97577 223382619067.6713
1705.00023886525 12425741670602.324 11449359297358.754 10450382900109.283 9423329445503.033 8361345084872.456 7255499864144.145 6093524079622.662 5486164458484.079 4857257619106.8 4202640233241.0566 3795213464064.1006 3516510586948.996 3086276680089.928 2790172384545.9326 2329426942736.279 2009026903823.1174 1844091116774.702 1675533294903.8425 1502898646518.9565 1325602989730.5667 1142863862937.1536 755963764012.0947 546837454212.9774 318043441145.662
1715.0002402662196 11750208542782.525 10799128708642.422 9837091980467.283 8857558964347.477 7853028111542.54 6814177640111.497 5728515790891.03 5162767424891.0 4577756408745.42 3969296095129.754 3590629415276.5376 3331531924258.393 2931326804137.1387 2655628667137.6885 2225992801934.881 1926585065125.885 1772189376070.0347 1614181112669.4456 1452087360809.0964 1285304399131.893 1113032891444.4543 746982027942.4994 548542491576.1125 331771474049.3237
1725.0002416671896 15330992973797.457 14117791530097.678 12886158544650.086 11627815523543.129 10333002436112.344 8989350802608.58 7580040534268.998 6843466523783.215 6080149194263.051 5284310672454.519 4787960846408.199 4447830660827.362 3921586949072.9253 3558396937064.556 2991220315319.0576 2594995668657.07 2390322840583.019 2180583752721.0195 1965095467669.4507 1742974846361.925 1513031586849.1184 1021919084521.7115 753351949734.8317 456688624967.3556
1735.0002430681595 18502410519309.7 17031626215379.562 15548913552753.459 14041150997704.516 12494503811373.438 10892327714740.688 9212467895081.295 8333863341045.441 7422337578987.454 6470328770346.207 5875443478969.527 5467172587600.739 4834333631661.552 4396615764563.123 3711179169895.408 3230741113174.604 2981971601783.104 2726578450796.134 2463654486174.459 2192033507075.5417 1910158602524.7515 1305680952213.198 973672408975.0214 605282770580.2614
1745.0002444691295 25979889362747.285 23896213185162.57 21812198364790.67 19703466713944.9 17547020733787.895 15316997874531.709 12980004811170.014 11757172085205.916 10487527508541.562 9159884017222.584 8329184901007.165 7758497039887.043 6872845826174.837 6259424276534.275 5297277972783.88 4621589377709.179 4271238238443.207 3911172621783.1807 3540028053329.8174 3156032941828.2554 2756794128954.7847 1897067315016.5703 1421996808353.8809 891745052865.2119
1755.0002458700897 35540190660836.15 32672684320431.977 29836209492984.92 26983591717746.246 24075708528295.723 21072404176636.984 17923848397386.625 16274110480518.06 14558464725829.47 12760397860858.129 11632709237624.686 10856591264138.697 9649536202247.83 8811398647929.764 7492720241240.47 6563178394628.6045 6079894462727.466 5582167197611.668 5067904973586.515 4534382189610.2 3977904347704.674 2772073588599.9756 2100282520185.5996 1345342725883.336
1765.0002472710596 33218760461374.395 30725942574474.19 28202832323630.89 25624289196230.75 22962939674625.7 20185048764578.49 17244690790934.629 15693422272931.453 14072763244774.318 12366244213092.633 11291769945528.3 10550357773516.848 9394076117313.684 8588808923049.35 7317625930683.042 6418204878013.245 5949383073633.209 5465627567778.8955 4964751510686.563 4443903799318.868 3899224588067.2573 2713441462270.231 2049207664690.4336 1298501268621.81
1775.0002486720296 36590072230850.01 33648828187167.5 30729685718724.34 27789789401453.168 24791284179706.586 21693728466967.574 18446106079509.69 16744407033223.107 14974673338631.418 13119820565276.732 11956431031251.488 11155685544469.893 9910202144667.107 9045260563710.986 7684125890569.637 6724365592952.48 6225243560311.277 5711093603325.452 5179725041677.458 4628284601010.868 4052911513493.057 2805427584840.8804 2110251400812.5925 1329680112268.6023
1785.0002500729997 48615793966390.73 44722198479600.29 40869144753766.945 36992447994082.484 33037763646797.26 28948777040393.76 24655373004385.42 22402419258677.344 20056593307311.914 17594529158818.0 16048339266193.443 14983182519947.48 13324829961502.605 12171959565757.76 10355597068283.734 9073205911080.684 8405739706440.093 7717763350418.961 7006293407372.859 6267441288313.993 5495933634286.739 3820581851854.067 2884286503307.274 1826966135705.8123
1795.0002514739697 55720456369359.99 51031804782849.91 46518247630216.33 42053396145148.18 37545803862904.65 32915936274812.73 28075143249546.08 25539744821096.29 22901287985162.574 20131884147169.58 18391680361067.348 17192075667332.117 15322596859895.84 14021289690277.988 11967454336564.305 10514068710031.842 9756278531499.023 8974115124740.537 8163945256761.789 7321026874679.914 6438925412955.54 4515369188987.531 3434952544163.596 2211172049825.4316
1805.0002528749396 62315472440010.27 57353887118274.5 52466159592184.08 47560544298334.055 42560668708491.18 37389154937139.99 31950775434980.457 29091348019439.133 26108423143992.504 22970044713605.484 20994333183967.67 19630808826235.023 17503398157654.084 16020814513344.178 13678052665783.28 12018161886653.84 11152031902928.225 10257558937164.04 9330525497378.385 8365412832920.435 7354700868547.569 5147118997596.125 3903529896049.383 2488512242271.4478
1815.0002542759096 60027624917460.48 55413454297052.22 50797447815434.76 46120868434314.945 41326001519028.81 36346211106452.46 31093565414411.508 28326764746241.723 25437425449336.742 22394547806156.43 20477512899294.98 19153846128656.44 17087551952758.648 15646731738228.443 13368344592986.53 11752573935723.445 10908840025271.29 10036942624569.076 9132593627553.54 8190149257496.439 7201870696752.609 5036620629610.108 3811079863368.464 2410506404666.1675
1825.0002556768798 76118432369836.12 70256435182016.67 64440530381580.45 58582762067477.805 52599786801219.56 46398328123100.39 39857208519894.26 36406884321833.42 32797013853225.156 28984888069133.49 26576216322930.844 24909343475364.785 22300317643644.92 20475414397706.43 17578886888966.861 15515728019248.113 14435073436881.482 13315788313107.502 12151936146177.232 10935721144529.553 9656486077406.793 6838753465827.855 5233569519921.719 3386541822582.405
1835.0002570778497 82769651355478.11 76435817208381.97 70137931932808.08 63779620630344.336 57270872318594.734 50511825367251.39 43373054058816.11 39605293050169.6 35662813133050.74 31499863335386.32 28870185678489.49 27050817196897.16 24204026652054.824 22213608745441.773 19055959601086.46 16808187588824.377 15631361645945.002 14412891429376.848 13146404128252.535 11823529706299.795 10432812956983.652 7372003169928.932 5628989682609.677 3619043969693.8525
1845.0002584788197 62561853660444.414 58001609203914.2 53355220917022.39 48581773697207.45 43632337251895.766 38443496849995.43 32926556382646.383 30005534493517.19 26945831784326.52 23714683817658.49 21675023380961.0 20265103549427.6 18061890672570.582 16524162635270.346 14090555704544.793 12363552351992.492 11461454222379.568 10529100717749.762 9561947768687.633 8554023152039.024 7497153095402.613 5182646664986.246 3873638739099.6445 2375733384069.003
1855.0002598797896 89806361196270.83 82997402921857.69 76219472128834.53 69363077458963.305 62328083231551.51 55004484238813.44 47250002824249.8 43149639325984.69 38853832479797.484 34312279478219.883 31440714284067.04 29452830579707.996 26340560323200.277 24163291268388.336 20707286937070.418 18245798045357.973 16956672279620.248 15621652218305.61 14233743697478.64 12783766887909.332 11259173513743.188 7903368430359.437 5993342193090.704 3795938635114.576
1865.0002612807598 107361852616376.86 98772626499521.78 90432610134384.08 82140170800868.69 73735302921994.03 65064960862923.07 55947055621184.52 51143982824257.67 46120894742668.96 40816273489541.64 37463293140408.45 35141857768656.664 31505768472218.57 28960074416010.332 24914084873958.246 22027010549165.715 20512684134262.09 18942441232671.71 17307496259409.814 15596273869678.047 13792883464189.896 9804035521937.104 7517036727346.253 4863572220803.269
1875.0002626817297 118050344068572.81 108789566337640.31 99757084269978.72 90746542044942.12 81589061008619.33 72117955341989.88 62130642814409.69 56857667229473.53 51333766186306.12 45489193235540.61 41788681949103.44 39223649107628.84 35200856611163.74 32380500701818.582 27890928464145.18 24681733645033.715 22996484936378.84 21247519296219.004 19424807748495.727 17515116767481.066 15500235753446.352 11033487590736.705 8465044906443.823 5478488102212.126
1885.0002640826897 128881530582133.0 118692006758390.92 108813294517114.45 98999840969333.27 89054440893016.61 78787326696468.27 67971862848616.09 62263118080833.5 56281713145931.31 49949908650637.81 45938119080764.875 43155603338448.055 38788178907386.53 35723081577591.13 30837334228894.17 27338933706199.824 25499438494829.168 23588447001832.11 21594560021342.863 19502730944042.453 17292251276358.438 12377074396029.865 9538749233096.914 6221246168803.195
1895.0002654836599 166566390535746.75 153540910337530.4 140908726821753.3 128358830615280.03 115637570970278.73 102496489780105.9 88635134199393.55 81307174982616.0 73618103722537.3 65463771343649.79 60288128118926.89 56693759671745.92 51043715294934.12 47071870838444.32 40728355008572.195 36175774336519.55 33778159205430.152 31284339431815.05 28678829648437.26 25941154148961.266 23043083222764.277 16576992047450.232 12826646973632.932 8423729763472.773
1905.0002668846298 162365636189103.44 149793136463159.97 137538266701465.2 125326665957395.5 112927344248405.86 100106554291841.67 86575589114461.78 79420435197312.19 71911719130024.12 63947698101505.53 58892298413842.0 55381136017569.88 49861260896122.25 45980342926855.71 39780692241199.01 35329974005444.89 32985401333312.242 30546224759784.562 27997150175016.684 25317959544416.133 22480802799755.086 16146820669620.852 12470838548498.69 8151624193214.9375
1915.0002682855998 182109919417523.47 168439266134503.34 154956716834368.44 141401244388256.7 127540735576295.55 113127275939347.03 97844480160861.02 89740229528426.27 81222973254926.16 72179304138821.16 66435280501805.22 62445101875330.086 56172026689417.586 51762182041978.26 44720223983312.664 39667933418479.1 37007849843301.16 34241624386133.582 31352212541961.01 28317063740442.387 25105079026777.906 17942790347779.63 13791846854130.588 8918406501781.002
1925.0002696865697 191056400481672.88 177756167665508.84 164311066312036.8 150552683905335.03 136296161243287.44 121311075711168.38 105277704651446.58 96724469694626.42 87702024853531.19 78087869059318.42 71964453561660.08 67703194848119.41 60991589080166.43 56264340017609.55 48699288015525.01 43258548417400.984 40389138840604.56 37401439134133.71 34276249490334.73 30988113942753.324 27501859272492.96 19699471542137.832 15155497315790.514 9792443101259.893
1935.0002710875397 134563338352691.11 125822682804131.95 116757952252621.89 107289157551040.81 97312052649319.39 86683829193215.52 75196327236599.92 69034659452312.27 62518966212722.5 55565682026546.12 51135052816559.17 48052126805586.02 43198624875680.67 39782785081631.69 34323135783180.105 30403266411731.195 28338702121158.19 26191337038728.977 23947964511256.926 21591106707106.04 19096645322349.992 13532819315021.936 10303133326290.115 6479375634460.199
1945.0002724885098 249189242708457.3 230982901362140.34 212988341124684.12 194877088717126.5 176341398806719.66 157037897133087.84 136516154388194.62 125600640292344.4 114096185792883.53 101835805455892.2 94020212023517.89 88576105246102.14 79989672834823.78 73931199115572.7 64213073593047.31 57203451249535.76 53498761414534.555 49635028093717.11 45586074771589.36 41317160037322.54 36780199574208.04 26579006337893.87 20601617910289.812 13511113593393.658
1955.0002738894798 260864583801774.94 241893862845563.1 223110241770433.0 204175317635266.8 184771408570608.84 164543243645189.9 143023852984210.28 131574586643210.92 119507086857594.48 106647614787272.25 98451274319189.14 92742679827465.28 83740528574483.52 77389878423789.12 67205130055420.19 59860400579557.27 55979023361506.75 51931266631212.17 47689676908932.33 43217819940339.08 38465303703092.51 27780504462959.277 21521665077925.234 14095960089901.92
1967.0002450530596 339292124839000.0 313988058886868.75 289279611973042.4 264636017575084.1 239586245713643.44 213629292360976.12 186125274273918.0 171514621044018.6 156117127369737.53 139697703958858.38 129219338592354.75 121912790503642.52 110372651588713.86 102215558857637.81 89100222429312.92 79611886983029.45 74585959557522.56 69335046909769.67 63821361739259.18 57994657711593.73 51785266213513.15 37749199872678.68 29466441717696.875 19567756356797.125
1976.0003378666797 337478521938153.5 313285225924599.9 289342196326472.6 265226624435442.8 240529496290051.78 214782734780636.47 187362243053234.28 172747601511335.22 157315123004173.62 140828079000923.94 130292166318775.02 122939490888918.39 111317222574798.95 103095652936947.66 89866150229141.16 80287409136722.9 75210950702382.84 69905259489959.54 64331815107596.07 58439368199972.95 52156821419954.7 37942266202856.3 29544214773376.992 19496016872780.33
1984.0002169171196 358748912339643.3 333260450719156.3 308000390576688.3 282541227599494.9 256457679487463.38 229252948475343.88 200256938286923.38 184788351146559.88 168439818346555.4 150954149440367.06 139767294073084.31 131953665324234.88 119590408685622.16 110834700693698.17 96726582031237.34 86495593912704.84 81067530601949.66 75389697444375.81 69419938869362.25 63102142600601.24 56358428710051.26 41068185853015.57 32011412905831.74 21153478031105.758
1995.0002794933596 380999405868050.56 353261127337171.4 326071672752872.5 298873071230538.5 271152627912816.72 242350239703180.75 211738384259205.4 195434115013767.1 178216329619572.4 159811589458107.78 148039921316265.5 139818307615552.9 126808844565451.47 117593930775421.7 102740716234837.52 91963409826324.08 86242763753764.6 80256438188137.52 73959209430592.83 67290814255155.95 60167504009085.414 43990286600861.02 34384894483417.63 22833440258578.57
2005.0002808943195 389780029556596.0 361323421561747.2 333527984010109.7 305798094413451.8 277589549476612.6 248314383671939.25 217214525536679.88 200647692453697.53 183144794989583.9 164420739607450.22 152434048892358.38 144056133060797.44 130787340624142.84 121378606647854.25 106192505954350.77 95155658275052.38 89290384018935.31 83147225460106.98 76678614208689.58 69821178632994.75 62486887521207.69 45793001007381.12 35852015732406.34 23855594127031.676
2015.0002822952895 431068193693164.3 399490105915428.75 368685726693380.9 337974415698830.0 306741174640711.0 274328794180153.72 239896162504877.75 221554576842816.7 202178137971593.62 181452911032404.47 168187622712062.1 158917559074249.6 144238874156665.12 133833063029141.69 117043090031893.38 104845370624208.55 98364968911983.88 91578936699555.95 84434973086901.73 76863358965879.48 68767156232249.734 50344890988116.625 39376529004390.25 26139430843593.215
2025.0002836962597 366167680624070.5 340547272619151.0 315115052577342.3 289423994242435.5 263031472432835.72 235423607089637.78 205908196509558.22 190125830871156.56 173418642650430.28 155518999508794.7 144050800002921.97 136032916429752.89 123333109558093.14 114328769512738.92 99800880658891.56 89249468175178.14 83645461247520.34 77778885405761.34 71605219544030.89 65065224337744.89 58076780898804.53 42203226873841.98 32785587108887.812 21475260717455.285
2035.0002850972296 491039690801485.6 455329634488126.44 420532852277224.75 385844352739046.56 350547604909752.3 313883302069972.5 274881217574986.4 254078795680575.8 232079277611269.53 208518520226769.22 193420347393371.9 182860344093979.16 166122617772229.5 154243988961863.8 135052420286091.9 121088659834335.7 113662059454006.45 105878900569813.02 97677836883142.16 88977010000082.42 79662462538954.62 58419455253764.77 45734085535088.11 30383018495999.703
2045.0002864981996 567160069010937.4 525488567939914.44 485103338466332.5 445009893822937.06 404338559047243.75 362185270258954.25 317409521453960.5 293541552703043.2 268302107063788.2 241266000812207.28 223933888863411.06 211806751918266.5 192575042284988.4 178917417706371.72 156832271165548.34 140745291078790.38 132182351717255.23 123202391216050.69 113733101543550.28 103677875910505.27 92902036263866.28 68273380247096.55 53522470746358.82 35619486036503.07
2055.0002878991695 592310957101042.5 550059271095814.56 508646386633374.2 467207414708272.94 424933825261244.75 380931550291513.8 334029155630878.9 308972195091250.3 282440752914025.25 253987169420310.53 235730899574557.94 222950923626731.25 202674693269365.84 188269199224208.3 164965419853799.9 147984391641820.94 138943579694542.8 129461106989595.6 119460526982806.69 108839776672842.56 97456762202408.44 71441845145109.08 55870532948503.58 36994966685261.0
2065.0002893001397 598531651331854.6 555966717320115.6 514222714340853.1 472430509280461.06 429775556311206.1 385355021554528.0 337983721208237.44 312666553177196.4 285852068552871.9 257085968508495.12 238624004742645.6 225697479744671.66 205184151491288.47 190606573509804.22 167017479809454.16 149822651408237.3 140665774821037.7 131059736401166.3 120926602597419.53 110162221541070.56 98621395610627.86 72224901990648.34 56405258727845.79 37209438247601.984
2074.0002295258496 631279906461148.4 590039906325986.1 548468689807627.9 505977835014739.3 461901258750929.94 415389210180413.56 365238171644786.7 338248051019603.6 309546424378318.56 278647154034886.47 258767346514811.78 244828917933902.53 222681837113615.12 206925058417601.94 181400377589398.16 162775674845429.94 152851267393047.66 142435595868850.56 131443408496533.06 119760652253795.28 107228203047482.03 78534559440347.45 61320099227600.35 40415908802697.5
2078.0003216389796 766392858682015.6 708982163079246.1 653955230999012.5 599813464254218.2 545276606190210.2 489049877630650.3 429530991864712.8 397844328246605.0 364336802614760.3 328414741585499.4 305355050444393.5 289199988629449.0 263537005844516.34 245272898978934.16 215654200108955.66 194001254258008.97 182444317047044.5 170298627898333.78 157459853346318.88 143788291394808.8 129088788260431.48 95277921718752.39 74865581951956.12 49924473709524.57
2085.0002921020796 812457544070868.2 749875101110927.2 690755761224867.2 633253751904653.9 575813364361409.4 516934826639705.5 454848554490467.56 421852319067936.5 386974499649305.56 349570445134152.06 325536261645603.3 308681195336723.44 281866855019395.5 262746663196534.97 231658615980760.75 208855729906331.16 196654956068543.38 183807999359997.75 170198693215673.4 155671520147216.25 140009311522044.19 103801394270905.75 81801803489316.86 54735449438166.12
2095.0002935030498 1347274929875601.2 1159698362352068.0 1005719461454640.8 877726964867853.9 768475279059351.9 671208626329512.6 579643763150081.4 534091237417576.25 487606122415906.94 439203535179055.3 408714524018043.0 387560773559925.9 354219671382696.06 330630720456826.9 292506563892304.56 264653710247457.72 249768333725282.22 234096418470629.75 217486409010920.22 199734620403990.7 180555321666803.1 135953921172963.42 108582556682450.8 74438726959405.94
2105.0002949040195 3172726749355991.5 2511447129595055.5 1975543559066931.8 1552588168489099.8 1226993339212343.0 980175462106375.6 791042569320680.4 711054334779472.1 636945471299206.5 565847797470243.2 523424383345438.1 494826446115688.44 450883657875792.25 420486402056991.8 372317132361352.5 337714269773883.3 319380597747286.56 300175613471648.75 279910959564612.28 258333058679259.72 235084584152308.1 181087060607200.94 147776094086454.2 105406124935155.75
2115.0002963049897 4116412256254540.5 3200939526759110.5 2466274084194111.5 1895422433104260.5 1465927606032799.8 1150247797391810.5 917007920306798.0 821006689678660.2 733341614467619.9 650147108047395.8 600808396001778.9 567638761422552.1 516769811059359.94 481626790724739.94 425967253388208.9 385974551194504.56 364771817961373.8 342545381843629.3 319068453571955.7 294033879677621.94 267005185547058.3 203871726970293.16 164502091009965.78 113516652120209.53
2125.00029770596 3382553602949371.0 2640811994177100.0 2050119974401359.8 1594037015518597.0 1251653460105270.0 998260088669954.5 806816958672115.0 725786158478585.1 650204186503957.6 577016236837819.2 533004434774073.1 503199379113261.06 457207232644726.94 425268627785949.25 374478639479714.1 337877948985441.75 318452171103163.5 298080573183619.06 276561253815512.94 253621159957862.28 228873112255565.0 171221936122262.8 135459781763037.47 89552861608777.23
2135.0002991069196 3579964985934787.5 2815539493221353.5 2198725316914034.0 1715725220212057.2 1348189486809828.8 1073512423945438.5 865817819649849.2 778532495143570.9 697732989493122.1 620097350908007.6 573657305542150.1 542291099545922.06 493993514536442.7 460512231777367.1 407342057137656.8 369067690899984.0 348764376383657.4 327479256644326.7 305001807714116.75 281048078418251.44 255216896339349.9 195113547831081.2 157933897485338.56 110483121495746.8
2145.0003005078897 5246385694676742.0 4065613218282894.5 3110580928955652.5 2364019983267457.0 1801187597743740.0 1389918976299399.8 1091803384501330.4 972104821990575.4 864917948694598.8 765127704044934.2 706743589997011.0 667777602300533.9 608400259302954.1 567612993104364.6 503347878456643.9 457394083500718.4 433099652895055.44 407681285875429.5 380886978591283.4 352377824372590.25 321676495593240.6 250374895508135.84 206368456634453.84 150430222307060.5
2155.00030190886 5076040486769001.0 3930782156769862.5 3009312505700386.5 2292860141987404.5 1755274555910994.8 1363346914915923.5 1078334131410380.9 963022078895114.1 859011448537121.9 761426945985941.6 704004553040512.5 665559405524735.5 606812772133816.0 566359524284552.8 502484461124096.44 456726252409328.6 432513096589943.2 407166861080207.56 380437835910950.56 351991008707526.5 321356387388449.9 250284170139852.97 206580849385496.44 151523936200452.38
2165.0003033098296 4570047174977921.0 3597788247532606.0 2808179381659152.5 2185635370807253.5 1709053157789928.0 1351924669991956.5 1083176700589852.4 971415019418501.1 868993143605723.0 771660562558982.6 713932848659923.5 675131873941251.6 615646112316103.1 574566513721799.0 509538583115519.8 462848775091929.44 438111853245064.6 412197120501685.7 384848661542440.44 355723342748768.2 324340214927264.2 251492068077689.22 206710895002070.34 150505887110966.0
2175.0003047108 4585304890384587.0 3609191296554168.5 2820396567528935.0 2201802790925903.8 1730445345292083.8 1377879840286338.5 1111434509371716.6 999697132195499.4 896543662954103.4 797805330949020.1 738954545060220.8 699299077918154.2 638374889169862.9 596225060374752.8 529393690113209.4 481334473907580.1 455848187352160.56 429131102484232.5 400916938835343.2 370848615530251.7 338425908862698.1 263083878158262.97 216736556187675.84 158613808840448.56
2185.0003061117695 6657956458588818.0 5155073312376512.0 3934580708763194.0 2977637227948209.0 2255510065585714.0 1729331304754179.8 1351268217656354.2 1201143046888461.2 1067838465275605.0 944713102734861.1 873057225373271.0 825359120843155.6 752824721364643.5 703076313780535.4 624766906406171.8 568795131965574.5 539205030441205.06 508243683165423.94 475602822847629.3 440870008404290.94 403468580863631.06 316715502438809.3 263449990123765.3 196789337849363.53
2195.0003075127397 6429230095013590.0 5031900191257022.0 3899372027679566.0 3010597354645749.5 2335838546249623.5 1836745222641191.8 1467675214469550.0 1316356448753290.8 1178751222183514.0 1048686478554380.0 971733268622285.2 920043883318067.5 840800577750844.9 786049448080621.2 699284177874986.2 636884029660378.4 603780271083301.9 569064154554418.2 532383983014048.4 493268261050062.0 451056670836199.0 352822633534172.94 292313121271450.8 216465724027908.7
2205.00030891371 6138250884098647.0 4832969059131483.0 3769991040974706.0 2930723672641015.0 2288631246392429.5 1809156064264653.8 1450702300567912.5 1302522426260875.8 1167162114548218.2 1038770463919298.9 962648422270769.9 911465776525460.5 832934828976706.9 778638973423384.9 692548442386233.8 630607267187589.2 597740551430033.5 563269473835456.1 526845448784888.0 488001478598812.5 446084421203461.6 348571291421106.56 288567813613685.1 213450976068955.06
2215.0003103146796 4088212933580481.5 3305732535691637.5 2667383658876509.0 2158252460772324.5 1759362467523735.2 1447948251520068.2 1198206746275066.2 1087864783037246.4 982505680579309.5 878520099037099.2 815192651168115.0 772007289483592.4 704936310962415.8 658077037123631.8 583135206005972.9 528850165284340.5 499959224164698.0 469613352222234.5 437516127876782.1 403270581206064.94 366321707366595.4 280520107683044.53 227898094995072.47 162215478008598.88
2225.00031171565 5695319585604357.0 4552269605355265.0 3614192992960056.5 2865005776132144.5 2282142074909699.5 1836395931800761.8 1492499505549160.0 1346456370160330.2 1210805829545894.0 1080297860517957.1 1002206290554669.0 949450046227393.9 868172175896240.4 811772341719965.2 722053229313461.9 657309360501135.5 622898226722843.4 586768275392069.8 548550571326945.0 507749949735616.8 463672550834277.9 360935438880714.9 297560285147652.3 217984741742467.2
2235.00031311662 8952799237114443.0 7081369309977459.0 5523244040079776.0 4265159432538281.0 3283507352654119.5 2542753961886268.0 1994539107900842.0 1774127701411611.2 1578372849759725.5 1398421362383288.8 1294259761987194.0 1225151428934822.5 1120349918666036.1 1048626639401956.4 935883531567890.8 855346094549385.2 812761386415893.5 768184274484585.0 721155526513371.4 671059385842948.9 617033252387582.4 491282220751719.25 413705762916249.2 316323906749788.56
2245.0003145175897 8442966647417006.0 6702026538609329.0 5252921341450103.0 4082098568282249.0 3166455864119581.0 2472007012306929.0 1953174519759952.5 1742330986808234.8 1553520140524156.8 1378526056134678.8 1276640975251104.8 1208832513106020.0 1105726001578230.8 1034996075162628.6 923579567329453.2 843833263788164.5 801618425938807.9 757394277310845.2 710701189672909.8 660922403600047.8 607193497172504.6 481960873727273.44 404578305845462.8 307229991080913.25
2255.0003159185494 6069992410023866.0 4926668718357742.0 3968238628997050.5 3183629698178095.5 2556321901439948.5 2063580900990072.0 1675878461052372.8 1510287003107230.5 1356772659881619.0 1209769596624326.5 1122188826781072.6 1063170211966894.6 972443044626250.8 909604272238846.2 809797999530564.5 737864145531107.0 699652442708122.5 659542018711973.4 617119262289431.9 571827936170696.2 522886341698866.8 408663344790780.1 337983133497738.4 248789245372392.06
2265.0003173195196 4948673199727975.0 4054379783102531.5 3311777815539960.0 2706946844741376.5 2221873388203543.2 1834396891664512.8 1518419146916536.0 1378138572026821.2 1244434372909152.8 1113101488642208.4 1033516375822799.1 979418800191865.1 895651298374166.9 837274939010009.2 744072801156712.5 676598934221009.0 640672260855423.1 602906303289907.2 562910293581278.8 520158684597701.0 473913787614497.94 365884608256119.2 299083879165963.94 215075224997519.9
2275.0003187204893 6271649421273001.0 5102844843228805.0 4128002806426816.5 3333578404750364.5 2700171759036371.0 2202012661178476.2 1806791085673724.2 1635988430238928.8 1476087538701129.5 1321451600966185.2 1228663471270816.8 1165890277304713.2 1069048718254503.9 1001752118342790.6 894510288705096.9 816944911465619.5 775644459500406.0 732215187302683.0 686192235250876.2 636948678115212.4 583601229045076.2 458485444959653.1 380571655311099.94 281564606452792.2
2285.0003201214595 9673672361477462.0 7748887520869522.0 6123803977050281.0 4789240479699170.0 3726734602297722.0 2906586792488078.0 2285977155820990.0 2033205757219523.8 1807810058983855.8 1600615809607983.5 1480972885009258.5 1401769219418570.2 1281951911045776.5 1200149517551085.0 1071835381487797.6 980318741348512.6 931953142274913.5 881327273547071.9 827904408687329.4 770962483434994.5 709486394161331.2 565937348221493.9 476878975296367.2 364214299566265.44
2295.0003215224297 6919285425991867.0 5634028601001135.0 4552895019059566.0 3664479680448069.0 2951246817102151.5 2388648402910670.5 1944409887468611.5 1754400447976927.5 1578285822943950.0 1409846709429452.2 1309653370826136.5 1242213376828860.5 1138659196163443.8 1067007381126025.6 953271291916428.8 871293991041985.1 827724048311569.6 781957768747766.9 733503750298868.5 681698231225807.2 625604163104822.2 494053968857768.7 412073091834492.1 307929698487307.25
2305.0003229233994 9300635911221152.0 7471162733490835.0 5929335503685488.0 4664758344877371.0 3657998398534437.5 2878859859125089.5 2284800945967057.0 2040255997215187.5 1820055024540200.8 1615315178283456.8 1495932921053835.5 1416416712750365.2 1295396856510898.0 1212284083788465.8 1081168535076733.8 987152193544933.6 937317753195242.4 885057858229280.8 829816077622780.8 770844083025604.8 707090517203643.5 558005825171428.4 465455863714794.3 348252210482606.25
2315.0003243243696 7504949600327069.0 6133127511370398.0 4979815248687255.0 4031906839504666.5 3269666675980490.5 2665774975723075.5 2184576705718099.2 1976486360755306.8 1781814693252304.0 1593699547360167.0 1480846053599862.0 1404483762564523.8 1286625365739305.8 1204673168418410.5 1073981137986827.8 979386232545192.9 928998147132027.0 876000002072884.8 819824254686493.9 759705075681180.0 694562742521097.0 541738256819470.3 446551715075133.7 325597473729801.1
2325.0003257253397 7097305138401777.0 5847459856773889.0 4798388138474345.0 3934796483567709.5 3235552499559246.0 2673179700315144.5 2213620365999034.8 2009996539183647.8 1816434266740122.0 1626851494040084.0 1512196165344360.8 1434332667460641.2 1313837861758472.5 1229887299845228.0 1095813882486164.5 998657318659715.8 946871663726377.6 892380707261299.2 834598462282980.1 772734199220240.8 705673489238631.0 548254489163322.94 450132753330742.4 325164743329039.44
2335.0003271263095 5474884441878543.0 4675298943062361.0 3989498117910982.5 3405623775177224.0 2909076294815872.5 2482324156405369.5 2104620068278035.5 1926657519973347.5 1751327591004162.2 1574491488478003.0 1465558327776566.0 1390895950774185.0 1274466483718629.8 1192826866307680.0 1061763054216870.1 966392813562002.8 915459124308371.9 861806237851273.4 804860642732095.0 743846748280942.2 677668817652824.4 522211320268354.3 425234427656637.5 301573200467072.6
2345.0003285272796 3186216874134000.5 2843944190748436.0 2538251027455940.0 2262753866494695.0 2010378326314718.8 1773200928237794.8 1542073750807765.5 1425359327427561.5 1305564186271670.8 1180330643842001.5 1101242650829930.0 1046283456777756.1 959506840297639.9 897983450971850.1 798273789553537.6 725159465262962.0 685971818716427.8 644615009631231.6 600658561392339.2 553520243394629.9 502376669774534.6 382323880968454.6 307518939375360.4 212048944790105.53
2355.0003299282494 7485760882413384.0 6260032371424026.0 5219216432708497.0 4348735391772677.5 3629007918144243.5 3034859790475814.5 2534947074505148.0 2308725054859493.0 2091232908643739.8 1876391762547364.5 1745827152637759.8 1656955624785474.2 1519159490331774.5 1422984286551191.0 1269107703220297.5 1157375512508541.8 1097736726926251.0 1034913785474849.5 968213101959972.9 896695788093472.1 819033418432837.2 636018813497064.0 521267109296210.44 374094324123206.7
2365.0003313292195 3912000025386809.5 3474146308107863.0 3085205669265145.5 2737476144582977.0 2422201216518189.5 2129395218579213.5 1847418140310429.0 1706141823393273.8 1561760291048708.2 1411345093352701.2 1316554963584543.2 1250749616216000.8 1146921710014138.8 1073341502478652.9 954105094517901.6 866656224469797.4 819773307222580.0 770283245387883.5 717666876088036.4 661222424559321.6 599958135057101.4 456056694123117.9 366348234168236.9 251802358423077.1
2375.0003327301797 5357213524466976.0 4664759203868729.0 4063680635760833.0 3542341414396385.5 3087030145064153.0 2681779682354040.5 2308010843003012.0 2126196092457556.2 1943489015315198.2 1755855984455746.2 1638742052132011.0 1557851894817947.2 1430771297981193.2 1341023679536607.8 1195929536206078.0 1089628430440747.0 1032627357228147.0 972420180476033.5 908343315005894.0 839497605615148.0 764609720318236.9 587824374581095.4 476881215389719.06 334422507539596.75
2385.0003341311494 2911816664950332.0 2660243818172281.0 2425661849853867.5 2203586420896520.5 1989072655194957.8 1776493790770458.8 1559013577293423.8 1445662896094812.2 1327184677345188.5 1201332623132255.5 1120960987458569.4 1064762583890542.8 975538540133102.0 911978347300381.0 808573196969975.4 732540654505157.2 691747490968850.5 648681103161936.0 602904191734343.4 553825011985766.8 500606532630378.25 375924308489397.6 298555742746034.3 200527374879934.38
2395.0003355321196 3975310820674795.0 3574806890648110.5 3213203428036872.5 2883188617451654.0 2576642112203746.0 2284421737283766.5 1995821374347122.0 1848773982958086.0 1697027472354295.8 1537573392748948.2 1436464364827139.0 1366019903736212.5 1254490544583313.8 1175192951081749.8 1046276070127977.2 951422854977800.0 900468012072497.5 846602201498761.8 789244873595780.8 727608753470199.4 660577594711172.8 502523248810325.2 403519868878780.6 276576031430981.12
2405.00033693309 4139375360361523.0 3739723774076749.0 3375339783639003.5 3039034438293164.5 2722941622759294.5 2418279901381487.0 2114735334666941.2 1959359092223686.5 1798696184743090.0 1629650443495463.8 1522388791047034.8 1447638675539709.5 1329275470717152.8 1245114604411988.0 1108297891700137.1 1007646018921760.0 953583377611222.2 896438959106027.5 835599236573149.2 770232271465253.5 699158365240819.4 531632482837348.0 426725835708397.06 292187788688155.44
2415.0003383340595 4829834770469580.0 4253002917273160.0 3745142689552838.5 3298009914083067.5 2901361428254487.5 2542545952089173.0 2205868514738647.0 2039815157483853.8 1871309167712510.5 1696508900309670.5 1586523650553702.8 1510181664314554.8 1389669638454154.0 1304171657471435.5 1165349346050028.8 1063234647435646.0 1008353085343197.9 950296806164546.5 888414300427558.1 821819655081883.0 749253143670326.9 577354880887107.4 468923307019602.56 328694235269858.8
2425.0003397350297 9767471750075462.0 8207267012565182.0 6860108076525763.0 5717054518300923.0 4762925750082447.0 3974589973073736.5 3318731055657136.5 3026610198244753.5 2749059716133279.0 2477628344859753.0 2313566248505609.0 2202100317382294.5 2029374017486579.8 1908763058697146.5 1715462474144180.5 1574694295004941.5 1499364634078196.5 1419836521078671.0 1335168418025674.2 1244076345788979.0 1144728545026963.2 908342739170571.5 757988091387876.5 561724927784491.2
2435.000341136 1.0418122628220536e+16 8781464821906177.0 7357194808447530.0 6139063801319789.0 5114711481750846.0 4263628527254630.5 3554331965738132.5 3239129767918087.0 2940711068372025.0 2650245905745208.5 2475415821081723.5 2356948717810382.0 2173843009091492.2 2046286928202945.0 1842273279644975.2 1693934419606154.2 1614599785228723.5 1530858221406699.2 1441701367108656.5 1345751714623902.8 1241040303738231.0 991393477199571.8 832029445845072.5 623077879737527.6
2445.0003425369696 1.3539964348226672e+16 1.1301207675866776e+16 9353423416771356.0 7692197119478985.0 6304924842450513.0 5167875020243293.0 4242115247782145.0 3840890957223574.0 3468380635575942.0 3113091824977875.0 2902581852673338.5 2761241051539823.0 2544636781358760.0 2394923340179292.0 2157158533454220.8 1985345335820301.0 1893750472809175.0 1797250177321005.0 1694679941071146.0 1584449245881686.8 1464285034406441.2 1178078008871823.5 995432921637394.6 756026038668449.1
2455.0003439379398 1.4733531166867668e+16 1.2252318050018548e+16 1.009231500891363e+16 8251381864767461.0 6718223032560645.0 5468935121389008.0 4462207769117911.5 4030647966072283.5 3633254172878133.5 3257250522293685.0 3035711922628773.0 2887399799515450.0 2660661838010006.5 2504257248378290.0 2256260300989849.0 2077275602074105.5 1981912199648339.2 1881471607266374.8 1774736975590107.8 1660045177241316.8 1535016372105384.5 1237067431160551.0 1046670005790504.5 796638255828042.4
2465.0003453389095 1.1354219161988884e+16 9578616574673410.0 8043357867368623.0 6737964636952000.0 5644715239309638.0 4736549312407041.0 3974458649450157.0 3632030054270582.5 3304610667849312.0 2982521698881404.5 2787077135102667.5 2654025387465655.0 2447500637369821.5 2303067469347539.0 2071225974472980.0 1902095063494380.8 1811474772043380.5 1715710899489772.8 1613644730716416.2 1503692782959100.8 1383589154781070.5 1096823862420376.5 913381446272541.8 671967960933234.8
2475.0003467398797 9997177325000092.0 8479770517400904.0 7164576842864376.0 6042501049049460.0 5098039630056377.0 4307442194993057.0 3636426341659815.0 3331534213342898.5 3037564388619965.5 2745896689334817.5 2567729899556317.5 2445958832029502.5 2256230634508871.5 2123073881951678.8 1908626318035890.8 1751711302053203.0 1667495049896111.2 1578403238287473.0 1483349967284065.5 1380850436634968.8 1268779781620242.0 1000844326364065.9 829305223991758.6 603468902390500.9
2485.00034814085 3962929578309662.5 3578017287956955.0 3237001674869944.0 2929223664810185.5 2643106004005566.0 2366271233466606.5 2085303835221118.5 1938477152132367.5 1784215878101286.8 1619217925548778.2 1513172777067691.5 1438702137642803.8 1319929711194363.0 1234927391697971.8 1095977144035903.1 993324733991676.5 938094769988751.8 879678483093013.1 817471050612618.6 750653540586875.8 678065341272214.0 507447744476019.7 401110239109449.2 265748954900069.72
2495.0003495418196 6764982386254481.0 5849214975368762.0 5055876003040589.0 4374508247800105.0 3790467206936825.5 3284144167397923.0 2830141310601454.0 2612999202070351.5 2396185123611227.5 2173998758326821.5 2035172410005587.2 1939115333456218.5 1787822217874941.8 1680638311953045.0 1506671191661272.0 1378611339913494.8 1309706542179245.2 1236729542677254.5 1158820404796220.0 1074805500563388.8 983008489828365.6 764188896976745.8 624786088290943.5 442101005603288.8
2505.0003509427793 1.1065900168361654e+16 9396847562583584.0 7964760469837687.0 6754346114744863.0 5742292835707105.0 4895684416583578.0 4170455266083587.0 3836224482155877.0 3510073544404843.5 3182439637309516.5 2980419716791734.5 2841596912260603.5 2624201625157779.5 2470899707950145.0 2222888491332048.2 2040638525382106.8 1942586100587774.2 1838693143045303.5 1727679031748500.5 1607792868478418.8 1476528628454709.5 1162046370352493.5 960198799815290.4 693505862922922.6
2513.0003825811395 4751739326346706.0 4410873477799743.0 4087812816730622.0 3775074925690813.5 3464738024277450.5 3147974815669271.0 2813829660210435.5 2635553499134809.0 2446141842274874.5 2241421784029882.0 2108729926380692.5 2015015703629120.0 1864603707002659.8 1756196030970092.8 1577471846985443.5 1444077947423531.5 1371769499248438.0 1294837424305808.8 1212356683789431.8 1123062192900708.0 1025142708589526.6 790557287115756.1 640501340153500.6 443815327644082.44
2518.0003832816296 3292353912927589.5 3114301346847926.5 2930503247344757.0 2738509538714873.0 2535129238997865.0 2315894633603399.0 2074036645965178.0 1941379242469242.0 1798238626746481.8 1641545200808282.5 1539179909246275.0 1466622189672022.0 1349894186131071.8 1265684162704739.0 1126993377648818.0 1023809649556591.5 968063958779815.4 908935996938730.1 845787576965958.6 777751508671703.0 703595458175037.4 528280040819876.0 418288160510254.0 277414370000123.34
2525.0003537447196 3266021100125336.5 3080544171017013.5 2893479698793350.5 2701580268146832.5 2501081429593364.0 2287196010658864.5 2053095770897257.2 1925272670934840.5 1787664192949931.8 1637266509741751.2 1539076354254966.2 1469477093066049.5 1357455489059899.5 1276559567014462.8 1143075149581043.5 1043469543832747.6 989518301864621.9 932165880821204.2 870746389618306.1 804349736185223.1 731674617504256.2 558279314835909.06 448048036797181.0 304501728903985.06
2535.0003551456894 4995793054442261.0 4659058246307194.0 4333218416106130.0 4013502137128434.5 3694228399949891.5 3368232355474985.5 3025648776074131.5 2843657490917609.5 2650913338397807.0 2443206611408600.0 2308825204153328.0 2213981397406484.0 2061762838459718.0 1951969818971731.0 1770575075691987.0 1634663986157652.2 1560727647982517.5 1481812975773004.2 1396871984656793.2 1304459736545246.0 1202488347066106.2 954796854167138.6 793071955046875.4 575440928185702.4
2545.0003565466595 7110702717282194.0 6492445316884862.0 5909167995562176.0 5357445927647711.0 4832070924901575.0 4324943592505092.0 3823265600732588.0 3568418675486859.5 3306117392367885.0 3031032550381392.0 2856681382558091.5 2735133869741136.5 2542362355280482.5 2404870970761639.0 2180086468485699.5 2013228807228773.5 1922897813220355.5 1826758189176933.2 1723529043806280.0 1611439907535909.2 1487927980899231.2 1188126128978559.0 992202653730905.4 728164975457806.2
2555.0003579476297 2.138072597857776e+16 1.8829717534681124e+16 1.6387516529361532e+16 1.4065255968648324e+16 1.1876434214168402e+16 9837405687227306.0 7966968715319117.0 7100643040831599.0 6281968440141778.0 5509647302322661.0 5066248839348685.0 4777468288866682.0 4351383176214062.5 4069322803071671.5 3642260265240542.5 3348736079466498.5 3197019080530755.0 3040495242103419.0 2877592733861997.5 2706154071908215.0 2523066158867831.0 2099493343351816.5 1835339205022236.0 1492430031493386.2
2565.0003593486 1.6513871656119324e+16 1.4483998661300378e+16 1.2582876158614188e+16 1.0816979103733614e+16 9192241538692992.0 7713017341972411.0 6379220453598448.0 5763897201314228.0 5178499418856984.0 4616193178185433.0 4285274489623330.0 4065169117349336.5 3732050501904462.0 3505087104646125.5 3150294004372316.5 2898053164250676.0 2764884303344993.0 2625470100269556.0 2478176755714373.5 2320749515266868.5 2149925734823963.8 1744515309023595.0 1484962594490572.8 1140402819106885.8
2575.0003607495696 2.5227619539148412e+16 2.1920739158471804e+16 1.8815181800128216e+16 1.592383870223827e+16 1.3260035324830866e+16 1.0837487674919786e+16 8669406702905119.0 7683793162816090.0 6763573499636044.0 5905460715173367.0 5417013318686021.0 5100366149292245.0 4634852549193284.0 4327392485285538.5 3861910386585670.0 3541207938090814.5 3374961728762929.0 3202996945357965.5 3023460060394635.5 2833824429425076.0 2630467727900399.5 2156661599155077.2 1858972540722180.8 1470031059955113.8
2585.00036215054 2.1521949993011292e+16 1.870914357818195e+16 1.6095795648309788e+16 1.36892165055964e+16 1.1495243269417484e+16 9517227009113470.0 7753518386994480.0 6948547308293468.0 6190005797756182.0 5470393321945471.0 5052058569386547.0 4776191583633765.0 4362428610682957.5 4083055968644632.5 3650147742588777.0 3344928275619418.0 3184571475314960.5 3017240145498141.5 2841033964907582.0 2653341106232405.0 2450396380888052.5 1971692191990029.8 1667421160966431.8 1266057143334944.8
2595.0003635515095 1.849313472501646e+16 1.6155207801294552e+16 1.3996134957677612e+16 1.2017651158168596e+16 1.0218940327160846e+16 8595114633115620.0 7133881000838953.0 6456547212177909.0 5807298025587671.0 5176743805537019.0 4801577614069965.0 4550165250955723.0 4166742103772290.5 3903545619972446.5 3489223817922751.0 3192819908876826.0 3035830496971975.0 2871175248456283.0 2696949452877809.5 2510533863905472.0 2308155713860101.0 1828443731171902.8 1522604391026736.8 1118920247192944.4
2605.0003649524797 1.3874532732190386e+16 1.229151928900647e+16 1.0840918435101812e+16 9515757189188088.0 8305448905006178.0 7194107106929645.0 6157486199060476.0 5656012756422796.0 5157188655621966.0 4651890158978222.0 4340438872241343.0 4127104782244381.5 3794787825849030.0 3562035927034511.5 3188623615583212.0 2916743941183028.0 2771319854019517.0 2617841175013829.5 2454481494666051.0 2278731205641959.0 2086983041444268.0 1629768191147444.0 1337468107242894.2 952440181600804.9
2615.0003663534494 1.253946873376293e+16 1.1155028552965278e+16 9881731333238950.0 8713398956902348.0 7640551208701790.0 6648875034098761.0 5716417296787677.0 5262211345694621.0 4808157266613304.0 4345829525284120.0 4059667689181569.0 3863141886364366.0 3556209014699508.0 3340687939297576.5 2994058101773971.0 2741077722465657.5 2605575698195359.0 2462437810609460.0 2309945112359752.5 2145733067139463.0 1966398868590179.8 1538051692519180.8 1263609808512981.5 901019768062718.0
2625.0003677544096 1.9375368769285548e+16 1.6949885957005532e+16 1.4729912123826464e+16 1.2712999477034798e+16 1.0892439451843386e+16 9255097177929510.0 7777149818275971.0 7085565305635363.0 6415191722436208.0 5754348251617066.0 5355694600598390.0 5086119376994439.0 4671284549438098.0 4384035257573466.0 3928030706266153.0 3599145640790027.0 3424109859958629.0 3239927041533240.5 3044392213844950.5 2834465934150702.0 2605762217256672.5 2060530825412437.5 1710876226992036.5 1247185037852707.0
2635.0003691553793 4.692974739215537e+16 4.0697871612651736e+16 3.4782507828223068e+16 2.9222715328863548e+16 2.4061312296736276e+16 1.934542024251254e+16 1.5126263496955e+16 1.321909909238328e+16 1.145390302535115e+16 9832245307073184.0 8926115322649471.0 8347914301454299.0 7514705198305061.0 6977526863880131.0 6187241155779938.0 5659819143132646.0 5391863427890850.0 5118466191987226.0 4836941705976228.0 4543647799041106.0 4233370992633474.5 3524407150334427.0 3086205129672945.5 2519059582817143.5
2645.0003705563495 6.63924745463377e+16 5.76485275747006e+16 4.928594422244491e+16 4.13605030258273e+16 3.393576490008842e+16 2.708603497894124e+16 2.090102840114924e+16 1.8091251765183464e+16 1.549004860116491e+16 1.3112058193166432e+16 1.1796824176010642e+16 1.0966741644530268e+16 9789521228692996.0 9046698445753994.0 7984281555276306.0 7298980693987441.0 6958661848685693.0 6616943971295430.0 6270832730198186.0 5916356203426699.0 5547972210117420.0 4730902888727889.0 4242688340872190.5 3631646483906721.0
2655.000371957319 9.8763499943337e+16 8.645361818937824e+16 7.45060738696057e+16 6.299248319030706e+16 5.1997791290923e+16 4.162718769994128e+16 3.2020026955341716e+16 2.756178809255947e+16 2.337611752868674e+16 1.9503537802770188e+16 1.734949331118261e+16 1.5990397786205924e+16 1.4073576581065154e+16 1.2879077596758998e+16 1.1210377415502352e+16 1.0172707680536466e+16 9672441959329316.0 9181699298320192.0 8697473571689043.0 8215798593817263.0 7731315906926917.0 6719165812449972.0 6158762879700827.0 5513092559903326.0
2665.0003733582894 5.4877097566653416e+16 4.7957014631096344e+16 4.133640881050873e+16 3.5051848455640216e+16 2.9145088885934332e+16 2.3665144809683844e+16 1.8670916133660284e+16 1.637730540549502e+16 1.4231298469176884e+16 1.2240090150723348e+16 1.112066270483182e+16 1.0404902776658114e+16 9373686476086082.0 8710734831802662.0 7741699883746150.0 7101381580568852.0 6778562008850423.0 6451120532474315.0 6116127308443523.0 5769632316632558.0 5406029990367997.0 4587761405312863.0 4091888880695112.5 3464730500614370.5
2675.000374759259 6.467556290713586e+16 5.633320446540349e+16 4.835505639001653e+16 4.0789325809057784e+16 3.3691268363765236e+16 2.7126057461609356e+16 2.1172773358807456e+16 1.8454806578288996e+16 1.592619212274076e+16 1.3598084489115618e+16 1.2299911327987868e+16 1.1475024198438206e+16 1.0295107421971158e+16 9542646343252120.0 8452225676261253.0 7737823396372324.0 7379304182874699.0 7016592059503802.0 6646282572908734.0 6263795027526146.0 5862641855212797.0 4958393004796043.0 4407592081769891.5 3705314058925855.5
2685.0003761602297 7.893668995032027e+16 6.904654790286321e+16 5.951260074086429e+16 5.0389116712807656e+16 4.1739860336376984e+16 3.3643046954121204e+16 2.6199857297443956e+16 2.2764154186964636e+16 1.954584110502217e+16 1.656713560448264e+16 1.4903430382773106e+16 1.3847569991996898e+16 1.2343492491653982e+16 1.139173948391885e+16 1.0030685278900568e+16 9156039939545416.0 8723616231371190.0 8291140251230523.0 7855181823246379.0 7411155608847322.0 6952658110301666.0 5948003585792451.0 5357187613774625.0 4631586295221765.0
2695.0003775611995 5.407607651268206e+16 4.726153003622232e+16 4.073151811247537e+16 3.4523265646598708e+16 2.8679568059887836e+16 2.3251283004121936e+16 1.8300977924672844e+16 1.6028534012687954e+16 1.3904949106936524e+16 1.193914927176605e+16 1.0837102300329216e+16 1.013396368945365e+16 9123185745700058.0 8474661642084932.0 7527671046513613.0 6901488165972259.0 6585253061684678.0 6263876532378448.0 5934230068600935.0 5592096370097937.0 5231483909164383.0 4412139472510201.5 3908655819695118.0 3260343872803540.0
2705.0003789621696 7.133708284137235e+16 6.246130660465508e+16 5.3910013138969976e+16 4.573075310694606e+16 3.797806809033125e+16 3.0716961564609468e+16 2.402943543131393e+16 2.0933537349947696e+16 1.802463978025342e+16 1.532126619428834e+16 1.3805226332951002e+16 1.2840332327293138e+16 1.146161748783598e+16 1.0586308806482124e+16 9329974385668496.0 8519054477981952.0 8116802172623995.0 7713416515961470.0 7305488395432257.0 6888435923062164.0 6455826202679312.0 5498988761326382.0 4928369055452502.0 4212874302956475.0
2715.0003803631394 4.663082597121676e+16 4.0833334852732264e+16 3.5294477385265044e+16 3.0042514314489176e+16 2.510893738406612e+16 2.0529690218229396e+16 1.6346493184607524e+16 1.4417831968631548e+16 1.2605089209836504e+16 1.0911298453011862e+16 9951187300903758.0 9333007766745644.0 8434412964439278.0 7850252224398562.0 6984229780474776.0 6402044422967258.0 6104990445393995.0 5801009541540749.0 5487032873881240.0 5158873041826112.0 4810505653820370.0 4009524676375245.0 3510364004469918.0 2857189421112124.5
2725.0003817641095 3.1321117553387816e+16 2.7222654551449108e+16 2.344204183326813e+16 1.9992934202194516e+16 1.6884754559295564e+16 1.4119292994344928e+16 1.168365723159035e+16 1.0577916005946556e+16 9534356220745416.0 8536594234039147.0 7949711068490013.0 7558755400347949.0 6965158390267723.0 6558782917824533.0 5919212391090572.0 5460566550794514.0 5216899423582102.0 4960568631609709.0 4688284519266075.0 4395488202854730.5 4075551623316940.0 3306006175790674.5 2804828770638724.0 2127067032188221.5
2735.0003831650793 4.320863062636402e+16 3.7611475095978104e+16 3.2366520869562772e+16 2.7499615308573116e+16 2.3035607123115716e+16 1.899652530541828e+16 1.5396912930032882e+16 1.3761495138909976e+16 1.2230328863553062e+16 1.079263532720219e+16 9966601189464130.0 9426861450256142.0 8625831959998218.0 8091117377254558.0 7272113396518747.0 6700843574633995.0 6402352244511928.0 6091815528402632.0 5765564885502478.0 5418522538920280.0 5043299141128733.0 4154328359260187.5 3582674210841369.0 2815017211637593.0
2745.0003845660494 1.9996109005997164e+16 1.7942300102000628e+16 1.6022438985320586e+16 1.4232320530638778e+16 1.2563991215625708e+16 1.100329914475345e+16 9525068231253834.0 8803734053957237.0 8083107480099779.0 7350385284652177.0 6897367910133361.0 6586385886227118.0 6100698497687796.0 5759474761357117.0 5209858728913164.0 4807643723270004.0 4591655483641193.0 4362960876620348.0 4118590352939230.5 3854419120626514.0 3564438914402307.0 2863136252198916.5 2404493998784434.0 1781598015306022.0
2755.0003859670096 3.1918189578129356e+16 2.821416968833707e+16 2.473382328401302e+16 2.148459346262214e+16 1.847187851806855e+16 1.5696966623668918e+16 1.3151805850674096e+16 1.1957317124716972e+16 1.0805426661279748e+16 9682885834600438.0 9014759431126616.0 8567496475891017.0 7886782000558174.0 7420801025373739.0 6689638244456450.0 6168191702638783.0 5892400758924665.0 5603286734068758.0 5297343764053138.0 4969683642754856.0 4613157374909615.0 3760992144412318.0 3208513483770031.0 2460271524577351.0
2765.0003873679793 4.7095522166526536e+16 4.132336591835617e+16 3.5860826831530628e+16 3.073425152843777e+16 2.5971182671470348e+16 2.159922122926455e+16 1.7641426396575588e+16 1.5820451142817352e+16 1.4100627298699192e+16 1.247120872826287e+16 1.1528202703776194e+16 1.090935293379717e+16 9987351175715148.0 9369952451608568.0 8422598014832056.0 7761627792095563.0 7416503653922988.0 7057739170457614.0 6681195805817713.0 6281098916502698.0 5848977319314675.0 4826042646771110.0 4167171894360744.5 3277436969792143.0
2775.0003887689495 4.879102790167734e+16 4.271348549330015e+16 3.7024097031197976e+16 3.174769012786671e+16 2.6906711785478464e+16 2.251769921060765e+16 1.8582610427503108e+16 1.6777084061819288e+16 1.5067079954133988e+16 1.3433831192196126e+16 1.2478240814608014e+16 1.1845470222880368e+16 1.0892781309782916e+16 1.0247454624585048e+16 9244980212899730.0 8536548674117731.0 8163663585483194.0 7773849774831881.0 7362290322112962.0 6922233243916764.0 6443742079646650.0 5297792767339421.0 4549987830986541.0 3527304832040455.5
2785.0003901699192 2.21240775153849e+16 2.023924767792397e+16 1.8456925828122004e+16 1.6764280236631458e+16 1.5143468935280806e+16 1.3569208162518784e+16 1.2004406853505084e+16 1.1208592103012272e+16 1.039039863968608e+16 9534482396441984.0 8993470679338756.0 8617002465833467.0 8020956744041944.0 7596402623663639.0 6902644112326066.0 6387269190652991.0 6107870298024110.0 5810049632222219.0 5489599309451924.0 5140683070761974.0 4754826029735769.0 3810814094584644.5 3187046897750113.0 2334656564624703.0
2795.00039157089 7707428052063553.0 7303017832522251.0 6883739681094063.0 6444791160148802.0 5979563044449208.0 5478445479033130.0 4926452642948278.0 4624036433304013.0 4297865410566177.5 3940742699866383.0 3707230073699293.5 3541530175416257.5 3274491861649782.5 3081370228486067.5 2762149525628522.5 2523478608180030.5 2394033660155913.0 2256298920600172.0 2108649767078693.8 1948861812172777.0 1773740925128460.5 1354592625976517.0 1086379664757518.4 733089399913034.6
2805.0003929718596 1.0040511136861278e+16 9460416448553916.0 8872567508871718.0 8270323976283439.0 7644883490037712.0 6983895992880360.0 6268593443121901.0 5881477003140318.0 5467113990735860.0 5016560071727397.0 4723381831852352.0 4515887543343913.0 4182221053240948.0 3941305054920284.5 3543400841962686.0 3245833389831276.5 3084313306105405.5 2912287459957425.0 2727641202469472.0 2527479561375115.0 2307652288456558.5 1779366330387299.0 1439623964063788.8 989128156565859.6
2815.0003943728298 3.986212171600825e+16 3.533798168073489e+16 3.1145334744157716e+16 2.7283538999629476e+16 2.374449263969793e+16 2.0507908636593464e+16 1.7532133461490998e+16 1.6118909280805036e+16 1.4735251131838564e+16 1.3357682725851e+16 1.2520168229110054e+16 1.195105821652405e+16 1.1070793764330888e+16 1.0457860527352552e+16 9478298379792454.0 8765875589971636.0 8384289629564713.0 7980665549647023.0 7549513817673829.0 7083173034194967.0 6570431229490548.0 5323357464372534.0 4499977587461835.5 3369123708376588.0
2825.0003957737995 7.151671050248217e+16 6.213948924996432e+16 5.332780903413742e+16 4.513832784108802e+16 3.762937166330919e+16 3.085790647089796e+16 2.4869916079537916e+16 2.21747725613774e+16 1.9671315119597616e+16 1.7340695679910342e+16 1.6010544385598114e+16 1.5144718222256692e+16 1.386418539944759e+16 1.3012165107442188e+16 1.1711345669459524e+16 1.0806900900786328e+16 1.033514648077552e+16 9844799896593448.0 9329913079718950.0 8782168915814166.0 8189328212759289.0 6777262589795643.0 5858013867295753.0 4598375910035698.0
2835.0003971747697 6.4711772909808536e+16 5.624214953999175e+16 4.829427819775192e+16 4.092375312004571e+16 3.418791707392472e+16 2.814195292676529e+16 2.282757585047481e+16 2.044712728914576e+16 1.8241297639500844e+16 1.6188824149079386e+16 1.5015035644655914e+16 1.4248667989779166e+16 1.3109685198273142e+16 1.2346694813779534e+16 1.1171069511570016e+16 1.0344388627679344e+16 9909797888388382.0 9455483448780328.0 8975524804646844.0 8461654512883619.0 7901717935994282.0 6553260591865901.0 5665579415331062.0 4438822265485468.0
2845.0003985757394 3.235033360147686e+16 2.8602527211997156e+16 2.519246496577829e+16 2.2116095522960944e+16 1.9359470762928476e+16 1.6893364049388166e+16 1.4663669185927974e+16 1.3609589332834378e+16 1.2573123819885052e+16 1.1529003061894786e+16 1.0884426266410386e+16 1.0440902938051974e+16 9744561622550760.0 9251463217496160.0 8448189905968743.0 7851791400757985.0 7528121257344853.0 7182605412291352.0 6810040020862934.0 6403173386721873.0 5951409045104409.0 4835479959399788.0 4087375373848079.5 3047536700170588.0
2855.0003999767096 1.267287208012827e+16 1.1832458139996996e+16 1.1033853012948578e+16 1.0262250992851762e+16 9498886497202212.0 8719696625844972.0 7892466876363952.0 7446902829419176.0 6969261689434971.0 6447343720044546.0 6105560202654675.0 5862378153447990.0 5468723823189792.0 5182251441483917.0 4704417060091225.0 4342805713614164.0 4144839769183871.0 3932604885418991.5 3703113355435582.0 3452253067987218.5 3174098294028755.0 2493350176052679.0 2045715509403731.0 1439539217731625.8
2865.0004013776793 5.4333939554876264e+16 4.7152231915653016e+16 4.051506114339942e+16 3.4461450165342684e+16 2.902408142445755e+16 2.4222063116041776e+16 2.004621233113277e+16 1.817539772300871e+16 1.642770566981814e+16 1.477399897184368e+16 1.3808693616206538e+16 1.316820163661608e+16 1.2198597402698156e+16 1.1535956745110512e+16 1.0492920534421964e+16 9743169569373876.0 9343674513366058.0 8922201535235955.0 8472796657396818.0 7987135037553024.0 7452982427725069.0 6148450064587803.0 5278686398912627.0 4065975097625021.0
2875.00040277865 9.494833295060974e+16 8.304804848431238e+16 7.159951335784249e+16 6.068774611718038e+16 5.0414373992760584e+16 4.090276058065342e+16 3.2301891836645316e+16 2.8394881958141764e+16 2.4775919906562004e+16 2.1455420281267696e+16 1.96036090189026e+16 1.8423198542085748e+16 1.6722359833246026e+16 1.5624161168310748e+16 1.40014051914598e+16 1.2909822971121444e+16 1.2351362491895636e+16 1.1778165718646636e+16 1.118368383727009e+16 1.0558910584657632e+16 9890737850205666.0 8327169696862353.0 7324984664895984.0 5962951947445489.0
2885.000404179609 8.276174084279437e+16 7.304037839131678e+16 6.365543165665491e+16 5.465645657786266e+16 4.610137084596656e+16 3.805989890604875e+16 3.0618021189848396e+16 2.715371599431902e+16 2.387829674347208e+16 2.0801794621293316e+16 1.90517523962849e+16 1.7922874958432888e+16 1.6279173045669838e+16 1.5208773663091896e+16 1.361825487040223e+16 1.2545229051293834e+16 1.199595211969848e+16 1.143222274586887e+16 1.0847812492633732e+16 1.0234169324610044e+16 9578908517255546.0 8052694587972118.0 7082753525898862.0 5779919524873851.0
2895.0004055805794 1.0799335189642496e+17 9.569769350911717e+16 8.368132249551906e+16 7.200466026478916e+16 6.074112953163579e+16 4.998387728817918e+16 3.985766385047996e+16 3.508324965596553e+16 3.053685585269199e+16 2.6249365672868412e+16 2.3813556978759796e+16 2.224946645452142e+16 1.999297119129326e+16 1.854517204965782e+16 1.64425665430781e+16 1.5067445227494542e+16 1.4379364740052916e+16 1.3685006969261366e+16 1.2978068574651838e+16 1.2249905037053888e+16 1.1488101162754516e+16 9773866232359600.0 8725265498557381.0 7365283739756696.0
2910.000407682039 1.4911779452324582e+17 1.3233267832848238e+17 1.1583034068187072e+17 9.968732116529274e+16 8.399787841021274e+16 6.888451453524485e+16 5.451874464882628e+16 4.769243008326128e+16 4.116062546519482e+16 3.49793395850408e+16 3.1465855888899988e+16 2.9213820186579856e+16 2.5979992950003004e+16 2.3922665209126536e+16 2.0978259465927296e+16 1.909448839901843e+16 1.8168321257104908e+16 1.7246540147917166e+16 1.632246853634028e+16 1.538688153673833e+16 1.4426596569160834e+16 1.2338416163909688e+16 1.1112413811013616e+16 9584438239217828.0
2930.000410483979 1.3306210739259867e+17 1.1856067345298594e+17 1.042875257397968e+17 9.029761690133491e+16 7.665816821982157e+16 6.3456690871656936e+16 5.081714563993902e+16 4.476402984081519e+16 3.893090590008114e+16 3.3359697859543176e+16 3.016288715824578e+16 2.8099031026281216e+16 2.5110336143791796e+16 2.3190338460539776e+16 2.0411449367514004e+16 1.8611069230401336e+16 1.7718688799876818e+16 1.6825522957182964e+16 1.592492351981013e+16 1.50075819656162e+16 1.406000914961558e+16 1.1976746924836468e+16 1.0736990856520624e+16 9167936988844108.0
2950.0004132859094 1.2759367144691573e+17 1.1346367879211482e+17 9.959800074300378e+16 8.605702760487762e+16 7.29145752120924e+16 6.026568613112336e+16 4.824113891199498e+16 4.2519462363394984e+16 3.703175353381518e+16 3.1815045764523604e+16 2.88313146007346e+16 2.6907595546522376e+16 2.412259086230034e+16 2.2331290703743416e+16 1.9728945655679144e+16 1.803122327818278e+16 1.7184501456245716e+16 1.6332631789162726e+16 1.5468448735971074e+16 1.4581983151197182e+16 1.3658792584417076e+16 1.1597151721777454e+16 1.0344876350962428e+16 8723026320620277.0
2970.0004160878498 1.3761238572154445e+17 1.2222200898956466e+17 1.0712626901956904e+17 9.23966427274647e+16 7.812064517064722e+16 6.441016529430073e+16 5.1416193588970776e+16 4.525143726496166e+16 3.9352265255619816e+16 3.3758379654831024e+16 3.0565732755821772e+16 2.8510201711710868e+16 2.5538784944948044e+16 2.3630668362856676e+16 2.0863603043912764e+16 1.906195634262263e+16 1.8164451802485756e+16 1.726211569701356e+16 1.6347244178241052e+16 1.540910751493525e+16 1.4432178416505468e+16 1.224955665989962e+16 1.0923027351200292e+16 9206209436053782.0
2990.0004188897897 1.375754490523701e+17 1.2249733323684237e+17 1.0767736551586186e+17 9.31751129077215e+16 7.906352854881515e+16 6.54374009854216e+16 5.24299070806345e+16 4.621743847423254e+16 4.024311648096661e+16 3.4549497466225856e+16 3.1287819664994424e+16 2.91837210191143e+16 2.613753434775518e+16 2.41793878381452e+16 2.133823465093908e+16 1.948761070812664e+16 1.8565344775318644e+16 1.763769521688986e+16 1.669652734129534e+16 1.5730485839930098e+16 1.472307265376816e+16 1.24634569991854e+16 1.1079599516718972e+16 9266010685796742.0
3010.0004216917296 1.3881581003281632e+17 1.2301215143843051e+17 1.0753908766317883e+17 9.247986741215586e+16 7.793728479600816e+16 6.404287573964657e+16 5.0971540575831496e+16 4.481578722321173e+16 3.8960288673418184e+16 3.3444115305629684e+16 3.0312249393454588e+16 2.8301533042698972e+16 2.5400327166707376e+16 2.3537987978963304e+16 2.0830491714292204e+16 1.9056256568628388e+16 1.816665478306409e+16 1.7267120079680542e+16 1.6348747381715664e+16 1.5399199172895744e+16 1.440058915482589e+16 1.2125307241767248e+16 1.0706016361435646e+16 8817856402675191.0
3030.0004244936695 1.5328473532905616e+17 1.366967921917712e+17 1.2031965021055654e+17 1.042213006438614e+17 8.848780872454795e+16 7.323405364217742e+16 5.862359426949323e+16 5.163221667250566e+16 4.490324139806525e+16 3.848738101949024e+16 3.4811513172913864e+16 3.2440393568663308e+16 2.9008508192345852e+16 2.68036231294914e+16 2.360818802198027e+16 2.153127424070148e+16 2.0498320113700212e+16 1.9461135465337764e+16 1.8410977599455884e+16 1.7335579478621342e+16 1.6217083343348676e+16 1.3720612358979624e+16 1.2201512380757552e+16 1.022547273218626e+16
3050.00042729561 1.607571499719813e+17 1.4338666080035586e+17 1.2623348651650021e+17 1.0937044797501035e+17 9.289086737181275e+16 7.692072931281882e+16 6.164034678963883e+16 5.433841444623319e+16 4.731925306411021e+16 4.063581363991756e+16 3.681026154321378e+16 3.4343383941810904e+16 3.077241101035774e+16 2.8476347089309388e+16 2.514246019906115e+16 2.296867089374624e+16 2.188471435699257e+16 2.0794116224592652e+16 1.96874487904858e+16 1.8551523656437856e+16 1.7367111928648096e+16 1.4711427551960208e+16 1.3085126562001008e+16 1.0952341707095462e+16
3070.0004300975393 1.6867393919475994e+17 1.5116205843446333e+17 1.3381355296179882e+17 1.1668086133349371e+17 9.98301961445071e+16 8.33516845964102e+16 6.737999755451759e+16 5.964787733474287e+16 5.213484700420336e+16 4.489216747913529e+16 4.070171372480714e+16 3.7981213635126104e+16 3.401839638588314e+16 3.1456916848033724e+16 2.7726106890223004e+16 2.5293266064670868e+16 2.4082525833500316e+16 2.286726947201383e+16 2.163813052186044e+16 2.038182516822555e+16 1.907887512952912e+16 1.619012481322267e+16 1.4448490712613182e+16 1.2200892937771578e+16
3090.0004328994796 1.6237291599781565e+17 1.4545040144651302e+17 1.2876427840338048e+17 1.1237090376430278e+17 9.633791923123166e+16 8.075130203813381e+16 6.572908910097176e+16 5.848119995904603e+16 5.144642825789824e+16 4.46606740528993e+16 4.0725140397624584e+16 3.816287962651555e+16 3.4414646058994972e+16 3.1977797267015332e+16 2.8400906443752576e+16 2.6045971065086948e+16 2.4866203609387344e+16 2.3676357574168776e+16 2.246682650749318e+16 2.12239591205469e+16 1.992767636907475e+16 1.7027377852097802e+16 1.5263329763917116e+16 1.2978128008946084e+16
3110.0004357014195 1.8443666493089616e+17 1.6626039130321517e+17 1.4814847393150784e+17 1.301342291862526e+17 1.122587766334002e+17 9.457928698777832e+16 7.718849917812883e+16 6.8650294569987144e+16 6.025993869377633e+16 5.206704419190341e+16 4.727348466822885e+16 4.413912480415887e+16 3.954237379049233e+16 3.655353117179389e+16 3.2184269821144024e+16 2.933471840221995e+16 2.7920313262332716e+16 2.650537096600489e+16 2.508108017604309e+16 2.3634642172515908e+16 2.214709152492583e+16 1.8910442350364868e+16 1.7013945335335e+16 1.4654782764507e+16
3130.0004385033594 1.7422454122537926e+17 1.5622658399230912e+17 1.3842354382073666e+17 1.2088083463578157e+17 1.0368007997089742e+17 8.692815148284278e+16 7.077319018169059e+16 6.298335745151795e+16 5.543034641205771e+16 4.8155151597367e+16 4.394105955281849e+16 4.119929536147783e+16 3.719001564576998e+16 3.4583257615880932e+16 3.0753561377673824e+16 2.8227569758968536e+16 2.6960090536671132e+16 2.5680202440822536e+16 2.4377434486855864e+16 2.3036988151198764e+16 2.163713804053062e+16 1.8499244061852108e+16 1.6586850208131662e+16 1.4106722905745202e+16
3150.0004413052993 1.682344795561607e+17 1.517341131611231e+17 1.3537043534093867e+17 1.1917712893744022e+17 1.0319348245201838e+17 8.746928330655504e+16 7.207605595219026e+16 6.453754327933311e+16 5.713201645656073e+16 4.988905411576292e+16 4.563641544046049e+16 4.284521364947724e+16 3.872873912793925e+16 3.603133510421991e+16 3.20444873963456e+16 2.9405501044627212e+16 2.808073190540038e+16 2.674374091059741e+16 2.5384526630174844e+16 2.398869973853625e+16 2.25349398094093e+16 1.929663671846901e+16 1.7342260754849342e+16 1.48378461569297e+16
3170.0004441072397 1.8682376998427053e+17 1.687228261237333e+17 1.5070837432409952e+17 1.3281335612766509e+17 1.1507880066701973e+17 9.756163552104822e+16 8.035173800614944e+16 7.190729153401305e+16 6.360741843911848e+16 5.549232912084861e+16 5.073227081455458e+16 4.7611059568343224e+16 4.301347053948982e+16 4.000486669058478e+16 3.5564053869763676e+16 3.262827612888821e+16 3.115563100012614e+16 2.9670286304593504e+16 2.8161424087758068e+16 2.661360430073166e+16 2.50040696261675e+16 2.1432538024219864e+16 1.928907360900031e+16 1.655801793308949e+16
3190.000446909169 1.649522610520191e+17 1.4896840444934896e+17 1.3309190670094757e+17 1.1735500081988349e+17 1.017975994899212e+17 8.647400985874909e+16 7.1466620219567944e+16 6.4120984890320056e+16 5.691162694111259e+16 4.986917342494816e+16 4.573773597956351e+16 4.302641285807166e+16 3.9025109394245416e+16 3.6398317973143816e+16 3.250023640383907e+16 2.9902585164114372e+16 2.859109203931554e+16 2.726137148045145e+16 2.5902468119015744e+16 2.4498801178936364e+16 2.3027355560161508e+16 1.9710330731993124e+16 1.7677389320577638e+16 1.502774687093628e+16
3210.000449711109 1.858625911652787e+17 1.6750293449851018e+17 1.4924712882643968e+17 1.3114885894598766e+17 1.132776969243386e+17 9.57292564563904e+16 7.86433589573253e+16 7.03366518163023e+16 6.223297047803238e+16 5.437402762976498e+16 4.9793803777408456e+16 4.680101886393679e+16 4.240363668824748e+16 3.952904791805557e+16 3.5279465645756584e+16 3.2456679774202324e+16 3.1033747151977524e+16 2.9592308587560612e+16 2.8120373136549252e+16 2.6600981877997772e+16 2.5009170772888244e+16 2.142336634413105e+16 1.9226557175854236e+16 1.6363836155786614e+16
3230.0004525130494 1.496576589688065e+17 1.3499813205953528e+17 1.2050051100703283e+17 1.0620641842877203e+17 9.216662293634155e+16 7.844567708524704e+16 6.512936792903541e+16 5.865779616144424e+16 5.2332994146353656e+16 4.617161170418811e+16 4.255745061511493e+16 4.018162959762454e+16 3.666188589462731e+16 3.4335997710744412e+16 3.084694380108926e+16 2.8485140672739556e+16 2.7277930489650616e+16 2.6042033028407464e+16 2.4765238021749268e+16 2.3430323928511264e+16 2.2011850403133988e+16 1.8733113053090064e+16 1.6658436389546162e+16 1.3854748030498462e+16
3250.0004553149893 2.15265025750776e+17 1.9521808987984435e+17 1.7508156061850106e+17 1.5488002913453606e+17 1.3464930493743186e+17 1.1444800465151406e+17 9.438235766901786e+16 8.445847430377846e+16 7.46577114218526e+16 6.503581272100023e+16 5.937748000050091e+16 5.566315830515735e+16 5.018869786338123e+16 4.660616325773637e+16 4.1322063322969224e+16 3.783400722082698e+16 3.608658015375183e+16 3.4325848283433972e+16 3.253912725966734e+16 3.0708151717561884e+16 2.8805755903420028e+16 2.458409534978662e+16 2.2040977312178776e+16 1.8762588897796164e+16
3270.000458116929 2.5747086175060522e+17 2.339477122640822e+17 2.102181884297175e+17 1.8629782228406323e+17 1.6221226848006128e+17 1.380105372316524e+17 1.137955213244335e+17 1.0174572042428635e+17 8.979387738690446e+16 7.801135213089594e+16 7.106332679367103e+16 6.649745385422471e+16 5.976704219245772e+16 5.536783362449025e+16 4.890173761608499e+16 4.466076762600684e+16 4.254843019476463e+16 4.0430434793915176e+16 3.829361573497895e+16 3.611873705541946e+16 3.387701782304098e+16 2.8978799711944324e+16 2.6087254879349452e+16 2.244048885491356e+16
3290.000460918869 2.4871529010004214e+17 2.2623568548962432e+17 2.0358712072224934e+17 1.8078286086463965e+17 1.578439253750924e+17 1.3480987515425986e+17 1.1176319057282173e+17 1.0028519837425176e+17 8.888464815674723e+16 7.761742351808234e+16 7.095190241918706e+16 6.655919564571537e+16 6.005962287365759e+16 5.579089304574577e+16 4.947762997436798e+16 4.530532832330383e+16 4.321618513126561e+16 4.111340656866634e+16 3.898331951296972e+16 3.6805977534340824e+16 3.4551463479200344e+16 2.9586809794311908e+16 2.6629420831004252e+16 2.2868946615928016e+16
3310.0004637208094 2.358705862838026e+17 2.1393477098696595e+17 1.919683592188166e+17 1.700056376137852e+17 1.480920461328252e+17 1.2629367952017461e+17 1.0471746513518574e+17 9.406658686936096e+16 8.355141183405502e+16 7.321831171728821e+16 6.712863409695184e+16 6.312198045056952e+16 5.719717509418605e+16 5.330293210935357e+16 4.7525565949742376e+16 4.368402255349286e+16 4.1749477678607576e+16 3.97926023222295e+16 3.779833491249055e+16 3.5744932513836748e+16 3.3599895574902536e+16 2.8790643536600304e+16 2.5854719669991116e+16 2.201832217024186e+16
3330.0004665227398 2.4203536216165542e+17 2.1991749427303405e+17 1.9769393390709734e+17 1.7538639486960214e+17 1.530263042942262e+17 1.3066598676391314e+17 1.0840311045177674e+17 9.736300346795674e+16 8.643235678264938e+16 7.566533308256054e+16 6.931166254374323e+16 6.512976050052532e+16 5.894636519100258e+16 5.488440118608864e+16 4.886476673884172e+16 4.4868135428406744e+16 4.285764482788868e+16 4.082554098502757e+16 3.875635904800007e+16 3.66277874476735e+16 3.4406464283217484e+16 2.9433649446829064e+16 2.6399550526343176e+16 2.2426006649405024e+16
3350.0004693246797 2.348702571403288e+17 2.1313054907494464e+17 1.9132313908200237e+17 1.694853509107975e+17 1.476709469409494e+17 1.2596322807206168e+17 1.0449952875858416e+17 9.392690338003514e+16 8.351320592137354e+16 7.330965880872715e+16 6.731110703293584e+16 6.336953586505545e+16 5.754502798129745e+16 5.371558924086941e+16 4.8021965461331704e+16 4.421845914014153e+16 4.2294650435955144e+16 4.0341338576895464e+16 3.834192056605552e+16 3.627265031282774e+16 3.409811143327869e+16 2.916499742523316e+16 2.6103809717662532e+16 2.202469752671248e+16
3370.0004721266196 1.7920869675864586e+17 1.6241531308602154e+17 1.457767822142242e+17 1.2933332404648517e+17 1.131336589120792e+17 9.723960336031254e+16 8.173247965973237e+16 7.415616044519995e+16 6.671723860693357e+16 5.942716055487981e+16 5.512466994108847e+16 5.2283014909148104e+16 4.804935062242913e+16 4.523304865488299e+16 4.09742416843753e+16 3.8063803828983176e+16 3.65662432393437e+16 3.5025418598844236e+16 3.342476580952447e+16 3.1740772587777156e+16 2.993847532755497e+16 2.57143344353216e+16 2.2993744174556936e+16 1.924649637157594e+16
3390.0004749285595 2.1057650093202086e+17 1.9062093343026275e+17 1.7074458223759274e+17 1.5100468599110125e+17 1.314779582531192e+17 1.1227157597518627e+17 9.354014649498842e+16 8.44186326151334e+16 7.550355982928994e+16 6.682813305171181e+16 6.174715490773724e+16 5.841094553319075e+16 5.347373467988506e+16 5.021375274669697e+16 4.5324124705969416e+16 4.2011761580000136e+16 4.03169190344485e+16 3.8579998298878904e+16 3.678311833422872e+16 3.4900952115655044e+16 3.289584614396839e+16 2.8231024357746684e+16 2.524715428563638e+16 2.1150949975170532e+16
3410.0004777305 2.1923455359150797e+17 1.9886538199024397e+17 1.7850206615839965e+17 1.5819638762044307e+17 1.3801965405075072e+17 1.1807424365876426e+17 9.851192489481125e+16 8.894131125624429e+16 7.955700829953267e+16 7.0396471139122424e+16 6.501989212414462e+16 6.148620810160934e+16 5.6254576680854184e+16 5.280116658464102e+16 4.7628686840817464e+16 4.413408682718844e+16 4.2350213400054216e+16 4.052559961687434e+16 3.864220946254818e+16 3.667443095011917e+16 3.458413550282683e+16 2.974640200224861e+16 2.6670932083642156e+16 2.247847456266807e+16
3430.0004805324393 2.310422671770594e+17 2.100882591340128e+17 1.8908593021199232e+17 1.6807760220190605e+17 1.471246498344691e+17 1.263206657044424e+17 1.058122997360344e+17 9.573630220733952e+16 8.582672548829298e+16 7.612338616217334e+16 7.0413859691289416e+16 6.6655464242698056e+16 6.108257190271391e+16 5.739836889806568e+16 5.1872430069635224e+16 4.813437658965002e+16 4.62250902593217e+16 4.427162748369784e+16 4.225485968210345e+16 4.014760316595878e+16 3.790934818074243e+16 3.273157119533651e+16 2.9441940304963364e+16 2.495920467864617e+16
3450.0004833343696 2.472299283749155e+17 2.2512901559130666e+17 2.0284444193008e+17 1.804073208896651e+17 1.578702894910887e+17 1.3532532595043845e+17 1.129355356560771e+17 1.0188167653823016e+17 9.098648966706379e+16 8.031122984298075e+16 7.403743278005742e+16 6.991561251826649e+16 6.382328822966972e+16 5.981378215741951e+16 5.3837014026353096e+16 4.982510025575462e+16 4.778691986036386e+16 4.570968329674964e+16 4.357391180828916e+16 4.135187779971247e+16 3.900220041027337e+16 3.3603387401609296e+16 3.0191259104694184e+16 2.5540726837421236e+16
3470.0004861363095 2.559686267917202e+17 2.332991046474184e+17 2.1039843142110307e+17 1.8729105052083318e+17 1.640228356397574e+17 1.4068043698359389e+17 1.1742763586797077e+17 1.0592177137385504e+17 9.456653085615419e+16 8.3430685150001e+16 7.688453970353091e+16 7.258438612636966e+16 6.623116048503451e+16 6.205280095709268e+16 5.5830240514098776e+16 5.1658046093677416e+16 4.954002204330092e+16 4.738257048667159e+16 4.5165618577265784e+16 4.286065640030025e+16 4.042524597238316e+16 3.483966688678628e+16 3.1319167365681212e+16 2.653070471468845e+16
3490.0004889382494 2.8008181753030275e+17 2.5601550227959517e+17 2.315860707384317e+17 2.06791699218707e+17 1.816451199772787e+17 1.5619202651199338e+17 1.3054963473002725e+17 1.1773133307900512e+17 1.0498279990320046e+17 9.237912790803205e+16 8.492408687278106e+16 8.00107125716487e+16 7.273483887880397e+16 6.794555041631653e+16 6.082463452430418e+16 5.6071882742167016e+16 5.36700835962113e+16 5.1233131174081336e+16 4.874045396074751e+16 4.616252656927488e+16 4.345515284307338e+16 3.731481456186082e+16 3.3497339734955704e+16 2.8378423233656876e+16
3510.0004917401893 2.9431437841549357e+17 2.692270741023138e+17 2.4371155083499603e+17 2.177590699936729e+17 1.9137559257674906e+17 1.6460189495035085e+17 1.3755616645613336e+17 1.2400901104802758e+17 1.1051857925397894e+17 9.71670033465602e+16 8.92646808486455e+16 8.405557862564515e+16 7.634246566767858e+16 7.126753932093395e+16 6.372925620093143e+16 5.870603538818933e+16 5.617098938213907e+16 5.360164463557161e+16 5.0976787937256856e+16 4.8265882602785544e+16 4.542313084016997e+16 3.89919655760928e+16 3.500298713586158e+16 2.9652031623269016e+16
3530.0004945421297 2.6920644303475677e+17 2.461816046257201e+17 2.227673116538988e+17 1.9895865580895066e+17 1.747666235112222e+17 1.502384807974285e+17 1.2550039797659832e+17 1.1313278042313342e+17 1.0083929026476603e+17 8.869978570071064e+16 8.152927986498219e+16 7.680829930205541e+16 6.982452710030574e+16 6.523138851606227e+16 5.840368465924687e+16 5.384261585794305e+16 5.153433411679344e+16 4.918858028623566e+16 4.678396803289938e+16 4.428980098580082e+16 4.166006497577929e+16 3.5641508598047216e+16 3.184890989666901e+16 2.6679059450043356e+16
3550.0004973440696 3.1497342122465517e+17 2.8773443108814045e+17 2.5998866203636525e+17 2.317373899872592e+17 2.0300616887367354e+17 1.7387281102960365e+17 1.4452551177187005e+17 1.2988672237395067e+17 1.15374486920811e+17 1.0110112153996498e+17 9.270746516399706e+16 8.720054585927093e+16 7.908831553680912e+16 7.377903385924205e+16 6.5931550096381624e+16 6.072254905439699e+16 5.809718645833861e+16 5.5436769445561576e+16 5.271743258302659e+16 4.990491729269028e+16 4.694788847540507e+16 4.020749687979732e+16 3.5974225591115064e+16 3.021381353450551e+16
3570.0005001459995 2.2311832770194893e+17 2.0273202741599846e+17 1.8228280615586643e+17 1.6182858956144205e+17 1.414566583204691e+17 1.213012204373057e+17 1.0156911256258952e+17 9.195284020724987e+16 8.256299061979664e+16 7.344311480003264e+16 6.811105329549791e+16 6.461224327902664e+16 5.943213964869062e+16 5.600416633489229e+16 5.083331289411456e+16 4.729413892115508e+16 4.546622231915386e+16 4.357779390356346e+16 4.160524684683406e+16 3.951515655142074e+16 3.725773114946406e+16 3.1861024228852308e+16 2.828729373443866e+16 2.3202935946732268e+16
3590.0005029479394 2.3072403137576813e+17 2.10759152135003e+17 1.9063155987627837e+17 1.703661384313603e+17 1.5000448116373357e+17 1.296170371042988e+17 1.0932285286401666e+17 9.926763933220597e+16 8.93144668720231e+16 7.949642674145542e+16 7.368014788337712e+16 6.983300858901184e+16 6.409726946266751e+16 6.028157970807104e+16 5.451469987976558e+16 5.057667675139111e+16 4.855106541965569e+16 4.646702316019905e+16 4.430162164854777e+16 4.202217806928401e+16 3.957987340941706e+16 3.3834298677207756e+16 3.0105682044747468e+16 2.4900736934739772e+16
3610.0005057498793 2.7621155547707203e+17 2.538262700459745e+17 2.3101393158162496e+17 2.0774953170185325e+17 1.8401423620654653e+17 1.5980956570274157e+17 1.3518906658630123e+17 1.2276874425534795e+17 1.1032230342948696e+17 9.790405527325357e+16 9.049321151559926e+16 8.557687539409715e+16 7.824102097972227e+16 7.336958987305531e+16 6.605019385840756e+16 6.11044717634927e+16 5.858395226918692e+16 5.601068443907738e+16 5.336104044387069e+16 5.060105842658949e+16 4.767971672742282e+16 4.096082788012235e+16 3.671170268241496e+16 3.0902101257872652e+16
3630.000508551819 2.8198741859176147e+17 2.596811333957983e+17 2.3691862563664966e+17 2.1366186325643914e+17 1.8987335865144326e+17 1.6552686798991574e+17 1.406352037122948e+17 1.2801346930672418e+17 1.1531044296529491e+17 1.0257151400661797e+17 9.493428399843498e+16 8.985225501915349e+16 8.2245842496938e+16 7.718004191962474e+16 6.955051495989623e+16 6.438756328621949e+16 6.1755703636631624e+16 5.906931947000579e+16 5.630464992907765e+16 5.3427418050600856e+16 5.038606364101253e+16 4.341516544839533e+16 3.903056284378772e+16 3.3078755090549336e+16
3640.00050995279 2.8528335916205018e+17 2.626568693717047e+17 2.3958721260514314e+17 2.1604257471615827e+17 1.9199380748255395e+17 1.6742578727090387e+17 1.4236319075832173e+17 1.2967727855209429e+17 1.1692313007176026e+17 1.0414201708441995e+17 9.648044710388728e+16 9.138095356393848e+16 8.374375168042171e+16 7.865238454079339e+16 7.097269080536621e+16 6.576537849467543e+16 6.310714986147211e+16 6.0391137595428136e+16 5.7593178587829096e+16 5.467850507965043e+16 5.159487312483631e+16 4.451953968477691e+16 4.006667040507268e+16 3.4024442817925892e+16
3650.0005113537595 3.318505408866654e+17 3.055500820030805e+17 2.7865445063128323e+17 2.5111490968671018e+17 2.2288345194638346e+17 1.9392713382765827e+17 1.6426331882835818e+17 1.4920298388536512e+17 1.3403708585207586e+17 1.188261014068051e+17 1.0971060885147726e+17 1.0364911371921778e+17 9.458817972826443e+16 8.856573500966525e+16 7.952472939110203e+16 7.34359432755906e+16 7.0344376054161304e+16 6.7199010473725064e+16 6.3974290937474696e+16 6.063320558533048e+16 5.711991014483577e+16 4.9145863294982984e+16 4.418666251787665e+16 3.7511932110424104e+16
3670.0005141556994 3.400385844959159e+17 3.135705832275556e+17 2.8644548100105565e+17 2.5860073406923082e+17 2.2997038748653894e+17 2.0049768509704202e+17 1.7016810226781974e+17 1.547067389980994e+17 1.3908760168510198e+17 1.233674553649164e+17 1.139194740239644e+17 1.0762572295501542e+17 9.820238501687389e+16 9.193072436095022e+16 8.250849573245758e+16 7.616326896080624e+16 7.294340249286614e+16 6.9669854743033736e+16 6.631711476503202e+16 6.284813343536846e+16 5.92069956657132e+16 5.0978341194803384e+16 4.5896709069789176e+16 3.912102426054084e+16
3690.0005169576293 3.276224723018951e+17 3.019401012973184e+17 2.75688555869184e+17 2.4882230693863235e+17 2.2129706294414512e+17 1.9308346918158832e+17 1.6419904273431328e+17 1.4953898790777923e+17 1.347748856845598e+17 1.1995774346651592e+17 1.1106795345424592e+17 1.0514918013784136e+17 9.628500734322619e+16 9.037791906539389e+16 8.147699434462547e+16 7.545304655931517e+16 7.23833365648099e+16 6.92516934091003e+16 6.603150107800817e+16 6.268427926603262e+16 5.915192590333905e+16 5.108221236406431e+16 4.60229683835036e+16 3.9157170939760504e+16
3710.000519759569 3.51503259087712e+17 3.24575040951794e+17 2.9686583605029485e+17 2.682999753370383e+17 2.3880265090029648e+17 2.0831887016835696e+17 1.7685989615728646e+17 1.6080984982871664e+17 1.446062182348331e+17 1.2832856355181595e+17 1.1857060702580846e+17 1.1208428667975523e+17 1.0239692292184698e+17 9.596668235811658e+16 8.632960482207776e+16 7.984981791019675e+16 7.656192199967104e+16 7.321737592915192e+16 6.978796545707238e+16 6.623281732354405e+16 6.249023018064126e+16 5.396531516821122e+16 4.862727088947112e+16 4.136676715888695e+16
3730.000522561509 2.6030261651972115e+17 2.3887054424976934e+17 2.1711381666554922e+17 1.9506942873310922e+17 1.728042986710605e+17 1.504321482591937e+17 1.281366224204616e+17 1.1709948957164934e+17 1.0618961341064093e+17 9.544434846181347e+16 8.908316152790029e+16 8.487429495185152e+16 7.859001256599189e+16 7.439659073123222e+16 6.802230188103686e+16 6.36303696446641e+16 6.1354565122916136e+16 5.899905827215443e+16 5.6534651583177144e+16 5.391964645912957e+16 5.109132564701113e+16 4.430809267228244e+16 3.978516486232775e+16 3.326763425350227e+16
3750.000525363449 2.965230573519407e+17 2.713267045861402e+17 2.4573217770126205e+17 2.1980083422408042e+17 1.936303011449881e+17 1.6737446851538922e+17 1.4127508286528162e+17 1.2839389451208032e+17 1.1570196550309738e+17 1.0326305603969906e+17 9.594255036512037e+16 9.112330625167312e+16 8.397405764031632e+16 7.924123186412789e+16 7.211715554348738e+16 6.7264130282789736e+16 6.4768380202067736e+16 6.2199175577189704e+16 5.952652698010165e+16 5.67078321163672e+16 5.367936153393575e+16 4.650072363538496e+16 4.177577177373593e+16 3.503724601875527e+16
3770.0005281653894 3.54356352936634e+17 3.243100039679361e+17 2.936526993706627e+17 2.6244847596966595e+17 2.3080379626723792e+17 1.9889200482716218e+17 1.6699420807521536e+17 1.5118289694265597e+17 1.3556061007234398e+17 1.2021523545708067e+17 1.1117621504517786e+17 1.0522756648024466e+17 9.64167355813641e+16 9.060288464795038e+16 8.190487459624227e+16 7.603606171921098e+16 7.304158375237285e+16 6.9978374387564104e+16 6.681449219793053e+16 6.350427191488886e+16 5.997927502126964e+16 5.175811530811859e+16 4.645106439043668e+16 3.902420213424861e+16
3790.0005309673293 3.6067262534650925e+17 3.280426150312066e+17 2.9515767686539206e+17 2.6214724044314618e+17 2.2917975555275437e+17 1.964764746004924e+17 1.6433326063112035e+17 1.485928947291468e+17 1.3315398016690397e+17 1.1808352981047933e+17 1.0924220453494131e+17 1.034349191261146e+17 9.484547728536178e+16 8.918273355736786e+16 8.071266217163766e+16 7.499468838799531e+16 7.207477109483896e+16 6.908524205689576e+16 6.599385245227587e+16 6.275454863991017e+16 5.929843845308832e+16 5.1207507779115624e+16 4.596307723517065e+16 3.8607961224511016e+16
3810.0005337692596 3.4712823425835616e+17 3.1409234673338694e+17 2.8118091673754352e+17 2.4855821169918902e+17 2.1641935329833808e+17 1.849968282193126e+17 1.5457244305018058e+17 1.3984028258761158e+17 1.2549261145053358e+17 1.1157604031456994e+17 1.0344459621076896e+17 9.811227121268002e+16 9.022873966619237e+16 8.50255828863264e+16 7.721434131875397e+16 7.1905712025542696e+16 6.917891743565182e+16 6.637367554511568e+16 6.345689683438238e+16 6.0381645077346056e+16 5.7077946563400184e+16 4.9249226911456584e+16 4.410564586566493e+16 3.680786648876254e+16
3830.0005365711995 2.0913084573125872e+17 1.9001827426089168e+17 1.7132709208112026e+17 1.5316170259315744e+17 1.3563299742393893e+17 1.1885084331837622e+17 1.0290313840097112e+17 9.524960476437098e+16 8.778923617785798e+16 8.047039710611755e+16 7.610299551121995e+16 7.317670576720798e+16 6.8716856973472584e+16 6.5654639735925e+16 6.081652820170965e+16 5.732338098121928e+16 5.545505511142169e+16 5.3477207391672e+16 5.135904231717263e+16 4.905682885399554e+16 4.650498404913371e+16 4.014563659427247e+16 3.5750199547342372e+16 2.927026857084787e+16
3850.0005393731394 2.653838092780048e+17 2.3785483368239206e+17 2.1109215728074784e+17 1.8529364303688454e+17 1.6067718308038742e+17 1.3747406406109531e+17 1.1590960877714806e+17 1.0579734959440082e+17 9.613962333247112e+16 8.690713659604662e+16 8.153657724071611e+16 7.800418773977517e+16 7.273022315521538e+16 6.9187686344149944e+16 6.371644992179438e+16 5.985137839619621e+16 5.780872064772401e+16 5.566206228699856e+16 5.337840493163138e+16 5.091122530628813e+16 4.819130792102502e+16 4.146534522254482e+16 3.685684444844308e+16 3.0140198750296784e+16
3870.0005421750793 2.5960565623175315e+17 2.335123363656167e+17 2.0825962490594906e+17 1.839817168156384e+17 1.6080481828776413e+17 1.3883313280727774e+17 1.1812579384974413e+17 1.0824191286089288e+17 9.864887738359982e+16 8.930352810527974e+16 8.378060488016406e+16 8.01143245175921e+16 7.459860363010323e+16 7.087410014701447e+16 6.511309285960514e+16 6.105315972106625e+16 5.891504579277107e+16 5.6675343035284136e+16 5.430196148666657e+16 5.174954518013965e+16 4.8950640734755976e+16 4.209986568355637e+16 3.746224574507656e+16 3.07707594669088e+16
3890.0005449770197 3.405162602390715e+17 3.118719535400883e+17 2.8293132199497597e+17 2.537715482049772e+17 2.244876255153833e+17 1.9519597823429146e+17 1.660422578229072e+17 1.5157432364816906e+17 1.372161792521358e+17 1.229964697117552e+17 1.1453799811148222e+17 1.0892711113975605e+17 1.0053709771998798e+17 9.493961547993973e+16 8.645739180551104e+16 8.065112603603746e+16 7.766044295830723e+16 7.45806846319821e+16 7.1377729167679544e+16 6.8002810979789896e+16 6.438278277729091e+16 5.584264465535656e+16 5.026468696537939e+16 4.237725645311295e+16
3910.0005477789596 4.137872193632527e+17 3.7671601010464275e+17 3.396892369479948e+17 3.0282053807824083e+17 2.6623175957003315e+17 2.300559237330355e+17 1.9445423457604736e+17 1.7693701263093744e+17 1.5965910122926714e+17 1.4266450789930936e+17 1.3261717600484322e+17 1.2597976226912272e+17 1.1609683608236893e+17 1.0953102434242662e+17 9.962093761998656e+16 9.286297156232864e+16 8.93903967651445e+16 8.582095934891955e+16 8.211678826885907e+16 7.822401103991234e+16 7.406178486188291e+16 6.429925787162212e+16 5.7954559688597304e+16 4.897235121373221e+16
3930.0005505808995 2.0314894854500003e+17 1.8652222321711245e+17 1.7024948103957382e+17 1.5436047931541606e+17 1.3887305862372024e+17 1.2378359242043816e+17 1.0904499396946886e+17 1.0176661971600282e+17 9.450021622221434e+16 8.717120327603496e+16 8.268946990894762e+16 7.96382676765611e+16 7.49129968137376e+16 7.161816783859115e+16 6.63386565240595e+16 6.248066839936769e+16 6.040483538904757e+16 5.819979365206381e+16 5.583129397360502e+16 5.325044295969926e+16 5.038356257132321e+16 4.321861392127533e+16 3.825029918630725e+16 3.08909299604547e+16
3950.0005533828294 3.65374415666571e+17 3.3273651547322157e+17 3.003976472700158e+17 2.6846380887567136e+17 2.3704821814017974e+17 2.0627429096265683e+17 1.7628115130152707e+17 1.6162361784868115e+17 1.4721019112808512e+17 1.330317212925711e+17 1.2461335989438411e+17 1.1901892694074085e+17 1.1060773020534038e+17 1.0494180497135451e+17 9.622306021358733e+16 9.013184165286491e+16 8.694864565737778e+16 8.363621184260386e+16 8.015344472708138e+16 7.644151914641123e+16 7.241130022216885e+16 6.26936631175136e+16 5.617138855133636e+16 4.667268011992366e+16
3970.0005561847693 2.4249973704389878e+17 2.2330909724501718e+17 2.0421209847113027e+17 1.8525875392355987e+17 1.6649909445555248e+17 1.4797645182308493e+17 1.2970857034969458e+17 1.206554400597033e+17 1.1162397315163955e+17 1.025525329298019e+17 9.704068934023042e+16 9.330975484173026e+16 8.75740960427041e+16 8.36092944722754e+16 7.732057401766856e+16 7.277583477918626e+16 7.034759113855641e+16 6.7780584436103544e+16 6.503656127731289e+16 6.206072244820394e+16 5.877018922040494e+16 5.0597872763866024e+16 4.495842565419569e+16 3.662644602568548e+16
3990.000558986709 5.093208901460544e+17 4.660632111237037e+17 4.2239783668870656e+17 3.783976374778017e+17 3.341372668543122e+17 2.8969506612038304e+17 2.4517535514514998e+17 2.229432881228793e+17 2.0078555979616317e+17 1.78769248299175e+17 1.6566100685538246e+17 1.569735435475143e+17 1.4401871860632157e+17 1.3541869715353322e+17 1.2249616148267264e+17 1.1376016402616811e+17 1.0930561603168578e+17 1.047558095406541e+17 1.0006870139037165e+17 9.518408584980714e+16 9.001153951002678e+16 7.809998018530686e+16 7.053039946978186e+16 6.002361392092792e+16
4010.0005617886495 5.472423872707582e+17 5.011126237629574e+17 4.545624069666962e+17 4.076458048201139e+17 3.604053249998816e+17 3.1286653575883155e+17 2.6505128683847443e+17 2.410617630494574e+17 2.1705257045438122e+17 1.9307968049370112e+17 1.7874796738789248e+17 1.6922768142818112e+17 1.5500783323620515e+17 1.4556350074838506e+17 1.313967790595777e+17 1.2186316910300982e+17 1.1702362979910077e+17 1.120994511078396e+17 1.0704915937411213e+17 1.0181271595337891e+17 9.629972056245704e+16 8.374640500676597e+16 7.589012882876186e+16 6.517937515768682e+16
4030.0005645905894 5.4340980100644e+17 4.973879943338613e+17 4.5099296121457056e+17 4.0428422382908006e+17 3.5731081083044294e+17 3.101063340260301e+17 2.6270209248451008e+17 2.389496785429189e+17 2.151995427933926e+17 1.915070755775996e+17 1.7735297350576707e+17 1.679544372384273e+17 1.539212878990832e+17 1.4460349853196845e+17 1.3062877601969542e+17 1.2122450761297437e+17 1.1645021924269677e+17 1.1159189255093907e+17 1.0660831994635936e+17 1.0143984340448714e+17 9.599659803671309e+16 8.359152539630734e+16 7.581667508726432e+16 6.519784815388462e+16
4050.0005673925293 5.264852086891076e+17 4.819212036837436e+17 4.3700992654724646e+17 3.918171670014508e+17 3.464060285033024e+17 3.0083701561608525e+17 2.551877676440022e+17 2.323776401123621e+17 2.09623740075205e+17 1.8698434657542998e+17 1.734858158762203e+17 1.6453067760442714e+17 1.511638689742577e+17 1.4228384946494904e+17 1.289388152453668e+17 1.1992361081903856e+17 1.153308735548806e+17 1.1064352396456773e+17 1.0581859725639576e+17 1.007940473881087e+17 9.547627992707162e+16 8.323440536501597e+16 7.545631838660688e+16 6.4684145394423144e+16
4070.000570194459 5.139723175385337e+17 4.702449653909713e+17 4.262157135976509e+17 3.819633986300353e+17 3.375681670314587e+17 2.9311261503286656e+17 2.4869930848497075e+17 2.2656044173218496e+17 2.0451534042532528e+17 1.8262031305338538e+17 1.6958243926690038e+17 1.6093830645478707e+17 1.4803997087327933e+17 1.3947042715434184e+17 1.2658111758950211e+17 1.1785783969382894e+17 1.134059796133332e+17 1.0885536792523354e+17 1.0416239117564736e+17 9.926415073321022e+16 9.40657264907906e+16 8.20292073745386e+16 7.43192703928937e+16 6.353929332788095e+16
4090.000572996399 5.887633615453341e+17 5.4214953924043923e+17 4.9446404202953325e+17 4.457019210631398e+17 3.958538646007746e+17 3.449080248851396e+17 2.928797237849067e+17 2.6649530738421226e+17 2.399197361092276e+17 2.1323964783865373e+17 1.9723618036703104e+17 1.8659080624376992e+17 1.7068195262304714e+17 1.6012057573215402e+17 1.4430926592642262e+17 1.337075939608344e+17 1.283428344822786e+17 1.2289813019476517e+17 1.173298563361502e+17 1.1157419593583437e+17 1.0553432937120878e+17 9.184866898775202e+16 8.33148807559352e+16 7.167418421187538e+16
4110.000575798339 5.719872854246097e+17 5.2990334784810835e+17 4.863003659764458e+17 4.410960158103309e+17 3.9420090867422074e+17 3.455303536508546e+17 2.9504117639304275e+17 2.6913932612742765e+17 2.4285436262480512e+17 2.1627685052883853e+17 2.0024827150718074e+17 1.8955186998062282e+17 1.7351813588011226e+17 1.6284356812520906e+17 1.468222230103411e+17 1.360565053620353e+17 1.3060304892728206e+17 1.2506517713609242e+17 1.1939892451124923e+17 1.1353961158534851e+17 1.0738862809361253e+17 9.34404603591398e+16 8.473116128277083e+16 7.282637983415877e+16
4130.000578600279 5.730621001096099e+17 5.250046589649708e+17 4.763313085679796e+17 4.271038125925384e+17 3.773881526135557e+17 3.272629311433534e+17 2.768593618492575e+17 2.5163423928186054e+17 2.2647579458015325e+17 2.0148431938441805e+17 1.8662259070433434e+17 1.767872108869142e+17 1.6215330758519776e+17 1.5246920746870336e+17 1.3798305796847342e+17 1.282469699666217e+17 1.233026643976202e+17 1.182668554306511e+17 1.1309313940435056e+17 1.0771422046511854e+17 1.0202809088876411e+17 8.89360235790554e+16 8.058468812361754e+16 6.891900250781948e+16
4150.000581402219 5.7482619489885325e+17 5.254139725171287e+17 4.7549497847599654e+17 4.2516040102533184e+17 3.745148942127919e+17 3.236900349605845e+17 2.7289321279430406e+17 2.4762075740983008e+17 2.2253937854869946e+17 1.977720633598797e+17 1.8312482088156483e+17 1.734680020884973e+17 1.5915586217750454e+17 1.4972080576049574e+17 1.3565318612006293e+17 1.2621875972072654e+17 1.2142938281787834e+17 1.1654962850690038e+17 1.115315117503276e+17 1.0630556144809078e+17 1.007664182927491e+17 8.792218264609112e+16 7.96370293695677e+16 6.7922214238810504e+16
4170.000584204159 5.776090388118886e+17 5.285092208204011e+17 4.7890457080790086e+17 4.288735950428156e+17 3.7850270194693485e+17 3.278962869991239e+17 2.772177576048281e+17 2.5194517205122915e+17 2.2680720622723187e+17 2.0190989886673472e+17 1.871415567090793e+17 1.7738357230927062e+17 1.6288656347691485e+17 1.5330520179581373e+17 1.3898261338972643e+17 1.2935388160140571e+17 1.2445950245268619e+17 1.1946885754254678e+17 1.1433302633231755e+17 1.0898100183650704e+17 1.0330494207003677e+17 9.013454264770766e+16 8.163663998705674e+16 6.961887215193804e+16
4190.000587006089 5.552550225783757e+17 5.083085467660897e+17 4.6099217357707923e+17 4.133880193596005e+17 3.655823480354473e+17 3.176715092474015e+17 2.697907448350169e+17 2.459330126687754e+17 2.2219538620701597e+17 1.9864992599571264e+17 1.846485422101487e+17 1.7537466000908326e+17 1.615502997202976e+17 1.5237376708245078e+17 1.3857969268571216e+17 1.2924423987445621e+17 1.2447753446810885e+17 1.1960156646979486e+17 1.1456726116632514e+17 1.0930355206822562e+17 1.0370275801685757e+17 9.064818355731867e+16 8.219995134394042e+16 7.0254776931545176e+16
4210.000589808029 5.746570885784027e+17 5.275620146684238e+17 4.799780622731271e+17 4.3194432994949984e+17 3.834866883779822e+17 3.3461378227659117e+17 2.8533395454267542e+17 2.605605963128812e+17 2.3573158723746755e+17 2.1089848802765126e+17 1.960263602389868e+17 1.8613230879583882e+17 1.7132393612890368e+17 1.6146148546902205e+17 1.4660850310247526e+17 1.3655761938742037e+17 1.314330008244507e+17 1.2619993398518486e+17 1.2080986923257258e+17 1.1519219798342035e+17 1.0923987842619874e+17 9.549714433270296e+16 8.67233957610907e+16 7.448259538672371e+16
4230.000592609969 5.593352711391901e+17 5.151259723576996e+17 4.7039883203660096e+17 4.25163341434305e+17 3.7940414214170746e+17 3.330729176249081e+17 2.860898431652143e+17 2.6233176646467293e+17 2.3839741443615347e+17 2.143059951236365e+17 1.9978906159255312e+17 1.9008841289489558e+17 1.7549740009102614e+17 1.6572687805042643e+17 1.5092508976537584e+17 1.4084700652461592e+17 1.356897437400989e+17 1.3041125418820632e+17 1.2496310625839771e+17 1.1927509230841909e+17 1.132410476857585e+17 9.9309825411253e+16 9.044276189620205e+16 7.814794625536936e+16
4250.000595411909 5.728210308644464e+17 5.267199766091193e+17 4.8021080138620346e+17 4.3333862105108077e+17 3.8612992072076864e+17 3.3858532804271546e+17 2.906805542614517e+17 2.6658775987464112e+17 2.4240826830115062e+17 2.18159152600687e+17 2.035848428437597e+17 1.938583776322771e+17 1.7924149865512294e+17 1.6945778193907757e+17 1.546327700545858e+17 1.445304788279612e+17 1.3935670897176872e+17 1.3405789411151499e+17 1.285848303680917e+17 1.2286636902723691e+17 1.1679503571521605e+17 1.0275921369176013e+17 9.38119322658295e+16 8.13751875551249e+16
4270.000598213849 5.3642972751629997e+17 4.932975633349192e+17 4.4994880276629715e+17 4.06438948474712e+17 3.628119881670396e+17 3.1908974431789357e+17 2.7527076058235248e+17 2.5332239634536685e+17 2.313486231545098e+17 2.0934842947096502e+17 1.961286067025905e+17 1.8729901078713754e+17 1.7400347975853526e+17 1.6507381324210746e+17 1.5146749629338122e+17 1.4212262337892515e+17 1.373078809503713e+17 1.323538168750103e+17 1.2721041506894768e+17 1.2180554791095195e+17 1.1603007663733091e+17 1.0251426740054544e+17 9.376210890381186e+16 8.140309762004672e+16
4290.0006010157895 4.842801408357351e+17 4.4592335887001344e+17 4.074503255889469e+17 3.688948637930728e+17 3.3027374520594496e+17 2.915768372942504e+17 2.5276298081553274e+17 2.3329296364254835e+17 2.1376845441758496e+17 1.9417422183967536e+17 1.8236933679044646e+17 1.7446789664395955e+17 1.6253737631265962e+17 1.5449668324872573e+17 1.4218742577306418e+17 1.3368097175825926e+17 1.2927746805184024e+17 1.2472956954388595e+17 1.1998774788954421e+17 1.1498068598481106e+17 1.0960071434546134e+17 9.688412126198317e+16 8.856196054607496e+16 7.67349750480613e+16
4310.00060381772 3.9826592061649914e+17 3.677531636387403e+17 3.3737824443989037e+17 3.071528915220932e+17 2.7706331621130694e+17 2.470555865398865e+17 2.1701929394391485e+17 2.0193328797127088e+17 1.86755329092949e+17 1.7142801402118832e+17 1.6212029250060682e+17 1.558471478132406e+17 1.4629010116140685e+17 1.397768335409085e+17 1.2966292715847474e+17 1.2255148358784643e+17 1.1882495983780088e+17 1.1494111762503437e+17 1.1085148656550131e+17 1.064862927154533e+17 1.017400344214766e+17 9.028150403898501e+16 8.26012153184377e+16 7.146548002937069e+16
4330.000606619659 5.973247921393038e+17 5.52908729765205e+17 5.074271818538048e+17 4.608623845840294e+17 4.131902575141113e+17 3.643742535776119e+17 3.143854293425543e+17 2.8895811466542074e+17 2.6326561728959133e+17 2.373469402316133e+17 2.2170776087023046e+17 2.112496098069307e+17 1.955071171409657e+17 1.849559477533054e+17 1.6895194692628093e+17 1.5803819045344154e+17 1.5244713992852362e+17 1.4672025449298288e+17 1.4080474669050086e+17 1.3462412387003216e+17 1.2806253476578955e+17 1.1289137687954222e+17 1.0321019549411922e+17 8.972972546617427e+16
4350.0006094216 5.7157631850486214e+17 5.3041814619968205e+17 4.880126850652551e+17 4.443436791618162e+17 3.994117560386828e+17 3.5324572344020915e+17 3.059254283745302e+17 2.8188455335117754e+17 2.5763556343889184e+17 2.3322046500166157e+17 2.1850378529497248e+17 2.086618401944367e+17 1.9383017689896598e+17 1.8386494764275974e+17 1.6868186799037674e+17 1.58260769928918e+17 1.528960601954528e+17 1.4738101570196202e+17 1.4166228511716146e+17 1.3566288468198174e+17 1.2926632028132174e+17 1.1436874901208885e+17 1.0478260345499941e+17 9.132514429295504e+16
4370.000612223539 6.381239924279064e+17 5.883430586319619e+17 5.3784111084909203e+17 4.866516038895048e+17 4.347906283969112e+17 3.8225837380098566e+17 3.290436833845901e+17 3.021890195319878e+17 2.751907779903084e+17 2.480837290175431e+17 2.317850102395155e+17 2.2090772050348246e+17 2.045647194624728e+17 1.9362941602902608e+17 1.770665749473801e+17 1.6578534202902464e+17 1.600095735623744e+17 1.5409565867639402e+17 1.4798912269684016e+17 1.4161119444268238e+17 1.3484268656174723e+17 1.1920212614756744e+17 1.0922323707096779e+17 9.53069954634603e+16
4390.000615025479 5.796495465683852e+17 5.343530324903837e+17 4.886589675368937e+17 4.4261003303885677e+17 3.962345516278678e+17 3.4953645156221005e+17 3.0249545075962125e+17 2.7883845955081258e+17 2.5508859656624138e+17 2.3124304267951152e+17 2.1688179920386995e+17 2.0727627303763334e+17 1.9279214057908522e+17 1.8305080237578317e+17 1.6818784286375443e+17 1.5796650695667344e+17 1.526960908485818e+17 1.4727029120842525e+17 1.4163407397558114e+17 1.3570798403224995e+17 1.2937170488943293e+17 1.1452762147369654e+17 1.049060228660071e+17 9.132094876024262e+16
4410.00061782742 6.309761123221354e+17 5.825247933696082e+17 5.33307715339873e+17 4.833289490618283e+17 4.325738546802712e+17 3.810080863624078e+17 3.285974768303412e+17 3.0208128808452346e+17 2.7538252815864003e+17 2.485387212023123e+17 2.3238010293513037e+17 2.2158726841353712e+17 2.0535237368931926e+17 1.9447129768637856e+17 1.779482660588839e+17 1.666531275951814e+17 1.6085404776488656e+17 1.5490362869558816e+17 1.4874534875767536e+17 1.422978557715041e+17 1.3543849361503542e+17 1.1952817340212717e+17 1.0934475864577362e+17 9.511795469781802e+16
4430.000620629359 6.680169365879514e+17 6.183811784131855e+17 5.677173528009838e+17 5.159741679537052e+17 4.630668980962195e+17 4.0886812500724416e+17 3.532169840181508e+17 3.2480344808860154e+17 2.9599385218623866e+17 2.668106838798853e+17 2.491382090438348e+17 2.3729347500215846e+17 2.1942582372699392e+17 2.074283759645179e+17 1.892088361813915e+17 1.7678068149994627e+17 1.704170880766428e+17 1.639038217604622e+17 1.5718387737723146e+17 1.501745913472134e+17 1.4275083482965186e+17 1.256828370533242e+17 1.1487819476581995e+17 9.993395772484459e+16
4450.00062343129 6.659406742852854e+17 6.170548885864529e+17 5.6711382337933926e+17 5.160453054755285e+17 4.637320585024522e+17 4.100001691447237e+17 3.546270612091646e+17 3.262584370490587e+17 2.974193113752874e+17 2.6812699383958723e+17 2.5035193869375267e+17 2.3842486276552768e+17 2.2041751741642883e+17 2.083195859618322e+17 1.8994664878626573e+17 1.774194502600441e+17 1.7100839830118266e+17 1.6444943427956547e+17 1.5768572001069517e+17 1.5063487644683408e+17 1.4317226981676478e+17 1.2604045071429408e+17 1.1521851830830443e+17 1.0027933867582718e+17
4470.000626233229 7.067731382934491e+17 6.555094123446449e+17 6.030260559215739e+17 5.492292557696755e+17 4.9396732076308544e+17 4.370125533033972e+17 3.7805320659688544e+17 3.4771613252572966e+17 3.1676671812034944e+17 2.852077881907077e+17 2.659962197302584e+17 2.5308187809421555e+17 2.3355622818026957e+17 2.2042828255666346e+17 2.005000982036422e+17 1.869403754397514e+17 1.8001662184863856e+17 1.729476347083137e+17 1.6567606770956227e+17 1.5811816695577165e+17 1.5014685785119987e+17 1.3197350511935141e+17 1.2059672013436771e+17 1.0503110666982086e+17
4490.000629035169 7.166460248994e+17 6.652360350650286e+17 6.125598138865686e+17 5.585083561499262e+17 5.029188022971135e+17 4.4554553515423654e+17 3.860598464469669e+17 3.5541203569992634e+17 3.2411453522233965e+17 2.9216318013500634e+17 2.7269111538165955e+17 2.595910449527268e+17 2.3976648855692333e+17 2.2642424849779696e+17 2.0614905451712723e+17 1.9233852594268077e+17 1.8528263588888592e+17 1.780762581995338e+17 1.70661221644547e+17 1.6295237519726784e+17 1.5482039542284323e+17 1.3627745925326642e+17 1.246671502500364e+17 1.087729118192293e+17
4510.000631837109 7.965649108260082e+17 7.40113173061961e+17 6.820604850032195e+17 6.222578131481097e+17 5.6048240022343904e+17 4.964106498592592e+17 4.2960584568659456e+17 3.950292753319504e+17 3.5960945871307616e+17 3.2334470535769594e+17 3.012034140576888e+17 2.8629759833845693e+17 2.63739901503184e+17 2.4857113203561738e+17 2.2557361152492787e+17 2.099731062390062e+17 2.0203171990596992e+17 1.9394597259954947e+17 1.856565258898906e+17 1.7707619834511514e+17 1.6807249399733757e+17 1.4776405094433034e+17 1.3523638087888205e+17 1.1834166584920144e+17
4530.000634639049 7.174544674110496e+17 6.66860523289893e+17 6.149467602419387e+17 5.615785200717168e+17 5.0655917325115936e+17 4.495940538927941e+17 3.90282956170972e+17 3.59606808169208e+17 3.281876151292873e+17 2.9600967846132806e+17 2.7634865538516365e+17 2.6310051430180003e+17 2.4302204642744298e+17 2.2949083513517667e+17 2.0890638697050643e+17 1.9487461088588938e+17 1.877036969481184e+17 1.803791344069847e+17 1.7284227059692707e+17 1.6500720955611584e+17 1.5674348817421187e+17 1.3791182090690742e+17 1.261331130788584e+17 1.1001824536700222e+17
4550.0006374409895 7.445311216087384e+17 6.920250729328956e+17 6.380994044804932e+17 5.826228271149981e+17 5.253982031404029e+17 4.661395613366357e+17 4.044664977527393e+17 3.725931743732141e+17 3.3997204659670304e+17 3.0659283235621786e+17 2.8621319481912307e+17 2.724873634098928e+17 2.5169445236595114e+17 2.3768761446221184e+17 2.1638792326304944e+17 2.018736851335469e+17 1.944578649003007e+17 1.8688448988052157e+17 1.7909324525139414e+17 1.7099588839276806e+17 1.6245825176081997e+17 1.4301305446509434e+17 1.3085485938163088e+17 1.1421167361184016e+17
4570.000640242919 7.968491811133782e+17 7.410167808140937e+17 6.835902760729699e+17 6.24407672025338e+17 5.6323594009766714e+17 4.9973686642235795e+17 4.3345672722184006e+17 3.9911727172247264e+17 3.639107241737069e+17 3.278263705579616e+17 3.0577086302391245e+17 2.9090943531824294e+17 2.6839273091003523e+17 2.5322891746624765e+17 2.3019299131263e+17 2.145260996772007e+17 2.0653571400560352e+17 1.983882363757656e+17 1.9002195921349514e+17 1.813463235463177e+17 1.722235516515165e+17 1.515602608825436e+17 1.3873750770812416e+17 1.213174430699516e+17
4590.000643044859 7.525130678187388e+17 7.004499651723427e+17 6.4694677009485e+17 5.918517703899055e+17 5.3494034092002355e+17 4.758839242134404e+17 4.1422827284793594e+17 3.822601348962069e+17 3.494501502084428e+17 3.1576395765146963e+17 2.951325930943261e+17 2.812074584467968e+17 2.600646566567073e+17 2.457891314937523e+17 2.2403031128751178e+17 2.0917017730936784e+17 2.0156808452927485e+17 1.9379826928422752e+17 1.857989112809445e+17 1.774794016132343e+17 1.68702227879011e+17 1.487039594217511e+17 1.3621262297925445e+17 1.1916899772152475e+17
4610.000645846799 7.764919386882755e+17 7.228777564134772e+17 6.677235421580799e+17 6.108666780020027e+17 5.520691762302154e+17 4.909919403182414e+17 4.271777830034791e+17 3.940838512836264e+17 3.601238794799543e+17 3.2527518533127814e+17 3.0394707670389715e+17 2.895604014810247e+17 2.6773386463205853e+17 2.530106013789698e+17 2.3059629753870605e+17 2.1531129502745062e+17 2.0750043344945565e+17 1.9952413200376608e+17 1.9132013769759536e+17 1.8279734449707072e+17 1.7381734421087382e+17 1.534054886047773e+17 1.4068857336430197e+17 1.2336090765212826e+17
4630.000648648739 7.651519156423441e+17 7.123071943996483e+17 6.5795002386869e+17 6.019355567254234e+17 5.440376892136005e+17 4.839428258563826e+17 4.212468419355986e+17 3.887880381635341e+17 3.555331408846875e+17 3.2147421975288237e+17 3.0066522267837114e+17 2.8664388098430838e+17 2.653904772759487e+17 2.5106227765568387e+17 2.2924841780887293e+17 2.1435904763873005e+17 2.0674159951891197e+17 1.989543918641207e+17 1.9093409292556086e+17 1.8258837570862032e+17 1.737769253260982e+17 1.536590254332621e+17 1.410425306053969e+17 1.2372441502357552e+17
4650.0006514506795 7.763824750230994e+17 7.229766468025459e+17 6.680116162641911e+17 6.113272566802586e+17 5.526872951460599e+17 4.917619154940812e+17 4.2811598304265376e+17 3.951254276938451e+17 3.612933135744226e+17 3.266070203438496e+17 3.053964536879699e+17 2.910978845542196e+17 2.6941580976425066e+17 2.547955308989577e+17 2.325383066204182e+17 2.1735291446175027e+17 2.095877329491344e+17 2.0165293804910035e+17 1.934849357773087e+17 1.849907530481815e+17 1.760292236587868e+17 1.555998983595443e+17 1.4281464530810293e+17 1.2529804968217042e+17
4670.000654252619 7.995428999877325e+17 7.446515276936754e+17 6.88122955059458e+17 6.297771304583846e+17 5.693707957657434e+17 5.0655802967208134e+17 4.40898030226428e+17 4.0685451433513555e+17 3.719464569391782e+17 3.361723058444142e+17 3.143110675872951e+17 2.995825018998112e+17 2.7726562525792765e+17 2.6223083542474128e+17 2.393664783182882e+17 2.2378385882908234e+17 2.1582082567011488e+17 2.0768746587532026e+17 1.9931868313868634e+17 1.906195345541666e+17 1.81445658429556e+17 1.6054239943832662e+17 1.474593705856265e+17 1.2951268908791739e+17
4690.000657054549 7.841360122627804e+17 7.309012241149766e+17 6.760389986260741e+17 6.193686902875252e+17 5.606404911339115e+17 4.995061425922771e+17 4.3552149994375315e+17 4.023127694498004e+17 3.6823256715479725e+17 3.332725826162513e+17 3.118886418577154e+17 2.9747091181857126e+17 2.7560558934852954e+17 2.608590732941552e+17 2.384019397426514e+17 2.230704172226225e+17 2.1522583103403674e+17 2.0720567301127843e+17 1.989445782656456e+17 1.9034704894610182e+17 1.812678748930092e+17 1.605244505673581e+17 1.47493996886891e+17 1.2954992382930922e+17
4710.000659856489 7.570622808278767e+17 7.065701605992443e+17 6.544995827291665e+17 6.006615400529484e+17 5.448122068634049e+17 4.866052627803411e+17 4.2560633371164634e+17 3.939113868143708e+17 3.613549653196828e+17 3.279151901332304e+17 3.0743085525770426e+17 2.9360184164977664e+17 2.7259235598749408e+17 2.5839015021864397e+17 2.366931248097079e+17 2.2181998626784118e+17 2.141875721061942e+17 2.0636720422406963e+17 1.9829298788621414e+17 1.898688177557376e+17 1.8094864193397373e+17 1.6047295655945552e+17 1.4754211873832995e+17 1.2965271824895618e+17
4730.000662658429 7.996612026147804e+17 7.457330529376511e+17 6.901533269366318e+17 6.327403548849318e+17 5.732347389410498e+17 5.1127056540869536e+17 4.463837691550432e+17 4.1268462298261523e+17 3.78078512935061e+17 3.425450373253546e+17 3.207878843860473e+17 3.06106207981598e+17 2.838178468199247e+17 2.6876797780504934e+17 2.4581670885205782e+17 2.301240351541435e+17 2.2208738018635814e+17 2.138661664314548e+17 2.0539344228282694e+17 1.9657163541278986e+17 1.8725225733846486e+17 1.659565503761092e+17 1.52586155153833e+17 1.3419297584262344e+17
4750.0006654603685 8.199091690248572e+17 7.655829046086621e+17 7.095142354377507e+17 6.514900703169126e+17 5.91214129155645e+17 5.2826773259242336e+17 4.620947919963358e+17 4.276008658491513e+17 3.9207511662509523e+17 3.554756237807043e+17 3.330003343403657e+17 3.1780570628588486e+17 2.946955385159987e+17 2.790630010368583e+17 2.5518728227986973e+17 2.388451103156213e+17 2.3047339761926346e+17 2.219096357085333e+17 2.1308631054903382e+17 2.039047035097112e+17 1.9421529562010406e+17 1.721462705143284e+17 1.583761858292479e+17 1.3959176318037816e+17
4770.000668262309 8.243540761322057e+17 7.702350099954726e+17 7.143277511214656e+17 6.564097210639817e+17 5.96166630357528e+17 5.3315991656711277e+17 4.66805563470124e+17 4.321648500038393e+17 3.9644281844745536e+17 3.595933756385142e+17 3.36939386788316e+17 3.216128602377245e+17 2.982853486749787e+17 2.8249458853927667e+17 2.5836164969259904e+17 2.4183445137779472e+17 2.3336589854124742e+17 2.2470212097028054e+17 2.157752245556426e+17 2.06486046186837e+17 1.9668437114958275e+17 1.743726515557966e+17 1.604687374299443e+17 1.4153716920932906e+17
4790.000671064249 8.247791364061536e+17 7.707233194377608e+17 7.148589095831505e+17 6.569678758007209e+17 5.967403903918332e+17 5.337469195016385e+17 4.6742481379774874e+17 4.328175559953579e+17 3.971521328916145e+17 3.6038994975862925e+17 3.378066930413619e+17 3.2253560446834944e+17 2.99303449363344e+17 2.8358346291437306e+17 2.595624234989015e+17 2.431086270776571e+17 2.3467468496528816e+17 2.260431487598779e+17 2.171451522721978e+17 2.0788048770245373e+17 1.9809726137706915e+17 1.757891447569362e+17 1.6184820664874947e+17 1.4279064221981819e+17
4810.00067386618 8.155806892935429e+17 7.621197135020934e+17 7.069159080399418e+17 6.497567361410057e+17 5.903586115039633e+17 5.2832441594637395e+17 4.631382777593208e+17 4.2918433056018374e+17 3.942367671180298e+17 3.5825915420168506e+17 3.361744452781549e+17 3.2124375055899155e+17 2.985275125247193e+17 2.8314890722043008e+17 2.596224941558842e+17 2.4347752084912112e+17 2.3518897724504477e+17 2.2669565094895763e+17 2.1792760555545392e+17 2.087830541892357e+17 1.991078578749238e+17 1.7695984948026982e+17 1.6304591246974394e+17 1.4392147127724069e+17
4830.000676668119 8.355643007453464e+17 7.815366142261711e+17 7.255678119411891e+17 6.674185405292008e+17 6.067761439872507e+17 5.432082004797827e+17 4.7615350800007277e+17 4.411286548264554e+17 4.050187206981353e+17 3.6779500747489235e+17 3.4493040019133965e+17 3.2947117533654e+17 3.0595699612846496e+17 2.900479287485635e+17 2.6573652022283885e+17 2.4907795124182506e+17 2.40535294189298e+17 2.3178912060425072e+17 2.227687241766831e+17 2.13371540147112e+17 2.034425059268845e+17 1.8077839094713277e+17 1.6659743253925946e+17 1.4718637500693072e+17
4850.000679470059 7.81919291287276e+17 7.342498955676036e+17 6.843840260924618e+17 6.320637077937071e+17 5.76956950714525e+17 5.186436200422233e+17 4.5662542119704557e+17 4.2406137128231597e+17 3.903871738092277e+17 3.5557348513481043e+17 3.3413646343978765e+17 3.19616277463159e+17 2.9748136997023494e+17 2.8246478424307514e+17 2.5943638501182515e+17 2.4358843775931184e+17 2.3543658730095168e+17 2.2707140163439382e+17 2.1842241163919523e+17 2.093873055247045e+17 1.9981080067741085e+17 1.7781663145472013e+17 1.6394097788497155e+17 1.4478389563516877e+17
4870.000682272 6.991060265926504e+17 6.600418075506775e+17 6.187928163823657e+17 5.750754705452228e+17 5.285305415249159e+17 4.7871237696113216e+17 4.2508266251037875e+17 3.9665303374045523e+17 3.6704952268907206e+17 3.362085814748414e+17 3.170845955832739e+17 3.040657854142596e+17 2.8410498931963827e+17 2.7047392998330586e+17 2.4940780207433386e+17 2.3478042880201626e+17 2.272113172555958e+17 2.1941077340750285e+17 2.1130898102402054e+17 2.0280472208535674e+17 1.9374415130692445e+17 1.7274360745702992e+17 1.5935070590167882e+17 1.4067262522166403e+17
4890.000685073939 8.017040897618797e+17 7.51153191922896e+17 6.987330329630341e+17 6.441992838985627e+17 5.872383299510816e+17 5.274209166362869e+17 4.6418796090056864e+17 4.310950978727398e+17 3.9691875449937325e+17 3.616098317091378e+17 3.3986943293104454e+17 3.251417015445079e+17 3.026857461310953e+17 2.874476917585769e+17 2.6407597504170925e+17 2.4799158354254397e+17 2.397188788808348e+17 2.312305795878953e+17 2.2245575038445674e+17 2.132911805732726e+17 2.0358074436436957e+17 1.813013275600823e+17 1.672723662745118e+17 1.4794686559537382e+17
4910.0006878758795 8.015471725577623e+17 7.507713128072417e+17 6.982211411790998e+17 6.436700033990085e+17 5.86798962218064e+17 5.271722289530768e+17 4.642267815043689e+17 4.313078971547075e+17 3.9732331863344275e+17 3.6221994259601946e+17 3.406076450992662e+17 3.25966745390136e+17 3.036405632254403e+17 2.884882528535765e+17 2.6524000759416192e+17 2.4923111005428464e+17 2.4099260775209258e+17 2.3253542686029485e+17 2.2378754015420966e+17 2.146446029217092e+17 2.0494850828704624e+17 1.826601358239537e+17 1.6858834693335894e+17 1.4915269125820438e+17
4930.000690677819 7.900704401439405e+17 7.401920004422364e+17 6.88586469315285e+17 6.350345415973889e+17 5.79218997291194e+17 5.2071294870356e+17 4.589577992263816e+17 4.266627436856061e+17 3.933187342787843e+17 3.588677838048306e+17 3.376481807046119e+17 3.232673209341352e+17 3.013253823452784e+17 2.864221445434677e+17 2.635316588232551e+17 2.4774762979281002e+17 2.396169549856962e+17 2.3126429509051056e+17 2.2261765836199792e+17 2.1357260432795258e+17 2.039708852371853e+17 1.8185685850128077e+17 1.6785679592212723e+17 1.48453117456853e+17
4950.000693479749 8.293186361182243e+17 7.774480887650204e+17 7.236877074621832e+17 6.677881289654312e+17 6.093852512776353e+17 5.4797446708094874e+17 4.8290655220721766e+17 4.487624574070878e+17 4.13421383344353e+17 3.768178612426436e+17 3.542353648959763e+17 3.3891905156450214e+17 3.1554156954479565e+17 2.9966574410781005e+17 2.753055294554356e+17 2.5854172033941408e+17 2.4992232073103965e+17 2.4108168612209786e+17 2.3194739501716653e+17 2.2241417645671626e+17 2.1232260566138346e+17 1.8921770336480035e+17 1.7471109382857907e+17 1.547749994929166e+17
4970.000696281689 8.334639574607398e+17 7.808069641364568e+17 7.263032357816168e+17 6.697087547810446e+17 6.106933847475173e+17 5.487925065086892e+17 4.834116119101861e+17 4.492026292484885e+17 4.1387500399365e+17 3.7737096373092486e+17 3.548908977171234e+17 3.396600100837679e+17 3.1643296499577376e+17 3.0066889347847296e+17 2.7648506825025184e+17 2.598369441950222e+17 2.512724445749794e+17 2.4248331005807776e+17 2.333955253601647e+17 2.2390147919585002e+17 2.1383812942074915e+17 1.9072336195673914e+17 1.7613604483768813e+17 1.559722413377603e+17
4990.000699083629 7.751910593140321e+17 7.26734259561554e+17 6.766081105628539e+17 6.245937063291992e+17 5.703826061752529e+17 5.135574302346549e+17 4.535688910212959e+17 4.2219115523686176e+17 3.8978425662038605e+17 3.562862494430597e+17 3.356430806993483e+17 3.2164586648588205e+17 3.0027433940035776e+17 2.8574463495666182e+17 2.6339604912904992e+17 2.4795425637285843e+17 2.399867623497418e+17 2.317909406529265e+17 2.2329357604806387e+17 2.1438871190931514e+17 2.0491541450437488e+17 1.8299902777970688e+17 1.690363776075609e+17 1.495488666821188e+17
5010.0007018855695 7.431280254938703e+17 6.969526701249866e+17 6.492129845203139e+17 5.99699613265331e+17 5.481168992588118e+17 4.9406496958107194e+17 4.370216408499423e+17 4.071921066420291e+17 3.763941465672156e+17 3.445688937401804e+17 3.249585967367693e+17 3.1166072209512794e+17 2.9134996047291974e+17 2.775308037955391e+17 2.5624496163032333e+17 2.4150431237931952e+17 2.3388465540617322e+17 2.2603474043279546e+17 2.1788200405590138e+17 2.0932125648613926e+17 2.001928938861313e+17 1.7897800622389277e+17 1.6538148866187638e+17 1.46291514086111e+17
5030.000704687509 7.911844572138716e+17 7.418954773079226e+17 6.908948115934712e+17 6.379578477918253e+17 5.827603974692895e+17 5.248802048935865e+17 4.6375801220596826e+17 4.3178531186031226e+17 3.987680311454097e+17 3.646473158923702e+17 3.4362516550508435e+17 3.29373637469031e+17 3.07616956342626e+17 2.92827213659886e+17 2.7008009478746115e+17 2.5436299885839578e+17 2.4625332055469818e+17 2.3791091071758627e+17 2.292612828252536e+17 2.201962477010699e+17 2.1055184875059846e+17 1.8823422373080422e+17 1.7400876027170128e+17 1.541406836503527e+17
5050.000707489449 7.961152340085217e+17 7.468514009155187e+17 6.957932325562577e+17 6.42712504800777e+17 5.872675866644306e+17 5.2901408786544755e+17 4.6738468146127475e+17 4.351077480396827e+17 4.0175553804520506e+17 3.6727427753571206e+17 3.4602831448312454e+17 3.3162590734879904e+17 3.0964443415216006e+17 2.947074255865489e+17 2.7174688173760848e+17 2.558945533276213e+17 2.477199279710323e+17 2.3931457979586694e+17 2.3060395909559827e+17 2.2148012232065014e+17 2.1177899061896477e+17 1.8935322443358266e+17 1.75073764639667e+17 1.5514774591434845e+17
5070.000710291379 8.331213675848763e+17 7.815032494117284e+17 7.279789168774336e+17 6.722828801071228e+17 6.14069724520221e+17 5.528646069627362e+17 4.8806513087673517e+17 4.5410944547448134e+17 4.190153311727063e+17 3.8273650839988666e+17 3.6039139150272435e+17 3.4525143425050906e+17 3.2216238243624826e+17 3.0649007512412e+17 2.824359965208659e+17 2.6586171581252666e+17 2.573273498884538e+17 2.4856191076551165e+17 2.394898162811994e+17 2.3000115906255e+17 2.1992905035044202e+17 1.9671964489870973e+17 1.8199689574126442e+17 1.6150565099399974e+17
5090.000713093319 7.986965288825987e+17 7.490065839518285e+17 6.975349845183479e+17 6.44050478309873e+17 5.88237896519052e+17 5.296658618942966e+17 4.678170671725532e+17 4.354868390619322e+17 4.0214035083879616e+17 3.677408604542885e+17 3.4658884809276096e+17 3.322704983554959e+17 3.104472976462077e+17 2.9563738960404915e+17 2.7289386764482406e+17 2.5719799590944973e+17 2.4910286583051494e+17 2.4077645899952445e+17 2.3214306910250566e+17 2.2309280766063027e+17 2.1345859046584934e+17 1.9111655446501498e+17 1.7680975559278666e+17 1.566838392548756e+17
5110.000715895259 8.159621505810374e+17 7.653047648148269e+17 7.127925249979489e+17 6.581841548339352e+17 6.01148948115377e+17 5.4124416562066477e+17 4.7792207523390637e+17 4.4479648428741434e+17 4.1061175488084154e+17 3.753352907842485e+17 3.5364316685608083e+17 3.3896023919365645e+17 3.1658832264799674e+17 3.0141239390620166e+17 2.7812361458964912e+17 2.6206750307409274e+17 2.5379306120541283e+17 2.4528751399522723e+17 2.3647480560447094e+17 2.2724437160134147e+17 2.174282344231593e+17 1.9470869348754563e+17 1.8019515376393514e+17 1.5981996863397046e+17
5130.0007186972 7.957691348925046e+17 7.464442554475099e+17 6.953397995939437e+17 6.42227307864268e+17 5.867947280630536e+17 5.286292659003196e+17 4.67231216286746e+17 4.351590987550975e+17 4.02100816928152e+17 3.6803135004923635e+17 3.470995298551636e+17 3.3293672296404806e+17 3.113573718362274e+17 2.967134375038314e+17 2.7421586633564877e+17 2.5867449480287664e+17 2.5065151828721222e+17 2.4239262601661014e+17 2.338210759651976e+17 2.2482543251347133e+17 2.1523614507167216e+17 1.9293187922317674e+17 1.7858639179969642e+17 1.5830247409566512e+17
5150.000721499139 7.690941593594771e+17 7.217538745824266e+17 6.72738458057515e+17 6.218303463669661e+17 5.687302675797157e+17 5.130607314302237e+17 4.5433451704993395e+17 4.2366145118034406e+17 3.920359349575474e+17 3.5941596876503264e+17 3.3935185669527936e+17 3.257627122147726e+17 3.050321085993876e+17 2.90942550946677e+17 2.6925474852657747e+17 2.5423666724472813e+17 2.4647016636507222e+17 2.3846464610626435e+17 2.301435750882331e+17 2.2139608781910477e+17 2.120535706803876e+17 1.9024845566211686e+17 1.761703858363945e+17 1.5620782516841485e+17
5170.00072430108 7.036898459301326e+17 6.604126698299502e+17 6.157653719681477e+17 5.695714539494919e+17 5.216105662582783e+17 4.715925908502539e+17 4.191896309090177e+17 3.9199184246725754e+17 3.640891936364309e+17 3.354577617853168e+17 3.179129660990275e+17 3.060500841116268e+17 2.87962542332267e+17 2.7565763662790352e+17 2.5664974995845712e+17 2.434020499387317e+17 2.3651248128645757e+17 2.293777862350449e+17 2.2192209244230858e+17 2.14035785513855e+17 2.0555227284248592e+17 1.8547129845724192e+17 1.7227366299799763e+17 1.532380060131296e+17
5190.000727103009 7.169570892258417e+17 6.739108263079031e+17 6.294504908448822e+17 5.833962932629897e+17 5.354898369731027e+17 4.8540104311659923e+17 4.327187590523796e+17 4.05264748001538e+17 3.7699427368890746e+17 3.4785080531770797e+17 3.299137973171434e+17 3.1774846659701696e+17 2.991401174205971e+17 2.8643990652213357e+17 2.667615980371947e+17 2.5301183927590435e+17 2.4585310385145654e+17 2.384358994019033e+17 2.3068297010398886e+17 2.2248278941187795e+17 2.1366619534701123e+17 1.928447541460281e+17 1.7922230614014406e+17 1.597022581428684e+17
5210.000729904949 7.891075791233691e+17 7.417499222372961e+17 6.926011609898742e+17 6.414038888916959e+17 5.87834746569389e+17 5.314418189327282e+17 4.716698737284518e+17 4.403171106686958e+17 4.0788331936526694e+17 3.7430444877158784e+17 3.535823530822049e+17 3.395164845081589e+17 3.180091923116345e+17 3.0335824419673325e+17 2.8075833987046938e+17 2.6508201416080022e+17 2.569697008669433e+17 2.4860601106669898e+17 2.3991330427034726e+17 2.3077904632149418e+17 2.210325266765328e+17 1.9835598306280614e+17 1.8379978431518397e+17 1.6331352067925894e+17
5230.000732706889 8.029344741275245e+17 7.550132881749917e+17 7.052935857887626e+17 6.53513801523834e+17 5.993389477947077e+17 5.4230584585432384e+17 4.818236136717972e+17 4.500797973892347e+17 4.172249668497469e+17 3.8318471442532205e+17 3.621615801314514e+17 3.4788191158351744e+17 3.260296411665227e+17 3.111289569240205e+17 2.881155392544284e+17 2.7212977148219926e+17 2.6384977050468362e+17 2.5530757003734157e+17 2.4642349363809942e+17 2.370820106347917e+17 2.2710798850928797e+17 2.0388288396935552e+17 1.889665089251184e+17 1.679659074538924e+17
5250.000735508829 8.275498196660069e+17 7.78533157197416e+17 7.27633310056618e+17 6.745701054549078e+17 6.189720179733702e+17 5.603371432836597e+17 4.980191036749831e+17 4.6524488637335277e+17 4.3126282789313837e+17 3.9598993306206035e+17 3.7417093813129664e+17 3.593367174817045e+17 3.3661701360851526e+17 3.211141071579673e+17 2.97162270666082e+17 2.8052614450015885e+17 2.719124006142179e+17 2.630295657691183e+17 2.537966626609807e+17 2.440961621702377e+17 2.337500978575755e+17 2.0972226949177104e+17 1.94353682585512e+17 1.7281187071810973e+17
5270.000738310769 7.333450528750881e+17 6.9065205679031e+17 6.46404380876064e+17 6.003755731877235e+17 5.522611818251794e+17 5.016549021348136e+17 4.480406697890024e+17 4.199139001445722e+17 3.908015094182793e+17 3.606142370116467e+17 3.41941744116628e+17 3.29237597759455e+17 3.0974475126257734e+17 2.9640313329764506e+17 2.7568607142416643e+17 2.6119074882697453e+17 2.5364187077217293e+17 2.4582139924358288e+17 2.376499105435827e+17 2.2901287997217648e+17 2.1973677095398826e+17 1.9790047508679344e+17 1.836979193754772e+17 1.635001338041565e+17
5290.000741112709 8.280029989535571e+17 7.796543041236741e+17 7.293986235816288e+17 6.769571742485887e+17 6.2194045141327e+17 5.638363102451489e+17 5.019749871562153e+17 4.693892310950472e+17 4.355699282347578e+17 4.004209601437042e+17 3.7865576489013005e+17 3.638480885727301e+17 3.411519999575641e+17 3.25653747202327e+17 3.016889138420621e+17 2.850288792676965e+17 2.763977913814917e+17 2.6749383239105395e+17 2.5823526330081754e+17 2.4850412663331603e+17 2.3812198441791693e+17 2.140000747796554e+17 1.9856649734634298e+17 1.7692470251739885e+17
5310.000743914648 8.609188468133329e+17 8.111791845713711e+17 7.593963886774313e+17 7.05251690963147e+17 6.483230789309764e+17 5.88040517207892e+17 5.2365008736723264e+17 4.8964456276872314e+17 4.54277794254395e+17 4.1745233517781114e+17 3.946175038138654e+17 3.790706309920604e+17 3.5523089217768794e+17 3.389476321784034e+17 3.137755407996518e+17 2.9629108926884365e+17 2.8724106421967094e+17 2.7791276292750582e+17 2.6822343365679856e+17 2.580536560238901e+17 2.472228394840711e+17 2.2216014345547795e+17 2.062186898823086e+17 1.8400230012814205e+17
5330.000746716579 7.764395924685772e+17 7.316993147972384e+17 6.852095050769889e+17 6.367214071599459e+17 5.858894563014033e+17 5.322645787982043e+17 4.7528101579469786e+17 4.453232926633337e+17 4.142776212417259e+17 3.8205302764015475e+17 3.6211172667201024e+17 3.4854319952083354e+17 3.2773150234531386e+17 3.134972382460275e+17 2.914218023455255e+17 2.760055970014637e+17 2.6798952282889248e+17 2.5969537799416822e+17 2.5104162696059008e+17 2.4191053301625146e+17 2.3212366705474288e+17 2.0917421462471955e+17 1.9431310851125162e+17 1.7324944368142083e+17
5350.000749518518 8.395274225494491e+17 7.913666852369623e+17 7.412194548503757e+17 6.887932477557711e+17 6.336689339645599e+17 5.7530968424217894e+17 5.130277091367126e+17 4.801633330462769e+17 4.460118858553754e+17 4.104804198920401e+17 3.884589456464589e+17 3.7346931774592224e+17 3.5048113967536877e+17 3.347734657117183e+17 3.1046832390925357e+17 2.9355893990458406e+17 2.8479515395397968e+17 2.7575199405451008e+17 2.6634731727837763e+17 2.564622145405372e+17 2.4591678229547514e+17 2.214291390347697e+17 2.057757710823802e+17 1.8383364846043098e+17
5370.0007523204595 8.438059595244049e+17 7.95636309739042e+17 7.454484294330737e+17 6.929458227470876e+17 6.37713274091626e+17 5.791947195497047e+17 5.166631193446365e+17 4.836315422980041e+17 4.492806719621405e+17 4.135147449954898e+17 3.9133923781710874e+17 3.7624210494989664e+17 3.530902236334363e+17 3.37273998074485e+17 3.12809778300964e+17 2.9579890330373254e+17 2.8698564713274342e+17 2.778938686163282e+17 2.68441103445257e+17 2.585082776332074e+17 2.4791540299175142e+17 2.233331374070373e+17 2.0763174671767898e+17 1.8563460691609357e+17
5390.000755122399 8.3348153872982e+17 7.857333193545261e+17 7.36018651308059e+17 6.840475527898916e+17 6.294226907244261e+17 5.716025656912187e+17 5.099158098416662e+17 4.773758390610231e+17 4.4357697192491565e+17 4.084268720286477e+17 3.866527254646273e+17 3.718357480152041e+17 3.4911856981131034e+17 3.335997422573989e+17 3.095859024637689e+17 2.9287357388184045e+17 2.842077704573044e+17 2.7526172943218765e+17 2.659522967852564e+17 2.561593834225356e+17 2.45701164961915e+17 2.2135362520872573e+17 2.057246772438558e+17 1.8369911861398544e+17
5410.000757924339 8.06872744590401e+17 7.612113792544255e+17 7.136751470053618e+17 6.639902016031329e+17 6.117769420688741e+17 5.565237739938613e+17 4.975891455571114e+17 4.6650502872175155e+17 4.3421161899389715e+17 4.0060986860069357e+17 3.797771002699394e+17 3.655882222182193e+17 3.438067363772857e+17 3.289024498197467e+17 3.05789042919162e+17 2.896585244006734e+17 2.8127784574275075e+17 2.7261311820959734e+17 2.6358160587054563e+17 2.540638739903583e+17 2.438787482537067e+17 2.2007707021673622e+17 2.0472798846333613e+17 1.8300755394053216e+17
5430.000760726279 8.315275829926616e+17 7.8416312039382e+17 7.34855240808512e+17 6.833002881365889e+17 6.290955717045386e+17 5.717152242844738e+17 5.1047225331549254e+17 4.781551740351311e+17 4.4457138436976826e+17 4.0962813187487264e+17 3.8796913305203923e+17 3.7322388757719834e+17 3.506049408987589e+17 3.351423491696713e+17 3.1119725266084045e+17 2.945165584272761e+17 2.8586111225946838e+17 2.7692099649582096e+17 2.6761200595143994e+17 2.5781262906533322e+17 2.4733890554812435e+17 2.2291637297162982e+17 2.07213125738441e+17 1.8508831560119507e+17
5450.000763528209 8.618485540469905e+17 8.133753996693002e+17 7.627766460906444e+17 7.097422962735584e+17 6.53814980635595e+17 5.944159527565573e+17 5.3078519607329574e+17 4.971133606632509e+17 4.6205487833601766e+17 4.255149965468545e+17 4.028428198826045e+17 3.874007990137533e+17 3.6370936698478586e+17 3.475187962274239e+17 3.224679350267222e+17 3.0504476907962605e+17 2.960169845469063e+17 2.8670360472265357e+17 2.7702030887730506e+17 2.6684547169275843e+17 2.5599515540593133e+17 2.3082343388123197e+17 2.1476163516098045e+17 1.923228248363055e+17
5470.000766330149 8.42274454545735e+17 7.947808941303151e+17 7.452909519760163e+17 6.934795868511268e+17 6.389470011506902e+17 5.811475251695624e+17 5.1938253356619904e+17 4.867591198134226e+17 4.528418117848096e+17 4.1753387689979437e+17 3.956405112898457e+17 3.807329116641478e+17 3.578590380493871e+17 3.422195141324799e+17 3.1799591897422355e+17 3.0111919767413664e+17 2.9236188904828326e+17 2.8331670092260582e+17 2.738991366942464e+17 2.6398727022800458e+17 2.533960717826042e+17 2.2871662180942253e+17 2.1285903239024698e+17 1.904913330057518e+17
5490.000769132089 8.354049365955196e+17 7.883554776708251e+17 7.393342942529523e+17 6.880627320595427e+17 6.341339026149014e+17 5.770316686286957e+17 5.1608794571235296e+17 4.8394034378445216e+17 4.5054607747983686e+17 4.158120420846559e+17 3.942862155947405e+17 3.796296484682067e+17 3.571400799581037e+17 3.417566619930092e+17 3.179090249926992e+17 3.0127093520556966e+17 2.926279762805579e+17 2.8369307432709936e+17 2.7438098811347994e+17 2.6456860275600298e+17 2.5406922915261718e+17 2.2953231989970326e+17 2.1370082427824694e+17 1.9126946416537597e+17
5510.000771934028 8.379137734574319e+17 7.907431689638801e+17 7.416125811937568e+17 6.902153748581051e+17 6.36158157955211e+17 5.788990231467551e+17 5.17774287129635e+17 4.855225630303439e+17 4.520135220153364e+17 4.171555103990231e+17 3.955525881818487e+17 3.8084392484998246e+17 3.582748378143807e+17 3.4283783844292685e+17 3.1890879237714246e+17 3.022153019049087e+17 2.93544063426952e+17 2.8458050608105334e+17 2.7523939360868016e+17 2.6539775146166486e+17 2.5486919716278413e+17 2.3027573714190717e+17 2.1441743368692448e+17 1.9195176626079638e+17
5530.000774735969 8.497107426756657e+17 8.023694230861843e+17 7.529945319253105e+17 7.012765553656724e+17 6.467861530587601e+17 5.889701631760527e+17 5.271214008069348e+17 4.944315332292336e+17 4.604250257556932e+17 4.250056388535308e+17 4.03033958362523e+17 3.8806698302253766e+17 3.650924987227552e+17 3.4937531812861856e+17 3.250114885713312e+17 3.080191978778507e+17 2.991950462042188e+17 2.900759415420252e+17 2.8057576249250605e+17 2.7057079736251152e+17 2.5987325798678557e+17 2.349175918301231e+17 2.1885925522964128e+17 1.9617066516406858e+17
5550.000777537908 8.635822656567287e+17 8.15739710329181e+17 7.658180818768413e+17 7.134931152167264e+17 6.58317056601634e+17 5.997138367270856e+17 5.369342271481173e+17 5.037141116930987e+17 4.69124725582074e+17 4.330615369937017e+17 4.106727740053573e+17 3.9541498278877414e+17 3.7198479271437306e+17 3.559506957819553e+17 3.310941385449637e+17 3.137608124953312e+17 3.047622587998206e+17 2.954656063359132e+17 2.8578442466170387e+17 2.7559424360313258e+17 2.647063806291728e+17 2.393490919465865e+17 2.2307322786137763e+17 2.001393782244857e+17
5570.0007803398385 8.417978891470693e+17 7.955719180166688e+17 7.473276165965164e+17 6.967574776003048e+17 6.434163967952892e+17 5.86747522166414e+17 5.2601453066117254e+17 4.9385298168494106e+17 4.603459018012258e+17 4.253884046890634e+17 4.0366958115385286e+17 3.8885976404326426e+17 3.661018728959462e+17 3.505148650007232e+17 3.263237926370297e+17 3.0943031830333805e+17 3.0065089705436883e+17 2.915730522848077e+17 2.8211077898689856e+17 2.7214056529245738e+17 2.6147524416538134e+17 2.3658251301542304e+17 2.2056510081404438e+17 1.9794990863606035e+17
5590.00078314178 8.246330605677816e+17 7.792986980242879e+17 7.320343460027043e+17 6.825315392495642e+17 6.304083416334066e+17 5.751120190342429e+17 5.15975819653846e+17 4.847195474672044e+17 4.521959632519037e+17 4.183047104155853e+17 3.972645898883455e+17 3.8292079732572755e+17 3.6087733341917754e+17 3.4577426037577056e+17 3.223100129926769e+17 3.058983218592918e+17 2.9735776169805997e+17 2.8851730413007334e+17 2.792907330825105e+17 2.6955426994769373e+17 2.5911998292573917e+17 2.346724997391863e+17 2.1885741331257766e+17 1.9640441776292877e+17
5610.000785943719 8.561608034307453e+17 8.09617659201743e+17 7.609731183768186e+17 7.098912360334374e+17 6.559266099264442e+17 5.984850729088878e+17 5.367881524386094e+17 5.0407183427399e+17 4.699479839188594e+17 4.343085018843216e+17 4.12148199507893e+17 3.970302900015612e+17 3.7378932457903763e+17 3.578662583761904e+17 3.3314995183626714e+17 3.158913412440972e+17 3.069240111892463e+17 2.9765425959930054e+17 2.87995157902467e+17 2.778224865941052e+17 2.6694759384194755e+17 2.4160547179415856e+17 2.253369101337107e+17 2.0242015250997914e+17
5630.0007887456595 8.584775814018554e+17 8.114176381119814e+17 7.62297586521629e+17 7.107806792070189e+17 6.564471270675002e+17 5.987188141420687e+17 5.368794428748518e+17 5.041517091591662e+17 4.700751954356548e+17 4.3454738052872454e+17 4.124869051953449e+17 3.9744881505141126e+17 3.743472586345441e+17 3.585278720948777e+17 3.339785504645572e+17 3.1683492173430976e+17 3.0792469405053606e+17 2.987110043065652e+17 2.8910620809305766e+17 2.7898427133515414e+17 2.681539604908927e+17 2.428544454135283e+17 2.2654346960849923e+17 2.0343556685016554e+17
5650.000791547599 8.578189086663825e+17 8.11126945259725e+17 7.623730547904369e+17 7.112504602655473e+17 6.573224370527014e+17 6.000130071986016e+17 5.386008225076104e+17 5.0608418108164704e+17 4.722138663138209e+17 4.368714775112503e+17 4.149079289389545e+17 3.99924507177566e+17 3.768860931196264e+17 3.6109340914979014e+17 3.365545041278906e+17 3.193943999605894e+17 3.104679669362098e+17 3.012318275857005e+17 2.9159765233981856e+17 2.8143878253026762e+17 2.705625258789473e+17 2.4513760342778528e+17 2.2874328274388138e+17 2.0553950881239933e+17
5670.000794349539 8.377804495183447e+17 7.924635286424708e+17 7.45181797362212e+17 6.955893249440596e+17 6.433029687532157e+17 5.877571373495091e+17 5.282519894986499e+17 4.9675686003797875e+17 4.63946021958045e+17 4.297047296866542e+17 4.084150744437914e+17 3.938859261633819e+17 3.7152896404245466e+17 3.5618874085425946e+17 3.323195585558682e+17 3.1559691064416557e+17 3.0688585854684e+17 2.97862865386917e+17 2.8843986122364525e+17 2.7848979535866083e+17 2.6782009481093558e+17 2.428009488081924e+17 2.26604901000126e+17 2.035978967769947e+17
5690.000797151469 8.545813853636137e+17 8.087328151049015e+17 7.608253936953558e+17 7.105521054747387e+17 6.574492842417772e+17 6.009485274503986e+17 5.4029384684669075e+17 5.081249255400883e+17 4.745695859569109e+17 4.395019014529502e+17 4.176788439700393e+17 4.027778161168966e+17 3.798427697788206e+17 3.641050328746622e+17 3.396254246891586e+17 3.2248754500811046e+17 3.135663645566738e+17 3.0433142191738605e+17 2.9469415745565024e+17 2.845270646628568e+17 2.7363731953031635e+17 2.481671509260105e+17 2.3174004919553325e+17 2.0849610011187613e+17
5710.000799953409 8.38482709133295e+17 7.934874648342866e+17 7.465065299631732e+17 6.972023989477775e+17 6.45149142088497e+17 5.89795087297533e+17 5.303909997954749e+17 4.989005722708301e+17 4.6606154183814886e+17 4.3175001158258074e+17 4.104003120226716e+17 3.9582384360788525e+17 3.733873590512513e+17 3.5798816852717e+17 3.340235440940243e+17 3.1723176171507104e+17 3.0848351378956806e+17 2.9942153227072915e+17 2.8995669407202714e+17 2.799612297938807e+17 2.6924151507547677e+17 2.441000994272234e+17 2.2782306999870707e+17 2.0469900465244858e+17
5730.000802755349 8.978858143218999e+17 8.500496212972567e+17 7.999712910414189e+17 7.472618900816616e+17 6.91441256700904e+17 6.318364561255502e+17 5.676024455554916e+17 5.334345999099859e+17 4.977157635579365e+17 4.603178316032313e+17 4.3702074811913856e+17 4.2110714734362016e+17 3.966179058141089e+17 3.7982491100982995e+17 3.53742547680189e+17 3.355266515173936e+17 3.260631150637758e+17 3.162826742624223e+17 3.060955674630706e+17 2.953726772970939e+17 2.8391925340159706e+17 2.5728510204854406e+17 2.4024283730708218e+17 2.1631385818672314e+17
5750.000805557289 8.679193795863877e+17 8.217400089259671e+17 7.734400120506935e+17 7.226669061643067e+17 6.689722492432541e+17 6.117419204472465e+17 5.502030554893867e+17 5.175332614104498e+17 4.834310521205997e+17 4.4777726541940454e+17 4.255850611316407e+17 4.104311493150221e+17 3.871082043996853e+17 3.711046693616582e+17 3.462144768653354e+17 3.287914141621757e+17 3.197224772032923e+17 3.10335448395618e+17 3.005407086629633e+17 2.902092666092074e+17 2.7914581682635462e+17 2.532789023112023e+17 2.3659777805616854e+17 2.1296946969340435e+17
5770.000808359228 8.80320969724578e+17 8.337243458834392e+17 7.849276433047542e+17 7.335858727203505e+17 6.792289004185228e+17 6.212163561306099e+17 5.587398407752634e+17 5.255288122862298e+17 4.908359736002153e+17 4.545371400540322e+17 4.31932248982519e+17 4.1649440658362886e+17 3.9273164706841517e+17 3.764292123899785e+17 3.5108356898347136e+17 3.33354404467788e+17 3.241315347095377e+17 3.145901466234264e+17 3.046402654208078e+17 2.941527838959209e+17 2.829322984728159e+17 2.5674970059031907e+17 2.3991218871070858e+17 2.1613255497847952e+17
5790.00081116117 8.537118080930011e+17 8.082597033938289e+17 7.607567395673142e+17 7.108950364729002e+17 6.58219470818318e+17 6.02174641900885e+17 5.420341258621785e+17 5.1015892172576064e+17 4.76931669437063e+17 4.422296053537166e+17 4.206443560416846e+17 4.0590892265660646e+17 3.832297781003661e+17 3.6766413472003155e+17 3.4343605812257146e+17 3.264542240889201e+17 3.176050832564904e+17 3.0843684528540454e+17 2.9885952064467437e+17 2.887435665274956e+17 2.7789269278234176e+17 2.5243099900635034e+17 2.3592656333700576e+17 2.1242153993725056e+17
5810.000813963109 8.781241954185161e+17 8.319334239047441e+17 7.835504938621234e+17 7.326538167519117e+17 6.787492561280337e+17 6.212309345611688e+17 5.592812965073234e+17 5.263514175115857e+17 4.919509177889059e+17 4.559473388220067e+17 4.3352052634312486e+17 4.181988324853397e+17 3.9460612984663584e+17 3.784107026460066e+17 3.532112361592214e+17 3.35566119739763e+17 3.2638045884335526e+17 3.1687198993194675e+17 3.069504015363671e+17 2.9648552299829216e+17 2.8528103822506646e+17 2.5910054356523405e+17 2.4223792988587523e+17 2.1839173210158752e+17
5830.000816765039 8.939831465311841e+17 8.473288261760787e+17 7.984331642079114e+17 7.469059692108831e+17 6.922685360197443e+17 6.338343489629539e+17 5.7075919926401984e+17 5.3716457187570624e+17 5.02021310715606e+17 4.651903256045705e+17 4.422242140572728e+17 4.265273256021087e+17 4.0234678949496064e+17 3.8574549960860717e+17 3.599207247117325e+17 3.4184777007487686e+17 3.324449100637573e+17 3.227169888758165e+17 3.12573461805935e+17 3.018840718325965e+17 2.904522433082016e+17 2.6381259514527328e+17 2.4672495446692176e+17 2.226719489580736e+17
5850.000819566979 8.742311265018318e+17 8.286816808707404e+17 7.809868595692177e+17 7.307483334085504e+17 6.775079743094127e+17 6.206321657196763e+17 5.59308406456279e+17 5.2667077872878374e+17 4.925480696434561e+17 4.5680468485334214e+17 4.345223100985148e+17 4.1929185761642694e+17 3.958271041047973e+17 3.7970999946278957e+17 3.5461759225736877e+17 3.370350464743713e+17 3.278773115427655e+17 3.1839475267884755e+17 3.0849648485033286e+17 2.980521481053952e+17 2.868652458340673e+17 2.6071009528803462e+17 2.43854881485078e+17 2.2001195314313488e+17
5870.000822368919 8.780093408349222e+17 8.324655936123148e+17 7.847284076312851e+17 7.344464419698391e+17 6.811130570580672e+17 6.240958316208476e+17 5.625765427734664e+17 5.298242596133995e+17 4.9556717390396685e+17 4.596770149241449e+17 4.372980591711876e+17 4.21999933667232e+17 3.984303370802028e+17 3.8224120889361914e+17 3.5703583491294765e+17 3.393749847071277e+17 3.30177095518019e+17 3.2065357706786003e+17 3.1071359894382746e+17 3.0022686642258886e+17 2.8899631629020186e+17 2.6274846045650077e+17 2.4583962800602688e+17 2.219205995820622e+17
5890.000825170859 8.11029930273307e+17 7.686062460981048e+17 7.242824003340813e+17 6.777595538723283e+17 6.286445201268603e+17 5.7644394957598086e+17 5.2052753730725997e+17 4.909514458413145e+17 4.601683606961473e+17 4.280750918501998e+17 4.0813559440197235e+17 3.945291049114475e+17 3.735825181739859e+17 3.5919154681085805e+17 3.3674082032711155e+17 3.209450827327634e+17 3.126877772942187e+17 3.0411033692814304e+17 2.951232257827175e+17 2.8559698049363232e+17 2.7533534080443072e+17 2.5104534737533814e+17 2.3511646965851443e+17 2.121885405143022e+17
5910.000827972799 8.722427637721075e+17 8.271638488123859e+17 7.799295851437399e+17 7.301581010799612e+17 6.77375924693921e+17 6.209683557184054e+17 5.601285990533289e+17 5.2775193789935795e+17 4.9390104009174086e+17 4.5844924150843283e+17 4.3634961906699814e+17 4.212446381269112e+17 3.979704030529326e+17 3.819800481807429e+17 3.570741394896837e+17 3.3960858871430906e+17 3.3050638421237965e+17 3.210763378250063e+17 3.11227630341971e+17 3.008288158343317e+17 2.896822161420737e+17 2.635775516337676e+17 2.467119034002301e+17 2.227759922860709e+17
5930.0008307747385 8.719403623358414e+17 8.271021561903652e+17 7.800988848851956e+17 7.305717367737248e+17 6.780417978085139e+17 6.218732450841564e+17 5.6125878610478054e+17 5.28987997914667e+17 4.95236776564454e+17 4.59872497406372e+17 4.378171374982504e+17 4.2273777729299904e+17 3.994935611785738e+17 3.8351813348386304e+17 3.5862286768842605e+17 3.4115541330268934e+17 3.320493261654923e+17 3.22612849827003e+17 3.1275523298563565e+17 3.023447040892717e+17 2.9118276777693766e+17 2.650349882256956e+17 2.481386935728872e+17 2.2416044838720042e+17
5950.000833576669 8.755563890992799e+17 8.306843453335631e+17 7.83610656588466e+17 7.339901113983516e+17 6.81344609611511e+17 6.250250111719026e+17 5.642198997562431e+17 5.318300338746452e+17 4.979463552227251e+17 4.6243025976030976e+17 4.402782038704749e+17 4.25129789616182e+17 4.017783035338322e+17 3.8572701770435296e+17 3.6071124424774637e+17 3.431588996727377e+17 3.3400828310476736e+17 3.245261132317085e+17 3.146205871541032e+17 3.041599250145767e+17 2.929449015778543e+17 2.666764855509073e+17 2.4970583499819478e+17 2.2562556592571155e+17
5970.000836378609 8.809643495481807e+17 8.361890736554052e+17 7.89182407137839e+17 7.395815370376467e+17 6.86879131609803e+17 6.304147618524248e+17 5.693477948008463e+17 5.367748690204644e+17 5.0266681565669216e+17 4.6688439817235296e+17 4.44551017006138e+17 4.292739598835239e+17 4.057184994091351e+17 3.895255292760943e+17 3.642881679750692e+17 3.465836963944846e+17 3.3735595128432794e+17 3.277960989493002e+17 3.1781256467530906e+17 3.072743947171541e+17 2.9598316783723546e+17 2.695757224717198e+17 2.525541569250747e+17 2.284614145242783e+17
5990.000839180549 8.719220294763003e+17 8.275902133583205e+17 7.810666436761683e+17 7.31998731338459e+17 6.799165265419901e+17 6.241767650434418e+17 5.639694788532091e+17 5.3189001039362074e+17 4.983227057470563e+17 4.6313528064073683e+17 4.411816215241833e+17 4.2616576744515014e+17 4.030124392691239e+17 3.870919931512316e+17 3.622663608997782e+17 3.448348695581515e+17 3.3574263732451616e+17 3.263171913479762e+17 3.164668714009913e+17 3.0605964025093754e+17 2.9489620355174835e+17 2.6872243781066973e+17 2.5178924852127472e+17 2.2772193390420138e+17
6010.00084198249 8.583023970177533e+17 8.149204271161334e+17 7.694289391508573e+17 7.214304823590803e+17 6.704852089158124e+17 6.159616910739188e+17 5.5705608474311405e+17 5.256565783462705e+17 4.927927314683178e+17 4.583255827486026e+17 4.368105323104858e+17 4.220886470467756e+17 3.993750526431073e+17 3.837455486517741e+17 3.593492422461597e+17 3.421977450463515e+17 3.332430962056439e+17 3.239534456678479e+17 3.142372444821086e+17 3.039623561963954e+17 2.9292936369701434e+17 2.6700805632048736e+17 2.5019300616377933e+17 2.262277951460827e+17
6030.000844784429 8.648449967820507e+17 8.215780318410093e+17 7.761405576942784e+17 7.281767721998698e+17 6.771949234025236e+17 6.225411255184891e+17 5.633787703072878e+17 5.317921331861922e+17 4.986933513717588e+17 4.6393388945359994e+17 4.422136597688439e+17 4.273440196452699e+17 4.0439010039257664e+17 3.885892859204431e+17 3.6392060052893965e+17 3.4657721946975366e+17 3.375236222293158e+17 3.28133117679522e+17 3.183139106345871e+17 3.0793393868547354e+17 2.967939905598848e+17 2.7065785652433427e+17 2.537428031378543e+17 2.297012658775777e+17
6050.000847586369 8.831157167209658e+17 8.388454633566317e+17 7.92350489807866e+17 7.432452651296404e+17 6.910108263185315e+17 6.349881020306574e+17 5.743277704184168e+17 5.419399741413248e+17 5.0800221917806714e+17 4.723694641169505e+17 4.5011205774279014e+17 4.3487882737867117e+17 4.1137391752070874e+17 3.9520114687472e+17 3.699716596068497e+17 3.5225139563410995e+17 3.430079686397319e+17 3.3342630899218586e+17 3.234146411792611e+17 3.128399349479215e+17 3.01502230105623e+17 2.749562140445312e+17 2.578201268298691e+17 2.335201916879677e+17
6070.000850388299 8.800810431181339e+17 8.361374561627309e+17 7.899804290073759e+17 7.412045411110138e+17 6.893136178595158e+17 6.33642183376902e+17 5.7332000692976506e+17 5.410946059593108e+17 5.0730871031767136e+17 4.7181930532301357e+17 4.496422387337927e+17 4.3446143445562534e+17 4.110303780775669e+17 3.949066770745069e+17 3.6974673247487066e+17 3.520716285825643e+17 3.428504273695184e+17 3.332906470321079e+17 3.233000351396544e+17 3.127462296782923e+17 3.014289286927438e+17 2.7492267987946525e+17 2.578084576590919e+17 2.3354055537943315e+17
6090.0008531902395 8.574915531763506e+17 8.143146819552471e+17 7.690542343481021e+17 7.21330796293652e+17 6.706989483257367e+17 6.165631664197893e+17 5.58155087055186e+17 5.270669393415615e+17 4.9455597486217024e+17 4.604937568279006e+17 4.392450521943386e+17 4.247100927225172e+17 4.022862203425186e+17 3.8685281523562106e+17 3.627487578013402e+17 3.457859757502509e+17 3.3692256572994003e+17 3.277215533015795e+17 3.180903877264756e+17 3.078962677905286e+17 2.969377219096597e+17 2.711303200961284e+17 2.543328696299513e+17 2.3030596643542512e+17
6110.000855992179 8.52580944615236e+17 8.101065434335203e+17 7.655170648977e+17 7.184820970897162e+17 6.685321514299784e+17 6.150596363029146e+17 5.5728266436125094e+17 5.2649520883295917e+17 4.9426832544703584e+17 4.60470217567459e+17 4.393681047694088e+17 4.249261558493923e+17 4.0263313789440326e+17 3.872797113757272e+17 3.632860700819555e+17 3.4638898786242003e+17 3.375560907498535e+17 3.2838412128268614e+17 3.1878085334151e+17 3.086138512413512e+17 2.976824892658418e+17 2.719365224215224e+17 2.551817683126092e+17 2.3122268093029622e+17
6130.000858794119 8.225620208887626e+17 7.816715903884934e+17 7.387815469760521e+17 6.935681066259968e+17 6.455882197123779e+17 5.942900787315429e+17 5.389540540173805e+17 5.0951159806348077e+17 4.7872970668221325e+17 4.4648004262654317e+17 4.2635883607403117e+17 4.125883255845836e+17 3.9132991954433805e+17 3.76681693723893e+17 3.53761209619994e+17 3.3758936703212864e+17 3.2912230775898214e+17 3.203189324523836e+17 3.110874067814047e+17 3.012961544424607e+17 2.907454867067176e+17 2.6577865894611648e+17 2.4942265250918678e+17 2.2586605653631053e+17
6150.000861596059 8.358011291449687e+17 7.946645683756828e+17 7.51484060788022e+17 7.059099952066844e+17 6.575021141875766e+17 6.056589112534577e+17 5.4963297194431194e+17 5.197720004457973e+17 4.885167605908995e+17 4.55724337508567e+17 4.3524130612745094e+17 4.2121290204608954e+17 3.995415332213074e+17 3.845998869236264e+17 3.612115358278905e+17 3.4470613834526534e+17 3.3606517807104525e+17 3.270821823249047e+17 3.176650715805981e+17 3.076809541487595e+17 2.969291257523941e+17 2.7152706470896272e+17 2.5492900408823104e+17 2.3109791474617946e+17
6170.000864397999 8.093937384655031e+17 7.697439491697651e+17 7.281591931632324e+17 6.843205409684388e+17 6.377956995763839e+17 5.880063665880105e+17 5.342596841402815e+17 5.056317053954271e+17 4.7567634115475245e+17 4.4425498648174246e+17 4.2462611789760326e+17 4.1118087628207277e+17 3.90400160669761e+17 3.760614716059062e+17 3.5359058998813965e+17 3.377059592243094e+17 3.2937839731798074e+17 3.207112901468097e+17 3.116134327471685e+17 3.019528409728628e+17 2.915297203270741e+17 2.6681036567586893e+17 2.5057956576297184e+17 2.271719675080058e+17
6190.0008671999285 8.568950100233052e+17 8.147261022533357e+17 7.704317473515203e+17 7.236351188658524e+17 6.738646044915282e+17 6.205130219116232e+17 5.6276700439346656e+17 5.319495621037988e+17 4.9966691364815046e+17 4.6578194738759616e+17 4.446083657319329e+17 4.301094408022684e+17 4.077173455694922e+17 3.922890004636835e+17 3.6816548390334445e+17 3.5116944864228096e+17 3.422827096146728e+17 3.330534569735248e+17 3.2338896607190176e+17 3.1315585886961594e+17 3.021530179496983e+17 2.7624012480271834e+17 2.5938090606290707e+17 2.3527629351587597e+17
6210.000870001869 8.606698867859579e+17 8.185136565374659e+17 7.741962706770182e+17 7.273373344248275e+17 6.774811995417073e+17 6.239820619299866e+17 5.660300109096672e+17 5.350849470693442e+17 5.026534596989793e+17 4.685883436094785e+17 4.4729667449509766e+17 4.327130278876854e+17 4.1018612622681786e+17 3.9466284752554477e+17 3.703889211066039e+17 3.5328548921227955e+17 3.443425732645018e+17 3.35054826251709e+17 3.253292082021073e+17 3.15031407272815e+17 3.0395873183107814e+17 2.778784843934388e+17 2.609033643314733e+17 2.3660964631315315e+17
6230.000872803808 8.375038265737875e+17 7.96505830322941e+17 7.534500091545857e+17 7.080126912559946e+17 6.597066859509377e+17 6.079550424338104e+17 5.5200861499557446e+17 5.221746115486338e+17 4.909351448584612e+17 4.581521962463154e+17 4.376703071604266e+17 4.2364145394870016e+17 4.0196633494063405e+17 3.870214688711907e+17 3.6362348076222355e+17 3.471070938861722e+17 3.384580259192729e+17 3.294648720979618e+17 3.200346183300819e+17 3.100332607583733e+17 2.992579151732763e+17 2.7377296350505072e+17 2.5709093177372435e+17 2.3307647246596982e+17
6250.00087560575 8.114621202882828e+17 7.720982769922566e+17 7.307800796325362e+17 6.871759348447447e+17 6.408554231079648e+17 5.912513646208685e+17 5.376463974562074e+17 5.0906910515302016e+17 4.7914924986224256e+17 4.4774094571491526e+17 4.2810580124710106e+17 4.146489150839636e+17 3.9383744916944365e+17 3.794672091755378e+17 3.569257825350317e+17 3.409737931826321e+17 3.326044530896516e+17 3.2388938864480954e+17 3.147353534252432e+17 3.0500842978268685e+17 2.9450585642552826e+17 2.69557070997381e+17 2.5313410467941683e+17 2.2936695407455283e+17
6270.000878407689 8.521569665878406e+17 8.106449276466904e+17 7.670038641321324e+17 7.209093737775991e+17 6.718439406827133e+17 6.192064744813495e+17 5.6222052337843354e+17 5.3180479932461203e+17 4.999372268763908e+17 4.6647179097882e+17 4.4555718463342e+17 4.3123101553575814e+17 4.0909767324974637e+17 3.938396204447239e+17 3.69962977365565e+17 3.531228249009273e+17 3.443097699541119e+17 3.3515145196639994e+17 3.2555387539447936e+17 3.153827024348752e+17 3.044339620409367e+17 2.7858413651816995e+17 2.617005081105328e+17 2.374416991284903e+17
6290.000881209629 8.574846677300311e+17 8.159165098647043e+17 7.722176196371752e+17 7.260166986869376e+17 6.76823180755378e+17 6.239985286180435e+17 5.6674231864763437e+17 5.361549234226185e+17 5.0408458659457466e+17 4.703841695645255e+17 4.493103298662051e+17 4.348709361999954e+17 4.1255551875445574e+17 3.971674219019632e+17 3.730847227724175e+17 3.560986309025542e+17 3.4721019491947085e+17 3.379737786644803e+17 3.2829607267873466e+17 3.180421539632429e+17 3.0700811957651283e+17 2.8098026026295325e+17 2.6400711806402653e+17 2.3966942561781744e+17
6310.000884011569 8.31701881719872e+17 7.916454701474424e+17 7.495503420246912e+17 7.050555987164014e+17 6.577070521472707e+17 6.069056662087665e+17 5.5188867622696166e+17 5.225215017749945e+17 4.9174893759993946e+17 4.5943282397856166e+17 4.392310646033322e+17 4.253889319968252e+17 4.039901268973385e+17 3.892240318809065e+17 3.660844700767824e+17 3.497326233929987e+17 3.411628183758711e+17 3.322468707105304e+17 3.228914007874643e+17 3.1296289436279264e+17 3.022583361177783e+17 2.7690740858832234e+17 2.602855909908622e+17 2.3631667818858054e+17
6330.000886813499 8.371284395820955e+17 7.968771039346862e+17 7.545738058988543e+17 7.098605647138399e+17 6.622710832417937e+17 6.112227241793176e+17 5.559481998472072e+17 5.264372981365383e+17 4.9551486415994566e+17 4.6303463729747955e+17 4.427251031138203e+17 4.28807238922369e+17 4.072872677626992e+17 3.9243693306817344e+17 3.6916615626037946e+17 3.527233950048877e+17 3.441070315370278e+17 3.3514379855631834e+17 3.257405433404896e+17 3.1576349210102605e+17 3.050097641163153e+17 2.7955984824328214e+17 2.628905398280155e+17 2.3888020727762435e+17
6350.000889615439 8.393211945688986e+17 7.990452418472575e+17 7.566929656089037e+17 7.119258890022966e+17 6.642788562558582e+17 6.131637957708e+17 5.578296919284587e+17 5.2830814528575546e+17 4.973910934397724e+17 4.649394623036014e+17 4.44659522361614e+17 4.3076705226240736e+17 4.0929248535497165e+17 3.944743874768149e+17 3.7124992721819283e+17 3.548331367502458e+17 3.46227798613973e+17 3.372736400325257e+17 3.2787767645115296e+17 3.179059314961812e+17 3.0715516610111066e+17 2.8169769060642925e+17 2.6500458490268986e+17 2.4091135251783507e+17
6370.000892417379 8.373463641011653e+17 7.971822943980157e+17 7.549571995138304e+17 7.1031556126745e+17 6.628265494668621e+17 6.118956838329532e+17 5.567971274656488e+17 5.274196942927471e+17 4.9666556325500275e+17 4.6439997333858195e+17 4.442426247349432e+17 4.3043494346163994e+17 4.0909404513153e+17 3.943682545898673e+17 3.7128491955525677e+17 3.549636178636216e+17 3.4640661396571565e+17 3.375008142254441e+17 3.2815356034348384e+17 3.1823070837557274e+17 3.0752860786770643e+17 2.8216314414820256e+17 2.655063552611934e+17 2.4142454853969594e+17
6390.000895219318 8.475650548562225e+17 8.072497364266721e+17 7.648274182181283e+17 7.198945638824637e+17 6.72009834637307e+17 6.205426799415785e+17 5.6468404132517184e+17 5.3481863320156845e+17 5.034870918253852e+17 4.705391644558223e+17 4.499220139713115e+17 4.357880983510516e+17 4.1392768789820525e+17 3.9883910899376365e+17 3.7519661789531226e+17 3.584954680524344e+17 3.4974627940503706e+17 3.406474727697558e+17 3.3110529586089856e+17 3.209853427498082e+17 3.1008359549397875e+17 2.8431327995205626e+17 2.674569616585153e+17 2.43193023264932e+17
6410.000898021259 8.277761764919994e+17 7.887278295513549e+17 7.476454116320475e+17 7.041617356352044e+17 6.578317920632522e+17 6.08017044589708e+17 5.539798230896819e+17 5.2508821010109056e+17 4.947755895446363e+17 4.6289235652586e+17 4.429323368457531e+17 4.292421627501212e+17 4.0805522892421e+17 3.93416780640261e+17 3.7044786151651034e+17 3.5419347552016224e+17 3.456673799838481e+17 3.3679138451046726e+17 3.274724730480747e+17 3.1757735213530394e+17 3.0690280202376e+17 2.816039224787324e+17 2.6500644419242963e+17 2.4106056435267405e+17
6430.000900823198 8.391221318812689e+17 7.994964420478255e+17 7.577735844133212e+17 7.135882344633851e+17 6.664932916031183e+17 6.158663758340896e+17 5.6091687092376794e+17 5.315289362937317e+17 5.0069322097009005e+17 4.682586880729818e+17 4.479549785327695e+17 4.3403172197485805e+17 4.1248944595816666e+17 3.9761501861666144e+17 3.742920705909203e+17 3.578032357413134e+17 3.491602024146202e+17 3.4016766779502374e+17 3.307321422643651e+17 3.2071964958164544e+17 3.0992673419177984e+17 2.8438254180208774e+17 2.6764939400726227e+17 2.435304012562763e+17
6450.000903625129 8.29323634112231e+17 7.904792014343155e+17 7.495908157639988e+17 7.063072385098903e+17 6.601571650330894e+17 6.105365237576874e+17 5.566906341570251e+17 5.278983529330266e+17 4.976853964682753e+17 4.659045234660037e+17 4.460066992771711e+17 4.3235798387033254e+17 4.112317090113168e+17 3.966336555347617e+17 3.737205016173213e+17 3.574984658933663e+17 3.4898715127929184e+17 3.4012499182713024e+17 3.30818917336649e+17 3.20935350254739e+17 3.102717067554866e+17 2.849939278532928e+17 2.684084928755997e+17 2.4448110225529574e+17
6470.000906427069 8.289003646441385e+17 7.901450256073554e+17 7.493339950622621e+17 7.061360984907084e+17 6.60071014651249e+17 6.105429659173718e+17 5.5676559206302534e+17 5.280010645798596e+17 4.978119974993493e+17 4.660499541038096e+17 4.46161244055877e+17 4.325182729919381e+17 4.1139814731902266e+17 3.968046494695924e+17 3.738992120683582e+17 3.576837436015359e+17 3.4917605386124717e+17 3.403176136050975e+17 3.3101570339252454e+17 3.211365185717062e+17 3.104776013584269e+17 2.8521057720636976e+17 2.686324899375593e+17 2.447180936861834e+17
6490.000909229008 8.183509062110775e+17 7.802326724839675e+17 7.400706109648142e+17 6.975210473820577e+17 6.521328045430559e+17 6.033150971911112e+17 5.5031475977716006e+17 5.219609519999262e+17 4.922016501704283e+17 4.6088715927013056e+17 4.412744112669253e+17 4.2781666909719955e+17 4.0697850344160186e+17 3.925728435545459e+17 3.6994938896524064e+17 3.539215559795383e+17 3.455074720193691e+17 3.367425866359776e+17 3.27533474103034e+17 3.1774622476261677e+17 3.071771872307109e+17 2.8207171770552326e+17 2.655463197418036e+17 2.416053682835722e+17
6510.00091203095 8.389542658492637e+17 7.999910261392229e+17 7.588833026917132e+17 7.152915569454088e+17 6.687325408290966e+17 6.185932556929373e+17 5.6409006150214906e+17 5.349087813715749e+17 5.042640657313324e+17 4.720085319672958e+17 4.5180231729122035e+17 4.3794139455174566e+17 4.164815012577701e+17 4.016551569802231e+17 3.7839037592791085e+17 3.6192845086858106e+17 3.532950562112824e+17 3.443089382359151e+17 3.348766164999572e+17 3.2486320185953555e+17 3.140641611193858e+17 2.884822527283663e+17 2.7170227874336822e+17 2.4747390109264458e+17
6530.000914832889 8.399213088381325e+17 8.01259245237751e+17 7.604186829732445e+17 7.170278145202177e+17 6.706140707490094e+17 6.205647642427316e+17 5.6609967346128026e+17 5.369259554249196e+17 5.062907188737117e+17 4.740449485185036e+17 4.538464128744061e+17 4.399889801144147e+17 4.185379267985384e+17 4.0371514661650074e+17 3.804521075799348e+17 3.639890028941501e+17 3.5535393820577555e+17 3.4636562711507194e+17 3.369303076840987e+17 3.2691370834433824e+17 3.161112317224884e+17 2.905207126308583e+17 2.737324873893934e+17 2.4948146381722282e+17
6550.000917634829 8.16519060900393e+17 7.81443514637053e+17 7.439903455219196e+17 7.037118117119855e+17 6.601480641636435e+17 6.12631995450162e+17 5.603763359339113e+17 5.321827212855145e+17 5.024308364049595e+17 4.709760381415542e+17 4.512027534040899e+17 4.3760867984028704e+17 4.165152225345429e+17 4.019065569914935e+17 3.78926466122685e+17 3.6262607450922675e+17 3.540649507768778e+17 3.451458033819934e+17 3.3577528614228966e+17 3.2581897645819904e+17 3.1507261213489363e+17 2.895813853224408e+17 2.7283653671335536e+17 2.48627918985615e+17
6570.000920436759 7.335781846238115e+17 7.066411334182173e+17 6.774962624616666e+17 6.457243353139603e+17 6.108381789842255e+17 5.7217423735241856e+17 5.288867884005785e+17 5.051714320511288e+17 4.7985268381624186e+17 4.5271467828368915e+17 4.354363131981562e+17 4.234458991657927e+17 4.0464887791508166e+17 3.9148171219613946e+17 3.705047210173753e+17 3.5542647645807405e+17 3.474431570696403e+17 3.390809992713215e+17 3.3024805711085376e+17 3.2081299929561696e+17 3.1057492652394976e+17 2.8608630077570752e+17 2.6986606026415062e+17 2.4627558998016058e+17
6590.000923238699 8.267601205975324e+17 7.896794129562199e+17 7.503798632647515e+17 7.084870481822861e+17 6.635132556929199e+17 6.148858395855834e+17 5.617999619138284e+17 5.333037413650082e+17 5.033258834377432e+17 4.717225206563633e+17 4.518991973336621e+17 4.382854118128864e+17 4.171887947856413e+17 4.025951390925226e+17 3.796646707756449e+17 3.6341475155590445e+17 3.5488422515012256e+17 3.4599907798169216e+17 3.3666586741289946e+17 3.2675034960709946e+17 3.160492469565536e+17 2.906693131318861e+17 2.7400403428984352e+17 2.49929820270596e+17
6610.000926040639 8.38931407192807e+17 8.005400889113036e+17 7.600134121413498e+17 7.169595006655156e+17 6.709396873431315e+17 6.213315930637708e+17 5.673335438719269e+17 5.383968550836896e+17 5.079935363050652e+17 4.759722102025414e+17 4.559032896745726e+17 4.421288491717744e+17 4.207928663886551e+17 4.060418308454938e+17 3.828784710836956e+17 3.664728415389015e+17 3.578635596394347e+17 3.488988366609555e+17 3.394843627579759e+17 3.294854810768085e+17 3.1869750188123085e+17 2.931258490819634e+17 2.763456504338133e+17 2.5211951241313962e+17
6630.000928842579 8.33354274097325e+17 7.951359714343666e+17 7.548472231806514e+17 7.121005579405677e+17 6.664517654892472e+17 6.173055477288346e+17 5.638966541791466e+17 5.353101549037122e+17 5.052944908980661e+17 4.7370734747632934e+17 4.53919572683091e+17 4.403407262498404e+17 4.193141671261109e+17 4.0477635159620243e+17 3.819407408407537e+17 3.657612973613319e+17 3.5726766908127046e+17 3.484205253815563e+17 3.391262830270208e+17 3.292510241008947e+17 3.18590836325996e+17 2.9329397574599686e+17 2.76666863911204e+17 2.5261606956087277e+17
6650.0009316445185 8.33007427165367e+17 7.949919372117335e+17 7.548580196737204e+17 7.122933420830363e+17 6.668034509398986e+17 6.177882608056009e+17 5.644755081043902e+17 5.359164092912781e+17 5.059113314378082e+17 4.743135532899804e+17 4.5450897133712634e+17 4.409161542281993e+17 4.1986022171777235e+17 4.052985107280206e+17 3.824220165030336e+17 3.662101594865922e+17 3.5769833390548845e+17 3.488315669987297e+17 3.395163735401029e+17 3.2961821164211206e+17 3.189329524335829e+17 2.935763264843053e+17 2.7691049101881066e+17 2.5280264525791232e+17
6670.000934446459 8.239126814577494e+17 7.863557173598697e+17 7.467182603030536e+17 7.047047498074714e+17 6.598039233759679e+17 6.114432470811828e+17 5.588677940980337e+17 5.307228865385763e+17 5.0116789212340826e+17 4.700609770511199e+17 4.505716265996221e+17 4.3719431853056166e+17 4.164732357474283e+17 4.021414088095103e+17 3.796176384582192e+17 3.636475863035962e+17 3.552590741941434e+17 3.465174032230273e+17 3.3732981048534515e+17 3.2756205711351955e+17 3.170107579528872e+17 2.9193405781864864e+17 2.754137858670421e+17 2.514500668284804e+17
6690.000937248398 8.379321456598488e+17 7.998951022722883e+17 7.597234058122144e+17 7.171154321590493e+17 6.71541187654867e+17 6.224161089596707e+17 5.6894915387544723e+17 5.4029333802236755e+17 5.1017955857463917e+17 4.7846124616398074e+17 4.585771594213142e+17 4.4492912414055354e+17 4.237847767074976e+17 4.091628190183101e+17 3.8619212857591245e+17 3.6991581024952794e+17 3.613721944469714e+17 3.524736543310946e+17 3.4312743191923494e+17 3.3319954567861946e+17 3.224870149773231e+17 2.970906427912137e+17 2.8042135675357578e+17 2.5633840810805923e+17
6710.000940050329 8.202927227299785e+17 7.829896453300172e+17 7.436557581219393e+17 7.019523381473249e+17 6.57443466553357e+17 6.095360795878052e+17 5.574953716489407e+17 5.2965025561490106e+17 5.0041873226940563e+17 4.696550193726149e+17 4.503821006302515e+17 4.371521353623448e+17 4.1665392009936416e+17 4.0247143148052915e+17 3.801725961199218e+17 3.64350776473512e+17 3.5603625386004365e+17 3.473682379492766e+17 3.382534687366652e+17 3.285577391383657e+17 3.1807725222506304e+17 2.931358866815257e+17 2.7667779784229706e+17 2.527718078553232e+17
6730.000942852268 8.32598551353088e+17 7.950632503818867e+17 7.55443498098284e+17 7.133958276369649e+17 6.684234064519337e+17 6.199523771326502e+17 5.671876201251836e+17 5.389006463367869e+17 5.0917472009502483e+17 4.778474577266978e+17 4.5820010350740704e+17 4.4470858427842246e+17 4.237983767726247e+17 4.0932920578411366e+17 3.865841843162122e+17 3.704545480586076e+17 3.619831282857743e+17 3.5315633666359206e+17 3.438810848135554e+17 3.340241974698832e+17 3.233831252321343e+17 2.981366744148745e+17 2.815554072311605e+17 2.5759757369770736e+17
6750.000945654209 8.225546936845229e+17 7.856370809649768e+17 7.467052743663361e+17 7.053935330162436e+17 6.612009527966309e+17 6.135549510156599e+17 5.616927136528924e+17 5.338915736730208e+17 5.046724888553177e+17 4.738712215374831e+17 4.545500419175214e+17 4.4127928652716794e+17 4.207002809509394e+17 4.0645207699596486e+17 3.8403208066619315e+17 3.681134348981176e+17 3.5974486476432205e+17 3.510196327458334e+17 3.418439782077441e+17 3.320846698489562e+17 3.215381408686432e+17 2.964666564640854e+17 2.7995715689631424e+17 2.560399083451495e+17
6770.000948456149 8.2411230191162e+17 7.871305138804442e+17 7.481021255222803e+17 7.067095328245335e+17 6.624394872961857e+17 6.147235180370601e+17 5.627857347430316e+17 5.349535828099667e+17 5.0570027179342637e+17 4.7487853845632864e+17 4.555487167618207e+17 4.422734172653333e+17 4.2169280669558317e+17 4.07445801956441e+17 3.850337300984232e+17 3.691245927736866e+17 3.607624096331549e+17 3.520441435782068e+17 3.428769985842661e+17 3.3312755112119194e+17 3.225929774603587e+17 2.975555198490107e+17 2.810743554595033e+17 2.572088361769184e+17
6790.000951258089 8.212987923694751e+17 7.844138387745318e+17 7.455142196728657e+17 7.042634283323738e+17 6.601823127957304e+17 6.126922749049869e+17 5.610547695014645e+17 5.334072419479178e+17 5.043684063366171e+17 4.7378706831566637e+17 4.546184914002837e+17 4.414563523667247e+17 4.210535911486606e+17 4.069299662318991e+17 3.847086192045608e+17 3.689304918262511e+17 3.606349439969534e+17 3.5198474313298054e+17 3.428865954798326e+17 3.332073044042324e+17 3.2274446687999366e+17 2.978539776887083e+17 2.8144420022181914e+17 2.5763540481802176e+17
6810.000954060029 8.171897698494647e+17 7.807063145200951e+17 7.422298552547144e+17 7.013905408466918e+17 6.577415249387578e+17 6.107026416520465e+17 5.595214968385919e+17 5.3209441600397574e+17 5.032765660118051e+17 4.7291352332829504e+17 4.5386833340346016e+17 4.40786351066642e+17 4.205004079334602e+17 4.064518826401006e+17 3.843370826447724e+17 3.686269040712091e+17 3.603644718114634e+17 3.51746562121027e+17 3.4268026361918035e+17 3.330324042690135e+17 3.226002945143724e+17 2.977696301959706e+17 2.8139001026273898e+17 2.5761458967547805e+17
6830.000956861959 8.243192045466734e+17 7.87702879065832e+17 7.490217940323785e+17 7.079510716587521e+17 6.640153222335209e+17 6.166030568550935e+17 5.649596337308934e+17 5.372562973371517e+17 5.0812258054665894e+17 4.774064377871259e+17 4.5813049423874944e+17 4.448871699859371e+17 4.243482923182823e+17 4.1012535936939904e+17 3.877428515703099e+17 3.7185040048675757e+17 3.634958337383462e+17 3.547852503354561e+17 3.4562586501837376e+17 3.3588449200246714e+17 3.2535878214560224e+17 3.0034381967857914e+17 2.8387677379059142e+17 2.6002034113563578e+17
6850.000959663898 8.06111519024724e+17 7.702837726822223e+17 7.325049746081183e+17 6.924239274665979e+17 6.495961879018747e+17 6.034879496887103e+17 5.5336026670419334e+17 5.265167596331181e+17 4.983210384204584e+17 4.686209988450344e+17 4.49990485363441e+17 4.371927251442013e+17 4.173401692867515e+17 4.0358560724165696e+17 3.819195202398091e+17 3.665127534475657e+17 3.584037411173783e+17 3.4994058903225446e+17 3.410302642768772e+17 3.3154001758503206e+17 3.212672010258032e+17 2.967591535288742e+17 2.8054116386883894e+17 2.5692625777192608e+17
6870.000962465839 8.15822114272201e+17 7.79732116001447e+17 7.41620360996025e+17 7.011448141622644e+17 6.578276077795613e+17 6.111012438738303e+17 5.60210907520742e+17 5.3292224431749926e+17 5.042338917543806e+17 4.7398986031899757e+17 4.550125064854082e+17 4.419747605742795e+17 4.2175237280936166e+17 4.0774574662765203e+17 3.85694069810387e+17 3.700262413518008e+17 3.6178521657350835e+17 3.5318924950851155e+17 3.441454839812801e+17 3.345208814503845e+17 3.2411311027032186e+17 2.993379314700556e+17 2.829929709317847e+17 2.5926396970178288e+17
6890.000965267778 8.181581618182596e+17 7.820630873539831e+17 7.439504410626039e+17 7.035048643160911e+17 6.602236124975135e+17 6.135332693119053e+17 5.6267900186201e+17 5.354057373328355e+17 5.067258071289355e+17 4.764860760852519e+17 4.575051972746515e+17 4.4446281122100826e+17 4.2423014017332986e+17 4.102126506975538e+17 3.88138412684707e+17 3.724522387383313e+17 3.642017121701598e+17 3.5559546601331706e+17 3.465416687258538e+17 3.369073747230781e+17 3.26491468578642e+17 3.017120045265511e+17 2.8538211943961446e+17 2.6170825860661066e+17
6910.0009680697185 8.127664232764452e+17 7.770093398260481e+17 7.392592393404796e+17 6.99169774569381e+17 6.562820462194173e+17 6.100153537881884e+17 5.5962716665101126e+17 5.3260871507523206e+17 5.041996453642174e+17 4.742475277359273e+17 4.5544941222201056e+17 4.4253309958234925e+17 4.224918011789694e+17 4.086055016286902e+17 3.867298960657123e+17 3.711760212231215e+17 3.629914182015021e+17 3.544505484432508e+17 3.454618452573336e+17 3.3589220792974784e+17 3.2554023648348294e+17 3.008823665923337e+17 2.846039917058867e+17 2.6095801750305805e+17
6930.000970871649 8.110849892789404e+17 7.754127283747578e+17 7.377443256112835e+17 6.977397590705928e+17 6.549413462887188e+17 6.087867132912063e+17 5.5851706760165114e+17 5.315699524336106e+17 5.032403846907731e+17 4.733774054384413e+17 4.546384160504223e+17 4.417620681132219e+17 4.217854562444989e+17 4.07943468899311e+17 3.861378291610197e+17 3.706328726609514e+17 3.624728382209208e+17 3.5395756229443725e+17 3.449943814622925e+17 3.354497400199646e+17 3.251214614522915e+17 3.0049620392376326e+17 2.8420876423658035e+17 2.6048167612579325e+17
6950.000973673588 8.084915705101307e+17 7.73006880325453e+17 7.355260827221114e+17 6.957149478133302e+17 6.531121883456169e+17 6.071219317584952e+17 5.57010461233815e+17 5.301280411045434e+17 5.0186287554654554e+17 4.7205710077468064e+17 4.533492796329513e+17 4.404920798115476e+17 4.205432841011478e+17 4.067175082291883e+17 3.8493514545268346e+17 3.694422150616545e+17 3.612869410991977e+17 3.527750434041289e+17 3.4381326920876614e+17 3.3426737806776454e+17 3.2393321051122394e+17 2.9926530747887526e+17 2.8291449385923523e+17 2.5901759928531306e+17
6970.00097647553 8.094792161463763e+17 7.740544879577682e+17 7.366179191654766e+17 6.968541500986433e+17 6.542778561171935e+17 6.083307883883378e+17 5.582718262389165e+17 5.314202869968003e+17 5.031906409178239e+17 4.734255876496496e+17 4.547452288848482e+17 4.4190687690433306e+17 4.219879288357484e+17 4.081823373225676e+17 3.8643007948940525e+17 3.709580944951644e+17 3.628139759709374e+17 3.543136517549422e+17 3.4536438790518874e+17 3.358324070878375e+17 3.255142628320227e+17 3.008899924972315e+17 2.8457382770443885e+17 2.6073923395667062e+17
6990.000979277469 8.076715925859969e+17 7.723708781911781e+17 7.350887716230218e+17 6.954482770336518e+17 6.530086334884648e+17 6.071972793649736e+17 5.5727371051896435e+17 5.304834637662136e+17 5.023126228020858e+17 4.726037960145552e+17 4.5395484851097824e+17 4.411384273194776e+17 4.2125232599995386e+17 4.074707021546605e+17 3.8575432477806976e+17 3.703082250545783e+17 3.621770868437899e+17 3.536901472049485e+17 3.447542551036597e+17 3.352356517889719e+17 3.2493032918517926e+17 3.003278223759728e+17 2.8401675003255302e+17 2.6017409481027165e+17
7010.000982079409 7.824272340385192e+17 7.484238052666129e+17 7.125569197104109e+17 6.744907636663596e+17 6.337985778522002e+17 5.899771972640846e+17 5.4232579776269594e+17 5.168138096263091e+17 4.9001714042239616e+17 4.617830444702922e+17 4.440630777536862e+17 4.31881112851176e+17 4.1296464302722925e+17 3.998366075230276e+17 3.7910839079841626e+17 3.6432363640193254e+17 3.565243027274044e+17 3.483700618037665e+17 3.397682398413401e+17 3.305854613149174e+17 3.2061802043370554e+17 2.966965269107853e+17 2.8072878542817904e+17 2.572406477593125e+17
7030.000984881349 7.980860501378719e+17 7.63406941600543e+17 7.26784171917257e+17 6.878673251067652e+17 6.462275056797527e+17 6.013008018571594e+17 5.523696985236605e+17 5.2613943692256646e+17 4.9856565218627776e+17 4.69495412098889e+17 4.51249968071822e+17 4.387072505658937e+17 4.1924086487291386e+17 4.0574319928065754e+17 3.8445711851157645e+17 3.6930050492618477e+17 3.613153394526674e+17 3.529750770623394e+17 3.441874800310372e+17 3.348193072627052e+17 3.2466765578190483e+17 3.0038935938282144e+17 2.8425933311938854e+17 2.6064013043939274e+17
7050.000987683289 8.027290791567539e+17 7.680373083733151e+17 7.313635187352566e+17 6.923733138707238e+17 6.506305642212952e+17 6.055476581967462e+17 5.564014246541248e+17 5.3002253880947245e+17 5.022737040224528e+17 4.7299782884115654e+17 4.5461039676036954e+17 4.4196862239549184e+17 4.2234373137769683e+17 4.0873327489982035e+17 3.872725362604806e+17 3.719945473402603e+17 3.63947627286439e+17 3.555459931802345e+17 3.4669636425887366e+17 3.372664697108803e+17 3.2705471729094016e+17 3.0267282369252883e+17 2.865177556473862e+17 2.6294131585079555e+17
7070.000990485219 7.95768403941422e+17 7.613626243279721e+17 7.250277904075456e+17 6.863975348411132e+17 6.45070348252659e+17 6.004694375549275e+17 5.518767764806824e+17 5.2582235773823034e+17 4.9842458571538195e+17 4.6953629021974195e+17 4.5140034262888294e+17 4.3893210455748544e+17 4.195766123711586e+17 4.0615158577560256e+17 3.849746790128782e+17 3.698900827344408e+17 3.6194108267438195e+17 3.5363717611879085e+17 3.448862426065061e+17 3.355552389649796e+17 3.2544132699932576e+17 3.012444404263699e+17 2.8516271409350218e+17 2.6161030120808176e+17
7090.000993287159 7.93001297047349e+17 7.58833984330872e+17 7.227121916645865e+17 6.843433233339456e+17 6.432814561062195e+17 5.989486141839218e+17 5.5064870210250477e+17 5.247484848180118e+17 4.975113041685917e+17 4.687878177934548e+17 4.5075367912870534e+17 4.3835539982097606e+17 4.191036854959644e+17 4.0574827349274336e+17 3.846756801671843e+17 3.696607642159019e+17 3.61746479937032e+17 3.534778799852934e+17 3.4476270150043565e+17 3.3546834186167763e+17 3.253927543445321e+17 3.0127931775869037e+17 2.852441445580424e+17 2.617374150401465e+17
7110.000996089098 7.947584872287037e+17 7.608671801530918e+17 7.250059443000933e+17 6.868139090465033e+17 6.458466303574266e+17 6.015292062393204e+17 5.53142583759869e+17 5.271465739104161e+17 4.997800464245548e+17 4.7088859738887136e+17 4.527341865272222e+17 4.402460280078855e+17 4.208464407922826e+17 4.073829761946376e+17 3.8613308410584314e+17 3.7098831726693824e+17 3.6300512991763565e+17 3.5466437785898054e+17 3.458731434295963e+17 3.364978910528794e+17 3.263351295003949e+17 3.020108830616244e+17 2.8582620084526912e+17 2.6206403724710726e+17
7130.000998891039 7.843089775848439e+17 7.506763782818033e+17 7.151329000023808e+17 6.773337717781292e+17 6.368553744960603e+17 5.931451649366742e+17 5.4551374051394784e+17 5.1996050089986765e+17 4.9309545368377414e+17 4.6476194791535654e+17 4.469722847020214e+17 4.3473892417253005e+17 4.15742845789447e+17 4.025614763954472e+17 3.817545943627407e+17 3.669199286460325e+17 3.590966490004227e+17 3.509192571766079e+17 3.422956753926249e+17 3.3309239577751494e+17 3.231060238177963e+17 2.991496063046303e+17 2.8315661935105286e+17 2.5959495188687066e+17
7150.001001692978 7.809206550346797e+17 7.475435493309166e+17 7.122515608039826e+17 6.747369623585292e+17 6.345670988068339e+17 5.91188582788557e+17 5.4392557015022784e+17 5.1858041372242266e+17 4.919230263671018e+17 4.638055077867718e+17 4.4614874772548544e+17 4.3400618534864557e+17 4.151487724109435e+17 4.02062186922727e+17 3.814008398251379e+17 3.666670381756001e+17 3.588959811087419e+17 3.50772339148448e+17 3.422041261160061e+17 3.33058665897831e+17 3.231335582333024e+17 2.9931794273450394e+17 2.834171819534044e+17 2.5999940004941994e+17
7170.0010044949195 7.80146007596464e+17 7.470147349781425e+17 7.119713658590299e+17 6.747123561906568e+17 6.347960158926098e+17 5.917025694995387e+17 5.447225941489748e+17 5.195157475822738e+17 4.930009993182833e+17 4.650282788487284e+17 4.4745666702552774e+17 4.3536942119627194e+17 4.1659162631452416e+17 4.035547943306134e+17 3.8296377290387174e+17 3.682725957441504e+17 3.6052171307750746e+17 3.52417861305473e+17 3.43869535399758e+17 3.347443786339164e+17 3.2484123929015565e+17 3.010841926329158e+17 2.8523285350485382e+17 2.619104375673008e+17
7190.001007296848 7.584700634992714e+17 7.262500846974084e+17 6.922409830206139e+17 6.561375179608867e+17 6.175593003035474e+17 5.759974143560602e+17 5.308086291483362e+17 5.0660956877546886e+17 4.8118211464957114e+17 4.543699914398022e+17 4.375297098359755e+17 4.2594417304102854e+17 4.0793171473356563e+17 3.954139708850479e+17 3.7560930176060243e+17 3.614463746804307e+17 3.539610084618332e+17 3.4612353764415834e+17 3.378423255146659e+17 3.2898479493032934e+17 3.193495696395507e+17 2.961259010064045e+17 2.8053887231041014e+17 2.5749038822741373e+17
7210.001010098789 7.76189398820832e+17 7.433889823304001e+17 7.087184017050501e+17 6.718279782433037e+17 6.323095455884298e+17 5.896069380893023e+17 5.430103860224964e+17 5.1799331955211034e+17 4.916543969454921e+17 4.63843463702955e+17 4.4636478781558624e+17 4.343373600625677e+17 4.156444995674097e+17 4.026632798747216e+17 3.8215507562047974e+17 3.675195222300703e+17 3.597966581605061e+17 3.517209845143892e+17 3.432008619743009e+17 3.3410432197408186e+17 3.242303402448589e+17 3.005379436013728e+17 2.8473050799809254e+17 2.6148631397454602e+17
7230.001012900729 7.768688153761247e+17 7.441534446316549e+17 7.095904612968548e+17 6.728219413325055e+17 6.334282035434188e+17 5.908836603603592e+17 5.444924095845662e+17 5.195899821580991e+17 4.9338886740716563e+17 4.657288220757277e+17 4.4834348398129414e+17 4.363783211375672e+17 4.1777853722964205e+17 4.048569061040229e+17 3.8443099594748646e+17 3.6984532843003386e+17 3.621459395563431e+17 3.540934517366662e+17 3.4559638924709754e+17 3.365233697688282e+17 3.266745906704777e+17 3.0304657196277946e+17 2.8729092477483328e+17 2.641436719952605e+17
7250.001015702669 7.815436779243206e+17 7.487590937129356e+17 7.140688433139901e+17 6.771325425932408e+17 6.375278925884863e+17 5.946901623809111e+17 5.479096871469394e+17 5.227740533913653e+17 4.963042915250539e+17 4.683477303976744e+17 4.507698589055066e+17 4.386726646012366e+17 4.19868364283974e+17 4.0680744447632064e+17 3.8617037305454874e+17 3.714422671303613e+17 3.6367142197433466e+17 3.555467009491561e+17 3.469765352926067e+17 3.3782977293053606e+17 3.27905921536183e+17 3.041216652332267e+17 2.882803819028619e+17 2.6502646861894403e+17
7270.0010185046085 7.801409477533263e+17 7.473530660165325e+17 7.12675014632977e+17 6.757564313803309e+17 6.361762207664591e+17 5.933948081068436e+17 5.466893606159682e+17 5.216075135685707e+17 4.9520320252335034e+17 4.6732185157011194e+17 4.497965480264661e+17 4.3773750426831194e+17 4.189963596850085e+17 4.059816263523253e+17 3.854201159029478e+17 3.707471192281883e+17 3.630051699607509e+17 3.5491094561794534e+17 3.463721728270062e+17 3.372576534360098e+17 3.2736639709272826e+17 3.036433402359204e+17 2.8782052869762822e+17 2.645443734738772e+17
7290.001021306549 7.578939539779834e+17 7.261708650416125e+17 6.926484796403026e+17 6.570355143865934e+17 6.189058557574962e+17 5.777653688667501e+17 5.329618991868759e+17 5.089351909549041e+17 4.836680798301236e+17 4.5700528850926144e+17 4.402473958544069e+17 4.287118081740196e+17 4.107724205670951e+17 3.982995606886374e+17 3.785604396057443e+17 3.6444140482621824e+17 3.569783554154383e+17 3.4916426082322355e+17 3.409076220682839e+17 3.3207697314034195e+17 3.224715933739687e+17 2.9932129317954963e+17 2.8377838392884954e+17 2.6076270842738614e+17
7310.001024108488 7.72728895577343e+17 7.404416448596538e+17 7.062729501969376e+17 6.698941761083882e+17 6.309173099311127e+17 5.887629594495706e+17 5.4275236431266355e+17 5.18040812804889e+17 4.9202743217207123e+17 4.645544898469825e+17 4.4728148968650246e+17 4.3539426061188646e+17 4.16912433821108e+17 4.0407344661081114e+17 3.837775223558525e+17 3.692847330931203e+17 3.6163446373746234e+17 3.5363244750045894e+17 3.4518768581034534e+17 3.3616848077242355e+17 3.263745747813039e+17 3.0285171599657043e+17 2.8713078846445706e+17 2.639545227648921e+17
7330.001026910419 7.707374828002468e+17 7.386456850734372e+17 7.046802525822271e+17 6.685249339042671e+17 6.297476414617823e+17 5.878079943486728e+17 5.420254384989408e+17 5.1742772395877094e+17 4.9152938907623354e+17 4.6417767810540416e+17 4.46978572122408e+17 4.351399436198743e+17 4.167335185296365e+17 4.039451287023015e+17 3.837276253143962e+17 3.692895128066394e+17 3.616673195358953e+17 3.536943299454484e+17 3.452799071037621e+17 3.362932063490027e+17 3.265345194523459e+17 3.0309806919269946e+17 2.8743802043588688e+17 2.6435790958438275e+17
7350.001029712358 7.736725842803575e+17 7.413847901876332e+17 7.072067414198734e+17 6.708470293107246e+17 6.318453677249682e+17 5.896727724960068e+17 5.436397815857112e+17 5.189136676500041e+17 4.9288825964186976e+17 4.654046489582724e+17 4.481292887858271e+17 4.3624055549482816e+17 4.177606998567195e+17 4.049236137222245e+17 3.846355841112745e+17 3.701504153788584e+17 3.625047144445412e+17 3.545080076048142e+17 3.460694156509677e+17 3.3705748179109626e+17 3.2727217569494496e+17 3.0377256295092864e+17 2.880676684006882e+17 2.649109901892338e+17
7370.0010325142985 7.7516883292246e+17 7.430296306719939e+17 7.090217658333242e+17 6.727876551878698e+17 6.339230295705189e+17 5.91881375103052e+17 5.459498928672801e+17 5.212628614049041e+17 4.952696814619049e+17 4.678113657997969e+17 4.505444960057431e+17 4.386596853920557e+17 4.2018002348107834e+17 4.0733945136620755e+17 3.8704141733953696e+17 3.725483841675784e+17 3.648984793571681e+17 3.568982831183369e+17 3.484575391125884e+17 3.394456795398782e+17 3.2966486315935885e+17 3.06205626295044e+17 2.905628849075421e+17 2.6756548694292982e+17
7390.001035316238 7.559281678656582e+17 7.248360123920054e+17 6.919360419070751e+17 6.569343554703343e+17 6.194261827472776e+17 5.788705336875387e+17 5.346196522872e+17 5.1085274630848365e+17 4.858297795653636e+17 4.5939329372164346e+17 4.4276297891816614e+17 4.313083065242973e+17 4.1348698122837786e+17 4.0109019109516666e+17 3.8146502709608685e+17 3.6742433353332314e+17 3.6000244243247763e+17 3.522311505867483e+17 3.440207868094771e+17 3.3524175123102266e+17 3.2569625002461606e+17 3.027197826859203e+17 2.873313934671222e+17 2.6462166765066963e+17
7410.001038118179 7.469095847225183e+17 7.164637752032252e+17 6.84258452524279e+17 6.499944432005792e+17 6.132248505427564e+17 5.7347531803867155e+17 5.3006266417606765e+17 5.067208768719982e+17 4.821258578547921e+17 4.561132205246731e+17 4.397328455452054e+17 4.2844434685111354e+17 4.10866820948981e+17 3.986301409899107e+17 3.7924096691365734e+17 3.6535494308823885e+17 3.580096853762194e+17 3.503149433614435e+17 3.42180905345534e+17 3.33477841246518e+17 3.2400893478838726e+17 3.0119191144221914e+17 2.8589559945953248e+17 2.6331426095899424e+17
7430.001040920119 7.563728520528038e+17 7.25483795120993e+17 6.927667023706493e+17 6.57928957271218e+17 6.205806390618029e+17 5.801653669438705e+17 5.360192656111112e+17 5.122940340577831e+17 4.873002069529e+17 4.608870371553727e+17 4.4426354435243136e+17 4.328120000721972e+17 4.149894251961566e+17 4.025893524806046e+17 3.829529806397909e+17 3.689005495242477e+17 3.61471529403323e+17 3.536927802391637e+17 3.454748525707645e+17 3.3668791641478886e+17 3.271354501996725e+17 3.041542482002524e+17 2.8877654200481024e+17 2.6610498710841667e+17
7450.001043722049 7.590982680890525e+17 7.281309420159382e+17 6.953419519276392e+17 6.604067004713212e+17 6.229332676053623e+17 5.823474577261916e+17 5.379989724140187e+17 5.141559041557577e+17 4.890365479709928e+17 4.6248216190098304e+17 4.4576886133613126e+17 4.342567569569524e+17 4.1634172660565005e+17 4.038805374416865e+17 3.841526038499974e+17 3.700415031185066e+17 3.625840986913627e+17 3.5477806063694336e+17 3.4653375088288704e+17 3.37722158241534e+17 3.2814673619966317e+17 3.051283352739977e+17 2.897392239514665e+17 2.6706399752478902e+17
7470.001046523989 7.65583650149437e+17 7.344466192326854e+17 7.014362768930303e+17 6.662301522557944e+17 6.283980162638342e+17 5.874026868441423e+17 5.4252935193496384e+17 5.1837532236905683e+17 4.929045904171174e+17 4.659628236498673e+17 4.490020466008011e+17 4.373185861276552e+17 4.191358550840248e+17 4.0649115268564563e+17 3.864827143015597e+17 3.72179466176975e+17 3.6462452718561536e+17 3.567194419533139e+17 3.4837445120711405e+17 3.394599226525806e+17 3.29778925710605e+17 3.065356405234464e+17 2.9101839063584557e+17 2.6817475875019923e+17
7490.001049325929 7.58914651338628e+17 7.280882811183715e+17 6.953962428710362e+17 6.605664716443785e+17 6.231317327821062e+17 5.826056278594907e+17 5.382683575210051e+17 5.1442430905118e+17 4.892951942264538e+17 4.627282351191806e+17 4.460082656873524e+17 4.344917576534958e+17 4.165696509700944e+17 4.041048680404505e+17 3.843748396947794e+17 3.702636674082119e+17 3.6280730752197997e+17 3.5500254187962566e+17 3.467601116801498e+17 3.3795111360257075e+17 3.28378949498763e+17 3.053671294889105e+17 2.8997514638726784e+17 2.6726828241653312e+17
7510.001052127869 7.611267941631045e+17 7.302861518796754e+17 6.97615964561593e+17 6.627667437732782e+17 6.253159348628704e+17 5.847377099538007e+17 5.4033966824742035e+17 5.16448282748353e+17 4.9125982394115386e+17 4.6462270155919936e+17 4.4785190402313805e+17 4.3629854019976806e+17 4.183201014322837e+17 4.058157979951545e+17 3.8602415345387437e+17 3.7187233752930304e+17 3.6439548186188045e+17 3.5657090642014125e+17 3.483093391397566e+17 3.394824751900525e+17 3.2989510811669344e+17 3.068726312965486e+17 2.915037616162308e+17 2.6888994591964653e+17
7530.001054929809 7.615589074529125e+17 7.30839558733681e+17 6.982526534489594e+17 6.635408034306967e+17 6.261950707681256e+17 5.85722793080418e+17 5.414077139350304e+17 5.175463386802238e+17 4.923789421875368e+17 4.657425146706344e+17 4.4896497780253325e+17 4.3740512561049914e+17 4.194093787922079e+17 4.06889740703448e+17 3.8706991921311936e+17 3.728960597728206e+17 3.654074150885287e+17 3.575704384341328e+17 3.4929630355736275e+17 3.4045644321519194e+17 3.308558768548517e+17 3.078121572039576e+17 2.9244306238635456e+17 2.6985966522504582e+17
7550.001057731749 7.638478699216787e+17 7.330338044843901e+17 7.003983764760621e+17 6.655587831321478e+17 6.28133143288496e+17 5.875570594061061e+17 5.431308297738514e+17 5.192110905660351e+17 4.939784942210917e+17 4.67282563961784e+17 4.504692561531305e+17 4.388860027775416e+17 4.208570581617327e+17 4.083158351236381e+17 3.8846627350629466e+17 3.742743021584295e+17 3.667773061442553e+17 3.5893250561371315e+17 3.5065092739025984e+17 3.4180500918626624e+17 3.322002261642211e+17 3.091579804400857e+17 2.9380129011335494e+17 2.712532513052933e+17
7570.001060533678 7.562128061570913e+17 7.258284951668399e+17 6.93636931993087e+17 6.593311230147501e+17 6.224641986129716e+17 5.825145102802546e+17 5.3880504079311443e+17 5.1526953094816486e+17 4.9045586734059e+17 4.6419744528705395e+17 4.476567698587048e+17 4.3625575102412915e+17 4.1850397994034323e+17 4.061492348395795e+17 3.8657843029872224e+17 3.725724383841779e+17 3.651685730562561e+17 3.574174492941792e+17 3.4923015739808134e+17 3.404792435537041e+17 3.309707920216905e+17 3.081265087707222e+17 2.9287322810329043e+17 2.7043684950141773e+17
7590.001063335619 7.559282083510934e+17 7.256156098917974e+17 6.934684787824941e+17 6.591807612518963e+17 6.223199196326725e+17 5.823553771321937e+17 5.385953893503297e+17 5.150387723540528e+17 4.901915247684444e+17 4.6390248017072326e+17 4.4734471167230074e+17 4.359355596039687e+17 4.181739269334322e+17 4.058155125195896e+17 3.862463539948287e+17 3.722463426745869e+17 3.6484733538681734e+17 3.571025222937145e+17 3.489230521410562e+17 3.4018218437115923e+17 3.3068611658283085e+17 3.078773579206648e+17 2.926512012542211e+17 2.7025548775141104e+17
7610.001066137558 7.515314794229384e+17 7.21534645613462e+17 6.897185880960151e+17 6.558022633677764e+17 6.193474866955224e+17 5.798563038530382e+17 5.366390541994452e+17 5.1337607717591706e+17 4.888472622922877e+17 4.62893347097349e+17 4.465444859833989e+17 4.3527729156936845e+17 4.177303766202469e+17 4.055147853391691e+17 3.8616006008404e+17 3.7230147017372576e+17 3.649733995597797e+17 3.5729946200860243e+17 3.491917143635353e+17 3.4052353321205626e+17 3.311020988435761e+17 3.084555295500539e+17 2.933267359645232e+17 2.7106764239688227e+17
7630.001068939499 7.566605428818281e+17 7.265031891867912e+17 6.945236528833032e+17 6.604016873298744e+17 6.236921808660847e+17 5.83872307145042e+17 5.402257135328098e+17 5.167063568520362e+17 4.918800754349176e+17 4.655917445106459e+17 4.4902434595132096e+17 4.376039156886814e+17 4.198179746174085e+17 4.074402092196097e+17 3.878385926973888e+17 3.73815369970365e+17 3.664048639529088e+17 3.5864865111387066e+17 3.5045824438788e+17 3.417071296299252e+17 3.322024168602769e+17 3.093890258088904e+17 2.941776781720485e+17 2.7183653195792637e+17
7650.001071741439 7.536502034115498e+17 7.238068930463412e+17 6.921112115954158e+17 6.583102701269679e+17 6.219573664258669e+17 5.825145547049952e+17 5.3927595071783584e+17 5.159620333869002e+17 4.9135762249778765e+17 4.6529131167039386e+17 4.488586793134226e+17 4.3752874671151386e+17 4.198738485585643e+17 4.075815093628497e+17 3.881029326151612e+17 3.7415852198307264e+17 3.667864979797209e+17 3.590681440899783e+17 3.5091546964698643e+17 3.4220225399075526e+17 3.3273612086580115e+17 3.1000612552952115e+17 2.948453228688241e+17 2.7257393443989165e+17
7670.001074543379 7.334101570549869e+17 7.045219703234633e+17 6.739048483301618e+17 6.412596634354927e+17 6.061631202668397e+17 5.681004918099973e+17 5.264207202125742e+17 5.039686739861484e+17 4.8028102132761395e+17 4.5519503619850246e+17 4.3938005314012646e+17 4.284718402016281e+17 4.1146954604388166e+17 3.99621957371827e+17 3.8082524465973165e+17 3.6734587172595155e+17 3.6021019589360134e+17 3.5273151399896986e+17 3.448220907855957e+17 3.3635605566690406e+17 3.271421647594693e+17 3.049350008079376e+17 2.9004858639195104e+17 2.680720655790463e+17
7690.001077345319 7.496122256736129e+17 7.201623727986977e+17 6.889691655746021e+17 6.55598442279507e+17 6.196911290877935e+17 5.806829495889175e+17 5.379005124875227e+17 5.14826318213333e+17 4.9045730826062835e+17 4.6463410161976096e+17 4.483476773994286e+17 4.371142474215055e+17 4.196069083901424e+17 4.07412849209373e+17 3.880814162750795e+17 3.742367478202113e+17 3.669149084418688e+17 3.592477751009063e+17 3.5114787251884006e+17 3.4248937410603245e+17 3.3308097740009395e+17 3.104837828073416e+17 2.9540821452926874e+17 2.7325907568274394e+17
7710.001080147249 7.40963629649802e+17 7.118171985418385e+17 6.809011834335357e+17 6.47891786185551e+17 6.124127213860652e+17 5.739050427172756e+17 5.316974272752897e+17 5.08941672488932e+17 4.849114345470721e+17 4.594494728429416e+17 4.43389706255425e+17 4.3231101953181843e+17 4.150469365584785e+17 4.030207265198523e+17 3.8395059134797504e+17 3.702870165138024e+17 3.630583748208347e+17 3.5548564322311264e+17 3.4748172108462234e+17 3.389204507946506e+17 3.296103695626831e+17 3.072107815404958e+17 2.922318166556902e+17 2.7017493808677456e+17
7730.0010829491885 7.421260555286743e+17 7.128848093426031e+17 6.818850019274053e+17 6.488003427986671e+17 6.132314535293417e+17 5.746628646667472e+17 5.324129685755079e+17 5.0965194044269235e+17 4.856342345496286e+17 4.6020583643348384e+17 4.4417517931850394e+17 4.331197219260144e+17 4.1589384235642394e+17 4.038953271687398e+17 3.8486956113094086e+17 3.7123622659482586e+17 3.64023164332871e+17 3.564663748396194e+17 3.484788131099072e+17 3.3993472820494803e+17 3.306427196618484e+17 3.082828643661899e+17 2.933258878746528e+17 2.7129213025978995e+17
7750.001085751129 7.339072385174476e+17 7.052286462794775e+17 6.748145944995922e+17 6.423621984248699e+17 6.074765978368608e+17 5.696098719440457e+17 5.2812103611837965e+17 5.057564021419426e+17 4.821477067298066e+17 4.5712904995812563e+17 4.413491471287421e+17 4.304639587120287e+17 4.134936916229032e+17 4.0166590329768794e+17 3.8290023035713734e+17 3.6944389985304083e+17 3.623210057522063e+17 3.548560197701735e+17 3.4696227719395674e+17 3.385145014316102e+17 3.2932288312319706e+17 3.0718557998722234e+17 2.9236487623525446e+17 2.7052079520984525e+17
7770.001088553068 7.441780743068099e+17 7.154642115035363e+17 6.849470349091092e+17 6.5231578665692e+17 6.171254738224334e+17 5.788558629558404e+17 5.368137539180292e+17 5.1410346000630995e+17 4.900891712024995e+17 4.646131371788489e+17 4.4852742819056205e+17 4.3742270747006496e+17 4.20104016739965e+17 4.0803097859430816e+17 3.88873491654316e+17 3.7514068978832666e+17 3.678748228019656e+17 3.6026373229564397e+17 3.522208321032739e+17 3.436212737788526e+17 3.3427560512214176e+17 3.1182906933816774e+17 2.96858950329397e+17 2.7487652209974966e+17
7790.001091355009 7.46379464421102e+17 7.173077750527343e+17 6.86445444294736e+17 6.534484625669161e+17 6.17914561308134e+17 5.792987226243392e+17 5.368779339648526e+17 5.1397843635609984e+17 4.897792125520051e+17 4.641228715647289e+17 4.4793007523048525e+17 4.3676162165021e+17 4.193532876972825e+17 4.072267313588038e+17 3.880049144291732e+17 3.7423891340856064e+17 3.66959533585067e+17 3.593375664095597e+17 3.512858710422009e+17 3.426797918769686e+17 3.333298515425246e+17 3.108839402351365e+17 2.9592349105256576e+17 2.7397228434097946e+17
7810.001094156948 7.417945332614793e+17 7.129485733274802e+17 6.823142161319348e+17 6.496255527923402e+17 6.144521991090877e+17 5.762477409649529e+17 5.3434334416753184e+17 5.117434844215133e+17 4.8786967785809094e+17 4.6256870087180294e+17 4.466067010438238e+17 4.355960395229911e+17 4.184317456110429e+17 4.064705850563717e+17 3.875000897847103e+17 3.739054816673773e+17 3.667134119990348e+17 3.591800228391105e+17 3.5121883725251437e+17 3.427055964124164e+17 3.3345185770900563e+17 3.1121283896786656e+17 2.963676984427717e+17 2.7455130797393098e+17
7830.001096958878 7.34382810583471e+17 7.060408687104499e+17 6.759635947176952e+17 6.4380632331787e+17 6.092110861189729e+17 5.715931359106492e+17 5.303091592111509e+17 5.0803148639418054e+17 4.844880594202843e+17 4.595188107519583e+17 4.437605848816687e+17 4.3288203546564563e+17 4.159178267658358e+17 4.040916027310847e+17 3.853240025300159e+17 3.718656982280943e+17 3.6474214667272134e+17 3.5727808342137856e+17 3.493870780307854e+17 3.409447454948382e+17 3.317633874614585e+17 3.096765381981846e+17 2.949162026637535e+17 2.732038410633542e+17
7850.001099760818 7.34318006143968e+17 7.059960553684836e+17 6.75922336306852e+17 6.437791510539466e+17 6.091472458458141e+17 5.715328071858692e+17 5.3024946405144986e+17 5.079764668951683e+17 4.844468208758333e+17 4.595003508893311e+17 4.4375818945449197e+17 4.3289634676083226e+17 4.159585703011247e+17 4.041501102433012e+17 3.8541085722561114e+17 3.719715078528619e+17 3.648571877676342e+17 3.574018554388326e+17 3.495188706922489e+17 3.410847436666531e+17 3.319103101719053e+17 3.0982954225994874e+17 2.950582480824997e+17 2.732925246139731e+17
7870.001102562758 7.403109823832852e+17 7.116726859468436e+17 6.812737107783356e+17 6.487534764025997e+17 6.137095523566789e+17 5.7561680366472346e+17 5.337769213143173e+17 5.11194909605148e+17 4.8733161573449043e+17 4.620316143891763e+17 4.460686326011305e+17 4.3505470692824365e+17 4.1788655354531206e+17 4.059226391082703e+17 3.8694964071047386e+17 3.733537693110499e+17 3.661611326147615e+17 3.586273794918721e+17 3.506658036743057e+17 3.421517159517083e+17 3.3289569367912237e+17 3.106366065717367e+17 2.957535801626656e+17 2.7381504419771485e+17
7890.001105364698 7.356283957887885e+17 7.071111314607735e+17 6.768123643621862e+17 6.444068022222959e+17 6.094918402428904e+17 5.715315867688465e+17 5.298644285126177e+17 5.07383563552146e+17 4.8364354098622144e+17 4.584810889703084e+17 4.426102527441375e+17 4.3166257790702714e+17 4.145994467259005e+17 4.02710018126791e+17 3.8385238952275834e+17 3.703354178778194e+17 3.6318237958984966e+17 3.5568707930372314e+17 3.4776227526219514e+17 3.39281937241602e+17 3.3005331789798234e+17 3.077972105515668e+17 2.9283981636658746e+17 2.7063636324383373e+17
7910.001108166639 7.247272243565302e+17 6.965586431624564e+17 6.6667320462429e+17 6.347296096601152e+17 6.00363027770328e+17 5.630388127675352e+17 5.2213343357504045e+17 5.000868281085384e+17 4.7682278052434336e+17 4.5218240599292634e+17 4.366469005764732e+17 4.25931538666728e+17 4.092277985379893e+17 3.975858340360899e+17 3.79109461025342e+17 3.658527219844013e+17 3.588313291379116e+17 3.514686410839835e+17 3.436767883887658e+17 3.35328729910258e+17 3.2623005104165146e+17 3.0421043266526944e+17 2.893386386036674e+17 2.671542424757293e+17
7930.001110968578 7.116301281568818e+17 6.84388020315439e+17 6.554464957238509e+17 6.245227659210502e+17 5.91239080350772e+17 5.5508825104196506e+17 5.1544275453456083e+17 4.940687021570832e+17 4.7149544945516646e+17 4.475711396359786e+17 4.324773245979023e+17 4.220573932462912e+17 4.0580275617718637e+17 3.944606093631044e+17 3.764376847082372e+17 3.634859963431532e+17 3.566188621263908e+17 3.494125406532113e+17 3.417796573572382e+17 3.335944734951465e+17 3.246645943423854e+17 3.0301939545518266e+17 2.883794227295536e+17 2.665291045709137e+17
7950.001113770509 7.134861266571237e+17 6.859582636166006e+17 6.566879065054239e+17 6.254489586521594e+17 5.918226609638204e+17 5.5532888056564454e+17 5.1533604282837677e+17 4.9378928351344877e+17 4.710588407384674e+17 4.469888041467794e+17 4.318144189775897e+17 4.2134733232048314e+17 4.050293929942066e+17 3.936544374008276e+17 3.755932447808601e+17 3.626261793772395e+17 3.557545157372858e+17 3.4854541624132256e+17 3.409117887956271e+17 3.327276251561439e+17 3.2380005813498854e+17 3.0215635842928346e+17 2.875058348148589e+17 2.6561311179321792e+17
7970.001116572449 7.27419902468537e+17 6.993468708243436e+17 6.695129714019213e+17 6.376339070026743e+17 6.033029556767656e+17 5.660054555330426e+17 5.250941619989928e+17 5.0303132172775456e+17 4.797391112920803e+17 4.5506605168908064e+17 4.395077620516682e+17 4.287767693554468e+17 4.1205151195885e+17 4.003971976299067e+17 3.819100513180568e+17 3.686550256846688e+17 3.6163847739078714e+17 3.5428484500955014e+17 3.465071133055139e+17 3.381811110607732e+17 3.291163367778755e+17 3.0723406878231546e+17 2.925127687266668e+17 2.7065415398358e+17
7990.0011193743885 7.275956438941804e+17 6.996148526808517e+17 6.698773868420599e+17 6.380789917678616e+17 6.037936216487013e+17 5.665036046627457e+17 5.255674308368603e+17 5.034764263508152e+17 4.8014918471472896e+17 4.554280685934664e+17 4.398371365813268e+17 4.290835429494551e+17 4.123233120189676e+17 4.00645107560173e+17 3.821236110500546e+17 3.6884584081063654e+17 3.61818649090441e+17 3.544543452719344e+17 3.466667240384305e+17 3.3833122981745184e+17 3.2925707404410394e+17 3.073591765808121e+17 2.9263380727155e+17 2.707811606258024e+17
8010.001122176329 7.189316274314957e+17 6.914318632846481e+17 6.622081431011114e+17 6.309985037215724e+17 5.973415925926383e+17 5.607660184923907e+17 5.2062998407615264e+17 4.989823001089268e+17 4.761161367576375e+17 4.518822754707146e+17 4.365931677050112e+17 4.2604674929317574e+17 4.0959965351430035e+17 3.981324718616181e+17 3.7993064257898886e+17 3.6686896285894957e+17 3.599511101511159e+17 3.5269741922378195e+17 3.450225164313525e+17 3.368023630926027e+17 3.2784822597892685e+17 3.062170140843927e+17 2.9165655532431424e+17 2.700365436015394e+17
8030.001124978268 7.174789323966902e+17 6.901610922703332e+17 6.611232173277683e+17 6.300787495349143e+17 5.96647816570078e+17 5.603193451172039e+17 5.2044136630425645e+17 4.9893255407830803e+17 4.762075884406889e+17 4.521147009275429e+17 4.3690924946017715e+17 4.264131864040134e+17 4.100422092593675e+17 3.9862439048258605e+17 3.804908097859577e+17 3.674725928943868e+17 3.6057583390372717e+17 3.5334334814765344e+17 3.4568919816562144e+17 3.3749010937682995e+17 3.285577194057024e+17 3.0697731882410586e+17 2.924536946162643e+17 2.708992234228728e+17
8050.001127780209 7.12057754447064e+17 6.849796031290627e+17 6.562106696185204e+17 6.254672342838286e+17 5.923596744745884e+17 5.563800805874412e+17 5.168877052164218e+17 4.955873320632389e+17 4.730900967747443e+17 4.492386123545066e+17 4.3418491704205466e+17 4.2379409118441485e+17 4.0758294819560774e+17 3.9627498556008115e+17 3.7831062223620646e+17 3.654076619646944e+17 3.5856965053715264e+17 3.513966588858789e+17 3.438032265880774e+17 3.3566570333752224e+17 3.2679616158986675e+17 3.0534471536436806e+17 2.908856403365013e+17 2.6938971480667046e+17
8070.001130582138 7.174926533882107e+17 6.900877903668372e+17 6.609768394490036e+17 6.298383095690755e+17 5.962932194601431e+17 5.598277476004116e+17 5.198157130393322e+17 4.982342558688369e+17 4.7544533660304237e+17 4.512958317083408e+17 4.360632524221474e+17 4.255528148825051e+17 4.091647549469233e+17 3.977397747551263e+17 3.79603108707061e+17 3.665869266542388e+17 3.596923743544349e+17 3.524625205894946e+17 3.4481150930433574e+17 3.366152323162689e+17 3.276841812243689e+17 3.06088983312022e+17 2.9152891706357875e+17 2.6986064332853808e+17
8090.0011333840785 7.039687381360712e+17 6.77135629563103e+17 6.486337738672108e+17 6.181984415337752e+17 5.854215748606452e+17 5.498459095261752e+17 5.10842037727879e+17 4.89820304258832e+17 4.676347786879926e+17 4.441281625066338e+17 4.292991505845362e+17 4.190674039956803e+17 4.0310657486178586e+17 3.919731495733018e+17 3.742826208520442e+17 3.6157141979045894e+17 3.548316485064512e+17 3.477577417148032e+17 3.402642454956491e+17 3.3222633919234246e+17 3.2345358672967034e+17 3.021635327170178e+17 2.8773295215431952e+17 2.661321452705283e+17
8110.001136186018 7.117330095203406e+17 6.845428185845353e+17 6.556176909361594e+17 6.247045656266391e+17 5.91394932258437e+17 5.5517827155281094e+17 5.154417341432785e+17 4.940126013220927e+17 4.7139224567849056e+17 4.474296684524068e+17 4.323202175236487e+17 4.2189814042247584e+17 4.0565253085823155e+17 3.943289999110478e+17 3.763578725094962e+17 3.6346135050705683e+17 3.56629840214865e+17 3.494648594612787e+17 3.418805223268214e+17 3.337518360206169e+17 3.2488760685694957e+17 3.0340083806940646e+17 2.888448999368801e+17 2.6703663212116454e+17
8130.001138987959 7.156990465995981e+17 6.884249432569874e+17 6.594310566499898e+17 6.284048779436212e+17 5.949357737238394e+17 5.585328870514829e+17 5.185542012164939e+17 4.969815570297375e+17 4.7419307613163635e+17 4.500447562728702e+17 4.348157509521495e+17 4.243098381401275e+17 4.0793410246254336e+17 3.9652223200228186e+17 3.7841575143800083e+17 3.6542911140402304e+17 3.585528473461285e+17 3.5134385012042675e+17 3.437166346716752e+17 3.355472165129076e+17 3.2664587752423597e+17 3.0511142996023034e+17 2.90566118432072e+17 2.6884638040735965e+17
8150.001141789899 7.112253266262007e+17 6.841732451257133e+17 6.554302476492307e+17 6.246611556301357e+17 5.915011486333399e+17 5.5545138593407386e+17 5.1589286030190214e+17 4.9456012934795174e+17 4.7203742854381715e+17 4.481758628916223e+17 4.3312990994718336e+17 4.2275075316728864e+17 4.0657002861750906e+17 3.9529172167347475e+17 3.77390958311338e+17 3.6454546995552326e+17 3.577412626840947e+17 3.5060606228935635e+17 3.430545333648886e+17 3.34963453723822e+17 3.261441084046621e+17 3.047934639041054e+17 2.903625727492462e+17 2.6880726465777306e+17
8170.001144591839 7.102384302450698e+17 6.833573747735976e+17 6.547968808296292e+17 6.242190318531561e+17 5.912591939999834e+17 5.554187906039188e+17 5.160527470320748e+17 4.948095306579923e+17 4.723625219876056e+17 4.485652532616145e+17 4.335504873543663e+17 4.231868735069872e+17 4.070279366075403e+17 3.957607167742539e+17 3.7787303578218234e+17 3.650343892988806e+17 3.582334854221626e+17 3.511014959091287e+17 3.4355362640902394e+17 3.354668830141046e+17 3.2665329413900115e+17 3.053273981431697e+17 2.90927672911604e+17 2.6944790469010883e+17
8190.001147393778 6.882326884818908e+17 6.62632808775853e+17 6.354087444235739e+17 6.06303800638551e+17 5.749402345249415e+17 5.4084862824358854e+17 5.034196223950365e+17 4.832235978227508e+17 4.618790715696519e+17 4.3924005421644166e+17 4.249421242893764e+17 4.1506741686403104e+17 3.996491430298829e+17 3.8888134402392634e+17 3.717485259717956e+17 3.5941856788158637e+17 3.528743103989552e+17 3.4600131438529005e+17 3.387154235245269e+17 3.3089526792352934e+17 3.223549626105107e+17 3.0161569787904877e+17 2.8755908281028637e+17 2.6654233300332906e+17
8210.001150195709 6.907155919214305e+17 6.649532694595387e+17 6.376234548117089e+17 6.083712063886033e+17 5.768658420204713e+17 5.4262567972434195e+17 5.050570883076381e+17 4.847894199348032e+17 4.6337527632802003e+17 4.406650915878124e+17 4.2632362698428544e+17 4.164163962043513e+17 4.009468965522348e+17 3.9014221084657555e+17 3.729485241911054e+17 3.605725605368199e+17 3.5400320689940365e+17 3.471033392436861e+17 3.397885730534306e+17 3.319367907967616e+17 3.233615574763182e+17 3.0253461295274285e+17 2.8841446301458214e+17 2.672898251157672e+17
8230.001152997647 6.916812013333359e+17 6.659722459320763e+17 6.386378657578438e+17 6.093946849171724e+17 5.778507828489834e+17 5.435635688781616e+17 5.0590359610842643e+17 4.8556871838776237e+17 4.640772096111536e+17 4.412730094031966e+17 4.268702684283854e+17 4.169213013905076e+17 4.013921920873662e+17 3.9054878355463744e+17 3.733057459463864e+17 3.609042725343886e+17 3.54325187202402e+17 3.474183447725356e+17 3.4010000393959366e+17 3.322489665081222e+17 3.236803888785012e+17 3.0289956671729094e+17 2.8883978497683264e+17 2.6785710180653136e+17
8250.00115579959 6.973536045947419e+17 6.714806365573222e+17 6.43978132105203e+17 6.14524217080615e+17 5.827700418648675e+17 5.4820101544833146e+17 5.1020524860158e+17 4.8968177357041875e+17 4.6798186931579437e+17 4.4494756674393146e+17 4.303937399366926e+17 4.2034069035173965e+17 4.046448706274761e+17 3.9368649829647206e+17 3.762609974283885e+17 3.6373295265487475e+17 3.570891217021258e+17 3.501166587040811e+17 3.4273180071287974e+17 3.3481385380601274e+17 3.261785321763994e+17 3.052706676855839e+17 2.9115768109367315e+17 2.701417035752986e+17
8270.001158601528 7.047843516955423e+17 6.78500369185191e+17 6.505351433391706e+17 6.206088692471404e+17 5.883076739387636e+17 5.5315278297696154e+17 5.145073305883332e+17 4.9363158792806675e+17 4.715611933937707e+17 4.481458862886272e+17 4.333595138227157e+17 4.231505379832226e+17 4.07220865918924e+17 3.961064131657344e+17 3.784514757623656e+17 3.657737894823739e+17 3.59056236586309e+17 3.5201092762362477e+17 3.4455423121251616e+17 3.365657872378879e+17 3.2786171673340774e+17 3.068247948696365e+17 2.926545064793569e+17 2.715881066385923e+17
8290.001161403468 7.008439623407767e+17 6.747872576108268e+17 6.470869953484187e+17 6.17414050553742e+17 5.85398493375551e+17 5.505611858921663e+17 5.122502443554559e+17 4.915532391648845e+17 4.6966607767177734e+17 4.4643497106514214e+17 4.3176114763230374e+17 4.2162922954501946e+17 4.058127802297677e+17 3.947755660632217e+17 3.772353122857782e+17 3.646339963575137e+17 3.579546521458221e+17 3.5094756633987456e+17 3.435292457255336e+17 3.3557903233661037e+17 3.2691311880650003e+17 3.059504609299489e+17 2.9181294000624346e+17 2.7076416993292096e+17
8310.001164205409 6.855275236170954e+17 6.60040935236543e+17 6.329426142331793e+17 6.039662616122058e+17 5.727527547343859e+17 5.388370115396266e+17 5.016405627056095e+17 4.815881683566108e+17 4.604127657161718e+17 4.379691957113543e+17 4.2380403237441594e+17 4.140237853576168e+17 3.9875858943840755e+17 3.8810104684881165e+17 3.711472309953467e+17 3.589478178139051e+17 3.5247315628673536e+17 3.456730814323583e+17 3.3846408845565715e+17 3.3072514416333357e+17 3.2227107886887955e+17 3.017176167735769e+17 2.877528468610197e+17 2.6679226774934694e+17
8330.001167007338 6.839464811287359e+17 6.587487655824481e+17 6.319375430327524e+17 6.032225180866067e+17 5.722459523599607e+17 5.3853466792036186e+17 5.014725668915975e+17 4.814512606749817e+17 4.602805617053712e+17 4.378092232917119e+17 4.2361346359630976e+17 4.1380778363820806e+17 3.984961499499764e+17 3.8780397290410566e+17 3.7079667858905466e+17 3.585622912546e+17 3.520708611431833e+17 3.4525513104226605e+17 3.380322668704421e+17 3.302822847099768e+17 3.218216143485699e+17 3.0128479614242234e+17 2.8736446555749984e+17 2.6651958905732957e+17
8350.001169809279 6.873670903334053e+17 6.619463167785636e+17 6.349154116989882e+17 6.05987193035177e+17 5.7479728382666285e+17 5.40876414236962e+17 5.0362796898154323e+17 4.8352445562772806e+17 4.6228129220641325e+17 4.3974758773163085e+17 4.255186470784256e+17 4.156927849830276e+17 4.0035366068016877e+17 3.89644042349203e+17 3.7261016298975706e+17 3.6035709153856826e+17 3.5385598533719834e+17 3.470302772081825e+17 3.397968623684578e+17 3.320355685345224e+17 3.2356264609357946e+17 3.0299623157873286e+17 2.89055867520798e+17 2.6818519674500365e+17
8370.001172611219 6.915062866354716e+17 6.659134023016948e+17 6.387180353722239e+17 6.095964947564801e+17 5.781857635541256e+17 5.440076088212221e+17 5.064512134131105e+17 4.86167622370337e+17 4.6471994454481005e+17 4.419601693074625e+17 4.2758472784238374e+17 4.176555770568055e+17 4.021581335447123e+17 3.91338658379066e+17 3.741387603501147e+17 3.6177392347057914e+17 3.5521697822352026e+17 3.4833557455959014e+17 3.4104663435875456e+17 3.3323082522081235e+17 3.2470522256671776e+17 3.040500042917547e+17 2.900907269716278e+17 2.692661008554808e+17
8390.001175413157 6.783337425159314e+17 6.532083056676922e+17 6.265257703277473e+17 5.979790583999624e+17 5.672302722177888e+17 5.338310373209337e+17 4.971894651370359e+17 4.774293130396228e+17 4.565586634673581e+17 4.3442677224635296e+17 4.204522856343134e+17 4.108018212353921e+17 3.957333564674693e+17 3.852091124182576e+17 3.684633304321288e+17 3.5640838670180794e+17 3.5000878257780115e+17 3.432862008870042e+17 3.3615790270289824e+17 3.2850428432058944e+17 3.2014271076257414e+17 2.998214737850662e+17 2.8603327669133907e+17 2.6538368555291936e+17
8410.001178215098 6.89912098501916e+17 6.645376496010629e+17 6.375348994027944e+17 6.086343101445144e+17 5.774615562161544e+17 5.4352519066057856e+17 5.062139666856026e+17 4.860512862639822e+17 4.647316081633381e+17 4.4209774141954304e+17 4.277951227821367e+17 4.1791396560258214e+17 4.024863732507083e+17 3.917143424683415e+17 3.7458346889304474e+17 3.6226534225726234e+17 3.557324798080449e+17 3.4887599813670925e+17 3.4161366263021446e+17 3.338266489937289e+17 3.2533374055938854e+17 3.04769666713329e+17 2.908873014914621e+17 2.702074276674119e+17
8430.001181017038 6.752598883745668e+17 6.505709601196375e+17 6.24347719862406e+17 5.962947885458726e+17 5.660589182064489e+17 5.331716141189261e+17 4.9703448647556755e+17 4.775121641217296e+17 4.568653692469933e+17 4.349415509151541e+17 4.210800361744008e+17 4.115000656775616e+17 3.9652980688592986e+17 3.860669511984971e+17 3.694051835811394e+17 3.5740423229010266e+17 3.510310308190448e+17 3.4433514835183194e+17 3.3723447938371994e+17 3.296103819445239e+17 3.212814458502528e+17 3.010493032392876e+17 2.873371597931702e+17 2.66842675626478e+17
8450.001183818968 6.804163597146842e+17 6.558268617317978e+17 6.296559289381614e+17 6.015971340723456e+17 5.713058924438799e+17 5.382957218361931e+17 5.0195060280414374e+17 4.8229083449767315e+17 4.614794587236263e+17 4.393637629957121e+17 4.253743592222329e+17 4.1570213234582714e+17 4.005869681330806e+17 3.900210580426536e+17 3.7320024261443085e+17 3.610902916280462e+17 3.546626250494101e+17 3.4791303796930406e+17 3.4075981405660166e+17 3.3308546482571834e+17 3.247103322435902e+17 3.044099549498095e+17 2.906897590060404e+17 2.7023085674806896e+17
8470.00118662091 6.76915939614048e+17 6.52371782733013e+17 6.262493931456941e+17 5.98283143116098e+17 5.680942287169065e+17 5.352297158568714e+17 4.990732877253796e+17 4.7952534689023654e+17 4.5884615828691386e+17 4.3688055437699814e+17 4.2299196905574874e+17 4.133915525051702e+17 3.983896342861611e+17 3.879049133352902e+17 3.7121246112063226e+17 3.591933281645866e+17 3.528132509616916e+17 3.461129416711783e+17 3.390113272838646e+17 3.313913647140916e+17 3.2307452747384557e+17 3.029112044425507e+17 2.892809660338963e+17 2.6895360234851456e+17
8490.001189422848 6.70317309353753e+17 6.461580690147123e+17 6.204753990235672e+17 5.929936764422781e+17 5.633602956829836e+17 5.3112903236820896e+17 4.9572436103181235e+17 4.7660258466039546e+17 4.563830730671983e+17 4.3491011103945734e+17 4.213297579095955e+17 4.1193879958779194e+17 3.9725323927862074e+17 3.8697803610703405e+17 3.705916256284114e+17 3.587679808060482e+17 3.524818598001632e+17 3.4587216689848326e+17 3.388571010482759e+17 3.3131865879408576e+17 3.2307632513946624e+17 3.030242398675092e+17 2.894070312981236e+17 2.6899890690463258e+17
8510.001192224789 6.366216406910578e+17 6.14091362756317e+17 5.901573419845716e+17 5.645670397876395e+17 5.369994196933508e+17 5.0703477254565677e+17 4.7412698495648384e+17 4.5635065000555846e+17 4.3754052064846483e+17 4.1753485503667104e+17 4.048571902431247e+17 3.960746151682824e+17 3.823062104306257e+17 3.7264216737824896e+17 3.571653675775296e+17 3.4593896522467994e+17 3.399471919985001e+17 3.336280401091117e+17 3.2689848141128083e+17 3.196385554645167e+17 3.116648945563945e+17 2.921039425735572e+17 2.7871139992737114e+17 2.5861208850557322e+17
8530.001195026729 6.605048237880654e+17 6.366995543083191e+17 6.114068179139585e+17 5.84368891283549e+17 5.5526054012751994e+17 5.2366568312583475e+17 4.890565010569774e+17 4.704151175269313e+17 4.507410784103844e+17 4.298843300109287e+17 4.167078290018202e+17 4.075992109086131e+17 3.933536330945192e+17 3.8338007678671334e+17 3.674540039066711e+17 3.55940300930956e+17 3.498099554482577e+17 3.433569151366112e+17 3.3649970261498246e+17 3.291207082291952e+17 3.210398602986707e+17 3.0131684265679014e+17 2.8786355549150998e+17 2.675995374692828e+17
8550.00119782867 5.5634745368524986e+17 5.379650971073395e+17 5.18528808645831e+17 4.978563659743832e+17 4.757137151693314e+17 4.5179322392778355e+17 4.256725955410482e+17 4.116013089711795e+17 3.967088461116266e+17 3.808194767166753e+17 3.7069278597344454e+17 3.636371115683032e+17 3.524877128772169e+17 3.445818472116767e+17 3.317520011280511e+17 3.222945977357209e+17 3.1718895741778406e+17 3.117572991119333e+17 3.0591642466592045e+17 2.9954541390884896e+17 2.9245794861748595e+17 2.7461949095909376e+17 2.6198317630832352e+17 2.422910546190776e+17
8570.001200630599 6.79123963397978e+17 6.545972958240607e+17 6.284809472193573e+17 6.004836364643086e+17 5.7025283948259846e+17 5.373188462132792e+17 5.0108589190629664e+17 4.815008519285094e+17 4.6078663128197094e+17 4.3879269973462854e+17 4.248924715709334e+17 4.152879907316701e+17 4.00286294985974e+17 3.898063536587876e+17 3.731285608817704e+17 3.6112601221995296e+17 3.547566614562203e+17 3.4806912248562534e+17 3.409829908241073e+17 3.3338239479515475e+17 3.2509043531897485e+17 3.0500767010881914e+17 2.914490401331484e+17 2.7124368967696963e+17
8590.00120343254 6.645236263100052e+17 6.410219674795988e+17 6.15970973168214e+17 5.891074119170129e+17 5.600579160468723e+17 5.2836971578704026e+17 4.934460331024279e+17 4.74540300391464e+17 4.5451593140632115e+17 4.332193944461158e+17 4.197377238857239e+17 4.104120975040904e+17 3.958251602403199e+17 3.856203783111271e+17 3.6935314769795706e+17 3.576254368571717e+17 3.513947706600335e+17 3.4484733154943885e+17 3.3790329612705043e+17 3.30447573130762e+17 3.2230442581342176e+17 3.025398012733772e+17 2.891633947367542e+17 2.691956222120285e+17
8610.001206234478 6.637065054746765e+17 6.403852857734249e+17 6.155310228454968e+17 5.888552669744127e+17 5.599865571306724e+17 5.284701003011634e+17 4.9370080314229024e+17 4.748570947601175e+17 4.548834773964417e+17 4.336195745255999e+17 4.2014916357823456e+17 4.108261057282832e+17 3.962380363440484e+17 3.860276343176458e+17 3.697474127691439e+17 3.580081862327304e+17 3.517712670637646e+17 3.452174881860195e+17 3.382674201618512e+17 3.308063808604479e+17 3.226596399709057e+17 3.029032308051333e+17 2.8955325002122726e+17 2.696662631462672e+17
8630.001209036418 6.730592945875073e+17 6.489543984066557e+17 6.232863089417678e+17 5.95772289398313e+17 5.660565289589792e+17 5.3367584069189376e+17 4.9802576590373664e+17 4.787369737342669e+17 4.583173672900087e+17 4.3661335065742304e+17 4.228840871260773e+17 4.1339205374353984e+17 3.985582730596515e+17 3.881902729387694e+17 3.716835885148229e+17 3.598003402382524e+17 3.534933962879036e+17 3.4687081965910195e+17 3.398530438211745e+17 3.323256518186535e+17 3.241138346829772e+17 3.042334729435314e+17 2.9082712818896e+17 2.7089122120985843e+17
8650.001211838358 6.63543644994277e+17 6.400096645911072e+17 6.149371674577782e+17 5.88059273923626e+17 5.590340894959366e+17 5.2742723608790637e+17 4.926745190170651e+17 4.7390027172163046e+17 4.540472125560551e+17 4.3296541129957734e+17 4.1963431527614125e+17 4.1041669160439405e+17 3.96003032335818e+17 3.8591799526397824e+17 3.698338107670826e+17 3.582269592430268e+17 3.520559422121379e+17 3.455676382959225e+17 3.3868241387111366e+17 3.3128549694643904e+17 3.232017195211337e+17 3.035624886149038e+17 2.9025656216071034e+17 2.7036578136803594e+17
8670.001214640299 5.635379837030305e+17 5.452965389748648e+17 5.2590950932041414e+17 5.051759467076238e+17 4.828403037875635e+17 4.5856994893068704e+17 4.319160058935743e+17 4.1750168277185024e+17 4.022124758570387e+17 3.858724558193719e+17 3.7545037982132045e+17 3.681881192358968e+17 3.567158750202204e+17 3.4858780457020794e+17 3.354196108711781e+17 3.257401902978876e+17 3.205282007227744e+17 3.149963738840516e+17 3.090653177174401e+17 3.026200261623355e+17 2.954833651742783e+17 2.776884167680094e+17 2.652111777238711e+17 2.4590361771087955e+17
8690.001217442239 6.492224968385563e+17 6.263125604070255e+17 6.019244794766152e+17 5.7578809320492666e+17 5.4758067990626963e+17 5.168788001093815e+17 4.831385518891477e+17 4.6491025028429843e+17 4.456310113443722e+17 4.251482002383442e+17 4.121900944100757e+17 4.032267109801779e+17 3.892053835611424e+17 3.793908061073748e+17 3.637318034219164e+17 3.524268274043132e+17 3.4641407626651654e+17 3.4008991789539936e+17 3.3337567055245715e+17 3.2615778961761043e+17 3.182627496220622e+17 2.990420374374162e+17 2.8597932345945568e+17 2.6638097073978045e+17
8710.001220244169 6.616482416829993e+17 6.380284025358806e+17 6.129247129628998e+17 5.860426951811962e+17 5.57074817322772e+17 5.255627644900843e+17 4.9092078664314605e+17 4.7219818080594125e+17 4.523907727281465e+17 4.3134310396242534e+17 4.180281120136967e+17 4.088210079612966e+17 3.944268006011265e+17 3.8436149845647795e+17 3.6832520648248134e+17 3.567698092148616e+17 3.5063253907500883e+17 3.4418446157685357e+17 3.37347211976051e+17 3.300075460291461e+17 3.219932436338863e+17 3.0255555019532e+17 2.894183546432508e+17 2.6984655902840608e+17
8730.001223046109 6.601835347944105e+17 6.369690126657185e+17 6.122478236784224e+17 5.85709137289809e+17 5.5703815341010394e+17 5.25769008812696e+17 4.91322075341378e+17 4.726741659112772e+17 4.529300090647095e+17 4.3192754472117894e+17 4.1863126255096314e+17 4.094334411516438e+17 3.950487848995478e+17 3.849864223211808e+17 3.68951091140617e+17 3.57394134716762e+17 3.512556870412792e+17 3.448065512157045e+17 3.379683118960472e+17 3.3062848457679936e+17 3.226152684064181e+17 3.031900563650234e+17 2.900723885458716e+17 2.7054809827136768e+17
8750.00122584805 6.408645680210624e+17 6.200670412579411e+17 5.977146717287283e+17 5.73502009467568e+17 5.4705827802398675e+17 5.179001867013084e+17 4.853909004565193e+17 4.676325124226138e+17 4.487063191112182e+17 4.284443611050218e+17 4.15546837547854e+17 4.065929018806987e+17 3.9253970520845075e+17 3.826727826368374e+17 3.668928065112427e+17 3.5548131051645024e+17 3.494089787800961e+17 3.4302199706404717e+17 3.362424093654423e+17 3.289584140818575e+17 3.209990267020917e+17 3.016795753669753e+17 2.8861882603377414e+17 2.691651816227455e+17
8770.001228649988 6.61879994880526e+17 6.388833176662701e+17 6.143026576771652e+17 5.878628223687057e+17 5.591937628004896e+17 5.278681604147795e+17 4.9326029316794726e+17 4.744924415956231e+17 4.5459580610380435e+17 4.334172549810299e+17 4.200038925884611e+17 4.107247621186502e+17 3.962143141064473e+17 3.860668795476368e+17 3.6990549084071014e+17 3.5826797380508614e+17 3.520908220540648e+17 3.4560471232498765e+17 3.387312884608406e+17 3.313590402734311e+17 3.233173409284326e+17 3.038572786470818e+17 2.907471479439627e+17 2.7128075064150566e+17
8790.001231451928 6.58106740519829e+17 6.347653351411511e+17 6.099224376059567e+17 5.833404586653568e+17 5.54672656080808e+17 5.2347307569588563e+17 4.8916285717322003e+17 4.706093022490657e+17 4.509729617080627e+17 4.300935497621086e+17 4.1688088036949056e+17 4.0774199780967194e+17 3.934534574688846e+17 3.834604074129478e+17 3.675392538371711e+17 3.56068024440857e+17 3.4997598658069203e+17 3.435767666680853e+17 3.3679233245340864e+17 3.295113398915242e+17 3.2156388334653574e+17 3.0230544893011366e+17 2.8930721189782336e+17 2.699718827962402e+17
8810.00123425386 6.431495729489472e+17 6.203498613456856e+17 5.961419780862876e+17 5.7030340237399936e+17 5.424886922493541e+17 5.1227911549910624e+17 4.7913654674853843e+17 4.612406104500156e+17 4.4231226139660064e+17 4.222034995496102e+17 4.094791000270793e+17 4.006773344324013e+17 3.8690704675921216e+17 3.7726995617764186e+17 3.618953444395893e+17 3.507986742344239e+17 3.4489762213824083e+17 3.3869173756425146e+17 3.3210404915828077e+17 3.2502364667361146e+17 3.172813764654426e+17 2.984508782712097e+17 2.8568104932544557e+17 2.665996294996481e+17
8830.001237055798 6.543613780911415e+17 6.313756989014765e+17 6.068979664872961e+17 5.806526434609443e+17 5.522848264219265e+17 5.2137409019810285e+17 4.8730527074860845e+17 4.688557185331227e+17 4.493164006081069e+17 4.2852205420319514e+17 4.1535564757336685e+17 4.062470559280699e+17 3.920009438563131e+17 3.820358684682129e+17 3.661571595626864e+17 3.547153191129701e+17 3.4863891005797094e+17 3.4225625785739437e+17 3.3549006170563475e+17 3.282294254630443e+17 3.2030560515181165e+17 3.0111246274644365e+17 2.8816456953304438e+17 2.6890083223966835e+17
8850.001239857738 6.515984088548132e+17 6.295951179810541e+17 6.059986376176588e+17 5.805331073422108e+17 5.5283713856326586e+17 5.224378384619379e+17 4.887536261024333e+17 4.704364942444859e+17 4.509857729186604e+17 4.302458115513357e+17 4.170920178993414e+17 4.079816253979094e+17 3.937230506440313e+17 3.8374087989772026e+17 3.6782458297926464e+17 3.563514025132116e+17 3.5025794176625664e+17 3.4385675497508915e+17 3.3707122205082765e+17 3.297909543882616e+17 3.218477333422415e+17 3.0262548478765216e+17 2.8968162414208006e+17 2.704803822446016e+17
8870.001242659679 6.271814629335436e+17 6.075325578958903e+17 5.863228746828294e+17 5.6326563331748435e+17 5.3800010188577504e+17 5.100529734344016e+17 4.7879178926994445e+17 4.6167518707560864e+17 4.433994612692483e+17 4.2379195207950746e+17 4.11290242645727e+17 4.02602009196501e+17 3.889447167487023e+17 3.793439156662119e+17 3.6396711815778054e+17 3.5283130556566566e+17 3.4690105454987283e+17 3.406594986080252e+17 3.340307917668011e+17 3.2690505566493344e+17 3.191146250978392e+17 3.0019390704476595e+17 2.8740069244183126e+17 2.6835757291761123e+17
8890.001245461619 6.54813842932788e+17 6.32017476091631e+17 6.077455745230894e+17 5.816541181531497e+17 5.5344114683766835e+17 5.226575480654373e+17 4.8871400421558374e+17 4.7032564840989856e+17 4.5084110741494605e+17 4.301053520014026e+17 4.1697110587998355e+17 4.078831443512777e+17 3.9366817081704646e+17 3.837237512147445e+17 3.678766189973243e+17 3.56458107237245e+17 3.503949786410583e+17 3.440265605609219e+17 3.372765450859263e+17 3.3003484854018874e+17 3.2213426397181254e+17 3.030134440199765e+17 2.9013383733798534e+17 2.7101698174043955e+17
8910.00124826356 6.574210292406669e+17 6.344791027575913e+17 6.100118737122326e+17 5.838341917375034e+17 5.555172729647291e+17 5.246514287215845e+17 4.906089245118299e+17 4.721542147544105e+17 4.52582738062648e+17 4.3173716228010534e+17 4.1852771310430906e+17 4.0938616060309466e+17 3.950815932271532e+17 3.8507389854988806e+17 3.6912891667893376e+17 3.576438689445085e+17 3.515475417386409e+17 3.451457149791087e+17 3.383626843109028e+17 3.3108919164889664e+17 3.231586433421755e+17 3.03994179529657e+17 2.9111563577169664e+17 2.7205405204401066e+17
8930.001251065489 6.439427503319058e+17 6.214656080247505e+17 5.975732841956504e+17 5.7201196557152557e+17 5.4448111733386554e+17 5.14503636595021e+17 4.81513272274471e+17 4.636650080513279e+17 4.4476186850181824e+17 4.2464337893128845e+17 4.119004255386964e+17 4.030786443185261e+17 3.892725089418421e+17 3.7960668407767635e+17 3.641884318319013e+17 3.530642962816986e+17 3.471515945547674e+17 3.409364498466041e+17 3.343433814005615e+17 3.2726267793485216e+17 3.1952844533636026e+17 3.007652089609775e+17 2.880882650263386e+17 2.6922285896596758e+17
8950.00125386743 6.460769886049783e+17 6.233670739283462e+17 5.992925066077879e+17 5.735275139225511e+17 5.4574336924830125e+17 5.1551387940893094e+17 4.822517147399773e+17 4.642495091048324e+17 4.4517673019990656e+17 4.248788574271872e+17 4.120224010993594e+17 4.031237230131236e+17 3.8919911250939866e+17 3.794551610888333e+17 3.639202769457488e+17 3.527189786601619e+17 3.467675725091114e+17 3.40513812817093e+17 3.3388130751452685e+17 3.2676074681309984e+17 3.189856075399191e+17 3.00136367378212e+17 2.8741404676884538e+17 2.6850149809393574e+17
8970.00125666937 6.465697446522449e+17 6.23920197849877e+17 5.998926968509226e+17 5.7415504334492883e+17 5.463977791563189e+17 5.161766664715694e+17 4.829087233006656e+17 4.6490290215209075e+17 4.458283689256161e+17 4.255277298216102e+17 4.1266899438721056e+17 4.037702746213067e+17 3.898467566035455e+17 3.8010315418829114e+17 3.645694801522565e+17 3.533706317245107e+17 3.474214643599359e+17 3.411707389683001e+17 3.3454260519762554e+17 3.274281316022447e+17 3.1966135277052883e+17 3.00841662417022e+17 2.881458869208232e+17 2.6927908479257075e+17
8990.001259471308 6.48347351403668e+17 6.258567845639372e+17 6.018448846797926e+17 5.7610707411292454e+17 5.4828208402668506e+17 5.17937130874222e+17 4.844890162344116e+17 4.663742184070318e+17 4.47185043762198e+17 4.267589865780856e+17 4.1382530673564077e+17 4.048758761652161e+17 3.908778920084054e+17 3.810860223927601e+17 3.654819609145551e+17 3.542386270005957e+17 3.482682662009202e+17 3.419969168700271e+17 3.353492843833525e+17 3.282168930301106e+17 3.204346876304357e+17 3.015954160397459e+17 2.8890065990500845e+17 2.70051822067548e+17
9010.001262273248 6.084478243676032e+17 5.896548414870483e+17 5.693674525473623e+17 5.4733559563049805e+17 5.232101681048654e+17 4.9653021096331366e+17 4.6673406769825594e+17 4.504318055124911e+17 4.330296691040376e+17 4.143630689739388e+17 4.0245779772930886e+17 3.941778852733847e+17 3.811560414051165e+17 3.7199138270883974e+17 3.572897924646909e+17 3.466222372422608e+17 3.409323593296046e+17 3.3493718658099904e+17 3.285618932575277e+17 3.2169838674405914e+17 3.141819988407922e+17 2.9586843962384723e+17 2.83438500244259e+17 2.6487516211812048e+17
9030.001265075189 6.354779450034111e+17 6.146274038911132e+17 5.922106047050376e+17 5.679494446396852e+17 5.414695027628844e+17 5.123570318866064e+17 4.8001626678782086e+17 4.6240925266752934e+17 4.436926137266829e+17 4.237111909031005e+17 4.1102682434395245e+17 4.022389683765292e+17 3.884721074124082e+17 3.788285928753167e+17 3.6344140298641363e+17 3.523413233134635e+17 3.464425665417397e+17 3.4024377070016326e+17 3.3366952622678714e+17 3.266120545691981e+17 3.189067179379966e+17 3.0023326461757754e+17 2.8763519046259174e+17 2.6891375774013194e+17
9050.001267877129 6.499319613514019e+17 6.275135173227487e+17 6.036038813628529e+17 5.77935861522475e+17 5.5016002372599763e+17 5.198432170793454e+17 4.863664024498439e+17 4.682068206768917e+17 4.4893742217848646e+17 4.2840932970026406e+17 4.1539610932225754e+17 4.063873014374678e+17 3.922923825583494e+17 3.824314767567707e+17 3.667202290501718e+17 3.554051067915678e+17 3.4939928517230694e+17 3.430932537735466e+17 3.364126332811981e+17 3.292496955465154e+17 3.2144113878428045e+17 3.025798756587338e+17 2.899136116227947e+17 2.7117936394053274e+17
9070.001270679059 6.366260557616128e+17 6.149771988085972e+17 5.918982382829233e+17 5.671602430037748e+17 5.404288083875367e+17 5.112505384949457e+17 4.790419052777181e+17 4.615632481495774e+17 4.4300964335343763e+17 4.232215982260493e+17 4.1066541955432275e+17 4.019641734323973e+17 3.8833282652007014e+17 3.7878277908047635e+17 3.635377067431375e+17 3.525345379964673e+17 3.4668561957161114e+17 3.4053774367473574e+17 3.34016512965968e+17 3.270152858826055e+17 3.193713235119095e+17 3.0085550458316e+17 2.883799765330077e+17 2.6987838094676726e+17
9090.001273480999 6.185797833635844e+17 5.977461833233234e+17 5.755602079215969e+17 5.5178857714280557e+17 5.2610606611762906e+17 4.9810313139820275e+17 4.672188090096588e+17 4.5046516767125715e+17 4.326789583234616e+17 4.137096883499915e+17 4.0166553785762426e+17 3.933168585933715e+17 3.8022608095648704e+17 3.7104345245291136e+17 3.563621019441728e+17 3.457423645724131e+17 3.4008802237025286e+17 3.341369401488672e+17 3.278147419290158e+17 3.210146665246501e+17 3.135741267257855e+17 2.9546707272345574e+17 2.8318975642418544e+17 2.6486425462825277e+17
9110.001276282937 6.264004985123634e+17 6.048229576502213e+17 5.819127330830715e+17 5.574178832621168e+17 5.309929760083284e+17 5.022478374568378e+17 4.706199484215626e+17 4.535030277244974e+17 4.3536007769288134e+17 4.160480069161312e+17 4.03806282740423e+17 3.953291610622077e+17 3.8205339900387437e+17 3.727512087132622e+17 3.5789831573000896e+17 3.471692368869602e+17 3.4146128588395936e+17 3.3545742054606496e+17 3.290828602662586e+17 3.222306137238116e+17 3.147368301072004e+17 2.965098176880291e+17 2.8414818756559914e+17 2.656677167176604e+17
9130.001279084878 6.398141389467124e+17 6.177707383326577e+17 5.943396168575109e+17 5.692107847847073e+17 5.420743733084948e+17 5.1247491295629574e+17 4.798101723016006e+17 4.620902030889842e+17 4.432836898901921e+17 4.23234598946671e+17 4.1051989607942086e+17 4.0171429936792864e+17 3.8792883063904064e+17 3.782772683125765e+17 3.6288814563550035e+17 3.517939028090822e+17 3.4590091034220806e+17 3.397101716305449e+17 3.331472829061668e+17 3.261050226367146e+17 3.18421277579688e+17 2.998267011898174e+17 2.8730816112964314e+17 2.6874158578075427e+17
9150.001281886818 6.31683772637037e+17 6.094741108236285e+17 5.858756687901851e+17 5.60633200347156e+17 5.334064819585483e+17 5.0377861218684224e+17 4.711951821819647e+17 4.5357259313748416e+17 4.3492033062279834e+17 4.1509043233470803e+17 4.025417129652436e+17 3.938629283214983e+17 3.802920947495411e+17 3.7079980889204294e+17 3.5567369617391046e+17 3.447684985936258e+17 3.389734788558548e+17 3.328818613804743e+17 3.2641744200564646e+17 3.194700508986912e+17 3.1187100737121146e+17 2.933511952795132e+17 2.8072891462250128e+17 2.6171932928749456e+17
9170.001284688758 6.272498656791457e+17 6.051520452378086e+17 5.816594381434522e+17 5.565138036985493e+17 5.294202595904772e+17 4.999272610604835e+17 4.675046561852105e+17 4.4998329341811686e+17 4.314429523279106e+17 4.117457983061995e+17 3.992876309137587e+17 3.906736874511659e+17 3.772067906349676e+17 3.6778965324786995e+17 3.5278253643349146e+17 3.419609715736421e+17 3.3620892293117875e+17 3.3016018630578246e+17 3.237383232352517e+17 3.168317599596952e+17 3.0926981930089146e+17 2.90792388526823e+17 2.781470149365363e+17 2.5901535887050806e+17
9190.001287490688 6.30063776685121e+17 6.080059270225979e+17 5.844901247627558e+17 5.5928785002389645e+17 5.320634527136519e+17 5.0239558029740595e+17 4.69724209856789e+17 4.520508522499187e+17 4.333428704637663e+17 4.1345961747937754e+17 4.008835131569529e+17 3.9218904322933037e+17 3.786013054639814e+17 3.691033790110925e+17 3.539783009540844e+17 3.4308178807254374e+17 3.37293547299752e+17 3.312096407660959e+17 3.247538196859089e+17 3.178155418668564e+17 3.102247987742854e+17 2.9170986763568704e+17 2.790729247605761e+17 2.600159201296321e+17
9210.001290292628 6.113817015978397e+17 5.905083986067667e+17 5.682169075567855e+17 5.4426133311334394e+17 5.1834086412767456e+17 4.900525146470883e+17 4.5889493422102624e+17 4.420417157870433e+17 4.2419775985759763e+17 4.052278707364255e+17 3.9322125558758637e+17 3.8491395338431514e+17 3.7191732254476294e+17 3.6281885031957766e+17 3.4829947630969446e+17 3.3781154702128646e+17 3.322291710573125e+17 3.2635292468907974e+17 3.2010652341250854e+17 3.133795692780563e+17 3.06002476886449e+17 2.8792416511260243e+17 2.755134533067585e+17 2.567014399920131e+17
9230.001293094569 5.898232522020948e+17 5.727061521922018e+17 5.5405003690278784e+17 5.3356735473562195e+17 5.108854330089355e+17 4.855464353565302e+17 4.569467142057687e+17 4.4118718924728314e+17 4.242938953082572e+17 4.061023243346317e+17 3.944721961620169e+17 3.8637471875885946e+17 3.736278021571384e+17 3.646519473453009e+17 3.502513558470071e+17 3.398023366348505e+17 3.342284127406661e+17 3.2835439311928934e+17 3.2210499055565184e+17 3.153709541969918e+17 3.0798484302068294e+17 2.899004983081497e+17 2.7751767414730208e+17 2.5881848805891997e+17
9250.001295896509 6.047409330760401e+17 5.846374743000072e+17 5.631118027559223e+17 5.399203720202474e+17 5.147653900083926e+17 4.872429594109435e+17 4.568418475208333e+17 4.403598049175821e+17 4.228818181796681e+17 4.042667107593833e+17 3.9246543229989254e+17 3.8429284958073e+17 3.714901063176469e+17 3.625174955086e+17 3.481805603945728e+17 3.3781132686312595e+17 3.322880361994967e+17 3.2647164874491264e+17 3.202865933847764e+17 3.1362398597690214e+17 3.063169580894854e+17 2.884202157136389e+17 2.761554960278598e+17 2.576137057436744e+17
9270.001298698447 6.16123937661467e+17 5.951169923838163e+17 5.7273542069469446e+17 5.4870995570116966e+17 5.2273201960086266e+17 4.943794375872407e+17 4.6311214562874355e+17 4.46173787816854e+17 4.282179966940431e+17 4.091015814741138e+17 3.9698833679521926e+17 3.886031106475586e+17 3.754780859333127e+17 3.6628800547023354e+17 3.5162486374429875e+17 3.4103910168930746e+17 3.3540832161054336e+17 3.294852871641032e+17 3.231947277327205e+17 3.164286219305684e+17 3.090214484217702e+17 2.9094774297487994e+17 2.7862282770021098e+17 2.6007832807950774e+17
9290.001301500388 6.17830535217893e+17 5.963184296811578e+17 5.734399589011092e+17 5.489447986361202e+17 5.225362437949303e+17 4.937962376298159e+17 4.621985435025578e+17 4.4511997982390195e+17 4.270443304803043e+17 4.0783419726073946e+17 3.956799784154605e+17 3.8727570510408845e+17 3.7413382715467085e+17 3.6494201362867437e+17 3.502901734689865e+17 3.397221075696953e+17 3.341034595278535e+17 3.281942910190637e+17 3.2191971069157914e+17 3.1517108552344365e+17 3.077823368698363e+17 2.8974117287159936e+17 2.7742099430248163e+17 2.588509212658685e+17
9310.001304302328 6.220303486459306e+17 6.004894628438236e+17 5.775722180854766e+17 5.5303954997474144e+17 5.265663927273759e+17 4.9772958680025574e+17 4.65976007677142e+17 4.487943195614268e+17 4.3059612289788474e+17 4.112413496018266e+17 3.989887212680667e+17 3.905124374525142e+17 3.772569668510438e+17 3.679843245302943e+17 3.5320690751262144e+17 3.425531492776911e+17 3.368917001504329e+17 3.309404507574691e+17 3.2462536269258234e+17 3.1783926294561926e+17 3.10418722793761e+17 2.9235663236465626e+17 2.80082343982976e+17 2.616846170286259e+17
9330.001307104258 6.188135091424266e+17 5.974960705283982e+17 5.748195286692484e+17 5.505532299597882e+17 5.2435587564893664e+17 4.958184126305921e+17 4.643942883265288e+17 4.473834168878583e+17 4.2935929711008877e+17 4.101820367085357e+17 3.9803831832260346e+17 3.896359225090697e+17 3.7648974393248045e+17 3.672902503207435e+17 3.5262489235369856e+17 3.4204816742781926e+17 3.364263825012373e+17 3.3051611098412634e+17 3.2424349653058995e+17 3.1750258554456314e+17 3.1013103967343744e+17 2.921891123906051e+17 2.799999082280384e+17 2.617371567118772e+17
9350.001309906198 6.165370473125609e+17 5.95289714657208e+17 5.727059320858383e+17 5.485238563310844e+17 5.2242973189896704e+17 4.9400380625003603e+17 4.62697066814217e+17 4.457489531444096e+17 4.2778893443004486e+17 4.086761837147928e+17 3.965698558148397e+17 3.8819206888696595e+17 3.7508479969844474e+17 3.659120831825298e+17 3.51284819924669e+17 3.4073385487107424e+17 3.351248517026737e+17 3.2922694290529056e+17 3.2296643126313894e+17 3.162364936520836e+17 3.088741737548822e+17 2.9093766742170266e+17 2.7873377017131027e+17 2.6041301362763792e+17
9370.001312708138 6.141497289866328e+17 5.930356648036696e+17 5.705684852360886e+17 5.465326057569158e+17 5.2060103185987526e+17 4.9234899990258976e+17 4.6122547256654464e+17 4.4437289638893805e+17 4.2650942624291974e+17 4.074929733709718e+17 3.9544364559320205e+17 3.871024040836509e+17 3.7404839788287974e+17 3.649095011582566e+17 3.503327440582145e+17 3.398139627324726e+17 3.342210580458585e+17 3.2833930384664294e+17 3.220951663626933e+17 3.153820236914119e+17 3.0803732367350886e+17 2.901426136653627e+17 2.7796821351039258e+17 2.596972078460252e+17
9390.001315510079 6.12792427851945e+17 5.916440579168867e+17 5.691507280070987e+17 5.4506056805186726e+17 5.1906326961869754e+17 4.907465046569586e+17 4.5956921788656845e+17 4.426990618575154e+17 4.248366412554787e+17 4.058369129088834e+17 3.938101256249504e+17 3.8548955977288806e+17 3.724761173055817e+17 3.6337032643963514e+17 3.4885407718129894e+17 3.3838344193685715e+17 3.328170505589337e+17 3.2696352917406765e+17 3.207491148876314e+17 3.1406674195075014e+17 3.067525877461515e+17 2.889019674892327e+17 2.767136524090022e+17 2.583240999641299e+17
9410.001318312019 5.869137404695846e+17 5.6745227995672915e+17 5.4673574393662163e+17 5.2452155107205856e+17 5.005260874610776e+17 4.7436099009985235e+17 4.4551421589657536e+17 4.298787325510069e+17 4.1329168725723974e+17 3.956102584753917e+17 3.843880758787769e+17 3.7660819103615974e+17 3.64408408250397e+17 3.558462119446703e+17 3.421426940060602e+17 3.322129133415869e+17 3.269174748348454e+17 3.2133607251868454e+17 3.153952799720257e+17 3.0898954866652256e+17 3.0195652339112365e+17 2.8469401432678995e+17 2.7282857533667965e+17 2.5482258225119104e+17
9430.00132111396 6.046251321983247e+17 5.840107292077883e+17 5.6207194219332365e+17 5.385685660086094e+17 5.131899005336569e+17 4.855255424865058e+17 4.550418531772176e+17 4.3853667159410694e+17 4.2104442113321734e+17 4.02424776236629e+17 3.906269414448955e+17 3.8246130092403085e+17 3.696786852349593e+17 3.6072825008597344e+17 3.464464118530013e+17 3.3613422297771974e+17 3.306480036940264e+17 3.248757936259021e+17 3.187436599857827e+17 3.1214521408495814e+17 3.0491671755941536e+17 2.872450971835631e+17 2.751527826664649e+17 2.5687103603283763e+17
9450.001323915889 5.970547684860314e+17 5.766754371584095e+17 5.5501080447676346e+17 5.318297207216737e+17 5.068319789305149e+17 4.7962887081934163e+17 4.497085635229076e+17 4.3352517354106304e+17 4.1638588086415866e+17 3.981511644271049e+17 3.8660022797318925e+17 3.786046740504129e+17 3.660870929759433e+17 3.573186911415338e+17 3.4331824863239315e+17 3.331996396861286e+17 3.278124653224827e+17 3.2214083047782637e+17 3.161112644584716e+17 3.0961744634023885e+17 3.0249606051404595e+17 2.8504622436557632e+17 2.7306764595858138e+17 2.5489945563070262e+17
9470.00132671783 6.081388438453281e+17 5.873173492882708e+17 5.651666871482247e+17 5.414307176243573e+17 5.1580212931522976e+17 4.8786257732068614e+17 4.5707742512126554e+17 4.404095286795253e+17 4.2274720269897894e+17 4.039493240441703e+17 3.9204475556165805e+17 3.8380587377321626e+17 3.709179961449216e+17 3.6189904252949434e+17 3.4751962829499194e+17 3.3714838009364576e+17 3.316351481873718e+17 3.258380448426501e+17 3.196840627270416e+17 3.1306782824746016e+17 3.0582778255063296e+17 2.88169474359594e+17 2.761261085166604e+17 2.5798267529168464e+17
9490.001329519768 6.096622817218981e+17 5.888319835038007e+17 5.666362175167709e+17 5.4283067014083725e+17 5.170899153855887e+17 4.8900776220271725e+17 4.5803866845372e+17 4.412513435804814e+17 4.2345795714893677e+17 4.0451552708996986e+17 3.925178880062287e+17 3.842154739268953e+17 3.712298233412064e+17 3.62145444376964e+17 3.476675914782362e+17 3.3723099479176723e+17 3.3168565139657875e+17 3.25856591500046e+17 3.196712822536464e+17 3.13023956806736e+17 3.057528508634891e+17 2.8802963145278435e+17 2.7594507470387562e+17 2.5772839143275142e+17
9510.001332321708 6.059244933384099e+17 5.854859754444251e+17 5.6370178522233856e+17 5.403045885020978e+17 5.149983908433e+17 4.873790503668201e+17 4.569024679168951e+17 4.4037903913715405e+17 4.2285810665489914e+17 4.041950461964229e+17 3.9236747016953286e+17 3.8417943289036326e+17 3.713641479113393e+17 3.623930196898421e+17 3.480858214672614e+17 3.377646465068365e+17 3.322783767001369e+17 3.2651008504515866e+17 3.203880066118961e+17 3.138082792236773e+17 3.066121320444652e+17 2.890902640945288e+17 2.7717482604166173e+17 2.592894097492603e+17
9530.001335123648 5.998727098380951e+17 5.802202007941548e+17 5.591169794112901e+17 5.3633206692263846e+17 5.115444397457286e+17 4.8436541258332224e+17 4.54283652646555e+17 4.379444016425605e+17 4.2060305233491494e+17 4.0211734069461715e+17 3.903961462098844e+17 3.822791920045282e+17 3.6957165834301434e+17 3.6067336572067155e+17 3.464773963018284e+17 3.362319981875855e+17 3.3078396570001306e+17 3.2505423517218003e+17 3.1897079833807904e+17 3.12429862630297e+17 3.052719361189637e+17 2.87822418778828e+17 2.7593847862819562e+17 2.5807971747539302e+17
9550.001337925589 5.719865478613591e+17 5.56252804467908e+17 5.390110218145093e+17 5.199932020170792e+17 4.988426049786668e+17 4.750825784082328e+17 4.4810473293101523e+17 4.331671865775324e+17 4.170975655416709e+17 3.997287038366054e+17 3.8858935743609926e+17 3.8081978920487725e+17 3.685670667258277e+17 3.59925558662127e+17 3.4604320427406765e+17 3.359620100844931e+17 3.305839096615335e+17 3.249170150108571e+17 3.188902067565355e+17 3.124008529939825e+17 3.0529127297624864e+17 2.879374449881497e+17 2.7611034238971197e+17 2.5833131103378432e+17
9570.001340727518 5.96338666463901e+17 5.767596811067578e+17 5.557996960184118e+17 5.332133358126822e+17 5.086783235636114e+17 4.8181359972887104e+17 4.52094480089082e+17 4.359592841579457e+17 4.1882869913160774e+17 4.005663946502955e+17 3.8898347663995117e+17 3.8095954154427744e+17 3.683924736284644e+17 3.5958836907476294e+17 3.455356833359574e+17 3.353883425695614e+17 3.299910163786626e+17 3.2431374514415635e+17 3.1828540740280685e+17 3.118031578982411e+17 3.0470986588575674e+17 2.8742261880332464e+17 2.7565524112542707e+17 2.579774784142186e+17
9590.001343529459 6.029352231430784e+17 5.827643851904036e+17 5.6122343643725984e+17 5.381052261556354e+17 5.1307645508677894e+17 4.857244088414299e+17 4.555073543117419e+17 4.391058375894039e+17 4.2169892625935e+17 4.03143782609756e+17 3.913760177659384e+17 3.832278925313751e+17 3.704709423894866e+17 3.61539216974931e+17 3.4729522124693184e+17 3.370218511146242e+17 3.3156203244538054e+17 3.258228540342541e+17 3.197334841708448e+17 3.131914631145953e+17 3.060401849742036e+17 2.886486649250826e+17 2.7684385345197005e+17 2.591611474324713e+17
9610.001346331397 5.960023952901622e+17 5.761725028647784e+17 5.5506389588164096e+17 5.324055621521021e+17 5.079012159077776e+17 4.811397737563997e+17 4.5158184696374726e+17 4.355359692482899e+17 4.1850215975713894e+17 4.003336050046034e+17 3.888014823645818e+17 3.8081086696152045e+17 3.682895686753783e+17 3.595148482835016e+17 3.455022056625588e+17 3.3538078004322586e+17 3.299968304949935e+17 3.243334735165874e+17 3.183202741392016e+17 3.118547286943138e+17 3.047809803184984e+17 2.8754976324454403e+17 2.7582963905028048e+17 2.5823742797416934e+17
9630.00134913334 5.912348181102744e+17 5.716734335549899e+17 5.508476358292516e+17 5.284974046154156e+17 5.043178138475144e+17 4.7790006015551635e+17 4.4871133763030086e+17 4.328640502720543e+17 4.160379859697367e+17 3.9808106039093376e+17 3.8668216770875584e+17 3.787814592782785e+17 3.663980855707163e+17 3.5771698098861325e+17 3.43850970344036e+17 3.338318988102614e+17 3.285006565852552e+17 3.22891492089293e+17 3.1693401757130074e+17 3.1052640087426e+17 3.035129067770076e+17 2.864128428996512e+17 2.7476713746398294e+17 2.5726278378420787e+17
9650.001351935278 5.893124619862835e+17 5.696902473292843e+17 5.4881643250541754e+17 5.264257379611369e+17 5.0222787768842035e+17 4.758212697328495e+17 4.466683304731907e+17 4.3084529504631974e+17 4.1404789473337286e+17 3.9613108406761914e+17 3.847574618421838e+17 3.768754506490651e+17 3.64524324833913e+17 3.5586614808677734e+17 3.4203668968040966e+17 3.320436336576642e+17 3.2672557620898534e+17 3.2112954632561946e+17 3.151851654882017e+17 3.087902728557385e+17 3.0178896574167315e+17 2.8470876013643008e+17 2.7306719963575194e+17 2.555528147160148e+17
9670.001354737218 5.864924658406634e+17 5.6706208110588883e+17 5.463667506057646e+17 5.24172105241385e+17 5.0017534514768154e+17 4.739816173367523e+17 4.45056479631221e+17 4.293616806486406e+17 4.127020169592845e+17 3.949311998443893e+17 3.836513246124785e+17 3.758336212893061e+17 3.635820617827831e+17 3.549924378007164e+17 3.4126889375999494e+17 3.313491930612215e+17 3.260690539970914e+17 3.205122456274842e+17 3.1460831255881626e+17 3.082556278743364e+17 3.012987020204599e+17 2.843150489455198e+17 2.7272510078701594e+17 2.552580188786365e+17
9690.001357539148 5.929326828799109e+17 5.733850912573534e+17 5.5254437748297574e+17 5.301662504836329e+17 5.059152946784365e+17 4.794023899303049e+17 4.500742458627641e+17 4.3413240418767904e+17 4.171904498547593e+17 3.990994575395905e+17 3.8761011857807546e+17 3.796443344295426e+17 3.671594242297164e+17 3.584069534391077e+17 3.444290787039368e+17 3.3433360865984224e+17 3.289639824589668e+17 3.2331682336197677e+17 3.173217301313818e+17 3.108778091324613e+17 3.0383024105516275e+17 2.8667685786533334e+17 2.750201260910477e+17 2.5752632159320006e+17
9710.001360341088 5.919840522102877e+17 5.722346855497714e+17 5.511973538398144e+17 5.286501513890545e+17 5.042807926537798e+17 4.776794628518694e+17 4.483083673530545e+17 4.3236917253214906e+17 4.154476562563066e+17 3.9740263868459315e+17 3.85952022452119e+17 3.780188925041566e+17 3.655916553470787e+17 3.5688492187575206e+17 3.429883058758885e+17 3.329556622588141e+17 3.276206018511978e+17 3.2200996232126445e+17 3.1605386468797766e+17 3.096514881364203e+17 3.026485712483616e+17 2.8559718411790515e+17 2.7400301411761702e+17 2.5659439919271645e+17
9730.001363143028 5.915509860596474e+17 5.7188379196605235e+17 5.5093996144598765e+17 5.2847940031658995e+17 5.041850524566821e+17 4.7766304097885536e+17 4.483571593093966e+17 4.324453627458165e+17 4.1554736788198304e+17 3.975147143186097e+17 3.8606783997739104e+17 3.781346445007293e+17 3.6570650304388506e+17 3.569987064459175e+17 3.430987081099656e+17 3.330646223876607e+17 3.277290911365752e+17 3.221186652473009e+17 3.161636529591616e+17 3.097634138531915e+17 3.027645437662512e+17 2.857347553524051e+17 2.7416994937931008e+17 2.5683666095514282e+17
9750.001365944969 5.845423294291958e+17 5.653040490696648e+17 5.4480283897271744e+17 5.228237342777013e+17 4.9904172639123846e+17 4.73065016227324e+17 4.443490194580299e+17 4.287504015039498e+17 4.121769653625505e+17 3.944853235398839e+17 3.8324812192673235e+17 3.7545691116203866e+17 3.632423989003772e+17 3.546773943114738e+17 3.4099253826119866e+17 3.3110254221237165e+17 3.258395713743862e+17 3.2030239604267744e+17 3.144214082193647e+17 3.080967344726303e+17 3.0117527326588077e+17 2.8430873946697917e+17 2.728323219452451e+17 2.5559710223996435e+17
9770.001368746907 5.867405855756224e+17 5.673275134805461e+17 5.466496128170576e+17 5.244806938418126e+17 5.005059170942025e+17 4.7433147676235814e+17 4.4541699348599866e+17 4.2971938871158336e+17 4.1304651373985216e+17 3.952552179179228e+17 3.839607380668194e+17 3.7613231278672045e+17 3.63866878192794e+17 3.5527012208675475e+17 3.4154578380701e+17 3.316353984859895e+17 3.263648776424942e+17 3.20822030780317e+17 3.149376900767633e+17 3.086122861068082e+17 3.016938098387969e+17 2.8485171881941248e+17 2.734064174906903e+17 2.5623818930629866e+17
9790.001371548848 5.821334779864522e+17 5.6282920121109875e+17 5.422732226047163e+17 5.2025249022107494e+17 4.9647871430127814e+17 4.705438323037586e+17 4.4192819143091206e+17 4.264062558117308e+17 4.099280149908615e+17 3.9235375547146477e+17 3.81198485648173e+17 3.734677480504045e+17 3.613516203122133e+17 3.528581562924783e+17 3.392907698326386e+17 3.2948612069472685e+17 3.242686227321737e+17 3.18778543119073e+17 3.1294695031934976e+17 3.06673934783828e+17 2.998070000154638e+17 2.830604207053828e+17 2.7165275240096506e+17 2.5450031047225622e+17
9810.001374350779 5.882352999053889e+17 5.688774501004448e+17 5.4825901051338656e+17 5.2613164937937856e+17 5.021817682273016e+17 4.759866616004251e+17 4.4699858320393965e+17 4.312397061331258e+17 4.144830007897415e+17 3.9658859096790554e+17 3.852204370513903e+17 3.7734005598518854e+17 3.649899485989556e+17 3.563352963334798e+17 3.4252216636611117e+17 3.3255361292066304e+17 3.2725504866590496e+17 3.2168505896416966e+17 3.157756181405991e+17 3.094279837937962e+17 3.024916891399059e+17 2.8564215449283997e+17 2.7422600854242218e+17 2.5715318650581043e+17
9830.001377152717 5.850036097279731e+17 5.658111238737212e+17 5.45359453952895e+17 5.234032239187907e+17 4.996439044007539e+17 4.7368369811984723e+17 4.4497364393952557e+17 4.293697152989491e+17 4.1278939166832544e+17 3.950876677910879e+17 3.838426037327725e+17 3.7604780372388275e+17 3.638312092650431e+17 3.552696333223747e+17 3.4159935368724115e+17 3.3173033352119565e+17 3.2648305329117446e+17 3.209658157859816e+17 3.151108543162803e+17 3.0882020907211674e+17 3.0194434367337734e+17 2.8523277675131552e+17 2.7390379663970595e+17 2.5695630439422662e+17
9850.00137995466 5.858103186134627e+17 5.667003256761737e+17 5.463239680596441e+17 5.2443803422863014e+17 5.007413391824133e+17 4.7479961953704115e+17 4.4606577591300365e+17 4.304300504475395e+17 4.137977600465276e+17 3.960231645145812e+17 3.8472612916748045e+17 3.7689172327082406e+17 3.64608281218489e+17 3.559971707258211e+17 3.422477971081121e+17 3.323230105751013e+17 3.270471326715337e+17 3.2150107700882214e+17 3.1561709413063725e+17 3.0929759284423194e+17 3.023935109332022e+17 2.856335316460377e+17 2.7429147764709002e+17 2.5735394111796582e+17
9870.001382756598 5.811148577554602e+17 5.6228791724154874e+17 5.421899354265949e+17 5.2061454481385805e+17 4.972518473896561e+17 4.716839939195887e+17 4.433601139681777e+17 4.279422860080626e+17 4.115397541297598e+17 3.940023714125818e+17 3.828513552252253e+17 3.751153220701358e+17 3.62982440852482e+17 3.5447181201491085e+17 3.4087577422852154e+17 3.310542231959535e+17 3.258305062668165e+17 3.2033732922224525e+17 3.145071236515501e+17 3.082425582721894e+17 3.013953592864157e+17 2.8476148618850336e+17 2.7349899079796957e+17 2.566816727535332e+17
9890.001385558538 5.799564146365087e+17 5.612976738321517e+17 5.413827298492945e+17 5.19996752999276e+17 4.968071958470243e+17 4.714021302344014e+17 4.4324590582104614e+17 4.279124458634481e+17 4.1158731261663584e+17 3.9411911680268326e+17 3.83005984653992e+17 3.752915256428404e+17 3.631887911662773e+17 3.54695670879468e+17 3.411224839106922e+17 3.3131538672414195e+17 3.2609865430154976e+17 3.2061257993775936e+17 3.147900172377492e+17 3.085341255821564e+17 3.016975292907214e+17 2.8509996923989898e+17 2.7387612849231824e+17 2.571452772419732e+17
9910.001388360479 5.762953209141735e+17 5.577768058800361e+17 5.3802918458677997e+17 5.168069747318547e+17 4.937906130614128e+17 4.685987083288617e+17 4.406764283222994e+17 4.254709854752485e+17 4.092877992476135e+17 3.919788464845185e+17 3.8096674450257517e+17 3.7332381955332294e+17 3.61331431924423e+17 3.529161412993055e+17 3.394633641135842e+17 3.2973897484764243e+17 3.2456488206408557e+17 3.191219993742656e+17 3.133435257022659e+17 3.071322175696723e+17 3.003407724519233e+17 2.838296365432195e+17 2.726383290209429e+17 2.5590703558950134e+17
9930.001391162408 5.827664094619493e+17 5.6392419976052224e+17 5.438289288535763e+17 5.222120580804397e+17 4.9877077352276096e+17 4.731013090396657e+17 4.446338689432716e+17 4.291285577418538e+17 4.1262194791448845e+17 3.9496626783053894e+17 3.8373703377408474e+17 3.75946765410101e+17 3.637292781699459e+17 3.551632677577301e+17 3.4148519684536864e+17 3.3161334732211194e+17 3.263664731480164e+17 3.2085211062762285e+17 3.15003349816696e+17 3.087239574729952e+17 3.0186741122230624e+17 2.8524714865134714e+17 2.7402800645853654e+17 2.5732835366368573e+17
9950.001393964349 5.809042842464003e+17 5.6214020046842304e+17 5.42111816059832e+17 5.20582589989303e+17 4.972381172965302e+17 4.7165596153156934e+17 4.432948740054831e+17 4.278446195008037e+17 4.113980462232509e+17 3.938070365573248e+17 3.826193965095389e+17 3.7485806886794445e+17 3.626863632413403e+17 3.5415178670494515e+17 3.405244850103429e+17 3.3068847591553734e+17 3.254603791357116e+17 3.199655230001793e+17 3.141372600238525e+17 3.078793948287631e+17 3.0104565421340666e+17 2.8447414630705232e+17 2.7327878485932365e+17 2.5659219823111027e+17
9970.001396766289 5.800950226058134e+17 5.614425038507485e+17 5.415045094768223e+17 5.200741915741518e+17 4.968234737581738e+17 4.713561898396446e+17 4.431082494633762e+17 4.277136337701695e+17 4.1132646143488544e+17 3.937907033304074e+17 3.826353791428465e+17 3.748955527619362e+17 3.627542126991534e+17 3.542392226745382e+17 3.4064080928054803e+17 3.308246494091942e+17 3.2560689177143763e+17 3.201228010499039e+17 3.1430611692747104e+17 3.0806110438579584e+17 3.012425085654426e+17 2.847174038072938e+17 2.735666927830002e+17 2.5697494841410342e+17
9990.001399568227 5.7802712185604e+17 5.5947109104313414e+17 5.396655822362424e+17 5.183685257944677e+17 4.9526309310096736e+17 4.69946191889925e+17 4.418675951682517e+17 4.2656891378980134e+17 4.102820491563017e+17 3.92852891263199e+17 3.81764547117239e+17 3.740692222038009e+17 3.6199832313280877e+17 3.5353233983872954e+17 3.4001059002451155e+17 3.302487387993502e+17 3.250596425896809e+17 3.1960509723070426e+17 3.138195006817618e+17 3.07607620300448e+17 3.008246966049245e+17 2.8438604900456422e+17 2.7329550752426797e+17 2.5680061167810595e+17
10025.001404471599 5.7143941230965446e+17 5.53880132626598e+17 5.3499789736044634e+17 5.145252368482991e+17 4.921590602150036e+17 4.6746967217442586e+17 4.3990109124808614e+17 4.248128364230388e+17 4.0870665355735974e+17 3.9142898101991616e+17 3.8041685095802694e+17 3.7276695316274854e+17 3.6075696810923994e+17 3.52326881013625e+17 3.388546362086187e+17 3.2912381615223046e+17 3.2395026523530336e+17 3.1851164083155354e+17 3.1274230255111296e+17 3.0654738791029254e+17 2.997822989478706e+17 2.8338276481662077e+17 2.723142316527134e+17 2.558435556881214e+17
10075.001411476498 5.607203431935924e+17 5.441448270681169e+17 5.262681407747568e+17 5.068373371041731e+17 4.855203612673476e+17 4.619010603757895e+17 4.3541739658215514e+17 4.208738241151331e+17 4.053041677000567e+17 3.8854968124348634e+17 3.778397478194497e+17 3.703854112699185e+17 3.586583388255051e+17 3.504074759551658e+17 3.371894945506291e+17 3.2761998105431194e+17 3.2252524711864006e+17 3.171649218983219e+17 3.1147374583325696e+17 3.053580423366476e+17 2.9867458830987136e+17 2.8245783499730515e+17 2.7150547786202266e+17 2.552035803106414e+17
10125.001418481299 5.678405926485859e+17 5.499043604442129e+17 5.3074353242887245e+17 5.1012648322037485e+17 4.8774366047431104e+17 4.6316702283893894e+17 4.3586574872871034e+17 4.209632753079137e+17 4.050739195969565e+17 3.8804800622838694e+17 3.772037542509836e+17 3.696710993918349e+17 3.5784833266702144e+17 3.4954940618090854e+17 3.362876601364837e+17 3.267084585345681e+17 3.2161528292035e+17 3.162610501978611e+17 3.105807945760329e+17 3.044812780913672e+17 2.9782060941198106e+17 2.8167919795696822e+17 2.7079508217775712e+17 2.5462568804684986e+17
10175.001425486198 5.5948648951356704e+17 5.418859554081348e+17 5.231048587629668e+17 5.029084103646908e+17 4.809888022422009e+17 4.5696619007186534e+17 4.302970494748553e+17 4.1575038724856646e+17 4.002467909454885e+17 3.836358263635281e+17 3.730536969014694e+17 3.65703700157917e+17 3.5416188551297574e+17 3.46056763976787e+17 3.3309409794376966e+17 3.2372117811456064e+17 3.1873355968506874e+17 3.134872344976781e+17 3.079176496712633e+17 3.019320037672841e+17 2.9538929109632646e+17 2.7950228109374387e+17 2.6876151594402678e+17 2.527637304147671e+17
10225.001432490999 5.604797074883192e+17 5.4282358498462694e+17 5.239660509037637e+17 5.036975818508287e+17 4.81721938167539e+17 4.5761529618059475e+17 4.308286126039442e+17 4.16217560868127e+17 4.006359623093689e+17 3.8394058063869434e+17 3.733024215953969e+17 3.659137028844402e+17 3.543122989934979e+17 3.461682820046181e+17 3.3314997972246016e+17 3.237446226785787e+17 3.187428256766646e+17 3.134841118781293e+17 3.0790461902768954e+17 3.019123998100415e+17 2.9536796383282246e+17 2.7950596063172106e+17 2.6881024623670666e+17 2.529248733562133e+17
10275.001439495898 5.6101829173318886e+17 5.433919607091905e+17 5.245562460585929e+17 5.043110264849242e+17 4.8231710067596256e+17 4.581847929163727e+17 4.313546906822653e+17 4.1669949453042285e+17 4.010642012839324e+17 3.842972573777651e+17 3.73611025998247e+17 3.66186871264283e+17 3.54531363580903e+17 3.46350146311641e+17 3.332761949986819e+17 3.238365208026883e+17 3.188193255437655e+17 3.135465238230605e+17 3.0795484949298074e+17 3.0195317172157485e+17 2.954032135526271e+17 2.7955323681221232e+17 2.6888991133663014e+17 2.5309034976908954e+17
10325.001446500699 5.521347919769328e+17 5.349110675140598e+17 5.1652612654140685e+17 4.967474326044991e+17 4.752712996881414e+17 4.517055097348633e+17 4.2550243644048314e+17 4.1119192973724634e+17 3.95920339349983e+17 3.795413067202426e+17 3.690995630153786e+17 3.61841933892828e+17 3.504417384656657e+17 3.4243365309545024e+17 3.296271082108781e+17 3.203706411261821e+17 3.1544662012850963e+17 3.102687500565025e+17 3.04773855863108e+17 2.98871373130128e+17 2.924237383624379e+17 2.767924330886527e+17 2.6625154602297434e+17 2.50599102176872e+17
10375.001453505498 5.4974777378256915e+17 5.326696217401055e+17 5.144282277404589e+17 4.947906777603978e+17 4.73463104718955e+17 4.5005477635322445e+17 4.2402099120329875e+17 4.0979739274748026e+17 3.9461730133809517e+17 3.7833134496157523e+17 3.679461440558088e+17 3.607272777827877e+17 3.493875734878784e+17 3.414223463386031e+17 3.286847105972743e+17 3.194791316763138e+17 3.1458304744498086e+17 3.094348873948899e+17 3.0397205671058816e+17 2.981048434718944e+17 2.9169683867834643e+17 2.7616811378512995e+17 2.6570375064896906e+17 2.5017929595658723e+17
10425.001460510399 5.5018756919229875e+17 5.331457905371765e+17 5.149357603944233e+17 4.9531434630661626e+17 4.740044900922831e+17 4.5059022682939e+17 4.2452922738083264e+17 4.102796420773565e+17 3.9506517788876346e+17 3.78735698798056e+17 3.6831958430932134e+17 3.6107938931828346e+17 3.497052456573436e+17 3.417173115339123e+17 3.289469063657878e+17 3.197217990012315e+17 3.1481750673278483e+17 3.096628310360372e+17 3.041957719674976e+17 2.983272658259087e+17 2.919221376322452e+17 2.764223515222129e+17 2.6599688554948925e+17 2.505564721228492e+17
10475.0014675152 5.416204615734552e+17 5.251212547760379e+17 5.074985303305264e+17 4.8848756451044755e+17 4.678229087863603e+17 4.4509227853331846e+17 4.197704870546797e+17 4.0591094974337446e+17 3.910991585850022e+17 3.751806030241603e+17 3.6501444980650944e+17 3.5794132214165606e+17 3.4681904114550854e+17 3.389981736342313e+17 3.26478527565775e+17 3.1742205424350925e+17 3.1260261974499424e+17 3.0753367658239277e+17 3.0215393843700045e+17 2.963747637779195e+17 2.9006249785240954e+17 2.747690573131966e+17 2.6447179416663226e+17 2.4921645018108077e+17
10525.001474520097 5.430369053254844e+17 5.2644300302996966e+17 5.08679668695244e+17 4.8954382912677037e+17 4.687276013704507e+17 4.458352123181125e+17 4.2031849255681325e+17 4.063527263021099e+17 3.914254836687442e+17 3.753849879298799e+17 3.651427808359427e+17 3.580181698197168e+17 3.468200830875515e+17 3.389495816625362e+17 3.263611399485651e+17 3.1726372649503085e+17 3.124258484488948e+17 3.0734078689199475e+17 3.019468094283022e+17 2.961565545259885e+17 2.8983694217930995e+17 2.7454856302042486e+17 2.642730888127654e+17 2.4907302812269398e+17
10575.001481524898 5.378290677315612e+17 5.2147819906779386e+17 5.0400092094809485e+17 4.85155219332571e+17 4.6466259830728205e+17 4.420988920372885e+17 4.16943616766058e+17 4.0316804461980506e+17 3.884385589328446e+17 3.726087510859958e+17 3.62497759085404e+17 3.554635032280846e+17 3.444029852868771e+17 3.3662791279941306e+17 3.2418747989826726e+17 3.15193403510267e+17 3.1040945100534445e+17 3.05379525094025e+17 3.000430646276015e+17 2.943128770556272e+17 2.880569517360381e+17 2.7291510294934787e+17 2.627337698327256e+17 2.476710451435551e+17
10625.001488529797 5.3429805912260806e+17 5.1812561488575136e+17 5.008364490864799e+17 4.821762710432077e+17 4.618900714676413e+17 4.3956228772046355e+17 4.146485000556841e+17 4.010029949707306e+17 3.864085071109703e+17 3.707127124385059e+17 3.606830920706112e+17 3.537038695372107e+17 3.427272744050688e+17 3.3500861769288646e+17 3.22656668338346e+17 3.1372523582311814e+17 3.089745023965417e+17 3.0397944220511635e+17 2.9868001932674566e+17 2.929896727669506e+17 2.8677760215475034e+17 2.7174377206201632e+17 2.6163829730531344e+17 2.466946266453685e+17
10675.001495534598 5.220213802681067e+17 5.066072440597532e+17 4.900891012977664e+17 4.72259492940807e+17 4.52838279523566e+17 4.31441757620188e+17 4.075394227769884e+17 3.944327652784864e+17 3.804012952956821e+17 3.6529329421766995e+17 3.5562894655732986e+17 3.4889828806565376e+17 3.382994777086567e+17 3.308373986399756e+17 3.188761643515671e+17 3.102102404509429e+17 3.0559461184848704e+17 3.007368591978491e+17 2.955772484888326e+17 2.900306014689124e+17 2.8396671674691037e+17 2.692528126675507e+17 2.593294187022761e+17 2.446086428595316e+17
10725.001502539499 5.2531096817906074e+17 5.0961557155319315e+17 4.9278859590218074e+17 4.746598995769729e+17 4.5493034882320723e+17 4.332061677230093e+17 4.089652293066685e+17 3.9567602857485094e+17 3.814579076276856e+17 3.6616091715326483e+17 3.563829663805313e+17 3.495753789490858e+17 3.3886300526587366e+17 3.3132742260309254e+17 3.192618287717638e+17 3.105320006561361e+17 3.058867782421929e+17 3.010011125499656e+17 2.9581593251221357e+17 2.902463424452957e+17 2.8416329931006493e+17 2.6942872501617437e+17 2.5951203164557702e+17 2.4482801137463824e+17
10775.001509544298 5.2060046842623424e+17 5.05081147485537e+17 4.88461818568271e+17 4.705462963199914e+17 4.5105546806031334e+17 4.295975458302961e+17 4.0564961517703814e+17 3.925232067359819e+17 3.784739291800182e+17 3.6335336136460915e+17 3.536841314351831e+17 3.46951719186988e+17 3.3635411367598234e+17 3.288965231428473e+17 3.1695198196295264e+17 3.083072225566957e+17 3.037060441457932e+17 2.988660144061164e+17 2.937282543774798e+17 2.882084901085869e+17 2.8217848836814048e+17 2.6756685567080416e+17 2.5773024953405334e+17 2.4316583945690963e+17
10825.001516549199 5.111189412121758e+17 4.9603023453434797e+17 4.798942758423913e+17 4.624871718932236e+17 4.435508934812508e+17 4.2271396446265434e+17 3.99465979401258e+17 3.8672704985651757e+17 3.730973350743625e+17 3.584317605287476e+17 3.490504390093529e+17 3.425171824124257e+17 3.322309913240176e+17 3.2498778206876224e+17 3.133756074598717e+17 3.04960032052383e+17 3.004760175814816e+17 2.957557828794395e+17 2.9074075569136806e+17 2.8534726121568566e+17 2.794483245336866e+17 2.6512158227276794e+17 2.5544864972750998e+17 2.4108587120014595e+17
10875.001523553998 5.106841575843732e+17 4.9560357188320954e+17 4.7944990373833043e+17 4.6202686252278874e+17 4.4305186186587334e+17 4.2215379738097005e+17 3.9881878911729274e+17 3.8602681718219046e+17 3.7233473441184454e+17 3.575978147730855e+17 3.481707823073569e+17 3.416053697399736e+17 3.312700055564865e+17 3.239950098321663e+17 3.1233626316276717e+17 3.038930201872088e+17 2.993965062168823e+17 2.9466460449107085e+17 2.896387805732438e+17 2.8423542362816125e+17 2.7832707225478662e+17 2.6397870741111808e+17 2.54284738674891e+17 2.3986297189449136e+17
10925.001530558799 4.9932046679266714e+17 4.862178870075688e+17 4.719313010578257e+17 4.5622986844296544e+17 4.388155991433464e+17 4.1925723400529683e+17 3.9701024810732845e+17 3.846472361665323e+17 3.712908599975706e+17 3.5678761489915654e+17 3.474474330076381e+17 3.4091673446276134e+17 3.30595610161031e+17 3.23305307783742e+17 3.115883141006771e+17 3.030832897280188e+17 2.985495662813521e+17 2.937762616798355e+17 2.887045980456625e+17 2.832505786106086e+17 2.7728530407126538e+17 2.6278868693731565e+17 2.52980197514769e+17 2.3835467530930253e+17
10975.0015375637 4.9561978449612224e+17 4.8115174301633715e+17 4.655560991747078e+17 4.4864824367432064e+17 4.301466064564028e+17 4.097051062555188e+17 3.8684937185734176e+17 3.743174365246146e+17 3.609164695564256e+17 3.465131358250428e+17 3.373142692068381e+17 3.309157905550915e+17 3.208542384696125e+17 3.137804357919222e+17 3.0245400164569306e+17 2.942536617067151e+17 2.898850766286019e+17 2.852844213593533e+17 2.803921538027367e+17 2.751220728720079e+17 2.6934173021031958e+17 2.551803772381373e+17 2.454701105446252e+17 2.3076790342950746e+17
11025.001544568497 5.002815102261982e+17 4.850790921326682e+17 4.6879410183730176e+17 4.5122273608866336e+17 4.321152751625699e+17 4.111064072021204e+17 3.877203016075436e+17 3.749414237344753e+17 3.6130142547650477e+17 3.466701318897553e+17 3.373421189117219e+17 3.308602387638388e+17 3.206810825901916e+17 3.135326325082755e+17 3.0210353674830714e+17 2.938415797630601e+17 2.8944440936034835e+17 2.8481670304467437e+17 2.798991172931397e+17 2.7460531789640934e+17 2.688031772642596e+17 2.5460724909618653e+17 2.448895724702348e+17 2.3020252857535402e+17
11075.001551573398 5.022225961137334e+17 4.869505656051201e+17 4.706129709899138e+17 4.529865620789722e+17 4.338131368050877e+17 4.127353187774034e+17 3.8926394793821395e+17 3.7643167810956397e+17 3.6273206702664314e+17 3.480319708797488e+17 3.386568571728455e+17 3.32141740716488e+17 3.219089110814564e+17 3.147230981314444e+17 3.0323788614727296e+17 2.949397329490918e+17 2.9052583125400525e+17 2.8588317897887923e+17 2.8095307855476454e+17 2.7565081087641706e+17 2.6984699105004768e+17 2.5569224286933075e+17 2.4605048827825357e+17 2.315580891727135e+17
11125.001558578197 4.975976535164765e+17 4.826290949409145e+17 4.6661818935677203e+17 4.493463932362408e+17 4.3054290330641197e+17 4.098594831719811e+17 3.867960801793154e+17 3.741722593778693e+17 3.606778823547941e+17 3.4617717400718694e+17 3.369172476954614e+17 3.304774025232077e+17 3.20353900687959e+17 3.13240403174301e+17 3.018609107018498e+17 2.936339889217575e+17 2.89256669716646e+17 2.8465139449494886e+17 2.7976052439446736e+17 2.7449997835911014e+17 2.687418528856939e+17 2.5470355102042205e+17 2.4515049990458234e+17 2.3081199848506685e+17
11175.001565583098 4.957819321533788e+17 4.8106371744158906e+17 4.652863011260349e+17 4.48259622387393e+17 4.2972703463450144e+17 4.0932312892598976e+17 3.8653537745489824e+17 3.740437075447843e+17 3.606755106602254e+17 3.4628751295615546e+17 3.370876723991681e+17 3.306829064075796e+17 3.20606823505182e+17 3.1352060092837056e+17 3.02177986530926e+17 2.9397579564317235e+17 2.896117589747281e+17 2.8502136223473485e+17 2.8014787698563418e+17 2.7490861849995773e+17 2.6917845560097965e+17 2.552409047716189e+17 2.4579463051692467e+17 2.3168833294267005e+17
11225.001572587898 4.957118001414655e+17 4.809496052266524e+17 4.651352999633214e+17 4.480746929852803e+17 4.2949241872697274e+17 4.0902486476558246e+17 3.861721023759541e+17 3.7364362024429715e+17 3.602349092207667e+17 3.458076226499969e+17 3.365832028319432e+17 3.301631166810595e+17 3.2006532008256314e+17 3.129671564141802e+17 3.016118437731997e+17 2.9340615205878106e+17 2.890426294050869e+17 2.844545822635306e+17 2.795859053480125e+17 2.74354608721316e+17 2.686363144169385e+17 2.5474173821131267e+17 2.453345651495933e+17 2.3129526868967014e+17
11275.001579592797 4.853418832959613e+17 4.7119835928956525e+17 4.5603764078606394e+17 4.396633423049817e+17 4.2181346309231066e+17 4.021294457416138e+17 3.80122922499945e+17 3.680444259878216e+17 3.551023089127515e+17 3.411596194525378e+17 3.3223462265631565e+17 3.260180581552053e+17 3.16228084789674e+17 3.0933612228971706e+17 2.9829277719004186e+17 2.9029713895781056e+17 2.8603948745649392e+17 2.8155855646335654e+17 2.767983549433986e+17 2.7167809140058582e+17 2.6607449346732054e+17 2.5243038800609584e+17 2.431715748145662e+17 2.2932553170895712e+17
11325.001586597598 4.874016656525029e+17 4.7330472099808096e+17 4.58174859993541e+17 4.418122334997275e+17 4.2396295022763866e+17 4.0425347848051206e+17 3.821735648847387e+17 3.70032925636982e+17 3.5700899210437e+17 3.4295386984613075e+17 3.339460570025169e+17 3.2766552713225114e+17 3.177687722564607e+17 3.107988049116871e+17 2.996292666878072e+17 2.915453988051625e+17 2.872432165800513e+17 2.8271804741024643e+17 2.7791432460424947e+17 2.7275210582334614e+17 2.6710965328948403e+17 2.5341038020779907e+17 2.4415329508653123e+17 2.303714013759343e+17
11375.0015936025 4.838243279548252e+17 4.696891991021522e+17 4.54532611249016e+17 4.381625991927233e+17 4.2030431675108736e+17 4.0060778350031616e+17 3.7857169886619635e+17 3.6646924701603245e+17 3.5349599014558195e+17 3.3951264528939424e+17 3.305593374016252e+17 3.243211351606555e+17 3.144985151162033e+17 3.075855909168913e+17 2.965171666126388e+17 2.885121081581088e+17 2.8425348838943683e+17 2.7977464939102742e+17 2.750205070527166e+17 2.6991108571818186e+17 2.643245539676068e+17 2.5074400903855117e+17 2.415440219491154e+17 2.278019310798363e+17
11425.001600607298 4.789400394772855e+17 4.6518580659966925e+17 4.50440143576273e+17 4.344971609369556e+17 4.170865591198342e+17 3.978580686897085e+17 3.76311415302567e+17 3.6445699188032256e+17 3.517362176177877e+17 3.380007388849037e+17 3.291918624414065e+17 3.230486352293789e+17 3.133649892729332e+17 3.065419811162668e+17 2.956049134666129e+17 2.8768682547354422e+17 2.8347219004768234e+17 2.790384834531054e+17 2.743314581722409e+17 2.6927256847388778e+17 2.6374220841122618e+17 2.5031247264930077e+17 2.4123687827580768e+17 2.2772931652786432e+17
11475.0016076122 4.854591219788576e+17 4.714030154111836e+17 4.563051355359536e+17 4.399770303052297e+17 4.221537399000946e+17 4.0245183048441184e+17 3.8036021292067283e+17 3.682022585522192e+17 3.551440190657887e+17 3.41038614176367e+17 3.319930450622522e+17 3.2568517606708986e+17 3.1574595387661555e+17 3.087483817706417e+17 2.975464425439818e+17 2.8945235604271296e+17 2.8515110572550774e+17 2.8063134186517526e+17 2.7583961157153862e+17 2.7069749777884906e+17 2.650862727123455e+17 2.515091311010792e+17 2.4237819762362512e+17 2.2885709668529875e+17
11525.001614616996 4.8327017749746995e+17 4.693131023806428e+17 4.543565167698104e+17 4.3817421335183066e+17 4.2049415637812736e+17 4.00950277537255e+17 3.790174013768956e+17 3.6693593442158074e+17 3.539587004847233e+17 3.3993446111173805e+17 3.309373346026342e+17 3.2466138580859354e+17 3.1477090610194323e+17 3.0780682542155424e+17 2.9665743516321786e+17 2.8860160181989325e+17 2.8432057134500698e+17 2.798233093216867e+17 2.7505600964287357e+17 2.699415386224911e+17 2.6436237528671603e+17 2.508731080438361e+17 2.418106079072568e+17 2.2840355097648723e+17
11575.001621621797 4.7732034863010675e+17 4.636365242800122e+17 4.4895480494029024e+17 4.330728549057585e+17 4.1572567220906515e+17 3.9655326519467725e+17 3.750336585135129e+17 3.631805910235127e+17 3.504420464394194e+17 3.366706597612101e+17 3.2783194806599994e+17 3.216640951517435e+17 3.1193859239062483e+17 3.0508750657578285e+17 2.9411182239927315e+17 2.8617592477479478e+17 2.819569442966688e+17 2.7752292754269763e+17 2.7282090132519174e+17 2.6777409157802262e+17 2.6226606683471216e+17 2.4893641274738163e+17 2.399722385768961e+17 2.2670128546245267e+17
11625.001628626698 4.7034131510587866e+17 4.5709829489221414e+17 4.428397882673717e+17 4.274213663364328e+17 4.105567605853541e+17 3.918807834419883e+17 3.70885421303129e+17 3.593018968420473e+17 3.468362362547682e+17 3.3334284602154016e+17 3.246703898057817e+17 3.186130569576905e+17 3.090533536813245e+17 3.023127112068717e+17 2.915022365189275e+17 2.836775815422192e+17 2.7951494383588768e+17 2.7513814064733763e+17 2.7049484233914304e+17 2.6550871318322957e+17 2.6006400191397946e+17 2.4687602295545664e+17 2.3799878459588784e+17 2.2484581898697088e+17
11675.001635631497 4.695943933365849e+17 4.564886530068089e+17 4.42410546493061e+17 4.2713666941196384e+17 4.104130237995959e+17 3.918750876617865e+17 3.7099768245691315e+17 3.5946140901265856e+17 3.470337795160424e+17 3.33564133934553e+17 3.2489936229075546e+17 3.188439382908845e+17 3.0928162822730624e+17 3.0253563921533e+17 2.917127175736817e+17 2.838778959287298e+17 2.797100279897033e+17 2.7532872421092736e+17 2.7068178821926752e+17 2.6569354624396995e+17 2.6024951976936032e+17 2.470814791888437e+17 2.382361852609221e+17 2.2516163581768544e+17
11725.001642636398 4.751686703662378e+17 4.6174841899400256e+17 4.4730743220867654e+17 4.316739650892836e+17 4.145510521272621e+17 3.955645724274344e+17 3.741960593074558e+17 3.623883162349066e+17 3.4967340619823514e+17 3.3589609573249696e+17 3.270361847840359e+17 3.208468530725781e+17 3.1107897364467283e+17 3.0419356123606957e+17 2.9316369019569165e+17 2.8519421147154582e+17 2.8096106827972246e+17 2.765159927119484e+17 2.718077852954756e+17 2.667612504744678e+17 2.612632936032893e+17 2.4801299860486192e+17 2.3915775839457142e+17 2.2614187879455174e+17
11775.001649641197 4.638206646214945e+17 4.510647313911813e+17 4.3733401853799315e+17 4.2244289854476525e+17 4.061185959919347e+17 3.879964606664712e+17 3.675586744444932e+17 3.562439144605524e+17 3.440400977782195e+17 3.307862133463924e+17 3.222468371627004e+17 3.1627434965451405e+17 3.0683425733821504e+17 3.0016755105156934e+17 2.8946593126776384e+17 2.8171609560297005e+17 2.7759349383187786e+17 2.7325993216303504e+17 2.6866395069301094e+17 2.637317146283715e+17 2.583504411644723e+17 2.453469195580372e+17 2.3662824740682058e+17 2.2377471599601386e+17
11825.001656646098 4.6158493153216275e+17 4.487807492585749e+17 4.350512847584787e+17 4.201489857172497e+17 4.0383982762173555e+17 3.857484940578867e+17 3.6538068940593965e+17 3.54115691707329e+17 3.419771608677886e+17 3.288082510760494e+17 3.2033094881535744e+17 3.1440416802563283e+17 3.050393212549987e+17 2.9842901808172397e+17 2.8782266264221024e+17 2.8014503889748803e+17 2.7606153173693136e+17 2.7176960907422832e+17 2.672184342822138e+17 2.62334751465025e+17 2.5700694771925424e+17 2.4413371239221555e+17 2.355040787630125e+17 2.2278694040010973e+17
11875.001663650899 4.582357170537632e+17 4.4565292054656794e+17 4.3208644425618074e+17 4.173863289127604e+17 4.0126006658096384e+17 3.833709357428094e+17 3.6319484082209824e+17 3.5202649332365146e+17 3.3997672860840166e+17 3.2688840897852006e+17 3.184551057491315e+17 3.125544032429989e+17 3.032266469887185e+17 2.96638988926675e+17 2.8606332286930298e+17 2.7840523812768147e+17 2.7433183458005142e+17 2.7005013945164323e+17 2.6550996201935798e+17 2.6063812984853142e+17 2.553234627622588e+17 2.4248302760353037e+17 2.3387485716114333e+17 2.2118064208234822e+17
11925.001670655798 4.666401262137323e+17 4.53644308969755e+17 4.396588835168715e+17 4.244886148520738e+17 4.0785060390043034e+17 3.893889732726644e+17 3.6854569543784557e+17 3.56994972694401e+17 3.4453386589631706e+17 3.309941442143658e+17 3.2227037007885216e+17 3.1616852862225626e+17 3.065265615871931e+17 2.997234886417529e+17 2.888195368585569e+17 2.8094140897486035e+17 2.7675863423116483e+17 2.7236869365052496e+17 2.6772137595365312e+17 2.6274408753235798e+17 2.573268957155836e+17 2.4429947433549587e+17 2.356227637192188e+17 2.2292176288608067e+17
11975.001677660599 4.489339619890434e+17 4.3663900608527386e+17 4.233996899211025e+17 4.090600804410755e+17 3.9336364718053235e+17 3.7594758072437856e+17 3.5632140156778086e+17 3.4546404562653376e+17 3.337600082988745e+17 3.210542462378477e+17 3.128688263463844e+17 3.071440240751875e+17 2.9809345508912915e+17 2.9170099587951e+17 2.814361677598893e+17 2.7399961951526096e+17 2.7004239218271046e+17 2.6588122837626538e+17 2.6146639450204854e+17 2.567260388327263e+17 2.5155053678482422e+17 2.3902382263083306e+17 2.306045472759603e+17 2.181523344562276e+17
12025.001684665496 4.5496549417525165e+17 4.424893610101464e+17 4.290703520384192e+17 4.1451504687318726e+17 3.985494905061182e+17 3.808113138353775e+17 3.607853744189411e+17 3.4969027456633594e+17 3.377097979936656e+17 3.24683459103235e+17 3.1628362291906675e+17 3.1040347213265754e+17 3.01105339680594e+17 2.945377263605136e+17 2.839966352388613e+17 2.7636874097166467e+17 2.7231388199043626e+17 2.6805467508131405e+17 2.6354166502762656e+17 2.5870333875141258e+17 2.5343103728490422e+17 2.407249711498661e+17 2.3223954178520093e+17 2.1978542285437123e+17
12075.001691670297 4.501743553039209e+17 4.3790975567034586e+17 4.2468933034036314e+17 4.1035979476698394e+17 3.946409796279789e+17 3.7717749018167917e+17 3.574600436766626e+17 3.4653209563340045e+17 3.347328835263974e+17 3.219018521335256e+17 3.1362478762148166e+17 3.078292415665395e+17 2.986633459309346e+17 2.921871954222087e+17 2.8178986484009843e+17 2.742633791981731e+17 2.7026217063761293e+17 2.66058723267981e+17 2.6160422723513174e+17 2.5682777190416294e+17 2.5162214329794288e+17 2.3907080508091206e+17 2.306822315441624e+17 2.1835758423673853e+17
12125.001698675198 4.511719759334454e+17 4.3889126591534317e+17 4.256681226890334e+17 4.1130547012901786e+17 3.955499489786847e+17 3.780186197921595e+17 3.582030367281987e+17 3.472060385815454e+17 3.3532293741131494e+17 3.22386942737946e+17 3.140363295791292e+17 3.0818954200191514e+17 2.989369628268769e+17 2.9239934393983123e+17 2.8190514286486256e+17 2.743126540471466e+17 2.702782371202692e+17 2.6604157581515437e+17 2.6155427118172957e+17 2.567458585716968e+17 2.515094687547808e+17 2.3890525836428995e+17 2.3050247012240864e+17 2.181931667721378e+17
12175.001705679997 4.5404336540230394e+17 4.4165808497932685e+17 4.283143851860082e+17 4.137958404906328e+17 3.9786314418751034e+17 3.801359566734538e+17 3.600659489372766e+17 3.489157116024492e+17 3.36852269504228e+17 3.237121628950193e+17 3.152223790640411e+17 3.092744899325088e+17 2.998621365431061e+17 2.9321201539944826e+17 2.8254202426122262e+17 2.748301775989346e+17 2.7073573074206186e+17 2.6643989868092144e+17 2.6189405565635325e+17 2.5702826850875968e+17 2.5173608608749056e+17 2.390303429612646e+17 2.3058971487345875e+17 2.1827248046848506e+17
12225.001712684798 4.513892341956954e+17 4.391581708347146e+17 4.2596127893718906e+17 4.116085773602965e+17 3.9583116163692294e+17 3.782773914377034e+17 3.5838143188502035e+17 3.473218032018369e+17 3.3535094485089e+17 3.223026880423139e+17 3.138672118409863e+17 3.079562077833508e+17 2.9859592377529363e+17 2.919803782923594e+17 2.8136132118864605e+17 2.7368445892352614e+17 2.6960850217820464e+17 2.6533205162135187e+17 2.608071092217188e+17 2.5596401368035024e+17 2.5069738213772352e+17 2.380582645732531e+17 2.2966830712845568e+17 2.1743810649781344e+17
12275.001719689699 4.469202599895384e+17 4.348939038348157e+17 4.2195008527798e+17 4.0786959142145094e+17 3.923949698453785e+17 3.7515188131696506e+17 3.556026159597914e+17 3.4472425697310054e+17 3.3294107801043565e+17 3.2008455517500205e+17 3.117655949503324e+17 3.0593130590002624e+17 2.9668871324772966e+17 2.9015121865952064e+17 2.796489689910888e+17 2.7205119816833568e+17 2.6801547257089725e+17 2.6377982043154182e+17 2.5929652884790518e+17 2.5449659880771197e+17 2.4927490765287053e+17 2.3673853073300637e+17 2.2841608561607354e+17 2.1629156387575357e+17
12325.001726694498 4.4577864452383334e+17 4.338095916841809e+17 4.208718636628597e+17 4.068098829279283e+17 3.913445570820453e+17 3.741155901320365e+17 3.545760640700203e+17 3.437059982475646e+17 3.319267284296704e+17 3.190781505648394e+17 3.107641103606864e+17 3.049346163781753e+17 2.956986216696357e+17 2.8916638113128704e+17 2.7867661395047395e+17 2.710898452046881e+17 2.6706132046462838e+17 2.6283438827022733e+17 2.583616705722079e+17 2.5357466228670442e+17 2.483694951229238e+17 2.3588166966589075e+17 2.2759679390453853e+17 2.1552798955306778e+17
12375.001733699399 4.43449665858733e+17 4.315723342557742e+17 4.18753865194171e+17 4.0481580891628224e+17 3.894767809146945e+17 3.7238749926488896e+17 3.529939189320538e+17 3.4219970879568e+17 3.3049727798684966e+17 3.1771885899315475e+17 3.0944359662176966e+17 3.0363723617444576e+17 2.9443445703106464e+17 2.8792177560274358e+17 2.774595689766368e+17 2.6989211583289002e+17 2.658740178457463e+17 2.6165822692226826e+17 2.571977357329201e+17 2.5242476132085747e+17 2.4723546955786893e+17 2.3479001128504806e+17 2.2653862248391478e+17 2.145309276121613e+17
12425.001740704198 4.40040099112996e+17 4.2825514442490944e+17 4.155524468579743e+17 4.017596432930877e+17 3.8658409492257645e+17 3.696749859978466e+17 3.5049546503006464e+17 3.398180396917937e+17 3.2824890728325203e+17 3.1561222696676845e+17 3.0743106690471104e+17 3.0169078517509274e+17 2.9259050522813325e+17 2.861507214427392e+17 2.758032818655876e+17 2.683166327649583e+17 2.643409858407937e+17 2.6016918808589933e+17 2.5575508329407446e+17 2.510309700910344e+17 2.4589430439209178e+17 2.335723503824143e+17 2.2540053078590717e+17 2.1350564078574573e+17
12475.001747709099 4.404103093988078e+17 4.286788337543729e+17 4.1604206504453146e+17 4.022850663757971e+17 3.871403124909483e+17 3.7022943636614246e+17 3.5101868686568275e+17 3.4030542460966694e+17 3.286839891485207e+17 3.1597545077133376e+17 3.077356051733638e+17 3.0194981713214464e+17 2.927730995799057e+17 2.8627482851872538e+17 2.7583083317536902e+17 2.6827555393678154e+17 2.642646763241585e+17 2.6005741018990016e+17 2.5560766799894787e+17 2.508485198089805e+17 2.4567761230413626e+17 2.3329556193418474e+17 2.251067428367182e+17 2.132286258502016e+17
12525.0017547139 4.360895922869537e+17 4.2457488844032544e+17 4.1212222059501677e+17 3.985642093263307e+17 3.836389731776557e+17 3.669830931348048e+17 3.4805800053635757e+17 3.375069410055229e+17 3.260572551131064e+17 3.135364923843684e+17 3.0541704238139405e+17 2.9971638974092634e+17 2.9067182756520877e+17 2.8426478640389578e+17 2.7396223977508826e+17 2.6650506502305027e+17 2.6254456672404003e+17 2.5838902005082998e+17 2.5399259637632016e+17 2.492884182095903e+17 2.4417541872284954e+17 2.3192303615815696e+17 2.2381343414153254e+17 2.1204298013591347e+17
12575.001761718797 4.339707280084355e+17 4.2262488291306976e+17 4.103448712933507e+17 3.969812265291666e+17 3.822437283535066e+17 3.657795200478757e+17 3.470335598206357e+17 3.3656103865139174e+17 3.251837247829825e+17 3.1272613908639635e+17 3.046377978912987e+17 2.9895411755852154e+17 2.899250606318281e+17 2.8352441592671517e+17 2.7322610005013885e+17 2.6576745814234544e+17 2.618058724033649e+17 2.5764857743485984e+17 2.532506919856856e+17 2.4854595356073453e+17 2.434334967524317e+17 2.311913071668866e+17 2.2309879830652637e+17 2.1137337393054634e+17
12625.001768723598 4.3222584823726675e+17 4.209306490833237e+17 4.0872061464531085e+17 3.954267636381621e+17 3.807880591886139e+17 3.644169562572687e+17 3.457728756560261e+17 3.3535585260952e+17 3.2403323483588646e+17 3.116224560284358e+17 3.03560455055163e+17 2.9789054588574016e+17 2.8888358129405786e+17 2.8249537741982125e+17 2.7221420810857984e+17 2.6476873601009808e+17 2.6081414496888195e+17 2.5666547935507955e+17 2.5227731942623584e+17 2.475841315690686e+17 2.4248583878570096e+17 2.302849540286764e+17 2.2222836466941725e+17 2.1057461502355622e+17
12675.001775728497 4.283002357444565e+17 4.1712854522978694e+17 4.050239713374615e+17 3.918520924203696e+17 3.77339146121582e+17 3.611314127686652e+17 3.42681030371764e+17 3.323832707423951e+17 3.211898255899663e+17 3.089302739045584e+17 3.009707636349432e+17 2.953738442417347e+17 2.864858369256841e+17 2.8018362758351693e+17 2.7004311128645702e+17 2.626998188468651e+17 2.5879970435223354e+17 2.5470788451260755e+17 2.503794481034364e+17 2.4574951970818835e+17 2.4071884790485997e+17 2.2867348592928134e+17 2.2071183886983427e+17 2.0917944880177302e+17
12725.001782733298 4.29030116057751e+17 4.178678094054018e+17 4.0581434916789376e+17 3.926561560469393e+17 3.7813661142499315e+17 3.6187497161567616e+17 3.433386946264747e+17 3.3297222626774074e+17 3.217005876582641e+17 3.093385534720423e+17 3.013034086526082e+17 2.9565313727832666e+17 2.8667330631761062e+17 2.8030526502508944e+17 2.7005651457605485e+17 2.6263760041823542e+17 2.5869867204478163e+17 2.545686101230894e+17 2.502021850441125e+17 2.4553508134513645e+17 2.404684907115623e+17 2.2836018995839523e+17 2.2037893367784496e+17 2.0885441065913376e+17
12775.001789738199 4.265590831542558e+17 4.1586587515832864e+17 4.0424920526018157e+17 3.9148125382306944e+17 3.773091515882884e+17 3.6134436071690995e+17 3.430274788749903e+17 3.32739215041507e+17 3.215156049024293e+17 3.0917072416684096e+17 3.0113026042351155e+17 2.9546686038355686e+17 2.8645496524899568e+17 2.800566959073771e+17 2.6975022380680086e+17 2.6228614496993462e+17 2.583237185285199e+17 2.5416880199271306e+17 2.49777793175488e+17 2.4508611272321994e+17 2.399957663184618e+17 2.2784601865710237e+17 2.1985419857001283e+17 2.083463520761647e+17
12825.001796742998 3.98364557876602e+17 3.9021374838754534e+17 3.81156127429535e+17 3.710031323009899e+17 3.5945085420882906e+17 3.461492034994212e+17 3.305286499816644e+17 3.215888206876794e+17 3.1171676675774336e+17 3.0072201887227603e+17 2.934867054452743e+17 2.883545061423897e+17 2.801324218463859e+17 2.7425001968754314e+17 2.6469370213578074e+17 2.577090480059911e+17 2.5397925417036973e+17 2.5005284204458138e+17 2.4588589191301264e+17 2.4141490961472406e+17 2.3654292957794358e+17 2.2482887935687293e+17 2.170571557708507e+17 2.0577388506782547e+17
12875.001803747798 4.200693089184167e+17 4.094870863407614e+17 3.980255836273853e+17 3.854398388336812e+17 3.714936201857915e+17 3.558061930031086e+17 3.3785239705798906e+17 3.2777922117527206e+17 3.1680144587442374e+17 3.047343272757677e+17 2.9687392153238106e+17 2.9133901777566957e+17 2.8252843189110608e+17 2.7627200250212266e+17 2.661888876910997e+17 2.5888142282850435e+17 2.5500063081830864e+17 2.5093003610738346e+17 2.4662659218581763e+17 2.4202678604496234e+17 2.3703349324701424e+17 2.251040891214299e+17 2.172471669764101e+17 2.05921446024958e+17
12925.001810752696 4.17297109709349e+17 4.0661246856425325e+17 3.95042936101016e+17 3.824466806985025e+17 3.685227643647522e+17 3.529204126335675e+17 3.351143079049991e+17 3.251433760591244e+17 3.1428449206148794e+17 3.0234890714437254e+17 2.9457554614829094e+17 2.890994909169981e+17 2.8038525196789414e+17 2.741936137685678e+17 2.642141503497256e+17 2.569793009871643e+17 2.5313644040291392e+17 2.4910530645566154e+17 2.4484240526118976e+17 2.402850226815507e+17 2.3533678053919066e+17 2.2350867966079936e+17 2.157124764996409e+17 2.044644588252396e+17
12975.001817757497 4.1872003637300755e+17 4.080699667369833e+17 3.965239615878292e+17 3.839134158656259e+17 3.699718651225435e+17 3.543449070229793e+17 3.364818813888718e+17 3.264590949614039e+17 3.155295149605476e+17 3.03499714138202e+17 2.956513909915101e+17 2.901194841781601e+17 2.813042936784885e+17 2.750375441228555e+17 2.649280239641688e+17 2.5759768756844934e+17 2.5370482398414614e+17 2.4962263567969475e+17 2.453084406024249e+17 2.4069935766155418e+17 2.356998563944545e+17 2.237760064671098e+17 2.159457905111231e+17 2.0470438979946192e+17
13025.001824762398 4.139224705568451e+17 4.033748409281076e+17 3.919768302672694e+17 3.795343221068099e+17 3.657594781416844e+17 3.503598032092884e+17 3.327710603454805e+17 3.2291718149914605e+17 3.121754100546268e+17 3.0036812161058445e+17 2.92671801172498e+17 2.8724733793092323e+17 2.786082793657251e+17 2.7246667435111216e+17 2.6255992387109446e+17 2.5537502039761322e+17 2.515581025599689e+17 2.475542241439473e+17 2.4332112857314416e+17 2.387969223389493e+17 2.3388688817008266e+17 2.221648853275678e+17 2.1445556013365574e+17 2.0336710030948192e+17
13075.001831767197 4.148488969121754e+17 4.043469252437296e+17 3.9297559300129536e+17 3.805386533956012e+17 3.667954077239227e+17 3.513762508036089e+17 3.337375236962604e+17 3.2383883176511706e+17 3.130310574255857e+17 3.0112158526909216e+17 2.93349007717214e+17 2.878655111927569e+17 2.7912189182255728e+17 2.728996711465862e+17 2.6285717494972467e+17 2.5557237939341446e+17 2.5170325639828022e+17 2.4764609951615114e+17 2.433589407713162e+17 2.3877981060932685e+17 2.3381479987204336e+17 2.219842427227756e+17 2.14227785603599e+17 2.0311794866750992e+17
13125.001838772097 4.078668553963591e+17 3.976263623925155e+17 3.865374349609691e+17 3.7440979551322304e+17 3.6101517712762336e+17 3.459899032898784e+17 3.28817235233649e+17 3.19179251492182e+17 3.086543786932724e+17 2.970629666569172e+17 2.894948279499176e+17 2.8415458979112435e+17 2.7563877536294454e+17 2.6957745827550605e+17 2.5978741835438067e+17 2.5267987089879994e+17 2.4890203227543606e+17 2.4493847403980995e+17 2.4074732334985987e+17 2.3626775085259434e+17 2.3140603171107443e+17 2.198006465461921e+17 2.1217222565722925e+17 2.012156711131433e+17
13175.001845776898 4.05601620839988e+17 3.954679429416719e+17 3.845226015642906e+17 3.725351860204142e+17 3.5930845695157606e+17 3.444717811032757e+17 3.2746018050310675e+17 3.179118685972242e+17 3.074767033042258e+17 2.959650111092998e+17 2.884391442540383e+17 2.8312601052092736e+17 2.746405183863582e+17 2.6859591213885446e+17 2.588232533275479e+17 2.5172203657442963e+17 2.479467804045657e+17 2.4398527109400598e+17 2.3979632039981376e+17 2.353192400499302e+17 2.30461117010731e+17 2.1886887831686826e+17 2.11255841065061e+17 2.003373978500643e+17
13225.001852781797 4.0834032060777216e+17 3.9810010968291334e+17 3.8698977233309274e+17 3.7487518920263494e+17 3.614630737566226e+17 3.46406488216233e+17 3.291343679695657e+17 3.1943275699798406e+17 3.088240448333427e+17 2.9711453876254195e+17 2.894598094146669e+17 2.8405207653413107e+17 2.754197115378256e+17 2.6926924829204918e+17 2.5933167450191136e+17 2.5211741365261898e+17 2.4828488710254307e+17 2.4426590847255014e+17 2.4001997403318154e+17 2.3548642661913098e+17 2.305727915862229e+17 2.188762438890261e+17 2.1121899387637885e+17 2.0027400717261773e+17
13275.001859786598 4.017203005964145e+17 3.916998051398403e+17 3.808386171004542e+17 3.689804603853191e+17 3.558617666399321e+17 3.41164282138824e+17 3.243256617994862e+17 3.148644632724836e+17 3.0452908458583616e+17 2.9311826686774784e+17 2.8565714106694454e+17 2.8038608756972262e+17 2.7196872709022528e+17 2.6596780958463354e+17 2.5626269266353306e+17 2.4921021097034566e+17 2.4546046913616064e+17 2.415264527793037e+17 2.3736676178888845e+17 2.329221796279329e+17 2.281003136462313e+17 2.165992950768476e+17 2.090494013165581e+17 1.9822666399746986e+17
13325.001866791497 4.026720236415551e+17 3.926882654283236e+17 3.818756159231171e+17 3.700447630210435e+17 3.569831036180967e+17 3.423012939370755e+17 3.254447268998629e+17 3.1595452909734496e+17 3.055700632299822e+17 2.9408793536604755e+17 2.8656966579080173e+17 2.812492201121328e+17 2.7274668609744432e+17 2.666804411364234e+17 2.5686245578279494e+17 2.4972531937008077e+17 2.4593126767478957e+17 2.4195138357099693e+17 2.377450657871935e+17 2.3325341882441738e+17 2.283846555822639e+17 2.1679483568314813e+17 2.0921199824412662e+17 1.9839177645941613e+17
13375.001873796298 4.001262247198586e+17 3.9023923761290144e+17 3.795263826150688e+17 3.67792143714049e+17 3.54816355870219e+17 3.402555206451845e+17 3.235490842169034e+17 3.1413211914611565e+17 3.0383569436033043e+17 2.9245165033434854e+17 2.8498993151276058e+17 2.7971277947263978e+17 2.7127142248320963e+17 2.6524960080519744e+17 2.5549995047795958e+17 2.4840909328356736e+17 2.44639736933194e+17 2.4068522750658666e+17 2.3650654125431667e+17 2.32043962100417e+17 2.272069478876956e+17 2.156945754493972e+17 2.0816315638707126e+17 1.9741719785771574e+17
13425.0018808012 4.0074709447872186e+17 3.90910972452366e+17 3.80216757724391e+17 3.685253871427464e+17 3.555545134239031e+17 3.4098417394654854e+17 3.2424301530773946e+17 3.148095730973511e+17 3.0446453110528064e+17 2.930101559990078e+17 2.8549657761525027e+17 2.8017941042754605e+17 2.716694238843854e+17 2.6559126574769674e+17 2.557449767727864e+17 2.4858227084744672e+17 2.447743490054735e+17 2.407806094833958e+17 2.3656111217355952e+17 2.3205730651694797e+17 2.2717864135567264e+17 2.155851969546093e+17 2.0802086857417494e+17 1.97266654212522e+17
13475.001887805996 3.9826299263595296e+17 3.88520669128481e+17 3.779193578199764e+17 3.6636334688499334e+17 3.535348380347385e+17 3.390748516887485e+17 3.2246624551632454e+17 3.1310989035010643e+17 3.028433455030517e+17 2.914810388688346e+17 2.8402059756221642e+17 2.7873996843395034e+17 2.7028440011489962e+17 2.642417311260394e+17 2.5445061637835965e+17 2.4732619947940118e+17 2.4353742684831923e+17 2.3956398306285574e+17 2.3536610606381738e+17 2.308855475773183e+17 2.260327548807949e+17 2.1450396406300413e+17 2.069842531516251e+17 1.9629926072241626e+17
13525.001894810797 3.964943080702418e+17 3.8690854204409274e+17 3.764403328985742e+17 3.6501362754481146e+17 3.523198350344812e+17 3.380308542057737e+17 3.2157967764776877e+17 3.1229402818919066e+17 3.0209472428330234e+17 2.9078718531116224e+17 2.8335947304538934e+17 2.7809429710839987e+17 2.6965673825882144e+17 2.6362229126515034e+17 2.5383418912047686e+17 2.4670514100386115e+17 2.4291365227924128e+17 2.3893576461733267e+17 2.3473274979630662e+17 2.3024737898458794e+17 2.2538971107570445e+17 2.1385503706742426e+17 2.063400490432572e+17 1.956818528006566e+17
13575.001901815696 3.903438620792597e+17 3.809152137104147e+17 3.7067855948059616e+17 3.5944992750614944e+17 3.470308095877452e+17 3.3302267466029843e+17 3.169391170239874e+17 3.0786145453745043e+17 2.9790479510873574e+17 2.86865627893249e+17 2.7961694831569014e+17 2.7447937457288352e+17 2.6624559287476317e+17 2.6035670881668902e+17 2.5079946659746557e+17 2.43834842526774e+17 2.4012831822196058e+17 2.3623772915480195e+17 2.3212584452204045e+17 2.2773393851603478e+17 2.2297410573726314e+17 2.116511205583092e+17 2.042534877219907e+17 1.9372684024820336e+17
13625.001908820497 3.901434468161894e+17 3.8064502228149626e+17 3.7042235637160506e+17 3.591988927514983e+17 3.4675816978259e+17 3.327517157657245e+17 3.166452280378111e+17 3.075602709377345e+17 2.9758073950681926e+17 2.8651013201800557e+17 2.7923187750422317e+17 2.7407461582693174e+17 2.658003815585769e+17 2.598796222054776e+17 2.5026615574900077e+17 2.432577439337967e+17 2.3952746056673677e+17 2.356129708836975e+17 2.3147579275848714e+17 2.2705832206164902e+17 2.22272485791903e+17 2.1089764280977885e+17 2.0347644697148416e+17 1.929368604828895e+17
13675.001915825398 3.882940254243472e+17 3.789829525446765e+17 3.688898815049876e+17 3.577748153073789e+17 3.454722580010603e+17 3.316282888161031e+17 3.156745565764383e+17 3.06662164643363e+17 2.9676435242359885e+17 2.8577743367715043e+17 2.7854717205977357e+17 2.7341737538009888e+17 2.651860894096787e+17 2.5929037133621152e+17 2.497091274267618e+17 2.427195657921613e+17 2.3899820665039584e+17 2.3509316664363123e+17 2.3096504796115498e+17 2.2655791996533674e+17 2.2178402638982486e+17 2.104442930298731e+17 2.030542356760779e+17 1.925768643483456e+17
13725.001922830197 3.8625772849757715e+17 3.771337161446801e+17 3.672490702676956e+17 3.564278757057395e+17 3.443187130358705e+17 3.307093346207326e+17 3.14995873550527e+17 3.0609758380753344e+17 2.9630821432550515e+17 2.8541321299326518e+17 2.782333336988565e+17 2.73131614576213e+17 2.6493554926782566e+17 2.5905521642940582e+17 2.4948305871468458e+17 2.4248989186397517e+17 2.3876322614296672e+17 2.348505432313239e+17 2.3071349040452026e+17 2.262956346098396e+17 2.2151022075098678e+17 2.1014807381911453e+17 2.0275426835588214e+17 1.9230012096274774e+17
13775.001929835098 3.850246284474909e+17 3.758798182123754e+17 3.659758462631808e+17 3.551142204098405e+17 3.430550386487151e+17 3.294434905232306e+17 3.137629988711637e+17 3.048733494325143e+17 2.9509275033923296e+17 2.842143684145194e+17 2.7704472750667936e+17 2.7194887716960864e+17 2.6375822484380742e+17 2.5788205020230227e+17 2.4831850717186608e+17 2.4133191542448733e+17 2.376090356595736e+17 2.3370132608714845e+17 2.2957007713615664e+17 2.25160120319407e+17 2.2038474591483798e+17 2.0905292637164006e+17 2.016832906950396e+17 1.912699735693834e+17
13825.001936839897 3.840262288903881e+17 3.750220958147018e+17 3.651410360166591e+17 3.544069658428893e+17 3.424096665518489e+17 3.2887635290388774e+17 3.132381302754331e+17 3.0438274950438637e+17 2.946296397222698e+17 2.8376700825226544e+17 2.765922230511671e+17 2.7149729842724707e+17 2.6329955483330035e+17 2.5741403223940374e+17 2.47826463975895e+17 2.4081755293776506e+17 2.370841109819317e+17 2.3316315243038762e+17 2.2901975799572336e+17 2.245971389402834e+17 2.1980973914749126e+17 2.0846105640714074e+17 2.0109145110976806e+17 1.9070056468226026e+17
13875.001943844798 3.8278185720875635e+17 3.737196941011565e+17 3.638215828974132e+17 3.53062382838122e+17 3.411053019923955e+17 3.275984715885306e+17 3.1199936788139904e+17 3.0316324557782784e+17 2.9342949909815226e+17 2.825774968307531e+17 2.7540892240264598e+17 2.7031020529216666e+17 2.621090996195079e+17 2.5621663018131203e+17 2.4660938601181824e+17 2.3958469644790512e+17 2.3584122862277088e+17 2.3191140731445018e+17 2.2775777613996598e+17 2.233254099463421e+17 2.1852866643714627e+17 2.0716264346276454e+17 1.997851488394387e+17 1.893892255442522e+17
13925.001950849599 3.8082644540161325e+17 3.7195226806185805e+17 3.6231893687476026e+17 3.517021942143303e+17 3.3991064628145914e+17 3.265922129609793e+17 3.111770334584798e+17 3.0242831518855014e+17 2.927804316759688e+17 2.8201107192343366e+17 2.7489188987491818e+17 2.6982391251718947e+17 2.6166240298029533e+17 2.5579120176871773e+17 2.4621566511529814e+17 2.3920736023246573e+17 2.3546997324950538e+17 2.31545297827561e+17 2.273969547030358e+17 2.229702041606556e+17 2.1817943716361763e+17 2.068334407302509e+17 1.9947797465754998e+17 1.8913346166577066e+17
13975.001957854496 3.787300106177204e+17 3.700316674204856e+17 3.6043324382172704e+17 3.4991717576390445e+17 3.3824040620971546e+17 3.250258040991965e+17 3.0972954016902086e+17 3.0104706376915706e+17 2.914668171239702e+17 2.8076134684128627e+17 2.7367881464055542e+17 2.686324733737589e+17 2.6049701074756653e+17 2.5463969479798992e+17 2.4508202374222573e+17 2.3807886954920422e+17 2.343442617830718e+17 2.3042173082994813e+17 2.262747734234378e+17 2.2184859794579594e+17 2.170585891163089e+17 2.0571505260640304e+17 1.983604079904018e+17 1.880117892321037e+17
14025.001964859297 3.745023080851498e+17 3.6586271151387635e+17 3.563933296344602e+17 3.4603412862799654e+17 3.344901218980191e+17 3.214580934188081e+17 3.063897728702214e+17 2.978367919776424e+17 2.8839634404255264e+17 2.778617931811376e+17 2.7089365351823418e+17 2.6592987270943216e+17 2.5793215293736512e+17 2.5217453509013046e+17 2.4277415552281498e+17 2.3588290615803786e+17 2.3220627420525827e+17 2.2834410842811408e+17 2.2425909630156026e+17 2.1989782868056067e+17 2.1517631580750704e+17 2.039842714910983e+17 1.967175954097754e+17 1.864774238243201e+17
14075.001971864098 3.745668879024709e+17 3.6584434910034784e+17 3.5634909023410074e+17 3.459078644507196e+17 3.3429953117105485e+17 3.211554147276739e+17 3.059408510769794e+17 2.972989571491703e+17 2.877593553383897e+17 2.7710369348300202e+17 2.7005418831821597e+17 2.650288282172756e+17 2.5693184101920867e+17 2.5110186306709187e+17 2.4158166790196614e+17 2.3460823815034298e+17 2.3088851822622602e+17 2.2698243255520854e+17 2.2285402081672285e+17 2.1845002540490182e+17 2.1368593737199373e+17 2.0240617623219334e+17 1.9508366226261142e+17 1.8473607388104742e+17
14125.001978868997 3.6842775342048896e+17 3.598223967521696e+17 3.5047633382105517e+17 3.4020175404400576e+17 3.2874542055618765e+17 3.158169113501202e+17 3.008440712697264e+17 2.9234170952433536e+17 2.8295529188227805e+17 2.724856129133709e+17 2.6556290333333424e+17 2.6063231179666944e+17 2.5269212920824506e+17 2.4697918133237133e+17 2.3765995794942995e+17 2.3083605804724992e+17 2.2719832727649632e+17 2.233787059223145e+17 2.1934156764490064e+17 2.150343707301448e+17 2.1037361667710534e+17 1.993216285360253e+17 1.9211951252399203e+17 1.818695521740562e+17
14175.001985873798 3.705839935965612e+17 3.619638165398102e+17 3.52553351524759e+17 3.422408786333346e+17 3.3074064798471206e+17 3.1770689649245e+17 3.0257797976719245e+17 2.939747918918539e+17 2.844662118098003e+17 2.7384067215599402e+17 2.6680349597778538e+17 2.617810067231042e+17 2.5368532419150592e+17 2.478531006344428e+17 2.3832706954932477e+17 2.3134781153100144e+17 2.2762672847435696e+17 2.2372086689414224e+17 2.1959419442093843e+17 2.1519463635913866e+17 2.1043932759802902e+17 1.991898347440104e+17 1.9188243441642333e+17 1.8151814717528573e+17
14225.001992878697 3.6344381523666726e+17 3.550520564292855e+17 3.459246094122258e+17 3.358979820959925e+17 3.247336810997845e+17 3.1210620166974534e+17 2.974686206673459e+17 2.891505112708776e+17 2.7996496180999072e+17 2.696974849633211e+17 2.6289969833823133e+17 2.580511380601178e+17 2.502284341023657e+17 2.4459140139477766e+17 2.353732182210015e+17 2.2861103356027117e+17 2.2500264088623472e+17 2.212117229442242e+17 2.1720362440728794e+17 2.1292536621328083e+17 2.0829577739445267e+17 1.973184155092939e+17 1.9016756824450106e+17 1.8000853452154528e+17
14275.001999883498 3.582182282206718e+17 3.5002567268039296e+17 3.410676368300608e+17 3.312341410295467e+17 3.202866003363982e+17 3.0795715863484755e+17 2.9364815839698214e+17 2.8551167202691514e+17 2.7654232017428317e+17 2.6651883486306413e+17 2.5988364035675338e+17 2.5514756666430742e+17 2.475115472793817e+17 2.4200620252863088e+17 2.3300327192037114e+17 2.2639385302130534e+17 2.22864689925736e+17 2.1915509890379226e+17 2.1523065411361706e+17 2.1103924591499702e+17 2.0650023063242093e+17 1.9572091738861853e+17 1.8868477670482102e+17 1.7866942827061984e+17
14325.002006888399 3.634014731841873e+17 3.551414728440058e+17 3.46027169467357e+17 3.360733030913875e+17 3.2495464481958125e+17 3.1234897598482976e+17 2.977316234541143e+17 2.8940129935955584e+17 2.8019871500029952e+17 2.6989632738134426e+17 2.6306651790818896e+17 2.5818604173580333e+17 2.5031089682060205e+17 2.4462695026797645e+17 2.3532112450633254e+17 2.284887382856289e+17 2.248402758585646e+17 2.210072409379504e+17 2.1695390444235776e+17 2.1262933641814173e+17 2.0795309524782458e+17 1.9688768973676608e+17 1.8970752305607485e+17 1.7956610998230774e+17
14375.002013893198 3.644835944498593e+17 3.56233929411115e+17 3.471665289374759e+17 3.3720825773789734e+17 3.261233973932739e+17 3.135394535570253e+17 2.9887169901403706e+17 2.9052158298377197e+17 2.8126979721461146e+17 2.7090330090189075e+17 2.6401562641545386e+17 2.5909212999624176e+17 2.5112953409087757e+17 2.4537752002884422e+17 2.3594958369289267e+17 2.2901979314553136e+17 2.2531893178257558e+17 2.21429553363731e+17 2.1731837167006045e+17 2.129349750370758e+17 2.0819790998338602e+17 1.9701370572830432e+17 1.8978185188154368e+17 1.7961762494428573e+17
14425.002020898099 3.50953937518391e+17 3.4321095019263974e+17 3.3476312211855616e+17 3.25472282975108e+17 3.15037458550395e+17 3.032666036644996e+17 2.895538222294873e+17 2.8174293887730528e+17 2.730880637345472e+17 2.6339555422155302e+17 2.5695365457006595e+17 2.5234645839795955e+17 2.4489912234756118e+17 2.3951231280312064e+17 2.3067235248114314e+17 2.241580062607694e+17 2.2067179854057117e+17 2.1700186501153942e+17 2.1311437534231334e+17 2.0895847777492064e+17 2.044539728892661e+17 1.9375686133553546e+17 1.867859999006951e+17 1.7690020140398086e+17
14475.002027902896 3.597591970418809e+17 3.517030998295469e+17 3.429005475249857e+17 3.331887563096378e+17 3.2235901872516864e+17 3.100485680636621e+17 2.95776384306256e+17 2.8762521935761405e+17 2.7860661877933043e+17 2.684795723649279e+17 2.6174656168322058e+17 2.5693194203522333e+17 2.491349671908929e+17 2.434917976430795e+17 2.3423138019145286e+17 2.2741012060662538e+17 2.2376200491656118e+17 2.1992459375897776e+17 2.158650261388139e+17 2.1153172811603898e+17 2.0684607140390515e+17 1.9577502854830246e+17 1.88619077519185e+17 1.7859031082994307e+17
14525.002034907797 3.517122069389871e+17 3.439767766991534e+17 3.35496160033615e+17 3.262401026117438e+17 3.158200854176017e+17 3.0400798309448966e+17 2.9025966465383686e+17 2.824088907171682e+17 2.73697772162308e+17 2.6390802696794147e+17 2.5739051978836454e+17 2.5272333087749472e+17 2.4515682624368685e+17 2.39677057801767e+17 2.3066396191449744e+17 2.240127655157975e+17 2.204507479012054e+17 2.1670089644044314e+17 2.1272910444166554e+17 2.0848524595605997e+17 2.0389087500420112e+17 1.9300959851617904e+17 1.8595045325794086e+17 1.7599961447329168e+17
14570.002041212096 3.539883192853798e+17 3.4607390109646957e+17 3.375373599407712e+17 3.2805104680865254e+17 3.174894010014714e+17 3.054728706945752e+17 2.914894324992408e+17 2.8349679636700806e+17 2.7462335613072954e+17 2.646587692527753e+17 2.5801906824162893e+17 2.5326878331788083e+17 2.4556363984788605e+17 2.3998381695464134e+17 2.3080505749696477e+17 2.2403457491875907e+17 2.204096003926092e+17 2.165953812305295e+17 2.125591348346568e+17 2.0825036142277552e+17 2.035905380401472e+17 1.9258014325168515e+17 1.8545727272466742e+17 1.7544457205137718e+17
14620.002048216997 3.5205666790521894e+17 3.442287794285099e+17 3.357733378129377e+17 3.263577062905528e+17 3.158697319607417e+17 3.0392343405613914e+17 2.9002961195761926e+17 2.8208607861554547e+17 2.732779243436978e+17 2.6337366429118e+17 2.5677497636380646e+17 2.5205084607533926e+17 2.4438847159286813e+17 2.3883565718868368e+17 2.2970018246684992e+17 2.2295939028128902e+17 2.1935002154900086e+17 2.1555121647698544e+17 2.1153035473884832e+17 2.0723760900614147e+17 2.0259546618267706e+17 1.9162973492945094e+17 1.8453814649888806e+17 1.745642154906083e+17
14675.002055922298 3.510605549363715e+17 3.4330099380318976e+17 3.347906087135334e+17 3.254490534950827e+17 3.149934980485301e+17 3.030890933211929e+17 2.892294122723575e+17 2.8129476323510666e+17 2.7248668297335498e+17 2.6257162576142672e+17 2.5596468251215805e+17 2.5122767767353565e+17 2.435430271002041e+17 2.3797335707023712e+17 2.2880212231337677e+17 2.220304675856402e+17 2.184053450350806e+17 2.1458947796753565e+17 2.1055150300301862e+17 2.0624211774431933e+17 2.015842231614835e+17 1.9059316296408422e+17 1.8349369741349293e+17 1.735188451073438e+17
14725.002062927097 3.44783913431414e+17 3.37254364234727e+17 3.290284834126958e+17 3.199285891504069e+17 3.097631749560968e+17 2.982256804248064e+17 2.8478161698488483e+17 2.7709991275100893e+17 2.6857584430425792e+17 2.5898250390088554e+17 2.525878208864556e+17 2.4800414251658755e+17 2.4056190295570426e+17 2.3516202274493914e+17 2.262628295444614e+17 2.1968123893548118e+17 2.161530511249616e+17 2.1243701982599654e+17 2.0849957312616454e+17 2.0429261617277322e+17 1.997388716376163e+17 1.889664796191412e+17 1.819874365849915e+17 1.7215636174687542e+17
14775.002069931998 3.4419918517082746e+17 3.367467744762624e+17 3.286117771540823e+17 3.196145167625458e+17 3.095626193776121e+17 2.98145694468188e+17 2.8484233726357165e+17 2.7721168754416173e+17 2.687395869943363e+17 2.5919510882441037e+17 2.5282009037060323e+17 2.4824679346248208e+17 2.4081645502992387e+17 2.3541671521966518e+17 2.2650661189728112e+17 2.1990701276446192e+17 2.1636537665835744e+17 2.1263310452951488e+17 2.086762264157106e+17 2.0444812283625408e+17 1.9987170923999027e+17 1.8905445904677408e+17 1.820621368578416e+17 1.7225262126841165e+17
14825.002076936798 3.44133642098369e+17 3.36636919196094e+17 3.2853211653090976e+17 3.195771681669263e+17 3.0949964101007565e+17 2.9803950865706406e+17 2.846588983964191e+17 2.770130687835402e+17 2.685016804119871e+17 2.5891399820232077e+17 2.525054675998174e+17 2.4791332645838374e+17 2.4044278894136893e+17 2.3501118844274157e+17 2.2604673743829965e+17 2.1940711220270886e+17 2.15844817108153e+17 2.12090469260585e+17 2.0811274351951942e+17 2.038625952313877e+17 1.9926523621986323e+17 1.884133227902065e+17 1.8140955976211968e+17 1.7160268378358736e+17
14875.002083941697 3.360159455737049e+17 3.2888797512789664e+17 3.211071143775153e+17 3.1254828420341805e+17 3.029648590985715e+17 2.92109751587332e+17 2.793810519925425e+17 2.720867268754144e+17 2.640039327455051e+17 2.548811040564456e+17 2.4878402018388096e+17 2.443987351425052e+17 2.3727568670419526e+17 2.3208822959748835e+17 2.235104481794687e+17 2.1713875631367386e+17 2.1371186688495738e+17 2.1009394518555347e+17 2.0625292082512682e+17 2.021390262953624e+17 1.9767739257582435e+17 1.8709803552812326e+17 1.802406792889512e+17 1.7061967090354163e+17
14925.002090946498 3.452429317555846e+17 3.3784376763725056e+17 3.297859289673972e+17 3.208748557881865e+17 3.1088931631315635e+17 2.994763894578281e+17 2.8617307118109933e+17 2.7853620098293648e+17 2.7003428975484893e+17 2.604346809729135e+17 2.5400155000751725e+17 2.4937499646444774e+17 2.4183389614771082e+17 2.3633655614886173e+17 2.2722875596766166e+17 2.2045409082142134e+17 2.1681157785048794e+17 2.1296859295715923e+17 2.08891404756524e+17 2.0453366971133446e+17 1.9981953360460074e+17 1.8871162641382365e+17 1.8157515111355626e+17 1.7166284869565734e+17
14975.0020979514 3.4038108254202675e+17 3.331740867067418e+17 3.252590461738981e+17 3.1655657079395456e+17 3.0679499473743795e+17 2.9569425234171994e+17 2.827368253950116e+17 2.7529192088862106e+17 2.6701717909334762e+17 2.5765014116834445e+17 2.5137574179969642e+17 2.4685873762599117e+17 2.3949147385041565e+17 2.341153397354634e+17 2.2520146588131498e+17 2.1856251830160634e+17 2.1499023861113002e+17 2.112194173708398e+17 2.0721574483935312e+17 2.0293283568425018e+17 1.982961449062714e+17 1.873557983203304e+17 1.8031605378294016e+17 1.7052772764953366e+17
15025.002104956196 3.314388070495364e+17 3.2449055417136845e+17 3.168150591341606e+17 3.084086763928131e+17 2.98983814536018e+17 2.883106040430313e+17 2.758580594760192e+17 2.6871508807550544e+17 2.6076371924756826e+17 2.5180226804380554e+17 2.4580914079046723e+17 2.4149738335103197e+17 2.3447259141647882e+17 2.2935273196324758e+17 2.2087053119485648e+17 2.1455919855388534e+17 2.1116065461952493e+17 2.0757271731456195e+17 2.037597609215177e+17 1.996767220308457e+17 1.952498163890553e+17 1.847613079066761e+17 1.779733227946813e+17 1.6846979009058608e+17
15075.002111961097 3.3101684241142995e+17 3.240901398513148e+17 3.1661315752735814e+17 3.0827325977846285e+17 2.9895309488801126e+17 2.883330164808836e+17 2.759224735514632e+17 2.6879929918973014e+17 2.608658924236455e+17 2.5190348427732624e+17 2.4589481028419786e+17 2.4156565858971594e+17 2.3450477966113754e+17 2.293489698705039e+17 2.207870141772702e+17 2.1440064211684224e+17 2.1095806819515216e+17 2.073189355062104e+17 2.0345139042263853e+17 1.993064288431665e+17 1.948114791215342e+17 1.8416940018956816e+17 1.7729275071730762e+17 1.676891275704352e+17
15125.002118965896 3.361005920003665e+17 3.290925739492512e+17 3.213007963118607e+17 3.127444709130533e+17 3.031345844457913e+17 2.922241055861222e+17 2.794539584802694e+17 2.721132571416666e+17 2.639382498497942e+17 2.5469233949405443e+17 2.4848507924246262e+17 2.440189131418532e+17 2.367158625132273e+17 2.3137908741832317e+17 2.2251738466904157e+17 2.1590537426155462e+17 2.123422054641103e+17 2.0857609985506022e+17 2.0457593606066515e+17 2.002938365534231e+17 1.9565668136564544e+17 1.8471863769477286e+17 1.7768927241684195e+17 1.6792792413580947e+17
15175.002125970797 3.362107612206562e+17 3.291221619623993e+17 3.2146823347850003e+17 3.13051700987333e+17 3.035348866640244e+17 2.927162951176907e+17 2.8007060168012035e+17 2.727958232227723e+17 2.646523320625453e+17 2.5542356049984576e+17 2.4922457093796528e+17 2.44752994349611e+17 2.3743736615913523e+17 2.320813509412991e+17 2.231600128501576e+17 2.1648727682176307e+17 2.1288478148367674e+17 2.0907508796996586e+17 2.0502355698570813e+17 2.0068380595886893e+17 1.9598325675020634e+17 1.8489976344590765e+17 1.7779059944121123e+17 1.6795729606133104e+17
15225.002132975598 3.305257596084449e+17 3.2375473747273235e+17 3.1622154623921286e+17 3.080703349594801e+17 2.988071843558761e+17 2.882835426325906e+17 2.7597107755582314e+17 2.6889100228402813e+17 2.6100571548947366e+17 2.5206287263198685e+17 2.4605366048939318e+17 2.4171714528752173e+17 2.3462173696881376e+17 2.294261061505497e+17 2.2077073301983984e+17 2.1428870177924938e+17 2.1078728436055443e+17 2.0708146268633805e+17 2.031380047156063e+17 1.9890856350443424e+17 1.9432189088770973e+17 1.8347843180259184e+17 1.7650130670869782e+17 1.6682563266246186e+17
15275.002139980497 3.326457456742086e+17 3.258015456280429e+17 3.183850777644242e+17 3.101881741593158e+17 3.009385665505421e+17 2.904078187333648e+17 2.7803170414310493e+17 2.708789867572586e+17 2.629137333557131e+17 2.538371481330299e+17 2.4772784522099712e+17 2.4331046600664934e+17 2.3608301792582394e+17 2.3077333982644787e+17 2.219101673782773e+17 2.1526219687423597e+17 2.1166630185593632e+17 2.078606895122561e+17 2.0380953356154912e+17 1.9946649841395952e+17 1.947582650192568e+17 1.8365417874849075e+17 1.7653911248913574e+17 1.6672452031834992e+17
15325.002146985298 3.298389527227521e+17 3.2302774057367514e+17 3.156477313999997e+17 3.075331276666302e+17 2.984388561518033e+17 2.880796512424577e+17 2.759172096831804e+17 2.6890006206199686e+17 2.610629240611831e+17 2.5216443234362544e+17 2.461725291326734e+17 2.418405358999465e+17 2.3473575551865184e+17 2.295254491365808e+17 2.2081585867809997e+17 2.1427673881000362e+17 2.1073626538910534e+17 2.0698368804798186e+17 2.0298685744640374e+17 1.9869720875544554e+17 1.9404121895218928e+17 1.8304288943529002e+17 1.7598391053056067e+17 1.6624119578215478e+17
15375.002153990095 3.28726072541026e+17 3.2205320767964666e+17 3.148475262421818e+17 3.0683310250549114e+17 2.978666268873358e+17 2.8765790005695392e+17 2.7557014840796534e+17 2.6862258543595782e+17 2.608583489137797e+17 2.520078087061901e+17 2.4604594772060957e+17 2.4174084898091213e+17 2.3466245123299674e+17 2.2946407379288147e+17 2.2075926352050893e+17 2.142087917498895e+17 2.106604103912339e+17 2.0689635276472576e+17 2.0288257260659158e+17 1.985722557807516e+17 1.9389423482372566e+17 1.828433343976884e+17 1.757580812891149e+17 1.6600293160951242e+17
15425.002160994996 3.2682457982822125e+17 3.203983487141746e+17 3.13284310522273e+17 3.0537011517783526e+17 2.965614528121183e+17 2.864722170910511e+17 2.745970538475729e+17 2.6772607582097715e+17 2.600563093027163e+17 2.5132201317081405e+17 2.4541892741042144e+17 2.4114835514937597e+17 2.341266221297914e+17 2.2896396671774483e+17 2.2031246723768352e+17 2.1379545806136086e+17 2.1026005097240234e+17 2.0650696514686822e+17 2.0250336191436986e+17 1.9820119025192304e+17 1.9352660427573466e+17 1.824762097953867e+17 1.753892936153348e+17 1.656423988794867e+17
15475.002167999797 3.2579933267463744e+17 3.1923126785324026e+17 3.121353017768733e+17 3.042555074380335e+17 2.954872017927265e+17 2.8542327618786806e+17 2.7358711898853114e+17 2.667656110274621e+17 2.5912692351378122e+17 2.5041411692225085e+17 2.4452574746001462e+17 2.4027069305329184e+17 2.332818959038778e+17 2.28135134842953e+17 2.1950059181871174e+17 2.1299217760976934e+17 2.094590541477813e+17 2.057061437934306e+17 2.0170172241308506e+17 1.973979664672547e+17 1.9272162510116262e+17 1.8166880565467472e+17 1.7458578914999418e+17 1.648515828206218e+17
15525.002175004696 3.2170649044470285e+17 3.152441611371043e+17 3.082563657631764e+17 3.0046661577171354e+17 2.917754895167811e+17 2.8180551054077914e+17 2.7008133191688026e+17 2.6336148891002963e+17 2.5583731140306326e+17 2.47263607242147e+17 2.4149295615532e+17 2.373081682171079e+17 2.3043988837048253e+17 2.253888276317624e+17 2.1692401183202915e+17 2.10545159883079e+17 2.0708348655754054e+17 2.0340855379480048e+17 1.9948645849583824e+17 1.9526981065291728e+17 1.906868587370387e+17 1.798452764988095e+17 1.72886217843954e+17 1.6329654112278074e+17
15575.002182009497 3.192237434714707e+17 3.129946103795665e+17 3.060286232058625e+17 2.983362303041144e+17 2.8977177639080314e+17 2.7996240037224138e+17 2.6845471367603152e+17 2.618481048998667e+17 2.544170054345778e+17 2.4598195517043526e+17 2.4029208263187306e+17 2.3617252983099555e+17 2.2940176091869523e+17 2.2441789457766314e+17 2.1606255506034752e+17 2.0975802031929046e+17 2.063324222791439e+17 2.0269387785618154e+17 1.9880552390253165e+17 1.94619598592811e+17 1.9006445819249594e+17 1.792586150923919e+17 1.723012856513036e+17 1.6269029689931632e+17
15625.002189014396 3.223323136757133e+17 3.161219644834101e+17 3.0924285273436544e+17 3.016296207172676e+17 2.930347612526942e+17 2.8325324170934512e+17 2.716993330717173e+17 2.6503099854432826e+17 2.575506099263648e+17 2.48991563487879e+17 2.4319395890447715e+17 2.38989522398237e+17 2.3205700941839686e+17 2.2693890046559264e+17 2.1832109504078154e+17 2.117935034058853e+17 2.0824130718527386e+17 2.0446291384535386e+17 2.0042292731053686e+17 1.96072876090591e+17 1.913415022734038e+17 1.8014738723701635e+17 1.7297777591104547e+17 1.6314716251526528e+17
15675.002196019197 3.142944038018658e+17 3.081150773471273e+17 3.0136352102786797e+17 2.939285731759037e+17 2.8569025241470134e+17 2.7619906064528746e+17 2.6502297422027994e+17 2.585891498387499e+17 2.5138993185616848e+17 2.4318686033293123e+17 2.376510306667921e+17 2.3363787498324266e+17 2.2703221019817712e+17 2.2216470386056013e+17 2.1399169865055274e+17 2.0780415724679994e+17 2.0443912238107008e+17 2.0085833432920477e+17 1.970277687541263e+17 1.9290086028602534e+17 1.8840540789868413e+17 1.7773339111974595e+17 1.7086459197910582e+17 1.6139257119146368e+17
15725.002203024098 3.151555268075495e+17 3.093821379481837e+17 3.0283871716514426e+17 2.955227243009233e+17 2.873833452555297e+17 2.7800267987204707e+17 2.669470563671828e+17 2.6058584394299725e+17 2.5343048164559584e+17 2.4523243063879373e+17 2.3968243779213232e+17 2.3565805983341437e+17 2.2900713075310134e+17 2.240885786843143e+17 2.157855879205641e+17 2.0947459412407504e+17 2.0603123684401766e+17 2.0236119138310262e+17 1.9842860025094077e+17 1.9418450966828653e+17 1.8955467962948544e+17 1.78552744643473e+17 1.7147719872617437e+17 1.6176010761685952e+17
15775.002210028897 3.049274488713361e+17 2.9918812898507955e+17 2.927902753425255e+17 2.8569205742505814e+17 2.7768809081291702e+17 2.6864535046791328e+17 2.5795245316193526e+17 2.517816838507114e+17 2.4491864025235174e+17 2.3707161692498294e+17 2.3177692687024554e+17 2.2795052215059392e+17 2.2165204616316067e+17 2.1700988240972688e+17 2.0920970660134394e+17 2.0330957726926525e+17 2.0009586888855165e+17 1.966728228196689e+17 1.9300854557455152e+17 1.890531922121801e+17 1.847352224938223e+17 1.7443433532858698e+17 1.6775313459018954e+17 1.5844888186008125e+17
15825.002217033798 3.099412505525249e+17 3.0400586623970995e+17 2.975187112337825e+17 2.903282588011344e+17 2.822330517061563e+17 2.729571381855409e+17 2.6210029764671283e+17 2.5581371446098803e+17 2.487512772767559e+17 2.4069039721488202e+17 2.3525246451499427e+17 2.3129743492713053e+17 2.2478739325428218e+17 2.19976341025274e+17 2.1186474348101104e+17 2.0570931328771584e+17 2.0235332793154592e+17 1.987779924440069e+17 1.949474425001914e+17 1.9081418627985456e+17 1.8630570316533542e+17 1.7559170206024138e+17 1.6869067040014634e+17 1.5917187541753552e+17
15875.002224038599 2.9784848715061075e+17 2.9221079152361274e+17 2.861296311357702e+17 2.7931360884302173e+17 2.7181997026608237e+17 2.631681426954484e+17 2.5305616648904083e+17 2.472314011475666e+17 2.4070338798166595e+17 2.3326066013979882e+17 2.2823725506236688e+17 2.2459054672897123e+17 2.1859341468228077e+17 2.141574667917174e+17 2.066876524977097e+17 2.0101872549523434e+17 1.979227081855149e+17 1.9461760099303222e+17 1.9107011939288214e+17 1.872302256371095e+17 1.830261363002323e+17 1.729508508305809e+17 1.6639469640844832e+17 1.572693115439294e+17
15925.002231043496 3.0545907625468346e+17 2.995499062624332e+17 2.931570324011331e+17 2.8611403550347008e+17 2.7814777327963363e+17 2.6905802996013923e+17 2.5838044702004627e+17 2.5220448130684214e+17 2.4531749955365744e+17 2.3742786324050762e+17 2.3209406237717226e+17 2.2822434797267e+17 2.218562957121597e+17 2.1715219105352016e+17 2.0924045348796477e+17 2.0323614181160285e+17 1.999621576685257e+17 1.964751323513653e+17 1.9273794453354582e+17 1.887038504151819e+17 1.843021531307948e+17 1.7383498658229846e+17 1.6709372390393526e+17 1.5780452212871094e+17
15975.002238048297 3.0676520602696275e+17 3.0093519115289984e+17 2.94665757815762e+17 2.876732492721557e+17 2.7984261949785706e+17 2.7078533818566925e+17 2.6014107306680483e+17 2.5401962079551942e+17 2.4711054010713066e+17 2.39239907410728e+17 2.3390280512382243e+17 2.3002106414998653e+17 2.2361889174783174e+17 2.1887473192053328e+17 2.1086019738109408e+17 2.047545655883436e+17 2.014171694801825e+17 1.9785287318304902e+17 1.9402644141545645e+17 1.8988718786306333e+17 1.8536285995610794e+17 1.7457746430410147e+17 1.6761665281097136e+17 1.5801921020025168e+17
16050.002248555596 3.037221341983727e+17 2.9813236864438515e+17 2.918693877971769e+17 2.850691179133784e+17 2.773682846727128e+17 2.6858835742165677e+17 2.5815240606076266e+17 2.5212578491367024e+17 2.453564195675925e+17 2.3760242834359395e+17 2.3233352811539546e+17 2.285040355561242e+17 2.2216933576709194e+17 2.1747380475716867e+17 2.0951922996079507e+17 2.0345303071249453e+17 2.0013191440656445e+17 1.965852161632406e+17 1.9277420892073018e+17 1.8865067458944874e+17 1.8414155628929802e+17 1.7339524502920566e+17 1.664691233415318e+17 1.5694096572159946e+17
16150.002262565296 2.9673602179512237e+17 2.9159210997683584e+17 2.8568027328425024e+17 2.7914823262468483e+17 2.7189789478965885e+17 2.6350465219444685e+17 2.5365745829566387e+17 2.4798009780710358e+17 2.4156328249313344e+17 2.341964298897784e+17 2.291804842305638e+17 2.2552981650790186e+17 2.194827508525332e+17 2.1498698488907075e+17 2.073505126439968e+17 2.015037406261238e+17 1.982951484346842e+17 1.9485778863754112e+17 1.9115651518072797e+17 1.8714032952944246e+17 1.827337637751437e+17 1.72175190651808e+17 1.6533368371788608e+17 1.5589795013077184e+17
16250.002276574898 2.997091770512156e+17 2.9416954678364774e+17 2.8813375181380432e+17 2.813990847327504e+17 2.737045357234687e+17 2.6500354066903408e+17 2.5476410983877622e+17 2.4882562019417277e+17 2.4218192349144192e+17 2.3455830062379536e+17 2.2940390542533453e+17 2.2565350852727712e+17 2.1945084369238186e+17 2.1484349273589062e+17 2.070357478096689e+17 2.010637858283499e+17 1.9779017843025578e+17 1.9428709756142138e+17 1.9051977734141917e+17 1.8643508379809302e+17 1.819611589145447e+17 1.71277095535251e+17 1.6438298395579814e+17 1.5490400692252554e+17
16350.002290584598 2.921259620141091e+17 2.870853522294962e+17 2.8153193488054333e+17 2.7516246637902115e+17 2.6809840426911382e+17 2.599820758428622e+17 2.5034766411455568e+17 2.4474683419327408e+17 2.3843233819804208e+17 2.31186903287343e+17 2.2624445649830528e+17 2.2264406252771296e+17 2.166824479958158e+17 2.1224623111770048e+17 2.0469833665164262e+17 1.9891168687792304e+17 1.957338591075206e+17 1.923296255388911e+17 1.8865992535184278e+17 1.846784948931978e+17 1.8031078990048522e+17 1.6985904235158765e+17 1.631042304548562e+17 1.5382381523318976e+17
16450.002304594298 2.8476775353905853e+17 2.7990959486943302e+17 2.7466398857431427e+17 2.6880317212516483e+17 2.6216687200551827e+17 2.5454640629214803e+17 2.454603934145602e+17 2.401656945626016e+17 2.3416312212411808e+17 2.2724587886586358e+17 2.2252623686131206e+17 2.190772718435712e+17 2.133458710331048e+17 2.0907104519566112e+17 2.0178286659250688e+17 1.9617546603320522e+17 1.9308874631493302e+17 1.8977619297478467e+17 1.8619987521305962e+17 1.823090521797126e+17 1.7802740372645565e+17 1.6771902476230915e+17 1.6100773824607648e+17 1.5172419489880234e+17
16550.002318603998 2.888973805909169e+17 2.8368517459243187e+17 2.779264656032489e+17 2.715285701150027e+17 2.6430504385360954e+17 2.5605171633360077e+17 2.4631779240590787e+17 2.4068479198147568e+17 2.3438674430175706e+17 2.2716147715382275e+17 2.2225730561287456e+17 2.1868256725413936e+17 2.1277899432413165e+17 2.083930891581684e+17 2.0095614813167907e+17 1.9526506877674064e+17 1.9214055328663216e+17 1.88796184508766e+17 1.851969279650332e+17 1.8129376722884963e+17 1.7701599539357846e+17 1.6678862767419504e+17 1.601846296957422e+17 1.511203077658315e+17
16650.002332613698 2.8539827181282464e+17 2.801500685441052e+17 2.7436657615663997e+17 2.6811430598632557e+17 2.609320953770915e+17 2.5282326699239264e+17 2.4324876973894272e+17 2.3771937527289715e+17 2.3149175213951414e+17 2.2434872816934496e+17 2.1951160121656496e+17 2.1598261136488742e+17 2.1014715023738346e+17 2.0581083937397936e+17 1.9844672730633306e+17 1.9280795902389315e+17 1.897134069513712e+17 1.864010840552162e+17 1.8283445377277702e+17 1.7896568241677997e+17 1.7472423022085933e+17 1.6457683881653174e+17 1.580145054071092e+17 1.489832603304951e+17
16750.002346623398 2.7648236904281203e+17 2.718195504547659e+17 2.6662033162703018e+17 2.6085248708896752e+17 2.5444265038056336e+17 2.4690882904700563e+17 2.3800990770757085e+17 2.328196982055302e+17 2.269518733188032e+17 2.2017933435169376e+17 2.1555576461970384e+17 2.1219059073635763e+17 2.0661292850534342e+17 2.0245492528792186e+17 1.953864392945255e+17 1.8996146134185824e+17 1.8698265771984803e+17 1.8379084126595232e+17 1.803521328673803e+17 1.7662020787923613e+17 1.7252555222794128e+17 1.6271995606458582e+17 1.5637396290485888e+17 1.4764670051507315e+17
16850.002360633098 2.675658539219239e+17 2.632472982444599e+17 2.5850566182530954e+17 2.532543801546391e+17 2.472431545279153e+17 2.4027945456450496e+17 2.320294321937138e+17 2.2717920036662768e+17 2.2168303445459782e+17 2.1532173224625357e+17 2.1097581710483008e+17 2.077973060192707e+17 2.0251341893247898e+17 1.9856868856235354e+17 1.9184807976443514e+17 1.8668143641967926e+17 1.8383524516474998e+17 1.807818368479468e+17 1.774840767568178e+17 1.7389708422738016e+17 1.6994910018934442e+17 1.6043342853807702e+17 1.5422820507090038e+17 1.45637594862739e+17
16950.002374642798 2.748929203286792e+17 2.700040084244086e+17 2.646105773245207e+17 2.5865831769508474e+17 2.5200349002919427e+17 2.4426202882885238e+17 2.3516948309387517e+17 2.2990819363036918e+17 2.2397566713666227e+17 2.1718114068363808e+17 2.1256745846591213e+17 2.092051917110129e+17 2.0363117579673216e+17 1.9948641139595622e+17 1.924498250868501e+17 1.870638243519513e+17 1.841060602762965e+17 1.809423095802056e+17 1.775374097437745e+17 1.7384519134245427e+17 1.6979927809245555e+17 1.6012806731202717e+17 1.5388093214217424e+17 1.45311212285568e+17
17050.002388652498 2.6757358771561526e+17 2.6273611340739728e+17 2.5740630075723853e+17 2.5157949520777875e+17 2.4508716323391798e+17 2.375771069057078e+17 2.2873576596495443e+17 2.2365132073513574e+17 2.1791967090398573e+17 2.1137895461173258e+17 2.0693415782500538e+17 2.0369731325978966e+17 1.9834747990907053e+17 1.9438232581710474e+17 1.876561813094236e+17 1.8251288936005482e+17 1.7969317496742154e+17 1.7667836127181603e+17 1.7343466511424547e+17 1.6991794798854275e+17 1.6606230622889997e+17 1.5682694983211702e+17 1.508391926006428e+17 1.4257925414072147e+17
17150.002402662198 2.647067126025946e+17 2.5997877465972176e+17 2.5487001413514822e+17 2.4911974709268976e+17 2.4268677939402234e+17 2.3531458419107958e+17 2.266291939676013e+17 2.215940443033109e+17 2.1596236186547104e+17 2.0951397401804195e+17 2.051245602440833e+17 2.019348784280421e+17 1.9665352960471498e+17 1.9273852914918416e+17 1.8609235417916723e+17 1.8101036991194822e+17 1.7822370645554544e+17 1.7524195307586464e+17 1.720341195980706e+17 1.685569379718614e+17 1.6474551050052765e+17 1.5561927958424163e+17 1.4970615695527418e+17 1.4156258121241394e+17
17250.002416671898 2.5858394445431715e+17 2.54041629880858e+17 2.489754939179114e+17 2.4340020712544947e+17 2.3726195419765587e+17 2.3013603360161494e+17 2.2173603428967098e+17 2.168603366258746e+17 2.114048968800766e+17 2.0514572145348333e+17 2.0089789443444854e+17 1.9780376216361818e+17 1.926972401521893e+17 1.889070823119274e+17 1.8249279706140106e+17 1.775973293518757e+17 1.7491340261305232e+17 1.7204586815087005e+17 1.689617592447088e+17 1.6561981747954237e+17 1.6195682174278554e+17 1.5317735572321712e+17 1.4747806391854797e+17 1.3960843141392998e+17
17350.002430681598 2.446761188628373e+17 2.4103288635058458e+17 2.3704369353708467e+17 2.3258287738113085e+17 2.2760072729950416e+17 2.2164529874563213e+17 2.1452373438671706e+17 2.1030840720560432e+17 2.0550081024111955e+17 1.9994081407751693e+17 1.9612242422971654e+17 1.9332280551555328e+17 1.886612236970484e+17 1.8517912117382397e+17 1.7923540253730826e+17 1.7466022607208995e+17 1.7213935965724096e+17 1.694339438098753e+17 1.6651057103096995e+17 1.633268318581698e+17 1.598166000517273e+17 1.5132221550932154e+17 1.4575128904382742e+17 1.3800528556070102e+17
17450.002444691298 2.5032300440414253e+17 2.4617672844932426e+17 2.4144543893423805e+17 2.3636969282677216e+17 2.3057336961830464e+17 2.238398273859665e+17 2.158954539475149e+17 2.1129404697139734e+17 2.0608420873807363e+17 2.0010953225064298e+17 1.9604355975372637e+17 1.9308419312983798e+17 1.8818049808857347e+17 1.845366380284468e+17 1.7836247710087168e+17 1.7363929480046688e+17 1.710501571806136e+17 1.6827986641296422e+17 1.652989190319738e+17 1.620667325131917e+17 1.5852125335828915e+17 1.5001352712252666e+17 1.4448234975445526e+17 1.368397094856254e+17
17550.0024587009 2.4973075183425005e+17 2.4528579385539488e+17 2.4052656316151638e+17 2.3521352508949565e+17 2.2918960573742333e+17 2.2234818732009347e+17 2.1426037541888035e+17 2.095854440996109e+17 2.043151087899529e+17 1.9830968118492397e+17 1.942159893821292e+17 1.912343125429616e+17 1.8631252387258406e+17 1.8266181900123226e+17 1.7648406001010755e+17 1.717714593802719e+17 1.6919072444388906e+17 1.6643234646540448e+17 1.6346747900440822e+17 1.602547611153014e+17 1.567349414999316e+17 1.4830297472064163e+17 1.4282993971320085e+17 1.3527456636830334e+17
17650.0024727106 2.4593022770811654e+17 2.4169576417094403e+17 2.370156904404613e+17 2.317742905910571e+17 2.259334843411089e+17 2.192367506912254e+17 2.113459707364603e+17 2.0676594015425587e+17 2.0161902343885418e+17 1.9572865397762906e+17 1.917264112763653e+17 1.8882048597716064e+17 1.840062151400323e+17 1.804356080161557e+17 1.743899946443365e+17 1.697754837667991e+17 1.672467607884014e+17 1.645451712941365e+17 1.616397829826794e+17 1.5849091479898563e+17 1.5504027580600845e+17 1.4676905907430563e+17 1.4139661376290771e+17 1.3397936410801053e+17
17750.002486720296 2.4224655040097862e+17 2.3800523726611578e+17 2.3337417268246368e+17 2.281152626781372e+17 2.2226198645182518e+17 2.1562546935564864e+17 2.0780586066365856e+17 2.0326422765740634e+17 1.9816899963672387e+17 1.9234595828278374e+17 1.8839700906552806e+17 1.855196230123794e+17 1.807831949265711e+17 1.7727438550867664e+17 1.7134145871579386e+17 1.6682354745827904e+17 1.643541480141349e+17 1.6171613140626074e+17 1.588826933496739e+17 1.5581583723007936e+17 1.524568832030551e+17 1.444111790876755e+17 1.3918544810254373e+17 1.3196141808973451e+17
17850.002500729996 2.4014433261362365e+17 2.3598071131834358e+17 2.312772105087529e+17 2.2619290500080874e+17 2.2049252201604787e+17 2.1397151553203894e+17 2.062333043267245e+17 2.0178156996088643e+17 1.9675312283525626e+17 1.9099783210439866e+17 1.8709436631937136e+17 1.8426165050586448e+17 1.795631278083912e+17 1.760798894711504e+17 1.7018904770937354e+17 1.656977299743249e+17 1.6324054155960704e+17 1.6061411003946496e+17 1.5779332930302205e+17 1.5473717303368406e+17 1.5139051633431334e+17 1.433755687397719e+17 1.3817260262542288e+17 1.3099135074868274e+17
17950.002514739695 2.37111918263939e+17 2.329963664668781e+17 2.284037697314415e+17 2.2334250293049133e+17 2.1773702238393302e+17 2.1122537906060758e+17 2.036075715529302e+17 1.991894767491168e+17 1.9420922577272618e+17 1.885098242705195e+17 1.846497742936194e+17 1.8184238199696883e+17 1.7721054072102518e+17 1.7377865151721277e+17 1.6797516214192397e+17 1.635577843603462e+17 1.611415184667383e+17 1.5856198867045917e+17 1.5579334322459894e+17 1.527964729488641e+17 1.495159358934286e+17 1.416649807933326e+17 1.3657145703310106e+17 1.2954221595944744e+17
18050.0025287494 2.3235161368526154e+17 2.283975702849238e+17 2.240121242633116e+17 2.1913202332547613e+17 2.136879260121439e+17 2.0740490748157376e+17 2.0000358623602723e+17 1.9567675352667075e+17 1.9085345018955222e+17 1.8531468890512928e+17 1.8155688704153552e+17 1.7881973639115654e+17 1.743041616833792e+17 1.709585956621883e+17 1.653038027402179e+17 1.6099801590456646e+17 1.5864411607164867e+17 1.561309909053263e+17 1.5343145729144048e+17 1.5051038104366515e+17 1.4731157126632166e+17 1.3964749762728648e+17 1.346666526872001e+17 1.2777792825471173e+17
18150.002542759095 2.208131090490035e+17 2.1768194614995245e+17 2.141222690386711e+17 2.1028959714095517e+17 2.058086095346352e+17 2.0060056873878502e+17 1.942988961822179e+17 1.9056605961301488e+17 1.863343831136063e+17 1.8141626052441114e+17 1.7803188330608176e+17 1.755515241782988e+17 1.7143081583731018e+17 1.6835378995070592e+17 1.631094767530902e+17 1.5907525668958013e+17 1.568552972452235e+17 1.5447490476833994e+17 1.5190339761911632e+17 1.491065880928377e+17 1.4602557397020048e+17 1.3857178960732043e+17 1.3368574268114934e+17 1.269004521399889e+17
18250.002556768795 2.236778022833027e+17 2.2000329292366323e+17 2.1596999673225043e+17 2.115243809703244e+17 2.064684478269849e+17 2.006631291192291e+17 1.9369700693832368e+17 1.89681742113161e+17 1.8511013791205517e+17 1.7986685767224877e+17 1.763038748614583e+17 1.7370226271556326e+17 1.6940182016964896e+17 1.662199451190001e+17 1.6083076256424154e+17 1.5672942668369066e+17 1.54487112996827e+17 1.520914950661159e+17 1.4951977753069238e+17 1.467344485831601e+17 1.4368394304674168e+17 1.3636444946281526e+17 1.3159908323494013e+17 1.2499720777347482e+17
18350.002570778495 2.2271075407714138e+17 2.189007852618112e+17 2.1472315973509155e+17 2.1006393827242122e+17 2.0481745893983674e+17 1.988001586587572e+17 1.9175605655864387e+17 1.8764836774318544e+17 1.830421088511385e+17 1.7777557003923325e+17 1.742008074955776e+17 1.7161299115811334e+17 1.6733445039558282e+17 1.6417074302211117e+17 1.5883103996711485e+17 1.5477519279914883e+17 1.5256084622492544e+17 1.5019918213810624e+17 1.4766568252283776e+17 1.4492426787829696e+17 1.4192378803610128e+17 1.3473505988832613e+17 1.3005693531692827e+17 1.2357531895915786e+17
18450.002584788195 2.1795347694807446e+17 2.141357885439862e+17 2.1002867003726307e+17 2.054795113513359e+17 2.0036062767097648e+17 1.9452623406382358e+17 1.8761626296243066e+17 1.836345556106886e+17 1.7918146051228624e+17 1.7406874408921907e+17 1.706083870438976e+17 1.6810126091657565e+17 1.639716273759482e+17 1.6091873808764154e+17 1.5577532031291366e+17 1.518731089345556e+17 1.4974272686201258e+17 1.474732094805838e+17 1.4503775798845107e+17 1.4240314278847669e+17 1.3951717345091418e+17 1.3259429151576397e+17 1.2807869432329269e+17 1.2180274540431382e+17
18550.0025987979 2.165968684414799e+17 2.129865633155687e+17 2.088303498927799e+17 2.0439979769162048e+17 1.992969782209345e+17 1.934717110843596e+17 1.866889924565931e+17 1.8273582016895952e+17 1.782905041178991e+17 1.732333653266727e+17 1.6979882505373254e+17 1.6730321672692403e+17 1.6318649836206797e+17 1.6014318469532016e+17 1.5500478399054282e+17 1.5110098127815862e+17 1.4896891094694493e+17 1.4669613722724035e+17 1.4425665750053197e+17 1.4161652616155115e+17 1.38724838243394e+17 1.3178791331309131e+17 1.2726643058888272e+17 1.2099300855627464e+17
18650.002612807595 2.1146988325744493e+17 2.0794955346355706e+17 2.039849422725776e+17 1.9965747347045453e+17 1.9475399704722208e+17 1.8913770926279434e+17 1.824744982034291e+17 1.7864134361543568e+17 1.7433019849112477e+17 1.6938671450753984e+17 1.660482605510172e+17 1.6362678544344042e+17 1.5963695347757322e+17 1.5669260550406138e+17 1.5173740494750003e+17 1.4797956071951014e+17 1.459299202323142e+17 1.4374567830332208e+17 1.4140406615367499e+17 1.3887076430942174e+17 1.360975967857989e+17 1.2944120507356475e+17 1.2509557964581797e+17 1.190476234750024e+17
18750.002626817197 1.98556781850515e+17 1.9600696307773523e+17 1.9299044613449123e+17 1.897109303010812e+17 1.8588196371910752e+17 1.8145083305688746e+17 1.759937090133703e+17 1.727461545454045e+17 1.6907329911431507e+17 1.6481003731294096e+17 1.61876536864336e+17 1.5973390043086502e+17 1.56167570403702e+17 1.5351147336190982e+17 1.4899635474932646e+17 1.4553530544500634e+17 1.4363614943575818e+17 1.4159961364186808e+17 1.3940466099248864e+17 1.3701502548268144e+17 1.3438274789215917e+17 1.2799756802247397e+17 1.2378739242283208e+17 1.1789231357773538e+17
18850.002640826897 2.0660312096078307e+17 2.031769658402369e+17 1.99445845099378e+17 1.9533019096481008e+17 1.9061234753585206e+17 1.8523009608957373e+17 1.7882895232088173e+17 1.7511569549478298e+17 1.709355239222913e+17 1.6614749342715466e+17 1.6290713282698224e+17 1.6055196539607466e+17 1.5666014140211094e+17 1.5378205357988144e+17 1.489374860249827e+17 1.452602096100485e+17 1.4325367226986693e+17 1.4111513300291184e+17 1.3882067704214358e+17 1.3633812487196974e+17 1.3361927138560762e+17 1.2709005171049768e+17 1.2282756693705482e+17 1.1690171857855186e+17
18950.002654836597 1.9982581853668416e+17 1.964594628675715e+17 1.9277712743003235e+17 1.887309329773466e+17 1.841885875582073e+17 1.7887483948185002e+17 1.7267425971058653e+17 1.690993466393587e+17 1.6510582603164272e+17 1.6055245568827498e+17 1.574719039118775e+17 1.552431775564769e+17 1.5158563392488893e+17 1.4889323719404074e+17 1.4436765482004886e+17 1.4094442762777458e+17 1.3908042657023363e+17 1.3709328181218466e+17 1.349642667886791e+17 1.3265962355388682e+17 1.3013386396921656e+17 1.2404702705706994e+17 1.2004943713099122e+17 1.1444318407662638e+17
19050.002668846297 2.0267738663072406e+17 1.9930877446750218e+17 1.9550409591452874e+17 1.9133071725713443e+17 1.8661977571751568e+17 1.8129559276611536e+17 1.7499320016856957e+17 1.7136840451152653e+17 1.672681730277796e+17 1.6258925164197542e+17 1.5942335580890698e+17 1.5711839652569235e+17 1.5332653313102154e+17 1.5052420306753792e+17 1.4580460980031072e+17 1.422261285179028e+17 1.4027275175065933e+17 1.3819304028328677e+17 1.3595993750383902e+17 1.3354663384688874e+17 1.3090361615239467e+17 1.2455937139768046e+17 1.2041838011781029e+17 1.1466357797125611e+17
19150.002682855997 1.9914947752383418e+17 1.9578376284582595e+17 1.9212850825020467e+17 1.879720473852327e+17 1.8346134449452797e+17 1.782031663620272e+17 1.720250350152391e+17 1.684577914619763e+17 1.6444079075625926e+17 1.5985926819691405e+17 1.5676132696345392e+17 1.545150307350854e+17 1.508032728395456e+17 1.4806693484510746e+17 1.4346684195226877e+17 1.399799432926139e+17 1.3807987522630317e+17 1.3605476261036864e+17 1.3388346819594558e+17 1.315357895323436e+17 1.2896482419310835e+17 1.2278883462550714e+17 1.1875230519887925e+17 1.1313157791874307e+17
19250.002696865697 1.9676132888308867e+17 1.9343419006465018e+17 1.8974432711255686e+17 1.8584121135895507e+17 1.8131190738675514e+17 1.7620849681007533e+17 1.701530501776636e+17 1.6662832206985616e+17 1.6269101430889898e+17 1.5818915231261418e+17 1.5514511063854045e+17 1.5293289100131478e+17 1.4928919396238125e+17 1.4660319614021238e+17 1.420754443516835e+17 1.3864525308718859e+17 1.3677525421813792e+17 1.3478100732160952e+17 1.3264375804435782e+17 1.3033180170203736e+17 1.2779924889734106e+17 1.2171167518195851e+17 1.1773086244747997e+17 1.1218667678040142e+17
19350.002710875397 1.9223510712460486e+17 1.8905219032901862e+17 1.856048304992365e+17 1.8181126541354266e+17 1.774348264771629e+17 1.7242782850769558e+17 1.6652985023173677e+17 1.631278107019306e+17 1.5928814171888896e+17 1.5490340187389987e+17 1.5194336367884253e+17 1.4979544125502403e+17 1.4625445993550902e+17 1.4364699075202282e+17 1.392634978547703e+17 1.3594398708830947e+17 1.3413747376320851e+17 1.322123322140477e+17 1.3014782650597499e+17 1.2791591927479486e+17 1.2547135956786506e+17 1.195914836410007e+17 1.1574014638030893e+17 1.1036028039314918e+17
19450.002724885097 1.8153974813864883e+17 1.7925797783019264e+17 1.7661321910758506e+17 1.735744559402666e+17 1.7017187479710282e+17 1.6611890929876106e+17 1.612171686335196e+17 1.583171691458299e+17 1.5500476697001142e+17 1.511591672748992e+17 1.4852628689956886e+17 1.465994918679253e+17 1.4340640439454253e+17 1.4102839262011203e+17 1.3698856412945038e+17 1.3390084139723894e+17 1.3220750833048806e+17 1.3039455752248533e+17 1.2843982577148011e+17 1.2631324540273197e+17 1.2397004180126845e+17 1.1827856344408483e+17 1.1451678726893294e+17 1.0923292734953534e+17
19550.002738894796 1.8854650189717658e+17 1.8546525596960467e+17 1.8210196509878352e+17 1.7838208878112758e+17 1.7412046683035242e+17 1.69309285321578e+17 1.635935227292432e+17 1.6027234607426733e+17 1.5652982191754096e+17 1.5225393497610806e+17 1.493605914708824e+17 1.4725395719328237e+17 1.4379041920886536e+17 1.4123107305303866e+17 1.3692174787792715e+17 1.336571004658321e+17 1.3187815023043611e+17 1.2997989282318315e+17 1.2794473461253531e+17 1.2574416074026896e+17 1.2333290243994024e+17 1.1753275136566354e+17 1.137354059838637e+17 1.0843917177553526e+17
19650.002752904496 1.8595072137552115e+17 1.828340019563002e+17 1.7943128927556362e+17 1.7570138218014102e+17 1.714938440176461e+17 1.666605260427797e+17 1.6097069915249328e+17 1.5768025542048317e+17 1.5399209262820986e+17 1.49774122231433e+17 1.4692250437872925e+17 1.448565071080099e+17 1.4145509804688509e+17 1.389485668807476e+17 1.3473820350094333e+17 1.3155286751864696e+17 1.2981729482181922e+17 1.2796955126295691e+17 1.2598805034535819e+17 1.2384594618539213e+17 1.2149922728964403e+17 1.158506861902337e+17 1.1214651816839346e+17 1.0696512711367454e+17
19750.002766914196 1.8268036394185382e+17 1.7969326935081974e+17 1.7624107633848035e+17 1.7259109954504704e+17 1.6851544999111875e+17 1.6377484123597334e+17 1.5819864508453366e+17 1.5498460441550707e+17 1.5135378931217965e+17 1.4722985277683914e+17 1.4443472322490326e+17 1.4240863700799514e+17 1.3908883015069061e+17 1.3663472956355992e+17 1.3251656320973475e+17 1.2940371309626133e+17 1.2770836452666974e+17 1.2590383868278622e+17 1.2396889638802171e+17 1.2187587041374581e+17 1.1958253479419746e+17 1.140587767645784e+17 1.1043190441409926e+17 1.0534708429390914e+17
19850.002780923896 1.813694497248325e+17 1.7839840838430922e+17 1.7509103795672845e+17 1.7139467582902653e+17 1.6736242932614445e+17 1.6266030859146653e+17 1.5715491258786787e+17 1.5393530557131917e+17 1.5033982024418416e+17 1.462244004768078e+17 1.4343963845974456e+17 1.4142840975133806e+17 1.3812007078979144e+17 1.35678824492492e+17 1.3157492926524917e+17 1.2847430552155818e+17 1.2678471366502336e+17 1.249854659687694e+17 1.2305769678620082e+17 1.2097271167878283e+17 1.186887686550759e+17 1.1319102727452902e+17 1.0958489868774366e+17 1.045370851630001e+17
19950.002794933596 1.7890283139193053e+17 1.7601533049602637e+17 1.727802205880679e+17 1.6916888212107328e+17 1.651502216266714e+17 1.6053057386387968e+17 1.5508678965472714e+17 1.519407724707766e+17 1.484006585841965e+17 1.4436026980428973e+17 1.4163257563148371e+17 1.3965740917624672e+17 1.364030017240588e+17 1.3400544514285589e+17 1.2998146385053301e+17 1.269373998855359e+17 1.2527977280155384e+17 1.2351393386050091e+17 1.2162122670210474e+17 1.1957528060114366e+17 1.1733273191277218e+17 1.1193223100437982e+17 1.0838699834464046e+17 1.0341905721917002e+17
20050.002808943198 1.7770445207569757e+17 1.7473339342744685e+17 1.7152032950725328e+17 1.6800211898923574e+17 1.6402284814605677e+17 1.5949340823457898e+17 1.5408207077190045e+17 1.5095124555094448e+17 1.474438592032168e+17 1.4344641833857672e+17 1.4073979769979845e+17 1.3877464365620522e+17 1.3554552357596834e+17 1.3316108116790634e+17 1.2915955787946032e+17 1.2613310882679072e+17 1.2448508872104514e+17 1.2273093844460794e+17 1.208496085203621e+17 1.1881595003561533e+17 1.1658761195940293e+17 1.1122296887156848e+17 1.0770437754832336e+17 1.0278339044662658e+17
20150.002822952894 1.7623768535996614e+17 1.7336798050660534e+17 1.7015149736943402e+17 1.6670083749116496e+17 1.6278556251383174e+17 1.5825677579105888e+17 1.529151705333819e+17 1.4982602104869766e+17 1.4632889188250304e+17 1.4234917772203226e+17 1.3966505379908034e+17 1.3771197703192648e+17 1.3449449445000712e+17 1.3212267823708152e+17 1.2813891210425352e+17 1.2512596655071229e+17 1.2348629490408373e+17 1.217396866435038e+17 1.1986806010135696e+17 1.1784449222732286e+17 1.1562798883810642e+17 1.1029474307392094e+17 1.0680041061177765e+17 1.0192141343731406e+17
20250.002836962598 1.7229792401388086e+17 1.694561363381536e+17 1.663798086177223e+17 1.6296697902989936e+17 1.5909208382084048e+17 1.5465596277039597e+17 1.4944233743391706e+17 1.4643418408615997e+17 1.4304731259423293e+17 1.3918747988859528e+17 1.365857074983452e+17 1.3469071394731186e+17 1.3158524562562555e+17 1.292996557606418e+17 1.2546917867717086e+17 1.2257578427642629e+17 1.2100345752393587e+17 1.1932791245896074e+17 1.1753433808464232e+17 1.1559415386940518e+17 1.1346869309199171e+17 1.0834767195331642e+17 1.0498343504337856e+17 1.0026460259697022e+17
20350.002850972298 1.6899799791772154e+17 1.6627932284410253e+17 1.6326195034183315e+17 1.59830105037082e+17 1.5610473935536128e+17 1.5181388589062922e+17 1.4673901958685277e+17 1.4380647305129957e+17 1.4053164667205278e+17 1.3680125697767078e+17 1.3427938179798211e+17 1.3244751643312811e+17 1.294435274587441e+17 1.2723449644523382e+17 1.2353021039551061e+17 1.2073423741032206e+17 1.1921451062599234e+17 1.1759529860295029e+17 1.1586002720679662e+17 1.139828094035568e+17 1.119251540284634e+17 1.0695779311679098e+17 1.036866535822873e+17 9.908708830655987e+16
20450.002864981998 1.694357966836752e+17 1.6659484224216902e+17 1.6362479377748e+17 1.6028111443644134e+17 1.5653061740333258e+17 1.5220591950328707e+17 1.4708816725137066e+17 1.441187567100086e+17 1.4081328844879056e+17 1.3701823665734246e+17 1.3445447736027614e+17 1.3259553413053997e+17 1.2953559713971216e+17 1.2728293084540288e+17 1.235004548528015e+17 1.2064225391021069e+17 1.1908829251174864e+17 1.1743313432687645e+17 1.156601669206294e+17 1.1374303189579302e+17 1.1164276639200026e+17 1.0658422756537989e+17 1.0326461758316504e+17 9.861774863725694e+16
20550.002878991694 1.6645731989684483e+17 1.6376129737859312e+17 1.6083824483882835e+17 1.57530465858056e+17 1.537941302736508e+17 1.495555809230419e+17 1.445263103040266e+17 1.41613061832991e+17 1.3835309361561077e+17 1.3463474160250574e+17 1.321166683857107e+17 1.3030194655526907e+17 1.2731475224180507e+17 1.2511711721705762e+17 1.214363158053266e+17 1.1866220436358242e+17 1.171529192280954e+17 1.1554822323151141e+17 1.13829173433266e+17 1.1197085179399307e+17 1.0993466148421902e+17 1.050254417872839e+17 1.0179789205704718e+17 9.726597003564656e+16
20650.002893001398 1.635069285846019e+17 1.6087314780952666e+17 1.5797331545179245e+17 1.5478532248924723e+17 1.5122089903061014e+17 1.470531181520922e+17 1.421735699370982e+17 1.3935117657938826e+17 1.3618029163873027e+17 1.3256151697763645e+17 1.3011688960254534e+17 1.2834907483036549e+17 1.2544376905395533e+17 1.232999971435632e+17 1.1971067029447046e+17 1.1700616381204088e+17 1.1553453122750288e+17 1.1396812633333046e+17 1.1229008499322037e+17 1.1047506081738382e+17 1.0848482063623152e+17 1.036826908632815e+17 1.0052070773608581e+17 9.607412262365915e+16
20750.002907011094 1.6211102501897414e+17 1.5951524221953552e+17 1.566911154819255e+17 1.534538361277836e+17 1.4988302490317667e+17 1.4577108210258547e+17 1.4092175980540224e+17 1.3814492736402302e+17 1.3498518852361565e+17 1.31393200086919e+17 1.2896593253735634e+17 1.2721056621083102e+17 1.2431724472853536e+17 1.2219104762408597e+17 1.1862651535842096e+17 1.1593813310713296e+17 1.1447684291784213e+17 1.12921562830285e+17 1.1125577733306994e+17 1.0945397970670984e+17 1.0747940091463414e+17 1.0271588753372283e+17 9.958115150212619e+16 9.517546675520437e+16
20850.002921020798 1.5996943696150854e+17 1.5738083963764486e+17 1.5452166696517827e+17 1.5138252082767818e+17 1.478765721087937e+17 1.4379212582404464e+17 1.3900592064219339e+17 1.3622995051281562e+17 1.3312689987328026e+17 1.2959630640929109e+17 1.2720838811592125e+17 1.2548081606692696e+17 1.2264860233802648e+17 1.2057045191376806e+17 1.1708893382675398e+17 1.1446611385785053e+17 1.1304114910337846e+17 1.115253531498281e+17 1.0990197600887307e+17 1.081472390588418e+17 1.0622400271445674e+17 1.0158268415408256e+17 9.852621231875424e+16 9.422618350276504e+16
20950.002935030498 1.5706977282980266e+17 1.5446161419425974e+17 1.517160805329736e+17 1.4865856755323923e+17 1.4522116550238224e+17 1.4126595728805043e+17 1.3659856297333566e+17 1.3390824630693347e+17 1.3088410561084394e+17 1.2743910647344544e+17 1.2512142081477531e+17 1.2343939435515173e+17 1.2068738279161461e+17 1.1866087085326984e+17 1.1527185754472134e+17 1.1272009956824597e+17 1.1133419278470466e+17 1.0985955805104637e+17 1.0827913032206906e+17 1.0657046367197162e+17 1.046967120003594e+17 1.0016996345492368e+17 9.71839867035978e+16 9.297293775582661e+16
21050.002949040194 1.5656777619624973e+17 1.540098525067781e+17 1.5126994918849606e+17 1.4825549698952662e+17 1.4485271462407488e+17 1.4093240169294042e+17 1.362934485927163e+17 1.335970348873291e+17 1.3057516148809469e+17 1.271432782738419e+17 1.248127689775952e+17 1.2313160618238e+17 1.2036453184040376e+17 1.1832998953953579e+17 1.1491896247911898e+17 1.1234846519698952e+17 1.1095155486727133e+17 1.0946442301237592e+17 1.0787129795129062e+17 1.0614902262643328e+17 1.0426034616716787e+17 9.970352441629829e+16 9.670426065201229e+16 9.248969784058312e+16
21150.002963049898 1.541666294293221e+17 1.516995195251059e+17 1.4898912418391606e+17 1.459579544606702e+17 1.4264749923689541e+17 1.3880730751407936e+17 1.3427557245958554e+17 1.3164011909197243e+17 1.2868452675670123e+17 1.2530641904095389e+17 1.2303603892239853e+17 1.2138627561028146e+17 1.1868110428631987e+17 1.1669429133190504e+17 1.1336721703877093e+17 1.1086100687640528e+17 1.0949890286532989e+17 1.0805008908134219e+17 1.064978125188684e+17 1.0481888257496934e+17 1.0297821248592078e+17 9.853245646157624e+16 9.560259936100058e+16 9.147957693703656e+16
21250.002977059594 1.5213145473446608e+17 1.497076249783693e+17 1.4699486487127216e+17 1.440724976069405e+17 1.4077134924909909e+17 1.369624945456e+17 1.3249715364123472e+17 1.2989253549180923e+17 1.269805629809971e+17 1.2366539033564026e+17 1.2142831351758733e+17 1.1981042327861064e+17 1.1715666921669088e+17 1.1520319846404373e+17 1.1193962584316098e+17 1.0948195062074603e+17 1.081467268813918e+17 1.0672672783645558e+17 1.0520544069754773e+17 1.0356034483520054e+17 1.0175631972259192e+17 9.739803966288008e+16 9.452417117651365e+16 9.047575665686002e+16
21350.002991069196 1.505586846982108e+17 1.4822502589040163e+17 1.4565100348825466e+17 1.4280615083429893e+17 1.394972053779952e+17 1.3579994070182934e+17 1.3138981370511747e+17 1.2882658876789987e+17 1.259623424625628e+17 1.2267675308392237e+17 1.2046587973647304e+17 1.18858026882144e+17 1.1622707022574189e+17 1.1428889128677194e+17 1.1104827472863829e+17 1.0860602333878283e+17 1.0727834948364573e+17 1.0586652483739766e+17 1.0435294612030709e+17 1.0271645950940086e+17 1.0092163306801704e+17 9.658498930664755e+16 9.372628893812723e+16 8.970276499501434e+16
21450.0030050789 1.4902129250061792e+17 1.466526256149076e+17 1.4413016485541962e+17 1.412835821959126e+17 1.3805966108187184e+17 1.3432687790399472e+17 1.2993518424606768e+17 1.2738841983603674e+17 1.2454734709352726e+17 1.212919277879397e+17 1.1909228207611301e+17 1.1750268058617973e+17 1.1489502446613269e+17 1.1297749712656515e+17 1.097714021227001e+17 1.0735679500187176e+17 1.0604562618720725e+17 1.0465163518380309e+17 1.03157272362288e+17 1.0154205432027883e+17 9.977136238789613e+16 9.549454891110822e+16 9.267555046482427e+16 8.870564214737301e+16
21550.003019088595 1.4697680753236525e+17 1.446975036431545e+17 1.4220759742974966e+17 1.3944954922672125e+17 1.3633793864560522e+17 1.3273358715560131e+17 1.2841886959184424e+17 1.259154286241089e+17 1.2311787004496944e+17 1.1991884797416237e+17 1.1775301632499403e+17 1.1618684603662643e+17 1.136181884216401e+17 1.1173082095349762e+17 1.085756069365021e+17 1.0619960303868949e+17 1.0491038439790122e+17 1.0353797251593357e+17 1.0206875178544518e+17 1.0048052853310786e+17 9.873871089195413e+16 9.453256602876058e+16 9.176057584667131e+16 8.78584765155324e+16
21650.003033098295 1.3841899380842614e+17 1.3676259600105018e+17 1.3483296244630773e+17 1.3273030073933242e+17 1.3026868187699698e+17 1.2735329279476915e+17 1.2382820339202013e+17 1.2173634897825432e+17 1.1934990840576699e+17 1.1659316625098248e+17 1.147080798153719e+17 1.1333311413431035e+17 1.11054003638646e+17 1.0936419336550997e+17 1.0651098443642877e+17 1.0433764753061445e+17 1.0314776279985638e+17 1.0187501988846194e+17 1.0050288614287138e+17 9.90095290784159e+16 9.7360788478039e+16 9.333438686692226e+16 9.065263581451202e+16 8.684796845993514e+16
21750.003047107995 1.4184729361875027e+17 1.3981689411349842e+17 1.3744156544707971e+17 1.3480314680003206e+17 1.3178685287494851e+17 1.283430379319806e+17 1.2425297914240258e+17 1.218709296250991e+17 1.1919762938674096e+17 1.1615159134526907e+17 1.1410229104082026e+17 1.1261798269378224e+17 1.1018272850996411e+17 1.0839553039117902e+17 1.0541078356206794e+17 1.0316630321913283e+17 1.0194775667119851e+17 1.0065238683454845e+17 9.926333809473376e+16 9.77608932162769e+16 9.61118085678999e+16 9.211882737246517e+16 8.947698657541234e+16 8.57388236474478e+16
21850.003061117695 1.4096085232245666e+17 1.3875893504485058e+17 1.3636708716465534e+17 1.3367025836633277e+17 1.3067565071533374e+17 1.2723305308639538e+17 1.231563779212161e+17 1.207928106448578e+17 1.1814784751666768e+17 1.1512556875915011e+17 1.1308685564819264e+17 1.1161481797407061e+17 1.0920192866104182e+17 1.0743065296794683e+17 1.0447397747967179e+17 1.022504910446466e+17 1.010436807863413e+17 9.975968280996683e+16 9.838467240359866e+16 9.68969872956689e+16 9.526434293911621e+16 9.131177656513486e+16 8.869822174110432e+16 8.500400331706966e+16
21950.0030751274 1.4041426549835302e+17 1.3815893840887082e+17 1.3574873659884555e+17 1.3310375059465032e+17 1.3006398840800634e+17 1.2661066488853832e+17 1.2253124327916822e+17 1.2014440839482184e+17 1.1749525179663648e+17 1.1446624289600379e+17 1.1242749766492349e+17 1.1094789511888182e+17 1.085320208083377e+17 1.0675771667530085e+17 1.0379451708280448e+17 1.015680179400958e+17 1.003591837921608e+17 9.907438135273474e+16 9.769867144406494e+16 9.62114391633346e+16 9.457988379973198e+16 9.06364573478677e+16 8.803357754069061e+16 8.436190509438554e+16
22050.003089137095 1.3707897166725382e+17 1.3497997718959456e+17 1.3266089528377819e+17 1.300956299718422e+17 1.2718398109755733e+17 1.2381874093099851e+17 1.1986353948098154e+17 1.1758473429128771e+17 1.1501643041194245e+17 1.121011331382854e+17 1.1013480846641434e+17 1.087152297796377e+17 1.063924367196862e+17 1.0469058673770346e+17 1.018473800716622e+17 9.971053751701291e+16 9.85507090426082e+16 9.73170110367013e+16 9.59954493468686e+16 9.45654533097854e+16 9.299573597475949e+16 8.919139638140843e+16 8.667155289053758e+16 8.310060160093568e+16
22150.003103146795 1.3676126156258858e+17 1.3463918774699712e+17 1.3233950482356854e+17 1.2973437232046576e+17 1.2688772656706378e+17 1.2354406091873266e+17 1.1961898412356544e+17 1.1734679550228843e+17 1.1477816520475291e+17 1.1186383659734352e+17 1.0989467270747389e+17 1.0847719714597482e+17 1.061466123904992e+17 1.044378980188803e+17 1.01583734577957e+17 9.943760577485048e+16 9.827235072001942e+16 9.703339810235638e+16 9.570584782631662e+16 9.427006998757963e+16 9.269436734788437e+16 8.88796764420048e+16 8.635871676793874e+16 8.280052247925941e+16
22250.003117156495 1.3486232987967482e+17 1.3281630604053074e+17 1.305000130865753e+17 1.2799015899929701e+17 1.2507444122763845e+17 1.2177304504820642e+17 1.178732672767712e+17 1.1561132855737667e+17 1.1308038261032954e+17 1.1020151385053094e+17 1.082637233526939e+17 1.0686089255528434e+17 1.045646707195403e+17 1.0288251839563702e+17 1.000777682014133e+17 9.79699741480856e+16 9.682635254072238e+16 9.561035698826485e+16 9.430869319132694e+16 9.29006248500118e+16 9.135611139162429e+16 8.761670528792698e+16 8.514296704512925e+16 8.164231367540813e+16
22350.003131166195 1.3330814551702683e+17 1.3123391894188835e+17 1.2893485622917285e+17 1.2643385299808798e+17 1.2359521308425034e+17 1.2032946020250038e+17 1.1646777070590379e+17 1.1424703041571424e+17 1.1175250165398117e+17 1.0891489886843502e+17 1.0700509354261555e+17 1.056255744126954e+17 1.0336731626754069e+17 1.0171214549393269e+17 9.89537982823924e+16 9.688226588618267e+16 9.575926203389982e+16 9.456506966091034e+16 9.328646864770872e+16 9.190352584474939e+16 9.038603945001568e+16 8.671142964078931e+16 8.427985694776683e+16 8.083723632056914e+16
22450.0031451759 1.3183109934534568e+17 1.2978184298000997e+17 1.274914608104556e+17 1.2503309194768304e+17 1.2223364705495914e+17 1.1900984324632728e+17 1.1521561339554693e+17 1.130101716254423e+17 1.1055247902416091e+17 1.0775262400860696e+17 1.058706376376274e+17 1.0450907354065715e+17 1.0228169258385931e+17 1.0065235062938075e+17 9.793372034545466e+16 9.589322383191867e+16 9.478648305746939e+16 9.361056021412024e+16 9.235039172818667e+16 9.098784695248733e+16 8.94927837930193e+16 8.587164404629398e+16 8.347502464509627e+16 8.008132600152262e+16
22550.003159185493 1.2976574648045333e+17 1.2773023094785403e+17 1.2555711137116006e+17 1.2316607673591701e+17 1.2042717828111394e+17 1.1730830418653118e+17 1.136221846437983e+17 1.1147531110689794e+17 1.0908160990732067e+17 1.0635669447130402e+17 1.0452249643220981e+17 1.0319975682088616e+17 1.0103104239313552e+17 9.944403453069629e+16 9.679384265467496e+16 9.480231821989024e+16 9.372282680830629e+16 9.25743863883136e+16 9.13433165944543e+16 9.001051669660232e+16 8.85472363348246e+16 8.49970086226757e+16 8.264349865357594e+16 7.930642419721429e+16
22650.003173195197 1.2818052471627798e+17 1.2621067186838288e+17 1.2404052833932338e+17 1.2160080812139909e+17 1.1889496039430291e+17 1.157878072131862e+17 1.121378680574173e+17 1.1000992684352774e+17 1.076358381246102e+17 1.0494034735481475e+17 1.0312944691096525e+17 1.0182306838535987e+17 9.968301447965538e+16 9.811936123647118e+16 9.551334990835586e+16 9.355832674395035e+16 9.249841678368437e+16 9.137170969014373e+16 9.016452539383614e+16 8.885891589534523e+16 8.742500728580211e+16 8.394750339034163e+16 8.164161826133381e+16 7.836846428635294e+16
22750.003187204897 1.273796915381281e+17 1.2542590589607454e+17 1.2326682191865038e+17 1.2090507719711618e+17 1.1823607362649942e+17 1.151845599178271e+17 1.1155570010808936e+17 1.094527100091054e+17 1.0709796006630605e+17 1.0441175829811307e+17 1.0261219809213069e+17 1.0130799138708472e+17 9.917724725781091e+16 9.76154728676874e+16 9.50141113413603e+16 9.30610383663593e+16 9.200156380638926e+16 9.087504310311677e+16 8.966865795225062e+16 8.836301131232746e+16 8.693004513563725e+16 8.345660906213277e+16 8.115651536346082e+16 7.789972258646854e+16
22850.003201214597 1.2493688457439613e+17 1.2305023894208624e+17 1.2094770776285826e+17 1.1861017522019888e+17 1.1600096159553259e+17 1.1298741464911317e+17 1.0942744159751646e+17 1.0738215158728158e+17 1.0509170940344838e+17 1.0248778052693218e+17 1.0073708148975594e+17 9.947435995276848e+16 9.741040556338434e+16 9.590326051555576e+16 9.339312289418474e+16 9.15101805012039e+16 9.048931414661248e+16 8.940393250492802e+16 8.824152825191883e+16 8.698327893236346e+16 8.560088162023818e+16 8.22454672135255e+16 8.001754931310498e+16 7.685063935194237e+16
22950.003215224297 1.2228367826655885e+17 1.2032721861689621e+17 1.1810646260658842e+17 1.1568781095694362e+17 1.1296685256433915e+17 1.0982269712387464e+17 1.0613226828918152e+17 1.0400213023277986e+17 1.0162181447780741e+17 9.893391864909728e+16 9.713651041445427e+16 9.5844198516443e+16 9.374191967154976e+16 9.221033983563086e+16 8.96715001434361e+16 8.7774450897202e+16 8.674765790900597e+16 8.565647410096594e+16 8.448737201104403e+16 8.322078619834493e+16 8.182587860204299e+16 7.840532533317563e+16 7.608440433777325e+16 7.266149110323594e+16
23050.003229233993 1.2230805802204963e+17 1.2037869472771854e+17 1.1827278133526725e+17 1.1591934223681309e+17 1.1325664752585653e+17 1.1023688008003637e+17 1.0665647498975474e+17 1.0458672353308118e+17 1.0227878295843632e+17 9.965638577767398e+16 9.789539967636027e+16 9.663121427339502e+16 9.456407633547658e+16 9.305612413157646e+16 9.054584938579275e+16 8.86678496178842e+16 8.764995533506291e+16 8.656831332447446e+16 8.540943341581816e+16 8.415457191269554e+16 8.277462070228933e+16 7.940912087609072e+16 7.715264531368114e+16 7.388990747296112e+16
23150.003243243696 1.2071979952680437e+17 1.1884725258228885e+17 1.1680328211146765e+17 1.1450673959261277e+17 1.1192186356934248e+17 1.0896716515196574e+17 1.0547338366940872e+17 1.0346016913898184e+17 1.012050958981905e+17 9.865045421632467e+16 9.693277905566726e+16 9.569845479579312e+16 9.367859986169451e+16 9.220279286886442e+16 8.975020380910584e+16 8.791260779266634e+16 8.691692727261813e+16 8.585885667832752e+16 8.472468572951986e+16 8.349638184045746e+16 8.214589772837286e+16 7.885441475438949e+16 7.665034459137979e+16 7.34688518962709e+16
23250.003257253396 1.1720431669117062e+17 1.1523884417550269e+17 1.1309584121089667e+17 1.1070765799111768e+17 1.0803836344381189e+17 1.0495726470219752e+17 1.0136437067812875e+17 9.93088136214958e+16 9.702145435359333e+16 9.445054340098491e+16 9.27389800320372e+16 9.15127623792717e+16 8.952082735239272e+16 8.807347617882363e+16 8.567835689363658e+16 8.388972697124837e+16 8.292118562140453e+16 8.18908996327765e+16 8.07852767411135e+16 7.958427861197437e+16 7.82572691783942e+16 7.497854187471122e+16 7.272906283663043e+16 6.9365315190831656e+16
23350.003271263096 1.1692991752369757e+17 1.1509758074443856e+17 1.1307952307730134e+17 1.1082947772226678e+17 1.0829229504990851e+17 1.0536944626965333e+17 1.0194910099332938e+17 9.99768488828673e+16 9.777828841290318e+16 9.529187936663285e+16 9.36241978903463e+16 9.242797557433458e+16 9.047754422916358e+16 8.90553854271802e+16 8.669324894486754e+16 8.492653233897227e+16 8.396876623288328e+16 8.29499352890197e+16 8.185756080259707e+16 8.067298033743542e+16 7.936768465306707e+16 7.616834154159291e+16 7.400537464982392e+16 7.083748608997408e+16
23450.003285272796 1.1675705337658982e+17 1.1493558941140893e+17 1.1294831202749525e+17 1.1073696284621203e+17 1.082424466874944e+17 1.053660070575456e+17 1.0198076477797314e+17 1.0002111127370272e+17 9.783295202054035e+16 9.535437916210794e+16 9.369184383002787e+16 9.249383275492229e+16 9.05445493312699e+16 8.911995552982878e+16 8.67533391575065e+16 8.49816589463782e+16 8.402147047675211e+16 8.300036982006798e+16 8.190596362955917e+16 8.07199098175606e+16 7.941394428845136e+16 7.622192118396238e+16 7.40735493923819e+16 7.094538995905393e+16
23550.003299282493 1.1262693890637138e+17 1.1072430431595866e+17 1.0863287619256818e+17 1.0632762412397504e+17 1.0372947562010357e+17 1.0077556299756304e+17 9.731438014349952e+16 9.533229195908435e+16 9.313906541068104e+16 9.067710847327462e+16 8.90408052265671e+16 8.787011809189664e+16 8.597247491150702e+16 8.459614312112717e+16 8.232234410785365e+16 8.062600194524939e+16 7.970725121630429e+16 7.872989482877698e+16 7.768054950441907e+16 7.653979409588357e+16 7.527768617821438e+16 7.2149182313343e+16 6.999048707681704e+16 6.6731680206113144e+16
23650.003313292196 1.134792862571177e+17 1.1165133532054866e+17 1.0969310118577806e+17 1.0750827640718635e+17 1.0503005676849587e+17 1.0219109611874803e+17 9.885727704240056e+16 9.693540601743085e+16 9.478855361545296e+16 9.23643079467788e+16 9.074220624840566e+16 8.957629594148661e+16 8.768045080905555e+16 8.629788688367358e+16 8.400389235942226e+16 8.228801425574688e+16 8.135831230933259e+16 8.03693228146039e+16 7.930900267853032e+16 7.815861040125931e+16 7.689026678511787e+16 7.377812328307656e+16 7.166907629243785e+16 6.856676495256083e+16
23750.003327301896 1.1160694564752426e+17 1.098754266680211e+17 1.0794407035277597e+17 1.058261471280695e+17 1.0344662603891416e+17 1.0072829033390774e+17 9.751944978866245e+16 9.56747135116959e+16 9.36154839346519e+16 9.128985706662789e+16 8.973096843217461e+16 8.861100972312264e+16 8.678688259544758e+16 8.545657545582755e+16 8.324776210807466e+16 8.159423795315134e+16 8.069744475051603e+16 7.974334566546022e+16 7.871985122602482e+16 7.760871359285122e+16 7.638299078924354e+16 7.337312029864064e+16 7.133164730106268e+16 6.832410727373415e+16
23850.003341311494 1.0848426495225893e+17 1.0666927009650674e+17 1.0468676478945587e+17 1.0248475501990778e+17 1.000090090655727e+17 9.717800901157627e+16 9.387657804764987e+16 9.198119830490994e+16 8.988070918681411e+16 8.75280273069122e+16 8.59656949746867e+16 8.484891041889195e+16 8.304007094881357e+16 8.172901289141506e+16 7.956493891054218e+16 7.795234456541662e+16 7.707935229924051e+16 7.615070948570986e+16 7.515388291315288e+16 7.407001477077848e+16 7.28704194737839e+16 6.989244640186055e+16 6.783179904227043e+16 6.470917474817318e+16
23950.003355321198 1.0936537810671144e+17 1.0763228509533227e+17 1.0572178517120774e+17 1.0360283901610883e+17 1.0121977303783978e+17 9.847297845141698e+16 9.524084396295232e+16 9.338066301275624e+16 9.131122133872426e+16 8.897112430143197e+16 8.740962501527419e+16 8.628895810065027e+16 8.446562955865546e+16 8.313970934373325e+16 8.094239380455016e+16 7.93014300304801e+16 7.841315800121389e+16 7.746858048171376e+16 7.645576449214666e+16 7.535730866330546e+16 7.414584687680872e+16 7.11675497067244e+16 6.913996465521303e+16 6.613441436753303e+16
24050.003369330894 1.0837983190283486e+17 1.0667723283597208e+17 1.0482140740314275e+17 1.0276800281622494e+17 1.0044084720964059e+17 9.777194396231989e+16 9.462982296442472e+16 9.281978206772338e+16 9.080421141541525e+16 8.852430157745146e+16 8.700115738355173e+16 8.590690280004928e+16 8.412512689272957e+16 8.282834920929813e+16 8.067849422608643e+16 7.907157249958293e+16 7.820086595694902e+16 7.727516830867818e+16 7.628190416833419e+16 7.520421387208834e+16 7.40155771892181e+16 7.109482843448807e+16 6.911142882022705e+16 6.618452277950433e+16
24150.003383340594 1.0515127860048237e+17 1.0341115745021368e+17 1.015121118199142e+17 9.940941420096603e+16 9.70468120827732e+16 9.434769991905376e+16 9.119080692724779e+16 8.938184625283563e+16 8.737634361727725e+16 8.512519245604285e+16 8.362848433776245e+16 8.256001603127662e+16 8.082783003114694e+16 7.957305743298149e+16 7.750122396119517e+16 7.595772998718e+16 7.51221173098311e+16 7.423343787735062e+16 7.327925314696723e+16 7.224178326537768e+16 7.1093538096287896e+16 6.824339143131778e+16 6.627230564106266e+16 6.328980004256519e+16
24250.003397350298 1.0535974115324384e+17 1.0367344353157494e+17 1.0182641291122344e+17 9.977063590693506e+16 9.747652090829675e+16 9.483279518463746e+16 9.17290294528762e+16 8.994396516190934e+16 8.79592746177251e+16 8.5722668925766e+16 8.423187871007579e+16 8.316205179342885e+16 8.142724230808536e+16 8.016727004354613e+16 7.808448976363056e+16 7.65317889261856e+16 7.569143472351701e+16 7.479864130781227e+16 7.384123449624555e+16 7.280280730030891e+16 7.165699316884163e+16 6.883587111896737e+16 6.690972760330791e+16 6.40428028740081e+16
24350.003411359994 1.0432882719429955e+17 1.027081777211031e+17 1.0091616313745778e+17 9.894200722192042e+16 9.671475026329259e+16 9.416567635931886e+16 9.116319477711397e+16 8.943463195891989e+16 8.751245565006749e+16 8.534176745019075e+16 8.38927619383727e+16 8.28537229849349e+16 8.116326240605736e+16 7.993340620355678e+16 7.789664378704091e+16 7.637501173597896e+16 7.555076437780262e+16 7.467394474738102e+16 7.373306466338251e+16 7.271154888756269e+16 7.158387572578914e+16 6.88079982677681e+16 6.691729541607647e+16 6.41159132212335e+16
24450.003425369698 1.0267468373762718e+17 1.0100673241225718e+17 9.918687679565064e+16 9.716677517136707e+16 9.489363602172011e+16 9.228842997432442e+16 8.922455285200754e+16 8.746762465821714e+16 8.551905687883256e+16 8.332803189841051e+16 8.186980041519584e+16 8.082740976660742e+16 7.913903945377771e+16 7.791572772395338e+16 7.5896674988687e+16 7.439369256865166e+16 7.358092952831123e+16 7.271714441121461e+16 7.179076780137207e+16 7.078502285110837e+16 6.967378724729194e+16 6.692647439264019e+16 6.503741973321193e+16 6.219906272465868e+16
24550.003439379398 1.0066347905968726e+17 9.904556648255072e+16 9.727656185412885e+16 9.533259043665069e+16 9.315084716751926e+16 9.064257843154787e+16 8.769961585214157e+16 8.601560717983754e+16 8.41483744560904e+16 8.204994160501243e+16 8.065495678229578e+16 7.96576258426477e+16 7.804104491467837e+16 7.686924990907275e+16 7.49347572275669e+16 7.349299577183832e+16 7.271299321092458e+16 7.188363498940286e+16 7.099368413457624e+16 7.002691594492459e+16 6.8958139113530024e+16 6.631377867025247e+16 6.449402181386821e+16 6.175747796482818e+16
24650.003453389094 1.0135389233325782e+17 9.980249913358646e+16 9.808385871343782e+16 9.617236590108555e+16 9.401722594933422e+16 9.15489480709512e+16 8.864827299340082e+16 8.697902305196589e+16 8.51150095715863e+16 8.301428499523208e+16 8.161170579371694e+16 8.0604873705725e+16 7.896994499375403e+16 7.778059571232203e+16 7.581125434173088e+16 7.434048793009027e+16 7.354389186703789e+16 7.269649178922184e+16 7.178736968569068e+16 7.08003617705318e+16 6.971102243863776e+16 6.7030631459755944e+16 6.520673616516479e+16 6.250782988166086e+16
24750.003467398798 9.931164720318893e+16 9.775703081668939e+16 9.605183316462925e+16 9.415854766540106e+16 9.203024102554304e+16 8.959088879091443e+16 8.672693360502747e+16 8.508413313342718e+16 8.325655334179398e+16 8.119765151543218e+16 7.982658395093629e+16 7.884482264592675e+16 7.725144935033832e+16 7.609513793468678e+16 7.418339112101827e+16 7.275744889218213e+16 7.198549506889396e+16 7.1164588462515176e+16 7.028371246865131e+16 6.9327039199106264e+16 6.82700752640049e+16 6.5660526196105704e+16 6.387282464905332e+16 6.120238839009595e+16
24850.003481408494 9.739026063258714e+16 9.585680556597154e+16 9.417613155023858e+16 9.231550227533853e+16 9.021301909257934e+16 8.780412532547462e+16 8.497575880244232e+16 8.335084859620176e+16 8.154521535579242e+16 7.951534077228218e+16 7.81641206780435e+16 7.71974149638872e+16 7.563005522754173e+16 7.449442768339024e+16 7.261894370662542e+16 7.122238094322239e+16 7.046680559339553e+16 6.96637241264552e+16 6.880225278709575e+16 6.786678998786352e+16 6.683307207215285e+16 6.427684799908657e+16 6.251713618436899e+16 5.986433312491396e+16
24950.003495418197 9.767546392195702e+16 9.615874756529912e+16 9.450430359513688e+16 9.267006039822811e+16 9.059378339335752e+16 8.821662742857342e+16 8.542350438974784e+16 8.381692722519443e+16 8.20297388182241e+16 8.001743547715456e+16 7.86759552589588e+16 7.771408542229862e+16 7.615496691443213e+16 7.502222358007125e+16 7.314911119285166e+16 7.175193242523624e+16 7.099528843299095e+16 7.019072054929539e+16 6.932743592935457e+16 6.838999741507757e+16 6.735484527091232e+16 6.480387456438787e+16 6.306261045274039e+16 6.047343609521707e+16
25050.0035094278 9.688802308614506e+16 9.54029859844467e+16 9.377507715019256e+16 9.196000786974014e+16 8.992517368790774e+16 8.758420481662608e+16 8.483528904742525e+16 8.325563138342994e+16 8.150026612875186e+16 7.952507994076838e+16 7.820737911312094e+16 7.726314383791842e+16 7.573153043536566e+16 7.461918250412706e+16 7.27792889842469e+16 7.140668742563547e+16 7.066347493913566e+16 6.987300306936749e+16 6.902499659785831e+16 6.810435213122409e+16 6.70879553392486e+16 6.458612984531608e+16 6.288276938175813e+16 6.036106014926205e+16
25150.003523437495 9.519391141979845e+16 9.369280995525157e+16 9.20412163342422e+16 9.021003490849325e+16 8.814327907961998e+16 8.57758954507723e+16 8.299338384658202e+16 8.139611687606702e+16 7.962137237798795e+16 7.762756130727035e+16 7.630174450595485e+16 7.53532964484691e+16 7.3816913091866e+16 7.270489724876978e+16 7.08693949836555e+16 6.950364533521059e+16 6.876530590900494e+16 6.798061544816967e+16 6.713928962984295e+16 6.6226045906733624e+16 6.521727675594261e+16 6.2724893983776424e+16 6.101133403500216e+16 5.8432532506902136e+16
25250.003537447195 9.49676663415925e+16 9.35108438572712e+16 9.191533518488749e+16 9.013086068051376e+16 8.812857301861853e+16 8.58336460406678e+16 8.312907739914768e+16 8.1572647028221e+16 7.98405308870219e+16 7.788853013595058e+16 7.658723398331702e+16 7.565510724127038e+16 7.414222376064602e+16 7.304392612837413e+16 7.122793160731834e+16 6.9873328697231256e+16 6.9139985948117624e+16 6.836015791917612e+16 6.752357818164589e+16 6.661531932950332e+16 6.561272764033869e+16 6.3143996969973864e+16 6.146082324264265e+16 5.8961826257322296e+16
25350.003551456895 9.39426069909994e+16 9.251285612354174e+16 9.095129947584998e+16 8.921089453879734e+16 8.725154302154589e+16 8.499977709086195e+16 8.235383268821179e+16 8.08328628928177e+16 7.913869752592925e+16 7.723005607032558e+16 7.595776536857315e+16 7.504580421302627e+16 7.356594356846072e+16 7.24916528399983e+16 7.071452501823948e+16 6.938884955534179e+16 6.867120357265895e+16 6.790801005269808e+16 6.708938981748151e+16 6.62006955093513e+16 6.521974124776474e+16 6.280592729019619e+16 6.116313888124476e+16 5.8731904825044216e+16
25450.003565466595 9.223445980370587e+16 9.082369377547314e+16 8.926859291013488e+16 8.755945478531872e+16 8.562103390983656e+16 8.340205037473974e+16 8.080089390239858e+16 7.93092838065252e+16 7.765210409196322e+16 7.578740785466734e+16 7.45466113484961e+16 7.365898889583512e+16 7.221986063058123e+16 7.117575134445227e+16 6.945184494938531e+16 6.816677849768662e+16 6.747138409169847e+16 6.6731834076783464e+16 6.5938386376737096e+16 6.507671043777114e+16 6.412496268502264e+16 6.1777737002068296e+16 6.017274815168468e+16 5.7780897398655144e+16
25550.0035794763 9.14622708171388e+16 9.008115191458278e+16 8.856081987007606e+16 8.686762898974413e+16 8.496768882276187e+16 8.278299087914978e+16 8.021783473766299e+16 7.874081936561302e+16 7.710037655778173e+16 7.525215231569432e+16 7.40205911603544e+16 7.313802775619802e+16 7.170604380432943e+16 7.066652818837071e+16 6.894799392073234e+16 6.766555500501997e+16 6.697106238347958e+16 6.6232435869368584e+16 6.543989509577473e+16 6.457912353870189e+16 6.362842153637929e+16 6.1285058529504904e+16 5.968426914109143e+16 5.729968563182628e+16
25650.003593485995 9.041995094334618e+16 8.907164589037216e+16 8.759070990938605e+16 8.595418064982144e+16 8.410467197793717e+16 8.198050908257965e+16 7.948446508040213e+16 7.805055269781267e+16 7.64532374101425e+16 7.465702073538045e+16 7.345881950199e+16 7.260055127399053e+16 7.120677179535086e+16 7.019456787182633e+16 6.8518969763579016e+16 6.726708381660569e+16 6.658860970664858e+16 6.586636763333517e+16 6.509063659164969e+16 6.424745396112452e+16 6.331545980307601e+16 6.101710137823456e+16 5.944898573727166e+16 5.712232937795447e+16
25750.003607495695 9.03830847512295e+16 8.903822768502597e+16 8.75549505902016e+16 8.591161239056989e+16 8.405834102796333e+16 8.192001896624646e+16 7.940840649074622e+16 7.796113044402283e+16 7.635060459042026e+16 7.453495134468672e+16 7.332452711590715e+16 7.245709969476851e+16 7.10494744760109e+16 7.0027015235434904e+16 6.833652986116184e+16 6.707506017603182e+16 6.6392139856194984e+16 6.56658891207137e+16 6.488680393759703e+16 6.404107571841916e+16 6.310760593743869e+16 6.0812564007333496e+16 5.925357725454783e+16 5.695325962900225e+16
25850.00362150539 8.792599224417534e+16 8.658509138645373e+16 8.511397430861771e+16 8.348011900405443e+16 8.164451905303269e+16 7.954246321865634e+16 7.707845008004982e+16 7.566880943781834e+16 7.410341365728808e+16 7.234705761363374e+16 7.1180539658141176e+16 7.0346664344262984e+16 6.8996712194165096e+16 6.80186459155566e+16 6.640479138306467e+16 6.520251173582239e+16 6.455184864539469e+16 6.385976667758341e+16 6.311712783291372e+16 6.231036766584129e+16 6.1418857703356776e+16 5.921744513200022e+16 5.7707573284598856e+16 5.544344297294691e+16
25950.003635515095 8.813300186625803e+16 8.681524359610491e+16 8.535998836785696e+16 8.374771901394686e+16 8.192941792013214e+16 7.98400934840553e+16 7.738541600140112e+16 7.597615841638517e+16 7.44084255711067e+16 7.264484836894064e+16 7.147111343259991e+16 7.063071847161331e+16 6.9267844839179144e+16 6.82792354209356e+16 6.664552792799884e+16 6.5427499785988024e+16 6.476819789703381e+16 6.406711739348959e+16 6.331496985327992e+16 6.249844980725107e+16 6.159712139453578e+16 5.9378751759679784e+16 5.786771003177077e+16 5.562548684054787e+16
26050.003649524795 8.747807607461506e+16 8.620423460549634e+16 8.478786645933962e+16 8.3212822560877e+16 8.143183956098334e+16 7.938687990536102e+16 7.697421054682142e+16 7.558661482320656e+16 7.40403522897037e+16 7.229839699833635e+16 7.11367508306746e+16 7.030447486407288e+16 6.89542681119345e+16 6.7974243462842296e+16 6.635410121353812e+16 6.514577553943616e+16 6.449154920174667e+16 6.379586598246301e+16 6.304950571475828e+16 6.223931148982439e+16 6.134507035608015e+16 5.914634949506979e+16 5.7652305268341784e+16 5.544642954371021e+16
26150.003663534495 8.604385653472896e+16 8.481720153518715e+16 8.34550929283731e+16 8.194075948075211e+16 8.022188525682835e+16 7.824366558278525e+16 7.590868313471934e+16 7.45616738593555e+16 7.306013699909726e+16 7.136660921332387e+16 7.023667223361226e+16 6.942653886794685e+16 6.8110392554370424e+16 6.715419101252397e+16 6.557090029158195e+16 6.438757633447592e+16 6.374593927615097e+16 6.306287691384548e+16 6.232924814559419e+16 6.1531890751383064e+16 6.065083102933278e+16 5.848024457972706e+16 5.700167802794362e+16 5.4810761580080984e+16
26250.003677544195 8.200510008048448e+16 8.106289652525277e+16 7.999894147138374e+16 7.879017307649082e+16 7.739489006119365e+16 7.575511932181186e+16 7.377744493025413e+16 7.261590828249853e+16 7.130694333571462e+16 6.980994790709533e+16 6.8799948172051416e+16 6.807005570984801e+16 6.687479130933853e+16 6.59983805408083e+16 6.453275456884993e+16 6.342598100051715e+16 6.28221214332236e+16 6.2176527064574936e+16 6.148018606360551e+16 6.0720284766777304e+16 5.987738698760302e+16 5.7789827724060776e+16 5.636105370004221e+16 5.4235827408076504e+16
26350.003691553797 8.428288119338482e+16 8.308636370111208e+16 8.175818289466642e+16 8.028049853369394e+16 7.860131388521128e+16 7.666716285702622e+16 7.438290578499792e+16 7.306868609730062e+16 7.1605362493457176e+16 6.995667211923909e+16 6.885824234679721e+16 6.807121915454184e+16 6.6795173525944984e+16 6.586895505659743e+16 6.4337468544585864e+16 6.319460983458834e+16 6.257557509234753e+16 6.191695659575374e+16 6.1209944067279544e+16 6.0441920781600456e+16 5.9593602890797976e+16 5.75055183887842e+16 5.608497622707356e+16 5.398496011591044e+16
26450.003705563493 8.336514778915307e+16 8.213866990810752e+16 8.080095893602074e+16 7.931468498186694e+16 7.76382912849323e+16 7.571742773717344e+16 7.346592993797842e+16 7.217476625805982e+16 7.074010104372373e+16 6.912876067592818e+16 6.8057149521364264e+16 6.729051266527632e+16 6.6047994216774456e+16 6.51465660866237e+16 6.3656924702097944e+16 6.254549224613886e+16 6.194320908970185e+16 6.130239155908739e+16 6.061429049547044e+16 5.986666170431705e+16 5.904071251855909e+16 5.7007255860157e+16 5.5623930847878856e+16 5.357892696670184e+16
26550.003719573197 8.266454945591198e+16 8.144594451453866e+16 8.010398025349362e+16 7.862089942660707e+16 7.695003739361314e+16 7.503109240980718e+16 7.278188074623838e+16 7.149038417767267e+16 7.00564652988121e+16 6.844461864899763e+16 6.737323386075262e+16 6.6606089571640696e+16 6.536400518099858e+16 6.446303575857425e+16 6.297467543466621e+16 6.18646483014079e+16 6.126342883083418e+16 6.062380438299878e+16 5.993722080681285e+16 5.9191400804846776e+16 5.836766897310837e+16 5.633964749305669e+16 5.495877628375842e+16 5.291207845128914e+16
26650.003733582893 8.128914637367296e+16 8.010954974187733e+16 7.881832228911586e+16 7.738405480102291e+16 7.57618498501437e+16 7.390238502300002e+16 7.171634207121093e+16 7.046203148562286e+16 6.906713405202373e+16 6.749938394683888e+16 6.64559225619668e+16 6.570908136121396e+16 6.449800417975715e+16 6.361949051770616e+16 6.216681398948404e+16 6.108260031752336e+16 6.0495044424028904e+16 5.9869630048158056e+16 5.9197934168492136e+16 5.846784463008915e+16 5.76609523729984e+16 5.567180437262452e+16 5.431494782925155e+16 5.2299304211524216e+16
26750.003747592596 8.101828476170592e+16 7.988313496642552e+16 7.863960241110237e+16 7.72538695109961e+16 7.569130626493045e+16 7.389233146342595e+16 7.176886054094694e+16 7.0545470167771416e+16 6.918272332923216e+16 6.764513011476659e+16 6.661902230169491e+16 6.588272417629608e+16 6.4687226164552264e+16 6.381748076774323e+16 6.237617256642038e+16 6.129720993196195e+16 6.07115164886838e+16 6.008750073885251e+16 5.941680625305278e+16 5.868735597615247e+16 5.7881084724217704e+16 5.5896528399598936e+16 5.455003977112873e+16 5.257108666957313e+16
26850.003761602296 8.0870474292998e+16 7.971251114805053e+16 7.843835014082626e+16 7.701576895990272e+16 7.541083379984747e+16 7.356482541950875e+16 7.1390593023637304e+16 7.014057509512871e+16 6.8748181468663464e+16 6.718075110767303e+16 6.613668288534292e+16 6.538918868395288e+16 6.417678207945167e+16 6.329701293487898e+16 6.184262940254984e+16 6.07575521283925e+16 6.016991697490908e+16 5.954465956276921e+16 5.887370650070647e+16 5.814511966157522e+16 5.734095946096697e+16 5.5365762804981384e+16 5.4027413240972776e+16 5.2059683298227464e+16
26950.003775611993 8.000561134680872e+16 7.883840471557342e+16 7.755284966073325e+16 7.612537485333488e+16 7.451569174003104e+16 7.266765607193253e+16 7.049706322584752e+16 6.9251618198921864e+16 6.786778484726301e+16 6.631162061541691e+16 6.527696841254434e+16 6.453659441153711e+16 6.333736104951783e+16 6.246801826730829e+16 6.103169027653658e+16 5.996067275842434e+16 5.93807481851057e+16 5.8763861730781416e+16 5.810173857058163e+16 5.7382780825831944e+16 5.658902084780873e+16 5.463769464305952e+16 5.331260194581043e+16 5.135487677687189e+16
27050.003789621696 7.928972160475098e+16 7.813810859175618e+16 7.6877363634628e+16 7.547354007957376e+16 7.389502230541146e+16 7.208203649319558e+16 6.995422350051272e+16 6.873363817659657e+16 6.737587758834569e+16 6.585066280753066e+16 6.483599673347576e+16 6.4109555656545784e+16 6.293274753495433e+16 6.20789726390977e+16 6.066852694261948e+16 5.961650822402922e+16 5.904672937814545e+16 5.84405497097692e+16 5.77899919339768e+16 5.708344166557789e+16 5.630347430062023e+16 5.438722474181622e+16 5.308856756564375e+16 5.117888508521367e+16
27150.003803631393 7.842321667414486e+16 7.728650444190254e+16 7.604041010690699e+16 7.465598950343085e+16 7.31014314054029e+16 7.131354105928698e+16 6.921788295983188e+16 6.801525278314428e+16 6.668049998499369e+16 6.518122133008321e+16 6.4183907614556616e+16 6.347059316834323e+16 6.231492035678884e+16 6.147707848619512e+16 6.0092729376964856e+16 5.905997048521295e+16 5.850050141528922e+16 5.790521116554491e+16 5.726608063445383e+16 5.657183347564848e+16 5.5805174113268696e+16 5.3920555558196056e+16 5.264267395653514e+16 5.076275493594488e+16
27250.003817641096 7.7675339015453e+16 7.655483478999238e+16 7.532489227200966e+16 7.395885664124995e+16 7.242212447698694e+16 7.065970413891086e+16 6.859355870207132e+16 6.740937501383076e+16 6.609372942076765e+16 6.46162799090448e+16 6.363373947916581e+16 6.2931255309687144e+16 6.179296722658349e+16 6.096763589155291e+16 5.960417244817023e+16 5.85870421346253e+16 5.80361026138596e+16 5.744983407778391e+16 5.682047088593721e+16 5.61368286974967e+16 5.538200370912854e+16 5.352718988463651e+16 5.227084080598804e+16 5.04264388466394e+16
27350.003831650796 7.69126131413472e+16 7.580440359238334e+16 7.458839465910064e+16 7.32379778509138e+16 7.171319607339813e+16 6.996570543115539e+16 6.79141204557179e+16 6.673602599418704e+16 6.542800690219351e+16 6.395828581823364e+16 6.298078910921756e+16 6.2281552347113064e+16 6.1148503470016536e+16 6.032654961103383e+16 5.896866915110352e+16 5.795540816545646e+16 5.740643930689623e+16 5.68221274690119e+16 5.619472139381357e+16 5.551301783992955e+16 5.4760101792121144e+16 5.290836391507172e+16 5.165148300002783e+16 4.97978489625996e+16
27450.003845660493 7.633372278340445e+16 7.525395653554229e+16 7.40560457110595e+16 7.273407388582654e+16 7.123682737348619e+16 6.951773635021625e+16 6.749501133446943e+16 6.633423511129979e+16 6.504266647638431e+16 6.359073092409982e+16 6.262455532647003e+16 6.193323381254276e+16 6.0812948471131736e+16 6.000044254293624e+16 5.865768425874762e+16 5.765573475238946e+16 5.711291675940261e+16 5.653526443726888e+16 5.591507324331121e+16 5.524137540611197e+16 5.449750783844576e+16 5.2670326193564584e+16 5.143353320073639e+16 4.961883640129148e+16
27550.003859670094 7.462121800292669e+16 7.36212804758679e+16 7.252091897133678e+16 7.12935958299326e+16 6.990231735131538e+16 6.830145994929335e+16 6.640990151433621e+16 6.531941087503183e+16 6.4105611214546104e+16 6.273701160535605e+16 6.1824405875946616e+16 6.1169852951967016e+16 6.0106962506419176e+16 5.933400840773711e+16 5.805240252358511e+16 5.709197503509384e+16 5.657016196838114e+16 5.601366056708059e+16 5.541498012342203e+16 5.476325057032974e+16 5.40421912773351e+16 5.2266027272170216e+16 5.106149458188303e+16 4.929465491902949e+16
27650.003873679794 7.423917015569173e+16 7.322067318402242e+16 7.210168245808573e+16 7.084974001930223e+16 6.943905304012148e+16 6.780959462610588e+16 6.589159733561669e+16 6.478876015544466e+16 6.35606995885569e+16 6.21790677375853e+16 6.1259121933642616e+16 6.060043655553166e+16 5.953251928511138e+16 5.875738714114073e+16 5.74749246792651e+16 5.651656920478286e+16 5.599685589405984e+16 5.544337914447516e+16 5.484862208349586e+16 5.420194395597396e+16 5.348727568640128e+16 5.1728943797731096e+16 5.0536783863600824e+16 4.878587755032985e+16
27750.003887689494 7.382515344666912e+16 7.2772221047679e+16 7.16218719425081e+16 7.0337841757375064e+16 6.889212916206432e+16 6.723542889655775e+16 6.529254852918447e+16 6.418009241044581e+16 6.294464814850694e+16 6.155951721099999e+16 6.063958320913459e+16 5.998213928813651e+16 5.89175176049846e+16 5.814634868892045e+16 5.687245576965899e+16 5.592200586295838e+16 5.540693923337101e+16 5.485869472202457e+16 5.42698332113716e+16 5.362977985976975e+16 5.2922588684009144e+16 5.11827502630626e+16 5.000215494608235e+16 4.826358800824738e+16
27850.003901699198 7.320129266237734e+16 7.215532205000667e+16 7.100801357819678e+16 6.9738552012732696e+16 6.830766158321961e+16 6.6669419875875416e+16 6.474960174062613e+16 6.364984364058818e+16 6.243117562217381e+16 6.106426872128632e+16 6.015671143804984e+16 5.9508368128443384e+16 5.845894648715859e+16 5.769877702028971e+16 5.644355380681325e+16 5.550716414029677e+16 5.499977678836622e+16 5.445967072400717e+16 5.387962829188079e+16 5.324919515397503e+16 5.255273327834078e+16 5.0840126601880856e+16 4.967946044348917e+16 4.797473349850337e+16
27950.003915708894 7.270511301132938e+16 7.16711009015534e+16 7.053516499070025e+16 6.927765121948198e+16 6.786158172135932e+16 6.623778631254637e+16 6.433482225880668e+16 6.324328849242648e+16 6.203312869723175e+16 6.067521232558479e+16 5.977325301072949e+16 5.912869861422024e+16 5.80855430650471e+16 5.732974294287425e+16 5.6081840619409656e+16 5.515118919177731e+16 5.464702922832125e+16 5.411047098094277e+16 5.353435079009015e+16 5.2908429138697144e+16 5.22172546181e+16 5.05196585635583e+16 4.937167848743556e+16 4.769133828000058e+16
28050.003929718594 7.193775184927814e+16 7.0912471816372584e+16 6.979674138414626e+16 6.855247221455719e+16 6.715258250242995e+16 6.555082048498855e+16 6.367267368811233e+16 6.2596799156405464e+16 6.140368553880609e+16 6.0065635979454616e+16 5.917712216563212e+16 5.854254154257833e+16 5.751508812648143e+16 5.6770966371557896e+16 5.554220629297121e+16 5.462566300004698e+16 5.4129063432906056e+16 5.36004771980194e+16 5.3032849257702056e+16 5.241597275410006e+16 5.173459018086125e+16 5.006015311657218e+16 4.892689083390764e+16 4.72662886908995e+16
28150.003943728298 7.128533331099152e+16 7.027618931690261e+16 6.916581788988049e+16 6.79369792004476e+16 6.655327915066079e+16 6.496473200479796e+16 6.310437115067781e+16 6.203834918688875e+16 6.08560569615235e+16 5.952995054149202e+16 5.864946756607141e+16 5.802021728644841e+16 5.700207216544464e+16 5.626415937626496e+16 5.50459393126667e+16 5.413716550816963e+16 5.36447829854923e+16 5.312058151673126e+16 5.25575584288912e+16 5.1945627765876904e+16 5.126965764965014e+16 4.9607947696791256e+16 4.848267136563766e+16 4.683173586112018e+16
28250.003957737994 7.055791041807944e+16 6.9558832594756536e+16 6.846263086968515e+16 6.724909337014217e+16 6.588249983278053e+16 6.431836542537539e+16 6.248437456191402e+16 6.143490494505753e+16 6.027117204847514e+16 5.896656553863464e+16 5.810081021661017e+16 5.7482467703043096e+16 5.648190797058914e+16 5.575706681084943e+16 5.456044056776302e+16 5.366790989979005e+16 5.31842719864667e+16 5.266942656499143e+16 5.211641177627133e+16 5.151535343624773e+16 5.0851345743071304e+16 4.9219100150703e+16 4.81141234979263e+16 4.649473602027299e+16
28350.003971747698 7.002299881227823e+16 6.9041218035531704e+16 6.796014738746918e+16 6.676242088592558e+16 6.541506092505382e+16 6.387055872846347e+16 6.205940875522594e+16 6.102123519289709e+16 5.987008434053918e+16 5.857847515765174e+16 5.7721136646353736e+16 5.710841775076167e+16 5.611663438531875e+16 5.539825598660027e+16 5.421189327398225e+16 5.332682368732017e+16 5.284721957053864e+16 5.233661077034327e+16 5.1788165953291336e+16 5.119210456597618e+16 5.053364591120782e+16 4.891577653354985e+16 4.782185614161815e+16 4.6222665272149864e+16
28450.003985757394 6.9023255026367944e+16 6.805660429284464e+16 6.699591321695238e+16 6.5820280897880344e+16 6.449445014439686e+16 6.297926611980341e+16 6.1204669504998824e+16 6.018939807642155e+16 5.9064955131535464e+16 5.78053112900115e+16 5.696966069215457e+16 5.637287504876283e+16 5.5407577342171736e+16 5.47086608194004e+16 5.355466167724212e+16 5.2693654525023976e+16 5.2226958402770984e+16 5.1730016248379864e+16 5.119606514740792e+16 5.061548676460668e+16 4.997381227692698e+16 4.83953599630882e+16 4.732621105307259e+16 4.57596834572907e+16
28550.003999767094 6.8525914880101944e+16 6.756721642983993e+16 6.6518947966590184e+16 6.535152515931204e+16 6.403763625618697e+16 6.253116409319276e+16 6.0766640363813016e+16 5.975670958181901e+16 5.8636922325649944e+16 5.7381759223542424e+16 5.654909177179101e+16 5.595480847097503e+16 5.499292677963151e+16 5.429639583953608e+16 5.3146584968447e+16 5.228888733794004e+16 5.182408952030738e+16 5.132919661018113e+16 5.079754103418822e+16 5.021960862086491e+16 4.958100770019127e+16 4.8010952136458904e+16 4.6948167228443384e+16 4.539161107095416e+16
28650.004013776797 6.7642830602183976e+16 6.673506518089432e+16 6.57293377136834e+16 6.46084515342396e+16 6.333844702047288e+16 6.187934512861161e+16 6.016068104602634e+16 5.917353599784153e+16 5.807810159821567e+16 5.684820588376325e+16 5.603131777622005e+16 5.54474147957643e+16 5.450222150844689e+16 5.3817115562882664e+16 5.268540050515251e+16 5.184052183409145e+16 5.1382420277757896e+16 5.089454994987698e+16 5.037027464450815e+16 4.980016495328774e+16 4.9170040062539736e+16 4.762031132214599e+16 4.657104896179287e+16 4.503440753504407e+16
28750.004027786395 6.6092269597715464e+16 6.526145556495627e+16 6.4341592321986744e+16 6.331289227665741e+16 6.214495674543952e+16 6.079756970294752e+16 5.920379617247507e+16 5.828514160919399e+16 5.726206040606874e+16 5.6109490744961864e+16 5.534117885011958e+16 5.479018521464337e+16 5.389529116820105e+16 5.324399406468297e+16 5.2162413849778824e+16 5.135021205192725e+16 5.090812521083542e+16 5.043607991397872e+16 4.9927432919931656e+16 4.9372883675255064e+16 4.87584293173306e+16 4.7241816085139864e+16 4.6212061443215976e+16 4.470247338904068e+16
28850.004041796095 6.646303315927639e+16 6.555043617789503e+16 6.454758699159194e+16 6.343390079249136e+16 6.217743193597984e+16 6.073500207524282e+16 5.904452513180928e+16 5.807642077948104e+16 5.700365253277284e+16 5.580269037755967e+16 5.5006168476391016e+16 5.4437482084902344e+16 5.351781420868846e+16 5.285192071577748e+16 5.175254583128583e+16 5.093216400418484e+16 5.048734820939346e+16 5.001366309645998e+16 4.950460046756008e+16 4.8951002646433704e+16 4.833903200757445e+16 4.683355099326688e+16 4.5814042947079624e+16 4.432117186128224e+16
28950.00405580579 6.598760370700452e+16 6.507223309666825e+16 6.406906907820873e+16 6.295458678628259e+16 6.170277814310661e+16 6.026558988400235e+16 5.858342479675104e+16 5.762099669073201e+16 5.6555467521288776e+16 5.536189414594271e+16 5.457095179032352e+16 5.400625652620594e+16 5.3093222594888664e+16 5.243220000063408e+16 5.134117209791411e+16 5.0527154444929704e+16 5.008593159352033e+16 4.961606827616765e+16 4.911118114438055e+16 4.85621623257973e+16 4.795537759483453e+16 4.646304023136506e+16 4.5452883265573864e+16 4.397454921156593e+16
29050.004069815495 6.534807148427745e+16 6.444014381185933e+16 6.3446521997513496e+16 6.2344671046267976e+16 6.110277429162427e+16 5.968251174304784e+16 5.801942976897731e+16 5.706944915498966e+16 5.60172539219724e+16 5.483914234378755e+16 5.405862684810874e+16 5.350152572852285e+16 5.260080989748454e+16 5.194871755730843e+16 5.0872638096170136e+16 5.006970450806963e+16 4.963443249803615e+16 4.917087232728623e+16 4.8672687384284376e+16 4.813088974199275e+16 4.753196391033162e+16 4.605835052877882e+16 4.5060234741236984e+16 4.35984996217389e+16
29150.004083825195 6.473955151940317e+16 6.384871600951012e+16 6.286619386963913e+16 6.1781720877424904e+16 6.055766963555149e+16 5.915780106741757e+16 5.751862348382293e+16 5.658182737397045e+16 5.5544114398907096e+16 5.438265540018717e+16 5.361292119631816e+16 5.306346684861401e+16 5.2174930272392904e+16 5.153179585119183e+16 5.047012048356762e+16 4.967776305926376e+16 4.924815265470876e+16 4.879057028527885e+16 4.829876746764889e+16 4.776383783237118e+16 4.717246133142175e+16 4.571761472343439e+16 4.473274106184851e+16 4.329212748802535e+16
29250.004097834895 6.379533349892223e+16 6.291427403558062e+16 6.194447753553659e+16 6.08700809555802e+16 5.966446353966781e+16 5.828704002619207e+16 5.667917522871941e+16 5.576088442112512e+16 5.474695818933105e+16 5.3613107719131896e+16 5.286270832401858e+16 5.232765170056667e+16 5.146274357905109e+16 5.083714053487837e+16 4.980460027650578e+16 4.9034177132320296e+16 4.8616310319714664e+16 4.817119723802417e+16 4.7692610519702904e+16 4.71718673342925e+16 4.659584181802711e+16 4.5176463914650456e+16 4.421283101555356e+16 4.279714412852303e+16
29350.004111844595 6.35202695806959e+16 6.26421357431923e+16 6.167587654364764e+16 6.060874173358646e+16 5.940658692727114e+16 5.803218425620957e+16 5.642557154125163e+16 5.550813043966113e+16 5.449338272904144e+16 5.335837228949438e+16 5.260710362718378e+16 5.20712861119091e+16 5.120558844411644e+16 5.057937444201444e+16 4.954626211132078e+16 4.877570026285339e+16 4.83580127538369e+16 4.791321350010226e+16 4.743523125791192e+16 4.691541370456012e+16 4.634079726366834e+16 4.492730784276766e+16 4.39703678777224e+16 4.257007885882695e+16
29450.00412585429 6.277154782121261e+16 6.190411365487268e+16 6.095467144263249e+16 5.990199515059863e+16 5.8718639315117624e+16 5.7365620935019704e+16 5.578475770673557e+16 5.488257614914933e+16 5.388498583707755e+16 5.276988178256752e+16 5.2031747375196264e+16 5.150547764116283e+16 5.065503741248095e+16 5.003972286304233e+16 4.902456394684483e+16 4.826717259993204e+16 4.785649858542061e+16 4.741905647816973e+16 4.694880653190925e+16 4.643723135533005e+16 4.587147972401989e+16 4.447838791986236e+16 4.353374307274196e+16 4.214845108503596e+16
29550.004139863995 6.233191467270218e+16 6.147190692009584e+16 6.053222867434196e+16 5.9485726520037784e+16 5.831203270813971e+16 5.696740243624474e+16 5.5396004833392136e+16 5.449927517420535e+16 5.350776510658049e+16 5.239973141256124e+16 5.166635056853919e+16 5.11433592861124e+16 5.029848450035426e+16 4.9687313834012584e+16 4.86791315919248e+16 4.792709970045281e+16 4.751939082817846e+16 4.708510798753192e+16 4.661831412684502e+16 4.611056781145572e+16 4.55491624534092e+16 4.416744362696355e+16 4.323124469011598e+16 4.185967367985154e+16
29650.004153873695 6.177115227692165e+16 6.0922898318103944e+16 5.999100163002556e+16 5.895884385126884e+16 5.77952989208537e+16 5.646731666026806e+16 5.4912313716436424e+16 5.402501149653278e+16 5.3044437788314136e+16 5.1949011927856584e+16 5.122399647824124e+16 5.0706897935781256e+16 4.98717018436609e+16 4.926762597281833e+16 4.827113167690586e+16 4.752791689508159e+16 4.712491966805958e+16 4.669576469209697e+16 4.623443744172065e+16 4.57326345639406e+16 4.5177796290667704e+16 4.381236905163133e+16 4.2887360729703496e+16 4.153265136769369e+16
29750.004167883395 6.119075094736525e+16 6.035123784271685e+16 5.943255227949055e+16 5.840923714688538e+16 5.726238057648735e+16 5.595124880390867e+16 5.441984251536361e+16 5.354529306812347e+16 5.2578610213676664e+16 5.149835325783718e+16 5.078361875327582e+16 5.027395649844897e+16 4.945076058199811e+16 4.8855203724146456e+16 4.7872530644634504e+16 4.713931973306181e+16 4.6741709498258376e+16 4.631812304656235e+16 4.58627578437187e+16 4.5367329605319304e+16 4.481942438758624e+16 4.347055629724275e+16 4.255654856652352e+16 4.121814065686349e+16
29850.004181893095 6.064087493591056e+16 5.981075255263632e+16 5.889877958778707e+16 5.7887229207043976e+16 5.675005628835433e+16 5.545235077849304e+16 5.393492552115466e+16 5.30697458592868e+16 5.211224184285359e+16 5.1043249010016984e+16 5.033598309078413e+16 4.9831870343477976e+16 4.901773209470707e+16 4.842882778792599e+16 4.745737400970696e+16 4.673264694934651e+16 4.633962478589616e+16 4.5920989245784136e+16 4.5470931609032424e+16 4.4981272606146104e+16 4.4439766192709736e+16 4.310673037650449e+16 4.220339630602013e+16 4.088022376292434e+16
29950.0041959028 5.990814342073466e+16 5.909054816633884e+16 5.819396787411656e+16 5.719689967052441e+16 5.607683949146713e+16 5.479984166765129e+16 5.330878612753185e+16 5.245802287691587e+16 5.151924285122483e+16 5.04715449649559e+16 4.97786657922954e+16 4.928501489271977e+16 4.848784930134403e+16 4.791154810338859e+16 4.6960864615294136e+16 4.625148259749683e+16 4.586673202652316e+16 4.545683953441847e+16 4.50160539278076e+16 4.45363605200092e+16 4.400569858755572e+16 4.269838332478501e+16 4.181146170689816e+16 4.0510510934193896e+16
30050.004209912393 5.937426534953569e+16 5.8564818933011416e+16 5.767525546297183e+16 5.6688757065004744e+16 5.558156213459609e+16 5.431590322685714e+16 5.284013510416592e+16 5.199850097359884e+16 5.106934210343451e+16 5.003277755505632e+16 4.934761157600876e+16 4.8859352496786104e+16 4.807097768694015e+16 4.7501004295834776e+16 4.656072426956057e+16 4.58591461234298e+16 4.547860045844091e+16 4.507311617652352e+16 4.463710735814041e+16 4.4162564573298024e+16 4.363754400024073e+16 4.234381723179296e+16 4.146575978870256e+16 4.0176956781166216e+16
30150.004223922097 5.896236384546757e+16 5.816225767797061e+16 5.7283510433453016e+16 5.631108264750324e+16 5.521680050320751e+16 5.396217529406194e+16 5.250020185360986e+16 5.166583347438814e+16 5.074413998738155e+16 4.971508751332417e+16 4.903439391567529e+16 4.854919949889281e+16 4.776570106285474e+16 4.719933632131898e+16 4.626441442053727e+16 4.556682845004506e+16 4.518843691710716e+16 4.4785239794155496e+16 4.435163963742797e+16 4.387978457476248e+16 4.33578029706614e+16 4.2072254964489576e+16 4.12007825875788e+16 3.992430639233058e+16
30250.004237931793 5.831443767885145e+16 5.7532905574923784e+16 5.666937891112813e+16 5.571185721355611e+16 5.463323586692485e+16 5.3399722883459256e+16 5.19585480790159e+16 5.113722321779791e+16 5.022907109639562e+16 4.921562388006514e+16 4.854552237934334e+16 4.8067976611303704e+16 4.729693652036987e+16 4.673947362822051e+16 4.581961538304265e+16 4.513315118394994e+16 4.476078340438016e+16 4.4363993188024056e+16 4.393726954138172e+16 4.347285619134913e+16 4.295902662021255e+16 4.16930934488706e+16 4.083428214896214e+16 3.957492326844643e+16
30350.004251941496 5.68123216552326e+16 5.611663676459215e+16 5.535032838710995e+16 5.448944625794753e+16 5.351586121987404e+16 5.239471258967121e+16 5.1072798294334296e+16 5.031460728538184e+16 4.947278270958524e+16 4.852750845573544e+16 4.78996177521345e+16 4.745009834292086e+16 4.6721538290801704e+16 4.619201439263644e+16 4.53135349658917e+16 4.465371265854675e+16 4.429445833285269e+16 4.391054290201693e+16 4.349661028209721e+16 4.304486892215807e+16 4.254376729276247e+16 4.130414418360831e+16 4.04598293347885e+16 3.921796214046304e+16
30450.004265951196 5.686835931283914e+16 5.615278310492337e+16 5.535681434764717e+16 5.446911964970112e+16 5.34633410365183e+16 5.23032502198177e+16 5.093822127811032e+16 5.0154761738288e+16 4.928657558397118e+16 4.83134691053645e+16 4.766814780976332e+16 4.7207196388740216e+16 4.646145067812789e+16 4.592107744148479e+16 4.502731166256504e+16 4.4358759992993576e+16 4.3995605829493816e+16 4.36082713012223e+16 4.319138482869587e+16 4.273733158107851e+16 4.223465826921917e+16 4.099503311533547e+16 4.015320199438261e+16 3.891712568407927e+16
30550.004279960893 5.674112443002597e+16 5.597860226446922e+16 5.5139060029840616e+16 5.420994662445704e+16 5.31648864328738e+16 5.197136894945983e+16 5.0576639687130904e+16 4.978252450659701e+16 4.8905243240756136e+16 4.792652179095882e+16 4.727986908869568e+16 4.681933866521945e+16 4.607598344813881e+16 4.553849601043102e+16 4.465194647818738e+16 4.399015586743211e+16 4.3631118868046424e+16 4.324843363730529e+16 4.283682477757273e+16 4.238869649181529e+16 4.189275294603322e+16 4.067010993537214e+16 3.983991841482151e+16 3.862119899790394e+16
30650.004293970596 5.6126805892198056e+16 5.537198057205346e+16 5.454389699462389e+16 5.362678475842427e+16 5.2594220696650984e+16 5.1416481972602744e+16 5.00446826804506e+16 4.926347694726849e+16 4.840166615624904e+16 4.744027060741347e+16 4.680556516329955e+16 4.635347073548789e+16 4.562363487179939e+16 4.509601628532647e+16 4.422537728821126e+16 4.357529113175494e+16 4.3222490397799384e+16 4.284639233077108e+16 4.2441777487435816e+16 4.2001154712894776e+16 4.151333074452727e+16 4.0309807380301464e+16 3.949178944616049e+16 3.82896214251887e+16
30750.004307980293 5.583335484067721e+16 5.508286386406223e+16 5.4257470712331384e+16 5.3341861199506856e+16 5.231367858792081e+16 5.113907647139842e+16 4.9767960628809976e+16 4.898722484827163e+16 4.8126050594436696e+16 4.7164949656063784e+16 4.65304205804132e+16 4.607850571653429e+16 4.5349119603426584e+16 4.48219182411257e+16 4.395210052331249e+16 4.330295011528785e+16 4.295075003507585e+16 4.257539668898747e+16 4.2171652635892776e+16 4.173209149906732e+16 4.124569274557099e+16 4.0046864945305016e+16 3.9233239826470024e+16 3.803957228318717e+16
30850.004321989993 5.5079318717746504e+16 5.43372506953754e+16 5.351868983708861e+16 5.2617785755371496e+16 5.160366541490826e+16 5.0448720689412344e+16 4.910350473961778e+16 4.8337868413438056e+16 4.749498636942023e+16 4.65568090834367e+16 4.593740030622525e+16 4.5496666080781976e+16 4.478574440550652e+16 4.427210949955725e+16 4.342501417986746e+16 4.279270049958237e+16 4.24495182710664e+16 4.208371874958127e+16 4.169013833390637e+16 4.126147849978733e+16 4.078690561294235e+16 3.961573775844972e+16 3.881899512427562e+16 3.764590484030979e+16
30950.004335999696 5.464155627544189e+16 5.3906802015662456e+16 5.3102264206057304e+16 5.220971901602469e+16 5.1206733011553144e+16 5.0062943678633176e+16 4.873003140389388e+16 4.797219178973495e+16 4.713678080962945e+16 4.620584075183198e+16 4.559194699981798e+16 4.51547022770538e+16 4.4449211835426824e+16 4.393946377186542e+16 4.309858785277443e+16 4.2470855256671656e+16 4.2130179614357336e+16 4.176696419954968e+16 4.137620478921618e+16 4.0950583108300984e+16 4.04793400506175e+16 3.931638332564146e+16 3.852530825003264e+16 3.736097106996562e+16
31050.004350009393 5.431247748603436e+16 5.358866011873433e+16 5.2792318582903896e+16 5.1905381430961256e+16 5.091296152201339e+16 4.977823993536836e+16 4.845571050007722e+16 4.770326761135179e+16 4.6873011804513464e+16 4.594809236551977e+16 4.5337074111087e+16 4.490211456351961e+16 4.419997673757164e+16 4.369244601824112e+16 4.2854965070173496e+16 4.222965240657904e+16 4.1890277321264584e+16 4.152845247095786e+16 4.113910493968786e+16 4.071516751654059e+16 4.024582234948247e+16 3.908830822660298e+16 3.830211472985055e+16 3.714778087326592e+16
31150.004364019096 5.3296140472821896e+16 5.259186955634982e+16 5.181648836813298e+16 5.095955770727183e+16 4.999650476277644e+16 4.89010755339373e+16 4.762538678876944e+16 4.690045250905945e+16 4.610090066461215e+16 4.521173173066253e+16 4.462474566095899e+16 4.4206988207639064e+16 4.353255311236887e+16 4.304499987057448e+16 4.224012824510915e+16 4.163846424675138e+16 4.1311627915159176e+16 4.0962897777312184e+16 4.0587377013512216e+16 4.017801392677278e+16 3.9724286814475784e+16 3.860225403513943e+16 3.783707556878787e+16 3.670801887127376e+16
31250.00437802869 5.3263449790983336e+16 5.255285145092531e+16 5.177127508636646e+16 5.09076887417812e+16 4.993573904054507e+16 4.88305919391995e+16 4.754016217718969e+16 4.680620439494965e+16 4.5998056545751016e+16 4.509779102042817e+16 4.450384646622515e+16 4.408088958483093e+16 4.339852654445295e+16 4.290540344503544e+16 4.209182893610846e+16 4.148424133908425e+16 4.11544174014282e+16 4.0802722097600536e+16 4.042424786095384e+16 4.001195620378025e+16 3.955542766710001e+16 3.842868514565017e+16 3.766245678292707e+16 3.653548348306116e+16
31350.004392038394 5.280271873971746e+16 5.209904934547062e+16 5.132115591413083e+16 5.04631882747756e+16 4.949959758384128e+16 4.839990647652244e+16 4.711885410210648e+16 4.639015411871231e+16 4.558828598383863e+16 4.4695365770767864e+16 4.41065404830567e+16 4.36871263625889e+16 4.301093456422292e+16 4.252242868875077e+16 4.171637651740421e+16 4.1114634639052424e+16 4.078794275392571e+16 4.043969503747306e+16 4.0064937513568856e+16 3.965674532434328e+16 3.920473988756061e+16 3.808913288497803e+16 3.733007875438092e+16 3.621225174171222e+16
31450.004406048094 5.2384566546878776e+16 5.169006767014605e+16 5.092190140100321e+16 5.0075716555605656e+16 4.9124859305879336e+16 4.803652368655488e+16 4.677076927023281e+16 4.605115514234686e+16 4.525799073403742e+16 4.437490578826233e+16 4.379203564809913e+16 4.337737661192517e+16 4.2707947816999256e+16 4.2224250884495176e+16 4.14261000685335e+16 4.083003565106092e+16 4.0506464233641096e+16 4.0161437832207e+16 3.9790138131232184e+16 3.938565438233021e+16 3.893773599657302e+16 3.783227525279494e+16 3.7080524430234e+16 3.5974738207445708e+16
31550.004420057794 5.169906775823794e+16 5.101494693165836e+16 5.026142558078503e+16 4.943000874101177e+16 4.8494100044882536e+16 4.742920625725835e+16 4.618927897544277e+16 4.548576456681917e+16 4.471072741858688e+16 4.384775356506887e+16 4.327887523672327e+16 4.287392729881651e+16 4.222091957280051e+16 4.174898644352828e+16 4.097029784884995e+16 4.03885355851284e+16 4.00726271502948e+16 3.973560251910505e+16 3.937276390458025e+16 3.897732719648254e+16 3.853913361703757e+16 3.745618283879551e+16 3.671818899229789e+16 3.5630020559473696e+16
31650.004434067494 5.136072902925748e+16 5.0669480633316296e+16 4.992061806652467e+16 4.9084655080688856e+16 4.8149326809077304e+16 4.708407639714143e+16 4.584617183744895e+16 4.5143140915820376e+16 4.4369606666079336e+16 4.3510906691529656e+16 4.2944959096222296e+16 4.254249086915153e+16 4.189379560712693e+16 4.142545500365363e+16 4.065311923510781e+16 4.007645687055656e+16 3.9763464899400216e+16 3.9429671108515256e+16 3.907047102080987e+16 3.867910590437951e+16 3.82456248305857e+16 3.71750124858798e+16 3.6445866962579064e+16 3.537077954000597e+16
31750.004448077198 5.091369681710537e+16 5.023780547575777e+16 4.949195543356227e+16 4.867398977276363e+16 4.7753549758410136e+16 4.6706843500020024e+16 4.548598663298452e+16 4.479343328407695e+16 4.403011259377455e+16 4.318142650900526e+16 4.262117428729199e+16 4.222278452874343e+16 4.158064582797404e+16 4.111641906343836e+16 4.035048750791707e+16 3.977838022026362e+16 3.946762068713269e+16 3.913620213199901e+16 3.877945095000734e+16 3.83906370524541e+16 3.795988215166205e+16 3.689553659285925e+16 3.617040637815878e+16 3.5101355453049784e+16
31850.004462086894 5.0493347615272536e+16 4.982400745625825e+16 4.908717189943312e+16 4.826919783811974e+16 4.73556611523973e+16 4.631159761412128e+16 4.5098085014373384e+16 4.441043045169538e+16 4.365279513468252e+16 4.281034057769602e+16 4.2255835326807384e+16 4.186140283781987e+16 4.1225173880020056e+16 4.0765871627098984e+16 4.000807749320793e+16 3.944204070076212e+16 3.913478481289409e+16 3.880710222150831e+16 3.845436605178303e+16 3.8069986306206024e+16 3.7644207684875304e+16 3.659224020846517e+16 3.5875458846719256e+16 3.4818019250833628e+16
31950.004476096594 5.015355457422237e+16 4.948317112676598e+16 4.875083630428543e+16 4.794219644288766e+16 4.703573923500516e+16 4.6001934791878296e+16 4.479865893088009e+16 4.411563904398567e+16 4.336397819859727e+16 4.252757303556271e+16 4.197590768060777e+16 4.158407067497434e+16 4.09517920142506e+16 4.049511624186083e+16 3.974164065618448e+16 3.917908449948957e+16 3.8873576051994e+16 3.854777094846461e+16 3.819710582383786e+16 3.7814983091199384e+16 3.739175403357551e+16 3.634645482447424e+16 3.563477268011713e+16 3.458607403115601e+16
32100.004497111095 4.937187424659593e+16 4.872327374908264e+16 4.801373797949107e+16 4.722037374324935e+16 4.6332820591161144e+16 4.5321555901489864e+16 4.414708268860056e+16 4.347932919462374e+16 4.274576542047209e+16 4.1929921416657e+16 4.139239228186631e+16 4.100988382464327e+16 4.0393621780289496e+16 3.994813036897939e+16 3.9213256032353176e+16 3.866418054215927e+16 3.836600781274899e+16 3.804784563594383e+16 3.770526076520674e+16 3.733183721891383e+16 3.691801650392594e+16 3.589501664533376e+16 3.5197581657551756e+16 3.416842363284371e+16
32300.00452513049 4.854757790782863e+16 4.7906567876442104e+16 4.720193279627327e+16 4.642272304011913e+16 4.5545889515799176e+16 4.45481184409491e+16 4.339092381357399e+16 4.27343315508049e+16 4.201333890124971e+16 4.121147384631782e+16 4.0683887284092136e+16 4.030878316617971e+16 3.970441645949795e+16 3.9267885960349496e+16 3.854803826921156e+16 3.8010395265578e+16 3.771843776912672e+16 3.740698681403246e+16 3.707170783786621e+16 3.67062194019307e+16 3.630127927256404e+16 3.5300097372890604e+16 3.461703899384068e+16 3.3607327746471556e+16
32500.004553149894 4.7684616624808776e+16 4.705498231827579e+16 4.636732719941894e+16 4.560251652829738e+16 4.474796655469644e+16 4.377515838701249e+16 4.264685715834805e+16 4.200579435656965e+16 4.1303077678329656e+16 4.0522717000115656e+16 4.00094214902287e+16 3.9644083936751384e+16 3.9055859779426824e+16 3.863095926234114e+16 3.793015377319071e+16 3.740658852350559e+16 3.712211600061446e+16 3.681863670049157e+16 3.649177807209749e+16 3.6135444453172824e+16 3.5740471962703708e+16 3.4763485742901184e+16 3.4096571859028116e+16 3.311031873424256e+16
32700.004581169294 4.684543473498501e+16 4.623440121297383e+16 4.555928495300423e+16 4.481406300949684e+16 4.397662035106913e+16 4.302517300085518e+16 4.1920322176793896e+16 4.129474564304387e+16 4.060721555197101e+16 3.984479713598854e+16 3.934241662373605e+16 3.8985933792770056e+16 3.84109239199634e+16 3.799598825353629e+16 3.731121311211175e+16 3.679949761047548e+16 3.652151498628997e+16 3.62248540280424e+16 3.5905311185916324e+16 3.5556914617692932e+16 3.517066969687604e+16 3.4214888342176596e+16 3.3562007754158388e+16 3.259555970740466e+16
32900.00460918869 4.5387476035034e+16 4.484529105969526e+16 4.424707365672935e+16 4.358407863743383e+16 4.2830539321908296e+16 4.196708969767254e+16 4.095854097148106e+16 4.038237928781584e+16 3.974723447981613e+16 3.903808317646081e+16 3.8568606347476584e+16 3.8233865641079576e+16 3.769183951739899e+16 3.729861600687265e+16 3.664650374392333e+16 3.615648732500203e+16 3.5889491651021556e+16 3.560386215647542e+16 3.5295661320984612e+16 3.495884205065327e+16 3.4584697243890404e+16 3.3655810959011616e+16 3.301912637014437e+16 3.20737118537256e+16
33100.004637207996 4.5099386918496216e+16 4.4528679708616376e+16 4.389371755925419e+16 4.319590752024374e+16 4.240829337694958e+16 4.150981009696968e+16 4.046677216115845e+16 3.987586962155826e+16 3.922556251915351e+16 3.850451663179742e+16 3.8029889629807144e+16 3.769227400740106e+16 3.714771330261832e+16 3.675425712383259e+16 3.610474498225413e+16 3.561874929107153e+16 3.535444293287187e+16 3.507225234683595e+16 3.4768198351586476e+16 3.4436410084481384e+16 3.4068324107255164e+16 3.315614195411335e+16 3.2531836490911776e+16 3.160556502924275e+16
33300.004665227396 4.433197838750175e+16 4.375016774988542e+16 4.3118455911989576e+16 4.2428823548202584e+16 4.164776047045734e+16 4.076217381678097e+16 3.97363024572049e+16 3.915593567371836e+16 3.8519308441918616e+16 3.781315414384997e+16 3.734898112798492e+16 3.7019204945761304e+16 3.6488136600892344e+16 3.6104350649844584e+16 3.547103278049858e+16 3.499727441827244e+16 3.473957114318084e+16 3.44644500878035e+16 3.4167948018226772e+16 3.384435947719359e+16 3.3485272617764372e+16 3.259475477051429e+16 3.1984398079507428e+16 3.1076997566815616e+16
33500.004693246796 4.373455218553613e+16 4.316409601229857e+16 4.2544373052054e+16 4.1861404889808216e+16 4.108688768901189e+16 4.02109459735565e+16 3.9197677678111096e+16 3.862462024075623e+16 3.799576243294666e+16 3.730000945047265e+16 3.684186263349533e+16 3.6516708199505544e+16 3.599277046400224e+16 3.56145549712832e+16 3.4990220177271724e+16 3.4523269186962736e+16 3.426931490192707e+16 3.3998266144134612e+16 3.370614759486517e+16 3.3387394210450164e+16 3.303370280347122e+16 3.2157094063347372e+16 3.1556728528110064e+16 3.0665017373198548e+16
33700.004721266196 4.293480457424117e+16 4.238012479988997e+16 4.176876629583921e+16 4.110346726870996e+16 4.035102711815457e+16 3.9499532375545256e+16 3.85145497305649e+16 3.7956687687181384e+16 3.734643785416431e+16 3.667017203227357e+16 3.622525696604526e+16 3.59094581427505e+16 3.5400124871283172e+16 3.5032355785881188e+16 3.4424701121881828e+16 3.3970297520228504e+16 3.3722976913970604e+16 3.345884228139778e+16 3.3174168142194868e+16 3.2863381592312436e+16 3.251838991388844e+16 3.166254497955344e+16 3.1075747449557444e+16 3.020311282039024e+16
33900.004749285596 4.213950418858559e+16 4.159578719851581e+16 4.100151986070609e+16 4.034161523916157e+16 3.960867683296976e+16 3.877219755887738e+16 3.780974438340656e+16 3.72646319491097e+16 3.66672319937793e+16 3.60066545285395e+16 3.5572726203290656e+16 3.5264143019832348e+16 3.4767664169016384e+16 3.4409038699230944e+16 3.38171045479445e+16 3.337394585168282e+16 3.3132883419876892e+16 3.2875343012454384e+16 3.259764038448824e+16 3.229448335958005e+16 3.195786478242913e+16 3.1121904444623116e+16 3.0547710746302852e+16 2.969156991174285e+16
34100.004777304996 4.1384079154642824e+16 4.08550215156181e+16 4.0275664158492424e+16 3.963475869982284e+16 3.891817237010481e+16 3.8106668365437176e+16 3.716728028457702e+16 3.6636950572811304e+16 3.6057218285664056e+16 3.5414245068318824e+16 3.499233677199868e+16 3.469254001067937e+16 3.421000774248973e+16 3.3861246432648108e+16 3.3285170272067676e+16 3.2853718385483096e+16 3.2618977827692896e+16 3.2368152060384696e+16 3.209760900831038e+16 3.1802174787305292e+16 3.1473973693686064e+16 3.065843529904456e+16 3.0097820459754656e+16 2.9261291473079716e+16
34300.004805324395 4.091803491685348e+16 4.039681844586547e+16 3.982429723272391e+16 3.918104930377757e+16 3.846766453964666e+16 3.766061099798358e+16 3.672780602187599e+16 3.620053447822181e+16 3.562399356484015e+16 3.498615380505025e+16 3.4566860105287828e+16 3.4269337405286852e+16 3.3790047922479388e+16 3.3443872552669336e+16 3.287212013633639e+16 3.244419481844259e+16 3.221143922050891e+16 3.1962810617766624e+16 3.1694725780792268e+16 3.1402030796258916e+16 3.107711635723673e+16 3.027066503486962e+16 2.971724494407357e+16 2.8892960004664868e+16
34500.00483334369 4.030426747105587e+16 3.978597852933578e+16 3.921440434270755e+16 3.858811000115963e+16 3.788243072978689e+16 3.708525636591246e+16 3.616413738936174e+16 3.564488743842854e+16 3.5075807701566676e+16 3.4446471064857596e+16 3.403311622339404e+16 3.3739924328413956e+16 3.32671600841078e+16 3.292633935222071e+16 3.2363480877918644e+16 3.194251534583552e+16 3.171351617882906e+16 3.146891560280159e+16 3.12053391984833e+16 3.0917552637594316e+16 3.0598119183555024e+16 2.980523944389317e+16 2.9260842266557616e+16 2.844897076584173e+16
34700.00486136309 3.961427457936822e+16 3.910667709517298e+16 3.854823185403894e+16 3.79381238570276e+16 3.72488918939314e+16 3.647130701519758e+16 3.55713274690183e+16 3.506445429950615e+16 3.4509777642325296e+16 3.3896062003246364e+16 3.3493395859200252e+16 3.320790915600507e+16 3.2748189167613004e+16 3.2416080637961132e+16 3.186775362978077e+16 3.1457351367565028e+16 3.1234051349837624e+16 3.099546408262032e+16 3.0738241171441252e+16 3.0457423238322252e+16 3.014559889567519e+16 2.9371234880188548e+16 2.8839221565568276e+16 2.8045406531698336e+16
34900.00488938249 3.900290703138283e+16 3.849290218041897e+16 3.7951680412109e+16 3.7344773796065624e+16 3.667507294742072e+16 3.591026801732302e+16 3.502745898886291e+16 3.453064531675864e+16 3.3986403518759692e+16 3.3385288482325904e+16 3.299056505794221e+16 3.2711008227916228e+16 3.2260092242442668e+16 3.1934537524993436e+16 3.1397157555608476e+16 3.0994832209223508e+16 3.0775883627752572e+16 3.0541988057244256e+16 3.0289755902400536e+16 3.0014350067299264e+16 2.9708470084611736e+16 2.8948750497534172e+16 2.842665430070399e+16 2.7647404647036572e+16
35100.00491740189 3.837710901589967e+16 3.789160030801842e+16 3.735548278721987e+16 3.676550766638567e+16 3.61024322080515e+16 3.534934452209028e+16 3.4482097567240456e+16 3.3994057725929972e+16 3.346069505606807e+16 3.2871117981732424e+16 3.248384928328992e+16 3.2209358457087136e+16 3.176728947745482e+16 3.1448145108535908e+16 3.092099194988459e+16 3.0526379502467584e+16 3.0311661497070028e+16 3.0082241762717304e+16 2.983475478326305e+16 2.9564566217340292e+16 2.926446200295126e+16 2.8518837066825108e+16 2.80061543778341e+16 2.724028451159293e+16
35300.00494542129 3.768087874059046e+16 3.719749625382717e+16 3.666934685165229e+16 3.6087859626770936e+16 3.5442319054500196e+16 3.4707699518091016e+16 3.386610523857534e+16 3.339158323978769e+16 3.287250161248306e+16 3.229984011638719e+16 3.192337449882975e+16 3.1656544562016972e+16 3.12266635770563e+16 3.091624557657001e+16 3.0403873630456684e+16 3.0020041921399372e+16 2.9811145857766268e+16 2.958790180165281e+16 2.934699756821694e+16 2.908387853051135e+16 2.8791493695347104e+16 2.806411214960088e+16 2.7562935321362516e+16 2.681235244337437e+16
35500.00497344069 3.714923971622991e+16 3.668148370641369e+16 3.616901579604478e+16 3.5593589309160796e+16 3.4957025131626876e+16 3.4237933722780124e+16 3.3410541159000436e+16 3.2942742470129984e+16 3.2431457000248764e+16 3.1867317199094804e+16 3.1496833633456596e+16 3.1234370515471556e+16 3.0811528911047716e+16 3.0506251657648696e+16 3.000185542123792e+16 2.9623975432548388e+16 2.9418306670181964e+16 2.9198525634590256e+16 2.8961378752026784e+16 2.87023273828853e+16 2.8414530055964364e+16 2.769894346418912e+16 2.720637443741546e+16 2.646960622124999e+16
35700.00500145999 3.6500537959157464e+16 3.6038728727891064e+16 3.5530374802317296e+16 3.4975157006966644e+16 3.435358831836221e+16 3.36491490704781e+16 3.283806145853757e+16 3.238287270331336e+16 3.1885201571149932e+16 3.133398732022526e+16 3.0972928712724856e+16 3.0717004655322188e+16 3.0304722083354896e+16 3.000700771924439e+16 2.9514933393161784e+16 2.9146164209011424e+16 2.8945384813105784e+16 2.873080501491945e+16 2.8499264141966972e+16 2.824629805238273e+16 2.796507996368345e+16 2.726513663675419e+16 2.6782527095862536e+16 2.6059129565123252e+16
35900.00502947939 3.5905021694252976e+16 3.5450603895160976e+16 3.495013670136105e+16 3.4403747167744416e+16 3.3792047264311204e+16 3.310352288560061e+16 3.230864657795646e+16 3.186266764021753e+16 3.137556501600114e+16 3.0837698008399224e+16 3.0484917200676244e+16 3.0234514264070548e+16 2.9831700992953744e+16 2.954100592646847e+16 2.9060192381204616e+16 2.8700036901550464e+16 2.850389641710032e+16 2.829418397717548e+16 2.8067878316106516e+16 2.7820551567076332e+16 2.7545599474832084e+16 2.6860899384446984e+16 2.6388328515315428e+16 2.5678947100487696e+16
36100.0050574988 3.546189050454971e+16 3.5012546337690428e+16 3.4523395010322944e+16 3.398780165128293e+16 3.3387009378263596e+16 3.2706102118446068e+16 3.1922722689608932e+16 3.1481196364961652e+16 3.0999000358335376e+16 3.0466770536904228e+16 3.0117487748092212e+16 2.9870319690601856e+16 2.9471973961806428e+16 2.9184349187562944e+16 2.8708758914141504e+16 2.8352324775161616e+16 2.8158305215986956e+16 2.7950799242668664e+16 2.7726923907644284e+16 2.7482307456854484e+16 2.7210439059379716e+16 2.6533997764456516e+16 2.6067880149798876e+16 2.5369720210362988e+16
36300.00508551819 3.4895566481003904e+16 3.445222612218481e+16 3.397340943679242e+16 3.3446987682706348e+16 3.2853554538590252e+16 3.218375185500752e+16 3.1415848373898308e+16 3.098345257480648e+16 3.0510889583303692e+16 2.9990515057305564e+16 2.964915272448813e+16 2.9406755399180104e+16 2.901654743470916e+16 2.8734789775178404e+16 2.8269609541990384e+16 2.792070387926373e+16 2.773073598373309e+16 2.75276471468069e+16 2.730851911396673e+16 2.7068988344342468e+16 2.6802754334821948e+16 2.61399572782511e+16 2.568277129369652e+16 2.49969019439215e+16
36500.00511353759 3.4143689483068616e+16 3.3718774140471708e+16 3.3254825242446308e+16 3.273809346803175e+16 3.2161754199226096e+16 3.1516829835325104e+16 3.077675060413924e+16 3.0362191478911e+16 2.9909264778180384e+16 2.9409938026974644e+16 2.90830231146403e+16 2.8851223673860692e+16 2.847768695322282e+16 2.8208178219298936e+16 2.7761896681021324e+16 2.7427137929122836e+16 2.7244676905627544e+16 2.7049491394304668e+16 2.6838718312974424e+16 2.66081724776558e+16 2.635161099931815e+16 2.5711372110168348e+16 2.5268180899819068e+16 2.4600582420354704e+16
36700.00514155699 3.3634228450660296e+16 3.3222636291513244e+16 3.276058600147457e+16 3.22568035059976e+16 3.1694874329352108e+16 3.1062606804104796e+16 3.033460475307601e+16 2.99270106679706e+16 2.948118270404774e+16 2.899069029930603e+16 2.8669581417723012e+16 2.8441428655625696e+16 2.807397961777876e+16 2.7808305796785412e+16 2.7368912050723776e+16 2.7039276270838924e+16 2.685957582941183e+16 2.6667410762450996e+16 2.645982097867617e+16 2.6232752541571332e+16 2.5980042493730704e+16 2.5349239251220228e+16 2.491248587676941e+16 2.425449901922702e+16
36900.005169576296 3.292619619372345e+16 3.2524326377673972e+16 3.208027953065798e+16 3.1593259660241504e+16 3.1048722424923436e+16 3.0436310966019508e+16 2.973551765986231e+16 2.9343858038641252e+16 2.8915691121702584e+16 2.844495993300255e+16 2.8136267878964396e+16 2.7916960768853904e+16 2.7564161527115104e+16 2.73089636844513e+16 2.6886668626155144e+16 2.6569465235864724e+16 2.6396403646548076e+16 2.621116167784311e+16 2.601098825457141e+16 2.5791830382445964e+16 2.5547695472960316e+16 2.493703172885263e+16 2.451282700695931e+16 2.387122988362799e+16
37100.005197595696 3.24071317580676e+16 3.200303070803839e+16 3.156630055378038e+16 3.1082574595800196e+16 3.0549139441290056e+16 2.994678156043012e+16 2.925871043203864e+16 2.887193684967808e+16 2.8451837231403004e+16 2.7989897502108212e+16 2.7688119504313172e+16 2.7473518193699252e+16 2.7128700531643044e+16 2.6879074957727956e+16 2.6466314558428884e+16 2.615642471382167e+16 2.5987408666648896e+16 2.5806510891231884e+16 2.5610982904538316e+16 2.5396976869294772e+16 2.5158517569158564e+16 2.4561649927130572e+16 2.41464428235653e+16 2.351693889831702e+16
37300.005225615096 3.194878021244399e+16 3.1566386483291124e+16 3.115241037913862e+16 3.069064183679324e+16 3.017965748050863e+16 2.9599256330454084e+16 2.892885975711265e+16 2.855170046809593e+16 2.8140257974489124e+16 2.7685904772198748e+16 2.738738035694337e+16 2.7175668136891892e+16 2.6833628716855196e+16 2.6585932093840052e+16 2.617577113353306e+16 2.5867376397560292e+16 2.56991888373903e+16 2.5519143474710068e+16 2.532454794790341e+16 2.5111532060958464e+16 2.487423231546577e+16 2.4280979236053772e+16 2.3869088357544644e+16 2.3246244970786116e+16
37500.005253634496 3.1035223209228428e+16 3.0673477166652124e+16 3.0287352341720696e+16 2.9855959163624376e+16 2.9373121619885508e+16 2.8831965528493784e+16 2.8207660494322324e+16 2.7857057509362724e+16 2.747412574381749e+16 2.7051788151717344e+16 2.6774064105732948e+16 2.657690495850358e+16 2.625795412514036e+16 2.602684081067435e+16 2.56428616161577e+16 2.5353227551872564e+16 2.5194882627013972e+16 2.502512919675112e+16 2.484126020802111e+16 2.4639636109155224e+16 2.4414463949083396e+16 2.3848687800293724e+16 2.3453220626896104e+16 2.2850899786267936e+16
37700.00528165389 3.1119320110400732e+16 3.073764428315513e+16 3.031562035674915e+16 2.9855445559006916e+16 2.9343676677484828e+16 2.8767478439503524e+16 2.8109382144818612e+16 2.774013453596192e+16 2.733821029723659e+16 2.6895501495297708e+16 2.660624779645019e+16 2.640096538580963e+16 2.607029141102191e+16 2.5831209996037736e+16 2.5435768062345264e+16 2.513882331692538e+16 2.4976827502753428e+16 2.480352188778178e+16 2.4616195338807344e+16 2.4411172987314548e+16 2.4182819983362396e+16 2.3611690950283316e+16 2.3214826621972356e+16 2.2613864718493424e+16
37900.005309673295 3.0647421912981388e+16 3.0272786298200684e+16 2.985800115076822e+16 2.9407319180090916e+16 2.890213779620725e+16 2.8338653720367216e+16 2.7692924727647584e+16 2.733137906391954e+16 2.6938238332867644e+16 2.6505476359690264e+16 2.622114875120436e+16 2.6020487238269948e+16 2.569657743754547e+16 2.5463042861840904e+16 2.5075749556906824e+16 2.4784828954143412e+16 2.462620494072643e+16 2.445640326975953e+16 2.427284016808004e+16 2.4071959958236256e+16 2.3848091435203556e+16 2.328804674151706e+16 2.289863555143619e+16 2.2308658594543216e+16
38100.00533769259 3.0215277314198036e+16 2.984571764974886e+16 2.943835734453507e+16 2.8990727559371536e+16 2.8497104972754024e+16 2.794210743509916e+16 2.7306405338881264e+16 2.6951530943708284e+16 2.6565216577452796e+16 2.613917345944848e+16 2.586072520938621e+16 2.566323866665727e+16 2.5345255575700796e+16 2.511533542552334e+16 2.4734683264723244e+16 2.4448638546006456e+16 2.429267754397547e+16 2.4125807564517456e+16 2.3945387644244924e+16 2.3747900537108228e+16 2.3527891105981e+16 2.297740497694079e+16 2.259462455414611e+16 2.2014533474844116e+16
38300.00536571199 2.9866713512854116e+16 2.949710989048067e+16 2.910363308992717e+16 2.8663250406213304e+16 2.817236070184954e+16 2.762114448242852e+16 2.699348423697149e+16 2.6641107892225176e+16 2.625772046672435e+16 2.583642998829584e+16 2.5559515333636136e+16 2.536349126982478e+16 2.504783983413339e+16 2.4819527577962628e+16 2.4441714798454252e+16 2.415796096236821e+16 2.4003157829879996e+16 2.383743906048222e+16 2.3658388085068424e+16 2.346242533626615e+16 2.3244191408903864e+16 2.269849707630754e+16 2.2319531605160876e+16 2.174615957237567e+16
38500.00539373139 2.9464580164981616e+16 2.9104025879359216e+16 2.871119446515116e+16 2.827885887804181e+16 2.779507880410527e+16 2.725087084013458e+16 2.6631779523488364e+16 2.6283840945397276e+16 2.5906030702676036e+16 2.5489846320762384e+16 2.521741301281643e+16 2.5023856682650744e+16 2.4712947330006644e+16 2.4487942962917756e+16 2.411575394272681e+16 2.3836297963466824e+16 2.3683864350158876e+16 2.3520673102893096e+16 2.334437708832517e+16 2.3151416915132052e+16 2.2936572881225916e+16 2.239936861493954e+16 2.202633418631795e+16 2.1461910356169416e+16
38700.00542175079 2.8945300170703028e+16 2.8591678322253844e+16 2.8207100766880164e+16 2.77855103408659e+16 2.7314230800166936e+16 2.67873424192145e+16 2.6184429107301052e+16 2.5847907906826984e+16 2.548049100091256e+16 2.507668756692075e+16 2.48126657589962e+16 2.4624982890141e+16 2.43234463959171e+16 2.4104836127963004e+16 2.374328855944871e+16 2.347167728010247e+16 2.3323350968823256e+16 2.3164547705306424e+16 2.2992918969832012e+16 2.2804996644834692e+16 2.259553264444643e+16 2.2071143452446308e+16 2.1706230649541812e+16 2.1152816557850304e+16
38900.00544977019 2.8469944050957656e+16 2.8129018294270204e+16 2.775156390010624e+16 2.733976924956573e+16 2.6878712884787524e+16 2.636219335763065e+16 2.5771957993930736e+16 2.5443847806436796e+16 2.508643712615336e+16 2.4692895858478144e+16 2.4435635633163892e+16 2.4252832888896436e+16 2.3959000433917356e+16 2.3745932950981656e+16 2.339339998421774e+16 2.3128528263607228e+16 2.298391164004948e+16 2.28290261354917e+16 2.2661525174636052e+16 2.2478128628164364e+16 2.227363801875894e+16 2.176120276318142e+16 2.1404072815376776e+16 2.0861397530343508e+16
39100.00547778959 2.8169078129957296e+16 2.7826168324931144e+16 2.7453176581550804e+16 2.704316887585074e+16 2.6594180886689188e+16 2.608097900831802e+16 2.5498509236819904e+16 2.517022422515173e+16 2.4815657580894836e+16 2.4424386887425508e+16 2.4168237814289596e+16 2.3987010231032964e+16 2.3693953287735504e+16 2.348217604073745e+16 2.313125324336882e+16 2.2867462627954996e+16 2.2723568320933388e+16 2.2569419389799828e+16 2.2402773072757544e+16 2.222034673089975e+16 2.2017069412296052e+16 2.15082925898112e+16 2.115441470096253e+16 2.061792076750741e+16
39300.00550580899 2.7773533425867144e+16 2.7436237995929988e+16 2.7064489825926204e+16 2.665745009122051e+16 2.6212217777716976e+16 2.5708305379096268e+16 2.5133010991814956e+16 2.481074411621644e+16 2.4461504029429412e+16 2.4077024898807892e+16 2.3825272900699976e+16 2.364685201409088e+16 2.3359499594431108e+16 2.3151560224676028e+16 2.280717123923557e+16 2.254846080130648e+16 2.2407233198117364e+16 2.225612165394878e+16 2.2092639363656348e+16 2.191370302587248e+16 2.1714259970302076e+16 2.121487787009346e+16 2.0867250645898652e+16 2.0339658205904332e+16
39500.00553382829 2.723357701208182e+16 2.6899316903979096e+16 2.6540731189944708e+16 2.6152673988958836e+16 2.571242527829794e+16 2.5221363887979756e+16 2.4665594387038444e+16 2.4356006305181384e+16 2.4019035194385796e+16 2.364860256417193e+16 2.3406029005138812e+16 2.323413364000275e+16 2.2957072804675948e+16 2.2756654835902096e+16 2.242474572980367e+16 2.2175094765064436e+16 2.2038895022577296e+16 2.189295467654841e+16 2.1735106125862544e+16 2.1562181871358268e+16 2.1369280199433252e+16 2.0885203823024828e+16 2.0547126762670188e+16 2.0031998603945376e+16
39700.0055618477 2.6944398760422064e+16 2.661539372901852e+16 2.626340817640219e+16 2.5871335502444284e+16 2.543604825549853e+16 2.4951917880336024e+16 2.4397188348312496e+16 2.4087785194982784e+16 2.3753199556788172e+16 2.3384400709743284e+16 2.3143027069695028e+16 2.2971881345046984e+16 2.26965849059363e+16 2.24972405030595e+16 2.2167088499569844e+16 2.1919022617563212e+16 2.178359218888624e+16 2.1638608395060064e+16 2.148177432179151e+16 2.1310037374455868e+16 2.111859732170523e+16 2.063866347085121e+16 2.0303976468521788e+16 1.9794780554560876e+16
39900.00558986709 2.6351392317170684e+16 2.603479696029518e+16 2.569185198862676e+16 2.5316027780013364e+16 2.489693166662986e+16 2.442819563133426e+16 2.3897728488334116e+16 2.360198242236643e+16 2.328117785043387e+16 2.2928395744116428e+16 2.269780007494925e+16 2.25342073594671e+16 2.2270190518006964e+16 2.20791674731238e+16 2.1762427512262396e+16 2.152420085427756e+16 2.1394016241656476e+16 2.1254520289620196e+16 2.1103550479844692e+16 2.0938008913290636e+16 2.0753210685008116e+16 2.028839855933607e+16 1.9962643695942404e+16 1.9464170870739336e+16
40100.00561788649 2.605291301236018e+16 2.574419243544539e+16 2.540559429675712e+16 2.503336678114782e+16 2.4623985882339444e+16 2.4165152054357164e+16 2.364202341456899e+16 2.3350383701723836e+16 2.303390191929936e+16 2.268515303797057e+16 2.245653631324748e+16 2.2294605445812624e+16 2.203333809435957e+16 2.184412805288893e+16 2.1530549487564268e+16 2.129433815558645e+16 2.116531922450403e+16 2.102706487614481e+16 2.0877401433750756e+16 2.071334393215746e+16 2.05302482477405e+16 2.0070120542174316e+16 1.9748193471534716e+16 1.9256765595897084e+16
40300.00564590589 2.577777671385401e+16 2.547576379184883e+16 2.5146204010781148e+16 2.4782543570818076e+16 2.43749947227048e+16 2.3917608945122996e+16 2.3397117213470176e+16 2.3106505251947756e+16 2.2791439916104496e+16 2.2443945734910628e+16 2.2216508623274524e+16 2.205537301583733e+16 2.179514453062904e+16 2.1606984814879172e+16 2.129481608290747e+16 2.1059942255077412e+16 2.09316662259126e+16 2.079424657621819e+16 2.0645573353273144e+16 2.048265632886575e+16 2.0300904190114644e+16 1.984482983203214e+16 1.952631316564515e+16 1.9041006934270964e+16
40500.00567392529 2.5072067032649076e+16 2.4803375328793948e+16 2.4509767658393896e+16 2.4182791685387532e+16 2.3818931164631216e+16 2.3404862122593372e+16 2.292820652476056e+16 2.266063233478463e+16 2.2368070776325172e+16 2.2043918815627836e+16 2.183089180239236e+16 2.167901418223248e+16 2.1433162388227536e+16 2.1254582994151636e+16 2.095709858927465e+16 2.07324269691079e+16 2.0609334595804612e+16 2.0477253970676932e+16 2.0334148632854444e+16 2.017696585269702e+16 2.0001322383421736e+16 1.955901883138586e+16 1.924893746488661e+16 1.8774908307563296e+16
40700.005701944596 2.5007563153302284e+16 2.4710484688581136e+16 2.4387690761290788e+16 2.403742648330126e+16 2.3642395649240036e+16 2.3204929321158348e+16 2.2704862025167504e+16 2.24262368300619e+16 2.2124626507178304e+16 2.1792743481216052e+16 2.15755673946781e+16 2.142161039425917e+16 2.11732208979901e+16 2.0993673436900428e+16 2.0695620457382976e+16 2.047120224322503e+16 2.0348597977284732e+16 2.0217165057540944e+16 2.007497567847249e+16 1.9919034855577612e+16 1.9744962111613668e+16 1.9307328086937124e+16 1.9000833028621836e+16 1.8532338141861416e+16
40900.005729963996 2.469279144340159e+16 2.4403331067397736e+16 2.408351955384055e+16 2.3736360020930084e+16 2.3348192030334224e+16 2.2916646499450024e+16 2.242448759800419e+16 2.215044718170499e+16 2.185284213741768e+16 2.1525930879441908e+16 2.1311705132141296e+16 2.115996398142498e+16 2.091501626785729e+16 2.0737720875808052e+16 2.0443491215134692e+16 2.0222049390094616e+16 2.0101050573741316e+16 1.9971420314963424e+16 1.983101663531688e+16 1.967710539477898e+16 1.950530008287071e+16 1.9073422905648704e+16 1.8771088549447836e+16 1.8309248793727656e+16
41100.00575798339 2.4394298180827052e+16 2.4102593579925156e+16 2.3789639922013784e+16 2.3445399409335384e+16 2.3064101929453348e+16 2.263475258646874e+16 2.214739932331586e+16 2.187576634028949e+16 2.158113549216442e+16 2.12573919537541e+16 2.1045456571905784e+16 2.089548106536868e+16 2.065354166982864e+16 2.047826064962798e+16 2.018791433652762e+16 1.9969277848835044e+16 1.9849831678841684e+16 1.9721894008675096e+16 1.9583422921892064e+16 1.9431620574518464e+16 1.926217109172554e+16 1.8836435006422264e+16 1.853845784563235e+16 1.808327897218164e+16
41300.005786002796 2.4095993589507504e+16 2.380811644594302e+16 2.35006049748869e+16 2.315869062777932e+16 2.278356983430724e+16 2.2360554115330484e+16 2.1878814350475484e+16 2.1610730932961624e+16 2.132022355148727e+16 2.1001068866896996e+16 2.0791806356752804e+16 2.0643302426922016e+16 2.0404528110389108e+16 2.023159284565684e+16 1.9944618280088532e+16 1.972871243903947e+16 1.9610760379224284e+16 1.948435513916823e+16 1.934762508465577e+16 1.919771219667628e+16 1.9030406540292624e+16 1.8610133854176508e+16 1.8316134791778356e+16 1.7867265278457708e+16
41500.00581402219 2.3674168238935884e+16 2.3396109762065804e+16 2.3090876293811976e+16 2.276054103624797e+16 2.239527980877235e+16 2.1984237691989772e+16 2.151897035815177e+16 2.125859364736722e+16 2.0976969286060424e+16 2.06677570929718e+16 2.0465551957327704e+16 2.0321808314528324e+16 2.009041404600378e+16 1.9922726098365016e+16 1.9644617587532376e+16 1.9435105852530412e+16 1.9320582207829964e+16 1.9197812411604388e+16 1.9064959541247164e+16 1.891919636611317e+16 1.8756405653809244e+16 1.8346787480345456e+16 1.8059529709789724e+16 1.7619713450161168e+16
41700.005842041595 2.335203447541824e+16 2.308150857915747e+16 2.2786853651281612e+16 2.246617493640508e+16 2.21091977710294e+16 2.170739165642629e+16 2.1253060687170724e+16 2.099837706729165e+16 2.072232378654764e+16 2.0418102859999944e+16 2.0218870213488916e+16 2.0077458932840476e+16 1.9849240974393584e+16 1.9683576842077276e+16 1.940888146389636e+16 1.9201794791193836e+16 1.908850945394609e+16 1.8967088160826252e+16 1.8835640429077e+16 1.869144402340558e+16 1.8530409351789684e+16 1.8125251772209412e+16 1.784118574652466e+16 1.7406368854969964e+16
41900.00587006089 2.3051692029908412e+16 2.2786067406659924e+16 2.2495886209567796e+16 2.2174764338011616e+16 2.1820733228895744e+16 2.142108302022204e+16 2.0968707009480676e+16 2.071689803979569e+16 2.0444467297730296e+16 2.0144289567808216e+16 1.9948337491061396e+16 1.980911832354308e+16 1.9584425696833092e+16 1.9421719477065536e+16 1.9151723451079656e+16 1.894833938082048e+16 1.8837165508952132e+16 1.871792852622797e+16 1.8588905102126204e+16 1.844734733787247e+16 1.828923287974012e+16 1.7891287746944178e+16 1.7612157052631118e+16 1.7184696461166336e+16
42100.00589808029 2.261249135929278e+16 2.2352127498602424e+16 2.2067961058138956e+16 2.1756144804426268e+16 2.1412664822530868e+16 2.102954174647825e+16 2.0594052461342504e+16 2.0351288094578624e+16 2.0088775686542064e+16 1.9799668149968696e+16 1.961098033411812e+16 1.9476630205465852e+16 1.9260343726223344e+16 1.910334656085164e+16 1.8842805529889092e+16 1.8646239613112016e+16 1.8538736393184444e+16 1.842339341271239e+16 1.8298406526459456e+16 1.8161217590285124e+16 1.8007811321774354e+16 1.762074097776982e+16 1.7348301542424754e+16 1.6929506730593568e+16
42300.00592609969 2.251926161471077e+16 2.2251735617054212e+16 2.196469835602922e+16 2.165036323347432e+16 2.1302897941354896e+16 2.0913432754750692e+16 2.0472410247131624e+16 2.022653636109372e+16 1.9959883893655404e+16 1.966681252676155e+16 1.947518595328298e+16 1.933914249725603e+16 1.91200898586885e+16 1.896119805488338e+16 1.8697831920786056e+16 1.849943083582308e+16 1.839094695205559e+16 1.8274735063372692e+16 1.8148958376863784e+16 1.8010981250515402e+16 1.7856936691662966e+16 1.7469472541455766e+16 1.7197893015475142e+16 1.6782249047430788e+16
42500.005954119086 2.2132845389509132e+16 2.187616391984818e+16 2.1595118117662684e+16 2.128587154399517e+16 2.0947707452559028e+16 2.0567770381449804e+16 2.0136890578965276e+16 1.9897652895026372e+16 1.9638598066469776e+16 1.9354084552498012e+16 1.9168012126589056e+16 1.903583104961904e+16 1.882312866676178e+16 1.866899250545677e+16 1.8413084143752576e+16 1.8220198124203988e+16 1.811473813784874e+16 1.8001624384879124e+16 1.7879203835355956e+16 1.7744839501320296e+16 1.7594700717537528e+16 1.721630263381194e+16 1.6950302861076942e+16 1.6541820163546804e+16
42700.00598213849 2.189385776240782e+16 2.163603072086912e+16 2.1360287943701908e+16 2.1054123326154124e+16 2.0716825719332024e+16 2.0342045125447624e+16 1.9916063614447576e+16 1.9679188965532132e+16 1.942231505277769e+16 1.9140170175062784e+16 1.8955897383905196e+16 1.8824945504195676e+16 1.8613979820786284e+16 1.846120549957828e+16 1.8207786026126772e+16 1.8016752848128932e+16 1.7912339965782426e+16 1.7800323138137358e+16 1.7679139161645512e+16 1.7546165967679004e+16 1.7397608093183828e+16 1.7023581909878088e+16 1.6760926904620304e+16 1.6358002602930142e+16
42900.00601015789 2.1144622080802028e+16 2.089633663511912e+16 2.062778441152899e+16 2.033449395753139e+16 2.0010491048231764e+16 1.9649612779323228e+16 1.9242122973793716e+16 1.901604192711271e+16 1.8770029450762748e+16 1.8500179972994868e+16 1.832321842841806e+16 1.819727734539463e+16 1.7993636853049108e+16 1.7845614608480256e+16 1.7598633144961128e+16 1.7411382400064178e+16 1.7308533018987922e+16 1.7197690461345646e+16 1.7077048154371766e+16 1.6943846837148628e+16 1.67938206779727e+16 1.6408619096233768e+16 1.6129621619282222e+16 1.568080047042749e+16
43100.00603817729 2.062301381878163e+16 2.0378646882072096e+16 2.0117962057837844e+16 1.982930256472539e+16 1.951369132251955e+16 1.9160022097801132e+16 1.875988736029935e+16 1.8537543249658704e+16 1.8295881693986384e+16 1.8029848138830004e+16 1.7854841477573256e+16 1.7730472751714914e+16 1.7528751420850672e+16 1.7381767427005934e+16 1.713578072611044e+16 1.694819124405403e+16 1.6844650791581626e+16 1.6732661491945694e+16 1.6610078853377192e+16 1.6473719238249088e+16 1.631862114321091e+16 1.5910263464598758e+16 1.560214810182079e+16 1.5080752097840966e+16
43300.00606619659 2.056527337418713e+16 2.0325387888939456e+16 2.0067074398125748e+16 1.9782597631653836e+16 1.947192201070687e+16 1.9121184647201604e+16 1.8725503388384148e+16 1.8506451040885092e+16 1.8267697217966692e+16 1.8004868689049832e+16 1.783232383323472e+16 1.7709480851480998e+16 1.7510667935830094e+16 1.7365935512870174e+16 1.712382387052603e+16 1.693944608189568e+16 1.683784237167293e+16 1.6727935955459602e+16 1.660779669596348e+16 1.6474335941109312e+16 1.6322821124555594e+16 1.5926112891186604e+16 1.5630646549785636e+16 1.5147186025604124e+16
43500.00609421599 1.98229818192829e+16 1.9590290501964884e+16 1.9346494534164428e+16 1.907264336215538e+16 1.8772453999745396e+16 1.844012859484068e+16 1.8063870229600228e+16 1.7854666366318582e+16 1.7626966532791632e+16 1.737600613998352e+16 1.721058873684273e+16 1.7092537089000108e+16 1.6900586503175478e+16 1.6760115250308774e+16 1.6523552034735284e+16 1.6341644623706168e+16 1.6240601364137142e+16 1.6130745198971754e+16 1.600987663233665e+16 1.5874541591599544e+16 1.5719454693232064e+16 1.5306042109547004e+16 1.4992027596892322e+16 1.4468930032582354e+16
43700.00612223539 1.9477936485442804e+16 1.925518958342865e+16 1.901512680963387e+16 1.8754376057725556e+16 1.8465079433146044e+16 1.8141743869451136e+16 1.7774603074073584e+16 1.756967306151067e+16 1.7346380625106206e+16 1.7099099370634224e+16 1.6935806372637758e+16 1.6818858776654294e+16 1.6628238237912792e+16 1.6488136631564094e+16 1.6251168179354456e+16 1.6068076267616198e+16 1.5965949773905352e+16 1.5854582406297308e+16 1.573150766848903e+16 1.55930449377886e+16 1.5433492789422914e+16 1.5003904320965314e+16 1.467459113645699e+16 1.4124744388325662e+16
43900.0061502548 1.9430648299325276e+16 1.920603854586675e+16 1.8967971026392424e+16 1.8701635308064544e+16 1.840852522883097e+16 1.8078730255013136e+16 1.7705522701515316e+16 1.749619781648434e+16 1.7268356086934672e+16 1.7015502781204992e+16 1.6848365743273342e+16 1.6728791234830126e+16 1.6533970280954846e+16 1.639092612713933e+16 1.6149195037512486e+16 1.5962599522498498e+16 1.58586191611687e+16 1.5745359550606556e+16 1.5620314916188258e+16 1.5479878690337068e+16 1.5318439544160068e+16 1.4886799507881316e+16 1.456083932740423e+16 1.403234391825101e+16
44100.00617827419 1.85980209527418e+16 1.8381053719219748e+16 1.8147757824410856e+16 1.7892538531966004e+16 1.7613028659621888e+16 1.7302627378009608e+16 1.695111325083042e+16 1.6755245485127862e+16 1.654171168095633e+16 1.6304247968848828e+16 1.614695441097317e+16 1.6034166154310602e+16 1.5849503441729066e+16 1.5713239085074838e+16 1.5481307133675782e+16 1.5300495287508218e+16 1.5199010403970458e+16 1.5087794062145362e+16 1.496419039395694e+16 1.482431775547621e+16 1.466206505347241e+16 1.4220786550598032e+16 1.3880467545084004e+16 1.331360370412612e+16
44300.00620629359 1.862924655379363e+16 1.841179629529515e+16 1.817602292171082e+16 1.7916865378944236e+16 1.7633099924836874e+16 1.7318248828492984e+16 1.6960738312948344e+16 1.6761003745537392e+16 1.6543359978718234e+16 1.6302167164835494e+16 1.614223988792664e+16 1.6027695172689692e+16 1.5840293201218876e+16 1.5702078395995758e+16 1.5467042170573364e+16 1.5284108485600728e+16 1.5181526573159258e+16 1.5069256688814844e+16 1.4944648319806672e+16 1.4803875682759232e+16 1.4640992179642758e+16 1.420050695020811e+16 1.3863384617327674e+16 1.3305680786456742e+16
44500.00623431289 1.846772743679369e+16 1.825079982732055e+16 1.8015800749444816e+16 1.775874897951031e+16 1.7473970471120392e+16 1.7155922803376466e+16 1.6794946944859786e+16 1.6593332489383246e+16 1.6373276616486648e+16 1.6129110034148448e+16 1.5967164995233122e+16 1.5850939346980194e+16 1.5660905677102816e+16 1.5520707604576738e+16 1.5281937522701984e+16 1.5095909620674994e+16 1.4991471816598294e+16 1.487708133291694e+16 1.475000238942906e+16 1.4606364933910728e+16 1.444000004827965e+16 1.39901760024689e+16 1.3646979004329368e+16 1.3084114226821898e+16
44700.00626233229 1.7761596730113304e+16 1.7553170435531354e+16 1.7327087879665264e+16 1.7083975072859836e+16 1.681505002517277e+16 1.6515343307026154e+16 1.6175973046194566e+16 1.5985920740672456e+16 1.5777901410136542e+16 1.554597678508968e+16 1.5391756201608168e+16 1.5280731595410024e+16 1.5098298774616554e+16 1.4962998232365386e+16 1.4731500165387364e+16 1.4549931014430452e+16 1.444759563697532e+16 1.433515422326186e+16 1.420987269485848e+16 1.4067773192529276e+16 1.390270749400706e+16 1.3453960384699814e+16 1.3108799569496446e+16 1.2531820235707752e+16
44900.006290351695 1.786130988633357e+16 1.7653642816109724e+16 1.7424408752056212e+16 1.717556871239793e+16 1.6901899015283174e+16 1.659690565533057e+16 1.6252301430860984e+16 1.6059943434400148e+16 1.5849586417273822e+16 1.5615900237521024e+16 1.5460653028059974e+16 1.5349047663757712e+16 1.516608456979327e+16 1.5030698735431716e+16 1.4799677638626762e+16 1.461909127739852e+16 1.4517581432474694e+16 1.4406247456712236e+16 1.4282429542315166e+16 1.414229359226294e+16 1.3979940487215906e+16 1.354099912694322e+16 1.3206532774147248e+16 1.2657423920670164e+16
45100.00631837109 1.761950879197236e+16 1.7412493260345444e+16 1.7185334326556318e+16 1.6938807035662446e+16 1.6667202323112776e+16 1.6364252519040214e+16 1.602060206977389e+16 1.582857203404638e+16 1.5618536405288246e+16 1.538462910278374e+16 1.522895679839775e+16 1.5116881761217894e+16 1.4932786556961856e+16 1.4796219842531602e+16 1.4562531582695048e+16 1.4379162126679234e+16 1.4275806052747324e+16 1.416225430547168e+16 1.4035747461111356e+16 1.389232177442529e+16 1.3725897214399388e+16 1.327595423698653e+16 1.2935073750739474e+16 1.2382354844430524e+16
45300.006346390495 1.7045795557797044e+16 1.6844352622564034e+16 1.6626942859117728e+16 1.63923835585022e+16 1.6133126962926506e+16 1.5845936338744852e+16 1.5519523439996564e+16 1.533700732456462e+16 1.513736561187944e+16 1.4914786693102282e+16 1.4766552142327612e+16 1.4659721552257302e+16 1.4484023076577368e+16 1.4353547384142062e+16 1.4129644947931422e+16 1.3953472301248036e+16 1.3853935790398838e+16 1.3744337792492472e+16 1.3621938602339498e+16 1.3482719743328826e+16 1.332047261741534e+16 1.2876812503293148e+16 1.2533720916927312e+16 1.1959949039872998e+16
45500.006374409895 1.7059821148140286e+16 1.6860742237761008e+16 1.664624181064334e+16 1.6413238937156302e+16 1.6156699008441158e+16 1.5869909840268176e+16 1.5545055220515306e+16 1.536361254882338e+16 1.5164396568905446e+16 1.4942364521103068e+16 1.4794810859809544e+16 1.4688336069425116e+16 1.451347515325755e+16 1.4383846278271428e+16 1.4161877709390004e+16 1.3987798426367878e+16 1.3889637408970016e+16 1.3781745055022196e+16 1.3661446085290528e+16 1.3524883184045694e+16 1.3366030555003834e+16 1.2933002567743778e+16 1.2599659354861156e+16 1.204627695559706e+16
45700.00640242919 1.6946262965164162e+16 1.6748422301369094e+16 1.6535316075935048e+16 1.6302382720848098e+16 1.6045750886083638e+16 1.5760314144546732e+16 1.54373629453175e+16 1.5257123800496786e+16 1.5059638036085564e+16 1.484017261108599e+16 1.4694184622784416e+16 1.4589162758878838e+16 1.4416649115107414e+16 1.4288878363208302e+16 1.4070232934260678e+16 1.3898827790678488e+16 1.3802220506064068e+16 1.3696014721645812e+16 1.3577590381406606e+16 1.3443076785053086e+16 1.328648887377445e+16 1.2858491006451192e+16 1.252820114619465e+16 1.1981822686818728e+16
45900.00643044859 1.6396451027999082e+16 1.6204883449923682e+16 1.5996725929420226e+16 1.5771308621182516e+16 1.5524108033671264e+16 1.5249474355309532e+16 1.4938625880679456e+16 1.476479252991762e+16 1.4574696932242376e+16 1.436260128736281e+16 1.4221322349565492e+16 1.4119511069458188e+16 1.39518823380761e+16 1.382722938470929e+16 1.3612850287630962e+16 1.3443726179134882e+16 1.334789606537338e+16 1.324208596471307e+16 1.3123494385755658e+16 1.2987966339572282e+16 1.2829012988587566e+16 1.2387903002497502e+16 1.2040982520812412e+16 1.1457322583784302e+16
46100.006458467986 1.642016316263888e+16 1.623185974543932e+16 1.6027351304281788e+16 1.58043801468358e+16 1.5560686966426068e+16 1.528885750698072e+16 1.4980665304483522e+16 1.4808459234620098e+16 1.4619782812906456e+16 1.4409782014582606e+16 1.4269960872058924e+16 1.416925002664612e+16 1.400381086045136e+16 1.3881232785905044e+16 1.3671312666789948e+16 1.3506524847717144e+16 1.3413513653838384e+16 1.3311112489571082e+16 1.3196743387335126e+16 1.3066482888295668e+16 1.2914265428893336e+16 1.2493899755247466e+16 1.2164256588823604e+16 1.1610865039606676e+16
46300.00648648739 1.6204537582320676e+16 1.6017817276120146e+16 1.5817195539701632e+16 1.5596352458700662e+16 1.535513136981784e+16 1.5085753600682242e+16 1.4780451845464726e+16 1.4609864283307174e+16 1.4422867644514388e+16 1.4214224808380114e+16 1.407513991570107e+16 1.3974995836677076e+16 1.3810364965156026e+16 1.3688223335540986e+16 1.3478793496106586e+16 1.3314112595683248e+16 1.3221049441369708e+16 1.3118461923343688e+16 1.3003704006598146e+16 1.2872722566644374e+16 1.2719220272852962e+16 1.2292234250773504e+16 1.1953664080581248e+16 1.1378938047148194e+16
46500.00651450679 1.5905214041620144e+16 1.5733412741419668e+16 1.5545816116082766e+16 1.5341631044066268e+16 1.51164609199463e+16 1.486511193593298e+16 1.4578750069568614e+16 1.4418627125929846e+16 1.424295917660158e+16 1.4047135048082894e+16 1.3916768730411124e+16 1.3822876915845622e+16 1.3668563422228834e+16 1.355423377295799e+16 1.335854567104101e+16 1.320499795314292e+16 1.3118389164141056e+16 1.3023053001383292e+16 1.2916554588761364e+16 1.2795213686005728e+16 1.2653234737400932e+16 1.225855035785722e+16 1.1943854788936592e+16 1.1401431810026144e+16
46700.00654252619 1.5812290809155868e+16 1.5639383016932334e+16 1.5451441716799904e+16 1.5245307280066892e+16 1.501938022516152e+16 1.4766880109222478e+16 1.4480273847918552e+16 1.431967742126122e+16 1.4143788055466276e+16 1.394762794494498e+16 1.381720211502257e+16 1.3723401700994644e+16 1.3569313408065394e+16 1.3455322647846772e+16 1.3260417595788146e+16 1.310783933498656e+16 1.3021906078837542e+16 1.2927456401211344e+16 1.282209937852992e+16 1.2702229912061264e+16 1.25621855941902e+16 1.2173439235305008e+16 1.1863111083030778e+16 1.1325462620725188e+16
46900.00657054549 1.5716842057007702e+16 1.553851494959906e+16 1.5346573179998334e+16 1.513695185832866e+16 1.4906453666753072e+16 1.4650897280687666e+16 1.4361848094588834e+16 1.4200052499405962e+16 1.402337100101211e+16 1.3826754200118886e+16 1.3696077791656224e+16 1.3602006371137436e+16 1.3447850210178986e+16 1.333377698456932e+16 1.3139068813377938e+16 1.2986732124849238e+16 1.2900961819451108e+16 1.2806707160389578e+16 1.2701549559496568e+16 1.258186008244332e+16 1.2441860585618354e+16 1.2051374634047374e+16 1.1736274611294598e+16 1.1181944197538442e+16
47100.00659856489 1.5491795311713552e+16 1.531246348765336e+16 1.5120511267126026e+16 1.4911781782896306e+16 1.4683347364505592e+16 1.4430571411476686e+16 1.4145256645764444e+16 1.3986585549324626e+16 1.3813434313938866e+16 1.3621170894191788e+16 1.3493783296685862e+16 1.3402282266544266e+16 1.3252400814575686e+16 1.3141660949869878e+16 1.2952934931805552e+16 1.280548900908082e+16 1.2722542204464072e+16 1.2631423470181616e+16 1.2529849556013016e+16 1.2414341147291124e+16 1.227941129330901e+16 1.190404213876968e+16 1.1601982717053916e+16 1.1069294421114364e+16
47300.00662658429 1.5455605551133732e+16 1.5280528423386008e+16 1.5089559007525892e+16 1.488326990380706e+16 1.4656653792814008e+16 1.4405327963195466e+16 1.4122426159417828e+16 1.3964756956277548e+16 1.3793392159721406e+16 1.3603382393123236e+16 1.3477490707886362e+16 1.3387354458991254e+16 1.3239861079841518e+16 1.3131142530321452e+16 1.2946412372948582e+16 1.280272930782834e+16 1.272217873736823e+16 1.2633988335175934e+16 1.2535998665654488e+16 1.2425065831620868e+16 1.2296151369615764e+16 1.1941769535941234e+16 1.1661031742645834e+16 1.1172951806754746e+16
47500.0066546037 1.5220990088504156e+16 1.5046739586601352e+16 1.4861199436368614e+16 1.465906316591801e+16 1.4437237053089514e+16 1.4191076401201194e+16 1.3913159788090368e+16 1.375835877934545e+16 1.3589291040859456e+16 1.3401623123269778e+16 1.327716324984993e+16 1.3187852336330676e+16 1.3041512158825588e+16 1.2933430038065324e+16 1.2749227485190072e+16 1.2605529399187758e+16 1.2524782877656068e+16 1.243619639717616e+16 1.233754231798747e+16 1.2225547443440436e+16 1.2094933514531154e+16 1.173299037615246e+16 1.1443022871979648e+16 1.0933226447395464e+16
47700.00668262309 1.5017159971544026e+16 1.4846560287701956e+16 1.4664403751777762e+16 1.4464741584058166e+16 1.4247285111169174e+16 1.4006440655913082e+16 1.373417549693618e+16 1.3582844729225246e+16 1.3417689616947292e+16 1.3234573309132458e+16 1.3113215547715724e+16 1.30260716255619e+16 1.2883423281761224e+16 1.2778125671642016e+16 1.2598882570235814e+16 1.2459183970557588e+16 1.238074606595075e+16 1.229475229661558e+16 1.219907866598668e+16 1.209057991625472e+16 1.1964267646547282e+16 1.161564906130322e+16 1.1338095957737596e+16 1.085222948634652e+16
47900.00671064249 1.48745268713624e+16 1.470553078530134e+16 1.4523316568105428e+16 1.4325454788884718e+16 1.4109078764581104e+16 1.3869235606797484e+16 1.3599349733909436e+16 1.34493175997361e+16 1.328590595129092e+16 1.310471684173922e+16 1.2984682857960552e+16 1.2898610392258222e+16 1.2757776028165238e+16 1.2653904707733008e+16 1.247730236552891e+16 1.2339768257569336e+16 1.2262632818128608e+16 1.2178123965484624e+16 1.2084210954057462e+16 1.1977873053003098e+16 1.1854332792727914e+16 1.1515586805696152e+16 1.1249052931272294e+16 1.0788419855613928e+16
48100.00673866189 1.461862277761366e+16 1.4454293083005648e+16 1.4277845705347206e+16 1.408605240549571e+16 1.3875910354110698e+16 1.3643082123265744e+16 1.3380053746221962e+16 1.323321872099912e+16 1.307318676612037e+16 1.2895197009485616e+16 1.2776956857977552e+16 1.2691978342378678e+16 1.2552620750330742e+16 1.2449553220452686e+16 1.2273774820774636e+16 1.2136395224981082e+16 1.2059140775398002e+16 1.1974328829357492e+16 1.1879868663022658e+16 1.177265666687926e+16 1.1647751059131618e+16 1.1303380946650152e+16 1.103046812942966e+16 1.055303580187328e+16
48300.00676668119 1.4624329634967358e+16 1.4461488228157686e+16 1.4283830136068128e+16 1.4091938570957358e+16 1.3881238633318762e+16 1.3647758298126014e+16 1.3384328111803698e+16 1.323758897944389e+16 1.3077858976686908e+16 1.2900526053249288e+16 1.278299004853001e+16 1.2698673286961998e+16 1.2560672355280684e+16 1.2458949787038268e+16 1.2285786961806516e+16 1.215107724010221e+16 1.2075534333850618e+16 1.1992848569718874e+16 1.1901071062859422e+16 1.1797337745469574e+16 1.167717952485257e+16 1.1350565241137048e+16 1.1097396065024386e+16 1.0665505391031914e+16
48500.006794700595 1.4392274591256428e+16 1.4230639559017018e+16 1.4055898909169794e+16 1.38670033499348e+16 1.365980819526297e+16 1.3430357562739704e+16 1.3172115133040822e+16 1.3028105947364014e+16 1.2871824368464254e+16 1.2697967167894544e+16 1.2582821533283126e+16 1.2500201750002126e+16 1.2364962733973078e+16 1.226509066673937e+16 1.2095135442504554e+16 1.1962708154381304e+16 1.188838723000754e+16 1.180696243607272e+16 1.1716497897737366e+16 1.1614122235107552e+16 1.1495380588638348e+16 1.1171832711678424e+16 1.0920484849887672e+16 1.049142239178928e+16
48700.00682271999 1.4203190408949088e+16 1.4043933512172088e+16 1.3873486534588086e+16 1.3687223628705246e+16 1.3484437297249228e+16 1.3259298978386584e+16 1.3005524366454184e+16 1.2864236563781504e+16 1.2709838997454514e+16 1.2538757733994016e+16 1.2425079455059746e+16 1.2343382672195176e+16 1.2209549300350774e+16 1.2110675622212352e+16 1.1942121898903684e+16 1.1810605682858296e+16 1.1736778601711078e+16 1.165585160578238e+16 1.156589787592292e+16 1.146410287994353e+16 1.1346006071062176e+16 1.1024370238770484e+16 1.0774520594281626e+16 1.0345842911471934e+16
48900.006850739395 1.4077318044822588e+16 1.3920284960066222e+16 1.3751190792638748e+16 1.3567117582815366e+16 1.3367623220501184e+16 1.3145465144472422e+16 1.2894995132681356e+16 1.2755345446575056e+16 1.2603128920957814e+16 1.243421808230424e+16 1.2322087899286674e+16 1.22414547828107e+16 1.2109366447970932e+16 1.201184784631135e+16 1.184551097557365e+16 1.171579094148857e+16 1.164296431431967e+16 1.1563157982156118e+16 1.147449059306544e+16 1.1374204650271784e+16 1.125798701941425e+16 1.0942378995743706e+16 1.0698531984290092e+16 1.0284120221745594e+16
49100.006878758795 1.39073130597912e+16 1.375178420358688e+16 1.3583504403255828e+16 1.3402949453168924e+16 1.3203210019305646e+16 1.2982835130578048e+16 1.273521606683138e+16 1.259736898509103e+16 1.244706465640692e+16 1.2280475400227456e+16 1.2169980720642472e+16 1.2090744886128214e+16 1.1961063226490762e+16 1.1865298699128946e+16 1.1702343757640402e+16 1.15754260576956e+16 1.1504220571252532e+16 1.14262554153158e+16 1.1339667851162352e+16 1.1241758246975622e+16 1.1128271865245868e+16 1.081973880005575e+16 1.0580849136112572e+16 1.0174064204092366e+16
49300.00690677819 1.3765294728887174e+16 1.3611377545630572e+16 1.3445274372036258e+16 1.3265624012203748e+16 1.306952041935319e+16 1.2851296975892868e+16 1.2605534954694944e+16 1.2468845200519714e+16 1.2319643064857842e+16 1.2153970811896112e+16 1.2044086922728022e+16 1.1965099841803446e+16 1.1835765176189726e+16 1.174009582174715e+16 1.157703596486235e+16 1.1449763879044484e+16 1.1378271353941622e+16 1.1299894481216296e+16 1.1212767675003122e+16 1.1114150441167448e+16 1.0999769341113644e+16 1.0688974626005462e+16 1.0449138821558104e+16 1.0044447788812834e+16
49500.00693479749 1.3585231066129294e+16 1.343533871175794e+16 1.327440040227314e+16 1.3099060608137004e+16 1.2907038356360004e+16 1.2694913086623578e+16 1.2456097121765442e+16 1.2323184368448952e+16 1.2178330983806786e+16 1.2017423941447806e+16 1.1910689525547518e+16 1.183401170802294e+16 1.170832940088207e+16 1.1615469101058412e+16 1.1457220665030566e+16 1.133378340088164e+16 1.126447290216637e+16 1.1188506452060482e+16 1.1104100850329228e+16 1.100858700825875e+16 1.089784174106104e+16 1.0596762266482964e+16 1.0363831137443532e+16 9967657364054016.0
49700.006962816886 1.345436638299577e+16 1.330600042000364e+16 1.3145940057543642e+16 1.2972457299869412e+16 1.2782660832700154e+16 1.2572555344781708e+16 1.2335687052186976e+16 1.220367576570523e+16 1.205996094320296e+16 1.1900047249375814e+16 1.1793939391865454e+16 1.1717562077819544e+16 1.1592499168213954e+16 1.149993937423353e+16 1.134202528966794e+16 1.1218725574298766e+16 1.1149425295290002e+16 1.1073408468584334e+16 1.0988919339548624e+16 1.0893273608757696e+16 1.078236440436679e+16 1.0481347418432112e+16 1.0249853148817638e+16 9862581908881590.0
49900.00699083629 1.3330151857350654e+16 1.3181727583577236e+16 1.302236155316372e+16 1.28492072514945e+16 1.2659789661245096e+16 1.2450648056339658e+16 1.2215313472318784e+16 1.2084915784629464e+16 1.1942534393975392e+16 1.178495343541924e+16 1.1680469292107582e+16 1.1605510023178566e+16 1.148280451470059e+16 1.1392269147280642e+16 1.1238266475575e+16 1.11183319449659e+16 1.105111134072106e+16 1.0977493788996068e+16 1.0895758875819202e+16 1.0803360739879358e+16 1.0696329641959716e+16 1.0405759649383124e+16 1.0181481297729324e+16 9802462719079316.0
50100.00701885569 1.3112676914325806e+16 1.2967629260062444e+16 1.2810852346228012e+16 1.2642181446994922e+16 1.2457127449612596e+16 1.2252962242889708e+16 1.202264874913846e+16 1.189471951365596e+16 1.1754924359709946e+16 1.1599742059697982e+16 1.149658944919073e+16 1.1422388248446748e+16 1.1300773316734502e+16 1.1210796917021832e+16 1.1057105590274112e+16 1.0936949442655594e+16 1.0869369432975184e+16 1.0795201193048502e+16 1.07126555654369e+16 1.06191011489998e+16 1.051043069956621e+16 1.0214273008844082e+16 9985246749980500.0 9600037706282646.0
50300.00704687509 1.3066314451319404e+16 1.2922638166962794e+16 1.276894351713146e+16 1.2600996045144466e+16 1.2418103182133196e+16 1.2215586863539216e+16 1.1987829062205646e+16 1.1861191023390516e+16 1.1723389465833736e+16 1.1570504680506744e+16 1.1469234045193928e+16 1.1396604084236312e+16 1.127771548507505e+16 1.1190059156116732e+16 1.1040949034953864e+16 1.0924895304310124e+16 1.0859835700988962e+16 1.078862841148427e+16 1.0709556823461326e+16 1.0620154986102484e+16 1.0516538558640044e+16 1.0234576577789568e+16 1.0016083853605546e+16 9647326574381578.0
50500.00707489449 1.28435817508227e+16 1.2703041409479918e+16 1.255087187273286e+16 1.238687010353021e+16 1.2207117131488858e+16 1.2008118569834224e+16 1.1783928386985734e+16 1.1658973190522036e+16 1.1522725144230572e+16 1.1371243272649758e+16 1.1270447147528906e+16 1.119802246332567e+16 1.1079166458504236e+16 1.0991112777578594e+16 1.0840693911601706e+16 1.072296442492283e+16 1.0656672129430954e+16 1.058384185641326e+16 1.0502703689611698e+16 1.041062734331152e+16 1.0303503964209172e+16 1.0010812660494126e+16 9784494419403694.0 9408729909128814.0
50700.00710291379 1.2731897436332344e+16 1.2592546841101202e+16 1.244271472926987e+16 1.2280325862111594e+16 1.2102949601592952e+16 1.1905922028796768e+16 1.1684120347007084e+16 1.1560801139718076e+16 1.1426271144339602e+16 1.1276917536130958e+16 1.1177756335632738e+16 1.1106483228736032e+16 1.0989736927083886e+16 1.0903459358333506e+16 1.0756257239138736e+16 1.0641321294753076e+16 1.0576700313323676e+16 1.0505810661686464e+16 1.0426949467880554e+16 1.033756481482971e+16 1.0233729447034408e+16 9950430223947500.0 9731070160356480.0 9363603916021648.0
50900.00713093319 1.262667750818153e+16 1.2489189894038838e+16 1.2341499866288764e+16 1.2181031011668122e+16 1.2004968110311272e+16 1.1811092749803308e+16 1.159278169441033e+16 1.1471645237643138e+16 1.1339793704731064e+16 1.1193518249415042e+16 1.1096710880585104e+16 1.1027264470408294e+16 1.0913594155691912e+16 1.082977000884042e+16 1.0687203734479386e+16 1.0576279986857782e+16 1.0514093535407474e+16 1.0445999359814004e+16 1.0370390852309308e+16 1.0284882458014518e+16 1.0185731331015374e+16 9915589392622250.0 9705816271246778.0 9351057103161812.0
51100.0071589526 1.2437449912869154e+16 1.230289327180688e+16 1.2157612796258542e+16 1.2000326400164488e+16 1.1828990777991112e+16 1.1639067099899068e+16 1.1425088623850842e+16 1.1306148465262156e+16 1.117637322044807e+16 1.1032387539254822e+16 1.0936796036098482e+16 1.0868151749968996e+16 1.075564535102221e+16 1.0672471270316042e+16 1.053062704167421e+16 1.0419858025292858e+16 1.035758927244148e+16 1.0289291763499448e+16 1.0213258007355958e+16 1.012705394837204e+16 1.002684111045952e+16 9752842841859480.0 9540026969252626.0 9183284376062346.0
51300.00718697199 1.2289788554351028e+16 1.2162789975507596e+16 1.2024893311059188e+16 1.1875711194979708e+16 1.171157954270397e+16 1.1529719656521716e+16 1.1323450953125172e+16 1.1208193123427838e+16 1.1082068851551464e+16 1.0941601769546216e+16 1.0848266404488682e+16 1.0781165094603694e+16 1.0671049852479478e+16 1.0589680667732714e+16 1.0450979364608788e+16 1.0342748227749404e+16 1.0281967124059706e+16 1.0215315360293014e+16 1.0141184171090592e+16 1.00571576498731e+16 9959466209853484.0 9691646565812434.0 9481940772072484.0 9126041349449358.0
51500.00721499139 1.2200646460407308e+16 1.206940886813495e+16 1.19273761435355e+16 1.1773538783851404e+16 1.160642152385832e+16 1.142082424626731e+16 1.121174823927588e+16 1.109549643544944e+16 1.0968799046434836e+16 1.0828130672400526e+16 1.0734836147763694e+16 1.0667827825839952e+16 1.0558165469380722e+16 1.047720768973799e+16 1.033930849335281e+16 1.0231805077112158e+16 1.0171442446439802e+16 1.010525765451499e+16 1.0031643644164366e+16 9948222769726078.0 9851236017870896.0 9585469757228622.0 9377659839841736.0 9025806605782324.0
51700.00724301078 1.2150067264368184e+16 1.202069353444952e+16 1.187885955069175e+16 1.1726294442296644e+16 1.1559763650416388e+16 1.1375924697868936e+16 1.1169139501802356e+16 1.1054469313134828e+16 1.092938595485685e+16 1.0790898592097294e+16 1.06991895880111e+16 1.0633459890610164e+16 1.052602491315985e+16 1.0446916113566454e+16 1.0312640156260682e+16 1.0208436346867496e+16 1.0150151643277904e+16 1.0086448926173154e+16 1.0015865350185278e+16 9936266679875978.0 9844292395293880.0 9595698532161280.0 9404908100622528.0 9085905396518638.0
51900.00727103009 1.1949696558649138e+16 1.1821417398894572e+16 1.1683084473240828e+16 1.1533747492498616e+16 1.1370910943818486e+16 1.1190791728651456e+16 1.0987940409868566e+16 1.0875259132364908e+16 1.0752149500887086e+16 1.0615795650833276e+16 1.0525265776606308e+16 1.0460387635889336e+16 1.0354113268577832e+16 1.027569199472935e+16 1.0142251209245572e+16 1.00383048955986e+16 9979991184538894.0 9916079311610274.0 9845030369368968.0 9764546484161374.0 9671014700753342.0 9414595240490154.0 9213578826387202.0 8871799758731276.0
52100.007299049495 1.1805095090274602e+16 1.1678301808052826e+16 1.1543361713029798e+16 1.1395646851756874e+16 1.1235488573222716e+16 1.105834221605275e+16 1.0858902128088342e+16 1.0747769604234294e+16 1.0627057960386352e+16 1.0492850336256414e+16 1.0403914359368866e+16 1.0340092843548626e+16 1.0235544498911914e+16 1.015841287661737e+16 1.0027138949295064e+16 9924857232964852.0 9867449869933490.0 9804511002317034.0 9734531597217976.0 9655201763403058.0 9562915720268682.0 9309105964737540.0 9108976737063740.0 8766678052339304.0
52300.00732706889 1.167772652087762e+16 1.155283097877768e+16 1.142008186257974e+16 1.127557920812709e+16 1.1118202897312366e+16 1.0944221655539068e+16 1.0748483504407824e+16 1.0639701204090322e+16 1.052111091742758e+16 1.0389756321372554e+16 1.0302727431751046e+16 1.0240280553927756e+16 1.0138082616404958e+16 1.0062757100006236e+16 9934646331712400.0 9835004511415880.0 9779132490088400.0 9717930597157070.0 9649937958984778.0 9572941213211328.0 9483480129626458.0 9237804900646894.0 9043929939601222.0 8709914570969154.0
52500.00735508829 1.160386252138439e+16 1.1481496009493112e+16 1.1349693010986938e+16 1.1207411383345224e+16 1.1051196718057094e+16 1.0879140571843118e+16 1.0685259650056044e+16 1.0577441509719064e+16 1.0459994171500568e+16 1.0329560831961362e+16 1.024324827042403e+16 1.0181355406459558e+16 1.0080119776895134e+16 1.000558126633921e+16 9879016975600316.0 9780749890371534.0 9725757006138112.0 9665597045675076.0 9598861608240194.0 9523450009879074.0 9436019482615460.0 9196996437653888.0 9009376293119570.0 8687567078405968.0
52700.007383107695 1.1518994241790326e+16 1.139766124288042e+16 1.1267432942040118e+16 1.112662306953499e+16 1.0973109882426678e+16 1.080297090111112e+16 1.0612331846411374e+16 1.0506204023325306e+16 1.0390867168361962e+16 1.0262924455853342e+16 1.0178254073731692e+16 1.0117525436761532e+16 1.0018394072584188e+16 9945452257793322.0 9821797947654304.0 9725989391323056.0 9672456079739460.0 9613982990968416.0 9549226805699204.0 9476205097453482.0 9391754064706152.0 9162032440242836.0 8982710991651967.0 8676536571266294.0
52900.00741112709 1.1309543360538044e+16 1.1191131209694008e+16 1.1063529737584984e+16 1.092556730531013e+16 1.0774477138477374e+16 1.0607598136260018e+16 1.0419770394295528e+16 1.0315284044510932e+16 1.0201437589072234e+16 1.007523183822003e+16 9991549488334692.0 9931531563284562.0 9833400346836200.0 9761002510889140.0 9637999996239698.0 9542359358355844.0 9488737772987964.0 9430024465347114.0 9364793356420890.0 9290932700677564.0 9205061804253284.0 8968694854283018.0 8780981844981206.0 8454053903741758.0
53100.00743914639 1.1227949830926684e+16 1.1110228473537482e+16 1.0983781210552654e+16 1.0846600725691126e+16 1.0696796423105388e+16 1.0531423675274324e+16 1.034530163514054e+16 1.0242114895011526e+16 1.012948135177457e+16 1.0004768726527398e+16 9922171295054588.0 9862969062003850.0 9766274734210064.0 9695014849018134.0 9574157800129898.0 9480398779916136.0 9427938745840926.0 9370604044666220.0 9307032256162266.0 9235240742680952.0 9152060312453826.0 8924820354480242.0 8746122551110382.0 8437100619707574.0
53300.007467165786 1.1110246491161186e+16 1.0995091319110952e+16 1.0870849937326212e+16 1.0736559601785074e+16 1.0589754105751698e+16 1.0427350051121496e+16 1.0244691039161624e+16 1.0143066238408558e+16 1.0032524989323066e+16 9909821658779530.0 9828548091678306.0 9770231911145738.0 9674901976870672.0 9604687091966526.0 9485510672722850.0 9392994859195946.0 9341221916406982.0 9284595605541050.0 9221777081569978.0 9150763817219320.0 9068384417203132.0 8842421328371948.0 8663443033862504.0 8351471707274427.0
53500.00749518519 1.1005632807676466e+16 1.0891426303432014e+16 1.0768372512055442e+16 1.0634828564745738e+16 1.048999936689854e+16 1.03296506512471e+16 1.0149603211617706e+16 1.0049520215283602e+16 9940602066698554.0 9819967257525612.0 9740095435005564.0 9682849050478994.0 9589363211238844.0 9520599642002642.0 9404034962895308.0 9313721635161224.0 9263257236439400.0 9208158937238894.0 9147146922211778.0 9078328047453528.0 8998719237959863.0 8781734082277711.0 8611197035077556.0 8314858666491497.0
53700.00752320459 1.087721098952888e+16 1.0765329224876698e+16 1.0644654932830032e+16 1.0514879714134332e+16 1.0373035486901692e+16 1.0216747387526772e+16 1.0041268562471716e+16 9943816507551290.0 9837739488313680.0 9720076056559796.0 9642227315026910.0 9586372836511454.0 9495166689992374.0 9428033289759824.0 9314209384888304.0 9226020440761978.0 9176733127582632.0 9122886221382870.0 9063255011098320.0 8995982424218250.0 8918129570214398.0 8705786396087780.0 8538776718633866.0 8248783453905027.0
53900.007551223986 1.079458893063475e+16 1.068320982538596e+16 1.05643656868466e+16 1.0434662605957e+16 1.0293710659704668e+16 1.0138591472934672e+16 9964207319437598.0 9867102245138408.0 9761713508358500.0 9644820969828124.0 9567391027062478.0 9511931161224128.0 9421369651354728.0 9354771849356656.0 9241987162118080.0 9154725684731048.0 9106019127988800.0 9052869636140952.0 8994075416119321.0 8927849827621611.0 8851343939791649.0 8643344336973732.0 8480147998737523.0 8195987827429600.0
54100.00757924339 1.068299530565974e+16 1.0572140040544112e+16 1.0454604490185002e+16 1.0327099343949224e+16 1.018848075682093e+16 1.003482559841979e+16 9862497108158776.0 9766951147000958.0 9662595712173892.0 9547180047376432.0 9470811261507542.0 9416104069359206.0 9326717215132972.0 9261022366697336.0 9149823011090814.0 9063847025100526.0 9015897531829018.0 8963582244463865.0 8905743500369011.0 8840630338613437.0 8765473304106735.0 8561472569213335.0 8401659767336214.0 8123161850272090.0
54300.007607262785 1.0512977077228286e+16 1.0406714280681802e+16 1.0291331931744892e+16 1.016778726894858e+16 1.0032452572057808e+16 9883066360659560.0 9715226522339158.0 9622053736062906.0 9520461754626948.0 9407905225738384.0 9333324298241858.0 9279850379932718.0 9192485411620358.0 9128156107667662.0 9019139784007590.0 8934643499906752.0 8887424947803299.0 8835856271909643.0 8778747651762927.0 8714313255602902.0 8639761175698361.0 8436177768124417.0 8275180963759695.0 7990503618964549.0
54500.00763528209 1.0472101651968034e+16 1.0364325785865898e+16 1.0249882014530368e+16 1.0125775865163066e+16 9990034339734716.0 9841202643652406.0 9674080110192452.0 9581316874321438.0 9480018707305626.0 9368094624065402.0 9294008000280952.0 9240891307316730.0 9154334703298834.0 9090687129160948.0 8983074986614467.0 8899953127185752.0 8853613900448151.0 8803122952165376.0 8747364367547568.0 8684668927575603.0 8612418260832117.0 8416912949881861.0 8264202714213858.0 7997554771661763.0
54700.00766330149 1.0339287020589446e+16 1.023484162755021e+16 1.0121995338145566e+16 1.000058818818144e+16 9868036719434498.0 9721542292548882.0 9557484310651406.0 9466360990427300.0 9367258184089222.0 9257438969690750.0 9184744036197530.0 9132691405467264.0 9047745868093900.0 8985291869557038.0 8879586622716749.0 8797918113206926.0 8752372289698552.0 8702718344253496.0 8647855863828124.0 8586127680341207.0 8514948345840885.0 8322180602016604.0 8171540533343993.0 7908635356840589.0
54900.00769132089 1.0230294500442458e+16 1.0126193143363448e+16 1.0014970542486948e+16 9895304986655970.0 9764702192953262.0 9621132967165574.0 9459071513336586.0 9369186881553000.0 9271215043304552.0 9162589304877988.0 9090743693172194.0 9039283767131294.0 8955333763125481.0 8893597862984020.0 8789145345933957.0 8708423666720316.0 8663425964990117.0 8614376505590465.0 8560189909539219.0 8499234855721090.0 8428960546625442.0 8238584432147028.0 8089519729143270.0 7827558979464228.0
55100.00771934029 1.015035960567661e+16 1.004754786338817e+16 9937521944254390.0 9817510583623918.0 9687864254021312.0 9544821263656078.0 9383998951755384.0 9294724563213622.0 9197692595409662.0 9090147078953458.0 9018985390218470.0 8968057318602564.0 8884930009219650.0 8823868295190776.0 8720625552515069.0 8640930611834566.0 8596538408970982.0 8548189336230018.0 8494833379266022.0 8434899438497736.0 8365905252563484.0 8179773966749732.0 8034934848021109.0 7782113412923063.0
55300.00774735968 1.0090932911190018e+16 9989467477835856.0 9880711197802562.0 9763645550944680.0 9635754454336504.0 9494967962537344.0 9337014421298578.0 9249574871487940.0 9154254638506552.0 9048975408120896.0 8979400673813035.0 8929581676743837.0 8848441614863770.0 8788884602385984.0 8688417101319329.0 8611093483360257.0 8568128884619644.0 8521413855806797.0 8469986462196494.0 8412383036617100.0 8346311772546463.0 8169521140225441.0 8033504111855950.0 7799111266888902.0
55500.00777537909 9917629863932136.0 9817839095706062.0 9711097303329902.0 9595404951407544.0 9469715676613310.0 9331096098525138.0 9175328846177828.0 9089077519872702.0 8994939650981960.0 8890662480490720.0 8821698124612692.0 8772291807951183.0 8691665678818072.0 8632439286298049.0 8532222095863652.0 8454876003258162.0 8411761912777220.0 8364818900888760.0 8312989568821544.0 8254758792985515.0 8187715236603442.0 8006760200508242.0 7865793412452916.0 7618664897823538.0
55700.007803398395 9893822484057272.0 9794733748003590.0 9687715916856120.0 9573449262212152.0 9448669330880830.0 9311265338768648.0 9156829100257518.0 9071256172625362.0 8978256308443151.0 8875373098613775.0 8807390959346347.0 8758692770223997.0 8679437926263967.0 8621243926980389.0 8523095992573751.0 8447594838397497.0 8405643957559105.0 8360044988033425.0 8309848757040689.0 8253641353565822.0 8189207579943269.0 8016969331271560.0 7884666194324656.0 7656853733760448.0
55900.00783141779 9723566059589162.0 9627914237230040.0 9524893286376612.0 9412970917543630.0 9292458645312348.0 9159745108824110.0 9010847436912332.0 8928042472780231.0 8838103028393208.0 8738470693119340.0 8672448645874810.0 8625232605404513.0 8548163343186836.0 8491536984422075.0 8395817377698031.0 8321992009701276.0 8280877973518064.0 8236131170070803.0 8186783061210253.0 8131400377697271.0 8067736243623180.0 7896554499456664.0 7764025517007126.0 7533859669888846.0
56100.00785943719 9658956533870352.0 9563528897722446.0 9460310173159502.0 9349487467822116.0 9229042768607528.0 9096524482883688.0 8947552209739783.0 8864850827137031.0 8774951829778862.0 8675436003200754.0 8609565931239778.0 8562473007438850.0 8485586818198158.0 8429195956526662.0 8334017362859769.0 8260719863463898.0 8219970075366001.0 8175661623265347.0 8126873253131742.0 8072222734604271.0 8009539534295845.0 7841796770758270.0 7712700213210156.0 7489458507870363.0
56300.007887456595 9545271347359254.0 9450427893360566.0 9348439271650932.0 9239219470519358.0 9120408263979566.0 8989322621238823.0 8842411215982971.0 8760943648863785.0 8672136353626015.0 8573877211917375.0 8508834515287100.0 8462305914145598.0 8386460323576176.0 8330734430308959.0 8236644095970216.0 8164119102992751.0 8123765418810070.0 8079882796813025.0 8031521001575506.0 7977307495890715.0 7915069975454002.0 7748243964078791.0 7619673710964185.0 7397168902612890.0
56500.00791547599 9502323788326934.0 9408086625863502.0 9306864086499904.0 9197934585008676.0 9079072696898106.0 8948381466093249.0 8802133987040720.0 8721034968738681.0 8632879928864815.0 8535426616408653.0 8471011652231508.0 8424976972380350.0 8349930486244710.0 8294914151578141.0 8202141829367551.0 8130805546281107.0 8091203574342932.0 8048194203501322.0 8000889873858015.0 7947983537226589.0 7887421918062783.0 7726211899779705.0 7603235847222245.0 7393304058829406.0
56700.007943495395 9407348208406996.0 9314153763529744.0 9214188852491708.0 9107119990019094.0 8989600749951684.0 8860733701714075.0 8716398882012616.0 8636413081134753.0 8549408753686687.0 8453175076536514.0 8389626001685584.0 8344206346621961.0 8270113304984242.0 8215842756758373.0 8124306229256259.0 8053947152083936.0 8014887026359675.0 7972458177610505.0 7925799965442508.0 7873624399098116.0 7813928174471515.0 7655133557402812.0 7534197255811450.0 7328236077823423.0
56900.007971514686 9262929658847814.0 9171522438047668.0 9074107879322778.0 8969155317618841.0 8855113129831999.0 8729482667133203.0 8588336002398242.0 8510235516992396.0 8425216374570867.0 8331066760495642.0 8268742393905462.0 8224182242403127.0 8151463035415082.0 8098073625620854.0 8007939598985029.0 7938519189004533.0 7899932362635148.0 7857957020409168.0 7811742247168477.0 7759971927500228.0 7700608402049864.0 7542012519365814.0 7420463190857683.0 7211683387820164.0
57100.00799953409 9220445619784828.0 9130991930004102.0 9033713551989214.0 8929276639061634.0 8815921111151529.0 8691653979276671.0 8552163653301604.0 8474688804596725.0 8390379573248279.0 8297156849150230.0 8235564345478594.0 8191521571954622.0 8119735916553342.0 8067074193058368.0 7978319201600331.0 7910116947039879.0 7872252314168333.0 7831154801708306.0 7785976192373947.0 7735485018478973.0 7677758793554957.0 7524545767983759.0 7408282377341091.0 7211234293004298.0
57300.00802755349 9132061459028212.0 9042411119749636.0 8946867243699863.0 8843684834260425.0 8731699458320831.0 8608817875040148.0 8470575741312349.0 8393735270546502.0 8310324943176705.0 8218207013789046.0 8157265904053762.0 8113645955001628.0 8042658689556460.0 7990623393055523.0 7902912402268964.0 7835538811983275.0 7798150570676428.0 7757577408597192.0 7712978654327786.0 7663155735714931.0 7606215397071713.0 7455229487143177.0 7340808910543411.0 7147167430278154.0
57500.008055572885 9040659233848588.0 8952658274534628.0 8857967467702942.0 8755943175721360.0 8645491716723480.0 8523887915025829.0 8387492437539481.0 8311876618373172.0 8229650177333518.0 8138738880014092.0 8078695654024079.0 8035695388452467.0 7965760241264915.0 7914415976424114.0 7827925423765938.0 7761483754374138.0 7724605644114703.0 7684582573594012.0 7640596316494985.0 7591444870064619.0 7535279418626751.0 7386320343896671.0 7273393740016825.0 7082118211311693.0
57700.00808359229 8944524115035059.0 8857715278049615.0 8764210357367304.0 8663770580917158.0 8554439622155716.0 8434486695874063.0 8299802023426346.0 8225250274528596.0 8144088849836493.0 8054382193341717.0 7995205507469755.0 7952801322070820.0 7883772951721553.0 7833175476624933.0 7747918555015464.0 7682404367471257.0 7646049577338592.0 7606584857190388.0 7563210417431771.0 7514758524432126.0 7459381013969040.0 7312627732968306.0 7201618589263216.0 7014597042598543.0
57900.008111611685 8877532200338248.0 8791738987474325.0 8699730515445404.0 8600421207010833.0 8492836969800644.0 8374551129931445.0 8242068503675296.0 8168656636270108.0 8088734600702814.0 8000385194577332.0 7942135625351596.0 7900416331028432.0 7832543780046509.0 7782795507843528.0 7699044299831636.0 7634796344629978.0 7599157670240926.0 7560505805518309.0 7518067764206317.0 7470703719573524.0 7416643409687888.0 7273758712144264.0 7166069630189950.0 6985457269998121.0
58100.00813963109 8773437691097996.0 8687629520286562.0 8596659931489356.0 8498422134418322.0 8392253295408620.0 8274930248891958.0 8144110868854435.0 8071533076862372.0 7992607087195771.0 7905449670187120.0 7847838409180240.0 7806666010266706.0 7739569547524381.0 7690392668165762.0 7607530939736572.0 7543901426302376.0 7508597490539278.0 7470295166401037.0 7428202881556233.0 7381211027765175.0 7327544565381879.0 7185560364661126.0 7078482872354045.0 6898934202383024.0
58300.00816765039 8698727771499343.0 8614412868324198.0 8523907575329898.0 8427028550389420.0 8321506717304851.0 8205720444857348.0 8076043619884447.0 8004035167910941.0 7925981737192698.0 7839689554601547.0 7782669621957497.0 7741870053447941.0 7675462211321207.0 7626805691590586.0 7544847645874736.0 7481922960928798.0 7447015389325511.0 7409168005577577.0 7367588889871326.0 7321178888845881.0 7268199376383169.0 7128182785282036.0 7022753441730074.0 6846375008602958.0
58500.00819566979 8629427186265650.0 8545397252579409.0 8456441578221314.0 8360087533980550.0 8255567308411160.0 8140893579829035.0 8012719600524738.0 7941789075305305.0 7864564970772885.0 7779174786950647.0 7722893470180793.0 7682654057945439.0 7617110032073076.0 7569081908515206.0 7488270589296384.0 7426275765273721.0 7391914324838407.0 7354647547118633.0 7313749977112710.0 7268132210815076.0 7216103974815908.0 7078912092910790.0 6975994068329599.0 6804892618504123.0
58700.00822368919 8523187887531059.0 8441065607244263.0 8353167430557194.0 8258333935529944.0 8155887928222738.0 8042957442513709.0 7916979088073027.0 7847116487987888.0 7771076612926260.0 7687065387747883.0 7631525738909364.0 7591817665152827.0 7527203608229295.0 7479812746548970.0 7400028152682209.0 7338751006103857.0 7304755918027273.0 7267876599929821.0 7227361432986820.0 7182130992553126.0 7130487072746385.0 6993972029725507.0 6891231782666584.0 6719786147170616.0
58900.00825170858 8425417531437566.0 8345126138532080.0 8260766808014515.0 8169033203869915.0 8069165307397005.0 7959282078834563.0 7836572160976262.0 7768665495815046.0 7694639697301767.0 7612818050288498.0 7558746239846600.0 7520017579746578.0 7457002350639621.0 7410844163607754.0 7333025650225348.0 7273264713148861.0 7240115058276501.0 7204139576235795.0 7164631115393819.0 7120517671852224.0 7070155602549248.0 6937086032573899.0 6837046045397058.0 6670507988076649.0
59100.00827972799 8340856746569204.0 8265745047812039.0 8185630919511148.0 8098368035785237.0 8003232028020174.0 7897675909304136.0 7779111874988393.0 7712549889063721.0 7639983913821267.0 7559443719249596.0 7506159298378177.0 7467922236954901.0 7405632357524502.0 7359888929944726.0 7282794130886716.0 7223556057801586.0 7190692953408115.0 7155039720103367.0 7115886094622825.0 7072191109702318.0 7022340005788275.0 6890858038347406.0 6792303502781526.0 6628963139891879.0
59300.008307747295 8295894717466025.0 8216855396340412.0 8132648511833983.0 8042032742766438.0 7943291397177456.0 7834887548284817.0 7713576808852485.0 7646159505215459.0 7572978965439557.0 7492141191714471.0 7438801883677064.0 7400647585956322.0 7338450160689383.0 7292925765787596.0 7216282606319491.0 7157470114146538.0 7124887813141813.0 7089550937415443.0 7050774085382117.0 7007528684158432.0 6958224000123167.0 6828356552669488.0 6731158101261514.0 6570249776062094.0
59500.00833576669 8185108936262224.0 8108563182561703.0 8026038962737761.0 7938089343744645.0 7842164608255495.0 7737118560206478.0 7619529101147118.0 7554202119001625.0 7483119488304741.0 7404490052076687.0 7352517663652785.0 7315331247901782.0 7254763280430116.0 7210343313512463.0 7135452406303720.0 7077919520771297.0 7045999001324943.0 7011370106819493.0 6973327332035989.0 6930853213842979.0 6882369802647078.0 6754353994758042.0 6658278736809807.0 6498938261028295.0
59700.00836378609 8148631877792783.0 8071810057385254.0 7989318102460065.0 7901037735668278.0 7804515487095744.0 7698946173371377.0 7580518753829418.0 7514859814654826.0 7443630612682112.0 7364766508146764.0 7312665533362471.0 7275478683593134.0 7214920671826772.0 7170556446413400.0 7095906609956784.0 7038680822932233.0 7006980926654600.0 6972622833361620.0 6934925509441651.0 6892918404728359.0 6845041665992553.0 6719112535137128.0 6625069137491464.0 6470056103536113.0
59900.008391805495 8073404819064774.0 7996448904593663.0 7915293934367573.0 7826629998795368.0 7731288583599095.0 7626657925471636.0 7509563218986725.0 7444801430552802.0 7374141762798126.0 7296300666458430.0 7244831207813606.0 7208022237261553.0 7148213619547588.0 7104399824730654.0 7030690988266372.0 6974191291288101.0 6942901195202505.0 6908986494675290.0 6871777210243414.0 6830314279669485.0 6783069801664860.0 6658842455339468.0 6566139190429917.0 6413557555436128.0
60100.00841982489 7992174653302523.0 7917202872885462.0 7836287999245021.0 7749557267938163.0 7656120389541672.0 7553203276872416.0 7438079960850422.0 7374505867020407.0 7305313834262854.0 7228850775395105.0 7178344906853768.0 7142252365075431.0 7083515580282191.0 7040510095987503.0 6968137224593676.0 6912652521414403.0 6881912238943058.0 6848597203795256.0 6812052432497906.0 6771317657972870.0 6724906508227075.0 6602864647652351.0 6511813106044792.0 6362100192948522.0
60300.008447844295 7924570376361501.0 7849792187627795.0 7769432189736432.0 7683535096072959.0 7590509153969180.0 7488349702629579.0 7373889404747843.0 7310520042683813.0 7241683419888925.0 7165540985594051.0 7115311336831794.0 7079408398557262.0 7020971451771166.0 6978188112395260.0 6906222148133335.0 6851043456621442.0 6820484206839336.0 6787375860621509.0 6751056401302471.0 6710582493245373.0 6664473235601420.0 6543272543816805.0 6452884120385149.0 6304296896472409.0
60500.00847586369 7844540942781476.0 7769928919132199.0 7690578807577454.0 7605943191062892.0 7513485603543071.0 7412425909860011.0 7299167004981590.0 7236439245183065.0 7168217961799917.0 7092931636821064.0 7043313866194669.0 7007771642908194.0 6949914903144792.0 6907559035973352.0 6836239238622957.0 6781546508681412.0 6751241155861373.0 6718385860241441.0 6682320383421378.0 6642118496038260.0 6596292027150533.0 6475688320644194.0 6385619814109791.0 6237347225489007.0
60700.00850388299 7766348797394059.0 7693077469828580.0 7615120160239216.0 7531305590182077.0 7440584905271551.0 7341343397645882.0 7230086686128927.0 7168511593387679.0 7101503519058350.0 7027513077890086.0 6978621078622067.0 6943706213010763.0 6886840539278392.0 6845213111400289.0 6775134123271611.0 6721387709157324.0 6691607898737669.0 6659323740301575.0 6623897330191665.0 6584401588671352.0 6539392057775091.0 6420972943351458.0 6332606417008983.0 6187357907854956.0
60900.00853190239 7690287745169594.0 7618653403111396.0 7541409574737963.0 7459246180659611.0 7369907287498494.0 7271927162142703.0 7162080809851552.0 7101469921118070.0 7035580256657617.0 6962611188646220.0 6914448719045220.0 6880003748147190.0 6823989178805370.0 6782980966077772.0 6713899388377848.0 6660927910861132.0 6631570881592255.0 6599740428389419.0 6564812342122243.0 6525861858648311.0 6481459042082831.0 6364605917772732.0 6277385385455637.0 6134127953644149.0
61100.008559921785 7601139787947353.0 7530956543191784.0 7456109476336597.0 7375163650625131.0 7287739199462297.0 7191623805902778.0 7084321054831733.0 7024827488461729.0 6960232214018284.0 6888673757943953.0 6841463057386220.0 6807677464525259.0 6752664923331305.0 6712338677586882.0 6644412856299751.0 6592284666046278.0 6563375081863416.0 6532013003622299.0 6497582375744996.0 6459161991307260.0 6415338751987898.0 6299869445211532.0 6213580942715191.0 6071752484432728.0
61300.00858794119 7558804733305661.0 7488078407065069.0 7412625864128416.0 7331540362903766.0 7244019302064603.0 7147835753191466.0 7040238595287181.0 6980768932526793.0 6915970266132748.0 6844457709277176.0 6797224608667267.0 6763476652363499.0 6708537789993743.0 6668311531948148.0 6600621537210688.0 6548716423326889.0 6519961730052562.0 6488805545969671.0 6454620133281648.0 6416507404356256.0 6373089800558711.0 6258945151767162.0 6173892980183864.0 6034562097233711.0
61500.008615960585 7494940514741537.0 7425341577600264.0 7350657423274120.0 7270099529414197.0 7183380109960891.0 7088120058773338.0 6981511627602368.0 6922519383695926.0 6858339982331343.0 6787470731396739.0 6740726803823270.0 6707277713723913.0 6652895499949786.0 6613109829076258.0 6546145347236179.0 6494829347084021.0 6466414555694710.0 6435626510178316.0 6401848994994069.0 6364213984989869.0 6321360884754841.0 6208794686801213.0 6125024415526516.0 5987998415600130.0
61700.008643979985 7427337814102117.0 7358370810768342.0 7285263098233422.0 7205921089777816.0 7120215663929246.0 7026490010455325.0 6921518983923313.0 6863484878323540.0 6800365711742804.0 6730583624194856.0 6684516850820499.0 6651639660216243.0 6598105828103291.0 6558932272878994.0 6493048350898241.0 6442596978560109.0 6414661433560228.0 6384391802016108.0 6351203862033749.0 6314240516113466.0 6272170974303460.0 6161806580741838.0 6079823393285653.0 5946052277782095.0
61900.00867199929 7364785987268321.0 7296162301993253.0 7223503911393285.0 7145265178439300.0 7060514960697535.0 6967749423039456.0 6863809667418492.0 6806346449135533.0 6743882904909565.0 6674775612295513.0 6629148646254772.0 6596579855683655.0 6543609196578862.0 6504834981477246.0 6439645609372521.0 6389726382522561.0 6362090755934505.0 6332151795222624.0 6299330658175627.0 6262775533380204.0 6221171135914737.0 6112022731268780.0 6030925410963957.0 5898572250315133.0
62100.00870001868 7298828214188074.0 7231243759187186.0 7158737896602367.0 7081894170370854.0 6998539891543877.0 6906815665257729.0 6804096959572179.0 6747330471400567.0 6685503041761654.0 6617181898791287.0 6572153189522752.0 6539978001962228.0 6487621228476632.0 6449299658795955.0 6384886918008350.0 6335572547261187.0 6308278071478186.0 6278710313354362.0 6246301545866209.0 6210220783364276.0 6169159340558119.0 6061527749373001.0 5981636726340572.0 5851401171991323.0
62300.00872803809 7202219453580747.0 7137017242511647.0 7067693437176088.0 6993188968235501.0 6912325274448214.0 6823425068626611.0 6723864579971151.0 6668831773462367.0 6608733295465100.0 6542421920462540.0 6498629583068479.0 6467308687721768.0 6416325438520762.0 6378979331462128.0 6316156824713612.0 6267980840166493.0 6241293429073757.0 6212375625876846.0 6180649262174883.0 6145285563834728.0 6105005521784962.0 5999191412282109.0 5920469045477444.0 5791933311951311.0
62500.00875605748 7146692676706385.0 7081531011134934.0 7011793452850935.0 6936681747430358.0 6855689583956728.0 6766805849045591.0 6667111104643849.0 6612053424068049.0 6551941815885366.0 6485562067884586.0 6441768332404849.0 6410444651659710.0 6359504384024351.0 6322204224638906.0 6259422208090211.0 6211295254684485.0 6184624606860423.0 6155727406084040.0 6124020950141963.0 6088670960579393.0 6048396597427643.0 5942528390406452.0 5863687262974875.0 5734779955581852.0
62700.00878407689 7084076504094272.0 7020462920348668.0 6951700170182597.0 6877993717445313.0 6797632960286226.0 6710045467386235.0 6611711524416644.0 6557249316697619.0 6497887009838216.0 6432350616619999.0 6389123134453444.0 6358183278557536.0 6307883061369504.0 6271044010767845.0 6209086016040206.0 6161604703096636.0 6135305056072700.0 6106787946521191.0 6075522065245823.0 6040679179427070.0 6000997503457209.0 5896777284191299.0 5819257632406899.0 5692721668307274.0
62900.00881209629 7021933532699701.0 6958527573148268.0 6891082259409756.0 6818216217162097.0 6739499787552721.0 6653060442095819.0 6556045732829416.0 6502239381334134.0 6443696819492256.0 6378812769558568.0 6335993962355748.0 6305382071578766.0 6255526693831729.0 6219014378558769.0 6157606355620375.0 6110532628058399.0 6084450533375213.0 6056188024924999.0 6025192139073327.0 5990643145571849.0 5951297609681080.0 5847957257947435.0 5771096192219717.0 5645657998529467.0
63100.00884011568 6943781735359119.0 6881065569516150.0 6814562769157409.0 6743175465502431.0 6665550953705795.0 6580811970785560.0 6485494696435289.0 6432741598686570.0 6375301446066397.0 6311774364686469.0 6269853407357171.0 6239897799931992.0 6191093134952970.0 6155354488247101.0 6095215101434486.0 6049104727180364.0 6023555122055894.0 5995854565858275.0 5965457693355106.0 5931566874560154.0 5892940543870591.0 5791361411857404.0 5715693899897204.0 5592068469396601.0
63300.00886813499 6913504552317950.0 6850578180186230.0 6783974420543681.0 6711632961443197.0 6633679878330439.0 6548108242435159.0 6452413459921783.0 6399294547521496.0 6341616832877946.0 6277877238637534.0 6235797550453573.0 6205741402021762.0 6156825528216426.0 6121048024725979.0 6060888750326196.0 6014828616303570.0 5989345244365484.0 5961730683575062.0 5931472265623892.0 5897778008158693.0 5859434510934565.0 5758897503129678.0 5684274421339059.0 5562774124775371.0
63500.008896154395 6841966483322511.0 6780061886125234.0 6713415659480366.0 6642601655008135.0 6565525543007090.0 6481087357595345.0 6386502222502596.0 6334088523627528.0 6277155365557837.0 6214218414211021.0 6172651098536353.0 6142973638023484.0 6094629229867141.0 6059265199276456.0 5999747073350384.0 5954152495888479.0 5928903571367699.0 5901554245360566.0 5871552113675718.0 5838119157304193.0 5800044871754356.0 5700059325608136.0 5625706576094306.0 5504423449563198.0
63700.00892417379 6786533019486623.0 6725393696147241.0 6660408796441000.0 6590675769190385.0 6515167185165377.0 6432255245810611.0 6339219048655659.0 6287789693145411.0 6231830056229137.0 6169938265182120.0 6129066420376811.0 6099896612867314.0 6052402560907759.0 6017654540766890.0 5959222995503743.0 5914517228883123.0 5889771040331730.0 5862970847380675.0 5833605593385770.0 5800915855812906.0 5763729745486663.0 5666319619666892.0 5594117357313957.0 5476773500337822.0
63900.00895219319 6715948456155983.0 6655975281718889.0 6591528820389395.0 6522227248013028.0 6447291177160472.0 6365083752159618.0 6272938949687158.0 6221897651697328.0 6166437849507231.0 6105111793263306.0 6064638045075859.0 6035695310942842.0 5988599359955605.0 5954128991790686.0 5896123293075386.0 5851696083712800.0 5827084680389322.0 5800417192287439.0 5771170879594444.0 5738586116824931.0 5701471658200436.0 5604022525755547.0 5531580928110086.0 5413500587932248.0
64200.008994222284 6635053407621089.0 6575067325374963.0 6511686296280668.0 6443603286511516.0 6369897535249819.0 6289198806571202.0 6198613478109573.0 6148327444448284.0 6093719220365440.0 6033249995333658.0 5993386573897334.0 5964891447702567.0 5918543672139642.0 5884635466265930.0 5827603753687428.0 5783933206045603.0 5759764077174761.0 5733585877195003.0 5704880575749684.0 5672911342426184.0 5636527465843506.0 5541098474638044.0 5470250219005089.0 5354929405801908.0
64600.00905026098 6507314359268200.0 6449349612908925.0 6387880398862450.0 6322139350854691.0 6250544101402450.0 6171948338482588.0 6083931948250259.0 6035245033492589.0 5982120052953464.0 5923507444379838.0 5884796749407597.0 5857105741342803.0 5812028539552540.0 5779048496446060.0 5723558254586928.0 5681053457284654.0 5657514720633127.0 5632006249733644.0 5604031926411941.0 5572863076393818.0 5537367790685863.0 5444172636730994.0 5374897714778635.0 5262023744373579.0
65000.00910629979 6390321618366761.0 6334085942725415.0 6274370127338581.0 6210057718304864.0 6140575066327588.0 6064056703443790.0 5978466185389153.0 5930928693256808.0 5879249049574743.0 5822114449028825.0 5784382845580445.0 5757375788680518.0 5713489877320143.0 5681335026336737.0 5627261606382121.0 5585820957961415.0 5562875245687556.0 5538012838492154.0 5510752214590204.0 5480375054213031.0 5445791106992213.0 5355013220178416.0 5287559295645840.0 5177711287451693.0
65400.00916233859 6288058961256172.0 6232957020359670.0 6173759853611865.0 6110389114203720.0 6041557984846075.0 5966052908474459.0 5881561876695656.0 5834796734978415.0 5783926011765447.0 5727571502964111.0 5690350442449229.0 5663775621619002.0 5620512384230315.0 5588833509425259.0 5535573152201868.0 5494772524971222.0 5472182396957366.0 5447708705909001.0 5420875054595215.0 5390980701423705.0 5356942131885115.0 5267606587783977.0 5201216991233148.0 5093082610074753.0
65800.0092183773 6182115973037029.0 6127905539780726.0 6070082677692966.0 6008120324059392.0 5940888517387375.0 5867573106144916.0 5785111750471315.0 5739286049409019.0 5689547400100055.0 5634504004150050.0 5598161352538791.0 5572145617852312.0 5529879908015734.0 5498914803129416.0 5446879877627807.0 5407025828108103.0 5384969872835818.0 5361079175951649.0 5334886013654021.0 5305716625032863.0 5272523254604999.0 5185487480011879.0 5120891727631591.0 5015830402969673.0
66200.00927441608 6068666820548730.0 6016271539677014.0 5959728872634179.0 5899315791747565.0 5833600944560626.0 5762073955370239.0 5681666168563619.0 5637023293688165.0 5588544130554448.0 5534795568300378.0 5499284548162803.0 5473930447445603.0 5432635560511152.0 5402397849912633.0 5351533862747030.0 5312573051252074.0 5291003556091379.0 5267627440834323.0 5241988797798976.0 5213426177048027.0 5180899861119648.0 5095505647313081.0 5032029548064522.0 4928636381891095.0
66600.00933045488 5968226030244510.0 5916931991276159.0 5861708180408076.0 5802611634236359.0 5738672717752817.0 5668291250186968.0 5589518542684288.0 5545807260015836.0 5498223473195662.0 5445625215850431.0 5410872969387632.0 5386028359163485.0 5345590620828775.0 5315970903177524.0 5266188890215814.0 5228047810702972.0 5206935357087679.0 5184062082665117.0 5158985608518121.0 5131050690157528.0 5099253468326236.0 5015849353185493.0 4953922391204144.0 4853174947148150.0
67000.00938649359 5861332295502040.0 5810971699565732.0 5757354171388733.0 5699701671148443.0 5637492386610580.0 5569229075324217.0 5492635707880164.0 5450052211835908.0 5403776655147443.0 5352609350450663.0 5318747788529045.0 5294574801432947.0 5255189220456378.0 5226340119713732.0 5177837137574103.0 5140677587970530.0 5120101415596484.0 5097808824222205.0 5073364981968347.0 5046133227001717.0 5015135429832580.0 4933799636746016.0 4873395985119525.0 4775116142684084.0
67400.00944253239 5754150637979585.0 5705507329137202.0 5653507586583475.0 5597500155641901.0 5536893810295988.0 5470252597739518.0 5395709705411423.0 5354277314350581.0 5309131325577330.0 5259163397475145.0 5226161178714686.0 5202537357973866.0 5164115839150938.0 5135946446200902.0 5088588637217735.0 5052265890505892.0 5032141685607917.0 5010342389293507.0 4986425117382799.0 4959767871175959.0 4929408070713625.0 4849658789036947.0 4790351669086364.0 4693735966203330.0
67800.00949857119 5658046399625720.0 5610538886650430.0 5560027318094772.0 5505736766727050.0 5446754483117233.0 5381907231509107.0 5309008217498609.0 5268463309818627.0 5224259762986166.0 5175364334506701.0 5143069045988096.0 5119924026487124.0 5082268708728049.0 5054670326830156.0 5008239126364949.0 4972633782588399.0 4952918052276388.0 4931550664233064.0 4908106624259615.0 4881988686248867.0 4852240723189605.0 4774134983494228.0 4716082232463633.0 4621563660867104.0
68200.00955460989 5565141359491378.0 5517851726425739.0 5468216175587352.0 5414590922014573.0 5356220643843804.0 5292486943728806.0 5220869091527799.0 5181020695938363.0 5137624257373431.0 5089665818089793.0 5057941240002942.0 5035269401681023.0 4998347754847995.0 4971305221682862.0 4925804202579135.0 4890929200418922.0 4871612711584171.0 4850679837353507.0 4827716959384740.0 4802127570788941.0 4772984409785814.0 4696450292539477.0 4639554037789734.0 4546907787803515.0
68600.00961064869 5472307884809760.0 5426609891330469.0 5377356628278809.0 5324726770186097.0 5267777871572006.0 5205339680049758.0 5135353023950233.0 5096380419566137.0 5053989772058503.0 5007076955439381.0 4976065006844987.0 4953894204503621.0 4917785265883690.0 4891335074414523.0 4846837572563037.0 4812721194087445.0 4793829030047115.0 4773351676509121.0 4750893814921583.0 4725865627097075.0 4697363844108901.0 4622539675065105.0 4566937416481731.0 4476454042244832.5
69000.00966668749 5379210218563242.0 5334155819418870.0 5286061075539766.0 5234593108681906.0 5178881305564084.0 5117723214820881.0 5049226304800060.0 5011226702773911.0 4969730928630875.0 4923807229264982.0 4893468569602197.0 4871773823550765.0 4836406457599137.0 4810495460473821.0 4766911665056679.0 4733481965906195.0 4714968229456935.0 4694895693956726.0 4672872754115560.0 4648324560084498.0 4620358899646779.0 4546889517737523.0 4492247878878796.5 4403252963916890.0
69400.00972272619 5285764922314335.0 5241647021669153.0 5195134948239568.0 5144895093249820.0 5090547255870573.0 5031038350536501.0 4964194756084749.0 4927040741762676.0 4886638212957592.0 4841862815114845.0 4812236501960077.0 4791021027662462.0 4756503100863938.0 4731204840710645.0 4688610246400736.0 4655944642818252.0 4637836526734765.0 4618211133863002.0 4596673013010002.0 4572659473928438.0 4545292618602401.0 4473368441137748.0 4419852309316646.5 4332671803710374.5
69800.00977876499 5202002114685846.0 5159013839204440.0 5113578230037041.0 5064212667873453.0 5010950536144471.0 4952331459797676.0 4886657048486139.0 4850223928821443.0 4810472476201633.0 4766461329867191.0 4737359559915608.0 4716550897667962.0 4682634540940654.0 4657794788153969.0 4615977320024392.0 4583900060987129.0 4566133709719350.0 4546869643144772.0 4525734830725064.0 4502170842814539.5 4475327514342662.5 4404794507374015.5 4352334336122055.5 4266906701628775.5
70200.00983480379 5107208892906351.0 5065642137011957.0 5020917207109720.0 4973241142639602.0 4921609550478993.0 4864813828398036.0 4801216998169924.0 4765816129065669.0 4727260021043127.0 4684544427831785.0 4656267085317474.0 4636036459243794.0 4603085917975131.0 4578913789354046.0 4538224083018679.0 4506984200342180.0 4489669132520233.5 4470893602189203.5 4450278559870976.0 4427286533578327.0 4401076224589923.0 4332135539237893.0 4280802485610159.5 4197143276879238.5
70600.00989084248 5029487489476981.0 4988116678702401.0 4944418870923416.0 4897297696619247.0 4846494746550529.0 4790650010286258.0 4727894835730091.0 4693052239631788.0 4655011634204594.0 4612916756730942.0 4585059842813007.0 4565137146244454.0 4532671106672913.0 4508901457573883.0 4468850061325355.0 4438117543906016.0 4421085453034572.5 4402614483648039.0 4382345701562997.5 4359743060594638.5 4333979543977001.0 4266244750538740.0 4215829772294877.0 4133698797185154.5
71000.00994688128 4947444597205840.0 4907392700396134.0 4864570327895414.0 4818357899107989.0 4768613904778615.0 4713841494464911.0 4652286235154392.0 4618089406257574.0 4580860791841819.0 4539575070196878.0 4512276687821785.0 4492726397510930.0 4460903962840167.5 4437596756410183.0 4398320308172460.0 4368171255376295.0 4351459206963637.0 4333341660403412.5 4313454291993269.5 4291271380229250.0 4265983083552937.5 4199476303056965.5 4149952999734587.0 4069242284250516.0
71400.01000292008 4866368941493216.0 4826745483605505.0 4784799256740256.0 4739893664522204.0 4691088635949552.0 4637597392202502.0 4577520487789103.0 4544090897577867.0 4507707332652379.0 4467312326127418.0 4440613599322865.5 4421525363079234.0 4390380387948470.0 4367562015659626.0 4329114755445369.0 4299609604102250.0 4283250412598997.0 4265508911323931.0 4246033848175523.0 4224309483228340.5 4199545825421600.0 4134399478346275.0 4085888800006086.0 4006845716218925.5
71800.01005895888 4786414122407887.0 4748002418609237.0 4707118203358374.0 4662918083787126.0 4615175133643072.0 4562717631573595.0 4503873813474305.0 4471132578485388.5 4435439833599064.5 4395868265635891.5 4369727410345671.5 4351024239992636.0 4320507533518657.5 4298134671491431.5 4260456218850615.5 4231521249593218.5 4215475440301926.0 4198073319825541.5 4178964894322932.0 4157644693156109.0 4133331977657230.5 4069339158417451.0 4021653688533946.0 3943903093516623.5
72200.0101149976 4707790709580658.0 4670169831849167.0 4629861365988181.0 4586838152820324.0 4540404528939530.0 4489291733347428.0 4431748165751821.5 4399771222100548.5 4364871734641274.0 4326209802456035.5 4300631342639014.0 4282312518802980.5 4252465968502599.5 4230568649209838.5 4193696449468296.0 4165366291243135.5 4149654809143888.0 4132608894989976.5 4113891168237933.5 4093003919349852.5 4069178570937397.5 4006449765518080.5 3959692304674597.0 3883449526794258.5
72600.01017103638 4631407971615678.0 4593839765972674.0 4554781737671676.0 4512959913355540.0 4467415117359283.0 4417102014867167.0 4360841578273078.0 4329562093883252.5 4295434283773239.5 4257562955712510.0 4232549622552189.0 4214629951481095.0 4185391690342964.0 4163948436322176.5 4127832839694910.5 4100071869259440.5 4084675790367013.0 4067970508285733.5 4049617518531206.0 4029132701726390.0 4005765593129958.0 3944208473621033.0 3898294579826514.5 3823389141336827.5
73000.01022707518 4560277106163340.0 4524122117430326.0 4485512658001562.5 4444027647913079.0 4399313455567677.5 4350067842451061.5 4294658534937969.5 4263893852331423.5 4230341682189657.0 4193101525051254.0 4168475493448970.5 4150845972101633.5 4122100127468823.5 4101028919234961.0 4065504759801407.5 4038217573739379.0 4023081026985004.5 4006661358742790.0 3988620371691407.0 3968488357040782.5 3945520388178773.0 3885019407732052.0 3839898730210954.0 3766294040679472.5
73400.01028311388 4482477721118903.5 4447281032475148.5 4409766422055768.0 4369262724467621.5 4325667449718164.0 4277775908189066.0 4223890638274569.5 4193945588342789.0 4161234726973900.5 4125001234776917.0 4101003514456255.5 4083811276514090.5 4055780920697076.5 4035216153680107.0 4000538035957971.0 3973880350067186.5 3959090629241466.0 3943034417172831.5 3925389951524170.0 3905689698575443.5 3883202184941859.0 3823913147152701.5 3779648807442665.0 3707385041942712.5
73800.0103391527 4415948913944015.0 4381282901846549.0 4344159784239486.5 4304545684330806.0 4261511074858601.5 4214333742408858.5 4161261919310398.0 4131758696730474.0 4099548146051665.0 4063836725287430.5 4040222008181504.5 4023274122582692.5 3995695173378404.0 3975451802135494.5 3941311392924110.0 3915082737106315.0 3900532861598464.0 3884736892996983.0 3867379683448944.5 3848003940869140.5 3825888463933712.0 3767595204175698.0 3724086440142748.0 3653076304959515.5
74200.0103951915 4341372689064063.5 4307390598955449.5 4271465043232605.0 4232533716543516.0 4190785226348036.0 4144749460056373.5 4093008618377151.0 4064188512628037.5 4032805379863539.5 3997949287456539.5 3974881615191010.0 3958350231867937.0 3931413545877755.5 3911642655806364.0 3878294026607478.0 3852647359634580.5 3838412588907042.5 3822951524092176.5 3805961796709925.0 3786983455418841.5 3765309640960059.0 3708112430299914.0 3665361717876559.5 3595505680091298.0
74600.01045123019 4254496105430415.5 4223071886973998.0 4190023092836075.0 4153823359869383.0 4114758571458538.0 4071432446728625.5 4022393831739621.0 3994962342602079.0 3964930620273977.5 3931516279879121.0 3909336473493617.0 3893437546284472.0 3867463896711699.0 3848357217089178.0 3816081479633558.0 3791208202940087.0 3777383089025282.5 3762359429938318.5 3745828959390255.5 3727346600259769.0 3706218250979190.0 3650354918148814.0 3608525065317728.0 3540084998360372.0
75000.01050726899 4195014156045802.0 4164524048251678.5 4131780639876724.5 4096250133899407.0 4057589285200842.5 4014719402187419.5 3966187292380242.0 3939053562095996.0 3909335575532025.5 3876290825607681.0 3854349440222355.5 3838603991711886.5 3812894023985051.5 3794000901059305.0 3762089989936020.5 3737510521775204.5 3723850950582607.5 3709009489403865.0 3692689601294890.5 3674444560495611.5 3653598103202147.5 3598519756102667.0 3557310957901642.0 3489930000224014.0
75400.01056330778 4141575505297011.0 4109857031178322.0 4075957034648385.0 4039649591905799.5 4000287667199161.5 3957023231747749.0 3908241047839548.0 3881147960449425.0 3851600368126521.0 3818698811003072.0 3796950598894733.5 3781355207214762.5 3755938578004305.0 3737271996294462.5 3705756606495794.0 3681512865785949.5 3668047503484847.5 3653421024916252.0 3637338169418302.0 3619365211599994.5 3598831842783454.0 3544587030847809.5 3504001204922771.5 3437633740364298.0
75800.01061934649 4080566298246067.0 4049087822735183.0 4015822815263628.0 3980151054471034.0 3941337478436383.5 3898684416845582.5 3850785944679610.5 3824133679985873.0 3795043280257889.0 3762715234049092.5 3741328748064455.5 3725983812766547.5 3700965739937020.0 3682606729437153.5 3651609339387526.0 3627761356670708.5 3614519014366083.0 3600135480515901.0 3584314732769115.5 3566636434443863.5 3546436603509241.0 3493073369575373.5 3453143665219592.0 3387839017558870.0
76200.01067538529 4017267388511769.0 3986584416489798.5 3954024253149103.0 3919018641723565.0 3881035750285655.5 3839284213631855.5 3792351821543177.0 3766214832779966.0 3737702095573470.5 3706000283827720.5 3685011961253794.5 3669968951362956.5 3645423878237994.0 3627409690215743.5 3597001106419015.0 3573596248300033.5 3560596189149416.0 3546473376322002.5 3530936396220404.5 3513572582683495.0 3493727594779073.0 3441275292551896.5 3402005616457475.0 3337750302980414.5
76600.01073142409 3956349088721858.0 3926284704055713.0 3894306195943716.5 3859912856976844.5 3822648904288577.0 3781750866023965.5 3735644891888607.5 3709978767208923.0 3681986200370030.5 3650918327847603.0 3630311202270035.0 3615549186611993.5 3591461148044741.5 3573780329008916.0 3543917554251207.5 3520935744978747.5 3508162732180215.0 3494288962728156.5 3479026415657283.5 3461964451703788.5 3442462526102015.5 3390899721870896.5 3352281045527490.0 3289069914925426.0
77000.01078746279 3891792602556390.5 3862616676058113.5 3831374793122961.0 3798023537657161.5 3761627827385347.5 3721665182321220.0 3676736957446959.0 3651719977043424.0 3624410356069251.0 3594082912274060.5 3573988839243866.5 3559588150822505.5 3536077947564722.5 3518807044703350.0 3489630993808768.5 3467162514341242.0 3454672994763820.0 3441101123640693.5 3426166973612752.5 3409463026700486.5 3390360117911781.5 3339801688515046.5 3301891973476247.5 3239780725912714.0
77400.01084350159 3836626090115428.5 3807670917978778.0 3776947616415123.5 3743888366375301.0 3708311380880222.0 3668964521041543.0 3624674135756986.0 3599999954761075.0 3573038063339570.5 3543124209127638.5 3523307186292018.5 3509090452809162.5 3485899610713831.0 3468867007707209.5 3440095178744480.0 3417937575292946.0 3405622301054990.0 3392236737509170.5 3377508529464550.5 3361036252300724.5 3342199754870995.0 3292349505969023.5 3254972569786552.5 3193733504410897.5
77800.01089954039 3778977710193138.5 3750657563079373.5 3720537801236741.5 3688264086467565.5 3653120385808808.5 3614573042581810.0 3571124045320821.0 3546921838294804.5 3520472843028464.5 3491119305712623.0 3471660709499395.0 3457709108429156.0 3434940577136080.5 3418212265114242.5 3389962773350269.5 3368195750181167.5 3356096853407926.0 3342943326718765.5 3328469646718846.5 3312279852432696.5 3293762169084558.5 3244738174212825.5 3207964253021236.0 3147690898896811.5
78200.01095557908 3722045246170933.5 3694515666807391.5 3664951820962185.0 3633126871644801.5 3598729815615826.0 3560898958036356.0 3518284317670940.0 3494525439525912.5 3468558556867012.0 3439753809373593.5 3420668260536025.0 3406975748748243.5 3384636284519294.0 3368215814882260.5 3340475835545607.0 3319101039161153.5 3307214145305325.0 3294293456350030.0 3280072513693511.5 3264160714248839.5 3245957705504805.5 3197745392286597.5 3161561114155118.0 3102227223188779.5
78600.01101161788 3667009435962252.5 3639697789836899.0 3610672049513643.5 3579574976484032.0 3545884280568900.0 3508695475219826.0 3466833190609179.0 3443513250487538.0 3418041889314604.0 3389769322616054.0 3371020746022909.5 3357577821489431.5 3335638241232359.5 3319512484377169.0 3292259344435510.5 3271257814144941.0 3259579450180864.0 3246880694818376.5 3232901494877296.5 3217259085108901.0 3199359889313389.0 3151935090544291.5 3116326507421372.5 3057914800927646.5
79000.01106765668 3612095507801374.5 3585311046844191.0 3556861043716276.0 3526376683403758.0 3493286757588346.0 3456873017455313.5 3415846748750230.5 3392991901047765.5 3368019643914514.5 3340278140780547.0 3321892666770340.5 3308702162736972.5 3287169538883378.5 3271340448897035.5 3244588163393222.5 3223967995395708.5 3212496631165889.0 3200022612035079.5 3186288309139711.0 3170916731891910.5 3153323698131407.0 3106688119204725.0 3071654722073351.0 3014164514606216.5
79400.0111236954 3558273472413777.5 3532103697819039.0 3504111935207695.5 3474225673508124.5 3441810901448101.5 3406039743150713.0 3365873188813569.5 3343415660129158.5 3318917949386221.5 3291708427636086.5 3273662182224107.5 3260727556636734.0 3239597985366058.0 3224057834839829.5 3197797828477937.0 3177544910696590.5 3166277927833393.0 3154024392504501.5 3140528562685917.0 3125422466768864.0 3108128169834931.0 3062262030606620.5 3027787908538528.5 2971189015383847.0
79800.01117973418 3506053683916089.0 3480353832994174.5 3452976451574993.5 3423653003992451.5 3391894608375163.0 3356829549817532.5 3317398170672854.5 3295375261880725.5 3271334633394367.0 3244606744481151.0 3226883628816996.0 3214171319708249.0 3193424683879154.0 3178166598861098.0 3152364198768988.0 3132462568438939.5 3121388962065310.0 3109343950138625.0 3096078755380939.5 3081224986519209.0 3064218038200043.0 3019101331618466.0 2985178566752165.0 2929472120199218.5
80200.01123577298 3452114285556638.5 3426938657848359.0 3400253344451930.0 3371528646495195.5 3340438799656464.0 3306192320177757.0 3267569029656084.5 3246022358730305.5 3222528538474533.5 3196382832954113.0 3179042646651889.5 3166596554334720.0 3146287202948845.5 3131342687467958.0 3106067652662797.5 3086560819963542.0 3075703717705485.0 3063889044701375.0 3050874507156961.0 3036297010366771.0 3019597622623699.5 2975256559394549.5 2941884790945463.5 2887041228572289.0
80600.01129181168 3401117253632966.0 3376392586192819.0 3350154570182486.5 3322220913306105.5 3291736964789567.0 3258156231868506.0 3220289332449996.0 3199211324372589.0 3176135114524004.5 3150491521017657.5 3133482592080022.0 3121271967514470.0 3101338059061552.5 3086668727100587.5 3061847868764416.5 3042693179936020.0 3032025548332952.5 3020417188213288.0 3007625803407379.0 2993295805350124.5 2976875921243464.0 2933256934211607.0 2900412774140002.5 2846417639414463.5
81000.0113478505 3354718171297382.5 3330520599065203.5 3304629256479233.0 3276903869848062.0 3246912919102392.5 3213794986244756.5 3176504401541156.0 3155683986865779.5 3132954075281851.0 3107659024330208.0 3090882632043489.0 3078845370511893.0 3059189254757690.5 3044732411056455.5 3020264473976761.5 3001383250042639.0 2990872115060359.0 2979432762356697.5 2966829492844745.5 2952710543821039.0 2936534028824263.5 2893571495889519.5 2861227550340671.5 2808064684575625.5
81400.0114038893 3301125906992737.5 3277451793736781.5 3252385235234058.0 3225503727019390.5 3196323895053294.0 3164133312076118.0 3127832164157039.5 3107561902551429.0 3085406555788636.0 3060780985328771.5 3044443726951245.5 3032714868643111.5 3013540831122649.5 2999435997833883.5 2975553019852049.0 2957103124178648.0 2946826379950569.5 2935636835135790.0 2923301868259842.0 2909476982212702.5 2893626713801651.5 2851478985531755.5 2819708606104979.0 2767440233903372.0
81800.0114599281 3256394128861317.5 3233162618944976.0 3208440858138980.5 3181968594151439.5 3153157833909098.5 3121393377856487.5 3085613010723016.0 3065632417872952.0 3043796943439044.5 3019511158564522.0 3003389169090762.5 2991822369967385.0 2972912771134821.5 2958999322488726.5 2935442757403834.0 2917246605597620.5 2907108538768784.5 2896073621019546.5 2883908705154761.5 2870273778449066.0 2854642453415467.0 2813081230266512.0 2781756128529461.0 2730225293333081.5
82200.01151596678 3212102707935942.5 3189324967366060.5 3164853646084507.5 3138657958315027.5 3110195801459510.5 3078920119993040.0 3043635979701644.0 3023922690238495.0 3002400487375415.0 2978448182558357.5 2962553561561895.0 2951143808086250.5 2932512124495879.0 2918796290177715.5 2895579389657077.5 2877648906399089.5 2867661037511836.5 2856789231180801.0 2844803996793632.5 2831371233638542.0 2815972056664938.5 2775029770899349.5 2744172301996888.0 2693413689033721.0
82600.01157200559 3165488906157003.5 3142978203601157.0 3119135063698053.5 3093461620735271.0 3065599841940062.0 3034862726009169.0 3000288269892756.0 2980970767331310.5 2959837096910542.0 2936355818867616.5 2920759480154513.0 2909568403204041.5 2891281208444301.0 2877822935023143.0 2855028913836567.0 2837417950932280.0 2827604910674380.5 2816921653347018.5 2805143318786616.5 2791938355228499.5 2776796557330338.5 2736515956401387.5 2706138822853081.0 2656147995235255.5
83000.01162804438 3121160016861230.5 3099049467942264.5 3075676309213164.5 3050454441914532.5 3023049542542654.0 2992879148897614.5 2958846400801950.0 2939851301153129.0 2919086388546581.0 2895991487711981.5 2880653390811482.5 2869656153712178.5 2851669006850101.5 2838425578359052.0 2816001459227002.0 2798673512832607.0 2789017373790433.0 2778503650001054.5 2766910537957711.0 2753911372123446.0 2739002743784692.0 2699333282507165.5 2669408399988301.5 2620150174073979.0
83400.01168408307 3073708053815476.0 3052137774312052.5 3029256601440952.0 3004709075350249.5 2978046037110275.5 2948602456623004.5 2915382187449475.5 2896848607742847.5 2876554571833681.0 2854003341714612.0 2839019490218229.5 2828256306072160.5 2810660245018108.5 2797705460823997.5 2775756192116051.5 2758784003827001.5 2749320634759483.0 2739014585218507.0 2727645243510621.5 2714891214210518.5 2700257129814792.0 2661280622216066.0 2631848879235270.0 2583365732051040.5
83800.01174012189 3032166073139617.0 3011021315432869.0 2988467010167512.5 2964227432108242.5 2937934066472237.0 2908990360124371.5 2876249303276023.5 2857983614161854.5 2837990681596076.0 2815748477823390.5 2800987175704954.0 2790391237326969.5 2773048739672156.5 2760282516791612.5 2738656661862032.5 2721929946970751.0 2712603968515403.5 2702446539715544.5 2691240554730241.0 2678670361805299.0 2664245515806181.5 2625822064398864.0 2596804479980371.5 2548999861240089.5
84200.01179616069 2991504748120375.5 2970576137468849.0 2948409572143499.0 2924562831354288.5 2898646185285142.5 2870063857434518.5 2837826916844854.5 2819839725033171.0 2800156938277544.0 2778261670515011.0 2763720948768365.0 2753275809571191.0 2736200794382013.0 2723627012138584.0 2702322951672827.0 2685845693078727.0 2676657607591592.5 2666651946562076.0 2655611695819350.0 2643227709895009.5 2629016279885301.0 2591160425564273.5 2562569381673218.0 2515463496892846.0
84600.01185219939 2949888036123751.0 2929365060409635.5 2907535439678094.5 2884095303119639.5 2858688139281037.0 2830609482665324.5 2798958739039322.0 2781252379231056.0 2761922937766344.0 2740386451141003.5 2726089906696250.0 2715821650210432.0 2699036666277933.0 2686670817173672.5 2665714877825098.5 2649505840031943.5 2640466699044247.0 2630619770154953.0 2619754487275517.0 2607563802453689.5 2593572614969796.0 2556288845492413.0 2528118689061437.0 2481693012316139.5
85000.01190823817 2909119895072657.5 2888925021100415.5 2867439413816033.0 2844474071784277.0 2819482516354309.5 2791907473147227.0 2760796149475075.5 2743419010146778.0 2724407835116339.0 2703254481036205.0 2689198551918870.0 2679103713306438.5 2662597225573603.5 2650438964599469.5 2629821459808963.5 2613873978123578.0 2604977638819100.5 2595286034481104.0 2584590919043159.0 2572589135055001.5 2558811600306652.5 2522082560480694.5 2494319571869452.5 2448548126295048.0
85400.01196427699 2868599726218625.0 2848960786779577.5 2827817472157653.5 2805237978292201.5 2780734479643124.0 2753697672145175.0 2723148518476408.0 2706085320814169.5 2687418884265251.5 2666618227569527.0 2652817506549964.0 2642900795180173.5 2626673733222456.5 2614723785761999.5 2594461931280290.5 2578778266920002.5 2570030986571053.0 2560498131706659.0 2549976688505121.0 2538166641656125.5 2524606699539120.5 2488444747190323.0 2461099359795489.0 2416003441060121.0
85800.01202031568 2829692613887599.5 2810297358816772.5 2789507247919010.5 2767367658057159.5 2743236979833223.0 2716636658085186.5 2686586826333156.0 2669805677916398.5 2651441170043071.5 2630996715344462.5 2617411447220194.5 2607654459757872.0 2591691463517977.5 2579929115011371.0 2559981961734055.0 2544542836677929.0 2535928473121726.5 2526541345958761.5 2516177616651241.0 2504544431860135.0 2491184665203519.0 2455543666425016.5 2428581701249651.5 2384102586959539.0
86200.01207635448 2790158354469592.0 2771061500177224.0 2750740859570248.5 2728975827866288.5 2705328586745554.0 2679268647615342.0 2649825848063734.5 2633351469455856.0 2615332350592061.0 2595268510464311.5 2581933552590147.0 2572363194610677.0 2556690403473156.5 2545138890091032.5 2525548649706857.0 2510380580162672.5 2501914432053019.0 2492687039541823.0 2482499478743194.5 2471060199936047.0 2457919673311774.0 2422848077694271.5 2396304691717441.0 2352503898028072.0
86600.01213239328 2752817946927190.0 2734045580226557.0 2714132924225032.0 2692783009303647.0 2669558618888030.0 2643912382115715.5 2614958581725733.0 2598758698162636.0 2581026415618886.0 2561277857300626.5 2548154128124581.0 2538726415112284.5 2523295374900867.5 2511921727528607.5 2492626906778104.0 2477681397876743.5 2469341950907558.5 2460250304019334.5 2450212798658804.5 2438940311779184.0 2425990182619436.0 2391420716763968.5 2365251551444403.5 2322059800809723.5
87000.01218843198 2715938818363529.5 2697615854150372.0 2677919943919431.5 2656904814944023.5 2634023944142412.5 2608802354291905.0 2580278821835230.0 2564345613604460.5 2546889799199315.0 2527460316239719.0 2514541736971304.0 2505266177610237.0 2490074855007035.0 2478877392837732.0 2459885947108976.0 2445172636149561.5 2436961260885360.5 2428009261874580.0 2418123511136301.0 2407020477606372.5 2394263333131585.5 2360198324297590.0 2334403443674321.0 2291819647604329.5
87400.01224447078 2677653080674001.5 2659806665606471.0 2640741444499817.0 2620234125342262.0 2597980851495630.5 2573305389098342.5 2545409094977308.5 2529795346693731.0 2512708614496675.0 2493660011153965.5 2480993155841077.5 2471889431693121.0 2456984340509662.0 2445994123177166.0 2427338967922731.0 2412880783385165.5 2404808268119502.5 2396005894574662.5 2386282588612059.5 2375359793702824.0 2362805799302964.0 2329265528325849.0 2303854414631046.5 2261889501847150.0
87800.0123005096 2641812326813565.5 2624204401060238.0 2605492849700616.5 2585360421739225.0 2563403592739845.5 2539175316344520.0 2511739529914992.5 2496394181593043.5 2479570203691738.0 2460844032779336.5 2448385831985389.5 2439425212643751.5 2424760942653927.5 2413943995216676.5 2395579887095546.5 2381345147271844.5 2373396881401667.5 2364728440412401.0 2355151188182073.5 2344390574154094.5 2332020107893686.5 2298958685099754.0 2273899291917281.0 2232499506674415.5
88200.0123565483 2605369917645173.5 2588095956713203.0 2569609963965793.0 2549703552096372.5 2528112568044780.0 2504286636197568.0 2477340617978531.0 2462283748349688.0 2445792089715496.0 2427415516276879.0 2415194740958108.0 2406410202780886.0 2392021481824896.0 2381409507782557.5 2363388034436836.0 2349415872666096.0 2341611688360732.5 2333096354997603.0 2323686786956408.0 2313110261444963.0 2300946997705906.0 2268415604722282.5 2243738137759144.8 2202945334913972.2
88600.01241258708 2571251778887934.5 2554180467135315.0 2535988081975321.5 2516526562879864.0 2495240684618152.5 2471822555518712.5 2445305064810263.5 2430482969921309.5 2414241920295798.0 2396154636663821.5 2384118026503142.0 2375465342279360.0 2361292574036433.0 2350836953714598.5 2333079839453106.5 2319307303743607.5 2311613350378362.5 2303219319957332.0 2293940622992757.0 2283511299391511.5 2271515173955517.5 2239421938426223.5 2215069524966378.5 2174802999004259.5
89000.01246862588 2536928898695685.5 2520166591127334.5 2502301867895071.5 2483123220461283.0 2462204503875776.0 2439152752830956.5 2413085972680229.0 2398524032286273.0 2382566003902686.5 2364777955143898.5 2352937251965740.0 2344431041493557.5 2330490666688245.5 2320206944152046.5 2302733398591042.0 2289179226237849.0 2281604637940066.0 2273339469355374.0 2264202580056738.5 2253930978540572.0 2242113352898861.8 2210487287703395.8 2186481968519275.5 2146782556170156.8
89400.0125246647 2504797627814703.0 2488221355137650.5 2470639771160727.5 2451736361607058.5 2431158285079595.0 2408408138705602.0 2382711073092076.0 2368330054284892.0 2352599966185252.5 2335049171365632.5 2323378064778401.0 2314987709013090.0 2301240284165061.5 2291093893418070.0 2273860527111103.5 2260491126156613.5 2253021260150647.0 2244870072067254.8 2235858959282129.0 2225727801638155.5 2214072290420280.2 2182878271525924.5 2159198963825587.8 2120035765558669.2
89800.01258070339 2469501053678202.0 2453363501366738.5 2436168426994652.5 2417686600703034.0 2397606161043122.0 2375349903731345.0 2350193536162865.0 2336132927282471.0 2320723726104776.0 2303544604158034.0 2292106729631005.0 2283882156910517.5 2270405561503926.0 2260455751186898.0 2243547408739903.2 2230422611053702.8 2223084960763857.2 2215074878543461.0 2206217682956717.8 2196254527077633.0 2184786739251135.2 2154069697004525.8 2130732054653327.2 2092110021203478.2
90200.01263674218 2438684816678267.0 2422700782617932.5 2405718829546710.0 2387454477472594.5 2367570592458187.0 2345662488808652.0 2320881236623707.0 2307020039661826.5 2291810853130325.0 2274870655066412.5 2263594103115172.0 2255484056151250.5 2242197351018488.5 2232390841337148.8 2215723429456753.0 2202785206295159.5 2195554345844931.2 2187659862384842.5 2178929922069450.5 2169110907493152.8 2157809701722228.8 2127537830489915.0 2104539124594887.0 2066479026876470.0
90600.01269278087 2409025726733699.5 2393247114878037.5 2376446229183628.0 2358397055701548.0 2338787351053576.0 2317133736453377.0 2292645518126149.5 2278935764657414.0 2263910704229944.5 2247161421466448.5 2236019617384313.5 2228005256339543.0 2214875632092084.8 2205184500473949.0 2188716620863624.8 2175934959690147.2 2168790961561437.5 2160993557900141.0 2152370579537655.8 2142673307348889.2 2131512428573104.8 2101624477701248.0 2078922055177455.5 2041359473646124.8
91000.01274881969 2374701855336507.0 2359359656547796.0 2342910853471204.0 2325353570319007.0 2306194283081829.0 2285010235622811.0 2261062601272992.5 2247660810863194.2 2232968173913154.5 2216577183953411.8 2205667668906267.5 2197820295223141.8 2184955777951137.0 2175457874092873.5 2159303240919524.0 2146753497903756.5 2139735470231324.5 2132072668195014.5 2123594284797443.2 2114053847094411.2 2103067386709199.0 2073612805914626.8 2051213410098711.0 2014120034978561.8
91400.01280485849 2344568468232136.0 2329451833018159.0 2313327257357532.5 2295977625631625.0 2277130164917380.5 2256305017791352.0 2232711412486163.0 2219509245822647.2 2205036248291357.8 2188901923772186.5 2178157761093663.5 2170430751330824.8 2157759501486719.8 2148401204309737.5 2132487482059574.5 2120123769697157.0 2113208506276681.8 2105657303827580.0 2097301766134911.2 2087899147956743.5 2077070065085667.0 2048031409341306.8 2025943473346901.0 1989359330580878.5
91800.01286089727 2315983256308620.5 2301071070028517.5 2285083006981067.0 2267960346407570.0 2249387316632205.0 2228824540351340.2 2205556487558201.2 2192511876335702.5 2178241224230859.0 2162312336402839.0 2151707819003042.2 2144082879963913.2 2131577314526060.0 2122345355943348.2 2106642996779109.5 2094444988280332.8 2087622859503394.5 2080173921812980.5 2071931788468098.8 2062657506242743.0 2051976729548274.8 2023339673057367.0 2001560453160402.8 1965493656603841.0
92200.01291693597 2287155410309643.0 2272369108950094.5 2256772198568372.0 2239864852757218.2 2221516510654840.0 2201229049953585.8 2178278126665336.2 2165438778621565.8 2151364953378228.8 2135663586299424.8 2125206533862017.5 2117686737863744.0 2105358711325375.8 2096253551969428.8 2080770373508855.8 2068742048939238.2 2062014274635240.2 2054666568925936.0 2046537320994069.2 2037389876734635.5 2026854367398548.5 1998603370132689.8 1977115251808094.8 1941527427028240.5
92600.01297297479 2257519596085814.5 2243069114300608.2 2227631969227817.2 2211082312159591.0 2193057525321442.2 2173114566397142.0 2150571556806158.0 2137951307761560.8 2124106331691063.5 2108670986218258.0 2098384396370661.8 2090986734984432.0 2078860527103454.0 2069903622157511.0 2054663703703707.2 2042821235817485.8 2036196404066237.5 2028959751592954.8 2020951934787975.2 2011938970807842.2 2001555893220420.2 1973701490451684.2 1952505547690902.2 1917390726770267.8
93000.01302901359 2229590229516257.2 2215340982741299.8 2200160394180249.2 2183832026743627.5 2166087812038440.5 2146456108397585.2 2124229655939443.8 2111787577896042.0 2098147601086581.8 2082926958699855.5 2072791521495156.2 2065498793713872.8 2053542330657419.5 2044710330808875.2 2029683636461194.8 2018005969662478.5 2011471916839974.5 2004335316725946.8 1996437378915377.2 1987547375143458.5 1977305990965707.5 1949829159071678.5 1928919042637000.8 1894276187458459.5
93400.01308505228 2200348233855664.5 2186395566751427.8 2171483166532881.0 2155485841281306.5 2138053685488683.0 2118752300302757.0 2096922562409191.2 2084705396593670.2 2071303005058711.0 2056354946122496.2 2046396330047784.2 2039231100371528.0 2027479302838066.5 2018794559097622.8 2004014500372899.5 1992523679359858.0 1986093416037297.8 1979067857426476.0 1971290595246602.8 1962533887194418.0 1952441844260279.0 1925350163122493.5 1904719546941525.0 1870523218134222.5
93800.01314109108 2172519994263159.5 2158759879569522.2 2144209456606398.5 2128452887583811.5 2111351373923230.8 2092423863764347.2 2070985264201707.0 2058967493172319.5 2045787145501848.8 2031080990267470.8 2021277931507150.5 2014220904414866.8 2002650331214724.2 1994095743943770.2 1979536715269412.8 1968213648917742.5 1961874782008420.0 1954949103052337.5 1947281530970189.2 1938647200677349.2 1928694568645557.2 1901969144397219.2 1881611568610096.0 1847861321660450.0
94200.01319712988 2146226598799902.8 2132709529653137.0 2118277531671250.8 2102763466844444.5 2085863089859408.2 2067174430213316.0 2045984247203164.0 2034137953731276.2 2021137492727246.0 2006626984541480.8 1996956677675861.2 1989995642938533.5 1978576237410996.0 1970137602291956.8 1955774456850852.2 1944603720659414.2 1938351723936107.0 1931518212120688.2 1923954090444674.5 1915435807122410.2 1905617035194181.0 1879250121561127.0 1859165897614635.0 1825870353771057.8
94600.01325316858 2118756338839719.0 2105459930972999.5 2091255871048056.2 2076001254286125.0 2059364102699173.0 2040976194971640.0 2020171770607657.2 2008506746544163.5 1995720610387587.8 1981448035586793.2 1971936164113536.2 1965086956482535.5 1953852725296295.8 1945549132434813.5 1931409808855372.8 1920407647952627.8 1914247689956783.5 1907514817709252.0 1900059692400376.0 1891661329895147.2 1881977762224186.0 1855958817037111.2 1836126864377484.8 1803233010518753.2
95000.0133092074 2092992543766156.0 2079849469711967.8 2065883771360862.2 2050793066756853.2 2034447044111591.5 2016317496607346.8 1995824305504711.0 1984335834538674.5 1971734658469660.5 1957664727597290.2 1948291867980460.5 1941544439309005.8 1930469392608378.5 1922284007867351.8 1908344586744853.5 1897497390752807.5 1891424652163909.0 1884786737369894.5 1877435072455741.8 1869153748879679.5 1859604695962724.2 1833945075797510.5 1814385958901960.2 1781944827687760.5
95400.01336524618 2066576748994745.5 2053717683348717.5 2039985576500473.2 2025234401310249.5 2009143671868053.8 1991364213206150.2 1971208288532002.5 1959922229055015.8 1947537204847511.2 1933704644501434.2 1924486190485051.2 1917845871464938.8 1906949091219466.0 1898892482414253.5 1885169737789672.0 1874487358211379.8 1868506186345037.8 1861966175272170.5 1854722049574491.2 1846559980178118.2 1837146432525745.5 1811840979355165.2 1792544625694793.2 1760531479742420.8
95800.01342128488 2041173738747814.5 2028461857121760.2 2014919380289810.5 2000391764113107.5 1984566228601447.0 1967017123201778.2 1947150997068570.5 1936021445068523.8 1923819269153337.2 1910188119903639.0 1901100205936356.5 1894555525090096.2 1883815096885463.5 1875872896465383.5 1862341226779814.0 1851806741687229.8 1845906803230431.2 1839455012356662.5 1832307648930601.2 1824253275972397.8 1814962150378249.5 1789977388451505.0 1770918293501100.0 1739289481710250.0
96200.01347732368 2015864481806668.5 2003395528827022.8 1990133022052008.0 1975797691117832.8 1960252739042538.8 1943045485945290.8 1923521416973920.2 1912582705437183.8 1900580978866445.8 1887170212130264.8 1878231447605706.2 1871790622933588.2 1861220656559318.5 1853403252404364.0 1840079902790383.2 1829705081667921.8 1823893019011082.2 1817537034142022.8 1810494503266363.8 1802557367433527.2 1793399330343702.5 1768765495605831.2 1749969005953251.5 1718770876272696.5
96600.0135333625 1991276618632837.5 1978968598670716.2 1965889585975989.8 1951768783454269.2 1936424980844945.0 1919430178580535.8 1900180404384890.2 1889407322650620.5 1877573299486715.0 1864350303524175.8 1855533357625113.5 1849183726726240.2 1838758371218155.5 1831046957522499.2 1817905368528935.2 1807667883558481.8 1801932328198572.0 1795659168769035.0 1788708233539731.5 1780871943207785.5 1771829254635881.5 1747497340492755.8 1728924441737295.5 1698089167517511.5
97000.01358940119 1967954154811995.2 1955809687949558.0 1942879586217267.8 1928964521097539.8 1913821204140801.0 1897068177206786.8 1878081011750426.5 1867446688839356.2 1855775633596117.8 1842731423230228.5 1834032688385152.5 1827768408660872.2 1817483481194113.5 1809876714082624.0 1796910613332589.5 1786811297906010.0 1781152324658879.8 1774963561594377.0 1768106238514349.8 1760375526125047.5 1751455106585195.0 1727453727310947.5 1709134566343882.8 1678723835466476.8
97400.01364543998 1941069051872136.0 1929264837875227.0 1916657576793310.5 1903116171539687.5 1888333846028036.5 1872001184010103.5 1853471286589836.2 1843081136653942.5 1831667631699625.2 1818914954756242.5 1810405330002617.2 1804272813780866.8 1794198163540756.0 1786741311785271.8 1774024420916533.8 1764109133154273.5 1758550056370973.0 1752467091454930.8 1745722349944657.8 1738115257049303.5 1729331226373437.5 1705669915206219.8 1687589909856754.5 1657550967416762.2
97800.01370147879 1918127982924676.0 1906483097577341.5 1894071663715840.5 1880668726793175.0 1866090954412328.8 1849973815461290.0 1831668555030211.0 1821411478457521.8 1810153850736343.2 1797559721965808.0 1789162928290844.5 1783108936118827.0 1773167274017134.0 1765808878520037.0 1753257343609169.0 1743470315003286.8 1737982735131890.8 1731977704809534.2 1725320260812893.5 1717809886216405.2 1709137155117054.8 1685771493367357.2 1667913894291388.2 1638240563921177.5
98200.01375751749 1897025276694044.2 1885524575721632.2 1873218694143134.2 1859978203596485.0 1845562411823773.2 1829565328892858.5 1811467974687096.5 1801315558662377.2 1790168312832342.5 1777713013710027.5 1769404026041670.8 1763417068229069.5 1753585135517394.2 1746306895295528.2 1733893834499844.0 1724218483235719.0 1718794681939008.2 1712860341820857.0 1706281699564055.5 1698861661765288.2 1690295422278137.5 1667224714497826.0 1649599493931499.8 1620321782118083.0
98600.01381355629 1874584483577048.2 1863208669949284.5 1851057383323430.5 1838034458639775.0 1823793333375491.2 1808065264433963.5 1790212723508366.0 1780194122834654.2 1769207786901336.2 1756924019963237.8 1748728284109325.8 1742822918114053.8 1733122398752119.0 1725943223013239.5 1713697968149488.5 1704151006062294.0 1698799017296036.2 1692942033424312.8 1686449315166603.5 1679125582460623.2 1670669177123201.5 1647890303431382.8 1630484527425955.8 1601567575516929.0
99000.01386959507 1852139273732648.2 1840933494332922.5 1828973659279808.0 1816142162763685.2 1802128484807646.0 1786633708603135.5 1769037296977600.8 1759172335897856.8 1748342389847785.8 1736239975190121.8 1728162410082519.2 1722339886896515.5 1712776732546801.8 1705698400223567.0 1693619808159922.2 1684202630641275.8 1678921948645019.8 1673142518355604.8 1666734609368708.0 1659505521034120.0 1651156989483940.0 1628661712702753.8 1611467296349228.8 1582894899900534.0
99400.01392563377 1828975039605960.8 1817979832215387.0 1806233785238034.2 1793629065192085.2 1779905186908511.2 1764651830945310.2 1747383218503460.2 1737695949365873.5 1727052179472167.8 1715157218684704.8 1707217431370642.5 1701493455499365.2 1692087884875824.0 1685124133575569.8 1673235268535202.5 1663961158035993.0 1658758868534898.5 1653063757907786.2 1646746772492502.2 1639618278090649.0 1631382736866905.2 1609176982941520.8 1592192511809958.5 1563955479270642.2
99800.01398167259 1808413383609331.2 1797581961267237.0 1786032305399034.2 1773585126857714.2 1759991944000988.8 1744953622227519.5 1727884430457265.0 1718314809159594.5 1707807341308211.2 1696055590433298.2 1688213313234708.2 1682557783041016.5 1673267855283734.0 1666388740677239.8 1654647943601800.5 1645488685907839.2 1640351696041886.0 1634728247858848.0 1628491736608511.0 1621453866426785.0 1613324088977470.0 1591407211470587.5 1574646667791746.2 1546786619179060.5
100200.014037711 1787154480264721.0 1776440933159274.2 1765034498490259.8 1752759168641011.0 1739410871810889.0 1724576992020465.8 1707776573726635.0 1698350960108198.5 1687993468922561.8 1676411068830613.5 1668678721682832.2 1663104022168219.8 1653945617416366.0 1647162638594851.5 1635583042447795.5 1626547698976319.2 1621479527101485.2 1615930676131629.8 1609776536180374.5 1602830758586886.0 1594805685372435.5 1573165994642987.2 1556613242717616.5 1529093724068635.2
200000.028019384 228139557991144.28 227330005618842.72 226455231873692.97 225499024436704.53 224437786108633.44 223235095540612.72 221830354347953.44 221020386269890.06 220110077110368.03 219063175195535.2 218345902621459.22 217819032656682.84 216934451187228.78 216263707919104.1 215087111075069.16 214141180215656.47 213599909714674.16 212998925372811.2 212322291904717.5 211546712238780.62 210636127368106.75 208116543852426.28 206143279643557.34 202813521658443.0
400000.056038768 28507425894908.14 28433415001249.875 28351910116361.105 28260913627306.773 28157495635104.13 28037117277767.79 27892176854669.566 27806503835326.625 27708444713100.434 27593481885817.992 27513452852365.887 27454062110991.758 27353288387947.492 27276068562697.062 27139156929119.27 27027945444896.715 26963924881488.47 26892558202693.875 26811896864993.598 26719094031585.715 26609748763273.875 26305666968053.633 26066553266459.895 25661864601238.223
600000.0840581519 8397302320327.247 8377119122991.012 8354723376672.349 8329524649214.438 8300659338147.3545 8266790561371.965 8225684124830.084 8201244947830.463 8173164442420.932 8140119325799.755 8117049618015.736 8099899469062.975 8070749734902.473 8048377499744.742 8008650672419.859 7976336579901.439 7957720407914.497 7936958130835.788 7913481002791.561 7886457803858.099 7854602729905.519 7765929937819.318 7696082637687.721 7577429824973.214
800000.112077536 3520675702469.045 3512429834747.473 3503254556066.751 3492902506599.9365 3481012056091.606 3467023837655.485 3450003439186.348 3439866364956.677 3428205697572.3325 3414468778724.3594 3404871085553.441 3397732803497.774 3385594663092.3994 3376274905211.674 3359719029142.104 3346246991714.4795 3338483666306.4995 3329823526863.2773 3320028485555.737 3308750271098.73 3295449502173.252 3258377491974.5933 3229101117685.647 3179121925639.2217
1000000.1400969197 1792182276305.743 1788030557000.1194 1783405402577.0146 1778181009358.297 1772173535420.7703 1765098696007.473 1756481731982.1824 1751346145594.3025 1745436201656.5588 1738471240772.9658 1733603555173.3083 1729982564089.3198 1723824154287.761 1719094703293.3657 1710690981584.0383 1703850267955.4695 1699907157880.2007 1695507427537.0984 1690529488391.0232 1684795266009.629 1678028534048.0852 1659135799801.5325 1644169227927.7483 1618476855047.9524
1200000.1681163 1031697829363.7941 1029320761655.1208 1026671099528.8076 1023676488777.6348 1020231210166.8411 1016171809652.5565 1011225353536.0515 1008276444152.6857 1004882220161.7373 1000881253875.6323 998084542214.5569 996003834387.2245 992464473915.9235 989745803388.3019 984913593667.3528 980978476658.5751 978709381604.8348 976176686534.5428 973309930793.8372 970005787571.8965 966103729500.3107 955187541577.3059 946510112166.635 931522736409.1273
1400000.1961356897 646605186631.9011 645119740794.5468 643463441229.8018 641590973233.9546 639436127917.7095 636896540644.6116 633801260446.9243 631955620706.011 629830967922.8307 627326078113.4746 625574823966.2996 624271731040.5994 622054699371.4902 620351323985.6626 617322614825.3269 614854893714.849 613431303901.037 611841706280.3936 610041545589.5842 607965403848.225 605511493203.242 598631817726.506 593142843360.8508 583597918589.401
1600000.2241550698 431297365731.23175 430308220295.35187 429205113917.4844 427957833513.5261 426522231413.17706 424830039726.3577 422767213436.4464 421537005556.9876 420120622624.03357 418450443424.8453 417282526897.5187 416413342724.3251 414934208300.3877 413797431515.94763 411775286875.466 410126682893.32556 409175146157.7001 408112180604.1993 406907755912.8694 405517724244.89197 403873282018.3831 399252454921.2333 395551045919.17377 389065451077.7177
