mps-atlas-1 MH = 0.05  Teff = 5700 K  logg = 4.3
 1.0 0.9 0.8 0.7 0.6 0.5 0.4 0.35 0.3 0.25 0.22 0.2 0.17 0.15 0.12 0.1 0.09 0.08 0.07 0.06 0.05 0.03 0.02 0.01
90.90001426068909 0.0 0.0 0.0 0.0 0.0 0.0 0.0 0.0 0.0 0.0 0.0 0.0 0.0 0.0 0.0 0.0 0.0 0.0 0.0 0.0 0.0 0.0 0.0 0.0
93.50001691375978 0.0 0.0 0.0 0.0 0.0 0.0 0.0 0.0 0.0 0.0 0.0 0.0 0.0 0.0 0.0 0.0 0.0 0.0 0.0 0.0 0.0 0.0 0.0 0.0
96.10001003008598 0.0 0.0 0.0 0.0 0.0 0.0 0.0 0.0 0.0 0.0 0.0 0.0 0.0 0.0 0.0 0.0 0.0 0.0 0.0 0.0 0.0 0.0 0.0 0.0
97.7000182651065 0.0 0.0 0.0 0.0 0.0 0.0 0.0 0.0 0.0 0.0 0.0 0.0 0.0 0.0 0.0 0.0 0.0 0.0 0.0 0.0 0.0 0.0 0.0 0.0
99.60001433512298 0.0 0.0 0.0 0.0 0.0 0.0 0.0 0.0 0.0 0.0 0.0 0.0 0.0 0.0 0.0 0.0 0.0 0.0 0.0 0.0 0.0 0.0 0.0 0.0
102.00001238253698 0.0 0.0 0.0 0.0 0.0 0.0 0.0 0.0 0.0 0.0 0.0 0.0 0.0 0.0 0.0 0.0 0.0 0.0 0.0 0.0 0.0 0.0 0.0 0.0
103.80001568646998 0.0 0.0 0.0 0.0 0.0 0.0 0.0 0.0 0.0 0.0 0.0 0.0 0.0 0.0 0.0 0.0 0.0 0.0 0.0 0.0 0.0 0.0 0.0 0.0
105.60001899040198 0.0 0.0 0.0 0.0 0.0 0.0 0.0 0.0 0.0 0.0 0.0 0.0 0.0 0.0 0.0 0.0 0.0 0.0 0.0 0.0 0.0 0.0 0.0 0.0
107.70001966607597 0.0 0.0 0.0 0.0 0.0 0.0 0.0 0.0 0.0 0.0 0.0 0.0 0.0 0.0 0.0 0.0 0.0 0.0 0.0 0.0 0.0 0.0 0.0 0.0
110.40001508522998 0.0 0.0 0.0 0.0 0.0 0.0 0.0 0.0 0.0 0.0 0.0 0.0 0.0 0.0 0.0 0.0 0.0 0.0 0.0 0.0 0.0 0.0 0.0 0.0
114.00001215635099 0.0 0.0 0.0 0.0 0.0 0.0 0.0 0.0 0.0 0.0 0.0 0.0 0.0 0.0 0.0 0.0 0.0 0.0 0.0 0.0 0.0 0.0 0.0 0.0
117.80001383312899 0.0 0.0 0.0 0.0 0.0 0.0 0.0 0.0 0.0 0.0 0.0 0.0 0.0 0.0 0.0 0.0 0.0 0.0 0.0 0.0 0.0 0.0 0.0 0.0
121.30001813816598 0.0 0.0 0.0 0.0 0.0 0.0 0.0 0.0 0.0 0.0 0.0 0.0 0.0 0.0 0.0 0.0 0.0 0.0 0.0 0.0 0.0 0.0 0.0 0.0
124.80001290645798 0.0 0.0 0.0 0.0 0.0 0.0 0.0 0.0 0.0 0.0 0.0 0.0 0.0 0.0 0.0 0.0 0.0 0.0 0.0 0.0 0.0 0.0 0.0 0.0
127.10001818778797 0.0 0.0 0.0 0.0 0.0 0.0 0.0 0.0 0.0 0.0 0.0 0.0 0.0 0.0 0.0 0.0 0.0 0.0 0.0 0.0 0.0 0.0 0.0 0.0
128.400019514324 0.0 0.0 0.0 0.0 0.0 0.0 0.0 0.0 0.0 0.0 0.0 0.0 0.0 0.0 0.0 0.0 0.0 0.0 0.0 0.0 0.0 0.0 0.0 0.0
130.50002018999697 0.0 0.0 0.0 0.0 0.0 0.0 0.0 0.0 0.0 0.0 0.0 0.0 0.0 0.0 0.0 0.0 0.0 0.0 0.0 0.0 0.0 0.0 0.0 0.0
132.40001626001398 0.0 0.0 0.0 0.0 0.0 0.0 0.0 0.0 0.0 0.0 0.0 0.0 0.0 0.0 0.0 0.0 0.0 0.0 0.0 0.0 0.0 0.0 0.0 0.0
133.90002219220597 0.0 0.0 0.0 0.0 0.0 0.0 0.0 0.0 0.0 0.0 0.0 0.0 0.0 0.0 0.0 0.0 0.0 0.0 0.0 0.0 0.0 0.0 0.0 0.0
136.60001761136 0.0 0.0 0.0 0.0 0.0 0.0 0.0 0.0 0.0 0.0 0.0 0.0 0.0 0.0 0.0 0.0 0.0 0.0 0.0 0.0 0.0 0.0 0.0 0.0
139.80001500791198 0.0 0.0 0.0 0.0 0.0 0.0 0.0 0.0 0.0 0.0 0.0 0.0 0.0 0.0 0.0 0.0 0.0 0.0 0.0 0.0 0.0 0.0 0.0 0.0
143.30001931294896 0.0 0.0 0.0 0.0 0.0 0.0 0.0 0.0 0.0 0.0 0.0 0.0 0.0 0.0 0.0 0.0 0.0 0.0 0.0 0.0 0.0 0.0 0.0 0.0
147.200023292555 0.0 0.0 0.0 0.0 0.0 0.0 0.0 0.0 0.0 0.0 0.0 0.0 0.0 0.0 0.0 0.0 0.0 0.0 0.0 0.0 0.0 0.0 0.0 0.0
151.00002496933297 0.0 0.0 0.0 0.0 0.0 0.0 0.0 0.0 0.0 0.0 0.0 0.0 0.0 0.0 0.0 0.0 0.0 0.0 0.0 0.0 0.0 0.0 0.0 0.0
155.20002632067897 0.0 0.0 0.0 0.0 0.0 0.0 0.0 0.0 0.0 0.0 0.0 0.0 0.0 0.0 0.0 0.0 0.0 0.0 0.0 0.0 0.0 0.0 0.0 0.0
158.80002339179998 0.0 0.0 0.0 0.0 0.0 0.0 0.0 0.0 0.0 0.0 0.0 0.0 0.0 0.0 0.0 0.0 0.0 0.0 0.0 0.0 0.0 0.0 0.0 0.0
162.00003032509696 0.0 0.0 0.0 0.0 0.0 0.0 0.0 0.0 0.0 0.0 0.0 0.0 0.0 0.0 0.0 0.0 0.0 0.0 0.0 0.0 0.0 0.0 0.0 0.0
166.00002707078698 0.0 0.0 0.0 0.0 0.0 0.0 0.0 0.0 0.0 0.0 0.0 0.0 0.0 0.0 0.0 0.0 0.0 0.0 0.0 0.0 0.0 0.0 0.0 0.0
170.30003072496197 0.0 0.0 0.0 0.0 0.0 0.0 0.0 0.0 0.0 0.0 0.0 0.0 0.0 0.0 0.0 0.0 0.0 0.0 0.0 0.0 0.0 0.0 0.0 0.0
173.40002581868498 0.0 0.0 0.0 0.0 0.0 0.0 0.0 0.0 0.0 0.0 0.0 0.0 0.0 0.0 0.0 0.0 0.0 0.0 0.0 0.0 0.0 0.0 0.0 0.0
176.80002782089397 0.0 0.0 0.0 0.0 0.0 0.0 0.0 0.0 0.0 0.0 0.0 0.0 0.0 0.0 0.0 0.0 0.0 0.0 0.0 0.0 0.0 0.0 0.0 0.0
180.20002982310197 0.0 0.0 0.0 0.0 0.0 0.0 0.0 0.0 0.0 0.0 0.0 0.0 0.0 0.0 0.0 0.0 0.0 0.0 0.0 0.0 0.0 0.0 0.0 0.0
181.70002621855 0.0 0.0 0.0 0.0 0.0 0.0 0.0 0.0 0.0 0.0 0.0 0.0 0.0 0.0 0.0 0.0 0.0 0.0 0.0 0.0 0.0 0.0 0.0 0.0
186.10003217555297 0.0 0.0 0.0 0.0 0.0 0.0 0.0 0.0 0.0 0.0 0.0 0.0 0.0 0.0 0.0 0.0 0.0 0.0 0.0 0.0 0.0 0.0 0.0 0.0
191.00003057320998 0.0 0.0 0.0 0.0 0.0 0.0 0.0 0.0 0.0 0.0 0.0 0.0 0.0 0.0 0.0 0.0 0.0 0.0 0.0 0.0 0.0 0.0 0.0 0.0
193.90002106127596 0.0 0.0 0.0 0.0 0.0 0.0 0.0 0.0 0.0 0.0 0.0 0.0 0.0 0.0 0.0 0.0 0.0 0.0 0.0 0.0 0.0 0.0 0.0 0.0
198.40002932110795 0.0 0.0 0.0 0.0 0.0 0.0 0.0 0.0 0.0 0.0 0.0 0.0 0.0 0.0 0.0 0.0 0.0 0.0 0.0 0.0 0.0 0.0 0.0 0.0
201.80003132331694 0.0 0.0 0.0 0.0 0.0 0.0 0.0 0.0 0.0 0.0 0.0 0.0 0.0 0.0 0.0 0.0 0.0 0.0 0.0 0.0 0.0 0.0 0.0 0.0
205.00002871986896 0.0 0.0 0.0 0.0 0.0 0.0 0.0 0.0 0.0 0.0 0.0 0.0 0.0 0.0 0.0 0.0 0.0 0.0 0.0 0.0 0.0 0.0 0.0 0.0
210.50002186100596 0.0 0.0 0.0 0.0 0.0 0.0 0.0 0.0 0.0 0.0 0.0 0.0 0.0 0.0 0.0 0.0 0.0 0.0 0.0 0.0 0.0 0.0 0.0 0.0
216.20003868128896 0.0 0.0 0.0 0.0 0.0 0.0 0.0 0.0 0.0 0.0 0.0 0.0 0.0 0.0 0.0 0.0 0.0 0.0 0.0 0.0 0.0 0.0 0.0 0.0
219.80002621566598 0.0 0.0 0.0 0.0 0.0 0.0 0.0 0.0 0.0 0.0 0.0 0.0 0.0 0.0 0.0 0.0 0.0 0.0 0.0 0.0 0.0 0.0 0.0 0.0
223.00002361221797 0.0 0.0 0.0 0.0 0.0 0.0 0.0 0.0 0.0 0.0 0.0 0.0 0.0 0.0 0.0 0.0 0.0 0.0 0.0 0.0 0.0 0.0 0.0 0.0
226.80003482573997 0.0 0.0 0.0 0.0 0.0 0.0 0.0 0.0 0.0 0.0 0.0 0.0 0.0 0.0 0.0 0.0 0.0 0.0 0.0 0.0 0.0 0.0 0.0 0.0
230.00003222229196 0.0 0.0 0.0 0.0 0.0 0.0 0.0 0.0 0.0 0.0 0.0 0.0 0.0 0.0 0.0 0.0 0.0 0.0 0.0 0.0 0.0 0.0 0.0 0.0
234.00002896798097 0.0 0.0 0.0 0.0 0.0 0.0 0.0 0.0 0.0 0.0 0.0 0.0 0.0 0.0 0.0 0.0 0.0 0.0 0.0 0.0 0.0 0.0 0.0 0.0
240.00003362326098 0.0 0.0 0.0 0.0 0.0 0.0 0.0 0.0 0.0 0.0 0.0 0.0 0.0 0.0 0.0 0.0 0.0 0.0 0.0 0.0 0.0 0.0 0.0 0.0
246.50003071919295 0.0 0.0 0.0 0.0 0.0 0.0 0.0 0.0 0.0 0.0 0.0 0.0 0.0 0.0 0.0 0.0 0.0 0.0 0.0 0.0 0.0 0.0 0.0 0.0
252.40003307164395 0.0 0.0 0.0 0.0 0.0 0.0 0.0 0.0 0.0 0.0 0.0 0.0 0.0 0.0 0.0 0.0 0.0 0.0 0.0 0.0 0.0 0.0 0.0 0.0
256.80003902864695 0.0 0.0 0.0 0.0 0.0 0.0 0.0 0.0 0.0 0.0 0.0 0.0 0.0 0.0 0.0 0.0 0.0 0.0 0.0 0.0 0.0 0.0 0.0 0.0
260.00003642519897 0.0 0.0 0.0 0.0 0.0 0.0 0.0 0.0 0.0 0.0 0.0 0.0 0.0 0.0 0.0 0.0 0.0 0.0 0.0 0.0 0.0 0.0 0.0 0.0
264.00003317088897 0.0 0.0 0.0 0.0 0.0 0.0 0.0 0.0 0.0 0.0 0.0 0.0 0.0 0.0 0.0 0.0 0.0 0.0 0.0 0.0 0.0 0.0 0.0 0.0
268.50004143072096 0.0 0.0 0.0 0.0 0.0 0.0 0.0 0.0 0.0 0.0 0.0 0.0 0.0 0.0 0.0 0.0 0.0 0.0 0.0 0.0 0.0 0.0 0.0 0.0
273.50004213120496 0.0 0.0 0.0 0.0 0.0 0.0 0.0 0.0 0.0 0.0 0.0 0.0 0.0 0.0 0.0 0.0 0.0 0.0 0.0 0.0 0.0 0.0 0.0 0.0
278.50004283168994 0.0 0.0 0.0 0.0 0.0 0.0 0.0 0.0 0.0 0.0 0.0 0.0 0.0 0.0 0.0 0.0 0.0 0.0 0.0 0.0 0.0 0.0 0.0 0.0
284.00003597282694 0.0 0.0 0.0 0.0 0.0 0.0 0.0 0.0 0.0 0.0 0.0 0.0 0.0 0.0 0.0 0.0 0.0 0.0 0.0 0.0 0.0 0.0 0.0 0.0
290.00004062810694 0.0 0.0 0.0 0.0 0.0 0.0 0.0 0.0 0.0 0.0 0.0 0.0 0.0 0.0 0.0 0.0 0.0 0.0 0.0 0.0 0.0 0.0 0.0 0.0
296.000045283386 0.0 0.0 0.0 0.0 0.0 0.0 0.0 0.0 0.0 0.0 0.0 0.0 0.0 0.0 0.0 0.0 0.0 0.0 0.0 0.0 0.0 0.0 0.0 0.0
301.0000459838709 0.0 0.0 0.0 0.0 0.0 0.0 0.0 0.0 0.0 0.0 0.0 0.0 0.0 0.0 0.0 0.0 0.0 0.0 0.0 0.0 0.0 0.0 0.0 0.0
308.0000355204559 0.0 0.0 0.0 0.0 0.0 0.0 0.0 0.0 0.0 0.0 0.0 0.0 0.0 0.0 0.0 0.0 0.0 0.0 0.0 0.0 0.0 0.0 0.0 0.0
318.00003692142496 0.0 0.0 0.0 0.0 0.0 0.0 0.0 0.0 0.0 0.0 0.0 0.0 0.0 0.0 0.0 0.0 0.0 0.0 0.0 0.0 0.0 0.0 0.0 0.0
328.0000383223939 0.0 0.0 0.0 0.0 0.0 0.0 0.0 0.0 0.0 0.0 0.0 0.0 0.0 0.0 0.0 0.0 0.0 0.0 0.0 0.0 0.0 0.0 0.0 0.0
338.00003972336293 0.0 0.0 0.0 0.0 0.0 0.0 0.0 0.0 0.0 0.0 0.0 0.0 0.0 0.0 0.0 0.0 0.0 0.0 0.0 0.0 0.0 0.0 0.0 0.0
348.00004112433294 0.0 0.0 0.0 0.0 0.0 0.0 0.0 0.0 0.0 0.0 0.0 0.0 0.0 0.0 0.0 0.0 0.0 0.0 0.0 0.0 0.0 0.0 0.0 0.0
357.00005764399594 0.0 0.0 0.0 0.0 0.0 0.0 0.0 0.0 0.0 0.0 0.0 0.0 0.0 0.0 0.0 0.0 0.0 0.0 0.0 0.0 0.0 0.0 0.0 0.0
366.00003601668095 0.0 0.0 0.0 0.0 0.0 0.0 0.0 0.0 0.0 0.0 0.0 0.0 0.0 0.0 0.0 0.0 0.0 0.0 0.0 0.0 0.0 0.0 0.0 0.0
375.0000525363449 0.0 0.0 0.0 0.0 0.0 0.0 0.0 0.0 0.0 0.0 0.0 0.0 0.0 0.0 0.0 0.0 0.0 0.0 0.0 0.0 0.0 0.0 0.0 0.0
385.0000539373139 0.0 0.0 0.0 0.0 0.0 0.0 0.0 0.0 0.0 0.0 0.0 0.0 0.0 0.0 0.0 0.0 0.0 0.0 0.0 0.0 0.0 0.0 0.0 0.0
395.00005533828295 0.0 0.0 0.0 0.0 0.0 0.0 0.0 0.0 0.0 0.0 0.0 0.0 0.0 0.0 0.0 0.0 0.0 0.0 0.0 0.0 0.0 0.0 0.0 0.0
405.00005673925295 0.0 0.0 0.0 0.0 0.0 0.0 0.0 0.0 0.0 0.0 0.0 0.0 0.0 0.0 0.0 0.0 0.0 0.0 0.0 0.0 0.0 0.0 0.0 0.0
414.0000732589159 0.0 0.0 0.0 0.0 0.0 0.0 0.0 0.0 0.0 0.0 0.0 0.0 0.0 0.0 0.0 0.0 0.0 0.0 0.0 0.0 0.0 0.0 0.0 0.0
422.0000667502959 0.0 0.0 0.0 0.0 0.0 0.0 0.0 0.0 0.0 0.0 0.0 0.0 0.0 0.0 0.0 0.0 0.0 0.0 0.0 0.0 0.0 0.0 0.0 0.0
430.0000602416759 0.0 0.0 0.0 0.0 0.0 0.0 0.0 0.0 0.0 0.0 0.0 0.0 0.0 0.0 0.0 0.0 0.0 0.0 0.0 0.0 0.0 0.0 0.0 0.0
441.0000465239509 0.0 0.0 0.0 0.0 0.0 0.0 0.0 0.0 0.0 0.0 0.0 0.0 0.0 0.0 0.0 0.0 0.0 0.0 0.0 0.0 0.0 0.0 0.0 0.0
451.00004792491995 0.0 0.0 0.0 0.0 0.0 0.0 0.0 0.0 0.0 0.0 0.0 0.0 0.0 0.0 0.0 0.0 0.0 0.0 0.0 0.0 0.0 0.0 0.0 0.0
460.0000644445829 0.0 0.0 0.0 0.0 0.0 0.0 0.0 0.0 0.0 0.0 0.0 0.0 0.0 0.0 0.0 0.0 0.0 0.0 0.0 0.0 0.0 0.0 0.0 0.0
470.00006584555194 0.0 0.0 0.0 0.0 0.0 0.0 0.0 0.0 0.0 0.0 0.0 0.0 0.0 0.0 0.0 0.0 0.0 0.0 0.0 0.0 0.0 0.0 0.0 0.0
480.00006724652195 0.0 0.0 0.0 0.0 0.0 0.0 0.0 0.0 0.0 0.0 0.0 0.0 0.0 0.0 0.0 0.0 0.0 0.0 0.0 0.0 0.0 0.0 0.0 0.0
490.00006864749093 0.0 0.0 0.0 0.0 0.0 0.0 0.0 0.0 0.0 0.0 0.0 0.0 0.0 0.0 0.0 0.0 0.0 0.0 0.0 0.0 0.0 0.0 0.0 0.0
500.00007004845986 0.0 0.0 0.0 0.0 0.0 0.0 0.0 0.0 0.0 0.0 0.0 0.0 0.0 0.0 0.0 0.0 0.0 0.0 0.0 0.0 0.0 0.0 0.0 0.0
506.0000556302499 0.0 0.0 0.0 0.0 0.0 0.0 0.0 0.0 0.0 0.0 0.0 0.0 0.0 0.0 0.0 0.0 0.0 0.0 0.0 0.0 0.0 0.0 0.0 0.0
512.000079359019 0.0 0.0 0.0 0.0 0.0 0.0 0.0 0.0 0.0 0.0 0.0 0.0 0.0 0.0 0.0 0.0 0.0 0.0 0.0 0.0 0.0 0.0 0.0 0.0
520.0000728503979 0.0 0.0 0.0 0.0 0.0 0.0 0.0 0.0 0.0 0.0 0.0 0.0 0.0 0.0 0.0 0.0 0.0 0.0 0.0 0.0 0.0 0.0 0.0 0.0
530.0000742513679 0.0 0.0 0.0 0.0 0.0 0.0 0.0 0.0 0.0 0.0 0.0 0.0 0.0 0.0 0.0 0.0 0.0 0.0 0.0 0.0 0.0 0.0 0.0 0.0
540.0000756523369 0.0 0.0 0.0 0.0 0.0 0.0 0.0 0.0 0.0 0.0 0.0 0.0 0.0 0.0 0.0 0.0 0.0 0.0 0.0 0.0 0.0 0.0 0.0 0.0
550.000077053306 0.0 0.0 0.0 0.0 0.0 0.0 0.0 0.0 0.0 0.0 0.0 0.0 0.0 0.0 0.0 0.0 0.0 0.0 0.0 0.0 0.0 0.0 0.0 0.0
560.0000784542749 0.0 0.0 0.0 0.0 0.0 0.0 0.0 0.0 0.0 0.0 0.0 0.0 0.0 0.0 0.0 0.0 0.0 0.0 0.0 0.0 0.0 0.0 0.0 0.0
570.0000798552438 0.0 0.0 0.0 0.0 0.0 0.0 0.0 0.0 0.0 0.0 0.0 0.0 0.0 0.0 0.0 0.0 0.0 0.0 0.0 0.0 0.0 0.0 0.0 0.0
580.0000812562139 0.0 0.0 0.0 0.0 0.0 0.0 0.0 0.0 0.0 0.0 0.0 0.0 0.0 0.0 0.0 0.0 0.0 0.0 0.0 0.0 0.0 0.0 0.0 0.0
590.0000826571829 0.0 0.0 0.0 0.0 0.0 0.0 0.0 0.0 0.0 0.0 0.0 0.0 0.0 0.0 0.0 0.0 0.0 0.0 0.0 0.0 0.0 0.0 0.0 0.0
600.0000840581519 0.0 0.0 0.0 0.0 0.0 0.0 0.0 0.0 0.0 0.0 0.0 0.0 0.0 0.0 0.0 0.0 0.0 0.0 0.0 0.0 0.0 0.0 0.0 0.0
610.0000854591209 0.0 0.0 0.0 0.0 0.0 0.0 0.0 0.0 0.0 0.0 0.0 0.0 0.0 0.0 0.0 0.0 0.0 0.0 0.0 0.0 0.0 0.0 0.0 0.0
620.0000868600898 0.0 0.0 0.0 0.0 0.0 0.0 0.0 0.0 0.0 0.0 0.0 0.0 0.0 0.0 0.0 0.0 0.0 0.0 0.0 0.0 0.0 0.0 0.0 0.0
630.0000882610599 0.0 0.0 0.0 0.0 0.0 0.0 0.0 0.0 0.0 0.0 0.0 0.0 0.0 0.0 0.0 0.0 0.0 0.0 0.0 0.0 0.0 0.0 0.0 0.0
640.0000896620288 0.0 0.0 0.0 0.0 0.0 0.0 0.0 0.0 0.0 0.0 0.0 0.0 0.0 0.0 0.0 0.0 0.0 0.0 0.0 0.0 0.0 0.0 0.0 0.0
650.0000910629979 0.0 0.0 0.0 0.0 0.0 0.0 0.0 0.0 0.0 0.0 0.0 0.0 0.0 0.0 0.0 0.0 0.0 0.0 0.0 0.0 0.0 0.0 0.0 0.0
658.0001227013558 0.0 0.0 0.0 0.0 0.0 0.0 0.0 0.0 0.0 0.0 0.0 0.0 0.0 0.0 0.0 0.0 0.0 0.0 0.0 0.0 0.0 0.0 0.0 0.0
665.0000931644519 0.0 0.0 0.0 0.0 0.0 0.0 0.0 0.0 0.0 0.0 0.0 0.0 0.0 0.0 0.0 0.0 0.0 0.0 0.0 0.0 0.0 0.0 0.0 0.0
675.0000945654209 0.0 0.0 0.0 0.0 0.0 0.0 0.0 0.0 0.0 0.0 0.0 0.0 0.0 0.0 0.0 0.0 0.0 0.0 0.0 0.0 0.0 0.0 0.0 0.0
685.00009596639 0.0 0.0 0.0 0.0 0.0 0.0 0.0 0.0 0.0 0.0 0.0 0.0 0.0 0.0 0.0 0.0 0.0 0.0 0.0 0.0 0.0 0.0 0.0 0.0
695.0000973673589 0.0 0.0 0.0 0.0 0.0 0.0 0.0 0.0 0.0 0.0 0.0 0.0 0.0 0.0 0.0 0.0 0.0 0.0 0.0 0.0 0.0 0.0 0.0 0.0
705.0000987683289 0.0 0.0 0.0 0.0 0.0 0.0 0.0 0.0 0.0 0.0 0.0 0.0 0.0 0.0 0.0 0.0 0.0 0.0 0.0 0.0 0.0 0.0 0.0 0.0
716.0000850506029 0.0 0.0 0.0 0.0 0.0 0.0 0.0 0.0 0.0 0.0 0.0 0.0 0.0 0.0 0.0 0.0 0.0 0.0 0.0 0.0 0.0 0.0 0.0 0.0
726.0000864515729 0.0 0.0 0.0 0.0 0.0 0.0 0.0 0.0 0.0 0.0 0.0 0.0 0.0 0.0 0.0 0.0 0.0 0.0 0.0 0.0 0.0 0.0 0.0 0.0
735.0001029712358 0.0 0.0 0.0 0.0 0.0 0.0 0.0 0.0 0.0 0.0 0.0 0.0 0.0 0.0 0.0 0.0 0.0 0.0 0.0 0.0 0.0 0.0 0.0 0.0
745.0001043722049 0.0 0.0 0.0 0.0 0.0 0.0 0.0 0.0 0.0 0.0 0.0 0.0 0.0 0.0 0.0 0.0 0.0 0.0 0.0 0.0 0.0 0.0 0.0 0.0
755.0001057731748 0.0 0.0 0.0 0.0 0.0 0.0 0.0 0.0 0.0 0.0 0.0 0.0 0.0 0.0 0.0 0.0 0.0 0.0 0.0 0.0 0.0 0.0 0.0 0.0
765.0001071741439 0.0 0.0 0.0 0.0 0.0 0.0 0.0 0.0 0.0 0.0 0.0 0.0 0.0 0.0 0.0 0.0 0.0 0.0 0.0 0.0 0.0 0.0 0.0 0.0
775.0001085751129 0.0 0.0 0.0 0.0 0.0 0.0 0.0 0.0 0.0 0.0 0.0 0.0 0.0 0.0 0.0 0.0 0.0 0.0 0.0 0.0 0.0 0.0 0.0 0.0
785.0001099760818 0.0 0.0 0.0 0.0 0.0 0.0 0.0 0.0 0.0 0.0 0.0 0.0 0.0 0.0 0.0 0.0 0.0 0.0 0.0 0.0 0.0 0.0 0.0 0.0
795.0001113770509 0.0 0.0 0.0 0.0 0.0 0.0 0.0 0.0 0.0 0.0 0.0 0.0 0.0 0.0 0.0 0.0 0.0 0.0 0.0 0.0 0.0 0.0 0.0 0.0
805.0001127780208 0.0 0.0 0.0 0.0 0.0 0.0 0.0 0.0 0.0 0.0 0.0 0.0 0.0 0.0 0.0 0.0 0.0 0.0 0.0 0.0 0.0 0.0 0.0 0.0
815.0001141789899 0.0 0.0 0.0 0.0 0.0 0.0 0.0 0.0 0.0 0.0 0.0 0.0 0.0 0.0 0.0 0.0 0.0 0.0 0.0 0.0 0.0 0.0 0.0 0.0
825.0001155799589 0.0 0.0 0.0 0.0 0.0 0.0 0.0 0.0 0.0 0.0 0.0 0.0 0.0 0.0 0.0 0.0 0.0 0.0 0.0 0.0 0.0 0.0 0.0 0.0
835.0001169809279 0.0 0.0 0.0 0.0 0.0 0.0 0.0 0.0 0.0 0.0 0.0 0.0 0.0 0.0 0.0 0.0 0.0 0.0 0.0 0.0 0.0 0.0 0.0 0.0
845.0001183818969 0.0 0.0 0.0 0.0 0.0 0.0 0.0 0.0 0.0 0.0 0.0 0.0 0.0 0.0 0.0 0.0 0.0 0.0 0.0 0.0 0.0 0.0 0.0 0.0
855.0001197828668 0.0 0.0 0.0 0.0 0.0 0.0 0.0 0.0 0.0 0.0 0.0 0.0 0.0 0.0 0.0 0.0 0.0 0.0 0.0 0.0 0.0 0.0 0.0 0.0
865.0001211838357 0.0 0.0 0.0 0.0 0.0 0.0 0.0 0.0 0.0 0.0 0.0 0.0 0.0 0.0 0.0 0.0 0.0 0.0 0.0 0.0 0.0 0.0 0.0 0.0
875.0001225848048 0.0 0.0 0.0 0.0 0.0 0.0 0.0 0.0 0.0 0.0 0.0 0.0 0.0 0.0 0.0 0.0 0.0 0.0 0.0 0.0 0.0 0.0 0.0 0.0
885.0001239857738 0.0 0.0 0.0 0.0 0.0 0.0 0.0 0.0 0.0 0.0 0.0 0.0 0.0 0.0 0.0 0.0 0.0 0.0 0.0 0.0 0.0 0.0 0.0 0.0
895.0001253867429 0.0 0.0 0.0 0.0 0.0 0.0 0.0 0.0 0.0 0.0 0.0 0.0 0.0 0.0 0.0 0.0 0.0 0.0 0.0 0.0 0.0 0.0 0.0 0.0
905.0001267877128 0.0 0.0 0.0 0.0 0.0 0.0 0.0 0.0 0.0 0.0 0.0 0.0 0.0 0.0 0.0 0.0 0.0 0.0 0.0 0.0 0.0 0.0 0.0 0.0
915.0001281886819 0.0 0.0 0.0 0.0 0.0 0.0 0.0 0.0 0.0 0.0 0.0 0.0 0.0 0.0 0.0 0.0 0.0 0.0 0.0 0.0 0.0 0.0 0.0 0.0
925.0001295896509 0.0 0.0 0.0 0.0 0.0 0.0 0.0 0.0 0.0 0.0 0.0 0.0 0.0 0.0 0.0 0.0 0.0 0.0 0.0 0.0 0.0 0.0 0.0 0.0
935.0001309906198 0.0 0.0 0.0 0.0 0.0 0.0 0.0 0.0 0.0 0.0 0.0 0.0 0.0 0.0 0.0 0.0 0.0 0.0 0.0 0.0 0.0 0.0 0.0 0.0
945.0001323915889 0.0 0.0 0.0 0.0 0.0 0.0 0.0 0.0 0.0 0.0 0.0 0.0 0.0 0.0 0.0 0.0 0.0 0.0 0.0 0.0 0.0 0.0 0.0 0.0
955.0001337925579 0.0 0.0 0.0 0.0 0.0 0.0 0.0 0.0 0.0 0.0 0.0 0.0 0.0 0.0 0.0 0.0 0.0 0.0 0.0 0.0 0.0 0.0 0.0 0.0
965.0001351935279 0.0 0.0 0.0 0.0 0.0 0.0 0.0 0.0 0.0 0.0 0.0 0.0 0.0 0.0 0.0 0.0 0.0 0.0 0.0 0.0 0.0 0.0 0.0 0.0
975.0001365944969 0.0 0.0 0.0 0.0 0.0 0.0 0.0 0.0 0.0 0.0 0.0 0.0 0.0 0.0 0.0 0.0 0.0 0.0 0.0 0.0 0.0 0.0 0.0 0.0
985.0001379954657 0.0 0.0 0.0 0.0 0.0 0.0 0.0 0.0 0.0 0.0 0.0 0.0 0.0 0.0 0.0 0.0 0.0 0.0 0.0 0.0 0.0 0.0 0.0 0.0
995.0001393964347 0.0 0.0 0.0 0.0 0.0 0.0 0.0 0.0 0.0 0.0 0.0 0.0 0.0 0.0 0.0 0.0 0.0 0.0 0.0 0.0 0.0 0.0 0.0 0.0
1005.0001407973998 0.0 0.0 0.0 0.0 0.0 0.0 0.0 0.0 0.0 0.0 0.0 0.0 0.0 0.0 0.0 0.0 0.0 0.0 0.0 0.0 0.0 0.0 0.0 0.0
1015.0001421983698 0.0 0.0 0.0 0.0 0.0 0.0 0.0 0.0 0.0 0.0 0.0 0.0 0.0 0.0 0.0 0.0 0.0 0.0 0.0 0.0 0.0 0.0 0.0 0.0
1025.0001435993397 0.0 0.0 0.0 0.0 0.0 0.0 0.0 0.0 0.0 0.0 0.0 0.0 0.0 0.0 0.0 0.0 0.0 0.0 0.0 0.0 0.0 0.0 0.0 0.0
1035.0001450003099 0.0 0.0 0.0 0.0 0.0 0.0 0.0 0.0 0.0 0.0 0.0 0.0 0.0 0.0 0.0 0.0 0.0 0.0 0.0 0.0 0.0 0.0 0.0 0.0
1045.0001464012798 0.0 0.0 0.0 0.0 0.0 0.0 0.0 0.0 0.0 0.0 0.0 0.0 0.0 0.0 0.0 0.0 0.0 0.0 0.0 0.0 0.0 0.0 0.0 0.0
1055.0001478022498 0.0 0.0 0.0 0.0 0.0 0.0 0.0 0.0 0.0 0.0 0.0 0.0 0.0 0.0 0.0 0.0 0.0 0.0 0.0 0.0 0.0 0.0 0.0 0.0
1065.0001492032197 0.0 0.0 0.0 0.0 0.0 0.0 0.0 0.0 0.0 0.0 0.0 0.0 0.0 0.0 0.0 0.0 0.0 0.0 0.0 0.0 0.0 0.0 0.0 0.0
1075.00015060419 0.0 0.0 0.0 0.0 0.0 0.0 0.0 0.0 0.0 0.0 0.0 0.0 0.0 0.0 0.0 0.0 0.0 0.0 0.0 0.0 0.0 0.0 0.0 0.0
1085.0001520051599 0.0 0.0 0.0 0.0 0.0 0.0 0.0 0.0 0.0 0.0 0.0 0.0 0.0 0.0 0.0 0.0 0.0 0.0 0.0 0.0 0.0 0.0 0.0 0.0
1095.0001534061298 0.0 0.0 0.0 0.0 0.0 0.0 0.0 0.0 0.0 0.0 0.0 0.0 0.0 0.0 0.0 0.0 0.0 0.0 0.0 0.0 0.0 0.0 0.0 0.0
1105.0001548070998 14683325.9010062 12963984.866705261 11286247.618783247 9652985.23416066 8067037.689241431 6530815.657797885 5045317.455691776 4320964.830538822 3607643.533417649 2903388.5097183716 2483905.6489899084 2204987.339942068 1787031.6696196988 1508433.5857253047 1091296.6132779375 816022.4396038542 680771.2048395425 548547.8592569944 421183.3143695173 301472.2279182409 193592.9691223729 38883.86473290216 6172.91805622712 31.398817850462216
1115.00015620807 63306113.854559936 55982333.552584976 48829907.78841121 41860840.262148984 35087070.78393716 28518824.97317103 22160318.033578154 19056814.800298806 15997911.634341558 12973586.554658305 11168471.915018236 9965608.869859854 8156697.842901756 6944155.672299087 5111084.258220429 3882236.00593391 3269743.467272912 2663304.2442787653 2069875.9496273543 1501234.0316943286 976874.167356504 198215.41814868167 30635.36576844974 147.603492918589
1125.0001576090297 97699902.35962713 86458891.67227012 75475187.15009813 64766731.38642289 54351169.28326554 44243189.97118525 34447661.89923808 29661774.47749774 24940602.94060366 20267575.711948406 17475043.708272018 15612331.111680765 12807351.469873577 10923745.413147617 8068664.797872225 6147346.806503865 5186630.305664848 4232830.819634317 3296469.6274759187 2395772.7018880104 1561550.5349377673 315313.01963873353 47585.338848191735 202.46520219016537
1135.0001590099998 145907996.2188426 129108297.25597274 112700444.49985223 96711060.25407185 81166115.77670588 66086806.949303925 51478909.526049465 44342904.2255264 37303130.93468381 30333377.122805644 26166415.268873632 23385542.296420418 19194858.27259571 16377831.719433218 12101671.17590096 9218578.118763221 7775034.0099033555 6340617.542427749 4931375.809784184 3575329.1945373123 2320096.1921330844 456307.03647534625 65896.40883372475 239.10360644924225
1145.0001604109698 186301351.28513816 164954889.58756965 144095842.6609993 123756454.61710472 103967579.67470169 84753051.28732742 66115207.994053185 56998655.261508636 47994537.067399494 39066291.56126768 33719862.605600335 30147403.61272651 24755732.584486343 21125024.8395042 15602492.577476552 11871127.837929005 10000751.221428322 8141292.841328083 6314387.05486083 4557854.553436206 2935900.7790357773 554988.0617635848 75262.37275219805 220.00412522312334
1155.0001618119397 223120538.31082433 197861782.5044811 173139704.55496937 148986118.40618616 125428927.74731989 102483940.4828927 80134655.87219922 69157595.4006039 58278084.56182137 47444845.494709276 40932447.774563976 36569515.48215772 29967727.028152067 25511925.55845688 18725876.81797253 14145047.902919203 11855038.23427552 9586252.777688803 7369157.385853139 5254911.673089556 3326961.158968196 587167.2269816176 73285.21485027001 168.2653883766004
1165.0001632129097 303538596.5375257 269654387.984549 236427418.23390865 203891857.43485624 172073574.31647864 140977050.516051 110553951.57972407 95547426.06647271 80621128.0461524 65694644.98208905 56685997.985174194 50634382.36750655 41451876.11172292 35237886.5445037 25755552.413843617 19351977.355585907 16155025.632300131 12994563.511572508 9917499.953773532 7000767.668309598 4366664.240730681 722859.2454168218 82941.46803789165 147.2248474917812
1175.0001646138799 392618902.2636869 349060690.6588182 306319705.84378123 264432880.29384205 223423344.1309836 183281366.18013284 143919406.91823947 124457028.99705765 105057170.20190568 85604972.59411377 73834969.54709657 65914574.3008284 53875293.65434643 45715296.29766089 33252862.309802216 24842798.745152585 20652534.418754876 16520879.78491881 12514815.435298122 8741872.216206957 5368898.17373066 830692.0669945799 86927.41469249039 114.34890370519216
1185.0001660148498 442250299.0149851 393564260.0497387 345713609.3587238 298729072.8900124 252622764.34084854 207365043.63463786 162831040.37258774 140741043.00433788 118668167.78820704 96478670.7401215 83026485.39963505 73965712.8306909 60187855.75434329 50854489.40377231 36635568.97561383 27094704.975283273 22370496.464532748 17741027.128319804 13289976.563572656 9146618.789397076 5503249.624053541 787675.693229548 75603.95127883079 81.8247363286971
1195.0001674158198 317962898.1103432 282952819.1447167 248520964.34317824 214675035.99504298 181403097.9825665 148652865.44259793 116286427.67686589 100157603.69944482 83978512.03458105 67645624.11229995 57715425.53018237 51020954.36127873 40850454.470635526 33987388.130441695 23639874.17581777 16843197.465428837 13553178.231480857 10400633.817598961 7461690.8481605165 4841922.911748756 2678286.113374698 270819.2578481371 16649.321281831377 4.692997430366361
1205.0001688167897 174912066.37997913 155791731.19778678 136952353.40725887 118388826.38674016 100081410.82205886 81982116.9721591 63986774.40904357 54967187.69250884 45879109.35068035 36664596.808988936 31047944.545418136 27259937.85582165 21514399.834800288 17655644.70203878 11902257.179689722 8203417.27946447 6451831.401535851 4808645.073811253 3320147.0365498336 2044996.4635953428 1049974.005399979 77962.93256855446 3209.733400154994 0.25632218712543064
1215.00017021776 0.0 0.0 0.0 0.0 0.0 0.0 0.0 0.0 0.0 0.0 0.0 0.0 0.0 0.0 0.0 0.0 0.0 0.0 0.0 0.0 0.0 0.0 0.0 0.0
1225.0001716187298 0.0 0.0 0.0 0.0 0.0 0.0 0.0 0.0 0.0 0.0 0.0 0.0 0.0 0.0 0.0 0.0 0.0 0.0 0.0 0.0 0.0 0.0 0.0 0.0
1235.0001730196998 923141385.6609612 824400260.7561252 726882369.9972845 630529349.6813496 535195729.24295396 440570837.76547706 346017733.89644456 298403366.2527375 250240917.7332919 201175033.65927604 171125039.66042435 150784566.29035738 119793715.68147497 98863486.16718742 67419447.2885632 46989753.07402891 37228967.9298666 28001342.771053556 19560379.308859013 12236297.390109383 6420720.387326399 520843.6426679463 24049.003599080468 2.7806752725330752
1245.0001744206697 1340004022.5021029 1198512477.122046 1058705917.2642057 920484686.2946807 783614962.111487 647608216.9870695 511468377.89399976 442774433.9407607 373146773.1160556 301993948.4656732 258256243.60914248 228554104.4823707 183095716.05396968 152206482.19418558 105378513.02600907 74543873.68177173 59639277.24132376 45403320.064913295 32209569.482774574 20563887.994534962 11099372.594656235 1005507.8182158107 53045.28377787327 8.840827720107402
1255.0001758216297 1470182823.1147077 1315185503.9833488 1162016594.645236 1010556338.2109065 860535539.2079167 711403057.4904959 562048613.8541123 486652546.98428947 410206511.09289086 332060288.2907091 284011945.6544208 251377958.36974373 201426233.3177811 167479731.1084713 116009582.40285031 82110083.10106772 65719617.614558645 50059865.766949244 35540153.13371979 22715366.10906989 12281309.309542041 1121428.3319952565 59873.91078900838 10.471978191026537
1265.0001772225999 1323583926.3469632 1184713331.3830037 1047365843.7528446 911410152.8673258 776572555.6643239 642313352.8234811 507570956.3179107 439420559.47842246 370221350.1897064 299380147.26927036 255779542.28830293 226154197.01600003 180805557.65693587 150002940.22286975 103375918.38140973 72770764.21666408 58026104.71047555 43987949.56724233 31033426.976218767 19666085.811193414 10504048.625731308 912452.948389816 45723.91495813782 6.625155156693883
1275.0001786235698 1849528766.9116447 1657198611.3447483 1466710493.5100448 1277841803.496513 1090157262.6996968 902828403.5964632 714263547.6321715 618635039.9544014 521338017.3080991 421520060.85716695 359984084.4742219 318134815.47764635 254033625.51734325 210483330.88177785 144598450.11055136 101433856.69147219 80684695.07072505 60974337.5882668 42842103.53716068 27000391.02169069 14310526.236982381 1206156.7976907392 58322.281942342466 7.628274856915545
1285.0001800245398 1270788361.7625473 1139283557.9762332 1008947676.7680335 879607161.7407979 750934815.4352455 622321546.5294442 492615329.24828446 426720518.767973 359584390.0625715 290608804.71724933 248039255.13779294 219071790.19807953 174685903.4384969 144530223.9020753 98944180.33775163 69138474.10794935 54844198.56797806 41297788.468296856 28877482.10848226 18077824.892181907 9487616.427994395 765754.1610600821 34852.2170337694 3.717294836390839
1295.0001814255097 1521445255.9824574 1365456561.7867785 1210626912.1492405 1056719781.9136908 903305070.805785 749599782.8120352 594145512.1672881 514970651.82123286 434150723.9283137 350947849.4413386 299513997.18884254 264481207.36521515 210758305.9415246 174238916.2882743 119032330.20490487 82968192.12876202 65695371.1748567 49350277.97804321 34396090.61204358 21434219.681895122 11173114.226317594 874857.7779297846 38121.732587015074 3.4685311174868554
1305.0001828264797 903163890.5103141 811097686.0489664 719624947.3119757 628588516.1441355 537709947.7390186 446491401.02269185 354019012.38751674 306822257.0888751 258569052.38310695 208814677.86709476 178024265.20937055 157042607.66371706 124864553.20244984 103001465.93700118 70005072.09310485 48524408.50848064 38273994.56463347 28608918.23053108 19809529.111213807 12234303.107487826 6295844.743305566 467081.3505466662 18956.228210241537 1.369574012024131
1315.0001842274498 1067942606.4182205 959994074.7517164 852589008.3148226 745518071.7989019 638420091.4443263 530661341.8455292 421095944.2837101 365028193.4058681 307594221.968854 248257311.34537002 211484932.90120608 186410109.14419568 147942312.3423889 121811178.64389656 82423237.84051645 56856462.70227171 44694995.09494888 33264003.898948118 22901556.73908033 14034008.71658155 7141813.197209973 505949.2914290233 19350.088271799053 1.1630364997206772
1325.0001856284198 632872599.032843 569313564.432116 506005090.3046115 442811939.2943848 379504752.9892496 315686225.8553577 250645717.83078408 217293814.26617196 183077199.64215842 147672941.43622544 125708527.69323333 110723825.56724107 87731237.00791468 72116640.31697868 48608307.15278172 33388847.657048028 26169671.212078482 19402839.309550922 13291662.938213985 8089481.330398273 4076437.414427253 277219.4260838575 10052.705642869903 0.5101567566420891
1335.0001870293897 0.0 0.0 0.0 0.0 0.0 0.0 0.0 0.0 0.0 0.0 0.0 0.0 0.0 0.0 0.0 0.0 0.0 0.0 0.0 0.0 0.0 0.0 0.0 0.0
1345.0001884303597 0.0 0.0 0.0 0.0 0.0 0.0 0.0 0.0 0.0 0.0 0.0 0.0 0.0 0.0 0.0 0.0 0.0 0.0 0.0 0.0 0.0 0.0 0.0 0.0
1355.0001898313299 0.0 0.0 0.0 0.0 0.0 0.0 0.0 0.0 0.0 0.0 0.0 0.0 0.0 0.0 0.0 0.0 0.0 0.0 0.0 0.0 0.0 0.0 0.0 0.0
1365.0001912322998 0.0 0.0 0.0 0.0 0.0 0.0 0.0 0.0 0.0 0.0 0.0 0.0 0.0 0.0 0.0 0.0 0.0 0.0 0.0 0.0 0.0 0.0 0.0 0.0
1375.0001926332598 0.0 0.0 0.0 0.0 0.0 0.0 0.0 0.0 0.0 0.0 0.0 0.0 0.0 0.0 0.0 0.0 0.0 0.0 0.0 0.0 0.0 0.0 0.0 0.0
1385.00019403423 0.0 0.0 0.0 0.0 0.0 0.0 0.0 0.0 0.0 0.0 0.0 0.0 0.0 0.0 0.0 0.0 0.0 0.0 0.0 0.0 0.0 0.0 0.0 0.0
1395.0001954351999 0.0 0.0 0.0 0.0 0.0 0.0 0.0 0.0 0.0 0.0 0.0 0.0 0.0 0.0 0.0 0.0 0.0 0.0 0.0 0.0 0.0 0.0 0.0 0.0
1405.0001968361698 0.0 0.0 0.0 0.0 0.0 0.0 0.0 0.0 0.0 0.0 0.0 0.0 0.0 0.0 0.0 0.0 0.0 0.0 0.0 0.0 0.0 0.0 0.0 0.0
1415.0001982371398 0.0 0.0 0.0 0.0 0.0 0.0 0.0 0.0 0.0 0.0 0.0 0.0 0.0 0.0 0.0 0.0 0.0 0.0 0.0 0.0 0.0 0.0 0.0 0.0
1425.00019963811 0.0 0.0 0.0 0.0 0.0 0.0 0.0 0.0 0.0 0.0 0.0 0.0 0.0 0.0 0.0 0.0 0.0 0.0 0.0 0.0 0.0 0.0 0.0 0.0
1435.00020103908 0.0 0.0 0.0 0.0 0.0 0.0 0.0 0.0 0.0 0.0 0.0 0.0 0.0 0.0 0.0 0.0 0.0 0.0 0.0 0.0 0.0 0.0 0.0 0.0
1442.0001715021797 0.0 0.0 0.0 0.0 0.0 0.0 0.0 0.0 0.0 0.0 0.0 0.0 0.0 0.0 0.0 0.0 0.0 0.0 0.0 0.0 0.0 0.0 0.0 0.0
1447.0001722026598 0.0 0.0 0.0 0.0 0.0 0.0 0.0 0.0 0.0 0.0 0.0 0.0 0.0 0.0 0.0 0.0 0.0 0.0 0.0 0.0 0.0 0.0 0.0 0.0
1455.0002038410196 0.0 0.0 0.0 0.0 0.0 0.0 0.0 0.0 0.0 0.0 0.0 0.0 0.0 0.0 0.0 0.0 0.0 0.0 0.0 0.0 0.0 0.0 0.0 0.0
1465.0002052419895 0.0 0.0 0.0 0.0 0.0 0.0 0.0 0.0 0.0 0.0 0.0 0.0 0.0 0.0 0.0 0.0 0.0 0.0 0.0 0.0 0.0 0.0 0.0 0.0
1475.0002066429597 0.0 0.0 0.0 0.0 0.0 0.0 0.0 0.0 0.0 0.0 0.0 0.0 0.0 0.0 0.0 0.0 0.0 0.0 0.0 0.0 0.0 0.0 0.0 0.0
1485.0002080439297 0.0 0.0 0.0 0.0 0.0 0.0 0.0 0.0 0.0 0.0 0.0 0.0 0.0 0.0 0.0 0.0 0.0 0.0 0.0 0.0 0.0 0.0 0.0 0.0
1495.0002094448996 0.0 0.0 0.0 0.0 0.0 0.0 0.0 0.0 0.0 0.0 0.0 0.0 0.0 0.0 0.0 0.0 0.0 0.0 0.0 0.0 0.0 0.0 0.0 0.0
1505.0002108458598 0.0 0.0 0.0 0.0 0.0 0.0 0.0 0.0 0.0 0.0 0.0 0.0 0.0 0.0 0.0 0.0 0.0 0.0 0.0 0.0 0.0 0.0 0.0 0.0
1512.0001813089598 0.0 0.0 0.0 0.0 0.0 0.0 0.0 0.0 0.0 0.0 0.0 0.0 0.0 0.0 0.0 0.0 0.0 0.0 0.0 0.0 0.0 0.0 0.0 0.0
1517.0001820094396 0.0 0.0 0.0 0.0 0.0 0.0 0.0 0.0 0.0 0.0 0.0 0.0 0.0 0.0 0.0 0.0 0.0 0.0 0.0 0.0 0.0 0.0 0.0 0.0
1525.0002136477997 74192333312.25316 67502015915.92232 60752914501.52522 53923370649.42879 46979313733.408 39864530540.37056 32480457334.17426 28634940650.36362 24641206381.34612 20446055851.69125 17802236163.24569 15975042001.405039 13122274952.464197 11139080810.047384 8045882432.915246 5932257351.619871 4879341091.64974 3847035616.707723 2857764416.549351 1944449647.3093507 1153028292.3073428 161630509.35954627 16522767.485050065 28849.934013176055
1535.0002150487696 477918660373.76917 435074708426.00073 391670225631.58374 347653927626.7142 302956850409.77234 257478617977.12958 211056528110.81982 187406209526.37735 163385233260.84827 138893553809.08868 123906830821.00867 113762031956.34993 98256367544.07445 87679035400.7226 71332652830.4198 60011168372.33245 54186856273.183495 48232724609.88467 42130903475.53459 35862936101.36115 29413097282.37871 15983627136.513445 9165630558.709604 2851239244.052792
1545.0002164497398 463330845450.55566 422314408912.57043 380674660918.867 338349222963.82306 295256831908.1347 251284827876.77792 206262404012.97134 183273540131.70206 159894471928.9312 136037829453.27718 121439490270.06561 111562786060.96577 96485484482.49399 86222432307.54901 70420933425.67854 59539470745.222755 53968093375.20287 48294206619.66114 42503789517.99336 36580471221.2888 30505016288.621113 17798008282.744305 11099695586.008724 4202441380.6894064
1555.0002178507098 813646878317.6425 742554273112.5375 670200262061.028 596466896605.8899 521206651739.6873 444225291295.856 365246010657.4884 324878760508.9092 283820896208.74927 241946736243.27112 216351199013.82016 199053352507.40527 172687012037.35565 154772443458.0835 127245897244.88422 108319991107.06131 98630920932.49695 88755884243.71452 78658730187.4718 68291624097.08754 57589375659.065575 34759383206.17234 22261747627.361458 8749598912.027142
1565.0002192516797 761762177711.6672 695710223404.9889 628417951963.8207 559768938871.0234 489617765696.4024 417773312221.53125 343963827103.38556 306196391150.53723 267750477742.38104 228502814542.69098 204491376044.27664 188253386714.7132 163482677073.76685 146635419390.01846 120712650969.2156 102853718152.91614 93695345872.45497 84347521223.4386 74772410576.7671 64920288376.38093 54724660134.12783 32900765535.773926 20953099796.285164 8116983301.432115
1575.0002206526497 1467774198017.6184 1344343072964.3635 1218055320486.2964 1088601196260.0361 955594416890.952 818533463002.8055 676726327931.3867 603736934872.133 529120240406.74384 452613177317.367 405645754837.1372 373820706085.9476 325192454041.93933 292082907976.1766 241140109779.89334 206108149754.0386 188188032542.11978 169943978868.4161 151319254076.68948 132236651409.88412 112585473838.3125 70764285818.642 47690471464.75434 21570097706.256367
1585.0002220536198 1847273099315.9973 1693737397093.46 1536458612350.9602 1375014804507.961 1208876896191.183 1037353970027.3475 859487645061.0786 767750900647.2379 673817097936.7035 577324580460.1992 517989180960.3414 477737972097.0219 416161221550.3885 374184831464.1934 309525310443.2265 265017829523.86258 242240912354.0824 219047319064.7547 195365049491.2369 171093255506.37558 146081268595.09055 92657359826.20233 62887140548.74713 28704313621.440575
1595.0002234545898 2148718698184.6658 1971139988776.2534 1789042008737.8728 1601929657949.4558 1409189086976.6777 1210030224049.012 1003376614003.4918 896769979873.993 787618785088.642 675529808461.6255 606634752999.401 559916081242.1311 488475116213.26385 439792759795.1641 364812420419.0807 313173226306.93097 286720221934.0943 259751048590.29636 232164811211.69336 203820724795.08545 174513181451.95032 111496467148.3783 76136287616.72328 35276150659.2393
1605.0002248555597 2421472914654.409 2221303511306.1562 2016146311519.3293 1805439533976.4102 1588479460690.3894 1364348221962.4265 1131774094491.7056 1011757441496.5135 888818754462.9435 762475844623.5809 684752066730.0825 632009436070.7261 551288375657.0538 496229232041.4903 411338978366.08875 352818662607.75165 322828213815.6509 292248316719.7333 260968712143.8777 228833952752.79892 195612197302.85995 124145700755.57117 84009961333.24062 38051895609.51499
1615.0002262565297 2694542195022.936 2471248621711.491 2242623854361.4146 2008068079650.4443 1766826904766.433 1517911225863.2427 1259940651280.73 1126942362788.0254 990785159588.5592 850923818936.6385 764901053083.3815 706524192853.0082 617152767059.1733 556151035434.7194 461958869048.08496 396850194970.7373 363395656123.02295 329201163028.025 294117504567.78253 257938352415.95197 220366522983.86148 138943419941.04825 92996205470.12393 40716129131.10738
1625.0002276574996 3153953614956.969 2896931563172.0894 2633237132537.0205 2362077621903.8237 2082450792869.1191 1793038606215.3887 1492005778981.828 1336318665020.5898 1176559019524.7827 1012039813783.0824 910641652934.779 841743635903.8448 736142675756.7697 663994998302.5786 552539863950.3704 475521605074.24274 435978960676.3992 395598011673.06195 354216569144.60675 311603462567.0105 267409217116.92593 171549636830.386 116856270544.18288 52908127571.96966
1635.0002290584598 3644196646446.013 3346300295358.953 3040976842192.5786 2727306595709.4434 2404112833683.412 2069825732596.4458 1722222349110.7278 1542426831733.2126 1357855837743.3992 1167645419229.9402 1050305334540.6733 970513340212.1271 848096807043.1184 764365566234.0507 634848633607.2434 545236344310.7765 499201795126.5394 452185059299.5791 404014332906.05817 354452140437.70496 303151758382.8117 192772066156.43176 130962959966.15016 60308367194.337776
1645.0002304594298 5290558459972.001 4864812370108.508 4427727483909.521 3977853151292.04 3513338714356.104 3031730087065.6084 2529590393705.076 2269297590389.7134 2001688696556.9236 1725492209379.1177 1554915676179.2131 1438847580589.2422 1260672746438.8062 1138740053949.1235 950037487717.0603 819391388262.4241 752235990880.6791 683603307118.7952 613218962610.6151 540698242398.37274 465473190539.50116 302654218957.9148 210372326062.94293 102188486425.96469
1655.0002318603997 3337477415801.1353 3063410502989.0913 2782851534798.9556 2494992237878.865 2198792340271.3586 1892852700706.1365 1575168636837.3677 1411007307902.133 1242573598594.837 1069044534545.0403 961987105583.0533 889164539714.3087 777363734748.7124 700801944406.5527 582118973425.4113 499714654667.6397 457251508687.9293 413767037445.08417 369075094471.2631 322927175692.82446 274979689941.365 171408543157.21997 113675145370.32312 49412522956.83873
1665.0002332613699 6158731968123.069 5669070309691.472 5165718487917.523 4646886328822.149 4110287728649.8228 3552891568949.499 2970463126408.965 2667993347646.5117 2356598198218.534 2034741450071.5 1835721503271.1897 1700191159840.6016 1491967631550.551 1349348207809.6377 1128419356175.009 975287033032.4084 896503828166.3339 815927194879.4465 733216693464.1709 647893744064.4265 559252628570.952 366770997486.01373 257156654226.92603 127456144866.57648
1672.0002037244697 4334652255757.03 3982346557777.8887 3621380318718.033 3250613289226.7656 2868564210798.5464 2473220970013.124 2061674461860.556 1848490772271.0557 1629309520842.5261 1402943280190.3035 1262972180550.1335 1167613468666.605 1020978311898.3292 920405949155.2916 764312103353.729 655887653056.4467 600047833212.2043 542922294689.6136 484309393801.33966 423943263258.4097 361455813803.55707 227576482908.37683 153578587945.60498 70489020141.27997
1677.0002044249497 6649983552225.299 6129075634241.545 5592879348412.88 5039292685027.678 4465610875561.015 3868215018041.433 3241995006149.257 2915799277407.395 2579134623719.8916 2230108713646.4785 2013671807615.6948 1865978182289.8503 1638543851272.051 1482372333007.5867 1239780244274.4434 1071160989522.8778 984277868701.118 895346653748.0385 804019554327.8163 709820782764.6869 612066089868.0818 400884927086.1211 281846358972.11444 142449614410.87344
1685.0002360633098 11756688120551.732 10883050041159.074 9978916219066.123 9039568407381.863 8058908770553.035 7028751246270.728 5937523433214.13 5363864275855.593 4767591310631.962 4144508112770.898 3755414441877.487 3488646458966.069 3075785971530.393 2790813891865.439 2345789814273.186 2034882764533.2422 1874243059309.132 1709561723474.4077 1540241975656.6921 1365482556105.4592 1184151183548.3796 793670071526.9497 575533941334.8416 322734968799.5379
1695.0002374642797 20340460020956.703 18932086871174.2 17469205581750.373 15941275490489.053 14334513597766.125 12630194156010.264 10801535174073.834 9828567478544.596 8807306837311.074 7727867037403.489 7046681978195.453 6576191523850.585 5842041755442.577 5330735642179.741 4524135590609.99 3954290225708.185 3657699917289.1157 3352071929432.925 3036155064574.1396 2708320483807.649 2366358567575.7383 1625491519613.032 1212163187916.0947 741908499323.6582
1705.00023886525 26318687978271.1 24378821394731.605 22397994844123.855 20360782609393.92 18248069444883.75 16034776604779.092 13685822843325.201 12444929486961.672 11147932821122.66 9782181375394.55 8922588188920.3 8329744176307.237 7405893803159.706 6763215075022.156 5750348715895.669 5035300328460.784 4663235433688.084 4279859425818.681 3883557350944.2075 3472217026246.848 3042960870891.065 2111738908076.0085 1591343990779.1267 1000289447851.7286
1715.0002402662196 25487452232884.93 23433921747533.098 21402496244417.84 19361865080593.33 17284437278316.943 15141155164146.535 12895701950059.477 11719279040432.299 10495542566142.791 9212206736122.754 8406645040939.729 7851798672425.64 6987995689043.86 6387435140380.247 5440981595762.544 4772461837126.275 4424383961115.463 4065518612030.858 3694307574182.429 3308734400338.764 2906087159385.5273 2032058944974.935 1544128218839.8394 993698309059.8206
1725.0002416671896 32480751396610.473 29935408267676.6 27404203089553.395 24848956876831.723 22235733345498.723 19527857808587.38 16678400474417.55 15180442024157.412 13618490826285.61 11976312133773.43 10943299493693.455 10230793246261.977 9119902912694.775 8346366616741.67 7125292007824.437 6261243624497.81 5810812747471.577 5345991524620.218 4864663783808.21 4364059501583.608 3840396703654.0083 2698861843226.828 2056756216758.7844 1324201223110.473
1735.0002430681595 39263922431284.47 35967889133787.625 32815141375215.47 29706377512988.855 26570977235952.65 23349453714803.664 19976945816444.965 18207875189550.926 16364231352780.967 14425403988341.877 13204744440690.63 12362041960946.723 11046454812349.16 10128836201147.83 8677022051193.705 7646724374908.701 7108483251131.731 6552140357457.875 5975006649957.747 5373587264618.268 4743160332186.56 3364670723355.865 2587713974419.517 1702201165950.474
1745.0002444691295 54540266755303.85 49674522326266.58 45171094024028.98 40828674725538.96 36507309873051.05 32100336851482.42 27505034136071.137 25097995017708.07 22590122683548.95 19952008606107.895 18290032845784.375 17141956927894.922 15348173013364.918 14095746270386.139 12111623591668.838 10701261081917.092 9963565106298.842 9200308179905.523 8407607289583.811 7580380127194.355 6711698329738.36 4804381739733.958 3722147042004.6733 2479124282155.469
1755.0002458700897 75178498460384.0 67711275083403.48 61182419967981.84 55137430123805.42 49267494497333.4 43360406140520.38 37242832198802.65 34046514966498.777 30718020060788.35 27215136667600.133 25005927798921.305 23478118469306.887 21087350928663.652 19414838250545.258 16758375656686.74 14863991313807.123 13870769273257.73 12841233675696.373 11769750502336.986 10648936171243.965 9468715782044.385 6863824251211.395 5376252010900.201 3659496083811.1523
1765.0002472710596 66796439814838.76 61501599645078.59 56415742946509.27 51384527376107.2 46288793066161.56 41021349267507.18 35460603478079.54 32519977787958.254 29434704116937.145 26163943948637.727 24089073808214.977 22648829121573.465 20386385491805.234 18797310142791.137 16262441159057.66 14446281328289.818 13491117873638.213 12498794270680.643 11463518715318.734 10377683328098.695 9230873461978.904 6685329238233.662 5220376944226.856 3515617933331.589
1775.0002486720296 76810333025443.19 69565871714451.35 63052346788726.336 56911725572629.63 50891620112198.234 44806371117600.164 38490986495244.53 35188249333178.15 31747409773807.348 28124970054279.305 25839739379985.95 24259070757583.168 21785055065430.242 20053834697921.137 17303037709666.791 15340230467795.068 14310603465895.568 13242836064073.127 12130899360343.268 10966851799874.055 9739790916229.695 7024310368120.359 5466891382409.194 3661930144479.2524
1785.0002500729997 102179659530415.4 92017863652576.64 83143127883163.56 74947519090821.77 67008509878951.84 59029209176314.734 50764361646107.95 46442038911780.7 41936042194570.125 37186923407020.64 34187272308022.723 32110530724223.266 28856630894274.85 26577023504438.867 22950192987502.43 20358787351265.312 18998297921208.496 17586659973847.184 16115902977492.818 14575576736732.896 12951411999338.25 9357555622287.111 7298075517484.638 4909762479700.153
1795.0002514739697 121876489840556.58 107388675026631.55 95640892338148.38 85472341641303.45 76062423018645.97 66860637414696.26 57476172494371.92 52604250226948.09 47542892690351.984 42221958446725.31 38865638603661.52 36543050419884.23 32904354430235.363 30354495526173.44 26294427465083.758 23389362645435.117 21862285465235.832 20276084742627.895 18621296938723.41 16885492745226.686 15051678254759.607 10978182227499.824 8632836553021.483 5908257089483.889
1805.0002528749396 129330835300350.89 116230727492208.14 104906349749194.83 94558472553095.34 84614787924547.03 74666370953046.69 64378875961384.67 58997489184954.06 53382334860222.12 47454965189242.83 43704372691015.96 41103954493600.586 37022213765553.3 34156503979129.035 29584936072280.61 26307831741036.984 24583297113968.1 22790688243360.79 20919216044389.906 18954712034735.336 16877792115686.7 12258505678718.97 9593114291694.963 6480783719872.044
1815.0002542759096 121077254159687.89 110557464887919.03 100823423320185.6 91461061139871.89 82164600966242.58 72687355225630.97 62782788690234.55 57575377511221.1 52128453487966.625 46367690989498.91 42718114307568.7 40186133482627.13 36209588427728.664 33416296449047.094 28957951402707.918 25760153279057.785 24076615896151.223 22325969089221.176 20497437818095.41 18576792362705.79 16544420026637.533 12012891084802.115 9385089460153.928 6294243478340.457
1825.0002556768798 150449228935574.44 136850020664933.47 124509873120223.73 112843566561671.12 101413172699801.78 89868404125144.66 77870749960083.77 71575528300868.45 64991236241436.05 58020130302788.05 53595825060950.53 50521200964413.8 45681602737074.81 42272538684928.48 36811475043555.805 32876640489108.06 30798200901136.41 28631384422208.125 26361708834769.188 23970073780691.41 21430235365424.4 15731628100897.918 12405703831011.918 8480146095733.663
1835.0002570778497 165845846464503.97 150787119774030.16 137189049126447.11 124364385050737.66 111797997365586.72 99084359379117.83 85842514541392.38 78883820357293.6 71599757338635.27 63883583234387.42 58985443859193.805 55581602953530.445 50224698447998.67 46452451754613.664 40412902037335.875 36064674686785.1 33769309517568.324 31377548665350.715 28873702837880.297 26237081887170.508 23439257636195.74 17170952876632.814 13518119713424.174 9204815138379.404
1845.0002584788197 121747299961106.53 112967041127354.44 104218675379867.02 95357132009820.23 86242201519465.25 76714810719081.22 66564159404132.62 61161899744263.625 55469511274268.43 49407856064834.49 45547914390091.6 42861743660969.93 38630393892779.945 35649498032632.914 30878172837729.164 27446384610786.883 25636672769327.06 23752727422014.473 21782749283540.336 19711135593626.004 17516331938933.266 12611558746345.506 9757474598387.715 6380741245363.108
1855.0002598797896 179851885027792.34 163339977135306.9 148614745640865.53 134824205555227.12 121341156526215.7 107687767835217.88 93430826387276.58 85919958456337.62 78042676561473.89 69680175952163.52 64361812349951.72 60661277321702.484 54829529817282.695 50716998742425.234 44122234949935.95 39366124359183.99 36852596665013.38 34231348329934.066 31484815405998.008 28589818946650.01 25514491776305.516 18610878471178.61 14578332448457.861 9807918534353.533
1865.0002612807598 223063914368314.53 198537397957681.72 178104104867878.0 160065239923404.9 143182469476815.78 126578482582293.34 109574516648801.81 100712956947198.28 91473876740140.42 81714935072814.16 75529383252197.48 71233087105761.7 64472390297773.68 59710160223109.77 52078788772919.9 46576079334277.586 43667377147229.9 40633043180373.16 37452113752796.65 34096851935218.496 30528974328690.56 22498632175608.8 17786858764939.504 12185623975559.012
1875.0002626817297 241366932558713.4 215815774487595.88 194269652327137.8 175057777372045.22 156949582503910.3 139055210728741.8 120661943272598.25 111050563256989.94 101009931344584.66 90380705441545.2 83629915432597.4 78934341483065.45 71533488877356.94 66311056589500.016 57924840963874.96 51863407256373.266 48654087401714.93 45302036891073.36 41783333430399.414 38066352896232.234 34107528748404.133 25173396531363.03 19916104421299.57 13648087873832.547
1885.0002640826897 264174041034120.9 235417269081741.47 211416134503408.5 190239279227084.03 170452131268600.1 151017114887195.12 131116817818269.33 120737370310765.6 109903326061412.48 98439855069185.36 91160111450316.83 86096181227175.8 78112716044469.08 72476708976626.03 63419924189916.69 56867098185486.02 53394720840216.875 49765423571351.375 45952594041738.47 41920986206992.95 37621925614829.15 27895039247080.047 22150077040787.477 15274515453572.418
1895.0002654836599 336893814074239.25 300164966815036.5 269585533306074.75 242679420368485.28 217609511845077.06 193044799227787.3 167929420399253.94 154833065124516.6 141156684537875.72 126670144300729.02 117458076921200.67 111042645111593.9 100913981320649.95 93751302771016.31 82216663457862.1 73849650588004.58 69407832127806.05 64758828447042.72 59867188159892.58 54685943532207.74 49150250488065.41 36581600593185.85 29128664495786.44 20181702599276.297
1905.0002668846298 324725543100173.4 290990546464333.25 262358729855255.53 236742605925665.56 212586301174267.5 188741590353930.53 164261327559296.34 151472532022113.66 138106580466242.16 123940965858047.7 114930267283519.22 108654242108918.56 98744678493350.69 91736357381868.14 80449336245862.12 72261048106275.3 67913701000048.516 63363179305669.01 58574599450668.414 53501667451701.9 48080301010093.0 35760965479627.12 28442969410360.676 19637590017234.195
1915.0002682855998 362405685628055.44 326507062937669.5 295609091087755.1 267566735552140.6 240794433683536.56 214111822015485.28 186511033379415.38 172023149412373.66 156838221555990.78 140703303089286.2 130421344979589.08 123252846054176.56 111924758210573.88 103908079627681.39 90992145045203.12 81621365299891.98 76646884037344.31 71440925359476.52 65964181808898.01 60164523250649.09 53969870145310.9 39911562584218.84 31576693266445.426 21559153051929.902
1925.0002696865697 362436504796363.2 333631281819046.3 306694620725137.7 280584228634177.72 254479479641187.53 227657753922117.72 199330528335423.38 184281479408819.25 168399450115999.88 151418508387108.34 140547921029987.3 132948546582980.53 120908099222280.78 112365653003290.92 98567541835271.4 88530693385873.19 83193784492869.95 77601817159309.11 71711295721647.1 65464361038364.234 58780752796723.05 43562017880094.336 34497019054899.324 23541567713576.016
1935.0002710875397 252114143758775.62 236313497033413.16 220130326589738.78 203356336442438.56 185748185090940.94 166989069315932.22 146624463722216.2 135631085318964.19 123931318111377.61 111340277142468.02 103249612572172.11 97584576848161.84 88600531711109.42 82224757173061.08 71931970723865.66 64455052111433.695 60484415913796.08 56328564231824.88 51956474588402.734 47326809834551.125 42382092142860.81 31157148680668.09 24488254970533.777 16399377401483.785
1945.0002724885098 481367505943003.9 435983420850582.6 396309021596233.44 359912165660250.2 324961184416480.06 290039087581283.1 253861864234589.44 234842700226726.28 214873840072620.9 193600610987057.62 180005183967759.12 170504525004178.4 155447585144389.03 144755011881986.2 127451627592262.88 114829209192188.53 108101891821852.6 101039705951884.8 93584129066146.61 85657287871968.9 77151160425744.67 57673270999271.75 45992668440366.95 31805705675361.08
1955.0002738894798 503510468362998.1 456375278882279.44 415098489070785.5 377143658091261.94 340606191292416.1 304014463975587.44 266033187718810.5 246042351430364.97 225041394488205.25 202660711864170.3 188356151543953.47 178360460898284.5 162521605170486.72 151276956116018.7 133088540902251.72 119829136840439.33 112765973022356.58 105354320595307.84 97533578142346.47 89223085469205.39 80310851021997.52 59924213107897.74 47709268185240.664 32879629114381.22
1967.0002450530596 659392462069309.8 591820909813169.8 534521072888185.3 483408100951086.56 435413165966902.8 388233744393087.94 339916933067866.94 314674389110604.1 288252787264099.6 260165875842492.88 242233333013153.78 229704113502578.94 209842729856684.28 195728876611115.4 172859295196552.5 156143422621391.12 147219844724866.88 137839334758048.75 127920390656802.55 117354301331346.92 105989823106186.03 79841575606488.69 64055961545812.76 44756627992329.9
1976.0003378666797 636555247159429.4 578232480194998.1 526820291858677.0 479386790748258.3 433697439570594.9 387980282285093.6 340571890744727.8 315621048965291.1 289393706223762.2 261405845433597.03 243486171069777.84 230945251462357.72 211033953360972.94 196863516754970.94 173869526036352.47 157040120573189.94 148048948309109.78 138592519045125.23 128588151908486.42 117925490774204.92 106450865340318.47 80023127440013.92 64046801159682.31 44475010031980.125
1984.0002169171196 668231486031607.2 608648044185783.2 555583059493957.6 506267398243654.1 458564964102463.2 410738483811685.9 361096878995983.9 334955446495860.44 307461502674644.2 278098337232410.7 259281036359152.3 246102119111829.9 225158164787604.8 210235682417536.72 185985199384792.38 168202795923772.28 158689140464058.22 148672069584365.44 138061072607777.47 126735167070476.77 114525671883416.55 86310258031853.3 69179883010345.59 48112572118834.95
1995.0002794933596 725482068753741.8 654889516982590.5 594020111312496.9 539011621722410.6 486894352868293.8 435354643958082.94 382330505261951.25 354540067757044.5 325385896045669.56 294316615203419.1 274434913137273.22 260521368047120.28 238424568745658.62 222689065609683.38 197126608930822.9 178385290940100.47 168358414025932.97 157800137761943.84 146614336372255.9 134672514489114.05 121795498865202.45 92017920298028.77 73917915816775.48 51610795157430.93
2005.0002808943195 738310405462306.8 666595416681918.1 604629482579207.0 548680483275831.56 495798513181922.75 443628950833333.0 390048352477314.44 361986105423623.3 332550417518349.94 301174325064654.2 281086622966143.25 267021930443378.03 244669241476167.38 228736638708305.4 202820469057114.5 183787657427274.84 173591687875906.97 162844299720231.22 151444643081949.12 139257697797883.58 126094852872796.86 95556036803261.34 76913114562501.94 53844573980481.41
2015.0002822952895 825044412183739.0 742282213179725.5 671521072184034.2 608250164227985.1 548895406632398.2 490630512166868.6 430970537162105.7 399771394247917.8 367070963127454.44 332239432151875.5 309951698818156.0 294352230166636.06 269570165363962.75 251913724345241.12 223208748689439.88 202141138156797.75 190860190903436.1 178973210417933.72 166369535866701.28 152900984039534.38 138360509613609.89 104652654140888.47 84094630453085.23 58673632903839.88
2025.0002836962597 680699616143846.9 621885111293302.2 569096114642690.0 519765233320657.5 471824416806871.2 423527499803824.75 373138498959385.5 346498330104226.94 318405088895345.06 288321228745487.75 268999982320744.06 255448972737323.47 233881425714559.75 218490300843244.7 193433863048851.97 175024013064739.72 165161317727263.88 154766177731567.38 143742305844715.34 131960759203871.69 119241298842861.25 89757906616094.66 71778343940658.92 49560159920052.09
2035.0002850972296 943327860374777.6 846781148858544.9 765231506493404.6 693009245225484.1 625666496212588.5 559753943906825.56 492319256271478.06 457045746041110.75 420054723528113.5 380619376012617.8 355362385187667.0 337671857835460.3 309543127000514.7 289481626765972.25 256824827628874.2 232819636923111.9 219951258021214.5 206379699732597.3 191975602452759.28 176565502128649.25 159906650389996.22 121184189819945.5 97481798443776.77 68059012980009.57
2045.0002864981996 1098306611021322.4 981086288312939.4 883358576284985.8 797980570586221.8 719318402333636.2 643027277132975.0 565476997436466.9 525054318569380.8 482737537277029.94 437682605140001.06 408845659855511.25 388652001653411.2 356543906600382.7 333640265788358.9 296339702185954.6 268899759090498.7 254180232811963.78 238647470225926.06 222150507289214.8 204486701608734.16 185372135302260.12 140846129677546.22 113504565636571.2 79428445405148.58
2055.0002878991695 1118032112145409.4 1008607890215189.4 914629062103515.4 830252465130523.8 750838263299510.6 672686004250468.9 592478170113992.0 550448916028105.9 506320855970252.7 459214127716577.25 429006708198664.2 407830012872499.2 374123731754712.0 350056576968024.6 310825113413235.3 281940129810342.5 266437926496892.72 250074030675532.8 232688821425851.34 214067957845223.8 193911070455765.94 146933681527350.25 118080304251075.08 82145749433752.36
2065.0002893001397 1129929304417022.0 1019625819672707.8 924829598098224.9 839683958959803.8 759517084163670.6 680590814954634.6 599549584069883.9 557068023886696.75 512454229780090.75 464817258136144.5 434263517255839.3 412841041586681.8 378738265702525.0 354383829448169.6 314676140143793.9 285433936642250.2 269737666674505.75 253167147851693.25 235560464632115.44 216700181642916.7 196281435326875.62 148676158170890.1 119404945274121.95 82854924012948.84
2074.0002295258496 1147945979435369.8 1056619154816994.6 972846680615160.2 893034382395812.6 814326183780022.1 734209932790652.8 649956238753741.8 605162708840464.8 557737532343900.0 506729346101398.8 473842907977893.56 450716595467478.3 413801236993531.7 387373530043279.06 344191789626547.56 312331096586339.56 295211963358859.3 277127641106626.47 257900189629759.1 237290178286267.8 214961295969800.16 162836429536025.97 130743149694597.61 90638188791351.17
2078.0003216389796 1496958593577006.2 1326696715595490.2 1187373521062965.0 1068163006453604.8 960472479190772.9 857717630920034.9 754557753350457.2 701164716726109.1 645467351920726.2 586314045794624.8 548495630011757.8 522017188188943.6 479901783571076.75 449832933009239.9 400780200793489.0 364601774533229.8 345153096216724.1 324593045822492.5 302709963322574.44 279218551837216.16 253717147452443.6 193912453145803.88 156838128473904.9 110158120989869.28
2085.0002921020796 1563972335982837.2 1384157226795475.5 1236754437234022.2 1111195865628611.8 998722788892523.1 892325085769566.2 786176744742219.5 731403556000578.9 674341479464354.2 613787011747076.9 575079885783886.4 547974186769732.8 504838066826458.94 474011464702859.44 423640780388168.25 386399145761717.4 366337675782049.2 345092960934122.1 322434320604806.6 298050157187075.06 271501040374129.56 208870679109504.28 169746736778099.88 120071414990443.77
2095.0002935030498 2900369346700143.5 2390210924928435.5 1978968364683668.5 1651070196852857.8 1389961854484216.0 1178664389428060.8 1000215397359061.0 918043010862610.6 837721259729712.1 756952369257664.9 707181091541689.5 673026196838864.9 619664930162194.1 582161086124392.9 521780846515665.3 477700254949021.44 454105790958740.06 429210464611302.75 402739482023221.1 374320618261878.75 343427054773475.75 270546165892066.97 224830319406810.75 166185247442147.16
2105.0002949040195 6840903263991494.0 5429325070429565.0 4239142825757020.5 3263460029927626.0 2489316629126455.5 1896562894190526.2 1456690761206544.8 1282574556224122.8 1131554254973187.0 997205815748587.1 921692283074749.6 872478131248328.6 799061993665572.1 749557229879874.4 672748908229928.9 618505981465054.8 589996727545461.2 560259818581625.94 528984592202028.3 495752000588429.6 459969495005057.44 376605544979826.8 324730596968077.3 257729606999095.78
2115.0002963049897 9422069631761468.0 7390365916888987.0 5675107025237046.0 4273152050414949.0 3171301886727866.0 2343659070994215.5 1749214941156491.0 1522097952598627.8 1330415166616212.8 1164605618048351.8 1073337991385600.6 1014529293958498.4 927647357703207.1 869542124594053.4 779985487469939.9 717072455136760.9 684088095117005.4 649728718098757.9 613628555511020.6 575293401342555.2 534021390537290.6 437684603347946.8 377315035842488.7 297855182417990.3
2125.00029770596 7756028334959008.0 6082035705530449.0 4680574903529847.0 3545207971837315.5 2660264503564308.5 1998937996605956.2 1522003985086316.0 1337000951915096.0 1177880112042804.0 1036679911823275.9 957134452631587.6 905135642474221.2 827272652040740.4 774554819591730.4 692417377224379.1 634168800294137.2 603477960599722.6 571411705695476.5 537628807590007.1 501667169920357.4 462869684421581.7 372103287153461.3 315185332701594.25 240485267649981.56
2135.0002991069196 8034996330623477.0 6353023515545332.0 4928629294842938.0 3759251854974974.0 2834033016692544.5 2131651722958411.0 1618395716733731.8 1418438977613014.0 1246937451678397.2 1095905348194947.2 1011539791653339.8 956695720802052.2 874993011715832.9 819923821098375.6 734442245301483.9 674012586973829.9 642225976599685.2 609050521304875.4 574136378141689.2 537011667738670.9 497008565857393.56 403674454533009.75 345450595403014.0 269898664264751.62
2145.0003005078897 1.1935596964069298e+16 9379138860713602.0 7199307894514563.0 5399824960187822.0 3972487650085400.5 2893262993729080.5 2118369416823279.5 1825153622230005.0 1581148833157780.8 1374397620161794.5 1262842328056440.8 1191874195290858.8 1088288557528110.0 1019777083169335.6 915216357537954.1 842415092743702.9 804438678832873.1 765011080509122.2 723725677432196.0 680037792197879.5 633181267594145.9 524627028931395.9 457438745103615.7 371111002484200.94
2155.00030190886 1.1574790647788676e+16 9079280793904450.0 6960106448363023.0 5219078498691238.0 3845546405644083.0 2812642284465851.0 2073772845193492.2 1794038423753851.2 1560372074915165.0 1360970148823661.0 1252543232555547.2 1183197195535905.2 1081444313974401.8 1013806589708124.2 910104037923529.5 837595521099477.9 799682657691820.4 760261703864630.9 718923405346474.6 675119133153801.9 628077320973048.8 518925659914102.3 451368572361021.0 365123630921054.4
2165.0003033098296 9894669421537958.0 7850476672519562.0 6110828211438694.0 4673953831349109.0 3528774381697953.5 2652370237281939.5 2007446355844928.0 1755646569903083.5 1540145090942823.0 1351479805748155.0 1246856894189513.2 1179207475792170.0 1078985940669830.2 1011796861179199.5 908004391501139.5 834925886069467.4 796559467828028.1 756557366264303.5 714492111655916.8 669788664966810.0 621636747509188.9 509364145012852.5 439538878148028.9 350190137895616.7
2175.0003047108 9974305200750072.0 7901149480904351.0 6142412132629178.0 4695951595799410.0 3549329444738538.0 2677098369990520.0 2038301320007029.0 1788957199285185.8 1574828296423142.8 1386101442457627.0 1280694971303054.5 1212220509518963.5 1110337612035516.9 1041775569176989.8 935530097208859.6 860525118862407.0 821090021818421.6 779934485915295.2 736614699571623.9 690532424958334.2 640843570352323.0 524790360704623.6 452519666862514.7 360188767544586.3
2185.0003061117695 1.5085845097885436e+16 1.1883883211674966e+16 9134412558006452.0 6848683960583193.0 5023616217663129.0 3636439570413736.5 2638975303708403.5 2263034701217803.0 1952309450384817.0 1691732987737920.5 1552548940896677.8 1464571857777771.0 1336919876360175.0 1252929672148934.5 1125272650171626.2 1036659534125809.2 990491320929895.0 942584229044219.0 892434809208895.2 839370831294712.4 782451063224333.2 650575020410391.9 569164183027731.2 466140144328673.7
2195.0003075127397 1.4459076418855344e+16 1.1425275167574808e+16 8836504201854138.0 6696106705914454.0 4993283282696398.0 3698614647139567.5 2759485840539473.0 2399455426873733.0 2096146775581556.8 1835162891716455.5 1692353102811300.8 1600673332843542.8 1465645324951815.8 1375537483735813.8 1236780864440822.0 1139274661773308.0 1088111870922561.6 1034772361421964.4 978673830887991.5 919034342282231.6 854754427445913.9 704687157186893.6 611311950485963.4 492450390372126.06
2205.00030891371 1.3599533449758634e+16 1.0801401955582842e+16 8405013621065976.0 6414369450093197.0 4821022726379968.0 3599905477096074.0 2704824483115149.0 2358251648924093.0 2064164550361903.0 1809278094694368.8 1669058125896716.0 1578780366035772.8 1445486483694115.5 1356343362846574.8 1218816926309048.8 1122016249760711.9 1071177961976441.8 1018146307046003.1 962340226265137.8 902978427379657.5 838960972360179.1 689362342904044.4 596201619222272.8 477723656221997.44
2215.0003103146796 8940151558022697.0 7190367222267390.0 5704823382273996.0 4477622414694261.0 3494668445990642.0 2731769693218584.0 2152802529792013.8 1917332437228296.8 1708082655710484.5 1516541217408244.2 1406204906553763.2 1333183993558909.5 1222603686640687.0 1146934505807530.5 1027809710864245.9 942453408074077.2 897195262939492.1 849705387562026.6 799456359747477.8 745736599157964.0 687542549328337.0 550789578738706.44 465268380018954.75 356029758730770.1
2225.00031171565 1.2650083132962348e+16 1.0143209960312082e+16 7987221931641026.0 6184874486030938.0 4728532003734637.0 3596644297792001.5 2749621899872662.0 2414490724457303.0 2125221349585294.2 1869884341172009.5 1727387478548474.2 1634895910177231.2 1497353333572720.8 1404789343788720.2 1261206110379316.0 1159644532692315.8 1106156464450212.5 1050257076042209.8 991323379876658.6 928515550577658.4 860648751850852.5 701532098700508.8 602063077819060.9 475042500307775.06
2235.00031311662 1.926921227372951e+16 1.5460482704493626e+16 1.2132220596469638e+16 9303669054112336.0 6982106577499138.0 5157105766928321.0 3792961545156131.0 3263171258635257.0 2818373913482027.0 2441949759244156.0 2240634285535219.8 2113637671536488.5 1929988220116559.5 1809607245364619.5 1627248360714026.5 1500977092233767.8 1435252070042705.8 1367078479201087.8 1295727482725127.8 1220227084179527.2 1139217866769153.2 951362742350494.9 835333105071110.2 689168605730163.0
2245.0003145175897 1.8143097377545268e+16 1.457849445708006e+16 1.1466205684190988e+16 8822939186726797.0 6653834458604400.0 4947186139255289.0 3667497644883926.5 3167894747179752.5 2746003765067258.5 2386089450620674.0 2192091554935626.8 2069077655287006.0 1890294481639478.5 1772553125474098.5 1593445476081606.0 1468951660127524.0 1404009298622905.0 1336547138064558.5 1265831694199413.5 1190881035611934.0 1110317211016695.8 922871867538491.8 806593661054879.1 659346233030660.2
2255.0003159185494 1.2422975176524116e+16 1.0108845055831654e+16 8096156537870734.0 6387830238606828.0 4979215441386326.0 3855264434777962.0 2986700844757346.0 2633838388059713.0 2324502018395734.5 2048211859780589.2 1893092579436016.0 1792190404700734.0 1641943319791259.5 1540732771256436.2 1383595309346164.0 1272332542119809.2 1213693760854407.0 1152378893542347.8 1087697717740597.6 1018718633582240.1 944125204239220.8 768941467258519.0 659100530100212.9 518014642780546.94
2265.0003173195196 1.0164975992077242e+16 8289908946645206.0 6678943627780881.0 5327269516457234.0 4222682398481018.5 3343711120813488.5 2657306583418377.5 2372094066150234.5 2115816949249123.0 1879632986939702.5 1743350887649655.0 1653224052136736.5 1516989414551194.8 1423992259895158.0 1277967348833656.2 1173555653345588.0 1118232639941431.0 1060184859706505.4 998740807665692.1 932988181957692.2 861629980943782.0 693006078695905.9 586502720282726.9 448906840500301.44
2275.0003187204893 1.240699599023678e+16 1.011113175701126e+16 8123966191331644.0 6446054400861896.0 5069402268547118.0 3974645738267890.5 3127461274763331.0 2780744266447244.0 2473787898300831.0 2195768692297295.5 2037590818253494.8 1933815017246816.5 1778017826503350.5 1672268941221402.0 1506956214781576.8 1389162571870619.8 1326852436190909.8 1261534185827555.0 1192448466842293.0 1118564347597900.1 1038417013011434.9 849081536695154.4 729498266294644.0 574880196655734.6
2285.0003201214595 1.941196989151964e+16 1.5745200182235688e+16 1.251557940554359e+16 9742197397835624.0 7434376543646431.0 5586765688730947.0 4172375227386826.0 3610752769741876.5 3131808268729055.0 2720372131705497.0 2498059982253927.0 2357124532845899.0 2152595534249315.8 2018203656039103.2 1814325137986263.2 1673000887884088.5 1599387744536648.2 1522982398253989.5 1442945425519614.0 1358149774892455.8 1267008117535507.2 1054692165533596.5 922503590802764.5 753976645904804.2
2295.0003215224297 1.3651670604473528e+16 1.1156198268022906e+16 8978002660136081.0 7121725797753490.0 5583925313448408.0 4350000262035779.5 3389990018664285.0 2997675442518042.5 2652396748009391.0 2342907478738700.5 2168768589015817.0 2055395797615914.2 1886509889468720.2 1772739693616482.0 1596149602955152.5 1471152483493407.8 1405280192566343.8 1336396075028270.8 1263712066405218.5 1186159940047170.5 1102222860417824.1 904562799707160.8 780012658497687.6 619173556775690.8
2305.0003229233994 1.9029808962126756e+16 1.5459879634258912e+16 1.2317341178943856e+16 9620247001579538.0 7376678655181737.0 5579875973473894.0 4201373347391112.5 3651686042475586.0 3180529450771783.5 2772713850554506.5 2550582634108495.5 2408933936846080.0 2202044954783709.5 2065162694027314.5 1855971436093875.5 1709835210746274.2 1633344119747442.0 1553683422811614.8 1469946168390415.2 1380911060090818.2 1284853143065045.5 1059672705883901.8 918484877094817.0 737331466255287.0
2315.0003243243696 1.5312226213310086e+16 1.2524971898518254e+16 1.0093459808811962e+16 8022153369505783.0 6306453369149856.0 4929190106174561.0 3855812145969349.5 3415852986767034.0 3027303778152779.0 2677266687647872.0 2479251234104461.5 2349815598828496.0 2156128143751084.5 2025004037107582.2 1820374187268931.8 1674696039088928.0 1597647465131483.0 1516874532019209.2 1431427418920873.8 1340017425371194.0 1240812880523161.2 1006164052026243.8 857607340867901.6 664877335667522.2
2325.0003257253397 1.4242998214793074e+16 1.1691548356196482e+16 9477169433634404.0 7598940221546888.0 6046671696525096.0 4797967868255338.0 3814332106872793.0 3404186135697853.5 3035750072989895.0 2696981330086454.0 2502061900520633.0 2373403566883435.0 2179264585881589.8 2046928829138925.2 1839321614420422.0 1690921590507732.0 1612274429050954.2 1529722436796118.0 1442286943301491.5 1348634881907652.0 1246865553023068.0 1005596384121210.6 852431929832079.0 653088432074246.0
2335.0003271263095 1.0444005371559806e+16 8792072190467783.0 7353237292496446.0 6119542955498843.0 5077391511425459.0 4206200396917230.0 3476436841849176.5 3152166963262245.0 2846416415634303.0 2551130300578905.0 2374922040374968.0 2256263334442015.0 2074086167539238.2 1948047945000539.8 1747864345079746.0 1603291053422013.8 1526269010949953.2 1445169598282286.0 1359029050955914.2 1266530211382416.2 1165789799965329.0 926268876448717.6 773786074660906.9 574560228153024.4
2345.0003285272796 5740999056195864.0 5023101154309585.0 4390621608109294.5 3834781651774479.0 3344715912513600.5 2907017267960430.5 2504863841875177.5 2310528625160091.0 2116244502280249.8 1917685150962400.5 1794157796419482.0 1708980044351440.2 1575331865131207.5 1481017315816802.0 1328526967909317.8 1216670760828878.8 1156596183671066.0 1093040683126412.9 1025254402200418.0 952214109484439.4 872459690884120.9 682499118996934.8 561622648715085.1 403561587690261.9
2355.0003299282494 1.4968073709285928e+16 1.2419114096862514e+16 1.0192587556973006e+16 8286426000921808.0 6690369360230176.0 5383293830339445.0 4329242022161093.0 3880339851861266.0 3471227149505792.5 3090008741332810.0 2868710917487643.5 2722012878966478.0 2499934305875612.5 2348185704325154.0 2109695253125222.5 1938950841982052.0 1848372022734628.8 1753224145809819.5 1652360365742420.2 1544214572178931.5 1426547099140709.2 1146773861207867.0 968248029904731.8 733923526749158.2
2365.0003313292195 7069625789552492.0 6161029560875525.0 5359707449597633.0 4656528021196292.0 4039494104796092.5 3493094901340808.5 2997179613234384.5 2760088243811356.0 2524737203687456.0 2285758356062218.5 2137742623910139.5 2035916908168217.8 1876458220345568.0 1764104143368166.5 1582640022762334.0 1449600702907497.5 1378148851046350.8 1302543456320463.5 1221878843360780.2 1134919356209704.5 1039902904228599.0 813288447669091.4 668904200368662.1 480028337179218.7
2375.0003327301797 1.0050112906164136e+16 8585440753861602.0 7307166688753408.0 6204631755674317.0 5262223749009385.0 4458225477616049.5 3763020568678236.0 3444106128753124.0 3136096727388885.0 2831230621409033.0 2645823538735381.5 2519564845080219.0 2323639718372150.0 2186698657332882.2 1967018680604874.5 1806809260186260.0 1720956996292555.5 1630201737929553.0 1533418119575234.8 1429064274512602.8 1314930062408913.5 1041633036545526.0 866244013858351.8 635229839804121.8
2385.0003341311494 4965967697250078.0 4465559825762110.5 4012492020638982.5 3599392872415317.5 3217502152187781.0 2856270180839176.0 2502539270341657.0 2323241448791323.0 2138618139510145.5 1944808055618067.0 1821895721674837.5 1736207379063120.8 1600385528581614.2 1503646326661180.8 1345946867977446.0 1229469882310215.0 1166703318148364.8 1100177766816835.4 1029119227072529.1 952472078748333.4 868730674387752.8 669350759490629.4 542799990400872.56 378419112849755.3
2395.0003355321196 6992687970565903.0 6167788570897190.0 5436165943978293.0 4787512458669052.0 4209064595215886.5 3685065525597109.5 3195739698117049.0 2956302763289663.5 2715035897378240.5 2466644967118036.0 2311261686489993.0 2203756456264954.0 2034499534475362.0 1914640092351012.0 1720124575156369.5 1576868347548319.0 1499725063747340.8 1417951624626395.0 1330547052847152.2 1236141104486598.5 1132771713476915.2 885227577839692.4 726634120102589.2 518100259158622.7
2405.00033693309 7158802265635092.0 6347284199626954.0 5624336942688168.0 4978908408037762.0 4397701376156752.5 3864677822788214.0 3360099062154871.0 3110813253605228.5 2858301352783793.5 2597287472463677.5 2433627473345068.5 2320273640438321.0 2141660455820159.0 2015095300548102.8 1809607094455499.5 1658229806770183.0 1576708089247596.2 1490293788964796.8 1397932920207527.8 1298182694139324.0 1188977091801999.2 927543021012799.0 760115005206679.2 539997847525288.25
2415.0003383340595 8858312334946595.0 7671284222609537.0 6619765357769799.0 5697397271102063.0 4894117868607141.0 4194879680304908.0 3577488845521431.0 3289707909540336.0 3008758702049508.5 2727533917374259.5 2554881621756701.5 2436587734775242.0 2251876421287711.5 2121978136224029.8 1912352949949230.0 1758634114158253.5 1676011280721532.2 1588505483907824.5 1495022080182075.0 1394058955672181.5 1283458233605977.2 1017951219812393.4 846991423933581.9 620659775350612.1
2425.0003397350297 1.8908048888262456e+16 1.5838277437675442e+16 1.3105690436218064e+16 1.0719593415940756e+16 8682319235181949.0 6985655214439788.0 5604902713314895.0 5018285094232885.0 4488154772531851.0 4000623129021599.5 3721010537852179.5 3536960965221746.5 3259945279258033.5 3071453083555286.0 2775879495070673.0 2564381220402866.5 2452123557493856.0 2334112221269927.0 2208867524397460.5 2074362241172822.5 1927683394098041.5 1576984327006862.5 1351242724385459.2 1051927641161706.4
2435.000341136 1.934604806912756e+16 1.629765113507911e+16 1.3563980091869204e+16 1.1156724891803426e+16 9081790478586670.0 7335892784772982.0 5900511514746801.0 5286650473456854.0 4730337373382277.0 4218205157152765.0 3924679827516023.0 3731689702984849.5 3441681073220054.0 3244721221652842.0 2936506009970554.0 2716398337392981.5 2599691617816798.0 2477071920518795.5 2346989933623196.5 2207318854040373.5 2054996693365400.0 1690456487136100.8 1455276438245828.2 1142358832236503.5
2445.0003425369696 2.5364980929895104e+16 2.1239852720469964e+16 1.7528079426748468e+16 1.4252463503270868e+16 1.1429182074254474e+16 9063264731783158.0 7140503872616988.0 6331996940209872.0 5611740449294187.0 4963294868072874.0 4599348039285375.0 4363357543545127.0 4013638188770050.5 3779325757628016.0 3417337010913635.5 3161887849101627.5 3027336937043669.5 2886560094761345.0 2737807695318481.0 2578682085591692.0 2405734822660293.0 1993697033284509.2 1728872928583813.8 1377783962120716.0
2455.0003439379398 2.7546197799832584e+16 2.3029083662568068e+16 1.8954861196185824e+16 1.535292772247261e+16 1.224600025908392e+16 9645046660181106.0 7540210544387688.0 6660988681309118.0 5883047301010732.0 5188762528755909.0 4802176742092686.0 4552758727103839.0 4184865364676013.5 3939405347729103.5 3561515947850445.5 3295610213937791.5 3155753906750761.5 3009552684160219.0 2855191253633880.0 2690185514839405.5 2510965549834492.5 2084324319613018.8 1810166155581338.8 1446261813325006.5
2465.0003453389095 2.1737348928928696e+16 1.8259060342905412e+16 1.5159073591872388e+16 1.2448274746440556e+16 1.012978999979287e+16 8194629308390694.0 6614218947580166.0 5939680804948080.0 5327204295310834.0 4760425605697199.0 4433501619819516.0 4217538636969950.0 3891406076497291.0 3668828710003811.5 3318874601559029.5 3067816381351580.0 2934337779846206.0 2793839566506348.0 2644514683332793.0 2483879384181385.5 2308353797167051.5 1886923996514648.8 1613983350083344.5 1248793538831638.5
2475.0003467398797 1.8691110696305804e+16 1.5782680484270884e+16 1.3187925266012456e+16 1.0915283428867216e+16 8966182160662999.0 7331162963621856.0 5983396697171137.0 5401466294501989.0 4867401733250117.0 4366707468436354.5 4074525119606962.5 3880065162088207.0 3584233926434407.0 3380903627113517.0 3059086162967112.5 2826814308221535.0 2702915513233014.0 2572232123770417.0 2433069297120915.0 2283092584349866.5 2118928207416815.2 1723678807958311.8 1466828573260444.5 1121987624650200.6
2485.00034814085 7236245407988013.0 6388165595731324.0 5651470658753564.0 5012027345285025.0 4451658861626133.5 3947696317892177.5 3472414043410481.0 3235173191298841.5 2991519634560871.0 2735079487030246.0 2571621071542957.0 2457164866671224.5 2274782838907300.0 2144105157552713.2 1929611587431081.5 1769974251649405.0 1683513156211064.5 1591536938777054.5 1492908590750643.8 1386076810483755.2 1268827667449375.2 987413932467902.9 806931012114714.0 569087843610962.0
2495.0003495418196 1.254068984765706e+16 1.0731401492148494e+16 9129149832159862.0 7732257165120368.0 6532992272072729.0 5514915331676839.0 4648837824297272.0 4258726107337305.5 3886618411670001.0 3521912641456312.5 3301119727916820.0 3150898236980926.0 2917634775909116.0 2754291761554269.5 2491451758001904.0 2299002136932651.0 2195572800586930.5 2085988869003008.5 1968823603161454.2 1842111529264143.2 1703015996807386.2 1367277688596673.5 1149115207857434.8 856377670524872.5
2505.0003509427793 2.0562467823638416e+16 1.7332284283586642e+16 1.4480330112512374e+16 1.201123404499252e+16 9919140205723604.0 8182902286938879.0 6758820544144485.0 6141410185148298.0 5569696726207942.0 5026252399186593.0 4704814785183566.0 4488974519313145.0 4157717968850028.0 3928104488199327.0 3561714824181236.5 3295178010919590.0 3152328960266489.5 3001172692749014.5 2839680623363414.0 2665054199462880.5 2473246645939362.0 2008897094202814.0 1705470974978977.2 1295724596801204.8
2513.0003825811395 7762672920614845.0 7093104589672080.0 6487592743833617.0 5931953449206866.0 5410105954235523.0 4903766093181270.0 4391357509154758.0 4124454743758781.5 3844342574051364.0 3544400250546770.0 3350977658269975.5 3214625413548572.5 2995891259083145.0 2838090669055804.0 2577114464742192.0 2381230506255415.0 2274512241071780.0 2160474575559976.0 2037567245811311.2 1903655830818867.8 1755659983156275.5 1395188012466626.2 1159080817801350.2 840641579649486.4
2518.0003832816296 5123254671112267.0 4853096211935078.0 4578966407107315.0 4296461260536347.0 4000217468379688.0 3683037334662309.5 3334164028044096.5 3142655575771903.0 2935445667369255.5 2707470520539235.5 2557629607582690.0 2450877278249115.0 2278018620505304.5 2152328370145440.8 1943219328796767.8 1785713144924063.5 1699856718593547.8 1608162837244234.5 1509478087349631.5 1402225713205284.0 1284145964981563.2 999342221887607.1 815583719004242.8 572094666511006.5
2525.0003537447196 5249461090712755.0 4917074034807090.0 4597984959526601.0 4284878508272941.0 3969580415072910.5 3642518057828444.5 3291355721377437.5 3101351324404424.5 2897466142456831.0 2674801750710666.0 2529220337573083.0 2425812268608541.5 2258824704577724.5 2137693514362791.2 1936560897744371.2 1785258961705191.2 1702808643931366.5 1614740185425899.8 1519909069050585.0 1416738877928198.0 1302950867879027.2 1027022414583616.8 847321367822942.6 606388321254375.0
2535.0003551456894 7712231514895351.0 7127759455159427.0 6578972936841310.0 6057645347237276.0 5554018313490782.0 5055962318365852.0 4547281226426992.0 4281906142130210.0 4003706227590557.0 3706487796949630.5 3515271851855729.0 3380689290756760.5 3165124519282953.5 3009807888544603.5 2753103749880088.5 2560337871457027.5 2455193216295853.5 2342675204000524.5 2221149427782693.5 2088345202315265.0 1940955868618222.2 1578282541742573.8 1337008486717101.8 1004922225872527.6
2545.0003565466595 1.076647533678436e+16 9792765133111554.0 8876164868187032.0 8013401816298617.0 7199271942937647.0 6424980576440197.0 5675059306210961.0 5301234237402277.0 4921458968049984.0 4528084702675271.0 4280991369529839.0 4109596678318500.5 3838973696179643.0 3646668856351815.0 3333074256254703.0 3100517398546124.5 2974544013031645.5 2840313739809390.0 2695904480196379.5 2538634031816333.0 2364577248538316.5 1937248930199195.2 1652754456420803.2 1260056892005353.5
2555.0003579476297 2.9595677955235956e+16 2.6239776400442936e+16 2.299850450604525e+16 1.988497668789317e+16 1.691554822676959e+16 1.4111103151242082e+16 1.1498061211805458e+16 1.027274866919088e+16 9106178604562482.0 7999739134847989.0 7363583861577876.0 6949747466113407.0 6341161167807728.0 5940424485482703.0 5338119430920334.0 4927655701071676.0 4716632753347176.0 4499713418236949.5 4274773833632854.5 4038902828315490.0 3787895387408519.0 3209944991674996.5 2850456664076327.0 2382652379101343.5
2565.0003593486 2.4450264723959652e+16 2.1547391413755092e+16 1.8797717543671508e+16 1.6212692491751606e+16 1.3804139677687016e+16 1.1583703431703068e+16 9560668400147816.0 8623770892938758.0 7734086658616530.0 6885594594300609.0 6391368824767637.0 6065467619663004.0 5577149235697310.0 5247982437579341.0 4738935190546351.0 4380676018843187.5 4192582240311951.5 3996329468131216.0 3789600869965015.0 3569175605318080.0 3330347593680507.5 2762943497693920.0 2397148297960899.5 1904538947263217.8
2575.0003607495696 3.744031984391725e+16 3.2722680567464572e+16 2.8245962493866576e+16 2.4031086013082024e+16 2.0100219480075124e+16 1.6477179367712358e+16 1.3187737166832702e+16 1.1676328854769146e+16 1.025733556955661e+16 8931075368264692.0 8178059116784796.0 7692265574953043.0 6984003168374393.0 6521666532203513.0 5832272678545730.0 5365320679722117.0 5125752901908040.0 4879590673333588.0 4624207503455106.0 4356026460248232.0 4069912922912897.0 3406872456196474.5 2990666202143229.0 2443582617906833.5
2585.00036215054 3.2913305000926576e+16 2.8714218841205476e+16 2.477251899874197e+16 2.110425205691085e+16 1.772436377749019e+16 1.4645778665064488e+16 1.1877325399551016e+16 1.060964375705096e+16 9417045762262462.0 8293500127420921.0 7647449125213477.0 7225622449076867.0 6600697736766012.0 6184598247985042.0 5549223189256461.0 5107448948606211.0 4877069570031400.0 4637723510524243.0 4386640475667725.5 4119998235975279.5 3832243730518760.0 3152864398605807.5 2717772899441215.0 2135220694474939.0
2595.0003635515095 2.8662006774857816e+16 2.507757994762706e+16 2.173506964089826e+16 1.8643216295967616e+16 1.5808336804097486e+16 1.3232754917137742e+16 1.0911405242012464e+16 9840466697923234.0 8822554855204313.0 7847650769742902.0 7276424291154228.0 6897908372858120.0 6327520947448063.0 5940626181673700.0 5338277579977243.0 4911409867843584.0 4686343310201920.0 4450839224203446.0 4202051659503187.0 3936031741319813.5 3647028019599164.5 2958091235651700.5 2513105486995938.5 1913617029644735.8
2605.0003649524797 2.16937579020244e+16 1.9133638851469196e+16 1.6776185499384092e+16 1.4619374372268802e+16 1.2656513052812308e+16 1.0873757883875832e+16 9245125255271314.0 8474776884029688.0 7721949227522529.0 6973204496522939.0 6518107550463069.0 6208856759876303.0 5730552852940048.0 5397616264353794.0 4866066995405532.0 4480249414931208.0 4273997992012636.0 4056217750788678.0 3824098333847586.5 3573735685833614.5 3299449475075449.0 2637797534538856.5 2206371441610682.0 1623498731003193.5
2615.0003663534494 1.9528194686569784e+16 1.729817012987092e+16 1.523778975532574e+16 1.3345197978335318e+16 1.1614216880207626e+16 1.0032038754700738e+16 8574684315534035.0 7880093657263265.0 7197383463830761.0 6514157356714831.0 6096736396334713.0 5812157121554369.0 5370559732359053.0 5062172530934165.0 4568239847181179.0 4208635965508055.5 4016070081492299.5 3812522724759270.0 3595356761631493.5 3360908983214918.0 3103847891831845.5 2483055987437126.0 2077784840554296.5 1529267939385327.5
2625.0003677544096 3.0090986510832924e+16 2.62937839656676e+16 2.278444700500466e+16 1.957033135145352e+16 1.6654217952294686e+16 1.403161804348655e+16 1.168515044815946e+16 1.060355598008186e+16 9571253605606594.0 8573282714802664.0 7981712090574019.0 7586139166103720.0 6983978630001817.0 6571193143643950.0 5921661396822805.0 5456543148797260.0 5209779224832825.0 4950471496369335.0 4675336721229710.0 4379802643302609.0 4057193454612638.5 3281897202872192.0 2776672706506487.5 2091154818548327.0
2635.0003691553793 6.709911058280431e+16 5.865268313026649e+16 5.052934960115504e+16 4.278394166466653e+16 3.5478679319456804e+16 2.868520021044291e+16 2.248785442345861e+16 1.9643312556532852e+16 1.6985929616783984e+16 1.4527840180966862e+16 1.3151720462700042e+16 1.2275167101749256e+16 1.1018613524062306e+16 1.021587937256007e+16 9051518241755472.0 8288632884370610.0 7905942481524352.0 7518948906459963.0 7124065641352377.0 6716451154048895.0 6289216772520335.0 5326316519146478.0 4737529220552314.0 3975929072113317.5
2645.0003705563495 9.264572097735277e+16 8.11062404012616e+16 6.993891386100557e+16 5.921672340899664e+16 4.902423378967982e+16 3.9462059988598696e+16 3.0655824263772116e+16 2.658604646479556e+16 2.277185444089647e+16 1.9242693600858644e+16 1.727467351694978e+16 1.6028475425396874e+16 1.4260157203476018e+16 1.314791739837444e+16 1.1571804710860118e+16 1.0571373228341242e+16 1.0081134066573866e+16 9593959075571268.0 9106102946577018.0 8612578644394451.0 8106506042144578.0 7010015104665746.0 6372630947898097.0 5594457601203449.0
2655.000371957319 1.324882473825899e+17 1.1687966034533106e+17 1.0157998292114398e+17 8.667463668753258e+16 7.226490433239328e+16 5.847506650008997e+16 4.546905967448596e+16 3.933091805814506e+16 3.3489751513924684e+16 2.8001879284332196e+16 2.490860575461475e+16 2.2940903772129664e+16 2.014591751470242e+16 1.8395254126442704e+16 1.59483888138068e+16 1.4436461900979546e+16 1.3713868499661992e+16 1.3010950686552852e+16 1.23246169243945e+16 1.165055212342133e+16 1.0982860617215168e+16 9630611401787804.0 8916228477458892.0 8143512660316208.0
2665.0003733582894 7.719337567152128e+16 6.787075613232053e+16 5.886296755065031e+16 5.02197498701927e+16 4.199837094200364e+16 3.4266963032698004e+16 2.7110583218333e+16 2.378137296807592e+16 2.0639651606291788e+16 1.770295560283513e+16 1.6045861245043694e+16 1.4986074120367382e+16 1.3463030846637326e+16 1.2489641849410804e+16 1.1082124640613714e+16 1.0166560532380042e+16 9710365309800808.0 9251629117037104.0 8786585107063229.0 8310151047252594.0 7815169952631645.0 6719465679344290.0 6067164539655078.0 5254077158005930.0
2675.000374759259 9.140996074000666e+16 8.02066105154783e+16 6.937173887714269e+16 5.896964616122636e+16 4.907472415621432e+16 3.977596549601087e+16 3.1185658379806612e+16 2.7201035711884164e+16 2.3453263533768404e+16 1.9967934406893636e+16 1.801306862181665e+16 1.6769124196192992e+16 1.4992690354951674e+16 1.3866071586326798e+16 1.2251990219194582e+16 1.1212969337038328e+16 1.0698624350426816e+16 1.0183598673741066e+16 9663558160070972.0 9132647269287630.0 8582614411450258.0 7367274866037230.0 6641904096619276.0 5730003031356052.0
2685.0003761602297 1.1005049525898432e+17 9.691670269082733e+16 8.412941140259286e+16 7.175907531153246e+16 5.988816351231357e+16 4.861718662772373e+16 3.807763207848206e+16 3.3137708242413916e+16 2.845772500998713e+16 2.4076234155365484e+16 2.1608916349654636e+16 2.0037312520613532e+16 1.7795626722598098e+16 1.637990657680139e+16 1.4370466306284228e+16 1.3097237190473536e+16 1.2475450508695724e+16 1.1859718467359194e+16 1.1245895919265774e+16 1.062835710548694e+16 9999271972137594.0 8653661407329562.0 7885298644377486.0 6968855063264929.0
2695.0003775611995 7.538904960828618e+16 6.631498510782268e+16 5.753944289839588e+16 4.911142374881126e+16 4.10871976643025e+16 3.35335753422616e+16 2.653430396474244e+16 2.3275825623171336e+16 2.020004775390673e+16 1.7325334029880454e+16 1.5704014188514142e+16 1.4667633754542918e+16 1.3179068346708916e+16 1.2228091077161968e+16 1.0852502890733052e+16 9956069971485268.0 9508360999564264.0 9057104749045920.0 8598239492771717.0 8126281099034825.0 7633479835194880.0 6530509950251783.0 5862821700396268.0 5011900407623554.0
2705.0003789621696 9.778106156225194e+16 8.616079083681093e+16 7.486210371319107e+16 6.394822031025436e+16 5.349179463870282e+16 4.357867529763029e+16 3.4316295377909644e+16 2.9972671813772476e+16 2.5851213195621324e+16 2.1980793634768376e+16 1.9792651215986656e+16 1.839414421515472e+16 1.6390831630156002e+16 1.5119032262254876e+16 1.3302172018299348e+16 1.2141736272830178e+16 1.1571717281877088e+16 1.1004685344007494e+16 1.0436477766048358e+16 9861392059771786.0 9271408075618610.0 7991684983077323.0 7246277680844406.0 6332603471779104.0
2715.0003803631394 6.49041230423033e+16 5.717329113955172e+16 4.972249026957002e+16 4.258995007898913e+16 3.581839934663765e+16 2.9456898198546504e+16 2.3564103870534296e+16 2.081536410639425e+16 1.8211546635628868e+16 1.5761922714680458e+16 1.4368473281587904e+16 1.347096077442402e+16 1.2168968328633246e+16 1.1326694042669154e+16 1.008897892304234e+16 9267081720180202.0 8851361382604398.0 8428560516224779.0 7994583969838255.0 7543848591422266.0 7068356931331908.0 5985160151464867.0 5314754653762115.0 4436734727084157.5
2725.0003817641095 4.649335227341463e+16 4.053739161896284e+16 3.4975340192412144e+16 2.9837593195226056e+16 2.5151992068901692e+16 2.0940564494871776e+16 1.7212207008582896e+16 1.5524216770600784e+16 1.3943699822890536e+16 1.2454108018645606e+16 1.1592295067314974e+16 1.1025311438651908e+16 1.0176066604285174e+16 9602658170184296.0 8712022554145604.0 8080710717126408.0 7747264741030540.0 7397624796558690.0 7027174059561519.0 6629467838898620.0 6195037981958212.0 5145729387128274.0 4453910391271091.0 3498681658637218.0
2735.0003831650793 6.243188973325783e+16 5.4627055036187464e+16 4.7222802828222856e+16 4.0262991014216696e+16 3.3793312570057468e+16 2.786036650353275e+16 2.250861593077238e+16 2.0061572231180652e+16 1.7768628537289544e+16 1.5624091779482342e+16 1.4401849788153636e+16 1.3609655799173454e+16 1.2446569347242118e+16 1.1680243371989108e+16 1.0523921559468004e+16 9729755504865252.0 9318513493071994.0 8893100336823865.0 8448527214365196.0 7977883011713409.0 7471061242574607.0 6273946033420767.0 5501519251546168.0 4451474935707405.5
2745.0003845660494 2.9626285011675236e+16 2.650066470699016e+16 2.356936797909613e+16 2.083325002497869e+16 1.828904695958035e+16 1.5926316123091548e+16 1.3720858813965524e+16 1.2662425409086048e+16 1.161970480573142e+16 1.0575636780608284e+16 9938061900077022.0 9503596569570162.0 8829649003037606.0 8359014450084335.0 7604731740267063.0 7054707202429136.0 6759673368682906.0 6447305393201773.0 6113321251598302.0 5751733432972990.0 5353761304488636.0 4383817939394370.0 3740927367273374.5 2850740778413468.0
2755.0003859670096 4.68310811784453e+16 4.141893563933687e+16 3.629294534606941e+16 3.1471631148993576e+16 2.6972473544028336e+16 2.2810386004515e+16 1.8993019977997516e+16 1.7210787707564742e+16 1.5505670292690434e+16 1.3864545867503962e+16 1.290073647138705e+16 1.2261826702360286e+16 1.1299654361048192e+16 1.064805532228283e+16 9636293533170074.0 8921634556030456.0 8545590355654192.0 8152575461610716.0 7737761029137438.0 7294366589210321.0 6812382758737389.0 5658020109242917.0 4903681085726282.0 3867518058378597.0
2765.0003873679793 6.7715117158776296e+16 5.962995931146757e+16 5.190120898731255e+16 4.457048410015442e+16 3.768334911203082e+16 3.1289953025930932e+16 2.5443752126827604e+16 2.274116084682922e+16 2.0189778469195452e+16 1.7785193335019536e+16 1.6406006708431788e+16 1.5508440847005296e+16 1.418528169457886e+16 1.3310112804699268e+16 1.1985455167711092e+16 1.1074116540565334e+16 1.060220748784784e+16 1.0114318182595232e+16 9604972107343842.0 9066522744965622.0 8487696326522194.0 7124317821215361.0 6245726636155079.0 5046956480349624.0
2775.0003887689495 6.983510607980988e+16 6.132394924537518e+16 5.326213954372118e+16 4.569538978226005e+16 3.867070290008547e+16 3.223438816977736e+16 2.642532438788145e+16 2.376130828953418e+16 2.125234092577047e+16 1.888313989130652e+16 1.7515970205532752e+16 1.6620376161481502e+16 1.5288231334161498e+16 1.4397360182213082e+16 1.3031344507308142e+16 1.207811837402351e+16 1.1580000936583914e+16 1.106166487649421e+16 1.0516772225132666e+16 9936380612473428.0 9307197664631042.0 7802032237507722.0 6813947620290398.0 5441379674131845.0
2785.0003901699192 3.145462754680395e+16 2.8648515510717036e+16 2.6011422565660244e+16 2.3530777301738732e+16 2.1186945729478348e+16 1.894934741333381e+16 1.6769657329558376e+16 1.5678519639819078e+16 1.456811994459553e+16 1.3417661793157906e+16 1.2695626936712002e+16 1.2195241969556302e+16 1.140591643050973e+16 1.0845421309471322e+16 9931366649463896.0 9252597382312486.0 8884231069452425.0 8490958669219729.0 8066751077917454.0 7603141988243394.0 7087661074459642.0 5808569521120758.0 4943991078672544.0 3730224149489282.0
2795.00039157089 1.113982338394229e+16 1.0580867087107032e+16 1.0004031758086976e+16 9402297128916790.0 8766064897373647.0 8081423365542322.0 7326585779491679.0 6912062690973799.0 6463671156619503.0 5970571440928150.0 5646580142039259.0 5415776876626825.0 5042001212167625.0 4770098613359700.0 4317257593823900.5 3975504915276340.0 3788870042220658.0 3589205038300905.5 3373850616474926.0 3139153881683630.5 2879858311579224.5 2249680904309010.5 1838508651608795.0 1284648248004184.2
2805.0003929718596 1.4447031838237008e+16 1.3618853659986072e+16 1.2788898923364272e+16 1.1947433896984322e+16 1.1081457129960716e+16 1.017276695573505e+16 9193962776481558.0 8665074427112681.0 8098820538802221.0 7482103326762606.0 7079754343084365.0 6794287977073841.0 6333662045788469.0 5999607508875639.0 5444529121175270.0 5026150133343221.0 4797684533419818.0 4553175620341694.0 4289243019108033.0 4001222359021285.0 3682373462144413.5 2903628402606232.0 2392243442637692.0 1699446522493078.0
2815.0003943728298 5.825775256382667e+16 5.150440938013989e+16 4.520629043011959e+16 3.937951605253424e+16 3.4032884207499916e+16 2.916214457978458e+16 2.47379976685132e+16 2.26713030226768e+16 2.067888041750083e+16 1.8731638965805292e+16 1.7566816436709834e+16 1.6783421560441002e+16 1.5583936556733644e+16 1.4756763503205152e+16 1.3446587409357302e+16 1.2501090043524174e+16 1.1996557160906172e+16 1.1463872023978934e+16 1.089549075309319e+16 1.0280774446545528e+16 9603974717392450.0 7946309026831791.0 6835308875901500.0 5274493404410021.0
2825.0003957737995 1.0105117194546642e+17 8.823738386071504e+16 7.604074380128946e+16 6.455071333168489e+16 5.386550728651168e+16 4.409227603955484e+16 3.534259183512516e+16 3.1382544809890076e+16 2.7707327560352544e+16 2.430909536412366e+16 2.2391136920226244e+16 2.1155230460830444e+16 1.9350034755719828e+16 1.816591472835727e+16 1.638590056387745e+16 1.5167845819561106e+16 1.4538571025643816e+16 1.3888647220230348e+16 1.3210451817513582e+16 1.2493280774204198e+16 1.1721240143750366e+16 9892047098157398.0 8699513528081452.0 7044982472421154.0
2835.0003971747697 8.993162125361757e+16 7.853807624052821e+16 6.772285294079422e+16 5.75693377231904e+16 4.8168565902884344e+16 3.961766066742299e+16 3.2012022241576064e+16 2.858667968906701e+16 2.5415168158831412e+16 2.2483836244068704e+16 2.0825752272462068e+16 1.975386653999172e+16 1.818011758437921e+16 1.7140293839236406e+16 1.5561541556359506e+16 1.4467545377228024e+16 1.3897260046305382e+16 1.3304285274962004e+16 1.268098655784412e+16 1.2016666795763312e+16 1.1295504377869634e+16 9563535175363724.0 8419684285120938.0 6819243943213041.0
2845.0003985757394 4.550326276474992e+16 4.02497648625688e+16 3.5426824480496016e+16 3.1042993190181484e+16 2.709648581346027e+16 2.356858680418819e+16 2.0411011958100628e+16 1.8941964467463256e+16 1.7519560202950174e+16 1.6112347022015056e+16 1.525661840411364e+16 1.4673105104733926e+16 1.3764532808906216e+16 1.3125769890549382e+16 1.209111182543444e+16 1.1325769544460432e+16 1.0910766661055884e+16 1.0467615583721862e+16 9989186277719296.0 9465431988920820.0 8881476251509103.0 7421342405154453.0 6421364415181147.0 4991686081445689.0
2855.0003999767096 1.795088530838901e+16 1.6787809554170624e+16 1.5690411965029832e+16 1.4641249166245156e+16 1.3616826670494034e+16 1.2585354494158308e+16 1.1502454432882646e+16 1.092212628300616e+16 1.0300647714524402e+16 9620754454003044.0 9174290654474336.0 8855734094200957.0 8338018756218903.0 7959319643344060.0 7323148794164241.0 6837234471235208.0 6569315348580916.0 6280414436379290.0 5965887612153175.0 5619258707160332.0 5231048462749551.0 4260021310439238.5 3601277931132680.0 2677393338290621.5
2865.0004013776793 7.538628413230331e+16 6.568717250604491e+16 5.661941172015598e+16 4.824945893269256e+16 4.064119033061485e+16 3.384896240893699e+16 2.7902146199006108e+16 2.523981633071805e+16 2.2767740435815252e+16 2.0456689087451544e+16 1.9126912339419116e+16 1.8254224737248344e+16 1.6948947676900596e+16 1.6067893875353436e+16 1.469770776823398e+16 1.3723583930483022e+16 1.3207544955529086e+16 1.2664969326102048e+16 1.208810847995418e+16 1.1466066958344618e+16 1.0782700252549392e+16 9110235649211340.0 7984773605198558.0 6386961858644593.0
2875.00040277865 1.2637748510616859e+17 1.1125432108490138e+17 9.655703786029085e+16 8.239029431438125e+16 6.888119547925366e+16 5.6188347879750696e+16 4.451477444280523e+16 3.91384388679997e+16 3.4115889779166564e+16 2.947904966972221e+16 2.6889655568260588e+16 2.524256047705663e+16 2.288214244321386e+16 2.1371673709802156e+16 1.9168693594314548e+16 1.7710521576326848e+16 1.6972486452779678e+16 1.6220626014392076e+16 1.5446795214976892e+16 1.4639846870878494e+16 1.3783589408192962e+16 1.1802817863055236e+16 1.054485638263627e+16 8839816896214186.0
2885.000404179609 1.0962655612853224e+17 9.724006808637902e+16 8.519253831670114e+16 7.354683247811498e+16 6.2376135792830456e+16 5.176835326389641e+16 4.183362673886242e+16 3.716150516735498e+16 3.27130776235092e+16 2.8508555262472972e+16 2.6108851920801836e+16 2.456025426907534e+16 2.2309437629791736e+16 2.085016344699515e+16 1.8699236154989716e+16 1.7264344297596134e+16 1.6535639807855432e+16 1.5791911724650238e+16 1.5025191177079452e+16 1.4224506569026102e+16 1.3373966369752618e+16 1.1406394240529452e+16 1.016084447690211e+16 8484398680205284.0
2895.0004055805794 1.4221801546660571e+17 1.267063645504873e+17 1.114280943056402e+17 9.645435317281088e+16 8.187118014423509e+16 6.7787158840285256e+16 5.43491907353108e+16 4.793604706642488e+16 4.177329949083778e+16 3.5906117575880004e+16 3.2549105145150176e+16 3.038596599271619e+16 2.725959615299631e+16 2.525491861337e+16 2.235756753197711e+16 2.048104792006879e+16 1.955010496424861e+16 1.861707975979305e+16 1.7674299077955982e+16 1.671108516410626e+16 1.571206016283652e+16 1.3496007616722122e+16 1.2160463803561318e+16 1.0445852195220454e+16
2910.000407682039 1.927570945494855e+17 1.720681679826173e+17 1.515587794294081e+17 1.3131518824344853e+17 1.114430595335442e+17 9.20786642786392e+16 7.341377088853184e+16 6.443124627632583e+16 5.575069794542242e+16 4.74452007107639e+16 4.268066671666048e+16 3.961002003537463e+16 3.518086381166852e+16 3.2355221468026708e+16 2.8314420418734236e+16 2.574399718480717e+16 2.44886760670658e+16 2.324683607033314e+16 2.201086326358066e+16 2.0769859576938724e+16 1.9508036980594652e+16 1.6810818136239586e+16 1.5260485337531426e+16 1.3367106475450754e+16
2930.000410483979 1.7097174867720003e+17 1.5308569620783738e+17 1.3536496691108422e+17 1.1787278867269189e+17 1.006850646631363e+17 8.389808730236717e+16 6.764642285660298e+16 5.9783085162627336e+16 5.214360773117136e+16 4.4780299496724696e+16 4.052254349121893e+16 3.776106020711247e+16 3.3746736008807664e+16 3.1161442321740644e+16 2.7421015390254584e+16 2.5008069573209484e+16 2.381821911684628e+16 2.2632895642319508e+16 2.1444381117477396e+16 2.0241533542640496e+16 1.9007969683662004e+16 1.6330496788586e+16 1.4761177314787902e+16 1.2801478655111932e+16
2950.0004132859094 1.6515003208732298e+17 1.4760038510322963e+17 1.3025345742961272e+17 1.1318032337502842e+17 9.646717869368227e+16 8.0223763003347e+16 6.4601193070238424e+16 5.708966820688181e+16 4.982829493422925e+16 4.2867523074880856e+16 3.886019587605882e+16 3.6267508351338744e+16 3.2505296529730532e+16 3.008409869203402e+16 2.657607704141948e+16 2.4302952350943804e+16 2.3176647831023496e+16 2.204968851174906e+16 2.091354861860224e+16 1.9756110995797596e+16 1.8559664279519508e+16 1.5921281133244488e+16 1.4340951189551158e+16 1.2316144618330452e+16
2970.0004160878498 1.7656445724320966e+17 1.5768796062537907e+17 1.3903325692680296e+17 1.2068093655610384e+17 1.0272929277991301e+17 8.530358740756592e+16 6.857493449781178e+16 6.054662403430301e+16 5.279736201695527e+16 4.538140613068329e+16 4.111824556872454e+16 3.836267818042344e+16 3.43681479915685e+16 3.1800263183449436e+16 2.8084394371318336e+16 2.5680104743150884e+16 2.4489929700457656e+16 2.329976094265945e+16 2.210045930180102e+16 2.087896457274169e+16 1.961611733229417e+16 1.6827458916514878e+16 1.5152934146781394e+16 1.3004097091128062e+16
2990.0004188897897 1.7584867352276768e+17 1.5737877996118022e+17 1.3910451674362226e+17 1.2109478049959928e+17 1.0343250760425138e+17 8.62228619677572e+16 6.961137796957875e+16 6.1595440884579096e+16 5.3823221945600104e+16 4.634719837675382e+16 4.2030624118015e+16 3.9232859289778376e+16 3.5166605105252908e+16 3.2546396750098436e+16 2.8747180510186364e+16 2.62845766860945e+16 2.506422014378643e+16 2.3842883189113324e+16 2.261103112030136e+16 2.135502323483857e+16 2.0054825101869144e+16 1.7175477014877658e+16 1.5436820122736724e+16 1.3181286534651294e+16
3010.0004216917296 1.7897881039800685e+17 1.5963731112581472e+17 1.4053407553616733e+17 1.2176122648314037e+17 1.0343314497413947e+17 8.569765454122392e+16 6.8756825720375064e+16 6.06709210780852e+16 5.2902827274245096e+16 4.55097903288064e+16 4.127993717362694e+16 3.85536423171097e+16 3.4610596355279476e+16 3.207907859534299e+16 2.8412502850545904e+16 2.6030079604747656e+16 2.4844864100775084e+16 2.365407848096403e+16 2.2447046133804796e+16 2.120869208861199e+16 1.991693611150041e+16 1.7010455221604486e+16 1.5216311989977974e+16 1.283427556450546e+16
3030.0004244936695 1.9458057457687955e+17 1.7450887153752934e+17 1.5454833647871472e+17 1.3477078025777565e+17 1.152663086325865e+17 9.615461558923331e+16 7.760883583164042e+16 6.8628219364999816e+16 5.9904798862499304e+16 5.15032058662996e+16 4.6649653951431064e+16 4.350369197288678e+16 3.893238785248038e+16 3.5988314957688852e+16 3.1724137546637332e+16 2.896547937967288e+16 2.760090500404075e+16 2.6237445740142284e+16 2.4864946373608384e+16 2.346874971792953e+16 2.202715323130129e+16 1.884803555228957e+16 1.693628919185636e+16 1.4465396541023766e+16
3050.00042729561 2.0447063677105546e+17 1.8341377754023725e+17 1.624683231548743e+17 1.4170986725871069e+17 1.2123450939814219e+17 1.0117201996854347e+17 8.171269979113115e+16 7.229751746391184e+16 6.3160254367722424e+16 5.437050693036432e+16 4.929812842164167e+16 4.601237119565479e+16 4.123998961944507e+16 3.816664788595814e+16 3.3712185227157036e+16 3.0825238352953276e+16 2.939455035829944e+16 2.796267177903636e+16 2.6518459140191476e+16 2.5045974152701508e+16 2.352176338335076e+16 2.0146175169586028e+16 1.810685867721309e+16 1.545715679647936e+16
3070.0004300975393 2.126452137624435e+17 1.914631465293414e+17 1.7035383877462106e+17 1.4937204512940544e+17 1.2858459966579862e+17 1.0807972471781755e+17 8.798910826342331e+16 7.816370161218206e+16 6.853881457528789e+16 5.917460497917786e+16 5.371396072686813e+16 5.015176582611682e+16 4.494120919646437e+16 4.156320079099937e+16 3.664135597520483e+16 3.3442485980728264e+16 3.185755438648847e+16 3.027326109719476e+16 2.8678770702021684e+16 2.7058183669078828e+16 2.5387735412437212e+16 2.1721949234530384e+16 1.9535943146027764e+16 1.6737954405541182e+16
3090.0004328994796 2.0171807814083846e+17 1.8139690017205674e+17 1.6125139466814893e+17 1.4134702662162867e+17 1.2176095187375243e+17 1.0258877992424091e+17 8.395975745137874e+16 7.490588361814998e+16 6.606877552888144e+16 5.749199298001136e+16 5.249249099715379e+16 4.922784760381043e+16 4.444051291699638e+16 4.132341327147276e+16 3.674970812077653e+16 3.374728590904903e+16 3.2248260454013816e+16 3.074103036612435e+16 2.9214302886506956e+16 2.7651634862889904e+16 2.6028443369442748e+16 2.241814146270052e+16 2.0232252390678908e+16 1.7403167999034908e+16
3110.0004357014195 2.2730929187450477e+17 2.0570233419499645e+17 1.8407042677242493e+17 1.624473493767097e+17 1.4087147469145126e+17 1.1939149862359448e+17 9.80841038379933e+16 8.753755562993712e+16 7.71030411400282e+16 6.683201613896454e+16 6.077897256757295e+16 5.680234981275363e+16 5.094393774094462e+16 4.7119927894642776e+16 4.1517488172603976e+16 3.7865241965899864e+16 3.605622380280805e+16 3.425071771987856e+16 3.2438640164189484e+16 3.0604675988108172e+16 2.8725478362663704e+16 2.46590130665947e+16 2.2288321815949456e+16 1.9347158932133388e+16
3130.0004385033594 2.182041622167666e+17 1.965063152479494e+17 1.7490463405666163e+17 1.5346888244185744e+17 1.3228563614984656e+17 1.1146824690123606e+17 9.117702147197123e+16 8.130084308992334e+16 7.1658759288254536e+16 6.230521424568801e+16 5.68581323614412e+16 5.3304276985303624e+16 4.809805936790617e+16 4.471169212240866e+16 3.974697406594835e+16 3.648907930680901e+16 3.4862305715092364e+16 3.3226223307756856e+16 3.1568401570672756e+16 2.987087885511166e+16 2.8106934287856492e+16 2.4181756649850096e+16 2.1803642095712876e+16 1.871903185095216e+16
3150.0004413052993 2.077689925262135e+17 1.879377294872929e+17 1.681925496252052e+17 1.4857347601919056e+17 1.291251661285763e+17 1.0990055886298304e+17 9.097117762911533e+16 8.165053359963054e+16 7.245350074927115e+16 6.341116630625366e+16 5.8077032501946344e+16 5.456534358733377e+16 4.9371614550503384e+16 4.596061816652529e+16 4.091488424948858e+16 3.757948869506491e+16 3.5908949152680524e+16 3.422674829865216e+16 3.2521134899570308e+16 3.0774688331165812e+16 2.896104504047217e+16 2.493528941438915e+16 2.2508378123138936e+16 1.9384564419567584e+16
3170.0004441072397 2.291553284654541e+17 2.0758084402985523e+17 1.8602658224334026e+17 1.6452829899311472e+17 1.4312731977387853e+17 1.2187689984928856e+17 1.0085900957724552e+17 9.047987002991586e+16 8.022490106539125e+16 7.01377761542733e+16 6.419019409229108e+16 6.027783928916156e+16 5.449884891011961e+16 5.070968490858037e+16 4.511533935576003e+16 4.142469502999598e+16 3.9578410035776024e+16 3.772073892371908e+16 3.5838915510825532e+16 3.391421913896686e+16 3.191858492164335e+16 2.7506339061520468e+16 2.4862533948992268e+16 2.1479597282173104e+16
3190.000446909169 2.0425975807778762e+17 1.85025798318555e+17 1.6584390624115142e+17 1.4675023038134298e+17 1.277868906464679e+17 1.0900770085870797e+17 9.049198543627517e+16 8.137176835636123e+16 7.237541966622037e+16 6.3537498234250424e+16 5.832830019329034e+16 5.4900254045237496e+16 4.98300646826361e+16 4.649732904414991e+16 4.1554354324258984e+16 3.826985729293146e+16 3.661675211498834e+16 3.494512415474825e+16 3.324188590268145e+16 3.1488022802673124e+16 2.9655059289089536e+16 2.5538703055958216e+16 2.3019529080557576e+16 1.9720445498170104e+16
3210.000449711109 2.2978052996880512e+17 2.0789297314659302e+17 1.8600246758349267e+17 1.6416266229232467e+17 1.4244269173221659e+17 1.2093835290339616e+17 9.97947964937239e+16 8.942745228347264e+16 7.92505720470402e+16 6.931906076750102e+16 6.3504437727015736e+16 5.969655556117989e+16 5.409441981449405e+16 5.043249618207611e+16 4.5031264399684024e+16 4.146060750408604e+16 3.9668275760364456e+16 3.7858676915040376e+16 3.601739739567596e+16 3.4123683558875464e+16 3.2146646105107144e+16 2.771213925053458e+16 2.4999635352898724e+16 2.1444863983813492e+16
3230.0004525130494 1.888488284136312e+17 1.708772662512635e+17 1.5301388069759402e+17 1.3530680919992627e+17 1.1781439378875838e+17 1.0061085277592728e+17 8.379638653044845e+16 7.557716991984162e+16 6.751205365349967e+16 5.962531926633496e+16 5.49876360208907e+16 5.193621328109912e+16 4.7415743209295e+16 4.4432468274584936e+16 3.997232313705173e+16 3.696999743156067e+16 3.544221798684768e+16 3.388333395009947e+16 3.227838518026602e+16 3.06060103124789e+16 2.8834437737818764e+16 2.4754181487277396e+16 2.2175375046094424e+16 1.867410900970638e+16
3250.0004553149893 2.6319595049872106e+17 2.3958981525012006e+17 2.1576685113386502e+17 1.9174296346429773e+17 1.6754077863082835e+17 1.4319946705526757e+17 1.1879979077110045e+17 1.0662826002306357e+17 9.452451894376678e+16 8.254876615842669e+16 7.545935992094338e+16 7.07867159141431e+16 6.387528987847691e+16 5.934059322430102e+16 5.2648105265572696e+16 4.823991406591713e+16 4.603831437271464e+16 4.382633756067353e+16 4.158938491788393e+16 3.930577158213946e+16 3.69426076240917e+16 3.1729489450172756e+16 2.8603373978073196e+16 2.457217994681304e+16
3270.000458116929 3.127630031307833e+17 2.852440979672026e+17 2.573497512832194e+17 2.290839385583714e+17 2.004550145593176e+17 1.714857487561532e+17 1.4224195662236472e+17 1.2756616319335562e+17 1.129080995010798e+17 9.833992867468069e+16 8.968691946430651e+16 8.397398142260763e+16 7.551540878621046e+16 6.996607058544995e+16 6.1793966690018456e+16 5.6438727198125944e+16 5.377796036163987e+16 5.1117037835744504e+16 4.844131404983724e+16 4.572840792818203e+16 4.2943870629006264e+16 3.689937524452147e+16 3.3351627632840824e+16 2.8880220622821976e+16
3290.000460918869 3.030934683371107e+17 2.766383950685307e+17 2.498617117038961e+17 2.2276677097683062e+17 1.9535899694430627e+17 1.676541046576062e+17 1.3970122472678267e+17 1.2566995383788581e+17 1.1164459091618e+17 9.768237087603104e+16 8.937053544208416e+16 8.38713447155739e+16 7.570571569913738e+16 7.032806607104264e+16 6.236739939370825e+16 5.711527049491261e+16 5.4492752461340104e+16 5.186029261574204e+16 4.920247151545954e+16 4.649593431756031e+16 4.370478119115255e+16 3.759559964194732e+16 3.397352306560387e+16 2.936142545379612e+16
3310.0004637208094 2.9008309483386016e+17 2.6396908649990566e+17 2.3768587606196947e+17 2.1126483296206582e+17 1.847464772162848e+17 1.5818964415063213e+17 1.3169325211258293e+17 1.1852084771763445e+17 1.054459808151425e+17 9.25225086486395e+16 8.487036531871395e+16 7.982218733150269e+16 7.234171456963398e+16 6.7419629436865864e+16 6.0123718087387624e+16 5.528917894427622e+16 5.286359938584304e+16 5.041794350337679e+16 4.793481932600933e+16 4.538845139967756e+16 4.273963487076114e+16 3.683641096643927e+16 3.324713443289578e+16 2.8547166711758496e+16
3330.0004665227398 2.954117543382812e+17 2.6930491079781085e+17 2.4295795769372355e+17 2.1638661796381296e+17 1.8961190532854125e+17 1.6266912234394224e+17 1.3563137767403064e+17 1.2212309774258142e+17 1.0866764731373416e+17 9.532194109665158e+16 8.739998301100893e+16 8.216705977960709e+16 7.440565233792846e+16 6.9296167531837464e+16 6.172321341392139e+16 5.670836965367369e+16 5.419398477287668e+16 5.16601800170699e+16 4.90892054229094e+16 4.645476039177127e+16 4.371688713998044e+16 3.762649592545488e+16 3.3929538019475364e+16 2.9081723542373188e+16
3350.0004693246797 2.885718363731287e+17 2.6282354397868534e+17 2.3685486686198915e+17 2.1069418829871402e+17 1.8438306677936566e+17 1.5798976888684368e+17 1.3163812503491184e+17 1.185453905118239e+17 1.0556618875766747e+17 9.276379618667758e+16 8.519942914874403e+16 8.021607962486222e+16 7.284010803761538e+16 6.798941000541673e+16 6.079286425506521e+16 5.600933571384825e+16 5.360102908456641e+16 5.116503255869963e+16 4.8682005965301096e+16 4.612376096968875e+16 4.344777015536796e+16 3.741773352920917e+16 3.3693341051727064e+16 2.8718272963465456e+16
3370.0004721266196 2.2123096671978752e+17 2.010187224375053e+17 1.80905481548833e+17 1.609366773144015e+17 1.4116655801843718e+17 1.216636208319406e+17 1.0251982767125538e+17 9.312079970346909e+16 8.386212168216638e+16 7.476267449776966e+16 6.938399034940321e+16 6.583061786122829e+16 6.054035212956388e+16 5.702801025449959e+16 5.173709447806582e+16 4.814235451198518e+16 4.630091016280735e+16 4.441244343610046e+16 4.245715433619645e+16 4.040660494416753e+16 3.8218155576621064e+16 3.310214391124098e+16 2.980376265476451e+16 2.5231415056043984e+16
3390.0004749285595 2.6079133852939168e+17 2.3689206551551133e+17 2.1295098140845523e+17 1.890238959084543e+17 1.6518628918838173e+17 1.4154658176378691e+17 1.1827082037077718e+17 1.068461887947096e+17 9.562004320216602e+16 8.464311786273608e+16 7.81967498253084e+16 7.396134735393109e+16 6.76982933278811e+16 6.357318725690773e+16 5.741707358624498e+16 5.327822461188298e+16 5.117264648634878e+16 4.9023936855e+16 4.681083251152241e+16 4.450292114105642e+16 4.2054719105694696e+16 3.63901190015551e+16 3.2776466074368316e+16 2.7801380061077664e+16
3410.0004777305 2.6887457598740477e+17 2.447178829142937e+17 2.2043428847776163e+17 1.96071422335177e+17 1.7169723807567978e+17 1.474144617294233e+17 1.233861017968461e+17 1.1154443161517523e+17 9.987521728444211e+16 8.843148600332787e+16 8.169545239632614e+16 7.726393034776448e+16 7.070404393880566e+16 6.638077656095543e+16 5.993035065875328e+16 5.5599508863037816e+16 5.33997517388072e+16 5.1158252323242536e+16 4.8853805351496696e+16 4.64559675765941e+16 4.391910130011333e+16 3.807872773238199e+16 3.4373599160889656e+16 2.9293630490336508e+16
3430.0004805324393 2.8463468960216672e+17 2.5964643794052557e+17 2.3445696273774e+17 2.0910142277551722e+17 1.8363363941477565e+17 1.5814172271422858e+17 1.3277795803407573e+17 1.2022106045417725e+17 1.078079588868894e+17 9.559703517823146e+16 8.839282022758565e+16 8.364719913006283e+16 7.661467167436597e+16 7.197583440243696e+16 6.505068373198925e+16 6.0400204287407464e+16 5.8038420086132824e+16 5.563241785573416e+16 5.3159838587494616e+16 5.0588555996638104e+16 4.787034626730939e+16 4.162306556403454e+16 3.7668280749882104e+16 3.225575977747508e+16
3450.0004833343696 2.97737289588039e+17 2.7215356984551485e+17 2.4623268352514493e+17 2.1998853427274067e+17 1.9345172017763904e+17 1.666874920663389e+17 1.3983283545978637e+17 1.2645037537017872e+17 1.1316644225030898e+17 1.0005455207706171e+17 9.230608044829085e+16 8.720112817669096e+16 7.964281577135245e+16 7.466765430863226e+16 6.7268986221448104e+16 6.2328318999792216e+16 5.9829832693899896e+16 5.729272103107827e+16 5.4694384826678056e+16 5.200225034238747e+16 4.916745831758635e+16 4.269635360429535e+16 3.863046910636772e+16 3.3087968465799372e+16
3470.0004861363095 3.097165000370465e+17 2.8332803217033917e+17 2.5654199392352365e+17 2.2936365555963843e+17 2.018137216159513e+17 1.739474886531186e+17 1.458968650837661e+17 1.3188386468068056e+17 1.1795352119489546e+17 1.0418867895836442e+17 9.6051226919352e+16 9.069058268450981e+16 8.275744997540197e+16 7.753995261044269e+16 6.979076245285807e+16 6.462436375196784e+16 6.201462561947036e+16 5.9366646812663096e+16 5.665703006055088e+16 5.385205860934131e+16 5.090117038868948e+16 4.417538941807323e+16 3.995795692014104e+16 3.422696071374305e+16
3490.0004889382494 3.373390954708425e+17 3.0947529251312544e+17 2.8106898198109152e+17 2.520942664494218e+17 2.225296986402796e+17 1.9237450104441978e+17 1.616882202842223e+17 1.4620191720946992e+17 1.3068298230006974e+17 1.1521213201043398e+17 1.0599897607695963e+17 9.990331878359963e+16 9.084943888024122e+16 8.487996811849003e+16 7.601220307465234e+16 7.011718256946922e+16 6.715068446614958e+16 6.415155473858165e+16 6.1096306611645944e+16 5.795051893299885e+16 5.466207550474376e+16 4.7256459209177976e+16 4.267732167738229e+16 3.6527338710045816e+16
3510.0004917401893 3.5415363539871814e+17 3.252357039720706e+17 2.95686030387259e+17 2.6546699531978637e+17 2.3454347947659152e+17 2.02899844472946e+17 1.7058343107984605e+17 1.5422819979951747e+17 1.37807558896203e+17 1.2140884236985274e+17 1.1163116018600168e+17 1.0515813075748771e+17 9.554021985810654e+16 8.919853560865238e+16 7.978262426056315e+16 7.353107344394267e+16 7.038913864600277e+16 6.721619106366074e+16 6.398819646833411e+16 6.066971582460456e+16 5.720684087876729e+16 4.943167401380697e+16 4.463881265630296e+16 3.8215428612583976e+16
3530.0004945421297 3.261230612655163e+17 2.9955655017572346e+17 2.7241735534737008e+17 2.446694936231527e+17 2.1628035107064614e+17 1.8723645123470416e+17 1.5758349938240742e+17 1.4258066216438658e+17 1.2752185142935552e+17 1.1248817818999416e+17 1.0352686469984366e+17 9.759493070332117e+16 8.878032739617318e+16 8.296581244141274e+16 7.432183320798573e+16 6.856792850927701e+16 6.566850305740986e+16 6.273332286816661e+16 5.973796773434188e+16 5.664658942029599e+16 5.340472744062052e+16 4.604806578483314e+16 4.144405515565128e+16 3.5166540638438204e+16
3550.0004973440696 3.833301346344849e+17 3.5210850086244e+17 3.200944024464673e+17 2.8723992476702726e+17 2.5350384847905552e+17 2.188740868093378e+17 1.8342344282112595e+17 1.6546644147450714e+17 1.474438638765027e+17 1.2947346261607998e+17 1.1878558812699917e+17 1.1172692682722394e+17 1.0127237596571494e+17 9.440630448883099e+16 8.425981985770672e+16 7.755712525493414e+16 7.419812475808386e+16 7.0811568772849736e+16 6.7370712684802664e+16 6.383607675320487e+16 6.014750465267047e+16 5.184209898973681e+16 4.668334232537617e+16 3.968126468298754e+16
3570.0005001459995 2.8178333338502714e+17 2.5748856969536874e+17 2.3291566530006867e+17 2.080948990769122e+17 1.830808046555952e+17 1.5797270534361194e+17 1.329524233523857e+17 1.2056917528200274e+17 1.0834431042383322e+17 9.634715859815808e+16 8.928637651762027e+16 8.464216548425875e+16 7.776626735457464e+16 7.322947251208558e+16 6.643589687808656e+16 6.183999318565839e+16 5.948788668883737e+16 5.707459660607306e+16 5.4572138620552456e+16 5.194040307324717e+16 4.911909179588866e+16 4.244222628197419e+16 3.804729082566606e+16 3.178001239692019e+16
3590.0005029479394 2.8517422788757766e+17 2.6158980651468397e+17 2.3767127938638637e+17 2.134230693055487e+17 1.888617616574956e+17 1.6402956833708755e+17 1.3902141716634429e+17 1.2650658059861402e+17 1.1403151050179307e+17 1.0164304943049158e+17 9.427144205913626e+16 8.938677029841027e+16 8.210098718033072e+16 7.72604268143236e+16 6.99737592326461e+16 6.5031747179390424e+16 6.250372752691379e+16 5.991369501604502e+16 5.7234427488628936e+16 5.442656976882235e+16 5.1430726745590104e+16 4.4416861500347e+16 3.986915485127501e+16 3.348682276330019e+16
3610.0005057498793 3.3048474128350976e+17 3.0474064806457965e+17 2.7840944686588157e+17 2.5144175509286576e+17 2.237846739446731e+17 1.953921735490687e+17 1.6625467974593683e+17 1.5142979882349744e+17 1.3647122814849642e+17 1.2143215139929029e+17 1.1240101847694134e+17 1.0638819489650101e+17 9.739076359985902e+16 9.14062749646789e+16 8.241993260830526e+16 7.636762739334394e+16 7.32937995614374e+16 7.016479658266465e+16 6.695346267957209e+16 6.362012340968185e+16 6.010458171768082e+16 5.206001663533738e+16 4.6987204809685384e+16 4.003476232127421e+16
3630.000508551819 3.354555093708335e+17 3.097710938224065e+17 2.8348951046957568e+17 2.5655283679180467e+17 2.2889556047901818e+17 2.004510923037986e+17 1.711755265493274e+17 1.562326520168763e+17 1.4111067353944242e+17 1.2585050379483301e+17 1.1665345371062333e+17 1.1051446673679306e+17 1.013028901776021e+17 9.515863188813091e+16 8.59076663187678e+16 7.96633821321469e+16 7.64892109120581e+16 7.325698513242168e+16 6.993938730262171e+16 6.6496328805290424e+16 6.286686700140573e+16 5.4576934267469784e+16 4.936868439093563e+16 4.22636142290213e+16
3640.00050995279 3.413348625049005e+17 3.150802523266829e+17 2.882311373528374e+17 2.6073474839426902e+17 2.3253395866064627e+17 2.0357584615268886e+17 1.7383669923986774e+17 1.586884843338862e+17 1.4338222225006315e+17 1.279589587678944e+17 1.1867239096114627e+17 1.1247576460333858e+17 1.0317773874358163e+17 9.697327802315912e+16 8.762213167622245e+16 8.129983842354314e+16 7.80818286686516e+16 7.480176549194523e+16 7.143165092117087e+16 6.793060361007675e+16 6.423666015731257e+16 5.5791051281670936e+16 5.048304648702373e+16 4.3245973226298536e+16
3650.0005113537595 3.9252462247915334e+17 3.625129970139877e+17 3.31723449634247e+17 3.0008038781787315e+17 2.674971291941565e+17 2.33884758352677e+17 1.9918181920200893e+17 1.8142790295151213e+17 1.634362514053286e+17 1.4526063881018797e+17 1.3430188725029256e+17 1.2698783152858558e+17 1.160203224920088e+17 1.0871502003018683e+17 9.774583307638923e+16 9.037502610669874e+16 8.664299936878573e+16 8.285548929036914e+16 7.898354145622446e+16 7.498438411583854e+16 7.079276500858156e+16 6.1326069927505624e+16 5.546158385234925e+16 4.7555050958601144e+16
3670.0005141556994 4.031203220270091e+17 3.728169113125958e+17 3.416570678572935e+17 3.0954871061985734e+17 2.7638381713945504e+17 2.4204479925331824e+17 2.0643257303171197e+17 1.8814157135111184e+17 1.6955023569092202e+17 1.507085709220758e+17 1.3931835213333882e+17 1.3170430207947053e+17 1.2027069033854933e+17 1.1264627931559006e+17 1.0119133314909149e+17 9.34955286235471e+16 8.960140871602558e+16 8.565220918569675e+16 8.161887649852131e+16 7.74583165474683e+16 7.310468532102274e+16 6.3307864761579336e+16 5.7272157457732264e+16 4.919498249286858e+16
3690.0005169576293 3.8843916280372397e+17 3.589567068619549e+17 3.2871790481885677e+17 2.9765410423316416e+17 2.6568847191265117e+17 2.327459467176826e+17 1.9878332895311648e+17 1.8143189259394224e+17 1.638657227673957e+17 1.4613545115758912e+17 1.3544903121868203e+17 1.2831576940521061e+17 1.1761222177077915e+17 1.1047286855842603e+17 9.97248361183517e+16 9.247298018687371e+16 8.878878565289074e+16 8.503975918236834e+16 8.119559831171118e+16 7.721188864899163e+16 7.302104634622282e+16 6.349199994532576e+16 5.753768211931209e+16 4.9437348077302664e+16
3710.000519759569 4.101511362530646e+17 3.7990726173283757e+17 3.487205341611661e+17 3.164804473989409e+17 2.8306131735356656e+17 2.4833375895935757e+17 2.122009593408358e+17 1.9360923688086182e+17 1.7470208175912246e+17 1.555448787221711e+17 1.4397411164579962e+17 1.3624642599829624e+17 1.2465572039526458e+17 1.169363663000471e+17 1.0535144147271904e+17 9.757187844627147e+16 9.363397337357126e+16 8.963765891833475e+16 8.555162894632837e+16 8.132957243455747e+16 7.6900693452612e+16 6.686974465632841e+16 6.061808078102522e+16 5.2108068797558056e+16
3730.000522561509 3.076015810947053e+17 2.8360191452206006e+17 2.5911415868318237e+17 2.3414041476085046e+17 2.0870575266055885e+17 1.8287687379225075e+17 1.567927355442932e+17 1.4372849249954554e+17 1.3070562796014517e+17 1.1777274756940768e+17 1.1007234556282315e+17 1.0496401204335445e+17 9.732725158923114e+16 9.223391043686062e+16 8.451612029059568e+16 7.922954325981382e+16 7.650341328022978e+16 7.369236700864658e+16 7.076323451121201e+16 6.766840101348392e+16 6.433613761556168e+16 5.640140194465882e+16 5.1140460120095624e+16 4.354371570175438e+16
3750.000525363449 3.4880093289729754e+17 3.210709614450292e+17 2.926844591644185e+17 2.636583869861819e+17 2.340377363024679e+17 2.0391653496027395e+17 1.7347672240024502e+17 1.5823402701603277e+17 1.4305437401545718e+17 1.2801483117117683e+17 1.1909201251599955e+17 1.1319358217228947e+17 1.0441991815398645e+17 9.860762600921386e+16 8.988023826753571e+16 8.396949192069262e+16 8.094542258495042e+16 7.784483897279946e+16 7.463320826869173e+16 7.126095321319447e+16 6.765361622926162e+16 5.915895877381848e+16 5.360024731349659e+16 4.567851125756157e+16
3770.0005281653894 4.174037265963603e+17 3.845828603449705e+17 3.507720787695916e+17 3.159672637315131e+17 2.8019292787070323e+17 2.4352758696583875e+17 2.06154130898903e+17 1.8731094505854883e+17 1.6846055526222778e+17 1.49709019382817e+17 1.3855851109435898e+17 1.3118354357475078e+17 1.2022172511893e+17 1.1297781281292786e+17 1.0216079898106467e+17 9.490395124515731e+16 9.122190151639678e+16 8.747279263396133e+16 8.362061176704957e+16 7.961294102215176e+16 7.537031332433498e+16 6.556208327665668e+16 5.927103297683654e+16 5.0451537063423064e+16
3790.0005309673293 4.331091124770937e+17 3.966957408338278e+17 3.595711570748266e+17 3.218129111090036e+17 2.8353456472964163e+17 2.4490352513628026e+17 2.0617591910754525e+17 1.868968372369267e+17 1.677685210574338e+17 1.4888624150338413e+17 1.377202214374322e+17 1.3035775032182936e+17 1.1944414239862542e+17 1.1224907587129133e+17 1.0152550056131867e+17 9.434164200821403e+16 9.069848745909638e+16 8.698935188964754e+16 8.317765430584246e+16 7.921018781479866e+16 7.500642181017957e+16 6.526576982586144e+16 5.899845067612391e+16 5.01897229627018e+16
3810.0005337692596 4.2500248963185235e+17 3.872039375734866e+17 3.4906614831557574e+17 3.107304442162447e+17 2.723778844767243e+17 2.3424171196969328e+17 1.9663254889312742e+17 1.7815536692096803e+17 1.5998725083021005e+17 1.4221007952779074e+17 1.3176507584012896e+17 1.24901177185401e+17 1.1475077386837638e+17 1.080656029077701e+17 9.808770713123683e+16 9.137275711083747e+16 8.795099636804166e+16 8.44523038361484e+16 8.08382820931926e+16 7.705368590273838e+16 7.301538329680597e+16 6.353469588467566e+16 5.734113383494533e+16 4.852696769016167e+16
3830.0005365711995 2.594998012384327e+17 2.3707684827938205e+17 2.148883662866281e+17 1.9304929013134822e+17 1.7169100186396637e+17 1.5095859112108083e+17 1.3099764620623835e+17 1.2134087173630234e+17 1.118991054263859e+17 1.0263784273767331e+17 9.713003242242405e+16 9.345482125358096e+16 8.788659975053869e+16 8.409142723894458e+16 7.814676708529642e+16 7.389234487972789e+16 7.1628070832821224e+16 6.9238167299451496e+16 6.668531699847653e+16 6.391643692148158e+16 6.085179259684956e+16 5.321737487267905e+16 4.7926160150578664e+16 4.0058657568694024e+16
3850.0005393731394 3.478644201434953e+17 3.140344917559262e+17 2.80579344393529e+17 2.4771423406482096e+17 2.1569714357120973e+17 1.848358299015102e+17 1.5549339684600506e+17 1.4151763508888619e+17 1.280697966209477e+17 1.1517786071328342e+17 1.0770205150726584e+17 1.0281285815881653e+17 9.558236720928766e+16 9.079007118894968e+16 8.351906694895422e+16 7.84880919980416e+16 7.586422395191182e+16 7.31309597766138e+16 7.02478441485e+16 6.715754004713789e+16 6.3774318776067944e+16 5.546828726432851e+16 4.9778645418247656e+16 4.1401071249939096e+16
3870.0005421750793 3.388768572390468e+17 3.059026117697938e+17 2.735569308347668e+17 2.420395508777982e+17 2.1156490919715715e+17 1.8235149526408374e+17 1.5460148427641152e+17 1.4132385419730834e+17 1.2845384903859432e+17 1.1597311273157954e+17 1.0864642438305834e+17 1.038121243485186e+17 9.659646381194294e+16 9.177133363478411e+16 8.43967004466707e+16 7.92693381238263e+16 7.659183873121067e+16 7.380259997720003e+16 7.086215521901282e+16 6.77143077001212e+16 6.4274960330175816e+16 5.58754233548985e+16 5.0167782354352e+16 4.183821206590884e+16
3890.0005449770197 4.0049919671772717e+17 3.6850217146270586e+17 3.358996014153125e+17 3.027542353542221e+17 2.6915108534757328e+17 2.3520291882738768e+17 2.0106065758294067e+17 1.8397932217556624e+17 1.669343762511131e+17 1.499633097726082e+17 1.3982931560817936e+17 1.3309421875596406e+17 1.23012178487717e+17 1.162861079425254e+17 1.0611352878483694e+17 9.9178586483083e+16 9.561927141705394e+16 9.196412492665486e+16 8.817397100535578e+16 8.41922497936132e+16 7.993362988964328e+16 6.992368486746067e+16 6.339488890003573e+16 5.412237974296929e+16
3910.0005477789596 4.802962210502999e+17 4.394571349771593e+17 3.983366469663226e+17 3.5703069339584454e+17 3.156426045475686e+17 2.7428302421514947e+17 2.330844052908342e+17 2.1260506825772627e+17 1.922559923125827e+17 1.7209163270999363e+17 1.601063469643842e+17 1.521684314230638e+17 1.4033356557376491e+17 1.3247379837353192e+17 1.2064648857617814e+17 1.126276643264113e+17 1.0852705929845085e+17 1.0432765898292584e+17 9.998692727685946e+16 9.544390603891632e+16 9.060690661963078e+16 7.933535127485107e+16 7.204894892194431e+16 6.173368691765156e+16
3930.0005505808995 2.4681809333360934e+17 2.2728722194552003e+17 2.0804187346604896e+17 1.8912318201932054e+17 1.7056300295814768e+17 1.5237477880746442e+17 1.3453348305220808e+17 1.2571162845223922e+17 1.1691340267586448e+17 1.0806869624343013e+17 1.0268547188872866e+17 9.903530203680462e+16 9.340983109503451e+16 8.950806523686654e+16 8.328949309708274e+16 7.876657426673123e+16 7.633826137356496e+16 7.376149277693014e+16 7.0995485583203864e+16 6.798191608788392e+16 6.463270449968163e+16 5.623974059451054e+16 5.0386519361777496e+16 4.161989593892494e+16
3950.0005533828294 4.3449042778452563e+17 3.974173005914434e+17 3.603576187831275e+17 3.234154794769355e+17 2.8670625085175338e+17 2.5036146204780643e+17 2.145424061626126e+17 1.9689322586561555e+17 1.7945530818259405e+17 1.6224666840138358e+17 1.5202397824021216e+17 1.4523896073530998e+17 1.3506824841807952e+17 1.2825005309509542e+17 1.1783196804939155e+17 1.1061673951903174e+17 1.0686808391625344e+17 1.0298305468453662e+17 9.891512566723613e+16 9.45977101333404e+16 8.992989774956002e+16 7.874371527526478e+16 7.1263592290231336e+16 6.033027295129356e+16
3970.0005561847693 2.920156792612671e+17 2.6986392949486643e+17 2.476402734142144e+17 2.2539691000161e+17 2.031905157434942e+17 1.810780693412526e+17 1.5910328058909216e+17 1.4816677562514285e+17 1.3724361986158157e+17 1.262837008973696e+17 1.1964502433166342e+17 1.1516625500841557e+17 1.0831237717235669e+17 1.0360103903878158e+17 9.617665136345659e+16 9.084691736312629e+16 8.801011763929725e+16 8.501828343741067e+16 8.182694569838574e+16 7.837224414596155e+16 7.455719535728755e+16 6.508082922585203e+16 5.850955488327041e+16 4.868016091522677e+16
3990.000558986709 5.853023761047939e+17 5.382335087011688e+17 4.903567575645608e+17 4.4170368531725805e+17 3.9229928551871405e+17 3.4215812885253926e+17 2.912998296950998e+17 2.6562674460076627e+17 2.398313673522192e+17 2.1397875146811424e+17 1.984808492667713e+17 1.8817025089379846e+17 1.7275040606121264e+17 1.624990818854512e+17 1.471128159563698e+17 1.3675494142879142e+17 1.3149568854214256e+17 1.2614276386198326e+17 1.2064973752130906e+17 1.1494906428037486e+17 1.0893863974577781e+17 9.519443142301702e+16 8.651803940956958e+16 7.449765404013374e+16
4010.0005617886495 6.263600538105025e+17 5.7620766897866157e+17 5.2523916650188384e+17 4.7347025156168806e+17 4.208962114505921e+17 3.67476629553028e+17 3.131346238516738e+17 2.85597106851142e+17 2.5782432335010922e+17 2.2985791948935696e+17 2.130202931904925e+17 2.0178759514627085e+17 1.8494815728155366e+17 1.737347057409193e+17 1.5690722326522022e+17 1.4561168334763597e+17 1.3989703776135912e+17 1.3410036292532862e+17 1.2817667035782851e+17 1.2205913541376768e+17 1.1564562940278818e+17 1.0113714278621966e+17 9.21088063439084e+16 7.980413339938224e+16
4030.0005645905894 6.23204995857219e+17 5.7295713254296314e+17 5.219426121786874e+17 4.7019041094248915e+17 4.177116398617745e+17 3.64487442104888e+17 3.1046870779105e+17 2.8315068418924845e+17 2.556408331196368e+17 2.2798261096850317e+17 2.1135102311860058e+17 2.0026366738192794e+17 1.8365225508334013e+17 1.7259582815567882e+17 1.5600768368498634e+17 1.4487187291185018e+17 1.3923659021055568e+17 1.3351874336715723e+17 1.2767323764421482e+17 1.2163311875237226e+17 1.1529612718042477e+17 1.0093847649239034e+17 9.198872533444448e+16 7.97797377689398e+16
4050.0005673925293 6.041208949447542e+17 5.5565147068073197e+17 5.064479972921115e+17 4.565359810795604e+17 4.059278979717583e+17 3.546166406051901e+17 3.025864010655853e+17 2.7631019634391014e+17 2.4988786554611782e+17 2.2337191682453008e+17 2.0745241633060003e+17 1.9684897318576688e+17 1.809707022939664e+17 1.7040119643550454e+17 1.545224978642606e+17 1.4383081446435931e+17 1.384043451345949e+17 1.3288420785327406e+17 1.272234323549002e+17 1.2135282689027734e+17 1.151668221394644e+17 1.0102415798952704e+17 9.209191647114706e+16 7.972151478053381e+16
4070.000570194459 5.905580731759908e+17 5.429942181570477e+17 4.947380688678834e+17 4.458306356468216e+17 3.9630617615989216e+17 3.4618784626506394e+17 2.954987596318874e+17 2.699618933720495e+17 2.4432992339523987e+17 2.1865502179949405e+17 2.0326149278074246e+17 1.930153305801516e+17 1.7767813059780086e+17 1.6746865879948016e+17 1.5211937490825424e+17 1.4176644859886392e+17 1.3650310164098629e+17 1.311410501584282e+17 1.2563272764944893e+17 1.199083421720172e+17 1.1386155684711331e+17 9.996789774296709e+16 9.113028862643405e+16 7.878833323847693e+16
4090.000572996399 6.665734255279907e+17 6.169410880033437e+17 5.658029470109417e+17 5.130920419995335e+17 4.587185273982589e+17 4.02557522338385e+17 3.4445630180148275e+17 3.1464011677650266e+17 2.8432085607695328e+17 2.535502034495285e+17 2.349177476859002e+17 2.2244851311610515e+17 2.0370739956018976e+17 1.912054205846711e+17 1.7243660988669354e+17 1.598550822931615e+17 1.5350251401992566e+17 1.4707126694449315e+17 1.4051497680876032e+17 1.3376362469449507e+17 1.2670896721145288e+17 1.1084071823887061e+17 1.0102168586467306e+17 8.767186002355514e+16
4110.000575798339 6.418719243768617e+17 5.978677316798427e+17 5.5193249230679155e+17 5.0390205760497466e+17 4.5358044402095776e+17 4.0073562228127526e+17 3.4511737106581504e+17 3.162059163593044e+17 2.8655801686558032e+17 2.5622207127955133e+17 2.377366917870373e+17 2.2531857001396637e+17 2.0658487387201334e+17 1.9404275130383866e+17 1.7514890026865898e+17 1.6244288920271533e+17 1.5601632254581866e+17 1.4950340198893702e+17 1.4285769231912586e+17 1.3600870380076638e+17 1.2884686980671238e+17 1.1271871089392726e+17 1.0272065905387354e+17 8.908919606078787e+16
4130.000578600279 6.587419975069064e+17 6.068978589411149e+17 5.539687014176458e+17 4.999576149819506e+17 4.448521302796597e+17 3.886218805549581e+17 3.3123667329575885e+17 3.0212559471126995e+17 2.7277994270146586e+17 2.4328285712026854e+17 2.255687554324547e+17 2.1377661572548496e+17 1.9614240437097245e+17 1.84430356588682e+17 1.668957970125752e+17 1.551436452719162e+17 1.4919903083896848e+17 1.4316679133316059e+17 1.3699695462073918e+17 1.3061535488828466e+17 1.2390811015698459e+17 1.0861937457791229e+17 9.896631354266094e+16 8.553418856786866e+16
4150.000581402219 6.629021479871162e+17 6.097461000828438e+17 5.555723167572709e+17 5.004058543290132e+17 4.442656198945497e+17 3.8716527644228717e+17 3.291410366206098e+17 2.998273238663764e+17 2.7037957975701856e+17 2.409031661514622e+17 2.2327129098828826e+17 2.1156666173630067e+17 1.9411649527281862e+17 1.825635641467999e+17 1.6532119161083536e+17 1.537956969524966e+17 1.4797206016789184e+17 1.4206458368304283e+17 1.3602192565667083e+17 1.2976799973771008e+17 1.231858917643619e+17 1.0811191038079635e+17 9.850987464359037e+16 8.499514427902123e+16
4170.000584204159 6.690819821205129e+17 6.159564782016404e+17 5.618080097192265e+17 5.066469526714983e+17 4.50472568081591e+17 3.9327020474420666e+17 3.350350994615817e+17 3.055560600609324e+17 2.7588823282879504e+17 2.461215091602562e+17 2.2827397351967286e+17 2.1640561516963434e+17 1.9867686890740896e+17 1.8691479511749462e+17 1.693220173365729e+17 1.5753773459621232e+17 1.5157670688347504e+17 1.455259442296785e+17 1.393332352342389e+17 1.3292094270228216e+17 1.261695337199165e+17 1.1070221518539446e+17 1.0084989522373514e+17 8.698804070451552e+16
4190.000587006089 6.39409525567502e+17 5.88573679531499e+17 5.3691002632743686e+17 4.8444829126856736e+17 4.31209555350547e+17 3.772020535355432e+17 3.2243889019306086e+17 2.947983216911322e+17 2.670264512578513e+17 2.3918974326067152e+17 2.2249769087135472e+17 2.1138885466469456e+17 1.947664426426007e+17 1.8370770024278096e+17 1.6709394275156426e+17 1.558967061240779e+17 1.502059946090624e+17 1.4440883120830106e+17 1.3845227594463405e+17 1.322581349787493e+17 1.2570646640988003e+17 1.1058344014645762e+17 1.0087985705652235e+17 8.71702088382737e+16
4210.000589808029 6.537431049732133e+17 6.030241908032923e+17 5.514172115594099e+17 4.9891933559389184e+17 4.4550420580135475e+17 3.9110255538863635e+17 3.356072965481818e+17 3.074180082535559e+17 2.7893581195234778e+17 2.5019281227309366e+17 2.328497042674552e+17 2.212594180709522e+17 2.0384370912952272e+17 1.9221136780046877e+17 1.7468034577042406e+17 1.628430155667871e+17 1.5682639107047738e+17 1.507004706823469e+17 1.4441289417447885e+17 1.3788582499679922e+17 1.3099963133738776e+17 1.1520834265186514e+17 1.0518397641074483e+17 9.120586293566578e+16
4230.000592609969 6.276867348305603e+17 5.804186891232081e+17 5.323133891715636e+17 4.8334572923431776e+17 4.334608186269333e+17 3.825499692754902e+17 3.304448042096035e+17 3.038822322012754e+17 2.7695470193286486e+17 2.4966235647079786e+17 2.331209901395114e+17 2.2202862860691082e+17 2.052932913492065e+17 1.9406222251961814e+17 1.77039429759808e+17 1.6546930188900877e+17 1.5956261991456877e+17 1.5353019567569315e+17 1.4731938683141962e+17 1.4085256964639586e+17 1.3401106558470309e+17 1.182747618696798e+17 1.082781667189941e+17 9.437448084097566e+16
4250.000595411909 6.434352319329444e+17 5.939401514618994e+17 5.436950131690993e+17 4.927159745011256e+17 4.4099987943000723e+17 3.8850213117271034e+17 3.3513333153455635e+17 3.080874732377425e+17 2.8078905222943936e+17 2.5324332352349955e+17 2.3660458546360925e+17 2.254678557140123e+17 2.086911571265372e+17 1.9744448488857725e+17 1.804058533497878e+17 1.6882294503958634e+17 1.6290729713961523e+17 1.5686326971906144e+17 1.5063746598102947e+17 1.441512600367061e+17 1.3728445068942878e+17 1.2146861911482779e+17 1.1140712733296434e+17 9.739891102285194e+16
4270.000598213849 6.044529855170979e+17 5.5778864824051635e+17 5.106011678001895e+17 4.629328973505354e+17 4.148079727842885e+17 3.662241341735303e+17 3.171456007805507e+17 2.924038822689493e+17 2.6751981534621267e+17 2.424907620301547e+17 2.273999341073204e+17 2.1730327188268563e+17 2.0208390511388656e+17 1.9186104736295414e+17 1.7630763158336618e+17 1.6566103015517827e+17 1.6019201927532493e+17 1.5457809472343514e+17 1.4876446366992048e+17 1.4267121188909914e+17 1.3617671505984349e+17 1.2103134021318622e+17 1.1124925416776096e+17 9.742096882671462e+16
4290.0006010157895 5.4852645800514176e+17 5.0661306623577434e+17 4.643604378580386e+17 4.2179693317309734e+17 3.789269815730129e+17 3.357205221521376e+17 2.921048631143267e+17 2.7010992578900662e+17 2.4796893251493712e+17 2.2566266162627267e+17 2.121854641968443e+17 2.0315179320482678e+17 1.8950060893292403e+17 1.803007953019532e+17 1.6623865009211168e+17 1.5655191176598256e+17 1.5155140560204285e+17 1.463981582764392e+17 1.4103746887825763e+17 1.3538975018565979e+17 1.2933392995234755e+17 1.1504889904644912e+17 1.056935185213413e+17 9.232367839375302e+16
4310.00060381772 4.5394313079293114e+17 4.2009566178645325e+17 3.86271670270968e+17 3.524906349263395e+17 3.187424610086925e+17 2.8496898543885885e+17 2.510400360458991e+17 2.339478878194963e+17 2.167135821568895e+17 1.9927078854527542e+17 1.8866172327727344e+17 1.8150674829322774e+17 1.7060463298343174e+17 1.6317924075847958e+17 1.5167026399658835e+17 1.4360379128889533e+17 1.393877682430316e+17 1.350023171877352e+17 1.303936565524264e+17 1.2548372077741872e+17 1.2015362230442917e+17 1.0729878612608261e+17 9.866511712229414e+16 8.60618683567798e+16
4330.000606619659 6.665875001152835e+17 6.195654239353426e+17 5.7108503137248966e+17 5.210803620335788e+17 4.694635434014494e+17 4.161153087802591e+17 3.60896554109319e+17 3.32548024638127e+17 3.0370343439003046e+17 2.743858032567613e+17 2.565880900617236e+17 2.4464420887526934e+17 2.266127892483314e+17 2.1450455269753104e+17 1.9613966069157168e+17 1.836467303743525e+17 1.772652753839573e+17 1.707454387926174e+17 1.6403040748177398e+17 1.570364344673653e+17 1.496353335521804e+17 1.3260378075182093e+17 1.2177157024062453e+17 1.0665840398760624e+17
4350.0006094216 6.372293720878958e+17 5.939033757362469e+17 5.4891812355403885e+17 5.021865946275683e+17 4.5363049402469274e+17 4.0318130238715034e+17 3.508169496195349e+17 3.2393779799097914e+17 2.96629772372754e+17 2.68940295822228e+17 2.5216536752183837e+17 2.409186317252543e+17 2.239429235147614e+17 2.1253258214307158e+17 1.9517394987980534e+17 1.833017921717515e+17 1.7720963362660746e+17 1.7096266712011552e+17 1.645027713330393e+17 1.5774518778915277e+17 1.5056086212009222e+17 1.3389772952721851e+17 1.2320723724134922e+17 1.0817292912175568e+17
4370.000612223539 7.117248463934968e+17 6.587449435043412e+17 6.046405214468326e+17 5.494022711964775e+17 4.9300399198550835e+17 4.3538460093993286e+17 3.7644846168086125e+17 3.4645963002795104e+17 3.1612432361559334e+17 2.854663196455673e+17 2.6693530630600128e+17 2.545312469265063e+17 2.3584981546396586e+17 2.233327052697122e+17 2.0438396149067555e+17 1.9151458342057334e+17 1.849460894247207e+17 1.7823826557674048e+17 1.7133257526216234e+17 1.6414296608290653e+17 1.5653802123056954e+17 1.3904973324232112e+17 1.279336892814873e+17 1.1241375337217488e+17
4390.000615025479 6.505480675707485e+17 6.017614324332554e+17 5.5223552017161875e+17 5.019887117316965e+17 4.510253005977337e+17 3.9931742778772326e+17 3.4680465689582925e+17 3.2022321033689395e+17 2.9341605105805734e+17 2.6637996650681152e+17 2.5004496099800067e+17 2.3910223771084224e+17 2.2258768997798032e+17 2.1148214402211024e+17 1.9456779865293267e+17 1.8297827408215027e+17 1.7702166212360826e+17 1.7090511763303616e+17 1.6456896425484854e+17 1.5792600773354973e+17 1.5084334049546707e+17 1.3431346729285432e+17 1.2361805469635208e+17 1.0845822229051754e+17
4410.00061782742 7.036398230786559e+17 6.520806836622714e+17 5.993767443279316e+17 5.4549258924519917e+17 4.903626382712942e+17 4.338860651648456e+17 3.759352380069637e+17 3.463748805603232e+17 3.164276963549425e+17 2.8612310047711805e+17 2.677900091994289e+17 2.555117011888923e+17 2.3700691193552314e+17 2.245951402642407e+17 2.0577091551314528e+17 1.929476184129197e+17 1.8638580322748925e+17 1.796707259693505e+17 1.727411484102201e+17 1.6550774023923597e+17 1.5783465351070902e+17 1.4010488395678491e+17 1.2877985324676814e+17 1.1292558472055467e+17
4430.000620629359 7.470602870317381e+17 6.942337292494577e+17 6.399712502346286e+17 5.841694501364626e+17 5.2667109952404154e+17 4.6725363111124704e+17 4.0562121954779654e+17 3.73875130484778e+17 3.414709839120724e+17 3.0840887067034144e+17 2.882696585707787e+17 2.7472490683331402e+17 2.5423480718232138e+17 2.4045127016993466e+17 2.1952175819484086e+17 2.0528219910518957e+17 1.9801335106738752e+17 1.9059361367914323e+17 1.8296211694691366e+17 1.7502895051865232e+17 1.6665653289981795e+17 1.4751334879080086e+17 1.3545243678825035e+17 1.1877015675998386e+17
4450.00062343129 7.407152229255962e+17 6.888695576692713e+17 6.356212468479204e+17 5.808522811935005e+17 5.243852673115426e+17 4.6595551267299104e+17 4.051955932420163e+17 3.738081957859552e+17 3.41687042364527e+17 3.088151199329008e+17 2.887403998310369e+17 2.752175172300899e+17 2.5473035727170093e+17 2.4093130449595696e+17 2.199593403735069e+17 2.056839639925828e+17 1.9839629483980915e+17 1.9095747258700586e+17 1.83306806687473e+17 1.7535438250708106e+17 1.6696260102046074e+17 1.4778288598111866e+17 1.357108953637869e+17 1.1904019207064794e+17
4470.000626233229 7.820597957590116e+17 7.280773216621441e+17 6.7249177778388e+17 6.151603140922033e+17 5.5586719314361766e+17 4.9428933806932915e+17 4.299718164597143e+17 3.96611410393135e+17 3.623579362287701e+17 3.2716815433801376e+17 3.056049323958093e+17 2.910482916462504e+17 2.689518639768889e+17 2.540466003251263e+17 2.3138292442427043e+17 2.1597265636090288e+17 2.08119354141101e+17 2.0011744813481987e+17 1.9190657684661165e+17 1.8339620438148163e+17 1.7444697679662368e+17 1.5413791456706906e+17 1.41474774619225e+17 1.2414587328734226e+17
4490.000629035169 7.93322444177669e+17 7.391187376601646e+17 6.83271514535368e+17 6.256206469248774e+17 5.6593309508212006e+17 5.0386136425691117e+17 4.389204876585326e+17 4.0518888751224275e+17 3.705184940941026e+17 3.348599989112449e+17 3.1298742759230816e+17 2.982113066728171e+17 2.7576400926266506e+17 2.606090311749998e+17 2.3754405513084864e+17 2.218464807235276e+17 2.1384283685367686e+17 2.0568556357910912e+17 1.973134695972877e+17 1.8863487071604346e+17 1.7950834752403952e+17 1.5879978304571686e+17 1.45892124837954e+17 1.2823273075130485e+17
4510.000631837109 8.703993637668366e+17 8.118617411597117e+17 7.513386699756997e+17 6.886139770845298e+17 6.233783635363802e+17 5.5517930195032614e+17 4.833814283327407e+17 4.4588699826591616e+17 4.071978033219405e+17 3.6724765573585805e+17 3.4267109449993517e+17 3.260435780001859e+17 3.007592684369604e+17 2.8368555855275088e+17 2.577317890545366e+17 2.401217669929663e+17 2.311707166181535e+17 2.2207310988851325e+17 2.127676483277852e+17 2.0316138940267267e+17 1.9311039335546e+17 1.7054473143138586e+17 1.566868550889865e+17 1.3802142211819774e+17
4530.000634639049 7.909983080467638e+17 7.378356440553974e+17 6.830102495505741e+17 6.26345307957235e+17 5.6758069228722266e+17 5.063302682777181e+17 4.4203742581418765e+17 4.0853036043293754e+17 3.739932624912041e+17 3.383537913872234e+17 3.16428448107402e+17 3.015882425183464e+17 2.789995873672187e+17 2.6371997469325104e+17 2.404244678054239e+17 2.2454527372822106e+17 2.1644251835570282e+17 2.0818029184339914e+17 1.996968674180818e+17 1.90899595598589e+17 1.8164553226570112e+17 1.6064431658101978e+17 1.4755894822122413e+17 1.2966784297611312e+17
4550.0006374409895 8.205151741727828e+17 7.65565113090223e+17 7.088185618981475e+17 6.500808082333477e+17 5.890690014657875e+17 5.253807318726647e+17 4.5844880547649024e+17 4.235511149503211e+17 3.8758337770290406e+17 3.5048445243718163e+17 3.276752978978664e+17 3.122444269068416e+17 2.88769828184658e+17 2.7290069534427296e+17 2.4872275690623507e+17 2.3225486557923632e+17 2.2385635916874256e+17 2.1529632568721085e+17 2.0651165876206538e+17 1.974076281144495e+17 1.878380587256535e+17 1.6615245942772448e+17 1.5266240013465987e+17 1.3423114832086416e+17
4570.000640242919 8.726241827589169e+17 8.145773834392379e+17 7.545472622865614e+17 6.923148614214706e+17 6.275600083261015e+17 5.5981651836448083e+17 4.884308274797062e+17 4.511194204838545e+17 4.125902702056989e+17 3.727703055660253e+17 3.482510574451983e+17 3.3165014216994246e+17 3.0638177687985856e+17 2.8929763594077626e+17 2.632833573040996e+17 2.4559166944965782e+17 2.3658337824856278e+17 2.274149988035247e+17 2.1802276441705043e+17 2.083101913577503e+17 1.981279575025716e+17 1.7517972045576512e+17 1.6101106471015267e+17 1.4180174755148318e+17
4590.000643044859 8.27511854105495e+17 7.729026886584704e+17 7.164990876061418e+17 6.580941985240531e+17 5.97399197618565e+17 5.339804246930003e+17 4.672240165463728e+17 4.323513065956184e+17 3.9634290982558515e+17 3.591102913629686e+17 3.3616223390783763e+17 3.2060898628367776e+17 2.968997909829172e+17 2.8083649273996058e+17 2.5630473246281904e+17 2.3955525633165642e+17 2.3100070094015277e+17 2.2227322987517296e+17 2.1330814779713862e+17 2.040082797497717e+17 1.9422372542674906e+17 1.7202381825768256e+17 1.5820745805602294e+17 1.3935631657180136e+17
4610.000645846799 8.509643710980503e+17 7.950781873081051e+17 7.372811279410977e+17 6.773549336563268e+17 6.149863950449716e+17 5.4971940229644704e+17 4.809102253755679e+17 4.4492722175569446e+17 4.077530891114715e+17 3.6930662287680435e+17 3.4561337071356224e+17 3.295596271265472e+17 3.050995084547124e+17 2.8853912620478534e+17 2.632737378592427e+17 2.460470361863122e+17 2.3725816224045376e+17 2.2829939350120986e+17 2.1910601943150416e+17 2.095807599105632e+17 1.995734099539539e+17 1.769321305726763e+17 1.6289002754071258e+17 1.4378132780016774e+17
4630.000648648739 8.423343269610277e+17 7.870910099412421e+17 7.299600919543506e+17 6.707300296131585e+17 6.090891752868507e+17 5.445969415542969e+17 4.766465838406554e+17 4.411456307125742e+17 4.04505229632779e+17 3.6666227942256845e+17 3.433717466983364e+17 3.276049379496187e+17 3.0360268071332026e+17 2.8736381411813942e+17 2.6259585875913965e+17 2.4570125291837443e+17 2.370752046629777e+17 2.282753243663573e+17 2.1923549166095754e+17 2.0985685899043446e+17 1.999871304232025e+17 1.7757569059933446e+17 1.635989985725074e+17 1.4445461117859146e+17
4650.0006514506795 8.524265187548133e+17 7.967578937522993e+17 7.391555282079916e+17 6.793911364836813e+17 6.171480436469187e+17 5.51967875188517e+17 4.832199308791312e+17 4.472655828107025e+17 4.10127468089153e+17 3.7173419707310835e+17 3.480853421199205e+17 3.3206788839296614e+17 3.076724118077019e+17 2.9116098257994714e+17 2.6597277530822387e+17 2.4879327790741555e+17 2.4002413633858992e+17 2.3108075140397418e+17 2.2189693042483242e+17 2.1237330661503338e+17 2.0235671775657046e+17 1.7963937486956704e+17 1.6549636568542826e+17 1.4615772378894384e+17
4670.000654252619 8.766273397405466e+17 8.195465442162848e+17 7.604422171611725e+17 6.990776411795073e+17 6.351122766573468e+17 5.680677024436772e+17 4.972809835260266e+17 4.6023499100145786e+17 4.2195599003021274e+17 3.8237742537152723e+17 3.5800161310933536e+17 3.414954937993599e+17 3.1636610315658106e+17 2.9936833403022624e+17 2.7345945709670394e+17 2.5580671598253744e+17 2.4680241317614944e+17 2.3762390725699456e+17 2.282037653300837e+17 2.1844070888530157e+17 2.0817858609373178e+17 1.849259145948701e+17 1.7045832583367514e+17 1.50666144778076e+17
4690.000657054549 8.617628880623131e+17 8.062016704941445e+17 7.486409124634163e+17 6.888397618236079e+17 6.264596843841952e+17 5.610237099981096e+17 4.918790547867545e+17 4.55669785502936e+17 4.182374166560781e+17 3.7951142543127744e+17 3.5564472102000384e+17 3.394745520227005e+17 3.148382683763759e+17 2.981578389094988e+17 2.7269892559680224e+17 2.5532230256968592e+17 2.464471920501463e+17 2.3739117405056915e+17 2.280863044097248e+17 2.184305808847757e+17 2.0826688463016557e+17 1.851747653408013e+17 1.707550418493252e+17 1.509519674968838e+17
4710.000659856489 8.319744167865786e+17 7.792258624282853e+17 7.245393337869815e+17 6.676815456191374e+17 6.083169019775862e+17 5.4597766497300166e+17 4.8003477030002726e+17 4.4547374335855706e+17 4.097246739525601e+17 3.727110943106369e+17 3.498800166197006e+17 3.343987181147531e+17 3.107836419625988e+17 2.9476755025847955e+17 2.7026013258652816e+17 2.5347323962542544e+17 2.4487546477073754e+17 2.360836018206706e+17 2.270284592380686e+17 2.1760726486332176e+17 2.0766207438165085e+17 1.849532230799514e+17 1.7069045671034896e+17 1.5100066158121587e+17
4730.000662658429 8.755955923976151e+17 8.194556806451141e+17 7.612931168674953e+17 7.008620792418746e+17 6.378157620796892e+17 5.716621446157502e+17 5.0173272247571104e+17 4.650978360842897e+17 4.272131081703156e+17 3.880022602329601e+17 3.638263163296896e+17 3.474405919713142e+17 3.224642180363246e+17 3.0554339359191795e+17 2.796968430638914e+17 2.6203785017189315e+17 2.5301217955935683e+17 2.4379798283503757e+17 2.3432570319564253e+17 2.2449151676908854e+17 2.1413538455254128e+17 1.9059589428479302e+17 1.758973827895727e+17 1.5571985971950384e+17
4750.0006654603685 8.917418073399201e+17 8.354076717140498e+17 7.769815529199492e+17 7.162021175510259e+17 6.526896106231741e+17 5.859060079815912e+17 5.1510403495358035e+17 4.779069885460256e+17 4.3934875466544083e+17 3.993290913952623e+17 3.745933469602987e+17 3.5780008861514925e+17 3.321593141153058e+17 3.1475981129334246e+17 2.881431574183899e+17 2.699375672640962e+17 2.6062869655912688e+17 2.511245309701066e+17 2.4135504743745878e+17 2.312156736950921e+17 2.205455530549643e+17 1.963506053947143e+17 1.8131662469499734e+17 1.608228139878555e+17
4770.000668262309 8.952249351883892e+17 8.391286674971314e+17 7.809194756365577e+17 7.203087680877482e+17 6.569086110200321e+17 5.901544803832035e+17 5.192802832324149e+17 4.819955561824033e+17 4.433066945682216e+17 4.031082162601932e+17 3.782373593038688e+17 3.613418019024525e+17 3.355273930609321e+17 3.179988392244104e+17 2.9116663083386643e+17 2.7280243321532163e+17 2.6340936984878173e+17 2.538174253471823e+17 2.439560525109614e+17 2.337199791117679e+17 2.2294728868625046e+17 1.985228525099474e+17 1.8335560949613264e+17 1.6270529390002394e+17
4790.000671064249 8.948867433538444e+17 8.389786709960351e+17 7.809302117377748e+17 7.204610805872124e+17 6.571848503428201e+17 5.905453532984968e+17 5.1978483738685504e+17 4.825651704122181e+17 4.439592072261198e+17 4.0386797096954445e+17 3.790788070595207e+17 3.622464485861771e+17 3.3654040237634285e+17 3.190925338751372e+17 2.923913247242973e+17 2.7411603141073696e+17 2.6476604400213834e+17 2.5521529528357418e+17 2.453922093843767e+17 2.351904475056732e+17 2.2444673715506698e+17 2.0005224739474477e+17 1.848677228175811e+17 1.641256223042702e+17
4810.00067386618 8.890132197806052e+17 8.334283642597142e+17 7.757329182108794e+17 7.156663707885076e+17 6.528592274558112e+17 5.867910886908925e+17 5.167570904633738e+17 4.7998544110344794e+17 4.418976928039835e+17 4.0240470484487034e+17 3.7801486466066675e+17 3.6146398581379226e+17 3.36199080379258e+17 3.1905220441440237e+17 2.927998306912055e+17 2.7481098626713437e+17 2.6559720718799216e+17 2.561763538312503e+17 2.4647569617607814e+17 2.363873031349799e+17 2.2574573685543386e+17 2.0150187780816346e+17 1.8633938406417178e+17 1.6551873418593866e+17
4830.000676668119 9.045054076699107e+17 8.488017606854021e+17 7.908120137785504e+17 7.30249100898091e+17 6.667052408444763e+17 5.996216486405623e+17 5.2823872425836826e+17 4.906479405980475e+17 4.5163533147430586e+17 4.111117483762409e+17 3.860557987251303e+17 3.690443005199079e+17 3.430700246327056e+17 3.254444598313579e+17 2.984747658426046e+17 2.8001440266233462e+17 2.7056767291884352e+17 2.6091533208161216e+17 2.509843772427456e+17 2.4066609826974547e+17 2.2979399354633347e+17 2.050823368332323e+17 1.896779099854889e+17 1.6859839267006448e+17
4850.000679470059 8.506050507597983e+17 8.014155913172562e+17 7.496813546626121e+17 6.950739956803199e+17 6.371638006232019e+17 5.7539430906411514e+17 5.090529254410359e+17 4.739122058398433e+17 4.3732151613668026e+17 3.9920369430299e+17 3.755807511108021e+17 3.5951754257722963e+17 3.349451591986772e+17 3.182315640039383e+17 2.9257802907979757e+17 2.7494709059632742e+17 2.6589754343589654e+17 2.5663004396912842e+17 2.4707098219153802e+17 2.37111543538408e+17 2.2658480073263277e+17 2.0251454681805936e+17 1.873904539658082e+17 1.6652454337578022e+17
4870.000682272 7.578208099187104e+17 7.178352010342042e+17 6.75396853342106e+17 6.301494974104911e+17 5.81644671712099e+17 5.2930323076969914e+17 4.7240865405717216e+17 4.419855314708865e+17 4.1009612822783546e+17 3.766286415039337e+17 3.557478994642484e+17 3.414794991886967e+17 3.1952801020218874e+17 3.0449710799828416e+17 2.812368726100874e+17 2.6509462976888237e+17 2.567534968606578e+17 2.4816950766529347e+17 2.3926941954703334e+17 2.299451870176035e+17 2.200314220762308e+17 1.9712776367806102e+17 1.8256150843669872e+17 1.6224119544387728e+17
4890.000685073939 8.689106747890474e+17 8.166093701539644e+17 7.621282592519699e+17 7.051835051101038e+17 6.453789566129041e+17 5.821707117588119e+17 5.148174693124332e+17 4.7930308909589376e+17 4.4240381674483603e+17 4.040164362127457e+17 3.802382627163509e+17 3.640698677813608e+17 3.393326159246335e+17 3.2250157044763674e+17 2.966580200219243e+17 2.7888990003564854e+17 2.6976810498121565e+17 2.6042558442294474e+17 2.5078829971909184e+17 2.407466831610343e+17 2.3013295038434822e+17 2.058712073201015e+17 1.9064285780807462e+17 1.6966804116612355e+17
4910.0006878758795 8.705485595635597e+17 8.17842988302385e+17 7.630624986301665e+17 7.059264470531572e+17 6.460437398599754e+17 5.828673675351456e+17 5.1564233547628243e+17 4.802254041268642e+17 4.434421018595293e+17 4.051852237405477e+17 3.81491930616386e+17 3.653813859944479e+17 3.4073262347550214e+17 3.239604922640628e+17 2.9820155894940224e+17 2.8048360562476042e+17 2.713837927645649e+17 2.620600984538257e+17 2.5243751314715462e+17 2.424051313558494e+17 2.317932538354918e+17 2.07497060713153e+17 1.922119864810874e+17 1.7110517650276563e+17
4930.000690677819 8.568060978833204e+17 8.051174505657018e+17 7.51413900082312e+17 6.954182167647116e+17 6.367457316280042e+17 5.748558727126446e+17 5.0901900911850035e+17 4.7433865985675475e+17 4.3832393075368774e+17 4.00865416382711e+17 3.7766292744441043e+17 3.618826136286978e+17 3.377285967007838e+17 3.2128265454723725e+17 2.9599946402802624e+17 2.7858517999548864e+17 2.696320536846024e+17 2.6045126201443827e+17 2.5096777523727872e+17 2.4107082429260653e+17 2.3059068262528512e+17 2.065461125859713e+17 1.9137529591952854e+17 1.70348098121838e+17
4950.000693479749 8.930597965185293e+17 8.397227122850948e+17 7.842145253785285e+17 7.262294133744678e+17 6.653395934018337e+17 6.009402961874376e+17 5.3219646468482477e+17 4.958707651766321e+17 4.580466523794757e+17 4.185993766991041e+17 3.941110455436647e+17 3.774364865341592e+17 3.5188997937649946e+17 3.344881629430332e+17 3.077436417709064e+17 2.8934718220960755e+17 2.7990297900974778e+17 2.702316246460609e+17 2.6025817253685517e+17 2.4987122952201062e+17 2.3890054242162496e+17 2.1386981796350458e+17 1.9820367543621232e+17 1.766798621021026e+17
4970.000696281689 9.037185155643288e+17 8.492835263741915e+17 7.926856363382488e+17 7.33602653838346e+17 6.716364091215487e+17 6.061966759690013e+17 5.3648617497828186e+17 4.997261439334711e+17 4.615222630180186e+17 4.2176230182599066e+17 3.9712638005862125e+17 3.803705511221042e+17 3.547290494231806e+17 3.372796395397399e+17 3.104822218827838e+17 2.920559536684218e+17 2.8259597666998845e+17 2.7290691895243402e+17 2.629120008056931e+17 2.524975167509378e+17 2.4148934444408387e+17 2.16319888076912e+17 2.0050717878369296e+17 1.7867708595716915e+17
4990.000699083629 8.445540771792548e+17 7.941360763688585e+17 7.417433743792637e+17 6.87117350382263e+17 6.29869718407024e+17 5.694660138366929e+17 5.0519816936039776e+17 4.7133604680682266e+17 4.3616267889089395e+17 3.995652595321273e+17 3.768842665288873e+17 3.614513744395181e+17 3.3781413335059725e+17 3.217053190144934e+17 2.969073366617695e+17 2.7979475684975437e+17 2.709832156347467e+17 2.6193617018467386e+17 2.52577153943165e+17 2.427934296126584e+17 2.324124087552153e+17 2.0849846722570976e+17 1.9332604624839382e+17 1.721712314575448e+17
5010.0007018855695 8.125153371052639e+17 7.641979223322825e+17 7.140330974609096e+17 6.617595616795398e+17 6.070264776092957e+17 5.493352107531164e+17 4.880090735250963e+17 4.557210710498567e+17 4.221993938713334e+17 3.873356916148687e+17 3.657341514625812e+17 3.5103652417564634e+17 3.285216169474888e+17 3.131702967699616e+17 2.8951172373277306e+17 2.731533375664476e+17 2.6471536602213098e+17 2.5603922188129862e+17 2.470483992151698e+17 2.376306537280397e+17 2.276142902586067e+17 2.0443189378102848e+17 1.8963211833980515e+17 1.6886830587911696e+17
5030.000704687509 8.625788839041764e+17 8.112172308377298e+17 7.578488455253889e+17 7.021860633318766e+17 6.438348971853697e+17 5.822575365194988e+17 5.1671162854068314e+17 4.821702604635361e+17 4.462882742551805e+17 4.089558582458272e+17 3.8582447247208954e+17 3.700879231196966e+17 3.459902558190947e+17 3.295716532789872e+17 3.043024213748556e+17 2.8686827483563277e+17 2.7789198156289824e+17 2.6867641823485942e+17 2.591436717415542e+17 2.4917891305386877e+17 2.386062303527098e+17 2.142503247403759e+17 1.9879394017678966e+17 1.7723290679420784e+17
5050.000707489449 8.645064495409373e+17 8.13448757555996e+17 7.603248815988797e+17 7.048291362522205e+17 6.465519126361908e+17 5.8492700632029e+17 5.1919334250651885e+17 4.8449908480961926e+17 4.484240575240627e+17 4.1086368649731e+17 3.875813732991679e+17 3.717406640659534e+17 3.474849082818697e+17 3.3096192301035066e+17 3.055427380721089e+17 2.8801565439710176e+17 2.7899585787512214e+17 2.697393521030505e+17 2.601684223624721e+17 2.501687741617228e+17 2.395651774648452e+17 2.1516219712089245e+17 1.996895824252358e+17 1.7810471361490477e+17
5070.000710291379 9.017827467173796e+17 8.485592913628097e+17 7.931333124012079e+17 7.351698060434438e+17 6.742406131175574e+17 6.097450984007372e+17 5.408782179724494e+17 5.045004445164362e+17 4.666567115784261e+17 4.272418162007247e+17 4.028090561472083e+17 3.861882311314888e+17 3.6074843688738816e+17 3.434314347500131e+17 3.1682278297253536e+17 2.985075872014874e+17 2.89095161829282e+17 2.794462328230402e+17 2.694819587169317e+17 2.5908633755459814e+17 2.4808142937411667e+17 2.228385515520165e+17 2.069007622106885e+17 1.8475328957273866e+17
5090.000713093319 8.696894686522088e+17 8.182047262730707e+17 7.646222346316234e+17 7.086637610218638e+17 6.499263853077478e+17 5.878592019237354e+17 5.217272711976825e+17 4.868677052005784e+17 4.5066427785939603e+17 4.1302707786675584e+17 3.897313545214034e+17 3.738989089541385e+17 3.496820712222632e+17 3.3320388969102803e+17 3.0787665409167123e+17 2.904223492947025e+17 2.8143998260014778e+17 2.7221976563228755e+17 2.6268283358993754e+17 2.5271261844330653e+17 2.4213069464656202e+17 2.1771847032159395e+17 2.0217285563437133e+17 1.8035890141167613e+17
5110.000715895259 8.85910427597698e+17 8.336181109430157e+17 7.791573975547935e+17 7.222260990500018e+17 6.624068273438629e+17 5.991300609747702e+17 5.3163857668031834e+17 4.960325237063359e+17 4.590314234284965e+17 4.205471487936028e+17 3.967210577999153e+17 3.805258214334116e+17 3.5575753158137824e+17 3.3890797240733e+17 3.1302443563483174e+17 2.9520245525507405e+17 2.8603758218077002e+17 2.7663579649905834e+17 2.669179469366358e+17 2.5676707919365107e+17 2.460042554257972e+17 2.2122349532579862e+17 2.0548136401314218e+17 1.8343353035863178e+17
5130.0007186972 8.677715294707365e+17 8.166103548516305e+17 7.633718479786781e+17 7.0775224951302e+17 6.493464019916623e+17 5.876163756270863e+17 5.218473604450956e+17 4.8719030685764864e+17 4.5121479441122406e+17 4.13838341631282e+17 3.907204063995887e+17 3.750146904345263e+17 3.5100213179781075e+17 3.34666583909151e+17 3.0955573299548077e+17 2.922393191532957e+17 2.8332129416601984e+17 2.7416109235098422e+17 2.6467834574021696e+17 2.547551030448322e+17 2.4421058670839523e+17 2.198217143126472e+17 2.0422939524631814e+17 1.8224353028312365e+17
5150.000721499139 8.393170005259594e+17 7.901038398980781e+17 7.389015705266674e+17 6.854518360952993e+17 6.293661584561247e+17 5.7014736197216486e+17 5.0712705768869926e+17 4.73947381771408e+17 4.3952308994224294e+17 4.037678043807775e+17 3.816470542509592e+17 3.6661274497746624e+17 3.43609148748602e+17 3.279422976706065e+17 3.038191219945269e+17 2.8714634342374243e+17 2.785450582591765e+17 2.696981082890836e+17 2.6052544973269034e+17 2.5090947648808342e+17 2.4067034331836096e+17 2.1689503979146224e+17 2.0162354790960746e+17 1.800038961476592e+17
5170.00072430108 7.623864096776215e+17 7.177315067482436e+17 6.714600464111081e+17 6.233659885996264e+17 5.7315849472732186e+17 5.204599460819111e+17 4.647930367607829e+17 4.356823194931777e+17 4.056376970514787e+17 3.746081108650716e+17 3.55494417594663e+17 3.425320524518732e+17 3.227241909030897e+17 3.092315940998865e+17 2.88396734861782e+17 2.7390665833799168e+17 2.6638767939598192e+17 2.586156119904125e+17 2.5051037500784474e+17 2.41955808528483e+17 2.3277464695093552e+17 2.1111854545250627e+17 1.9691952845572896e+17 1.7642109033859853e+17
5190.000727103009 7.74634202396041e+17 7.30088410047274e+17 6.839144616993971e+17 6.358710320833825e+17 5.85658117829771e+17 5.328698040841309e+17 4.7697049468826195e+17 4.476597511105607e+17 4.1733136187998426e+17 3.859029703103346e+17 3.664802580173524e+17 3.532777688616298e+17 3.3304939465819494e+17 3.1923226904485786e+17 2.9783867293626554e+17 2.829244651895899e+17 2.7517659948649904e+17 2.671630633646122e+17 2.588028529071165e+17 2.4997812753599133e+17 2.4050949845619206e+17 2.182156758245037e+17 2.036580010201094e+17 1.8275115227168915e+17
5210.000729904949 8.529410472729809e+17 8.041350857744844e+17 7.532525245099736e+17 7.000012965232959e+17 6.439690401451071e+17 5.84595569663437e+17 5.2114270198750317e+17 4.876105932613868e+17 4.5272174496268717e+17 4.163670067156514e+17 3.9381344631877094e+17 3.7845625268425446e+17 3.549111107378726e+17 3.388427213694038e+17 3.1405054744871034e+17 2.9688240649138266e+17 2.8801713646973216e+17 2.788944761853664e+17 2.6943317178165818e+17 2.5951463476682e+17 2.4895753810578195e+17 2.2449339525515222e+17 2.088453194899555e+17 1.868121895628482e+17
5230.000732706889 8.689201333250103e+17 8.19383769526865e+17 7.67767836462981e+17 7.137709985846111e+17 6.569772013312232e+17 5.967953353666994e+17 5.324685873493882e+17 4.984573470927393e+17 4.630476229740918e+17 4.261212309141743e+17 4.031927215910683e+17 3.8756993742570035e+17 3.636005809530869e+17 3.472286373152888e+17 3.2194281998808506e+17 3.0441403505567917e+17 2.953566194580878e+17 2.8603182395433277e+17 2.7635660336100854e+17 2.6620914313714288e+17 2.5540387860908742e+17 2.3035266808983875e+17 2.143296095916402e+17 1.9178409676963734e+17
5250.000735508829 8.962187159107098e+17 8.454470488874303e+17 7.925152740334295e+17 7.370863462209292e+17 6.787080561724616e+17 6.167589114089356e+17 5.503991169109899e+17 5.1524944114843194e+17 4.785933811961191e+17 4.402993657219104e+17 4.164850168064605e+17 4.002422226402375e+17 3.752983492984404e+17 3.582476466754468e+17 3.319014373234376e+17 3.136379022968042e+17 3.0420391246607776e+17 2.944955795380699e+17 2.8442846559894045e+17 2.7387862455230333e+17 2.62657146048341e+17 2.3670929541373523e+17 2.201826501159126e+17 1.970523596006625e+17
5270.000738310769 7.979766222251226e+17 7.533688549180499e+17 7.069695871169417e+17 6.585060165019717e+17 6.076168571723281e+17 5.538110730675261e+17 4.9642625859049466e+17 4.6614026208999654e+17 4.3463916819417856e+17 4.01804494120019e+17 3.8140742721609024e+17 3.674968238983446e+17 3.46114017245077e+17 3.314660130833076e+17 3.0873457021410035e+17 2.9286855659931264e+17 2.8462570389827008e+17 2.7610308235448352e+17 2.672173512005587e+17 2.578468001095218e+17 2.4780605900402886e+17 2.2424777424061363e+17 2.0895574281914368e+17 1.8717188270348586e+17
5290.000741112709 8.939932663104987e+17 8.440527223291841e+17 7.919325457436614e+17 7.372927475608877e+17 6.796906921451323e+17 6.184877215206982e+17 5.528371622718697e+17 5.18015567884339e+17 4.816706481415042e+17 4.436605228647308e+17 4.199997299670711e+17 4.038520018642353e+17 3.790360066345393e+17 3.620597290737729e+17 3.3580561929804717e+17 3.175881787076008e+17 3.081721655409466e+17 2.9847790418105766e+17 2.884209731042584e+17 2.7787696806501824e+17 2.6665707280097347e+17 2.4069820250412547e+17 2.2415671664982877e+17 2.0099280856924746e+17
5310.000743914648 9.25279869973207e+17 8.740652661297231e+17 8.205623711140268e+17 7.643744138762657e+17 7.050245045457307e+17 6.418225352387366e+17 5.738263081660138e+17 5.376709560390307e+17 4.9986121075585114e+17 4.602418033300101e+17 4.3554022740171366e+17 4.1866817247901965e+17 3.927217604241586e+17 3.749646043331745e+17 3.4750480987442214e+17 3.284632587094506e+17 3.186290864280973e+17 3.085121843078935e+17 2.980271782825016e+17 2.870485895071352e+17 2.7538551185487696e+17 2.4850348184004723e+17 2.3146983261799824e+17 2.077610556621497e+17
5330.000746716579 8.408180852437609e+17 7.944406608157719e+17 7.460594602928099e+17 6.95374444624472e+17 6.419783368439767e+17 5.853123399776801e+17 5.24639914541263e+17 4.9252564986361837e+17 4.590608976531447e+17 4.24121816806644e+17 4.0239729172242694e+17 3.8757512435635936e+17 3.6479133499266566e+17 3.4918883328209664e+17 3.2500067493955334e+17 3.0814819277680326e+17 2.9940677150260454e+17 2.903807144249861e+17 2.809851092622575e+17 2.7109576311704685e+17 2.6052339885561814e+17 2.358316111323195e+17 2.19893416245008e+17 1.9727923097754544e+17
5350.000749518518 9.030236964244161e+17 8.534539713806826e+17 8.016579806986856e+17 7.472699827630516e+17 6.897944153644682e+17 6.285878923608617e+17 5.627697682210897e+17 5.277956160706216e+17 4.9124557436158483e+17 4.5297624844258336e+17 4.29134044992719e+17 4.128526063297458e+17 3.8781906644227136e+17 3.7068320554717555e+17 3.441641035358777e+17 3.257484509649162e+17 3.162249582642083e+17 3.0641681028500045e+17 2.962386832479687e+17 2.855658087214475e+17 2.7420800011948928e+17 2.4794069007717526e+17 2.3121863230608627e+17 2.0782029230439338e+17
5370.0007523204595 9.043611541535192e+17 8.549715403545221e+17 8.033268016502586e+17 7.490768601282271e+17 6.917249439950579e+17 6.306215416581865e+17 5.648657593223297e+17 5.298966925021269e+17 4.933292353728201e+17 4.5501477963852346e+17 4.311309192006308e+17 4.1481704873619526e+17 3.897266200315055e+17 3.725507759849238e+17 3.459709677585847e+17 3.275164182167394e+17 3.179745760414971e+17 3.0814868111030944e+17 2.9795343237236563e+17 2.8726382844831126e+17 2.7588983029247917e+17 2.495914630127512e+17 2.3285452646759094e+17 2.0943807411658058e+17
5390.000755122399 8.96719746368853e+17 8.476196675984168e+17 7.963079495223187e+17 7.424240039448364e+17 6.85501822026779e+17 6.249000209143626e+17 5.597540319337425e+17 5.251493368014262e+17 4.889988105604785e+17 4.5115823416654285e+17 4.275898532537117e+17 4.11499925112919e+17 3.867634749946366e+17 3.698329338114407e+17 3.4363066805610816e+17 3.2542830775702714e+17 3.1601112696745e+17 3.063081328203314e+17 2.962333239408436e+17 2.8566064805581766e+17 2.743982234828397e+17 2.4828912935983984e+17 2.316034530544296e+17 2.081394645008382e+17
5410.000757924339 8.691675762327622e+17 8.22027679394715e+17 7.727931885254651e+17 7.2111414448398e+17 6.665488112729249e+17 6.084912997837811e+17 5.461246755445834e+17 5.130135731209455e+17 4.7843464259023245e+17 4.422468499301044e+17 4.1970176446455424e+17 4.0430333320859386e+17 3.806106273728178e+17 3.643749684155893e+17 3.391980434470242e+17 3.216616876398938e+17 3.125705312991048e+17 3.0318921482355283e+17 2.9343157504801274e+17 2.8317230613054534e+17 2.7222035575139754e+17 2.467288499305035e+17 2.3035576005343386e+17 2.072206357258383e+17
5430.000760726279 8.94541450034997e+17 8.457906822517651e+17 7.948356257206555e+17 7.413302891489284e+17 6.848091455591825e+17 6.24627307225478e+17 5.599303655218836e+17 5.255610406644238e+17 4.896496752033e+17 4.520557674784268e+17 4.2863505886945914e+17 4.126415985057051e+17 3.8804489240291834e+17 3.712023999891906e+17 3.45119349134883e+17 3.269846672369234e+17 3.1759613491642195e+17 3.079177166371856e+17 2.978622384439575e+17 2.8730235545968445e+17 2.7604386602010182e+17 2.4989504648398173e+17 2.3313891435810784e+17 2.095149903128201e+17
5450.000763528209 9.197123383303336e+17 8.702758209087022e+17 8.185116078533812e+17 7.640277945336384e+17 7.063086925777937e+17 6.446607694812381e+17 5.781315702128087e+17 5.4267383164659034e+17 5.055440322558686e+17 4.665889258463213e+17 4.422819611905145e+17 4.256693418167468e+17 4.0010753993121197e+17 3.8260118864886163e+17 3.55500425421544e+17 3.366786906465378e+17 3.269453286909788e+17 3.169217932141793e+17 3.0652069745071443e+17 2.9561490281075546e+17 2.8401029453112125e+17 2.5717509978534022e+17 2.4009040733127382e+17 2.1618706781966877e+17
5470.000766330149 9.045310226926415e+17 8.558048740265473e+17 8.048384238441701e+17 7.512554410450013e+17 6.945708584755954e+17 6.3412286690212e+17 5.690311184118178e+17 5.344054457102783e+17 4.981923686401318e+17 4.6024775470572717e+17 4.365921874239003e+17 4.204314351632827e+17 3.9556694987921574e+17 3.7853465714369805e+17 3.5214825252272685e+17 3.3379808912191245e+17 3.2429718972710976e+17 3.145031840408346e+17 3.043281545947624e+17 2.936445497599302e+17 2.8225751536809667e+17 2.5583537036784253e+17 2.38932812394408e+17 2.1514333528605795e+17
5490.000769132089 9.004903731130776e+17 8.519893797352952e+17 8.012765574323457e+17 7.479817024609217e+17 6.916364677701759e+17 6.316118185478787e+17 5.670462691718698e+17 5.327428408843682e+17 4.969004033525205e+17 4.59382546356453e+17 4.3601079961309235e+17 4.200493312567575e+17 3.954977088880087e+17 3.7867901401211245e+17 3.526111063802698e+17 3.344644331163818e+17 3.250607814036107e+17 3.153597115110622e+17 3.0527255910830803e+17 2.946707711188124e+17 2.8335775342558493e+17 2.570426511245181e+17 2.4014844189726163e+17 2.1627456426727142e+17
5510.000771934028 9.034315692168977e+17 8.547382620005751e+17 8.038287447130012e+17 7.503498693417142e+17 6.938220233202309e+17 6.335938142441939e+17 5.6880994338317677e+17 5.343858912698102e+17 4.984159031097906e+17 4.607613743031666e+17 4.3730492480827494e+17 4.21286662676555e+17 3.966490957148602e+17 3.797739435751744e+17 3.536227388750206e+17 3.35421627432249e+17 3.259906666331115e+17 3.162625159957624e+17 3.0614841998786246e+17 2.955196384321805e+17 2.8417983890461405e+17 2.578136517175532e+17 2.4089697433663613e+17 2.170015052218089e+17
5530.000774735969 9.120871536609247e+17 8.635081597034858e+17 8.126548694138694e+17 7.591448763796052e+17 7.025062775278131e+17 6.420496872921052e+17 5.768861738731201e+17 5.421997117385542e+17 5.059056857858573e+17 4.6785823351058003e+17 4.4412781003816224e+17 4.279116603543096e+17 4.029520057609871e+17 3.858458944213591e+17 3.5932721480767443e+17 3.4086718939140224e+17 3.313025765758053e+17 3.214373943927697e+17 3.111825469689467e+17 3.0040850784090854e+17 2.889177021661614e+17 2.6222485831042544e+17 2.4512508483651037e+17 2.21020818975809e+17
5550.000777537908 9.259301382163031e+17 8.768296646524265e+17 8.253977395429069e+17 7.712704911686255e+17 7.139269869731382e+17 6.526745383218153e+17 5.86582615063772e+17 5.513646828011524e+17 5.1448625243611046e+17 4.7579077762125216e+17 4.516406200226329e+17 4.3512924486472256e+17 4.097083145088182e+17 3.922823085605915e+17 3.65266392269394e+17 3.464650477487721e+17 3.3672673651991085e+17 3.2668590114566394e+17 3.1625277309593184e+17 3.0529750155333856e+17 2.9362175355024096e+17 2.665431962500859e+17 2.4923836345081965e+17 2.2490882973718618e+17
5570.0007803398385 9.016151808454936e+17 8.542056176633975e+17 8.045508716352392e+17 7.522955699510244e+17 6.96943774490793e+17 6.378118508218813e+17 5.739948386218309e+17 5.399864076112351e+17 5.043633653804944e+17 4.6696927413538624e+17 4.4361757664401946e+17 4.276459541073343e+17 4.0303813663824486e+17 3.8615472877919264e+17 3.599481066865233e+17 3.4167941926412966e+17 3.3220494337907104e+17 3.224258791391594e+17 3.122533769255038e+17 3.0155768665758246e+17 2.901418263445631e+17 2.6359422094466563e+17 2.465745940390234e+17 2.2258301942850614e+17
5590.00078314178 8.857015702704415e+17 8.390627981643863e+17 7.902623832215962e+17 7.389398760326209e+17 6.846459043259685e+17 6.267348973980347e+17 5.6436309697004685e+17 5.3118064273536634e+17 4.964765902397305e+17 4.6009804273213075e+17 4.374049515125294e+17 4.2189174740081946e+17 3.9799630847239046e+17 3.816012209906505e+17 3.561366253072698e+17 3.383624987867733e+17 3.2913337648760486e+17 3.19598484367643e+17 3.0966781803777344e+17 2.9921180186133e+17 2.8803260511637766e+17 2.61941674573571e+17 2.4512943062373494e+17 2.2129954492554122e+17
5610.000785943719 9.13349545381155e+17 8.658795001349746e+17 8.160895115539712e+17 7.63602032510359e+17 7.079002300786225e+17 6.482723299484415e+17 5.837749000164655e+17 5.493342208419725e+17 5.132152267952916e+17 4.7525255584430214e+17 4.5152393128470016e+17 4.352842381297308e+17 4.102516081379453e+17 3.930697372284342e+17 3.663921217857481e+17 3.4779393470617094e+17 3.3814978232904774e+17 3.281973851247988e+17 3.1784739391190336e+17 3.069692987008798e+17 2.953653168570648e+17 2.6841844231685546e+17 2.5118118368673216e+17 2.269395958769603e+17
5630.0007887456595 9.20253413945463e+17 8.72028025678758e+17 8.214838966050922e+17 7.682629171482499e+17 7.118448821289764e+17 6.515512290892984e+17 5.864642272060673e+17 5.517790603586412e+17 5.154604453639688e+17 4.773508947985146e+17 4.535646494213992e+17 4.373003161596386e+17 4.12251637229782e+17 3.950718391393954e+17 3.6841302759402963e+17 3.498345884347951e+17 3.402009459286603e+17 3.302589888415089e+17 3.199180911922134e+17 3.0904682550978554e+17 2.974447004489874e+17 2.7046173685545347e+17 2.531491373627902e+17 2.2869272021174083e+17
5650.000791547599 9.197393770101356e+17 8.717459042571708e+17 8.214736327342542e+17 7.685364643499718e+17 7.124234798781974e+17 6.524498093509792e+17 5.877144114072844e+17 5.532149505129127e+17 5.1708220110019206e+17 4.7915877949227866e+17 4.554777271116124e+17 4.392801467598735e+17 4.1431887577549e+17 3.971878557377431e+17 3.7057993960350054e+17 3.520161540802361e+17 3.42383207435226e+17 3.324363704638086e+17 3.2208491886528154e+17 3.111962087660494e+17 2.9956874878300454e+17 2.7250367777306618e+17 2.5512858140220787e+17 2.3059004633435686e+17
5670.000794349539 9.000725082042409e+17 8.533804274119397e+17 8.044630206421092e+17 7.529577631311528e+17 6.983976440466895e+17 6.401198714313768e+17 5.772443037528732e+17 5.437462771439246e+17 5.086728492680569e+17 4.7186312156774336e+17 4.488761758183282e+17 4.331478914995073e+17 4.089011657193427e+17 3.9224695010050246e+17 3.663502448955217e+17 3.482522989851397e+17 3.388483765336558e+17 3.291280505937342e+17 3.190001442967631e+17 3.0833209280348115e+17 2.969222687652773e+17 2.702811758475892e+17 2.5310927205254294e+17 2.2876357701922397e+17
5690.000797151469 9.144211416114989e+17 8.673367060335465e+17 8.17965504006902e+17 7.659432480879235e+17 7.10782780081643e+17 6.517702953746926e+17 5.879962610066463e+17 5.539605464331559e+17 5.182778356073161e+17 4.8078151408759834e+17 4.573409075380308e+17 4.41291648511832e+17 4.165401333369709e+17 3.995350912366156e+17 3.7309398806113946e+17 3.546242252759545e+17 3.450323379273596e+17 3.351225681845862e+17 3.2480334560147066e+17 3.139421985901763e+17 3.023371936392633e+17 2.753010274317597e+17 2.5793223048619414e+17 2.333953775508655e+17
5710.000799953409 8.988429093094147e+17 8.525770430415091e+17 8.04085009188049e+17 7.530231752031543e+17 6.988907146679944e+17 6.410130716197052e+17 5.784932357963583e+17 5.451410235809484e+17 5.101806261171131e+17 4.734517277548141e+17 4.504925374889394e+17 4.3477486143925306e+17 4.105301156426376e+17 3.9387022489103014e+17 3.679537653828496e+17 3.498361393746579e+17 3.404199683865966e+17 3.306849083988059e+17 3.2053961320523104e+17 3.098505345269215e+17 2.9841475381469946e+17 2.7169869350136118e+17 2.5446859277789974e+17 2.30029495266742e+17
5730.000802755349 9.532559832362336e+17 9.046448452263697e+17 8.53573047836428e+17 7.996258126483997e+17 7.422286752493357e+17 6.806318153449097e+17 6.13783405853061e+17 5.77990344775237e+17 5.4037431752963155e+17 5.007517437924258e+17 4.759401105146111e+17 4.58940996975234e+17 4.327111527520947e+17 4.146933257918598e+17 3.8670263610895526e+17 3.671871875058819e+17 3.570698730875254e+17 3.466327098561914e+17 3.3578368515298765e+17 3.243887944065517e+17 3.122448084662012e+17 2.841069005630222e+17 2.661675422549846e+17 2.41021756181255e+17
5750.000805557289 9.262838394303386e+17 8.790747607260525e+17 8.295251146224916e+17 7.772484444033386e+17 7.217071150110063e+17 6.62180742034418e+17 5.977275489246547e+17 5.632812794421693e+17 5.2713473076438496e+17 4.891199348136844e+17 4.653420268311976e+17 4.49059996780177e+17 4.239420760264336e+17 4.06684118298958e+17 3.798501331274502e+17 3.611064807662341e+17 3.513728282466923e+17 3.413172841606266e+17 3.308476476357899e+17 3.1982983696218534e+17 3.0806014530690534e+17 2.806540758757617e+17 2.6305679346154643e+17 2.3819300264862893e+17
5770.000808359228 9.368539618575835e+17 8.893707908156118e+17 8.394802751339813e+17 7.868027720855067e+17 7.307857500705672e+17 6.706710402385691e+17 6.054776566924662e+17 5.7059081598517626e+17 5.339471797866122e+17 4.953735808420346e+17 4.712299735049281e+17 4.546927905383019e+17 4.2917587980493216e+17 4.1164287676602054e+17 3.843858111023225e+17 3.6535715482123974e+17 3.554803727892457e+17 3.452812992613568e+17 3.346679692978433e+17 3.2350602833882214e+17 3.1159173626728256e+17 2.838974797456684e+17 2.6616043441144496e+17 2.411688208515225e+17
5790.00081116117 9.145880223989464e+17 8.679080782439035e+17 8.18941190010907e+17 7.673400263445622e+17 7.125852249911098e+17 6.539910837392859e+17 5.906648124906697e+17 5.5688088616545075e+17 5.214812789153314e+17 4.8429933758451974e+17 4.6106553240711635e+17 4.451652558080919e+17 4.206438856703229e+17 4.037971098841605e+17 3.775923663018176e+17 3.592718949994049e+17 3.497495311697465e+17 3.3990449536237184e+17 3.2964407437848256e+17 3.1883387809602694e+17 3.0726906334262144e+17 2.8025331837374963e+17 2.6282464591696486e+17 2.3806990830861338e+17
5810.000813963109 9.35080339158992e+17 8.87904187214555e+17 8.383691874971572e+17 7.860529788566337e+17 7.304145574847752e+17 6.707167069777833e+17 6.059804079669025e+17 5.7134354984941146e+17 5.3496433350096026e+17 4.966698579313038e+17 4.726994083244678e+17 4.5627835670490477e+17 4.309358478350123e+17 4.1351645790224454e+17 3.864216839863902e+17 3.674907033705051e+17 3.576588077832652e+17 3.475008426788278e+17 3.369246821626908e+17 3.2579502068761395e+17 3.1390720138565606e+17 2.8623858465461107e+17 2.6848933933344566e+17 2.434414231347448e+17
5830.000816765039 9.481862251003478e+17 9.007580996929934e+17 8.509129816832442e+17 7.981913993035302e+17 7.420387823131802e+17 6.816859016514963e+17 6.160908408797736e+17 5.80928321064333e+17 5.4395479778448416e+17 5.049710052143508e+17 4.805416244025756e+17 4.637956757444466e+17 4.3793680269772986e+17 4.201560925603919e+17 3.9249706989138995e+17 3.731776188056736e+17 3.6314804795604704e+17 3.5279056882475706e+17 3.420125756895345e+17 3.306787914931579e+17 3.1858457241035296e+17 2.905005109874325e+17 2.72549633200371e+17 2.4732392779091965e+17
5850.000819566979 9.29199087119057e+17 8.828346189888922e+17 8.340891858870455e+17 7.825737943316812e+17 7.277503062438604e+17 6.688754579742281e+17 6.049593760160796e+17 5.707271810520493e+17 5.3474882674246656e+17 4.9684521110211104e+17 4.7310117470056614e+17 4.5682695135179725e+17 4.316957934054353e+17 4.144087824531168e+17 3.8750033762154624e+17 3.686824929321012e+17 3.589028825447826e+17 3.487947409411956e+17 3.3826502468250874e+17 3.271782481486143e+17 3.153295557706009e+17 2.8772654143445587e+17 2.700021283349032e+17 2.449721692017345e+17
5870.000822368919 9.323370431312024e+17 8.860360824798107e+17 8.373413784883255e+17 7.858397314850602e+17 7.30989919469865e+17 6.720479689155067e+17 6.080139655882844e+17 5.736991885099342e+17 5.376204057813137e+17 4.995978808025609e+17 4.757735823910388e+17 4.59441576069507e+17 4.342191400714104e+17 4.168703232993533e+17 3.8986327989645485e+17 3.7097658159328896e+17 3.611619173676976e+17 3.5101818123367174e+17 3.404520161080589e+17 3.2932837454966906e+17 3.1744204430229856e+17 2.897619489961762e+17 2.7199742454313542e+17 2.469191071777763e+17
5890.000825170859 8.634716659617389e+17 8.202458592150566e+17 7.749361367464333e+17 7.271959767154203e+17 6.76587897087149e+17 6.225121199225555e+17 5.641956696083572e+17 5.331518765052021e+17 5.0068538537358483e+17 4.6665343542739456e+17 4.4542034895865114e+17 4.308967767531198e+17 4.085024439505242e+17 3.9310557401732883e+17 3.6910497099638726e+17 3.5225985470341466e+17 3.434740888162138e+17 3.3436424085188525e+17 3.248379568577264e+17 3.147615036070178e+17 3.039310827008483e+17 2.7838579769361552e+17 2.616833325503839e+17 2.3762976100793203e+17
5910.000827972799 9.271397568344874e+17 8.812730979565843e+17 8.330105109240968e+17 7.819857927580536e+17 7.276584634470025e+17 6.692701219507329e+17 6.058612423287255e+17 5.718960885800305e+17 5.361970394253279e+17 4.9858916965796685e+17 4.7503485458756154e+17 4.5889018231022234e+17 4.339594181044393e+17 4.1680944085357376e+17 3.901044680240518e+17 3.714180110156953e+17 3.617015867941504e+17 3.516539021100078e+17 3.411821000702817e+17 3.301496465979679e+17 3.1835069742051475e+17 2.908239024992018e+17 2.731105885679604e+17 2.480270669176688e+17
5930.0008307747385 9.266867093729051e+17 8.810307467172792e+17 8.330363899374504e+17 7.822571934941101e+17 7.281617045854188e+17 6.700189006329665e+17 6.068433773162673e+17 5.72992412702702e+17 5.3739868494796845e+17 4.998909911870006e+17 4.7638805863542925e+17 4.602739762233579e+17 4.35382697849893e+17 4.182538650161063e+17 3.9156969877867386e+17 3.7288898957708115e+17 3.631723703422596e+17 3.5312263435191546e+17 3.426462577151345e+17 3.3160669296203194e+17 3.1979775450341126e+17 2.922383850424243e+17 2.7449899631619027e+17 2.4937589038035734e+17
5950.000833576669 9.300596932318739e+17 8.843597493920518e+17 8.362903837644338e+17 7.854356299864452e+17 7.312507216777522e+17 6.729910708221972e+17 6.096571889009194e+17 5.757089073720304e+17 5.400070051337518e+17 5.023690896363315e+17 4.78780421338471e+17 4.626052662020481e+17 4.376170048987053e+17 4.2041925389206426e+17 3.936265790055165e+17 3.748686758995732e+17 3.651118372575391e+17 3.5502070964925856e+17 3.4450134215555974e+17 3.334167423248042e+17 3.2156021701190624e+17 2.938939063272135e+17 2.7608969543849875e+17 2.5087983751877728e+17
5970.000836378609 9.332996022736577e+17 8.878557619400207e+17 8.399822951484818e+17 7.892965096388508e+17 7.352373647268151e+17 6.770370221060594e+17 6.13667369406865e+17 5.796496584682292e+17 5.4383911776706714e+17 5.060480369526126e+17 4.8234570802297805e+17 4.6608393632258266e+17 4.40953631494283e+17 4.2365261033938406e+17 3.966930499437093e+17 3.778170781565683e+17 3.679995819168221e+17 3.578468077851286e+17 3.472647498123928e+17 3.36117447686743e+17 3.2419865684500294e+17 2.964182159467967e+17 2.7857427747561427e+17 2.533659406400767e+17
5990.000839180549 9.260680772110405e+17 8.809216727827364e+17 8.33423839995764e+17 7.831388742052846e+17 7.295418217442981e+17 6.718815211265258e+17 6.09182584957734e+17 5.755557817774539e+17 5.401921147521223e+17 5.02900925116555e+17 4.795262449917806e+17 4.6349517537786534e+17 4.387235271911382e+17 4.2166930372019846e+17 3.950868521114456e+17 3.7646371035573075e+17 3.6677223109352774e+17 3.567445371099666e+17 3.4628666407925376e+17 3.352618713493998e+17 3.23463236570783e+17 2.959054771086101e+17 2.7814818989683546e+17 2.5296754866746778e+17
6010.00084198249 9.13058540262183e+17 8.687573479653745e+17 8.221313522502291e+17 7.728108279253572e+17 7.202476981661272e+17 6.637229621189605e+17 6.022698853687937e+17 5.693219659531839e+17 5.346627856810745e+17 4.9811297176674477e+17 4.751952695190637e+17 4.5947370666915456e+17 4.3516815477886534e+17 4.1842524634938125e+17 3.923051485267045e+17 3.7398391804706426e+17 3.644406845652959e+17 3.5455911012319405e+17 3.442449996600228e+17 3.333616908744689e+17 3.217015697263548e+17 2.944085345498098e+17 2.767723149503942e+17 2.516938235426099e+17
6030.000844784429 9.167066765299008e+17 8.726832603145729e+17 8.263353374212157e+17 7.772340566992051e+17 7.248523844738185e+17 6.684451525345704e+17 6.070022480128873e+17 5.740099892370776e+17 5.3926354746706835e+17 5.025757712922282e+17 4.795465257408939e+17 4.637389629562225e+17 4.392840577520582e+17 4.22428112608557e+17 3.961203759396139e+17 3.776625621850929e+17 3.6804783096739936e+17 3.5809267150535354e+17 3.477028621476376e+17 3.367419832508406e+17 3.2500301687048966e+17 2.975543639573154e+17 2.7985064172324816e+17 2.5473383101282445e+17
6050.000847586369 9.349760365691278e+17 8.90038090524747e+17 8.426943197026194e+17 7.925174461357716e+17 7.389354835748116e+17 6.811791463743561e+17 6.182324903583965e+17 5.844147653671002e+17 5.487956642413714e+17 5.111893381177241e+17 4.875863896413003e+17 4.7138812111695686e+17 4.4634018583722675e+17 4.290853551513314e+17 4.021742473007538e+17 3.833137259989273e+17 3.7349764568148384e+17 3.633407429489019e+17 3.52749056520486e+17 3.4158531682859546e+17 3.296424401326102e+17 3.017786889052866e+17 2.8385916647279456e+17 2.5850421571475712e+17
6070.000850388299 9.309061659947308e+17 8.86302533731029e+17 8.393220721070624e+17 7.895260581444412e+17 7.363672358478222e+17 6.790638184458473e+17 6.165894543571252e+17 5.830104966943034e+17 5.476313068156248e+17 5.102540940040491e+17 4.8678807212894816e+17 4.7067851147969043e+17 4.457599706810604e+17 4.285886340142263e+17 4.018010639096639e+17 3.83018997636821e+17 3.732410052703972e+17 3.6312142698214246e+17 3.525659684370986e+17 3.414375593778429e+17 3.2952814665577626e+17 3.0172638699819974e+17 2.8383554590368826e+17 2.5851291242789466e+17
6090.0008531902395 9.129879562404927e+17 8.689284993242317e+17 8.225685525450327e+17 7.734997665048755e+17 7.212137082518392e+17 6.649985299808873e+17 6.039225344739532e+17 5.712046076054726e+17 5.368214911698847e+17 5.0059897483834464e+17 4.779044482941062e+17 4.623407749896426e+17 4.382887309057546e+17 4.217214246266569e+17 3.9587000619153094e+17 3.7772595548857114e+17 3.6826926729847686e+17 3.5847248865309856e+17 3.482407104064671e+17 3.374365914754743e+17 3.258513292929297e+17 2.986820575155316e+17 2.8107588939216077e+17 2.5595475937774454e+17
6110.000855992179 9.066507805202682e+17 8.633021898006981e+17 8.176502274117354e+17 7.693373194473277e+17 7.17820148143207e+17 6.623871994988486e+17 6.020948843877787e+17 5.697684630893721e+17 5.3576122826397875e+17 4.9990238546705395e+17 4.774165956176762e+17 4.6198891351440506e+17 4.3812967682703514e+17 4.216846224717946e+17 3.960031759996016e+17 3.779629829669645e+17 3.685553510827082e+17 3.588053682325107e+17 3.486183721241277e+17 3.378575373602188e+17 3.2631459028464966e+17 2.9923374822347565e+17 2.8168212636535114e+17 2.5664278398461328e+17
6130.000858794119 8.770703232042468e+17 8.352710259399319e+17 7.913142344989234e+17 7.447986273685613e+17 6.95222767376733e+17 6.419262688835338e+17 5.840449438624842e+17 5.5304622071090406e+17 5.2047545383165664e+17 4.8616759244234797e+17 4.646690956767069e+17 4.499235827197074e+17 4.2712163313896115e+17 4.113990252607538e+17 3.8682153944807994e+17 3.6952586156636915e+17 3.6049264238563635e+17 3.5111871599768205e+17 3.413099514087141e+17 3.3092998580943654e+17 3.1977172305815136e+17 2.9347619411781606e+17 2.7632702710824182e+17 2.5169761559686333e+17
6150.000861596059 8.900143408878826e+17 8.479286874486975e+17 8.036137579835397e+17 7.567031436406214e+17 7.066662493362889e+17 6.528130239554282e+17 5.942466601480407e+17 5.6284123210050336e+17 5.298068017460923e+17 4.949713659264941e+17 4.7312129152431955e+17 4.581253703903545e+17 4.34921661947913e+17 4.189132147449634e+17 3.9387938136473555e+17 3.7626061593331904e+17 3.670588480590942e+17 3.575115273203139e+17 3.47523730798137e+17 3.3695817524973306e+17 3.2560642746305504e+17 2.988918819172964e+17 2.8150876709292787e+17 2.5661126498015248e+17
6170.000864397999 8.628295706277449e+17 8.221952260020946e+17 7.794335349773974e+17 7.342183057882529e+17 6.8605181177488e+17 6.343009126268979e+17 5.780898336620308e+17 5.479819597865949e+17 5.163353343278366e+17 4.8297932448790816e+17 4.620599873018307e+17 4.47702051176195e+17 4.254784809243536e+17 4.10137369247709e+17 3.8612001803269734e+17 3.691873881310564e+17 3.603314241825468e+17 3.5113203760638995e+17 3.4149483631816115e+17 3.312832682014768e+17 3.202901343404286e+17 2.943136140689691e+17 2.773192633225342e+17 2.5285251964801005e+17
6190.0008671999285 9.087371064676201e+17 8.658850726116585e+17 8.207119249554195e+17 7.728331492770226e+17 7.216981362740914e+17 6.665822766104339e+17 6.065288620045303e+17 5.742860275557785e+17 5.4033680946751085e+17 5.045014535386041e+17 4.820124384554836e+17 4.6657532645219757e+17 4.42690365369199e+17 4.262190450483571e+17 4.004836702054312e+17 3.823957085964086e+17 3.7296063009693594e+17 3.631802587525072e+17 3.529598245403164e+17 3.421617484001388e+17 3.3057759781499814e+17 3.0339858697333715e+17 2.8578577644208835e+17 2.6066405625627197e+17
6210.000870001869 9.120794193169115e+17 8.692332042869083e+17 8.240748182793019e+17 7.761880541948023e+17 7.250277532448006e+17 6.69839682921899e+17 6.09664468831693e+17 5.77327546440845e+17 5.4326562107463494e+17 5.0729182772617626e+17 4.847057042311906e+17 4.691989574459279e+17 4.4520039519434477e+17 4.28648578661465e+17 4.027829568738637e+17 3.8460259627925594e+17 3.7511904087500954e+17 3.652883524920445e+17 3.550156214705811e+17 3.441624365055656e+17 3.325196580072911e+17 3.0520380886891386e+17 2.8750058132418714e+17 2.6223736139866048e+17
6230.000872803808 8.906840043265674e+17 8.488367657782166e+17 8.047543409947839e+17 7.580767564459136e+17 7.082770392746995e+17 6.546510420936216e+17 5.96294808214388e+17 5.6499019979035654e+17 5.3205231857101286e+17 4.973025453063609e+17 4.755020235829308e+17 4.605363007784864e+17 4.3737651736054054e+17 4.213958511793793e+17 3.964017453716004e+17 3.7880631829168934e+17 3.696152836999459e+17 3.600774287060715e+17 3.500971466748164e+17 3.3953658825037005e+17 3.281862130503115e+17 3.014510824182501e+17 2.8402920867835328e+17 2.590247385419471e+17
6250.00087560575 8.658570226559839e+17 8.254863515981633e+17 7.83005172320835e+17 7.380154342387602e+17 6.90052154335604e+17 6.384284364291103e+17 5.822910293262277e+17 5.5219657739058106e+17 5.20537855788966e+17 4.87141110425873e+17 4.6618378645577286e+17 4.5179174998104275e+17 4.2950428256704416e+17 4.1410846152491725e+17 3.8998783497265114e+17 3.7296695342035654e+17 3.6405969080562746e+17 3.548025951315204e+17 3.451000265960062e+17 3.348138424653779e+17 3.237338335896847e+17 2.97520346785985e+17 2.8034040695093824e+17 2.5554749518099328e+17
6270.000878407689 9.039174632112856e+17 8.617126414943974e+17 8.172271705280609e+17 7.700483963187484e+17 7.196484800880553e+17 6.652992423869416e+17 6.060590930704196e+17 5.7423795042447277e+17 5.4073002703488723e+17 5.05352657899347e+17 4.8314698488408384e+17 4.67899868298087e+17 4.443015219286694e+17 4.280207270526676e+17 4.025651559489608e+17 3.84656320610348e+17 3.753074383291996e+17 3.6561043003489043e+17 3.5546998371033805e+17 3.4474775950898035e+17 3.332334643528564e+17 3.061599920531906e+17 2.885576970368163e+17 2.6334583942500397e+17
6290.000881209629 9.084665063126248e+17 8.662337636908364e+17 8.216934911601595e+17 7.744391995166397e+17 7.239482001189286e+17 6.694581461633056e+17 6.10025490862307e+17 5.780707810042019e+17 5.444046318371014e+17 5.088361194006557e+17 4.864972407616636e+17 4.711524273862893e+17 4.4739836314663846e+17 4.3100553575127834e+17 4.0536854397913363e+17 3.8733220631098285e+17 3.77916103720908e+17 3.6815011753024954e+17 3.579386386032698e+17 3.471427356722132e+17 3.355518661183322e+17 3.083163064163091e+17 2.90629461787779e+17 2.6533689635234336e+17
6310.000884011569 8.83767902130327e+17 8.429219929921153e+17 7.998762041700262e+17 7.542242735605486e+17 7.054691807040819e+17 6.528974539261156e+17 5.956014145871529e+17 5.648287547665759e+17 5.3242092305286355e+17 4.9820389363733677e+17 4.767197528544905e+17 4.619658563098737e+17 4.391192909274643e+17 4.2334458406023226e+17 3.9864910282349056e+17 3.8124376902601376e+17 3.721445726527635e+17 3.6269585831500416e+17 3.5280232995084224e+17 3.4232581562183846e+17 3.310569226709063e+17 3.0447659436783174e+17 2.8712556842497862e+17 2.6217870269913536e+17
6330.000886813499 8.888607267796652e+17 8.478393841609066e+17 8.04588931352068e+17 7.587290488576265e+17 7.097218412564381e+17 6.568951886010788e+17 5.993253927400047e+17 5.68406367676111e+17 5.358504939730385e+17 5.0147760806312646e+17 4.7989522760559226e+17 4.65072857399186e+17 4.4211973974750874e+17 4.2627180680395104e+17 4.014628086411663e+17 3.839796484610074e+17 3.748410645238935e+17 3.6535285242971866e+17 3.554196869775688e+17 3.449038140515093e+17 3.33596155883468e+17 3.0694202618563757e+17 2.895597332960195e+17 2.6459385266786275e+17
6350.000889615439 8.923401604993463e+17 8.512409152220778e+17 8.07902440376177e+17 7.619223682174953e+17 7.127857946827616e+17 6.598022988251016e+17 6.020550743367109e+17 5.710513170569123e+17 5.3841694986020454e+17 5.039802780158268e+17 4.8237013842332666e+17 4.6753457500465875e+17 4.4456837366167104e+17 4.287145389601391e+17 4.038983448941806e+17 3.864084349887216e+17 3.7726465942824083e+17 3.677699011948057e+17 3.5782862014632096e+17 3.473030796108009e+17 3.3598369984973037e+17 3.09297853839221e+17 2.918879368541581e+17 2.6685858882271686e+17
6370.000892417379 8.906149507187721e+17 8.496333770164298e+17 8.064136890693172e+17 7.605834182077102e+17 7.116007032490757e+17 6.587845817460122e+17 6.012512006566798e+17 5.703722163919899e+17 5.378752988640083e+17 5.035979459467613e+17 4.8209379868702496e+17 4.6733328176196544e+17 4.4448530965172614e+17 4.287148450640836e+17 4.040273082560929e+17 3.8662560019485395e+17 3.775263914388142e+17 3.6807684432398234e+17 3.581813352129229e+17 3.477019176055392e+17 3.364289808222787e+17 3.0983397245546656e+17 2.924629009065176e+17 2.6745115249525414e+17
6390.000895219318 8.970944181012572e+17 8.561854297294611e+17 8.130051670972278e+17 7.67144039670707e+17 7.180568081003377e+17 6.650247039343798e+17 6.071045350786376e+17 5.759450335534104e+17 5.430952748384943e+17 5.0836865244306016e+17 4.8654764419588896e+17 4.715509692936034e+17 4.4832061535874886e+17 4.322753967693273e+17 4.0715461293839834e+17 3.89453419291998e+17 3.8020241989290086e+17 3.705995702970938e+17 3.60549010096818e+17 3.499131252222186e+17 3.3848172724137235e+17 3.115659592538898e+17 2.9403925426826195e+17 2.688936796091093e+17
6410.000898021259 8.774934689707169e+17 8.377321445283199e+17 7.957872373993343e+17 7.512516979646294e+17 7.036146106306433e+17 6.522013720875067e+17 5.960708273834339e+17 5.658830480312538e+17 5.340618908309617e+17 5.004231075616237e+17 4.792810128466236e+17 4.64749176217929e+17 4.422252766326219e+17 4.266565984261164e+17 4.0225162861866605e+17 3.850251181576036e+17 3.7601043254285203e+17 3.666433312989423e+17 3.5682811897912083e+17 3.46427446263078e+17 3.3523193401735565e+17 3.0879599541606816e+17 2.915220585983707e+17 2.6666828809531286e+17
6430.000900823198 8.883198454945463e+17 8.480654000511437e+17 8.055631782532357e+17 7.604096779451987e+17 7.121062656156648e+17 6.599135749634894e+17 6.029174214634262e+17 5.722510804469385e+17 5.3992336098992576e+17 5.0574226010745766e+17 4.8425811496909254e+17 4.694924526691758e+17 4.466114048370449e+17 4.308011164276462e+17 4.0603299880447085e+17 3.885658131615685e+17 3.794318748929374e+17 3.699460148035635e+17 3.600129116472974e+17 3.494948782663388e+17 3.381826320084579e+17 3.115135583020188e+17 2.941197817394017e+17 2.6912719151048854e+17
6450.000903625129 8.782293713277704e+17 8.387083051155402e+17 7.97011465833692e+17 7.527143871354679e+17 7.053100810368797e+17 6.541100120056963e+17 5.982063407550335e+17 5.681365902321481e+17 5.364412793969154e+17 5.029338767354521e+17 4.8187339048891846e+17 4.6739727371695277e+17 4.449574352967253e+17 4.294449578864263e+17 4.0512345461681165e+17 3.8795099325172794e+17 3.7896219847641926e+17 3.696205244805565e+17 3.5983070394704064e+17 3.4945519062685894e+17 3.382854335647758e+17 3.119060497128909e+17 2.946665864183872e+17 2.6985842275303494e+17
6470.000906427069 8.775530288212174e+17 8.381343024890926e+17 7.965246068210618e+17 7.523213668794648e+17 7.050232194541847e+17 6.539391625159268e+17 5.981456054016422e+17 5.681328355329344e+17 5.36485235382231e+17 5.030229736383692e+17 4.8198749176780397e+17 4.675261056294202e+17 4.451093093472101e+17 4.296102388156441e+17 4.053091606285944e+17 3.8815064357260256e+17 3.7916927553042144e+17 3.698349254051254e+17 3.600525301559457e+17 3.496844287770896e+17 3.3852210740336646e+17 3.12157656228899e+17 2.9492605701970074e+17 2.701285699313428e+17
6490.000909229008 8.669481053145167e+17 8.281844280820781e+17 7.872560473503616e+17 7.437592438757206e+17 6.971924347908681e+17 6.468602953135091e+17 5.918760236299258e+17 5.6229142208018675e+17 5.310926123791411e+17 4.980996037179077e+17 4.773534225236071e+17 4.6308828456726835e+17 4.409679654491528e+17 4.256688121310281e+17 4.016650953811579e+17 3.847031333723239e+17 3.758193860794189e+17 3.665820045067398e+17 3.568955925703069e+17 3.466224666312558e+17 3.355529123656282e+17 3.0935839773459584e+17 2.921890612829808e+17 2.6739061997277395e+17
6510.00091203095 8.870299638422685e+17 8.475345819154529e+17 8.057864244662205e+17 7.613336309150698e+17 7.136724525848488e+17 6.620887806920396e+17 6.056468672795716e+17 5.752406153574874e+17 5.431562851418244e+17 5.0921160574083686e+17 4.878593521510527e+17 4.731786802943007e+17 4.504167915940276e+17 4.3468049485966976e+17 4.10011185763158e+17 3.9260028388619194e+17 3.8349060208076595e+17 3.740264031444566e+17 3.6411199069339194e+17 3.536093481977616e+17 3.423083339734348e+17 3.15643125316174e+17 2.98230970365563e+17 2.731742741994408e+17
6530.000914832889 8.880869545536529e+17 8.489822712752667e+17 8.075158856523767e+17 7.633006488838586e+17 7.158010040712928e+17 6.64285831505841e+17 6.078639372124252e+17 5.774482132458382e+17 5.4534540132556717e+17 5.1137369495398246e+17 4.9000621746625683e+17 4.7531528445996704e+17 4.5253916380218266e+17 4.3679072089936454e+17 4.121024086783742e+17 3.9467711043049184e+17 3.855593716423002e+17 3.760864437657065e+17 3.661631727517155e+17 3.556516368655698e+17 3.4434228453529664e+17 3.176621830910726e+17 3.002433074689547e+17 2.751744066631419e+17
6550.000917634829 8.601690594505484e+17 8.25067347870838e+17 7.874504902060435e+17 7.468543514379697e+17 7.02712820848925e+17 6.542806057968951e+17 6.0059899111326e+17 5.714219698167792e+17 5.404658076826333e+17 5.0753734601323315e+17 4.867430982614599e+17 4.724081951746907e+17 4.5012429033725485e+17 4.3467615708364346e+17 4.103846151518336e+17 3.931875707370656e+17 3.8417318408107603e+17 3.7479666616954003e+17 3.649626372965213e+17 3.545338087994867e+17 3.433005220916456e+17 3.1675293851829126e+17 2.993896412602157e+17 2.743693659713457e+17
6570.000920436759 7.669012245596271e+17 7.403414312196453e+17 7.115039794185245e+17 6.799743058273463e+17 6.451985850982006e+17 6.064547845432306e+17 5.627626683826422e+17 5.38672261264381e+17 5.1282718839251757e+17 4.8497108972904685e+17 4.671577270165092e+17 4.5476222577608435e+17 4.352860710313978e+17 4.216183944697407e+17 3.998241689672108e+17 3.8415657584927366e+17 3.7586399829360915e+17 3.671810756712866e+17 3.5801450197675014e+17 3.4822869655530285e+17 3.376177740628026e+17 3.122764105303867e+17 2.955240110248043e+17 2.7118867181486336e+17
6590.000923238699 8.727402063499674e+17 8.353423231196268e+17 7.955883892533782e+17 7.53029110228515e+17 7.071503284066054e+17 6.572497805625284e+17 6.023942151323465e+17 5.727594867217311e+17 5.414302123239753e+17 5.082244983764169e+17 4.8731087402140454e+17 4.7291716043354835e+17 4.5057714573500717e+17 4.351148403349757e+17 4.108406120014358e+17 3.9368111099062765e+17 3.846932537371825e+17 3.753486498760217e+17 3.6555186368084026e+17 3.551651269015348e+17 3.439797953966745e+17 3.1755089088353043e+17 3.0026855146247264e+17 2.7537435745279066e+17
6610.000926040639 8.862652719402854e+17 8.473711147674866e+17 8.061970783781551e+17 7.623290843640371e+17 7.152406684904623e+17 6.641918708777117e+17 6.082828782837855e+17 5.781432912591227e+17 5.463246684637247e+17 5.12636011957686e+17 4.914389428944197e+17 4.768579730162111e+17 4.542433069399349e+17 4.3860125635487584e+17 4.140639031656935e+17 3.967322980733515e+17 3.876594294292638e+17 3.7822959130176614e+17 3.6834710498617376e+17 3.578740465648651e+17 3.4660012387185824e+17 3.1997983533045485e+17 3.0258483490207955e+17 2.7754148703310643e+17
6630.000928842579 8.813713508619643e+17 8.425941721562619e+17 8.015827587387165e+17 7.579427305293894e+17 7.111354889385637e+17 6.604896406685265e+17 6.050918269730993e+17 5.752594736729294e+17 5.4378519194137786e+17 5.1049290383224845e+17 4.895555175051622e+17 4.7515930100752774e+17 4.528352153389722e+17 4.3739602451554694e+17 4.131742032536829e+17 3.960614650714558e+17 3.8710023555302144e+17 3.777840342267408e+17 3.680180486510613e+17 3.5766472179088064e+17 3.465147429809434e+17 3.201635497716845e+17 3.029218339363468e+17 2.7806161705355376e+17
6650.0009316445185 8.803383667187503e+17 8.417289549917504e+17 8.009103075131014e+17 7.574702128537574e+17 7.108851283674184e+17 6.604504315475432e+17 6.052395570726322e+17 5.7548934544155296e+17 5.4408662619901274e+17 5.108454157889204e+17 4.899281704731298e+17 4.755404623634638e+17 4.53222978897651e+17 4.3778267846189414e+17 4.135537831936375e+17 3.9643040759610854e+17 3.8746236856393555e+17 3.781379787942081e+17 3.683618279500873e+17 3.579965560061638e+17 3.468324846101068e+17 3.2044335621525056e+17 3.0317491730679226e+17 2.7827453107725706e+17
6670.000934446459 8.715203862440169e+17 8.334271121481686e+17 7.931320855862685e+17 7.502386108893281e+17 7.042394439829463e+17 6.54443794257677e+17 5.999534696189279e+17 5.705951610242759e+17 5.396206864529486e+17 5.0684805746576595e+17 4.862335386499972e+17 4.7205544665314234e+17 4.5006312412416256e+17 4.348462469627013e+17 4.109618283495697e+17 3.9407322321017875e+17 3.852241492407621e+17 3.760205172852815e+17 3.6636702074456006e+17 3.5612672991208864e+17 3.4509097331529043e+17 3.1897235643800224e+17 3.0184844656741466e+17 2.7710073169240982e+17
6690.000937248398 8.84022988252418e+17 8.454846383680827e+17 8.047219077777347e+17 7.6131487071739e+17 7.147250122645725e+17 6.64258097741683e+17 6.089772684215523e+17 5.79173597272118e+17 5.477057096467376e+17 5.143844056283119e+17 4.934162842088631e+17 4.789921368119377e+17 4.566168228173153e+17 4.411367524126696e+17 4.168440313567098e+17 3.996783091139474e+17 3.906888469042602e+17 3.8134373725946374e+17 3.7154808795077037e+17 3.611647414876038e+17 3.4998575338690195e+17 3.23586624145981e+17 3.0633512846374086e+17 2.8149168265848675e+17
6710.000940050329 8.684376459832717e+17 8.304880876004855e+17 7.903899363523544e+17 7.47757246681353e+17 7.020669276707315e+17 6.526443265487168e+17 5.986111838965332e+17 5.695220779920673e+17 5.3884641910628397e+17 5.0639760056992256e+17 4.859917336231001e+17 4.7195953305901926e+17 4.501907587588226e+17 4.351272667789359e+17 4.1147577553626906e+17 3.9474405022746906e+17 3.8597322492530266e+17 3.768477790786504e+17 3.672723719601641e+17 3.571098808216697e+17 3.4615124538207834e+17 3.201817415953156e+17 3.0312578141233114e+17 2.7843350071463632e+17
6730.000942852268 8.784696951160142e+17 8.404060081755603e+17 8.001207731711624e+17 7.572515041521376e+17 7.11238036346459e+17 6.613873513751844e+17 6.067984035086277e+17 5.773649246749704e+17 5.462811329932481e+17 5.13368299450054e+17 4.926499391414784e+17 4.783951502760885e+17 4.5627294148541274e+17 4.4096170055354976e+17 4.169202990701627e+17 3.999187618272513e+17 3.9101081674340416e+17 3.817468947151053e+17 3.7203206840572883e+17 3.6172960118853594e+17 3.506320680581672e+17 3.2440178482752186e+17 3.0724468919562304e+17 2.82523702470325e+17
6750.000945654209 8.69567185894379e+17 8.320323784625988e+17 7.923303337342917e+17 7.500600383403183e+17 7.047243496878326e+17 6.556053618568847e+17 6.018172294537628e+17 5.728224699261184e+17 5.422035732377283e+17 5.0978183921873734e+17 4.8936880321304365e+17 4.75321752674221e+17 4.535168045724865e+17 4.384167448246461e+17 4.1469055787816704e+17 3.9789443249114496e+17 3.8908723825192774e+17 3.799220518079421e+17 3.7030414805925574e+17 3.600961967124672e+17 3.4909020835342445e+17 3.230277680716719e+17 3.0593852352722906e+17 2.8125430269676208e+17
6770.000948456149 8.702712164345029e+17 8.3269800206173e+17 7.929824995846817e+17 7.507157383812012e+17 7.053649948438312e+17 6.562469486168906e+17 6.024727817682337e+17 5.734800164278197e+17 5.428634817819892e+17 5.1045181125461203e+17 4.9004886416603194e+17 4.7601013118889414e+17 4.5421917420427955e+17 4.391329565589207e+17 4.1543173161383974e+17 3.9865662997795584e+17 3.898610319626351e+17 3.807086313090036e+17 3.711047706304645e+17 3.6091222467162266e+17 3.4992369068738944e+17 3.239060727728949e+17 3.0684999293360083e+17 2.8222072059386672e+17
6790.000951258089 8.68190803319784e+17 8.307586664353861e+17 7.911473501947192e+17 7.48990772589289e+17 7.037617716346497e+17 6.547953313590129e+17 6.012177049036436e+17 5.723579536534639e+17 5.419057554308301e+17 5.0967791011497984e+17 4.894018324840691e+17 4.7545357955103846e+17 4.538092693561571e+17 4.388245958618864e+17 4.152844075207664e+17 3.9862136490701056e+17 3.898829854612579e+17 3.807891221390637e+17 3.7124508667433786e+17 3.611140433747026e+17 3.5018902299381357e+17 3.243054079202596e+17 3.0731811383962355e+17 2.8275007620850538e+17
6810.000954060029 8.635149046316097e+17 8.264530694262177e+17 7.872588475094287e+17 7.455343801802244e+17 7.007683013552988e+17 6.522902185860643e+17 5.992312846312995e+17 5.706340128608341e+17 5.404473222956369e+17 5.084864159061441e+17 4.883694539236901e+17 4.745263965271776e+17 4.530372453348123e+17 4.3815460788569274e+17 4.147615723244883e+17 3.981930743960246e+17 3.8950114989228634e+17 3.804529578422124e+17 3.70953520980719e+17 3.6086696188614304e+17 3.499855755640965e+17 3.241881038552193e+17 3.0724476782454605e+17 2.8272602264090336e+17
6830.000956861959 8.693995808304484e+17 8.32284843473762e+17 7.929837807091803e+17 7.511249651138628e+17 7.061718333942815e+17 6.574328125907329e+17 6.040086542760177e+17 5.7518941489967066e+17 5.447460165674415e+17 5.124918990365265e+17 4.9217666876737536e+17 4.781938814063753e+17 4.564821759799041e+17 4.414435922792003e+17 4.178091152726221e+17 4.0107555602486816e+17 3.9230057450036794e+17 3.8316873490131066e+17 3.735858557410746e+17 3.6341568455666605e+17 3.5245134055338144e+17 3.264940514331418e+17 3.0947944052561984e+17 2.8490503977793517e+17
6850.000959663898 8.529919343796383e+17 8.165465235960408e+17 7.780082499614213e+17 7.369869456401706e+17 6.929950660619249e+17 6.453934293274844e+17 5.933101088652262e+17 5.6526015021667936e+17 5.356650760639669e+17 5.0434627226732646e+17 4.846356337561786e+17 4.7107192990700794e+17 4.500133958145818e+17 4.3542428729459904e+17 4.1248056435168826e+17 3.9621592006346394e+17 3.8767784797214406e+17 3.787842477041222e+17 3.694412542090769e+17 3.5951242140987046e+17 3.487906089590026e+17 3.233169967771694e+17 3.0653568087295974e+17 2.8217326890772237e+17
6870.000962465839 8.608775796977747e+17 8.242808134506098e+17 7.855319577631807e+17 7.442565616878307e+17 6.999460956883672e+17 6.51914317275728e+17 5.99280623231533e+17 5.708906716694253e+17 5.409016117496243e+17 5.091294787297486e+17 4.891234295299476e+17 4.753515892383123e+17 4.5396708643798534e+17 4.391514495791882e+17 4.158598210497204e+17 3.993582515167607e+17 3.907003278285045e+17 3.8168648644700666e+17 3.7222213818474714e+17 3.621713717663276e+17 3.513271278996009e+17 3.2561229861129126e+17 3.087190954391714e+17 2.8426668088868618e+17
6890.000965267778 8.628658914691329e+17 8.262938180932233e+17 7.875661169747913e+17 7.463052976868324e+17 7.019845048550015e+17 6.539568990612979e+17 6.013262350426094e+17 5.7293601167533504e+17 5.429477696112453e+17 5.1117923319329165e+17 4.911719350389992e+17 4.7739934777947456e+17 4.5601123076320845e+17 4.4119266251704634e+17 4.1789169130246746e+17 4.013831178928654e+17 3.927209425807807e+17 3.8370318108590714e+17 3.7423517428332096e+17 3.64181965085666e+17 3.5333754865033914e+17 3.27636916181399e+17 3.10769668750678e+17 2.863833613162638e+17
6910.0009680697185 8.578904013406774e+17 8.2160074330363e+17 7.831732128459853e+17 7.422388197534077e+17 6.982976171086346e+17 6.506741832539327e+17 5.984852890043882e+17 5.703421737106724e+17 5.4061680677641446e+17 5.0912887231388915e+17 4.892982881428372e+17 4.756473293733035e+17 4.5444711164178554e+17 4.3975640587854176e+17 4.1664938616595206e+17 4.002704244235787e+17 3.9167297941340115e+17 3.8271967679084045e+17 3.7331571959680237e+17 3.6332611890614176e+17 3.5254435920322534e+17 3.269633815888867e+17 3.1014769956306195e+17 2.8579344912280637e+17
6930.000970871649 8.564167882480325e+17 8.20235164057106e+17 7.819203368192168e+17 7.410894453892561e+17 6.972524936193171e+17 6.497437848430446e+17 5.97677772629735e+17 5.696050752323107e+17 5.399605544157805e+17 5.0856082100591904e+17 4.88788342425216e+17 4.751774825881233e+17 4.540408535154326e+17 4.3939386966667955e+17 4.163571641612695e+17 4.0002598064780685e+17 3.914534042087832e+17 3.8252535234862464e+17 3.7314725107542694e+17 3.631837261106575e+17 3.524280071172259e+17 3.2689323327887674e+17 3.100870339020796e+17 2.856969645590458e+17
6950.000973673588 8.5362088115919e+17 8.176630253116321e+17 7.795644965592497e+17 7.389662200679345e+17 6.953673130587724e+17 6.481008829694129e+17 5.96276493813856e+17 5.683112410712106e+17 5.3877308015255e+17 5.074731863470188e+17 4.8775718571082246e+17 4.741824676503808e+17 4.530965702808902e+17 4.384823323850092e+17 4.154896032918333e+17 3.991859677953866e+17 3.90625646786763e+17 3.817087578254497e+17 3.7234026666119725e+17 3.623838621171689e+17 3.516318088429758e+17 3.2608176015761075e+17 3.092383645700278e+17 2.8473619901852704e+17
6970.00097647553 8.544745500493385e+17 8.185927179030093e+17 7.805628171040361e+17 7.400169387256746e+17 6.964535241332198e+17 6.49212435238044e+17 5.974172770442079e+17 5.6947092926452954e+17 5.399533590187103e+17 5.0867767076919386e+17 4.8897957322533114e+17 4.754180594208391e+17 4.54355875643645e+17 4.3975735251778054e+17 4.167901525315839e+17 4.005046098304004e+17 3.91954170214976e+17 3.8304733229281926e+17 3.736902428413056e+17 3.637469103494753e+17 3.530103931926675e+17 3.275051270076043e+17 3.106983319353459e+17 2.862590874773254e+17
6990.000979277469 8.525067341974812e+17 8.167395569869134e+17 7.78849393114103e+17 7.384663523607738e+17 6.950688872040058e+17 6.479987128884042e+17 5.963819423252328e+17 5.6852626563032026e+17 5.390957989576841e+17 5.0790899286715194e+17 4.88260671041069e+17 4.7473256585188064e+17 4.537177142361062e+17 4.3915091176875315e+17 4.1623238724700384e+17 3.999796318687594e+17 3.9144586958395526e+17 3.82556101910443e+17 3.732158146437266e+17 3.6328902734854586e+17 3.5256845572658797e+17 3.270899083799865e+17 3.1028952557778266e+17 2.8584166241406592e+17
7010.000982079409 8.299347893172781e+17 7.952390005803278e+17 7.585157576871747e+17 7.194275954234246e+17 6.77495994288388e+17 6.321133770668548e+17 5.82466775070818e+17 5.5573829598690496e+17 5.275425871190986e+17 4.977034574041319e+17 4.789193551416734e+17 4.659877105171584e+17 4.458924804499613e+17 4.3195350121092346e+17 4.099864914446411e+17 3.943715762154371e+17 3.861570540137124e+17 3.775869375709316e+17 3.685670009694539e+17 3.589615168364784e+17 3.485633009225906e+17 3.2373012142884915e+17 3.072484487853613e+17 2.8311078995454794e+17
7030.000984881349 8.433326673996806e+17 8.081515854731753e+17 7.708843702175553e+17 7.311560688612264e+17 6.884862322899488e+17 6.422255533571087e+17 5.915249393216768e+17 5.6418292000306266e+17 5.353079302375056e+17 5.0471914178408685e+17 4.854537060308793e+17 4.72189051638292e+17 4.515820401603025e+17 4.3729415416294195e+17 4.1479905270719565e+17 3.988322236289771e+17 3.904424006457977e+17 3.816976821421761e+17 3.725039343084823e+17 3.627257559415073e+17 3.521566623132256e+17 3.269966940624951e+17 3.103713400225205e+17 2.8613115354293565e+17
7050.000987683289 8.468225068573834e+17 8.116332851452607e+17 7.74368907369314e+17 7.346131977037386e+17 6.919044804965711e+17 6.455497484533111e+17 5.946998096890857e+17 5.672543550240531e+17 5.382553101803425e+17 5.0751755764997414e+17 4.8814647837701344e+17 4.748050342853691e+17 4.540729107724126e+17 4.3969480034110586e+17 4.170596838663968e+17 4.0099530688554176e+17 3.9255599418985274e+17 3.837613595098018e+17 3.74517624865537e+17 3.646897644169341e+17 3.540725338996588e+17 3.288296628261645e+17 3.1218496309243814e+17 2.8798299521299968e+17
7070.000990485219 8.405994551060951e+17 8.056877448424033e+17 7.687078917261492e+17 7.292971158926833e+17 6.869426191684563e+17 6.410201836609295e+17 5.906742249272728e+17 5.635243608008254e+17 5.348470179184889e+17 5.044656003839866e+17 4.853269689962863e+17 4.7214760092873216e+17 4.5167035101785715e+17 4.374688100030929e+17 4.1510460178421126e+17 3.992245054349399e+17 3.90878338776716e+17 3.821774586180343e+17 3.7302801388836e+17 3.632947253596528e+17 3.527717966723146e+17 3.2771073319499846e+17 3.111427563720652e+17 2.869775180341551e+17
7090.000993287159 8.378066128077221e+17 8.031034034331887e+17 7.663503509891438e+17 7.271758137045425e+17 6.85088061764818e+17 6.39443356186592e+17 5.894022179642527e+17 5.624089951869847e+17 5.338948955396154e+17 5.036854296978336e+17 4.846547761991802e+17 4.715491733514814e+17 4.5118203114720224e+17 4.3705558280936294e+17 4.148045253610768e+17 3.990003232075146e+17 3.9069221896980384e+17 3.820295364341702e+17 3.7291872923438835e+17 3.6322496125679776e+17 3.527428909659642e+17 3.27771337718237e+17 3.112562632906558e+17 2.87156122538566e+17
7110.000996089098 8.391212794875748e+17 8.047787780462209e+17 7.683278489031409e+17 7.293955942789222e+17 6.874965542744785e+17 6.419491266109436e+17 5.918911176889482e+17 5.648422008008979e+17 5.3623723473510144e+17 5.0589466194553683e+17 4.8676052267308915e+17 4.73576592597339e+17 4.530777779581571e+17 4.388522529377251e+17 4.1643849212820806e+17 4.005145638350832e+17 3.921428046546375e+17 3.8341403696154016e+17 3.742342623212227e+17 3.6446801418316634e+17 3.5390901694367994e+17 3.287607080916557e+17 3.121293161818413e+17 2.878412588058509e+17
7130.000998891039 8.290828719417071e+17 7.949985895062696e+17 7.588699894424964e+17 7.203332695693308e+17 6.78897343948528e+17 6.339347617354179e+17 5.846125694461391e+17 5.579957980729457e+17 5.298805590482249e+17 5.0008561979985696e+17 4.813126421314341e+17 4.6838242319022726e+17 4.482839810758408e+17 4.3433954786245466e+17 4.1236461179223456e+17 3.967466097193289e+17 3.88532017805553e+17 3.7996316651869146e+17 3.709465340053209e+17 3.613469164609479e+17 3.509581598351e+17 3.261612381412893e+17 3.0970983443510816e+17 2.8560226358407488e+17
7150.001001692978 8.251214223597603e+17 7.912792308907218e+17 7.55421898734542e+17 7.171798062532826e+17 6.76066690947881e+17 6.314686384566548e+17 5.825550703784261e+17 5.561690638913319e+17 5.282917105679616e+17 4.9874996379457414e+17 4.801348788964525e+17 4.673123400295169e+17 4.473790573347494e+17 4.3354637037859117e+17 4.117427562013309e+17 3.9624199258941914e+17 3.880871208950717e+17 3.795793072510193e+17 3.706250916299061e+17 3.610899846469288e+17 3.507688104281566e+17 3.261231805741866e+17 3.097656787450622e+17 2.857930507774212e+17
7170.0010044949195 8.244284853634811e+17 7.907763995692334e+17 7.551237451780317e+17 7.171006993884206e+17 6.762181243648058e+17 6.318496730888186e+17 5.831749425900315e+17 5.56910633957655e+17 5.2915520750754797e+17 4.997371278274912e+17 4.8119437068557414e+17 4.684195503218085e+17 4.4855706349949414e+17 4.3476981990184205e+17 4.1302980464992634e+17 3.975685645498147e+17 3.8943264252201594e+17 3.8094327604734054e+17 3.720074904587559e+17 3.624912867121758e+17 3.521899487057944e+17 3.2759505422768794e+17 3.1127898038547494e+17 2.8738623799101206e+17
7190.001007296848 8.048525339302683e+17 7.719420812734395e+17 7.371094668099767e+17 7.000220838653312e+17 6.602382644784852e+17 6.171814670641064e+17 5.7006982998576006e+17 5.4470921965923866e+17 5.1794595187217395e+17 4.896162224967208e+17 4.71771343675617e+17 4.5947837264671046e+17 4.4036015420899654e+17 4.2708083804292864e+17 4.061152938397337e+17 3.911749615060226e+17 3.833005888297401e+17 3.750731115985293e+17 3.663996071061294e+17 3.5714549489715814e+17 3.471054679247367e+17 3.230228051647071e+17 3.0694888520041363e+17 2.8327826937542838e+17
7210.001010098789 8.195273317554881e+17 7.86243721270492e+17 7.509748910456177e+17 7.133409163172214e+17 6.729020393280352e+17 6.289952871275053e+17 5.808010812275786e+17 5.547792092896482e+17 5.272656386172165e+17 4.980852049981049e+17 4.796824261505004e+17 4.669975248472199e+17 4.4726705857041946e+17 4.33564767004144e+17 4.1195355734869946e+17 3.965783653874421e+17 3.8848567166434835e+17 3.8003978452744096e+17 3.7114765141447597e+17 3.616752952302603e+17 3.514183490857628e+17 3.2691520669474586e+17 3.1065130646188595e+17 2.868323954785033e+17
7230.001012900729 8.208160978019521e+17 7.875620442731881e+17 7.522891913065682e+17 7.146970573643652e+17 6.742740143413376e+17 6.304160976647224e+17 5.822929964978438e+17 5.563245701587105e+17 5.288763010120806e+17 4.997752806149846e+17 4.814259919390008e+17 4.68782592415486e+17 4.491126104778315e+17 4.3545270560350605e+17 4.139020799299087e+17 3.9856407499969094e+17 3.904894617824331e+17 3.820615313746588e+17 3.731874304283075e+17 3.63733933966119e+17 3.534975720079142e+17 3.290504647557006e+17 3.128334715037988e+17 2.8910375809127994e+17
7250.001015702669 8.24525085651293e+17 7.912677107246854e+17 7.559669384550687e+17 7.183097933145238e+17 6.777593372752137e+17 6.337109146787791e+17 5.85317635130222e+17 5.5917107975478163e+17 5.3151936327358496e+17 5.021780193082526e+17 4.8366940864253875e+17 4.7091255200378074e+17 4.510673414734173e+17 4.3728610645303085e+17 4.1554946229876845e+17 4.000865845465625e+17 3.919492127460181e+17 3.834581935669453e+17 3.7452132947832685e+17 3.650048976800154e+17 3.5470561497103475e+17 3.301326308740285e+17 3.138525908347863e+17 2.900555190736449e+17
7270.0010185046085 8.229365818318451e+17 7.897301827827172e+17 7.544887296644257e+17 7.168802521290853e+17 6.764175987255817e+17 6.324636188603881e+17 5.841868006375272e+17 5.581086910555021e+17 5.305360770755646e+17 5.0128603558049254e+17 4.828390245875038e+17 4.701242866553011e+17 4.5034690431817056e+17 4.366148690405811e+17 4.1495672389135834e+17 3.9955049696186035e+17 3.914429673509907e+17 3.829828913498941e+17 3.740778264719204e+17 3.645941680704138e+17 3.5432872612755104e+17 3.298236421730481e+17 3.135720641552369e+17 2.89779453179138e+17
7290.001021306549 8.026483082464137e+17 7.703370186503569e+17 7.361117444260179e+17 6.996230446269573e+17 6.604180438840763e+17 6.179139495118228e+17 5.713421939535844e+17 5.462245674493913e+17 5.1970218660204314e+17 4.915970210554045e+17 4.738796849283912e+17 4.6166921865939424e+17 4.4266961772590624e+17 4.294669897542246e+17 4.086143546921381e+17 3.93749754869408e+17 3.859142688569171e+17 3.777273225863045e+17 3.690961823045194e+17 3.5988772471639104e+17 3.498983641413735e+17 3.259436068524974e+17 3.0995794207972134e+17 2.8640487430519974e+17
7310.001024108488 8.156895912721458e+17 7.829536161563139e+17 7.482132808657588e+17 7.11125248546401e+17 6.712260712152433e+17 6.278876613805958e+17 5.802898559558651e+17 5.5458054895646086e+17 5.2739471647742445e+17 4.985549581034983e+17 4.803633523286799e+17 4.6782351748997997e+17 4.483126873068661e+17 4.3476130885841517e+17 4.133763771738752e+17 3.98154951931587e+17 3.9014047085695866e+17 3.817746348790042e+17 3.72964639984941e+17 3.635775152895582e+17 3.5341015760756397e+17 3.291066253827692e+17 3.129579612908224e+17 2.892656479383314e+17
7330.001026910419 8.127937568891985e+17 7.803050989835613e+17 7.45848136037956e+17 7.090370283335512e+17 6.694172099048947e+17 6.263657210161317e+17 5.790666272437096e+17 5.5351196170968614e+17 5.264846494162139e+17 4.978098075852221e+17 4.7972195300541536e+17 4.6725010611978835e+17 4.4784438081522266e+17 4.343634923637696e+17 4.1308695733472966e+17 3.979388305900216e+17 3.8996195653648915e+17 3.816344806316858e+17 3.728642748071264e+17 3.6351864753353715e+17 3.5339564412426765e+17 3.2919760898182336e+17 3.131204317230019e+17 2.8953755247706266e+17
7350.001029712358 8.162934298588134e+17 7.835904731259853e+17 7.488860269542579e+17 7.118310394116614e+17 6.719545593054469e+17 6.286254880291356e+17 5.810376100747501e+17 5.55327803960864e+17 5.281411914400338e+17 4.993021711556118e+17 4.8111329155310234e+17 4.685758606726654e+17 4.4907190393878854e+17 4.3552688453473216e+17 4.141563057908476e+17 3.989470083591239e+17 3.909402758306232e+17 3.8258298361951386e+17 3.7378292292512954e+17 3.644074341623572e+17 3.5425386410269306e+17 3.299878939248491e+17 3.138667324605188e+17 2.902145146244199e+17
7370.0010325142985 8.168521505793591e+17 7.843173346990364e+17 7.4978485385777e+17 7.12899796281725e+17 6.731908983837998e+17 6.300054159812425e+17 5.825538970636662e+17 5.569014197145875e+17 5.2977312881193485e+17 5.0098187011192646e+17 4.828180113045145e+17 4.702955185533119e+17 4.5081160664389715e+17 4.372767411935554e+17 4.1591828707397504e+17 4.00716136434131e+17 3.9271240636538976e+17 3.843588688576099e+17 3.7556365515067405e+17 3.6619511779854534e+17 3.5605237237702394e+17 3.318363785932463e+17 3.157772906257022e+17 2.92272868416551e+17
7390.001035316238 7.985059342845646e+17 7.668937492243039e+17 7.33340759705108e+17 6.97559885167992e+17 6.590632830689892e+17 6.172728099812987e+17 5.714061092898275e+17 5.466395356046311e+17 5.204523402256166e+17 4.926725802264449e+17 4.751429453528589e+17 4.630549219021834e+17 4.442355180906009e+17 4.311517686710278e+17 4.104775279259727e+17 3.9573479619092384e+17 3.879623447598753e+17 3.798405496685227e+17 3.712781866973238e+17 3.621436651153686e+17 3.522365155731983e+17 3.284972692449652e+17 3.126813646317011e+17 2.894350152131626e+17
7410.001038118179 7.885260623354883e+17 7.575624425062493e+17 7.24727030853843e+17 6.8969746353512e+17 6.520170963849896e+17 6.110883718553632e+17 5.6613726905091283e+17 5.418484836665823e+17 5.161576542308147e+17 4.888767462420875e+17 4.7164780877456205e+17 4.597602781883457e+17 4.4123803215522266e+17 4.2835057102030944e+17 4.0796588567208026e+17 3.9341262977828026e+17 3.857339285877213e+17 3.777050669730115e+17 3.692352132286392e+17 3.60192426242249e+17 3.503764972572764e+17 3.2682072242443565e+17 3.1110258126302336e+17 2.8797808754525165e+17
7430.001040920119 7.981832926101117e+17 7.668127927862163e+17 7.335062401044481e+17 6.979467634598529e+17 6.59657220014522e+17 6.180359448909012e+17 5.723057632920199e+17 5.4759731368712704e+17 5.2146152367990784e+17 4.937237710063718e+17 4.762151576423375e+17 4.6413910100373005e+17 4.453343055836756e+17 4.3225731415111424e+17 4.1158962348962995e+17 3.968487235903127e+17 3.8907630434895744e+17 3.809545750669706e+17 3.72392215017445e+17 3.632581616145967e+17 3.533526996163059e+17 3.2962789499702944e+17 3.138338597398202e+17 2.9064071441862394e+17
7450.001043722049 8.003727649264596e+17 7.689752759112851e+17 7.356324865168954e+17 7.000073873614228e+17 6.616353794553925e+17 6.199118287718625e+17 5.740405588476373e+17 5.4924279024840416e+17 5.2300563215743354e+17 4.9515270890578394e+17 4.775697091431395e+17 4.654421073529823e+17 4.4655727559771264e+17 4.3342675753321056e+17 4.126794752845487e+17 3.978875911977255e+17 3.9009095661355475e+17 3.819458173096076e+17 3.733612719947936e+17 3.6420673750088845e+17 3.5428293361488794e+17 3.305327147098466e+17 3.1473707374759104e+17 2.91559880648718e+17
7470.001046523989 8.061903380965911e+17 7.746417196783653e+17 7.411332999787956e+17 7.052990236964543e+17 6.666710840185037e+17 6.246050665449777e+17 5.783020943729923e+17 5.532400216698769e+17 5.2670208040482464e+17 4.9850348753259834e+17 4.8069449365577056e+17 4.684080401485115e+17 4.49275131290322e+17 4.35973072075078e+17 4.14961265608252e+17 3.9998881866820205e+17 3.921007589928321e+17 3.8386312159181786e+17 3.751852713841792e+17 3.6593607455718566e+17 3.559159956314898e+17 3.3196566132354374e+17 3.160620513157805e+17 2.9275658053761363e+17
7490.001049325929 7.993334594769018e+17 7.68153900881093e+17 7.350130766877832e+17 6.995841146479767e+17 6.613976712860993e+17 6.19822667832225e+17 5.7407600518355706e+17 5.4932740784310214e+17 5.231293424004429e+17 4.953078741020457e+17 4.777403310958317e+17 4.656222457302959e+17 4.4675178634392934e+17 4.336303243161231e+17 4.128980495572259e+17 3.9811714511795686e+17 3.9032635672748e+17 3.8218759870680934e+17 3.736104307371413e+17 3.644641923212643e+17 3.5455022712985197e+17 3.30825551414496e+17 3.150454028904435e+17 2.918774383575984e+17
7510.001052127869 8.005984206010294e+17 7.694172030319837e+17 7.36300317644537e+17 7.009068189236211e+17 6.627237048835135e+17 6.211594611167089e+17 5.754112821717681e+17 5.506494979686476e+17 5.24432575263536e+17 4.965823387161487e+17 4.789927860184233e+17 4.668576376422983e+17 4.479580570242207e+17 4.34815640926083e+17 4.1405165734639763e+17 3.992495091698632e+17 3.914490385140869e+17 3.833008432556048e+17 3.74714932941615e+17 3.655612280898486e+17 3.556419860715707e+17 3.319225816951712e+17 3.161671075087258e+17 2.930788810363002e+17
7530.001054929809 8.008226829406266e+17 7.697458560559297e+17 7.367245046470004e+17 7.014030323324256e+17 6.633197398180666e+17 6.218510495463892e+17 5.7618143609375194e+17 5.5145372767941485e+17 5.252616555678556e+17 4.97423828320388e+17 4.798335810307677e+17 4.676953756829484e+17 4.487872489425359e+17 4.356359271140409e+17 4.148533110083947e+17 4.0003714418350803e+17 3.922288070604676e+17 3.8407292803013536e+17 3.754789881280904e+17 3.6631715195659245e+17 3.5638991640004544e+17 3.3265852398968506e+17 3.1690494279590355e+17 2.938421388165074e+17
7550.001057731749 8.028167418524138e+17 7.716537155753445e+17 7.385532576107543e+17 7.031502801439196e+17 6.649741148949564e+17 6.234263861737085e+17 5.776554711343436e+17 5.528760081845543e+17 5.266297751125885e+17 4.987335872136663e+17 4.8111052587236154e+17 4.68949531303379e+17 4.500094577525118e+17 4.3683818652372384e+17 4.160289513675995e+17 4.011972726934015e+17 3.933824034782516e+17 3.8522061177066925e+17 3.766220069493348e+17 3.6745716145618426e+17 3.575290983133461e+17 3.338085185823777e+17 3.180737447736182e+17 2.950558558651617e+17
7570.001060533678 7.956084525543424e+17 7.648390763774085e+17 7.321494502853277e+17 6.972126450918748e+17 6.59543860458725e+17 6.185417331650587e+17 5.734163433046041e+17 5.489934677984934e+17 5.231341032554634e+17 4.9565867120112096e+17 4.783000784714322e+17 4.663213855137829e+17 4.476594139253766e+17 4.3467762280108595e+17 4.141539832637486e+17 3.995133312515597e+17 3.9179427017618797e+17 3.837286548427867e+17 3.752268309239797e+17 3.661595497723939e+17 3.5633015159131136e+17 3.3281266017095245e+17 3.1718450246083494e+17 2.942817765536458e+17
7590.001063335619 7.947638521773275e+17 7.641143812962922e+17 7.315428280885029e+17 6.966869450420078e+17 6.590993974825729e+17 6.181741972852488e+17 5.730947243816394e+17 5.486856569347346e+17 5.228294224923486e+17 4.9535160044748634e+17 4.7799132297377517e+17 4.6600978531958534e+17 4.47345336051694e+17 4.3436254003290963e+17 4.138412205874092e+17 3.9920605300316755e+17 3.914911080764044e+17 3.834307800460923e+17 3.7493548581972026e+17 3.6587639463884186e+17 3.5605735670902406e+17 3.3257028442535725e+17 3.169664076185929e+17 2.941036179480543e+17
7610.001066137558 7.906702034337106e+17 7.602702964904161e+17 7.279431563872366e+17 6.933916221591346e+17 6.561516452994467e+17 6.156128737018972e+17 5.709899106528077e+17 5.468420536756094e+17 5.2127099040272115e+17 4.94102120355244e+17 4.769416287750591e+17 4.6509844930469056e+17 4.466463205156297e+17 4.338076280328938e+17 4.135052631742911e+17 3.990168741709004e+17 3.9137575343053325e+17 3.833896216072405e+17 3.749693898096743e+17 3.659868011691241e+17 3.562463857313303e+17 3.3292940090112525e+17 3.1742571876485645e+17 2.946966413815629e+17
7630.001068939499 7.944862821543666e+17 7.64039843292134e+17 7.316626611640269e+17 6.970128323521105e+17 6.596153706152244e+17 6.188776701293037e+17 5.739756934171946e+17 5.496451037320663e+17 5.238567813131109e+17 4.9643212894560384e+17 4.790945424833676e+17 4.671236515771477e+17 4.484720870313753e+17 4.354944901814405e+17 4.149774774353456e+17 4.00343999060609e+17 3.926300285152803e+17 3.8457142446197395e+17 3.760786409787134e+17 3.6702337422847123e+17 3.572103703215142e+17 3.337492797650012e+17 3.1817616853680845e+17 2.953831537168882e+17
7650.001071741439 7.91449281743321e+17 7.612258473705074e+17 7.291140283106019e+17 6.947534592739155e+17 6.576725363429592e+17 6.172736994048928e+17 5.727443726189683e+17 5.486176278842325e+17 5.230443144624227e+17 4.9584246728277056e+17 4.786440641385776e+17 4.667684503237042e+17 4.4825758930001165e+17 4.353739227685535e+17 4.149958258813828e+17 4.0045354970612774e+17 3.9278453854496864e+17 3.847706562971373e+17 3.7632263004345325e+17 3.67312729600602e+17 3.575461839334354e+17 3.34186340951151e+17 3.1867412874225235e+17 2.95963779121764e+17
7670.001074543379 7.719458660049652e+17 7.426492601793889e+17 7.115303225286026e+17 6.782561329081404e+17 6.423792046350605e+17 6.033143446638094e+17 5.603045084499546e+17 5.370163176413534e+17 5.123487652490263e+17 4.861208607773884e+17 4.695382597898673e+17 4.580877186054673e+17 4.4023158557836314e+17 4.277949479881974e+17 4.081018234777242e+17 3.940246232863449e+17 3.865912294306497e+17 3.7881481226451117e+17 3.7060702311020704e+17 3.618403368853257e+17 3.523205818849106e+17 3.294680450126752e+17 3.1421867292885344e+17 2.9178527144113683e+17
7690.001077345319 7.869238792932831e+17 7.571370480848488e+17 7.254709833764033e+17 6.915614604005185e+17 6.549532164707663e+17 6.150296874704453e+17 5.7099868284235686e+17 5.471247467234721e+17 5.218131547816065e+17 4.94878608097544e+17 4.778429052648866e+17 4.660770290962632e+17 4.477303576984036e+17 4.3495622206255635e+17 4.147421464811605e+17 4.003097911562394e+17 3.926962583499699e+17 3.8473856615836397e+17 3.7634793837367046e+17 3.673972334742385e+17 3.576928479758636e+17 3.344749771288346e+17 3.1905314087148365e+17 2.964713714207827e+17
7710.001080147249 7.786844632995994e+17 7.491637606705382e+17 7.178065800026417e+17 6.84232783219497e+17 6.480202355331282e+17 6.085618006919369e+17 5.6507597773627565e+17 5.4151690701607846e+17 5.1653872364411117e+17 4.8996502086392864e+17 4.731565533520893e+17 4.615471028357928e+17 4.434427292294107e+17 4.308347584551407e+17 4.108798796748563e+17 3.966260297542226e+17 3.8910404725157114e+17 3.8123896845146643e+17 3.729422604957916e+17 3.640863566592572e+17 3.5447716332032896e+17 3.314475019354767e+17 3.1611383338952845e+17 2.9360812777653286e+17
7730.0010829491885 7.804756994057885e+17 7.508502159278193e+17 7.193429933022349e+17 6.856526621254011e+17 6.493072789056232e+17 6.097258932128447e+17 5.6612418532441984e+17 5.425119139911413e+17 5.174956851283908e+17 4.908974239032728e+17 4.740843459356223e+17 4.624757710942878e+17 4.4437834266477805e+17 4.3177873218640083e+17 4.118402040782279e+17 3.975999066184263e+17 3.900851834018166e+17 3.8222789422208256e+17 3.739398080661909e+17 3.650933631100828e+17 3.554950158935915e+17 3.324915316420905e+17 3.171741728290672e+17 2.946869417225922e+17
7750.001085751129 7.715956160828259e+17 7.425537672499825e+17 7.116650198371528e+17 6.786072179055144e+17 6.429575177756826e+17 6.041236850089809e+17 5.613395362196042e+17 5.381605640494261e+17 5.135900765670188e+17 4.874555782423815e+17 4.709261762810625e+17 4.5950813876084826e+17 4.417006029937687e+17 4.292945212447236e+17 4.09649543541429e+17 3.956074668047528e+17 3.881933465232597e+17 3.8043772315330656e+17 3.722531065749912e+17 3.6351259779862426e+17 3.5402353260692544e+17 3.312582696983021e+17 3.1608207664674054e+17 2.93784001283108e+17
7770.001088553068 7.80685832728057e+17 7.516614034328886e+17 7.207415126382994e+17 6.875973537531235e+17 6.51752140629829e+17 6.12586692795517e+17 5.693214817858615e+17 5.4582973692695866e+17 5.208966295306799e+17 4.943321286853114e+17 4.775116375855892e+17 4.658854127135343e+17 4.4774316973376595e+17 4.3509986806786624e+17 4.1507712957363635e+17 4.00768718682153e+17 3.932173072607262e+17 3.853219906476204e+17 3.7699533687512634e+17 3.681108615668242e+17 3.584770445805236e+17 3.354273452824837e+17 3.2012165791775526e+17 2.977220861287382e+17
7790.001091355009 7.822985812539807e+17 7.529398686441219e+17 7.217017292768147e+17 6.882362111262674e+17 6.520879192673101e+17 6.126393953646299e+17 5.6908308757019034e+17 5.45453563077355e+17 5.203767185304951e+17 4.936728268881837e+17 4.767734234781639e+17 4.6509830345918336e+17 4.46888497496938e+17 4.342076131059398e+17 4.141403306556864e+17 3.998127257545421e+17 3.922553004871448e+17 3.8435602559167296e+17 3.7602758205037203e+17 3.6714348500164416e+17 3.5751172520845696e+17 3.344723018913372e+17 3.19176427275189e+17 2.967982067606603e+17
7810.001094156948 7.784549102428046e+17 7.492791135465981e+17 7.182390916493302e+17 6.850092365824837e+17 6.491103998084809e+17 6.099743872248461e+17 5.668196781831487e+17 5.4341875335932384e+17 5.186093114149754e+17 4.922101105147814e+17 4.7550979925998854e+17 4.639742954152097e+17 4.459854345235683e+17 4.33455712482894e+17 4.1362243712905306e+17 3.9945436569880544e+17 3.91977910706608e+17 3.841613383372144e+17 3.7591743609595386e+17 3.671205228778196e+17 3.5757981815389075e+17 3.347399369854878e+17 3.1955927508690605e+17 2.9731967777543654e+17
7830.001096958878 7.705352258662488e+17 7.418717561708332e+17 7.113810071144809e+17 6.787029485642417e+17 6.434075247740397e+17 6.049167351018986e+17 5.6244474124440896e+17 5.3939906218810406e+17 5.149587147610009e+17 4.889390359772931e+17 4.72469859051245e+17 4.610898562435659e+17 4.433331247487212e+17 4.309584693098057e+17 4.1135859646683066e+17 3.973469280091192e+17 3.899490196779314e+17 3.822113064692095e+17 3.740465733270046e+17 3.6532959687754054e+17 3.5586975538971744e+17 3.331970403269517e+17 3.181064054960406e+17 2.9597230835491386e+17
7850.001099760818 7.708524092543333e+17 7.422021459575259e+17 7.117100589643013e+17 6.790353042427566e+17 6.437412384228274e+17 6.052195943023073e+17 5.627097909629674e+17 5.3965482037373094e+17 5.1520509794323104e+17 4.891761553106751e+17 4.7270529740877594e+17 4.613259327190134e+17 4.43573341253261e+17 4.3120405203486765e+17 4.116137226334461e+17 3.9760971944272685e+17 3.9021583479559277e+17 3.824822786265104e+17 3.74321817759616e+17 3.656092315993219e+17 3.5615384863732186e+17 3.33488251239568e+17 3.183953510470295e+17 2.962366405747272e+17
7870.001102562758 7.764942905068195e+17 7.476009273394733e+17 7.16844866666567e+17 6.83860945369255e+17 6.4821810951782e+17 6.092875419811222e+17 5.662815086566032e+17 5.4294363031961434e+17 5.1817949965961536e+17 4.91814877022753e+17 4.751296526433767e+17 4.636029756898513e+17 4.4562254390626534e+17 4.3309907490668966e+17 4.132746004238789e+17 3.9911441296926714e+17 3.9164266351395174e+17 3.838313495462085e+17 3.7559332699481466e+17 3.668030006680056e+17 3.5726917859126246e+17 3.344407468115425e+17 3.1925503739126054e+17 2.969659903972309e+17
7890.001105364698 7.727563827973664e+17 7.439746767644379e+17 7.133375172288608e+17 6.805001879985829e+17 6.449673423107141e+17 6.061767269079583e+17 5.6334281590946195e+17 5.401002910410657e+17 5.154485595022627e+17 4.892072578793119e+17 4.726052597873591e+17 4.6113640806007443e+17 4.4325006537532966e+17 4.3079224925435565e+17 4.1106965571947834e+17 3.9697896569476435e+17 3.895417410441783e+17 3.8176446241415104e+17 3.7355953015349766e+17 3.6480027929589824e+17 3.5529347253077056e+17 3.3248447883101184e+17 3.172555717818748e+17 2.947807878737029e+17
7910.001108166639 7.63441615949977e+17 7.349589104325664e+17 7.046446171756905e+17 6.721661090315151e+17 6.370784776544255e+17 5.988146361285245e+17 5.566235492157512e+17 5.33756816163207e+17 5.0952205864971475e+17 4.8374493372633946e+17 4.6744417023985696e+17 4.5618506777603814e+17 4.386262608415009e+17 4.263950649436287e+17 4.070223610380906e+17 3.931704990942838e+17 3.8585413229011514e+17 3.781984211731039e+17 3.701152345232692e+17 3.614772317346741e+17 3.52089795018808e+17 3.2949848054448595e+17 3.143464943494559e+17 2.9187452297990726e+17
7930.001110968578 7.494342274645686e+17 7.218392223992628e+17 6.924680682896116e+17 6.610066866333065e+17 6.270224951261745e+17 5.899633016058935e+17 5.4909115714719674e+17 5.2693701052662125e+17 5.034514996265195e+17 4.784577169265472e+17 4.6264098933814765e+17 4.517107119265644e+17 4.346501432373113e+17 4.227529957289097e+17 4.0388399101130035e+17 3.903685711644884e+17 3.8322119100979846e+17 3.7573542447536237e+17 3.678238270381679e+17 3.5936033061779635e+17 3.5015186797994426e+17 3.2794666488991744e+17 3.1302188103167174e+17 2.908567298734964e+17
7950.001113770509 7.516874912471828e+17 7.238519199944972e+17 6.942250891898259e+17 6.624723787073623e+17 6.28186749035729e+17 5.907938246354852e+17 5.495712190565937e+17 5.2723334155496877e+17 5.035658401796676e+17 4.783930746709992e+17 4.624736502429064e+17 4.5147755913688704e+17 4.343252820248681e+17 4.2237236267092045e+17 4.034307401293305e+17 3.898755466887867e+17 3.827110775491161e+17 3.752102934467345e+17 3.672859427442654e+17 3.588114792894068e+17 3.495937201366362e+17 3.2737031496247635e+17 3.1242894620658496e+17 2.90219720679063e+17
7970.001116572449 7.642642951961934e+17 7.359415665925628e+17 7.057996526382963e+17 6.734706991464703e+17 6.385450276134595e+17 6.004190747395942e+17 5.5833594666956883e+17 5.355112392592168e+17 5.113090972292271e+17 4.855566216466528e+17 4.692646828141874e+17 4.580119355204861e+17 4.4046215382172064e+17 4.282376820158558e+17 4.088807315292007e+17 3.950466099634479e+17 3.877429044747091e+17 3.801032970015586e+17 3.72041090839822e+17 3.634309836613538e+17 3.5408203079264205e+17 3.3162958986897114e+17 3.166195468326748e+17 2.9444567444695354e+17
7990.0011193743885 7.640871458676172e+17 7.359207928704017e+17 7.058734515815992e+17 6.736683262877722e+17 6.38800897866434e+17 6.007230890283471e+17 5.586543757050025e+17 5.358232365282362e+17 5.116006570183067e+17 4.8581435138150195e+17 4.694989932245669e+17 4.582279942948424e+17 4.4064937257663974e+17 4.284050517257654e+17 4.090187189373206e+17 3.9516582804966534e+17 3.8785342752531546e+17 3.8020546120489824e+17 3.721358115227558e+17 3.635190359924448e+17 3.541641284676173e+17 3.3170429557291283e+17 3.166947694086766e+17 2.9453015533252294e+17
8010.001122176329 7.551080061695622e+17 7.273894926135153e+17 6.978543810563823e+17 6.661900966202049e+17 6.319565188613084e+17 5.945908294179558e+17 5.5332612213802854e+17 5.309417858596415e+17 5.0719967400960256e+17 4.819235974595947e+17 4.659300383114341e+17 4.5487831536753024e+17 4.376359856553757e+17 4.256192412144454e+17 4.065793351223572e+17 3.9296008518752845e+17 3.8576515659101e+17 3.782358549340349e+17 3.70285911653124e+17 3.617908867499204e+17 3.525608057812303e+17 3.303697725683441e+17 3.155185589394131e+17 2.9356886492427014e+17
8030.001124978268 7.540668502903173e+17 7.264212638893548e+17 6.970005895402323e+17 6.65438865968211e+17 6.313462515603238e+17 5.941270489030057e+17 5.5304864536583206e+17 5.3076544203699725e+17 5.0713236640546234e+17 4.819724545217416e+17 4.660484474387258e+17 4.550441864392629e+17 4.378711164136489e+17 4.2590093174920915e+17 4.0692848158261626e+17 3.933535642845022e+17 3.861808310690137e+17 3.786739056334177e+17 3.7074685278424186e+17 3.6227535775522925e+17 3.5307029538596154e+17 3.309379399778088e+17 3.1612750824618074e+17 2.942452520300933e+17
8050.001127780209 7.483313094687913e+17 7.209941157756861e+17 6.918770017572123e+17 6.606557775748511e+17 6.269248374168323e+17 5.900925250119525e+17 5.4943656374767597e+17 5.273877730011901e+17 5.040027476578432e+17 4.791075034095849e+17 4.633501285639459e+17 4.524599196861796e+17 4.3546284547524026e+17 4.2361242269633216e+17 4.0482349328853094e+17 3.9137283997871354e+17 3.84263103523984e+17 3.7681974134353395e+17 3.6895684214229094e+17 3.605504733946541e+17 3.5141148939238304e+17 3.294156054341277e+17 3.1467595879508397e+17 2.928655789964733e+17
8070.001130582138 7.541556616279881e+17 7.265111739690354e+17 6.970749162344087e+17 6.654990825104461e+17 6.313469092377041e+17 5.940480428150634e+17 5.528617293779338e+17 5.305182027064755e+17 5.0681933040915795e+17 4.815927653669953e+17 4.656314205986374e+17 4.54603347010384e+17 4.3739920464118874e+17 4.254109011124518e+17 4.0641706136420365e+17 3.9283231146991814e+17 3.856561515414338e+17 3.781470016364323e+17 3.70218529232368e+17 3.617465345292194e+17 3.5254105353342176e+17 3.3040180587928486e+17 3.1557221336935686e+17 2.936195401199972e+17
8090.0011333840785 7.414944710326701e+17 7.143705469434473e+17 6.854885850329518e+17 6.545426447484884e+17 6.211045176540718e+17 5.846313171879238e+17 5.444085370253944e+17 5.226074348641321e+17 4.9949635481419386e+17 4.7490721666539296e+17 4.593511274782272e+17 4.4860224638941965e+17 4.3182960969739386e+17 4.201358535912019e+17 4.01594422890514e+17 3.883175260163017e+17 3.8129718713203994e+17 3.7394487760305517e+17 3.66174627170097e+17 3.5786156741144026e+17 3.4881537270526266e+17 3.2698663872002394e+17 3.122945411843336e+17 2.904282994142463e+17
8110.001136186018 7.484836545299625e+17 7.210969985371635e+17 6.919231167742221e+17 6.606333089810388e+17 6.267893082353956e+17 5.898225870906876e+17 5.490005015254497e+17 5.268541633016162e+17 5.0336512667357696e+17 4.7836522973738816e+17 4.625476194052628e+17 4.5162012014746746e+17 4.3457244353552646e+17 4.2269365750562086e+17 4.0387354437027565e+17 3.904116748601812e+17 3.8329920241458726e+17 3.758553447829e+17 3.679939468300094e+17 3.5959044235621645e+17 3.504542279845081e+17 3.2844305578694906e+17 3.1364899521132915e+17 2.9163493808005376e+17
8130.001138987959 7.515972472225569e+17 7.241798894349408e+17 6.949393976565788e+17 6.635676386719828e+17 6.296195655758499e+17 5.925130293426972e+17 5.515001237511002e+17 5.292350081307807e+17 5.056071463910271e+17 4.804461829806178e+17 4.645228486421848e+17 4.5352007398322157e+17 4.363552058381167e+17 4.2439545084824166e+17 4.054515366018906e+17 3.919071537989791e+17 3.8475398009128806e+17 3.772700267696541e+17 3.693695569624621e+17 3.609287468426251e+17 3.517582077050709e+17 3.296999760465444e+17 3.1491101811204954e+17 2.929689358249325e+17
8150.001141789899 7.474911303134931e+17 7.202560361851044e+17 6.912215301040979e+17 6.60082547855258e+17 6.26393397779011e+17 5.895878571930828e+17 5.489282317606531e+17 5.268680909036834e+17 5.034677063023763e+17 4.785586396943152e+17 4.62798978856397e+17 4.5191095797502195e+17 4.3492487541828954e+17 4.2308902559510714e+17 4.043372855103585e+17 3.909254149127185e+17 3.838401995414476e+17 3.7642564134222234e+17 3.6859637835427104e+17 3.6022922653009075e+17 3.5113549924132454e+17 3.292476215661593e+17 3.1456172463791654e+17 2.92761383686793e+17
8170.001144591839 7.458737202819475e+17 7.188103405347872e+17 6.899661301125627e+17 6.590242242941742e+17 6.255389139523485e+17 5.889481351466244e+17 5.4851913381674925e+17 5.265701005157599e+17 5.032798473468641e+17 4.784732671863844e+17 4.627701026104079e+17 4.5191807167094765e+17 4.349817538308323e+17 4.2317663594159616e+17 4.044679573771134e+17 3.910830607352866e+17 3.840112310952751e+17 3.766101492880573e+17 3.687947141186446e+17 3.604420465682902e+17 3.5136426296218285e+17 3.295197724523074e+17 3.148718290895754e+17 2.931493999641678e+17
8190.001147393778 7.233794865466359e+17 6.975012878719386e+17 6.699526934896827e+17 6.404222295762742e+17 6.084788778895639e+17 5.7361926919780294e+17 5.35131102693173e+17 5.142476385993684e+17 4.920944995687032e+17 4.684998056056654e+17 4.5355761328602886e+17 4.432243008905407e+17 4.270839643318255e+17 4.158171181035942e+17 3.97925281658582e+17 3.8508997414740595e+17 3.782948775418343e+17 3.711720967247846e+17 3.636374878482137e+17 3.5556894750726035e+17 3.467805715581923e+17 3.255449654103013e+17 3.112375466054414e+17 2.899444539809271e+17
8210.001150195709 7.270625970264086e+17 7.01004578968405e+17 6.732346806915923e+17 6.434721234260982e+17 6.11282518849438e+17 5.7615564851044666e+17 5.3739298236761645e+17 5.163716702892096e+17 4.940760108032187e+17 4.7033483072200934e+17 4.5530376778618323e+17 4.449107569422981e+17 4.286787905053577e+17 4.1734947200465235e+17 3.993608930897735e+17 3.8645816060309274e+17 3.7962772790428826e+17 3.724688354389048e+17 3.648966450361909e+17 3.567887744108313e+17 3.4795855873632454e+17 3.266251794538124e+17 3.1225387125242694e+17 2.9086463753537824e+17
8230.001152997647 7.267917073481783e+17 7.008065414158259e+17 6.731357972627852e+17 6.434511111242422e+17 6.113437943158952e+17 5.7627867480167526e+17 5.375405711365227e+17 5.165143172352587e+17 4.9420029306414675e+17 4.704264161051672e+17 4.553667128635607e+17 4.449518745861597e+17 4.2868500643939315e+17 4.1733289425185114e+17 3.993128307174953e+17 3.863940728356468e+17 3.7955816215114406e+17 3.723958135209156e+17 3.6482287434277306e+17 3.567178974448661e+17 3.478955068235809e+17 3.266057349594463e+17 3.1228688847321126e+17 2.910147940908314e+17
8250.00115579959 7.324235479983457e+17 7.062857504353912e+17 6.784259870040993e+17 6.485165864846374e+17 6.161500328710052e+17 5.807835725063517e+17 5.416806535321607e+17 5.204473987210825e+17 4.979039363879199e+17 4.738776803381446e+17 4.586553266280866e+17 4.481276007940221e+17 4.3168363743146515e+17 4.2020865630421914e+17 4.0199962308988717e+17 3.8895121285472614e+17 3.820498266299867e+17 3.748216286806147e+17 3.671827385321687e+17 3.590119412119619e+17 3.501245143160743e+17 3.287137469815354e+17 3.143482604409599e+17 2.930604640708241e+17
8270.001158601528 7.389854322780302e+17 7.125200574341356e+17 6.843028799131676e+17 6.540060975759163e+17 6.211961743442765e+17 5.853293559014552e+17 5.456598768155551e+17 5.241114462369607e+17 5.0123047923886016e+17 4.768463427982772e+17 4.614010489488243e+17 4.507225019954746e+17 4.340501870407582e+17 4.224238292336917e+17 4.0398924452855597e+17 3.907942547086993e+17 3.838210556199584e+17 3.76522240048906e+17 3.6881408964109146e+17 3.605759055377039e+17 3.516235475696043e+17 3.300954038066636e+17 3.1568364485984986e+17 2.9436835857022816e+17
8290.001161403468 7.351631647854308e+17 7.088887032345549e+17 6.808890694434669e+17 6.508318108874584e+17 6.18304283728897e+17 5.827261219746054e+17 5.4338467442807994e+17 5.220144273647611e+17 4.993213867571582e+17 4.7513338788770886e+17 4.5980969176380704e+17 4.492131708336525e+17 4.326667330423481e+17 4.2112388196747757e+17 4.028161116352491e+17 3.897066365855528e+17 3.827762741421285e+17 3.7552065327939226e+17 3.678558301912711e+17 3.596612285063291e+17 3.507527050740249e+17 3.293125520932093e+17 3.149432770913875e+17 2.936638529033425e+17
8310.001164205409 7.217925288393844e+17 6.960109930198413e+17 6.685468674130011e+17 6.3908746428161e+17 6.072378929731511e+17 5.724716048837439e+17 5.3410273549626426e+17 5.1329800092586176e+17 4.912359959312176e+17 4.6775384339723757e+17 4.5289038542336256e+17 4.4261631823451e+17 4.265737656804102e+17 4.1538077458104365e+17 3.9761400572284774e+17 3.848746272408227e+17 3.781322053613794e+17 3.710663806922661e+17 3.635933513518006e+17 3.555924239281182e+17 3.468785011031935e+17 3.25818548907926e+17 3.116151133308176e+17 2.904294723447139e+17
8330.001167007338 7.181696488814812e+17 6.927527838133582e+17 6.656636806863907e+17 6.365830538186291e+17 6.051026560719333e+17 5.706918268289389e+17 5.326443247764147e+17 5.119773335652093e+17 4.90034773393718e+17 4.6664434960213024e+17 4.5182270901460915e+17 4.415702314513041e+17 4.255522209259756e+17 4.143705105453182e+17 3.9661726546817306e+17 3.838860706223242e+17 3.771482775663311e+17 3.700879108702801e+17 3.626218747132765e+17 3.5463022212227386e+17 3.4592972006349677e+17 3.2492377864259565e+17 3.1078133896790746e+17 2.897284117205632e+17
8350.001169809279 7.223918343392959e+17 6.967415517047177e+17 6.693892397855424e+17 6.400368649466465e+17 6.082864872027108e+17 5.7359419632737504e+17 5.352597055585207e+17 5.1445241809167034e+17 4.9237543542522656e+17 4.6885840482103834e+17 4.5396513083743405e+17 4.436670913656189e+17 4.275847559119622e+17 4.163625185614936e+17 3.985505595188485e+17 3.857817865136435e+17 3.790255767253205e+17 3.7194668701081485e+17 3.644622240431872e+17 3.5645220554198054e+17 3.477329338363498e+17 3.2668687834371354e+17 3.1252090104664403e+17 2.914389277438495e+17
8370.001172611219 7.259958358137239e+17 7.001765681292913e+17 6.72658342217231e+17 6.431293165399226e+17 6.111676825793668e+17 5.762381199739143e+17 5.376202820309658e+17 5.166488963415471e+17 4.943849969351919e+17 4.706569284728225e+17 4.5562582735355104e+17 4.452312069269523e+17 4.289979564581889e+17 4.1767227192052096e+17 3.9970293812144896e+17 3.868293694037984e+17 3.800211002945413e+17 3.728904117712808e+17 3.653546610929649e+17 3.5729396120752006e+17 3.485253270134912e+17 3.2739236264451603e+17 3.132013380047594e+17 2.9214356212580544e+17
8390.001175413157 7.133371674600717e+17 6.879714360181334e+17 6.609502999117053e+17 6.31966124997033e+17 6.00614967157238e+17 5.663973861525509e+17 5.286255189240543e+17 5.081411899794683e+17 4.864170694855059e+17 4.632906359470975e+17 4.4864941369649606e+17 4.3852821078444934e+17 4.2272231606848915e+17 4.116924699562719e+17 3.9418227979754925e+17 3.8162429954026157e+17 3.7497668461431366e+17 3.680090499009719e+17 3.6063842081932314e+17 3.527454415082042e+17 3.4414729003294074e+17 3.233636805765943e+17 3.093518456227596e+17 2.884781942033419e+17
8410.001178215098 7.238344048169253e+17 6.982360961888892e+17 6.709385151871986e+17 6.416392648581475e+17 6.099077900919404e+17 5.7521973034529645e+17 5.368594764103057e+17 5.160240891658102e+17 4.9389584266998957e+17 4.703052143491149e+17 4.5535808879512685e+17 4.450198358882593e+17 4.2887083197683494e+17 4.1760176769330624e+17 3.997183083417763e+17 3.869036433288779e+17 3.80125819411055e+17 3.730270494370795e+17 3.655248021659526e+17 3.57500131232331e+17 3.487716189387947e+17 3.277432552546111e+17 3.1363361137333734e+17 2.927209066634339e+17
8430.001181017038 7.101368267490025e+17 6.851198796606593e+17 6.584683755472717e+17 6.298997663372399e+17 5.990101503765006e+17 5.6527505368160474e+17 5.2800958608348717e+17 5.0778245566246714e+17 4.863068316426414e+17 4.634137352729034e+17 4.489041897997687e+17 4.3886579477969946e+17 4.231757635452859e+17 4.122177913957199e+17 3.948068494092193e+17 3.823103223352243e+17 3.7569235382639955e+17 3.687541432793778e+17 3.614129467964966e+17 3.5355008336766106e+17 3.449837224585035e+17 3.242790921135586e+17 3.103299885813741e+17 2.8958090119141856e+17
8450.001183818968 7.140722015413513e+17 6.892267659443334e+17 6.627196275219105e+17 6.342284783491516e+17 6.033738162016275e+17 5.6959411104507117e+17 5.322033683944946e+17 5.11873679625079e+17 4.9026852831865274e+17 4.67216599604723e+17 4.525963861217543e+17 4.424772733920651e+17 4.266587035372539e+17 4.156096520016811e+17 3.980548350705747e+17 3.85459306919042e+17 3.787918657311563e+17 3.718043947405284e+17 3.6441548570593645e+17 3.565071944328138e+17 3.4789976139100096e+17 3.271409110563764e+17 3.131962646562488e+17 2.925086490760833e+17
8470.00118662091 7.10249006208688e+17 6.85459120593726e+17 6.59023588576423e+17 6.306430333114012e+17 5.999068099759676e+17 5.662949510617888e+17 5.2911122332815066e+17 5.0890502292347104e+17 4.874451564463443e+17 4.645568319146605e+17 4.5004692446400006e+17 4.400069630700265e+17 4.243134828974553e+17 4.133527822475144e+17 3.959389088445416e+17 3.834429843880754e+17 3.768271962433932e+17 3.698928937829365e+17 3.625590096663981e+17 3.547081393076454e+17 3.461613328917479e+17 3.255412484199518e+17 3.1168467624664083e+17 2.911236634834774e+17
8490.001189422848 7.030016811432009e+17 6.785921715495918e+17 6.5257664194692e+17 6.246764550427857e+17 5.944970100693275e+17 5.615394477742744e+17 5.2513719678022816e+17 5.0538130828689734e+17 4.844136429351149e+17 4.620658407156026e+17 4.479001441139526e+17 4.38096437332751e+17 4.227651387830911e+17 4.120483039653639e+17 3.9499782200677594e+17 3.827392643631218e+17 3.762395772529003e+17 3.6941945246439136e+17 3.621969819022121e+17 3.544541976364464e+17 3.460107756259091e+17 3.2557045739870746e+17 3.117711301504493e+17 2.911905167340181e+17
8510.001192224789 6.700862859805818e+17 6.471736128806221e+17 6.227848222056553e+17 5.966547765063139e+17 5.6842507072537056e+17 5.3763090590477e+17 5.0365231806135315e+17 4.852193418241548e+17 4.656536201197832e+17 4.4478449882985146e+17 4.315382477479303e+17 4.223579849752339e+17 4.07971821937956e+17 3.9788726299437786e+17 3.8177845164372384e+17 3.7013540632899155e+17 3.6393732745742374e+17 3.574129748104526e+17 3.504786598719608e+17 3.4301341989317075e+17 3.348323257206533e+17 3.1483686374394106e+17 3.0119758660458874e+17 2.807920916615319e+17
8530.001195026729 6.937657839691392e+17 6.696701149781253e+17 6.44011674595e+17 6.165085640741121e+17 5.867958619004727e+17 5.544006500082121e+17 5.18708719693417e+17 4.99385500049964e+17 4.7891736490184416e+17 4.571462790211948e+17 4.4336606173543046e+17 4.338354916129e+17 4.1893600985727014e+17 4.0851938664906246e+17 3.919318755584994e+17 3.799867938320047e+17 3.7364491310620006e+17 3.669833762156189e+17 3.5992073630709037e+17 3.5233960817564934e+17 3.440605432735285e+17 3.239611555576599e+17 3.103400996988884e+17 2.899385884222885e+17
8550.00119782867 5.893851411514348e+17 5.7046552359548435e+17 5.504351896845575e+17 5.290984149750972e+17 5.0619973239571034e+17 4.8140328347350374e+17 4.5424912348186835e+17 4.3958929970937574e+17 4.2405588224500646e+17 4.0747477580664685e+17 3.969125692026086e+17 3.8956061641589414e+17 3.779627030707732e+17 3.6975858741500026e+17 3.564889445876327e+17 3.467466700509301e+17 3.415016844943291e+17 3.3593292593401875e+17 3.299573284873702e+17 3.234542256238694e+17 3.162377258192542e+17 2.981526854168826e+17 2.8539691955717312e+17 2.6555698210844534e+17
8570.001200630599 7.107498016476188e+17 6.860949751400653e+17 6.597749359212758e+17 6.314892878805126e+17 6.008304715926852e+17 5.67276718207432e+17 5.301332521929912e+17 5.099441295952864e+17 4.8849865739368954e+17 4.656318698229712e+17 4.511388844204957e+17 4.411129085294795e+17 4.254474684475697e+17 4.145109461764495e+17 3.9714383269690643e+17 3.846884369207046e+17 3.7809650293295744e+17 3.711892929003971e+17 3.6388640563325786e+17 3.560717815156901e+17 3.4756860953314394e+17 3.2707574894704614e+17 3.133241036272169e+17 2.929406799463015e+17
8590.00120343254 6.973288817369604e+17 6.735109461193225e+17 6.480898443043506e+17 6.207676069141043e+17 5.911447253159406e+17 5.5870230428334234e+17 5.227623752944565e+17 5.0320864007591443e+17 4.8242045813373805e+17 4.602294735154083e+17 4.461481262689181e+17 4.3639688713084243e+17 4.2114311708720134e+17 4.104795496203371e+17 3.935190934886148e+17 3.813334576802143e+17 3.748766502290184e+17 3.681052739169696e+17 3.6093919287300544e+17 3.5326303051061005e+17 3.449005932625257e+17 3.2470122768880237e+17 3.1110987155272326e+17 2.9092118381621434e+17
8610.001206234478 6.959877398012332e+17 6.723576460928576e+17 6.471197863085062e+17 6.199764267844778e+17 5.905371372708261e+17 5.582773280587944e+17 5.225053365776105e+17 5.0303011230756794e+17 4.8231229078834784e+17 4.6017872764641786e+17 4.461252421410221e+17 4.363899334273343e+17 4.211547234310063e+17 4.1050011720240474e+17 3.935493412422788e+17 3.813679829243807e+17 3.749130250165789e+17 3.681435722903899e+17 3.609798474219431e+17 3.533068454895969e+17 3.449492655954596e+17 3.24773444732648e+17 3.112132446257689e+17 2.9110327364340826e+17
8630.001209036418 7.041985517654095e+17 6.799351777119959e+17 6.540385529836694e+17 6.26214028023797e+17 5.960625801233656e+17 5.630602995412555e+17 5.265148083438863e+17 5.066381424308654e+17 4.855107109834374e+17 4.629649756593172e+17 4.4866298706071654e+17 4.387633702630779e+17 4.232867120767682e+17 4.124762003111635e+17 3.953011438624851e+17 3.829782924126053e+17 3.7645521785080506e+17 3.696192686324354e+17 3.6239068722195456e+17 3.5465455315330976e+17 3.4623577513895814e+17 3.259459225058942e+17 3.1233660555495456e+17 2.9219023538396416e+17
8650.001211838358 6.946160995087841e+17 6.709050008269343e+17 6.455891313954621e+17 6.183786498596343e+17 5.888911347445715e+17 5.566285108863323e+17 5.209473494896942e+17 5.0156808434986566e+17 4.809947435415006e+17 4.590668066125166e+17 4.45168346910012e+17 4.355504948217578e+17 4.205117097642888e+17 4.1000037557970323e+17 3.932773117027984e+17 3.812536582555078e+17 3.748784785431398e+17 3.681891884860066e+17 3.61106024550399e+17 3.535141984655811e+17 3.452386660761438e+17 3.252294681922304e+17 3.117504735089927e+17 2.91700576691681e+17
8670.001214640299 5.962749855130744e+17 5.77476591564192e+17 5.574862607512142e+17 5.360864487365488e+17 5.1299801157461037e+17 4.878529496209311e+17 4.6015425446709946e+17 4.4513647584798746e+17 4.291820541792842e+17 4.121140580460075e+17 4.012278544291498e+17 3.9364696064889043e+17 3.816871102955552e+17 3.7323045349670406e+17 3.595689140526559e+17 3.495618709911886e+17 3.441864256583592e+17 3.3849127003964666e+17 3.323970751581339e+17 3.2578933257178906e+17 3.184924504043388e+17 3.00400791206602e+17 2.878009993884721e+17 2.6837886081471888e+17
8690.001217442239 6.809325080658144e+17 6.578040807367955e+17 6.331162896771689e+17 6.065863769370913e+17 5.778512022197481e+17 5.464327344923997e+17 5.116993248415791e+17 4.928403172987938e+17 4.7281863245762784e+17 4.514721480621118e+17 4.379368499001979e+17 4.285675305038914e+17 4.1391102862360806e+17 4.036625921947711e+17 3.873514403839357e+17 3.756188668137385e+17 3.6939606443551014e+17 3.6286486683436883e+17 3.5594664527920877e+17 3.485277648129474e+17 3.404350257338235e+17 3.2083329239454317e+17 3.0759344809280314e+17 2.878369926413337e+17
8710.001220244169 6.928626862326227e+17 6.69069922706074e+17 6.437124678725774e+17 6.16489572210161e+17 5.870291918731133e+17 5.548324096111368e+17 5.1923632636594477e+17 4.9989986682445126e+17 4.793616794585418e+17 4.57452620286952e+17 4.4355893195316525e+17 4.339412786392917e+17 4.1890284754404755e+17 4.0839475578111494e+17 3.916901821997893e+17 3.796954768359298e+17 3.7334192374208115e+17 3.666802948884106e+17 3.5963201891772e+17 3.520836672819792e+17 3.4386254708352506e+17 3.240158902138905e+17 3.1067494812005235e+17 2.908863710878412e+17
8730.001223046109 6.902275935592293e+17 6.669129756478348e+17 6.419861709005513e+17 6.151781936355084e+17 5.861054609666661e+17 5.542604093018616e+17 5.189686449510323e+17 4.997666188523899e+17 4.793511849866579e+17 4.575495227476482e+17 4.4371175040934605e+17 4.341289026378044e+17 4.191358662177046e+17 4.0865477960967315e+17 3.9198504331251635e+17 3.800106243835041e+17 3.736669230175466e+17 3.670148975916114e+17 3.5997632683055654e+17 3.5243828508422246e+17 3.442288570759473e+17 3.2441584905880755e+17 3.1110522738671776e+17 2.9137569172646854e+17
8750.00122584805 6.716419527466258e+17 6.504288283265537e+17 6.276341979487954e+17 6.02949952805713e+17 5.759645374801355e+17 5.461374289062184e+17 5.127630444574575e+17 4.944586152866748e+17 4.7488741665760096e+17 4.538689320741085e+17 4.4046071228141824e+17 4.311452623253446e+17 4.165196233595139e+17 4.0625864500088934e+17 3.8987942479603456e+17 3.7807070422539194e+17 3.7180189448681005e+17 3.6521990843930157e+17 3.582467926030481e+17 3.5077033837806144e+17 3.426191730095531e+17 3.229162391100526e+17 3.096612167897724e+17 2.89998214741596e+17
8770.001228649988 6.912438053626694e+17 6.681438096544785e+17 6.434308463502573e+17 6.167671155359825e+17 5.877682963132909e+17 5.559193700873699e+17 5.2053007864936365e+17 5.012349001062114e+17 4.806922374097274e+17 4.587342780102844e+17 4.4478891110751136e+17 4.351288337378138e+17 4.200145605466298e+17 4.094503521345837e+17 3.926578637322505e+17 3.806047779742646e+17 3.742233596665038e+17 3.675356386335393e+17 3.6046343956740896e+17 3.528948317744393e+17 3.446589411075205e+17 3.248155949061397e+17 3.1151487486186496e+17 2.918465693121646e+17
8790.001231451928 6.882768713144343e+17 6.647977566204622e+17 6.397589781590441e+17 6.128873131578438e+17 5.837926590154333e+17 5.5198538098661926e+17 5.1679060196185664e+17 4.9765947338602176e+17 4.773275668521948e+17 4.556264908229852e+17 4.418579000860231e+17 4.323244146674297e+17 4.174126050648852e+17 4.0699130723668736e+17 3.904229691892765e+17 3.7852575649230675e+17 3.7222431097613414e+17 3.656179530273164e+17 3.586288206449064e+17 3.5114516106042605e+17 3.429965286030712e+17 3.233376186602541e+17 3.101373331072288e+17 2.905836477003959e+17
8810.00123425386 6.732748540756195e+17 6.503254538127104e+17 6.259049953683707e+17 5.9972713966796e+17 5.7144825495808134e+17 5.406062164472036e+17 5.0657402277617075e+17 4.881067949496225e+17 4.685031284510055e+17 4.4760168114655955e+17 4.3434508897324486e+17 4.251671616057223e+17 4.1080765730744506e+17 4.007655628838461e+17 3.847809458420214e+17 3.732828854274461e+17 3.671842839529018e+17 3.607832889229266e+17 3.5400275593452243e+17 3.467314005589603e+17 3.3879965654673894e+17 3.195929368333232e+17 3.0663337800359846e+17 2.873440220087126e+17
8830.001237055798 6.836608670511201e+17 6.605867112122728e+17 6.359390220285869e+17 6.09428442998999e+17 5.806893148085367e+17 5.4921226331476256e+17 5.1433189242047174e+17 4.9534554935702515e+17 4.751527073530495e+17 4.53585218621642e+17 4.398929765529433e+17 4.3040955080886714e+17 4.1557251879357734e+17 4.0520046867428794e+17 3.887069986699671e+17 3.7686194165186816e+17 3.7058796427160294e+17 3.640102365924544e+17 3.570517772175742e+17 3.496015747672673e+17 3.41490612630314e+17 3.2193081903942016e+17 3.088048737069762e+17 2.893668539352232e+17
8850.001239857738 6.802277704783191e+17 6.581457781531085e+17 6.344258878714454e+17 6.087648976474231e+17 5.807456508195741e+17 5.498576365896992e+17 5.154188766237465e+17 4.965958777967603e+17 4.765236734963174e+17 4.5502983309544666e+17 4.4136053838467206e+17 4.318828446538459e+17 4.170410589677926e+17 4.0665645089699174e+17 3.901318240655761e+17 3.7825808039455456e+17 3.7196766289798957e+17 3.65372385771037e+17 3.58395258933921e+17 3.5092532936794963e+17 3.427941060927485e+17 3.23196924154222e+17 3.100624724706497e+17 2.9065332126338234e+17
8870.001242659679 6.565383692832014e+17 6.365595477759013e+17 6.150012187507566e+17 5.915468881922938e+17 5.658181290884578e+17 5.372752267581005e+17 5.05220398099654e+17 4.8759767041292384e+17 4.6872186151241715e+17 4.484098106091748e+17 4.354305729691392e+17 4.2640228037545434e+17 4.122110964918649e+17 4.0224098895918534e+17 3.8630292709446605e+17 3.747955257117522e+17 3.6868098634026515e+17 3.622569926588972e+17 3.554473840790912e+17 3.4814176408917146e+17 3.401720254551729e+17 3.2089042653085485e+17 3.079099273962554e+17 2.886525985757291e+17
8890.001245461619 6.840902715817609e+17 6.612101625747506e+17 6.367466603570257e+17 6.103976171902903e+17 5.817907929258185e+17 5.504199981903163e+17 5.156261677192596e+17 4.9667612258396646e+17 4.765149615147982e+17 4.549732382086153e+17 4.412930347174383e+17 4.3181769957669574e+17 4.169909647734513e+17 4.066261757205589e+17 3.901448099794636e+17 3.783101043613306e+17 3.7204289107992416e+17 3.6547336113760986e+17 3.5852504101933203e+17 3.510876919382046e+17 3.429935963892362e+17 3.234907195816315e+17 3.1042022929644326e+17 2.911000422590439e+17
8910.00124826356 6.856006630210738e+17 6.6256037178547e+17 6.37961006343595e+17 6.115254754770924e+17 5.828787513355236e+17 5.5149349896630016e+17 5.1669062428688205e+17 4.97729466351559e+17 4.77542788421476e+17 4.559570857102953e+17 4.4224298285663674e+17 4.327391381706095e+17 4.178631259894174e+17 4.07461161728238e+17 3.9091975136354976e+17 3.7904375692311744e+17 3.727556645020599e+17 3.661652122930806e+17 3.591964031551451e+17 3.517395007997543e+17 3.436275398583144e+17 3.2410249182513216e+17 3.110406639540288e+17 2.917769518610264e+17
8930.001251065489 6.736465267446737e+17 6.509854526198194e+17 6.268445088684279e+17 6.00936794311949e+17 5.7291330012330995e+17 5.4228126439853824e+17 5.083883724407398e+17 4.8996003910960595e+17 4.7036827005178406e+17 4.494401374605403e+17 4.361521799868412e+17 4.2694621161713414e+17 4.1253519848282125e+17 4.0245470713210906e+17 3.864100939697017e+17 3.7487493840879194e+17 3.687603340021114e+17 3.623460265283969e+17 3.555559931405261e+17 3.482807216494788e+17 3.4035366793927315e+17 3.2120711693186694e+17 3.083357946858079e+17 2.8925556793102906e+17
8950.00125386743 6.753204298958863e+17 6.525033179901356e+17 6.281874072700631e+17 6.021042955123165e+17 5.738850467462259e+17 5.430540438485567e+17 5.089319870216819e+17 4.903741437086511e+17 4.706402580119526e+17 4.4956261233778214e+17 4.3617841468574374e+17 4.26905885211487e+17 4.123948989528382e+17 4.02245846589183e+17 3.860999161421467e+17 3.7449871767414246e+17 3.683515986995676e+17 3.6190476772432186e+17 3.5508218924793363e+17 3.477741764411822e+17 3.398135833579212e+17 3.205964321432429e+17 3.0768666843231315e+17 2.885645678175265e+17
8970.00125666937 6.759472177591169e+17 6.531741512174836e+17 6.288845953834025e+17 6.028185463218793e+17 5.746005458180387e+17 5.437466429439857e+17 5.0959348874705536e+17 4.910144547194566e+17 4.7126081854570624e+17 4.501615646294245e+17 4.367642307503045e+17 4.274829470259122e+17 4.129586479436973e+17 4.02802747865253e+17 3.8664876671078496e+17 3.750435227333416e+17 3.688952670073792e+17 3.624484412399774e+17 3.556271133169058e+17 3.4832226886234816e+17 3.403675966333034e+17 3.211763337692723e+17 3.082935975575854e+17 2.892227043246353e+17
8990.001259471308 6.771112346819205e+17 6.545273407121102e+17 6.303867420617786e+17 6.044024040476777e+17 5.762029643725238e+17 5.4529222405534144e+17 5.110113030437074e+17 4.9234634472673254e+17 4.7248719857855866e+17 4.512697414409948e+17 4.3779628839544045e+17 4.28463740802209e+17 4.1386202667975955e+17 4.0365405723265504e+17 3.874229434264744e+17 3.7576855226507904e+17 3.695964510905449e+17 3.6312668456438816e+17 3.562836389890272e+17 3.4895873433042694e+17 3.4098633639766074e+17 3.217725086681652e+17 3.088916808081379e+17 2.8984500092586394e+17
9010.001262273248 6.366435142415488e+17 6.176540062166792e+17 5.971362882366071e+17 5.7480357773149286e+17 5.502787995686438e+17 5.230794693683275e+17 4.9254569008527405e+17 4.7576589025978835e+17 4.5779691936979456e+17 4.384607544053145e+17 4.261020690758778e+17 4.175007573065319e+17 4.039707349249317e+17 3.944557676113499e+17 3.792229712460067e+17 3.6820334794813856e+17 3.623398269179308e+17 3.561727902344829e+17 3.496271948176226e+17 3.4259494153095226e+17 3.349108209674807e+17 3.1626165935037677e+17 3.036585735822463e+17 2.848962953056958e+17
9030.001265075189 6.634135130154729e+17 6.425263560961917e+17 6.20007568531829e+17 5.955594580517663e+17 5.687947543807405e+17 5.392093851872478e+17 5.061414218732803e+17 4.8803573304541875e+17 4.6870305793617286e+17 4.479827868805289e+17 4.347918260821427e+17 4.2564075257009043e+17 4.113001802268174e+17 4.012596389881991e+17 3.852713020760147e+17 3.737747772792414e+17 3.676814799462209e+17 3.6129092717785664e+17 3.5452790574091674e+17 3.472843770003141e+17 3.393955783483424e+17 3.20361266931442e+17 3.075830942443236e+17 2.886659440778489e+17
9050.001267877129 6.770477988917937e+17 6.545937982293448e+17 6.305839090141971e+17 6.047396100473956e+17 5.766771470822266e+17 5.458917086681112e+17 5.117091824793979e+17 4.930721867276821e+17 4.7321821648781446e+17 4.519803532825602e+17 4.384805660409696e+17 4.2912403808841005e+17 4.1447770926259603e+17 4.0423540434523725e+17 3.8794868882632614e+17 3.7625713989369894e+17 3.7006741705099e+17 3.635809709797838e+17 3.567232777582853e+17 3.493863557427864e+17 3.4140641679587386e+17 3.2220800084214566e+17 3.093734076714627e+17 2.904584320928523e+17
9070.001270679059 6.642712007133553e+17 6.424878166956719e+17 6.192115319011622e+17 5.942085716959795e+17 5.670868954310961e+17 5.3736813506850874e+17 5.0438140497081094e+17 4.863930964403969e+17 4.672309906276385e+17 4.4672006044513414e+17 4.3367249412289043e+17 4.246225155938619e+17 4.1044021990211424e+17 4.005104488959343e+17 3.8469238095326496e+17 3.733139044912543e+17 3.672813196531817e+17 3.6095264031271366e+17 3.542533904773102e+17 3.470765050848343e+17 3.392589512182314e+17 3.203975121519048e+17 3.07744435752705e+17 2.890404161639569e+17
9090.001273480999 6.470201037902161e+17 6.260015382842961e+17 6.035574102643274e+17 5.79461881516491e+17 5.5335034366129024e+17 5.2476663011080045e+17 4.930641349378543e+17 4.757891113525637e+17 4.573876996045525e+17 4.3769131152776096e+17 4.251560845376751e+17 4.164579180431457e+17 4.0281845360583974e+17 3.9325744728286637e+17 3.7800449330190886e+17 3.670088860115033e+17 3.6116943597874323e+17 3.5503539189777645e+17 3.485323812122976e+17 3.4155319864259206e+17 3.3393466118463974e+17 3.154711815684089e+17 3.0301034662155117e+17 2.84477630396179e+17
9110.001276282937 6.557263688227401e+17 6.339762903804689e+17 6.107987880217824e+17 5.859467202767538e+17 5.590475597729737e+17 5.2964872946039917e+17 4.971201648257568e+17 4.7942787943952486e+17 4.6061372118204077e+17 4.405122688450664e+17 4.277420699358702e+17 4.188908370933631e+17 4.050282486156315e+17 3.953248879352018e+17 3.7986699698641626e+17 3.687415757582562e+17 3.6283941674218515e+17 3.566441976224826e+17 3.5008130413711104e+17 3.43043584828101e+17 3.353674381040756e+17 3.167863617671592e+17 3.042557825634957e+17 2.8561113879764624e+17
9130.001279084878 6.67099223069318e+17 6.44944418491995e+17 6.213257435629244e+17 5.959759147962477e+17 5.684900804496222e+17 5.383877006526624e+17 5.0499844969330144e+17 4.8679850531121376e+17 4.6741034436765376e+17 4.466674065875905e+17 4.334773213706112e+17 4.243320655813028e+17 4.100109723040776e+17 3.9999057619405005e+17 3.8404548029611834e+17 3.725887868656647e+17 3.6651944829668474e+17 3.601558803631719e+17 3.534237336793593e+17 3.462161299672313e+17 3.383702955691275e+17 3.194616440629261e+17 3.067911688643908e+17 2.880719932125061e+17
9150.001281886818 6.616310442860191e+17 6.393640167162509e+17 6.156287258429064e+17 5.901574582450394e+17 5.6258194760650234e+17 5.324190575682883e+17 4.9903074766984403e+17 4.808696094545307e+17 4.615588697945809e+17 4.4093879243137965e+17 4.278500258791034e+17 4.187852241350304e+17 4.046028007877249e+17 3.9468876236228966e+17 3.7892111354420896e+17 3.6759392378723846e+17 3.615919219348771e+17 3.552967179356913e+17 3.4863288187144294e+17 3.4149130221617606e+17 3.3370491423478445e+17 3.148481025347864e+17 3.020960967058223e+17 2.8301133064058032e+17
9170.001284688758 6.580357391914932e+17 6.358918654192959e+17 6.122622115331177e+17 5.869006957507739e+17 5.594368724355609e+17 5.294014076307347e+17 4.961536307426145e+17 4.780714580652782e+17 4.588525382078125e+17 4.38336158142332e+17 4.253168621635725e+17 4.1630210102467046e+17 4.0220033946585446e+17 3.9234309794674266e+17 3.766672279909344e+17 3.6540459629730234e+17 3.5943571354888845e+17 3.531738029414184e+17 3.465432647139752e+17 3.394341629945706e+17 3.316779040970191e+17 3.1285853043736256e+17 3.000900456825298e+17 2.808992060421385e+17
9190.001287490688 6.599406603056323e+17 6.378909341207446e+17 6.143328132914107e+17 5.889859918332033e+17 5.614927182953112e+17 5.313616281099234e+17 4.979477486084274e+17 4.797514062110627e+17 4.603930275033009e+17 4.397156739184447e+17 4.2658893006909325e+17 4.1749824656750214e+17 4.0327951712553075e+17 3.933428009852481e+17 3.7754798380881984e+17 3.662080851861091e+17 3.602017131733769e+17 3.539035711768713e+17 3.472381485762103e+17 3.4009596157904864e+17 3.3230928014617376e+17 3.134450823472327e+17 3.006742190646926e+17 2.8152975155734496e+17
9210.001290292628 6.421476487916038e+17 6.212428079921565e+17 5.988409236943987e+17 5.7467166390038086e+17 5.483889338333165e+17 5.195404023238068e+17 4.875319785527793e+17 4.7010198712804115e+17 4.515628539516987e+17 4.317609757272787e+17 4.191867280266881e+17 4.104749255486865e+17 3.968381577256621e+17 3.8729679086812544e+17 3.721033299927815e+17 3.611689947105288e+17 3.553669148646822e+17 3.492741589853729e+17 3.428155116301219e+17 3.358816978010801e+17 3.283050260628897e+17 3.098651395155133e+17 2.973080881657697e+17 2.7838274626396525e+17
9230.001293094569 6.168263354124956e+17 5.997854612386592e+17 5.811656151081121e+17 5.606758044547882e+17 5.3791775556375795e+17 5.123674944007735e+17 4.8333767267579245e+17 4.6724057846256826e+17 4.499009460646375e+17 4.311358052552716e+17 4.190934722724274e+17 4.1069280305510726e+17 3.974519681834708e+17 3.8812461689122995e+17 3.7317406507905414e+17 3.6235070625563226e+17 3.56589931531417e+17 3.505299683678714e+17 3.440965515253371e+17 3.371819173843849e+17 3.2962032657575846e+17 3.1121393448264326e+17 2.9869627248708544e+17 2.798821886873625e+17
9250.001295896509 6.34100742836807e+17 6.139762125534253e+17 5.923585952721585e+17 5.6897772452591277e+17 5.4349564242547514e+17 5.154633972645612e+17 4.842787200274193e+17 4.6726689441505875e+17 4.491477247304945e+17 4.2976478894006336e+17 4.1743970665929606e+17 4.088930472339466e+17 3.954995599884077e+17 3.8611836177588346e+17 3.711608123768753e+17 3.603816957203097e+17 3.546573752904361e+17 3.48642904256798e+17 3.422639164080383e+17 3.354123489474501e+17 3.279227086543842e+17 3.0969180258134637e+17 2.9728617469010234e+17 2.7862404953847664e+17
9270.001298698447 6.454501097575397e+17 6.243747561295974e+17 6.018351697746899e+17 5.775750742239974e+17 5.512392913444122e+17 5.2235002106131354e+17 4.902837327016774e+17 4.728097774303525e+17 4.542027390073688e+17 4.3430592346717824e+17 4.2165981829974995e+17 4.1289413261446816e+17 3.9916793023178554e+17 3.895625993639773e+17 3.742683751537363e+17 3.6326717318816755e+17 3.5743297460340595e+17 3.513099420402038e+17 3.4482404901945664e+17 3.378677292329194e+17 3.3027696363529094e+17 3.118674845717867e+17 2.994018119036006e+17 2.8074103543487658e+17
9290.001301500388 6.477565174641544e+17 6.261813121214939e+17 6.031722977784957e+17 5.784452401081989e+17 5.516758651231855e+17 5.223825783278886e+17 4.8994788977130963e+17 4.7230485098429466e+17 4.535457220635023e+17 4.3351531671599834e+17 4.208015047115134e+17 4.119965451957127e+17 3.982214138131501e+17 3.8859187636672166e+17 3.732756652649199e+17 3.6227071227948486e+17 3.564378837266945e+17 3.5031855317097645e+17 3.4383844954668806e+17 3.368901940334736e+17 3.293091625389753e+17 3.109188442080241e+17 2.9845439933772794e+17 2.797670904842415e+17
9310.001304302328 6.506525139130803e+17 6.290811274158569e+17 6.060675489700488e+17 5.813447777838124e+17 5.545425921163569e+17 5.251998120921164e+17 4.9267251729028115e+17 4.7496199313488134e+17 4.561154558510691e+17 4.359793181668492e+17 4.2319025130471674e+17 4.1433050721940186e+17 4.004668463623468e+17 3.907738623816628e+17 3.753586827141604e+17 3.6428595767695046e+17 3.584196380211865e+17 3.5226750084732736e+17 3.4575603845818406e+17 3.387791744871457e+17 3.3117435429927994e+17 3.127728682333893e+17 3.003519109770524e+17 2.8182291948810845e+17
9330.001307104258 6.472713219591406e+17 6.258845321800328e+17 6.030827331004818e+17 5.785878615627365e+17 5.520457817800399e+17 5.229894591925559e+17 4.9078443999886163e+17 4.732484124797079e+17 4.545889370616809e+17 4.346447992765627e+17 4.219758469080356e+17 4.1319701258957274e+17 3.9945657665144986e+17 3.8984672900812704e+17 3.745582489606799e+17 3.635721351206214e+17 3.5775018692611674e+17 3.516434147893672e+17 3.451789191329651e+17 3.382510149124693e+17 3.3069838065460544e+17 3.124199250111913e+17 3.000822030762392e+17 2.816833638250824e+17
9350.001309906198 6.449500318937501e+17 6.236606738817404e+17 6.009473851241793e+17 5.765571646216454e+17 5.501364583336521e+17 5.2120430676262445e+17 4.891390933644258e+17 4.7167611967864986e+17 4.530892507081271e+17 4.3322070767996166e+17 4.205979228562738e+17 4.118505186728273e+17 3.981570675836703e+17 3.885791407764806e+17 3.733393278241928e+17 3.623866466054348e+17 3.565816353363351e+17 3.5049202297368275e+17 3.4404447591329734e+17 3.3713343324260365e+17 3.2959688441220986e+17 3.1134431569922816e+17 2.990094063542825e+17 2.805855385124427e+17
9370.001312708138 6.425850286714345e+17 6.213793975567889e+17 5.98772044115193e+17 5.7450162246004064e+17 5.4821032632917734e+17 5.194404654907602e+17 4.875510776079556e+17 4.7018495927313875e+17 4.51699077545474e+17 4.319349416407607e+17 4.193743755581397e+17 4.106691696930057e+17 3.970379817860567e+17 3.875014731261633e+17 3.7232270935439635e+17 3.6141018949146086e+17 3.556251438482259e+17 3.495553618485599e+17 3.43127876212044e+17 3.362368755874761e+17 3.2872091763300134e+17 3.1051393862802285e+17 2.982090778923744e+17 2.7983473256221677e+17
9390.001315510079 6.418243030425663e+17 6.206411222004448e+17 5.980361210222392e+17 5.7375004232327206e+17 5.4742901432029594e+17 5.186094631020597e+17 4.866635049468831e+17 4.692681748791097e+17 4.5076026678716454e+17 4.3098486189154605e+17 4.1842508738928774e+17 4.097238340815991e+17 3.961051904341754e+17 3.8658161978792256e+17 3.714305219927425e+17 3.6054245173993146e+17 3.547716180234627e+17 3.487176552892463e+17 3.42307613970414e+17 3.3543573232752083e+17 3.279400947126025e+17 3.097685933923573e+17 2.974615422396797e+17 2.790121589030814e+17
9410.001318312019 6.152579348146598e+17 5.956888527635288e+17 5.7480627926167366e+17 5.523548664160852e+17 5.2801711313203475e+17 5.0135704752146304e+17 4.717861968633635e+17 4.5567304519727245e+17 4.385119154564596e+17 4.201446134923539e+17 4.084557723568086e+17 4.0034333247564416e+17 3.8761687656408794e+17 3.7869022564784294e+17 3.644333398175413e+17 3.5413884578024e+17 3.486642220115364e+17 3.429064684330868e+17 3.367931756932743e+17 3.3021948139020595e+17 3.230247027993893e+17 3.0547277790496474e+17 2.9349750991821926e+17 2.7543167401198304e+17
9430.00132111396 6.334944184775153e+17 6.128092395216805e+17 5.90746123299761e+17 5.6702153993922816e+17 5.413080768582374e+17 5.13140517923847e+17 4.819067394925756e+17 4.6489264973228755e+17 4.467819488393874e+17 4.274152077395657e+17 4.151059350962979e+17 4.065730395454379e+17 3.93209704005488e+17 3.8385681050392954e+17 3.689618386240377e+17 3.5824533994120186e+17 3.52561041977909e+17 3.4659433078959155e+17 3.402724564780155e+17 3.334901169771043e+17 3.260858248816456e+17 3.0810519142087654e+17 2.9590017330127904e+17 2.7756306523535763e+17
9450.001323915889 6.267525781210661e+17 6.062439831495519e+17 5.843799951941261e+17 5.609109765716657e+17 5.3550388306601824e+17 5.07718152114368e+17 4.769611076726759e+17 4.602293732309021e+17 4.424345320918943e+17 4.234229376905145e+17 4.113448291142576e+17 4.0297454895725645e+17 3.8986509653678746e+17 3.8068854751667424e+17 3.660686502139806e+17 3.555423790641087e+17 3.4995538721203725e+17 3.4408761280308634e+17 3.378665810620146e+17 3.3118716059661664e+17 3.238880879551775e+17 3.061258168731696e+17 2.940342310861367e+17 2.7581275158138358e+17
9470.00132671783 6.363757415807318e+17 6.155353489457569e+17 5.932898015806484e+17 5.6937598665298784e+17 5.434511142648441e+17 5.150415672673871e+17 4.835301625030088e+17 4.6636119997434266e+17 4.480850395695433e+17 4.2854290640941056e+17 4.161245831410087e+17 4.075187857039728e+17 3.9404620475805555e+17 3.846220013618132e+17 3.696269444034837e+17 3.5885025632239994e+17 3.5313873230025235e+17 3.4714712624761197e+17 3.40803528982959e+17 3.340035716317693e+17 3.265875568608238e+17 3.086174831690851e+17 2.964572066453634e+17 2.782489532173099e+17
9490.001329519768 6.37310302494727e+17 6.165051321887145e+17 5.942831416678127e+17 5.7036776250281536e+17 5.444132492761428e+17 5.15943767346096e+17 4.8432726372772736e+17 4.67083885498693e+17 4.487171897003234e+17 4.2906609440991776e+17 4.1657516793189325e+17 4.0791764246110266e+17 3.9436359155786426e+17 3.848834620410606e+17 3.698030538466714e+17 3.589692260200755e+17 3.5322938782980045e+17 3.472097323647382e+17 3.408385648450837e+17 3.340115093300735e+17 3.265689925471498e+17 3.085481246089202e+17 2.963618604957589e+17 2.781157645617893e+17
9510.001332321708 6.331947224951002e+17 6.127485791559333e+17 5.908806472978476e+17 5.6733630546641683e+17 5.41761755633964e+17 5.13695011035218e+17 4.825205547656108e+17 4.6551726919602074e+17 4.47405307859882e+17 4.280256061527852e+17 4.1570359698493434e+17 4.071615603218077e+17 3.937838035998581e+17 3.8442255212824435e+17 3.695231993927125e+17 3.5881299777757184e+17 3.5313620339979795e+17 3.471813027279222e+17 3.4087697575041805e+17 3.341203479900175e+17 3.267540012756677e+17 3.089243410817391e+17 2.9688541711817894e+17 2.7891478897607046e+17
9530.001335123648 6.270087831744928e+17 6.074115340762186e+17 5.863046944685522e+17 5.6342053748173504e+17 5.384227722150698e+17 5.108385447281425e+17 4.800737630416302e+17 4.632553880426542e+17 4.4531668245894016e+17 4.2610435203656864e+17 4.1388244857525434e+17 4.054058457844973e+17 3.9212713825443104e+17 3.828327092393253e+17 3.6803468289295104e+17 3.5739369080722246e+17 3.517520855117268e+17 3.458327969078279e+17 3.395645276611057e+17 3.328443076254102e+17 3.2551438507562016e+17 3.0775456193324115e+17 2.957449154145489e+17 2.7779135421125805e+17
9550.001337925589 5.953437138986346e+17 5.798180285675775e+17 5.6277709466580774e+17 5.439246511600848e+17 5.2286664049529606e+17 4.990857574974113e+17 4.7189086985545536e+17 4.567350061282496e+17 4.4034519526509165e+17 4.225401112727762e+17 4.110757810555038e+17 4.0306266807051085e+17 3.904067872646285e+17 3.814747744403183e+17 3.6713469106877024e+17 3.5674086844956e+17 3.5120633183441376e+17 3.453838796818613e+17 3.392032770300076e+17 3.325626849954338e+17 3.2530601990740365e+17 3.076845658341063e+17 2.957518131129947e+17 2.7790630381786874e+17
9570.001340727518 6.232980872297848e+17 6.037398341332777e+17 5.827288918590916e+17 5.5999211669073146e+17 5.3519336238855245e+17 5.078864800809559e+17 4.7746927979032045e+17 4.6085195015569805e+17 4.4313437087397574e+17 4.2415890698136806e+17 4.120857794105055e+17 4.037113353826833e+17 3.905901199588463e+17 3.814027569350923e+17 3.6676943543471744e+17 3.562417543898181e+17 3.506585431683203e+17 3.447992049908144e+17 3.385933025533395e+17 3.319388375571437e+17 3.246799479592038e+17 3.0709325774939136e+17 2.952060086187806e+17 2.774483340029824e+17
9590.001343529459 6.293045343136524e+17 6.091349502101115e+17 5.875529289283726e+17 5.6429966707947136e+17 5.39035796344341e+17 5.112826027930411e+17 4.804197691355441e+17 4.635710807121101e+17 4.456080808666298e+17 4.263721300971974e+17 4.141336376657071e+17 4.056445845163925e+17 3.9234697907186323e+17 3.830400526128089e+17 3.682253171729477e+17 3.5757702774627315e+17 3.519340239210042e+17 3.4601551378420806e+17 3.397512023197625e+17 3.33039579338717e+17 3.2572530982873325e+17 3.0803979054885997e+17 2.9611743406193485e+17 2.783543134665373e+17
9610.001346331397 6.2274948337572e+17 6.028614895527116e+17 5.816151610177952e+17 5.5875643856755514e+17 5.3393765683206906e+17 5.0670868099525766e+17 4.764541302742997e+17 4.5994233402234784e+17 4.423425198125379e+17 4.234907009089901e+17 4.1149140425439635e+17 4.031662462731761e+17 3.901152644029169e+17 3.809735025037897e+17 3.664056424915361e+17 3.5592033507408736e+17 3.5035835557222816e+17 3.4452087364880064e+17 3.383376812669055e+17 3.317075254286193e+17 3.2447557857810234e+17 3.069604945654082e+17 2.951298319632557e+17 2.7747043099340947e+17
9630.00134913334 6.180525103791882e+17 5.984175458807396e+17 5.774419991403251e+17 5.5486941015698035e+17 5.3036666420217504e+17 5.0347708141163974e+17 4.7359538367334106e+17 4.5728185221289274e+17 4.3988785287136966e+17 4.212522337219071e+17 4.0938704040267795e+17 4.0115171315125286e+17 3.8823996786967686e+17 3.791926841781266e+17 3.647705695648961e+17 3.54386051294242e+17 3.488761172726695e+17 3.4309177240610976e+17 3.369633641428929e+17 3.303898558399473e+17 3.232170281277471e+17 3.058305582714409e+17 2.9407299078654957e+17 2.7650083820663792e+17
9650.001351935278 6.163143362087945e+17 5.966055106653917e+17 5.755784906253683e+17 5.529619063975663e+17 5.284375088155219e+17 5.015484917395147e+17 4.7169046603180685e+17 4.5540237465097235e+17 4.380411971388384e+17 4.194455918259792e+17 4.076092625054268e+17 3.993955523854422e+17 3.8651938635090394e+17 3.7749827778317997e+17 3.6311889165898925e+17 3.5276529080292544e+17 3.4727134244426746e+17 3.415033828122483e+17 3.353914203658281e+17 3.288343689662398e+17 3.216775921388198e+17 3.0431989662299264e+17 2.925727097321013e+17 2.7500346921980854e+17
9670.001354737218 6.136172576371478e+17 5.941015368554703e+17 5.732697606300515e+17 5.508519667523454e+17 5.2652590629875034e+17 4.998443364714264e+17 4.702072487879659e+17 4.540369374495839e+17 4.367992865747313e+17 4.1833710617938874e+17 4.065856896375268e+17 3.984305359497499e+17 3.856442197887572e+17 3.7668498280914906e+17 3.6240179968327066e+17 3.521145822380218e+17 3.4665482704362963e+17 3.4092186705206515e+17 3.348461537619111e+17 3.2832687500603e+17 3.2120989965597126e+17 3.0394066118474054e+17 2.9224369887523565e+17 2.7472775740984778e+17
9690.001357539148 6.191945341144259e+17 5.995695110410118e+17 5.785964957122427e+17 5.5600787287593126e+17 5.3146751806613555e+17 5.045121169631027e+17 4.745181747711957e+17 4.5812914221765523e+17 4.4064082883652806e+17 4.2189243128455725e+17 4.0995058121698624e+17 4.0166119472988064e+17 3.8866249991530394e+17 3.795548578473208e+17 3.650395698092926e+17 3.545928241177968e+17 3.490522251769988e+17 3.432379831173233e+17 3.3708076111790944e+17 3.304804610962376e+17 3.232839212450768e+17 3.058702951005603e+17 2.941222631792599e+17 2.766017198949206e+17
9710.001360341088 6.182939296828873e+17 5.985060012972589e+17 5.77370208887964e+17 5.546455171025821e+17 5.2998491699414125e+17 5.029414409759149e+17 4.7289963493052243e+17 4.565062236988778e+17 4.39030444839657e+17 4.203146192580991e+17 4.084034151466449e+17 4.001400668546213e+17 3.8719002159231776e+17 3.781215629874036e+17 3.63677336711684e+17 3.5328677839462163e+17 3.477773148258084e+17 3.4199628203086726e+17 3.358746541442833e+17 3.293123182194857e+17 3.221564949410643e+17 3.048347162529729e+17 2.931412054905921e+17 2.7569177739021766e+17
9730.001363143028 6.174900710601199e+17 5.977746471368133e+17 5.767235696332259e+17 5.5408366124782496e+17 5.2951395562427955e+17 5.025581831984355e+17 4.726005684105432e+17 4.562465625454731e+17 4.3880637834874963e+17 4.2011913164387923e+17 4.082223771006702e+17 3.999668680630479e+17 3.8702660225367315e+17 3.779637268054175e+17 3.6352768699871226e+17 3.5314354462917914e+17 3.476380283625696e+17 3.418616949770136e+17 3.3574574096825254e+17 3.29190528153516e+17 3.2204387522252416e+17 3.047533850635362e+17 2.93091820022031e+17 2.7571337133656992e+17
9750.001365944969 6.106370479386655e+17 5.913249562649129e+17 5.7070005974521824e+17 5.485103971020576e+17 5.244297029195601e+17 4.9799888259516326e+17 4.686121635365454e+17 4.525658665407081e+17 4.354479731033027e+17 4.171007058556568e+17 4.054151955763027e+17 3.973036334135027e+17 3.8458178877787046e+17 3.756655423517047e+17 3.6145005573074554e+17 3.512129274262667e+17 3.457808310992324e+17 3.400781839270445e+17 3.340362888805409e+17 3.2755588902042355e+17 3.204852007579905e+17 3.03352921788477e+17 2.9177621071361376e+17 2.744911964509348e+17
9770.001368746907 6.125073202468268e+17 5.930401080940529e+17 5.722607296313684e+17 5.4991132168837504e+17 5.256572274942044e+17 4.990566850658582e+17 4.6949405967270445e+17 4.5335495031834176e+17 4.361455152068276e+17 4.177058393098102e+17 4.0596422164393683e+17 3.978160917077941e+17 3.850420244672624e+17 3.760934143847469e+17 3.618350372680686e+17 3.5157548864535955e+17 3.4613465516781664e+17 3.4042528434366714e+17 3.3437901413035283e+17 3.2789727385418016e+17 3.208291438706378e+17 3.03720828899799e+17 2.9217509342851226e+17 2.7495751783735386e+17
9790.001371548848 6.087630508857128e+17 5.893690711385066e+17 5.6866323298403674e+17 5.4640864667811757e+17 5.2227693898650925e+17 4.958322567959906e+17 4.6648002812583354e+17 4.504730968047569e+17 4.334140887830049e+17 4.1514926926883245e+17 4.035247306309403e+17 3.954595381490954e+17 3.828170514807733e+17 3.7396060016916e+17 3.5984553524531334e+17 3.496838385152953e+17 3.4429256851344045e+17 3.386329829661013e+17 3.326366127311729e+17 3.2620460600369184e+17 3.191857485784947e+17 3.0217042138083616e+17 2.906628906313188e+17 2.734640961917875e+17
9810.001374350779 6.129469979828842e+17 5.935886633003593e+17 5.7290340656837984e+17 5.506407932889815e+17 5.2646363054206406e+17 4.999112502797168e+17 4.703603830865158e+17 4.542073631381599e+17 4.3696337469596115e+17 4.1846803364794195e+17 4.0668241245802374e+17 3.985001831066022e+17 3.8566898729121734e+17 3.766794760327166e+17 3.623567909099483e+17 3.5205457139698125e+17 3.465932200564718e+17 3.408644401582141e+17 3.3480040598658323e+17 3.2830339863788595e+17 3.212240574638822e+17 3.0411977943162304e+17 2.926078762875564e+17 2.7549093978112323e+17
9830.001377152717 6.099722213113971e+17 5.907365813152778e+17 5.701956059191542e+17 5.480880507731223e+17 5.240770570570979e+17 4.97714854043924e+17 4.6838864535380365e+17 4.523680657803287e+17 4.3527340011685766e+17 4.169448226832636e+17 4.052694676805322e+17 3.971647693469872e+17 3.844558360891838e+17 3.7555151097992806e+17 3.613630259206212e+17 3.511544621395354e+17 3.4574142410197856e+17 3.400623113718215e+17 3.3404963432966656e+17 3.2760622681528115e+17 3.2058361263800736e+17 3.0360890156676154e+17 2.9217856654674963e+17 2.7517703755514653e+17
9850.00137995466 6.102211459798126e+17 5.910982071605994e+17 5.706534935778861e+17 5.4863506763698515e+17 5.247039917150604e+17 4.983969479150394e+17 4.690923347343811e+17 4.530628259538826e+17 4.3594454097403706e+17 4.175723773947366e+17 4.0586076314046374e+17 3.977268549128615e+17 3.849674252548119e+17 3.760252038333431e+17 3.6177391085468883e+17 3.5151996233983885e+17 3.460836764950628e+17 3.4038097502565805e+17 3.3434457292277075e+17 3.2787765086689165e+17 3.208322248255314e+17 3.0381882250127456e+17 2.923796361320266e+17 2.753934445871164e+17
9870.001382756598 6.05424751675921e+17 5.865400344821563e+17 5.6635290804638624e+17 5.446182234134465e+17 5.210044816478227e+17 4.950541836304954e+17 4.661524775393253e+17 4.503439147497064e+17 4.334585406276375e+17 4.153340783140903e+17 4.037764988450702e+17 3.9574834432273274e+17 3.831500860737996e+17 3.7431716435801056e+17 3.6023227360235245e+17 3.5009155030384486e+17 3.4471253715731994e+17 3.390678250281344e+17 3.330903244862632e+17 3.2668346467089754e+17 3.19699814448934e+17 3.028200375617152e+17 2.914603481566099e+17 2.7458532921712086e+17
9890.001385558538 6.038035127385597e+17 5.8508633955226e+17 5.650827743254651e+17 5.435268717875736e+17 5.200911715483129e+17 4.943266731784824e+17 4.656116239014636e+17 4.49895793693431e+17 4.33101590865395e+17 4.150656222209021e+17 4.0355742455900646e+17 3.9556115738598195e+17 3.8300825474169914e+17 3.7420380309852154e+17 3.601592457087992e+17 3.500443643107727e+17 3.4467836216537286e+17 3.3904691145357805e+17 3.330832494796254e+17 3.26691200053949e+17 3.197240613571586e+17 3.0289035934277574e+17 2.915713120435633e+17 2.74778970888316e+17
9910.001388360479 6.005620631265659e+17 5.81974770733769e+17 5.62104047858238e+17 5.4069832622024877e+17 5.1742622723859206e+17 4.918425029004073e+17 4.633411738215461e+17 4.4774583282043046e+17 4.310833485055706e+17 4.131922831309722e+17 4.017796838780795e+17 3.938492485910907e+17 3.8139994807505504e+17 3.7266728523125786e+17 3.587341553730668e+17 3.486961044129549e+17 3.433692773403018e+17 3.377775778673408e+17 3.3185436372326496e+17 3.255035683204067e+17 3.1857847750129056e+17 3.018289893025402e+17 2.9054708708388486e+17 2.7377053600538566e+17
9930.001391162408 6.06169048010706e+17 5.873230059059914e+17 5.671773241147469e+17 5.454557146341449e+17 5.2182328750085357e+17 4.958345138889349e+17 4.6685119354257766e+17 4.5098192866654406e+17 4.340215913419167e+17 4.1580473731486944e+17 4.04184065368388e+17 3.961101225880886e+17 3.83440007807615e+17 3.745581449818723e+17 3.604013301956604e+17 3.5021637038734285e+17 3.448175230713414e+17 3.3915491080789485e+17 3.331623571239814e+17 3.2674427520651744e+17 3.1975499777696774e+17 3.0289640403901184e+17 2.915839499565731e+17 2.7483120962530474e+17
9950.001393964349 6.044044835557691e+17 5.856392755749004e+17 5.655619757960214e+17 5.4392393863694586e+17 5.20381370549268e+17 4.944803390739183e+17 4.6559961917905395e+17 4.497879436192745e+17 4.328849669391349e+17 4.1473207809944506e+17 4.031522877037584e+17 3.9510717691360045e+17 3.824824649830266e+17 3.736323207418587e+17 3.595257634414829e+17 3.4937630965554003e+17 3.4399607002470317e+17 3.3835285183452755e+17 3.323804850938742e+17 3.259837108389525e+17 3.1901708090493965e+17 3.022091239914563e+17 2.909249898987486e+17 2.7419947548265667e+17
9970.001396766289 6.032746299701539e+17 5.846025923557147e+17 5.6461965330497894e+17 5.430786223027066e+17 5.19642567207445e+17 4.938538844673909e+17 4.6509319657351264e+17 4.4933937177823994e+17 4.3249930125557235e+17 4.144082457403915e+17 4.0286552543634394e+17 3.9484536095459744e+17 3.822571587052003e+17 3.734317127505696e+17 3.5936269661859066e+17 3.4923903406236326e+17 3.438721919156008e+17 3.3824294722995584e+17 3.322854868071666e+17 3.2590482431584915e+17 3.189564234550491e+17 3.0219898132329664e+17 2.9095832089517203e+17 2.7431934213304483e+17
9990.001399568227 6.010329566084666e+17 5.824864202732975e+17 5.626338700649142e+17 5.412250386818218e+17 5.179260070191508e+17 4.922890638695213e+17 4.636968627268035e+17 4.480389697772966e+17 4.3129977240690995e+17 4.133175749110808e+17 4.0184357563610854e+17 3.938711590035522e+17 3.8135736792532294e+17 3.725837336875924e+17 3.585953579863964e+17 3.4852905537266323e+17 3.431921747511844e+17 3.375940121628249e+17 3.316690046930346e+17 3.253227259556529e+17 3.184111726276854e+17 3.0174062988217197e+17 2.905580017080009e+17 2.7400860565032867e+17
10025.001404471599 5.935079130280303e+17 5.7607021810509914e+17 5.572573864504656e+17 5.3679806065484794e+17 5.1434649699840096e+17 4.894464356228139e+17 4.614715510436906e+17 4.46075111242008e+17 4.2956724902908685e+17 4.117807023808809e+17 4.004073274696077e+17 3.924953615647667e+17 3.80061375802916e+17 3.713342387676545e+17 3.574083148570104e+17 3.4737993438104083e+17 3.420613408291678e+17 3.364815755861039e+17 3.305751347949456e+17 3.2424791971668563e+17 3.1735643698548646e+17 3.0073073606789677e+17 2.895745280825405e+17 2.7305647526061603e+17
10075.001411476498 5.818316326955759e+17 5.653916425349294e+17 5.475894232018792e+17 5.2819108135799405e+17 5.06839748593568e+17 4.830770050759547e+17 4.5627708685935994e+17 4.414768819823494e+17 4.2556600490263635e+17 4.083722983336476e+17 3.973475706075753e+17 3.896625229168299e+17 3.775592192706217e+17 3.690434371793582e+17 3.5541943973863136e+17 3.455818138364261e+17 3.403561674544421e+17 3.3486783131454144e+17 3.29052335180857e+17 3.228163619335604e+17 3.1601781681454816e+17 2.99594949564626e+17 2.8856367514924397e+17 2.7222360011547862e+17
10125.001418481299 5.900982970838271e+17 5.721676798191459e+17 5.5295786316824934e+17 5.322296603829164e+17 5.0965885701778694e+17 4.847874691500859e+17 4.570022495158579e+17 4.417634572955385e+17 4.2545449910818176e+17 4.079080337015385e+17 3.9669897937085376e+17 3.889032597967722e+17 3.766583540463232e+17 3.6806597618762976e+17 3.543580293159148e+17 3.444878940376184e+17 3.392535937843188e+17 3.337622830753718e+17 3.2794943659854765e+17 3.217223479166736e+17 3.149397822003786e+17 2.9857877800902195e+17 2.8760592434696586e+17 2.713776390890155e+17
10175.001425486198 5.81933374950675e+17 5.643030200220567e+17 5.4544105359554835e+17 5.2510474895825446e+17 5.029730252651035e+17 4.786138305580013e+17 4.514329248114465e+17 4.3653781316468256e+17 4.206032361209154e+17 4.034665967025961e+17 3.925208432929298e+17 3.849079080312615e+17 3.72947322099095e+17 3.645509437167624e+17 3.5114682867201914e+17 3.4148582364366336e+17 3.3635863368530886e+17 3.309764278658492e+17 3.252752438745749e+17 3.191630125498642e+17 3.1249931326405843e+17 2.9639466054932506e+17 2.8556648998520387e+17 2.6951096566452605e+17
10225.001432490999 5.824978459479621e+17 5.648134070942934e+17 5.458977901281808e+17 5.254965549177523e+17 5.033016689859309e+17 4.788740974759831e+17 4.5160667792789306e+17 4.366555825041418e+17 4.206558617421971e+17 4.034437360180482e+17 3.9244620411339264e+17 3.847979135637825e+17 3.7278179461123994e+17 3.6434847394016365e+17 3.5089208726040474e+17 3.412012202110314e+17 3.360610724309163e+17 3.3066791798494624e+17 3.249583078907666e+17 3.1884090893624794e+17 3.121768149269608e+17 2.9609802955866445e+17 2.853129670404956e+17 2.693642133418723e+17
10275.001439495898 5.822425496659739e+17 5.646356256221179e+17 5.457838520283524e+17 5.254455189901013e+17 5.033061489604641e+17 4.78910680389841e+17 4.5164429439204525e+17 4.36678997658328e+17 4.206533183245598e+17 4.0339985921602394e+17 3.9237070775105165e+17 3.846985483923595e+17 3.726421640762959e+17 3.641804616692633e+17 3.506813789456757e+17 3.409644637879984e+17 3.358128857051279e+17 3.304098350113029e+17 3.246925284778385e+17 3.185705099371532e+17 3.119060031382679e+17 2.958508740478109e+17 2.85105307269964e+17 2.6925233635629514e+17
10325.001446500699 5.735329810116358e+17 5.563053479765377e+17 5.378678042105753e+17 5.17979609374315e+17 4.963264752558242e+17 4.7247142355965504e+17 4.458124970783233e+17 4.311835582808607e+17 4.155160455350168e+17 3.986455847958183e+17 3.87858827190241e+17 3.803534692710064e+17 3.6855398362837606e+17 3.602687863253919e+17 3.470402669538749e+17 3.3750823699322944e+17 3.3245103686310886e+17 3.271435993038058e+17 3.2152354623794426e+17 3.155008312703504e+17 3.08938298370633e+17 2.930991922168842e+17 2.824730084861848e+17 2.6676100209824166e+17
10375.001453505498 5.7090140695451354e+17 5.538032395396502e+17 5.3550806186270746e+17 5.15774051811235e+17 4.942743033141976e+17 4.705855200295751e+17 4.441097489687926e+17 4.2957579038543366e+17 4.140048931871136e+17 3.972356093054184e+17 3.865113257899018e+17 3.79047734351348e+17 3.673136037170329e+17 3.5907352610961094e+17 3.459185651724606e+17 3.3644077619522694e+17 3.314129422051771e+17 3.261369791804232e+17 3.205510066336235e+17 3.1456571701012026e+17 3.0804518805269075e+17 2.923140193855655e+17 2.8176705430954733e+17 2.6618511775355872e+17
10425.001460510399 5.7093712844137894e+17 5.5390836321609024e+17 5.356619895789067e+17 5.15961606366943e+17 4.9449114638545914e+17 4.70814656987575e+17 4.443229538658491e+17 4.297697487411687e+17 4.141740032481649e+17 3.973668426471178e+17 3.8661551178677555e+17 3.791315717923056e+17 3.6736527513123475e+17 3.591029109754235e+17 3.459152161258038e+17 3.3641848038000134e+17 3.31382667295842e+17 3.2610045774917734e+17 3.205104763834245e+17 3.1452428529016557e+17 3.080073889031448e+17 2.923083851114697e+17 2.8180399386108346e+17 2.6631452781213072e+17
10475.0014675152 5.623163389667073e+17 5.4578065922703654e+17 5.280718018373779e+17 5.089384000653222e+17 4.880812248704305e+17 4.65062953051331e+17 4.3929115606838234e+17 4.251227074366164e+17 4.099260456595523e+17 3.935358447365871e+17 3.830409834737107e+17 3.7573013653785734e+17 3.6422614192167046e+17 3.561392477586624e+17 3.432159723836011e+17 3.338968280688234e+17 3.289505900919787e+17 3.2375884009805664e+17 3.182607149707114e+17 3.123682845078458e+17 3.059482534173936e+17 2.9046121339395283e+17 2.800843449844685e+17 2.6477116248870966e+17
10525.001474520097 5.634317079795066e+17 5.468028297446265e+17 5.289900802134511e+17 5.0975373237811315e+17 4.8876586845316883e+17 4.656014476701414e+17 4.396582420814672e+17 4.253923313277089e+17 4.100907884351423e+17 3.935852675055187e+17 3.8301567550493734e+17 3.756546091006944e+17 3.640743385131503e+17 3.559376802931597e+17 3.429431984437752e+17 3.3358131006741824e+17 3.2861608261276774e+17 3.234073650985611e+17 3.1789470628567514e+17 3.119910448444946e+17 3.055640144524744e+17 2.900847632104953e+17 2.7973379477702035e+17 2.644860023239113e+17
10575.001481524898 5.576207413565787e+17 5.41273980235486e+17 5.237628137204106e+17 5.048429288368808e+17 4.842101880841438e+17 4.614275202927423e+17 4.3589741071995437e+17 4.218536265539949e+17 4.067826389690581e+17 3.9052110703832134e+17 3.801036353502524e+17 3.728466680999011e+17 3.614261440353432e+17 3.533990272731118e+17 3.405743530510282e+17 3.3133035863821824e+17 3.264258634021717e+17 3.212795036267859e+17 3.158311016041828e+17 3.099942605911845e+17 3.036374714791746e+17 2.883166080988668e+17 2.7806409859581114e+17 2.6295511980627123e+17
10625.001488529797 5.5370665715867706e+17 5.375526229137682e+17 5.202447319836546e+17 5.015337734212692e+17 4.811185180542815e+17 4.5858180484578554e+17 4.333155598233631e+17 4.1941222445628224e+17 4.0448807694083776e+17 3.883767145212287e+17 3.7805190891843e+17 3.708566887972746e+17 3.595302603530512e+17 3.5156679470389126e+17 3.388404518174903e+17 3.2966514439410816e+17 3.247966392109199e+17 3.196877613156981e+17 3.1427884812046125e+17 3.084841237468633e+17 3.0217319165402054e+17 2.8696391829023168e+17 2.7678836121505494e+17 2.617982866423791e+17
10675.001495534598 5.4128272543194266e+17 5.258721383571514e+17 5.093276684072601e+17 4.914352501460929e+17 4.718983237438411e+17 4.5029284436921555e+17 4.2604603759220256e+17 4.126884069810287e+17 3.9833539346865165e+17 3.828259537757358e+17 3.728757810782828e+17 3.6593630901068224e+17 3.550005627405919e+17 3.4730200983534637e+17 3.34978791429589e+17 3.260763866011221e+17 3.213463124614847e+17 3.163774466325488e+17 3.1111094841397594e+17 3.0546174482247e+17 2.9930073768231776e+17 2.8441306757127885e+17 2.7441928594729542e+17 2.5965012674815306e+17
10725.001502539499 5.448508215603479e+17 5.291431323741218e+17 5.122987090933032e+17 4.940905057337822e+17 4.742103506972311e+17 4.522462660562629e+17 4.2761016622937626e+17 4.1404584137904416e+17 3.9948137217673197e+17 3.8375068858676045e+17 3.736651173945323e+17 3.666342736288053e+17 3.5556212116911245e+17 3.4777328762566816e+17 3.353204994733645e+17 3.2633784639082016e+17 3.215700198161772e+17 3.1656570781392474e+17 3.1126633746452346e+17 3.0558752593568186e+17 2.9940094928270784e+17 2.8448233677625123e+17 2.7449274064689008e+17 2.5976272649343344e+17
10775.001509544298 5.3987226564439264e+17 5.2433908558867514e+17 5.076805502926692e+17 4.89680598706995e+17 4.700287888161998e+17 4.4832756529606406e+17 4.2399706055534746e+17 4.1060216210347834e+17 3.9621930977844256e+17 3.806826319931806e+17 3.707196804312309e+17 3.6377269464292275e+17 3.5283091348776544e+17 3.451321195429405e+17 3.328184526714101e+17 3.239329876090914e+17 3.1921549809763034e+17 3.142630739608669e+17 3.090175546732193e+17 3.0339501035615744e+17 2.972679958307528e+17 2.8248566385545357e+17 2.725825514642382e+17 2.579766397646478e+17
10825.001516549199 5.302392885578964e+17 5.151272865307198e+17 4.989215240631046e+17 4.814276632017395e+17 4.623362509349931e+17 4.412560448071563e+17 4.17629866805588e+17 4.04627773913368e+17 3.906702541800277e+17 3.755958721738665e+17 3.659292886826341e+17 3.5918872461983834e+17 3.485681410312675e+17 3.4109130715660397e+17 3.2912229810127526e+17 3.204744358758941e+17 3.1587852390010406e+17 3.110498341006114e+17 3.059305811995015e+17 3.004377809876659e+17 2.944450555116219e+17 2.7995290524319197e+17 2.7021530993500704e+17 2.5581097606053795e+17
10875.001523553998 5.298439785793097e+17 5.1478383624459046e+17 4.986199040946955e+17 4.8112562720419245e+17 4.620192799891108e+17 4.408995372924718e+17 4.172033524156749e+17 4.041541604823941e+17 3.9013660432903296e+17 3.749910743355068e+17 3.6527611883626445e+17 3.5850107059952576e+17 3.478261788630351e+17 3.403127807243085e+17 3.2829025017200685e+17 3.1960988072744544e+17 3.1499925153101e+17 3.101570805487702e+17 3.05025933697355e+17 2.99522873818797e+17 2.935216890036537e+17 2.790176133792129e+17 2.6927395967387654e+17 2.5485058298677357e+17
10925.001530558799 5.1641866543697274e+17 5.035450084073367e+17 4.894760739728633e+17 4.739727092804592e+17 4.5669689528280896e+17 4.372165207185144e+17 4.149182577382462e+17 4.024523470591915e+17 3.889262885693025e+17 3.741631553201348e+17 3.646179982096907e+17 3.57927988079348e+17 3.4733645088762496e+17 3.398474280853234e+17 3.278129220111654e+17 3.190927386959113e+17 3.1445297031717094e+17 3.095759786908675e+17 3.044041805608854e+17 2.988546364386505e+17 2.9280043924738144e+17 2.7816125687482886e+17 2.683184373719765e+17 2.537217595350953e+17
10975.0015375637 5.165029380751701e+17 5.0214799323830285e+17 4.866394314546446e+17 4.6976493193348794e+17 4.512277564461376e+17 4.3063344102848966e+17 4.0744590660449594e+17 3.946514897963252e+17 3.808995349078195e+17 3.660401528264436e+17 3.56510863217935e+17 3.4986770541866784e+17 3.3940537572053037e+17 3.320453343905743e+17 3.202731961775097e+17 3.1177503729938374e+17 3.072606029736122e+17 3.0251770399692883e+17 2.974885225120115e+17 2.920886074685575e+17 2.8618844898805373e+17 2.7184124515199978e+17 2.6209099370131283e+17 2.4742648200937014e+17
11025.001544568497 5.2184265897573037e+17 5.067112790664639e+17 4.904641455401019e+17 4.7288609176840486e+17 4.5368375016166394e+17 4.324626248512406e+17 4.086728939960958e+17 3.9558605796003834e+17 3.815462051108206e+17 3.664021048315916e+17 3.567054618489168e+17 3.499526101591098e+17 3.393308145522908e+17 3.3186890491504403e+17 3.199538739189279e+17 3.113693194338413e+17 3.0681484582208237e+17 3.020343809654655e+17 2.9697010826359226e+17 2.915378103901185e+17 2.856081286389612e+17 2.7121258706427203e+17 2.6144723407118045e+17 2.467851453862985e+17
11075.001551573398 5.233877849386965e+17 5.081809374438974e+17 4.918588240311845e+17 4.742054461490898e+17 4.5492304935159616e+17 4.336070065284811e+17 4.0970699212420986e+17 3.965536426364762e+17 3.824396382371937e+17 3.672108745540101e+17 3.5745862001367456e+17 3.50667243599153e+17 3.399856702351708e+17 3.324832865649626e+17 3.205093047184069e+17 3.118887390649445e+17 3.073181157855387e+17 3.0252353971963046e+17 2.974478588668545e+17 2.920080600348215e+17 2.860770443640276e+17 2.7171830177541168e+17 2.6202095491018058e+17 2.475393011828924e+17
11125.001558578197 5.182803644064575e+17 5.033567106033288e+17 4.8734185414262496e+17 4.700126844798373e+17 4.510888234176281e+17 4.30167386482641e+17 4.0669286193422515e+17 3.9376394165746976e+17 3.798794016921898e+17 3.648835944435894e+17 3.552713878962877e+17 3.485727399452816e+17 3.380285924700273e+17 3.3061713931359386e+17 3.18778480686691e+17 3.1024880212991994e+17 3.057244594775322e+17 3.0097698235738726e+17 2.9594984342645075e+17 2.9056078567640595e+17 2.8468389926981466e+17 2.7045508017064886e+17 2.6084981783933414e+17 2.465214434300164e+17
11175.001565583098 5.154651411078495e+17 5.007684089458219e+17 4.849891533343682e+17 4.679208047221153e+17 4.492740120072289e+17 4.28645269756889e+17 4.054784203433117e+17 3.927090201744883e+17 3.789823331428316e+17 3.641404973141288e+17 3.546162938208291e+17 3.479737607604799e+17 3.3751011640511974e+17 3.3014900900333875e+17 3.183832218751171e+17 3.099017418563215e+17 3.054022295980324e+17 3.006810014250196e+17 2.9568211693817376e+17 2.9032483478891264e+17 2.8448554371131446e+17 2.703711561131337e+17 2.608736484027719e+17 2.4676935408229738e+17
11225.001572587898 5.1531462734744525e+17 5.0060006702459034e+17 4.84798280733546e+17 4.677007506670058e+17 4.490075857213581e+17 4.283231853304471e+17 4.050906104598952e+17 3.922814988490947e+17 3.785110521073833e+17 3.6362213829276397e+17 3.5406828662050176e+17 3.474061101834055e+17 3.369133211581707e+17 3.295345341571551e+17 3.177460830308459e+17 3.092542762901667e+17 3.047518264973952e+17 3.000295494618127e+17 2.950322356075108e+17 2.8967962499580474e+17 2.83849184682155e+17 2.6977296417912304e+17 2.603140883219109e+17 2.46281945254397e+17
11275.001579592797 5.047245278059041e+17 4.9059770962195654e+17 4.754220658616768e+17 4.5898751057929715e+17 4.410046894974902e+17 4.2109386949190694e+17 3.987068070562795e+17 3.863545080063621e+17 3.730665688214176e+17 3.586850763102845e+17 3.494480850140134e+17 3.4300162417020346e+17 3.328390445859614e+17 3.256837055361526e+17 3.1423440071260704e+17 3.059713246635873e+17 3.015842535031659e+17 2.969782463983904e+17 2.9209858054839974e+17 2.8686574191321136e+17 2.811583288940142e+17 2.6734775509712534e+17 2.5804410796098976e+17 2.442141307530902e+17
11325.001586597598 5.06187585662591e+17 4.92091735903249e+17 4.769384519648314e+17 4.605159667808097e+17 4.42541025865063e+17 4.226176477893984e+17 4.001847946016832e+17 3.877884431361923e+17 3.744373641456243e+17 3.5996798510296435e+17 3.506637569817264e+17 3.441655712606607e+17 3.3391352570829203e+17 3.266912603176981e+17 3.151319795913889e+17 3.0679097196657754e+17 3.0236447885695334e+17 2.9771927859428826e+17 2.928012132647192e+17 2.87531625136881e+17 2.8179053161165856e+17 2.6793502967493094e+17 2.5863870197681203e+17 2.448833276850904e+17
11375.0015936025 5.029056369064259e+17 4.8879606175435475e+17 4.73636342302569e+17 4.572155475537453e+17 4.392558742993426e+17 4.193600381036894e+17 3.96976249973418e+17 3.846156902290318e+17 3.713109885128597e+17 3.569013526973616e+17 3.476409735211594e+17 3.411762107043773e+17 3.309834254494563e+17 3.238070158182173e+17 3.123293134448324e+17 3.040528770591907e+17 2.9966229937402554e+17 2.9505578648930106e+17 2.901794408876677e+17 2.8495489062297622e+17 2.7926227512006685e+17 2.655130811112497e+17 2.5627106602412672e+17 2.425573087609665e+17
11425.001600607298 4.973732691381977e+17 4.8362800573533914e+17 4.688568628426188e+17 4.528411061240511e+17 4.353088438321486e+17 4.158743107704834e+17 3.939840352848044e+17 3.8188350502284883e+17 3.688459891269213e+17 3.5471006208996314e+17 3.4561525478640576e+17 3.3926098855755014e+17 3.292317519090636e+17 3.221629242122926e+17 3.1084430671907616e+17 3.026732877503764e+17 2.9833583765295424e+17 2.937833540748786e+17 2.889625102961675e+17 2.8379624987387392e+17 2.7816669558836032e+17 2.6457666351734774e+17 2.554572105269428e+17 2.4196592513601e+17
11475.0016076122 5.030957708872121e+17 4.890788689277257e+17 4.7401461308359034e+17 4.5767749876819686e+17 4.39792795651784e+17 4.199520078829865e+17 3.975850310040946e+17 3.852082863030519e+17 3.718652447650826e+17 3.5738590267844966e+17 3.4806664867614317e+17 3.415549962133554e+17 3.3127828281335e+17 3.2403901838757754e+17 3.1245974478809184e+17 3.0411519481442157e+17 2.996922334841487e+17 2.9505538091811226e+17 2.9015205776565626e+17 2.8490547690626275e+17 2.791985989150415e+17 2.654705792218598e+17 2.563013540404812e+17 2.428012059724468e+17
11525.001614616996 5.0057591937408525e+17 4.8669624025962643e+17 4.717718558629122e+17 4.555937478328478e+17 4.378602441510344e+17 4.181865805790239e+17 3.9599080634151046e+17 3.837055228366983e+17 3.704530763317488e+17 3.5606703187961446e+17 3.468036163705231e+17 3.403289171294317e+17 3.301085422695667e+17 3.2290696454319066e+17 3.1138575371875494e+17 3.0308220265243456e+17 2.9868091638051283e+17 2.940671022779301e+17 2.891886914176795e+17 2.8396970819646426e+17 2.7829442997059014e+17 2.6465184671524387e+17 2.5554982576360525e+17 2.4216508130001738e+17
11575.001621621797 4.9474355698397037e+17 4.810976271368221e+17 4.6641148015831405e+17 4.5049974180622214e+17 4.3307646948217626e+17 4.137479315348081e+17 3.919502435981013e+17 3.7988176665411405e+17 3.6686405270767565e+17 3.52728323763815e+17 3.436230514904849e+17 3.3725727901505664e+17 3.272050935257286e+17 3.2011912862286406e+17 3.087760257947452e+17 3.005953639084329e+17 2.9625722103234157e+17 2.917079385729993e+17 2.8689577288573117e+17 2.8174520334752954e+17 2.7614116351924246e+17 2.626556985687742e+17 2.5364749215810397e+17 2.4038910660480112e+17
11625.001628626698 4.874489550226221e+17 4.742089949488545e+17 4.5996385670848083e+17 4.4451137757674054e+17 4.27569254182996e+17 4.087472203770912e+17 3.8749059528902765e+17 3.7570918056486176e+17 3.629853547153346e+17 3.491523773721564e+17 3.402315295654825e+17 3.339888506193077e+17 3.241218062349793e+17 3.1715884111694394e+17 3.0599985494107226e+17 2.9794251975666675e+17 2.936665082755621e+17 2.891802412415959e+17 2.8443225657880858e+17 2.7934779365999066e+17 2.7381270305069686e+17 2.604812108419288e+17 2.5156761925964394e+17 2.384387235060904e+17
11675.001635631497 4.8640962952152806e+17 4.733308337045381e+17 4.592470742780182e+17 4.439536718270701e+17 4.271614734697792e+17 4.0848287437378176e+17 3.873527653865203e+17 3.75623692345533e+17 3.6294426340475e+17 3.491436334937812e+17 3.402344698392633e+17 3.339968117111683e+17 3.241311370428277e+17 3.171653778143665e+17 3.059970540593609e+17 2.979312571709254e+17 2.936508130970518e+17 2.891603835033923e+17 2.8440883789408698e+17 2.7932207460158755e+17 2.737870701039127e+17 2.604719931050883e+17 2.5158719806853024e+17 2.385320794572375e+17
11725.001642636398 4.9119847741486394e+17 4.778341738027209e+17 4.634423017350805e+17 4.4781984568729075e+17 4.306771415014383e+17 4.1161177015158317e+17 3.9004710791793805e+17 3.78076189501547e+17 3.6513482900155117e+17 3.510460734421366e+17 3.419525832231089e+17 3.3558629118093997e+17 3.25522467238095e+17 3.184215068640158e+17 3.070504947255002e+17 2.988524618118674e+17 2.945079580388709e+17 2.8995528472218816e+17 2.8514433232415117e+17 2.8000147673328682e+17 2.7441499647892787e+17 2.6102306178575997e+17 2.5213013997864906e+17 2.3913268057857834e+17
11775.001649641197 4.7972712733426605e+17 4.670121962934947e+17 4.533128885051596e+17 4.384200725363646e+17 4.2205594941442464e+17 4.038384708714809e+17 3.8320002517932275e+17 3.717277480392048e+17 3.5930746345773574e+17 3.457674310873236e+17 3.3701362081683654e+17 3.3087821574066854e+17 3.2116457126484154e+17 3.142992758578017e+17 3.0328170661188326e+17 2.9531928784632506e+17 2.9109266677836717e+17 2.866583811214324e+17 2.8196621971443795e+17 2.7694339609071114e+17 2.7147874756600934e+17 2.5834094448381296e+17 2.4958634026644496e+17 2.367501922166683e+17
11825.001656646098 4.77125800258864e+17 4.643986052839348e+17 4.5068002231954746e+17 4.3579004629787046e+17 4.194492044682004e+17 4.0127592774011725e+17 3.807196368207323e+17 3.693059979585642e+17 3.5696435780958074e+17 3.435215535792976e+17 3.348378341839775e+17 3.287538869286393e+17 3.19127483858939e+17 3.1232645905038534e+17 3.0141782519189926e+17 2.935371161169258e+17 2.893549317761833e+17 2.849677751650722e+17 2.8032600002235734e+17 2.7535759270013434e+17 2.6995246194130762e+17 2.5695825647983504e+17 2.4829930796498675e+17 2.3560441779382333e+17
11875.001663650899 4.741013556415797e+17 4.615429841447566e+17 4.4799279694877466e+17 4.332781256830962e+17 4.1710987267493984e+17 3.991085634717106e+17 3.787172313787463e+17 3.6738128609923674e+17 3.5511178343748154e+17 3.417316093096004e+17 3.3308054931082586e+17 3.2701583909466963e+17 3.1741291370411174e+17 3.10624829381083e+17 2.997310796352408e+17 2.918584322600678e+17 2.8768008956766704e+17 2.8329704106640835e+17 2.7865999775465392e+17 2.7369717410499744e+17 2.6829915770305027e+17 2.5532738228830333e+17 2.466880695569665e+17 2.340254133912637e+17
11925.001670655798 4.816447955853375e+17 4.6873739559714496e+17 4.5481965060257734e+17 4.396965176514215e+17 4.230786822081943e+17 4.045684379202546e+17 3.835806296696079e+17 3.719035385790834e+17 3.5925262134574784e+17 3.454490399723151e+17 3.3651964860687034e+17 3.3025995064467686e+17 3.203493977966763e+17 3.133480829953926e+17 3.021265139091682e+17 2.9403363188331795e+17 2.8974592882304256e+17 2.8525444527092346e+17 2.8051051190329613e+17 2.754429744395443e+17 2.6994321989095315e+17 2.567863953878567e+17 2.4807812310356973e+17 2.354025461892283e+17
11975.001677660599 4.6406812692709325e+17 4.5181999418275776e+17 4.386303257050696e+17 4.2431182268218304e+17 4.085938396017114e+17 3.9110814419132006e+17 3.713205176734539e+17 3.6032998897925414e+17 3.484376535506554e+17 3.3547701109642643e+17 3.270992764240832e+17 3.2122734604515405e+17 3.119298441911803e+17 3.053573566109704e+17 2.948071855551284e+17 2.8717928039345898e+17 2.8312888072178704e+17 2.7887809913397178e+17 2.743784568658086e+17 2.695593228831822e+17 2.64312882746229e+17 2.5168057536179904e+17 2.4324396994324816e+17 2.3083870048847174e+17
12025.001684665496 4.695321757739837e+17 4.571480091858286e+17 4.4379003396204294e+17 4.292726848342439e+17 4.133205550270148e+17 3.955497806139797e+17 3.754002558364783e+17 3.641873710736253e+17 3.520378651543469e+17 3.3877797949813344e+17 3.301954160944131e+17 3.241757628084616e+17 3.146386226999632e+17 3.078944564265218e+17 2.970701390763664e+17 2.892505830582851e+17 2.8510234637538666e+17 2.807529046880929e+17 2.7615421680676454e+17 2.7123608241882186e+17 2.658915588577886e+17 2.5307480291189482e+17 2.4456648559303376e+17 2.3214786825459094e+17
12075.001691670297 4.6481843763923315e+17 4.526227035165e+17 4.394649276930077e+17 4.251658708038493e+17 4.094536461536847e+17 3.9194868393795366e+17 3.7209717832088205e+17 3.610522516822121e+17 3.490806109345392e+17 3.360111261951174e+17 3.275502880416708e+17 3.2161394311060915e+17 3.122069961469744e+17 3.0555247761380243e+17 2.9486866463834886e+17 2.8714754654148835e+17 2.8305068741729354e+17 2.787545229268012e+17 2.74211444945343e+17 2.6935211017822544e+17 2.6407048909614272e+17 2.5139998680704736e+17 2.429840135529168e+17 2.306909961284594e+17
12125.001698675198 4.6589259888068506e+17 4.5368376181147354e+17 4.405085855722574e+17 4.2617694684832666e+17 4.104140091922088e+17 3.928346862648912e+17 3.728720347014025e+17 3.617491183590245e+17 3.49682201459858e+17 3.3649446630340224e+17 3.279494856286783e+17 3.219514635699993e+17 3.1244337507552666e+17 3.057157747943836e+17 2.949156570732792e+17 2.871145283171662e+17 2.8297754399385168e+17 2.7864139256186803e+17 2.7405877738688822e+17 2.6916064251760733e+17 2.6384152324252365e+17 2.511037125802704e+17 2.4266442067318176e+17 2.3037327771378426e+17
12175.001705679997 4.683455435167993e+17 4.560434932704595e+17 4.4276943032366605e+17 4.283138079762788e+17 4.12406048981261e+17 3.946483821524739e+17 3.744619867464815e+17 3.632007495784227e+17 3.509738352117182e+17 3.375945764353364e+17 3.289182832477484e+17 3.2282554102020026e+17 3.1316259344465875e+17 3.063245447375391e+17 2.953498129475611e+17 2.874286300642778e+17 2.8323159500704368e+17 2.7883578791925926e+17 2.7419457371700707e+17 2.6923940206332883e+17 2.6386543024403926e+17 2.5103099323198016e+17 2.4255894253840698e+17 2.3026889993908874e+17
12225.001712684798 4.655761267652971e+17 4.53408782598887e+17 4.402766903749221e+17 4.259663858409042e+17 4.102178011202819e+17 3.9262645852145363e+17 3.7261665728136384e+17 3.6144869141788794e+17 3.4931562419526016e+17 3.360319624412881e+17 3.274132417943957e+17 3.213580584469485e+17 3.1175137518394694e+17 3.0495055068610797e+17 2.940306960350634e+17 2.8614713427440106e+17 2.8196969946731174e+17 2.775945723826374e+17 2.7297527302811574e+17 2.6804393518857293e+17 2.6269658744011088e+17 2.4993030503975754e+17 2.4150889996879222e+17 2.2930435253325792e+17
12275.001719689699 4.606784708994315e+17 4.487518037515113e+17 4.358683694791785e+17 4.2183981019042445e+17 4.063912082071147e+17 3.891333395532301e+17 3.694891074435568e+17 3.585171758491787e+17 3.465894002859293e+17 3.3352043063596045e+17 3.250342473662247e+17 3.1906802575582675e+17 3.095968997733824e+17 3.0288658656243994e+17 2.9210385525025574e+17 2.843127691070335e+17 2.8018214653401197e+17 2.7585452711359968e+17 2.7128379737821747e+17 2.6640235435939216e+17 2.6110680708078166e+17 2.484556019803468e+17 2.4010573648752464e+17 2.28006059716956e+17
12325.001726694498 4.597885176542691e+17 4.4787007719902835e+17 4.3500426315681197e+17 4.209887005008084e+17 4.0554483222961274e+17 3.8828410264450106e+17 3.686323066664511e+17 3.576516258313538e+17 3.45715639517588e+17 3.326361356505363e+17 3.24141873229465e+17 3.18171090059713e+17 3.08691429488388e+17 3.01975806490707e+17 2.9118691713634714e+17 2.833938799588677e+17 2.7926370288927702e+17 2.7493772257373114e+17 2.7037026734005488e+17 2.6549459389991965e+17 2.6020809474131638e+17 2.4759177220843552e+17 2.392753070686367e+17 2.2723518732853696e+17
12375.001733699399 4.5717113100174074e+17 4.453614701643052e+17 4.326054629373518e+17 4.187048356072065e+17 4.0340048624718726e+17 3.8628683815703277e+17 3.668006020745536e+17 3.5590848165122854e+17 3.440604504664574e+17 3.310683740742902e+17 3.226250643764948e+17 3.166868799231251e+17 3.07253314752032e+17 3.005662126256416e+17 2.898178627226198e+17 2.8205160299326947e+17 2.7793513821978525e+17 2.7362374904947178e+17 2.690720188626678e+17 2.642136021410263e+17 2.589465060241487e+17 2.4637963032218826e+17 2.3809950745240218e+17 2.2612087542388032e+17
12425.001740704198 4.537449856417669e+17 4.420391103436552e+17 4.294062296022656e+17 4.156396620421465e+17 4.004755822835661e+17 3.835353638957608e+17 3.64247565431916e+17 3.534684602640391e+17 3.417475360413311e+17 3.288970353269179e+17 3.205453948592704e+17 3.146710523929932e+17 3.053390076988153e+17 2.987236747882345e+17 2.880885755608719e+17 2.804028160814015e+17 2.763286056470199e+17 2.7206114654128765e+17 2.6755540873069654e+17 2.627455893495449e+17 2.5753074521598925e+17 2.4508659906858163e+17 2.368861104891408e+17 2.2502193204776032e+17
12475.001747709099 4.5363421965613664e+17 4.420100845955685e+17 4.2945299032713094e+17 4.157467317562534e+17 4.006454441193038e+17 3.8373340554232723e+17 3.644494146183847e+17 3.536559637200191e+17 3.4190259354983584e+17 3.2899555735266426e+17 3.205973253611246e+17 3.1468599265652115e+17 3.052878971962778e+17 2.986209649560999e+17 2.8789799747625232e+17 2.8014834136688042e+17 2.760409899763317e+17 2.7174008604346608e+17 2.6720094605316858e+17 2.6235817309514483e+17 2.5711138629489997e+17 2.446118006430251e+17 2.363960904454297e+17 2.245485120211e+17
12525.0017547139 4.495925828521221e+17 4.381301518206728e+17 4.257300790962009e+17 4.12213785463422e+17 3.973034109959648e+17 3.806163381197345e+17 3.615872191104991e+17 3.5093464692106125e+17 3.3933382974376e+17 3.2659459081941376e+17 3.1830459828587706e+17 3.124687515578973e+17 3.031894038495005e+17 2.9660539868164525e+17 2.8601212980260374e+17 2.7835261415821382e+17 2.7429176180614115e+17 2.700386339482484e+17 2.6554879764387926e+17 2.6075737475754998e+17 2.5556467262677763e+17 2.4318730957771053e+17 2.3504692497779318e+17 2.2330241247890016e+17
12575.001761718797 4.4715608432382355e+17 4.3586577221266125e+17 4.236587423588371e+17 4.103312755295331e+17 3.956161786123086e+17 3.791252969686227e+17 3.602876857360589e+17 3.4972918135918266e+17 3.3821782689442534e+17 3.255602653114124e+17 3.173126547896525e+17 3.115015316504195e+17 3.022531009270412e+17 2.9568504195034643e+17 2.851086401009836e+17 2.7745541489715274e+17 2.733971955732582e+17 2.6914619794214442e+17 2.6465833835790586e+17 2.5986944142699936e+17 2.546804477014349e+17 2.423188059407814e+17 2.341976948986766e+17 2.224993635728992e+17
12625.001768723598 4.449757028781801e+17 4.337744264708357e+17 4.2163745703550125e+17 4.084023927680812e+17 3.9379102488630144e+17 3.77420942501099e+17 3.587118801090376e+17 3.4822376056123034e+17 3.36783481891061e+17 3.241943498866679e+17 3.1598742039607616e+17 3.102026696415142e+17 3.0099006560766554e+17 2.944444756428529e+17 2.839000904707965e+17 2.7626907123627366e+17 2.722223533144425e+17 2.679838141831544e+17 2.6351002151280448e+17 2.587370795846705e+17 2.535665234352363e+17 2.4125495427649584e+17 2.3317337556228163e+17 2.215471901193035e+17
12675.001775728497 4.413105479060698e+17 4.301864190586595e+17 4.1815242664271264e+17 4.0501850040718125e+17 3.9052759855503744e+17 3.74299870908552e+17 3.557674430206474e+17 3.4538561122456474e+17 3.340615505906146e+17 3.216107660764944e+17 3.134958021721468e+17 3.077769239386924e+17 2.9867290918925037e+17 2.922056372765462e+17 2.8178879437782966e+17 2.7425091891759706e+17 2.7025396018489834e+17 2.660672957881302e+17 2.6164803761351846e+17 2.5693291839995613e+17 2.518243304411775e+17 2.3965582606304173e+17 2.3166277985549414e+17 2.201531521707495e+17
12725.001782733298 4.4150723468851424e+17 4.304737761401877e+17 4.185137382819977e+17 4.054288015807351e+17 3.9096632597627904e+17 3.747362364140976e+17 3.561647385865333e+17 3.4573530990638374e+17 3.3435438940629523e+17 3.218201666316492e+17 3.136429649966277e+17 3.07875882621487e+17 2.9868942752051936e+17 2.9216092333917766e+17 2.8164235985248915e+17 2.740316510313104e+17 2.699970901957957e+17 2.6577301845591885e+17 2.6131659087364512e+17 2.5656503941610822e+17 2.5142139830372765e+17 2.3919207733836666e+17 2.3118058020486138e+17 2.1968078677892e+17
12775.001789738199 4.382311495742351e+17 4.277081377608248e+17 4.1624137264379706e+17 4.036203905097496e+17 3.8956617163596794e+17 3.73687451795675e+17 3.5539838012199245e+17 3.450815189202361e+17 3.3378742818108685e+17 3.2131099472031354e+17 3.131522883940663e+17 3.073895701349891e+17 2.9819694139912966e+17 2.91654264961532e+17 2.8110047861642176e+17 2.7345810936859133e+17 2.694062594430576e+17 2.651640156947811e+17 2.6068905665173626e+17 2.5591907400074752e+17 2.5075786873980202e+17 2.385005859741615e+17 2.3048573508651542e+17 2.190099586263247e+17
12825.001796742998 4.085371889835742e+17 4.006392587509026e+17 3.918359612205814e+17 3.8195574386635066e+17 3.706888884343202e+17 3.576370322719261e+17 3.422196093207459e+17 3.3335116169896595e+17 3.235113756215617e+17 3.124920868122751e+17 3.0520597624799315e+17 3.000222147137517e+17 2.91689732550295e+17 2.8571052840456963e+17 2.759787500225503e+17 2.688610863881e+17 2.65062858690562e+17 2.6106793305712323e+17 2.5683430386315875e+17 2.5230018428377917e+17 2.4737048323588234e+17 2.3557027938089677e+17 2.277853535324973e+17 2.165449196799971e+17
12875.001803747798 4.322022289548722e+17 4.2175829219845856e+17 4.103947351470111e+17 3.97911828416006e+17 3.840420067264375e+17 3.683985960412866e+17 3.504093339806291e+17 3.402795888428224e+17 3.291988578838973e+17 3.1696315397560685e+17 3.089650865893285e+17 3.0331564700864896e+17 2.9430349423748646e+17 2.878884231860351e+17 2.7753784448514013e+17 2.70039799699116e+17 2.6606287922752467e+17 2.618982927324476e+17 2.5750430617037274e+17 2.528195013810743e+17 2.4774889791405472e+17 2.3569882548145184e+17 2.2781229802435152e+17 2.165108032798095e+17
12925.001810752696 4.297464688498754e+17 4.191392301411952e+17 4.076460949048305e+17 3.950861162362774e+17 3.811921896197078e+17 3.65588281503022e+17 3.477172673084227e+17 3.376748423203342e+17 3.2669782997003283e+17 3.145884648060083e+17 3.066748362291043e+17 3.010851581425251e+17 2.921672562338875e+17 2.858183438074741e+17 2.7557178195143315e+17 2.681461636775104e+17 2.642070517269711e+17 2.6008136248914765e+17 2.5572770606115366e+17 2.510849586123976e+17 2.4605890360204944e+17 2.341087127871577e+17 2.2628209749921376e+17 2.1505846966754787e+17
12975.001817757497 4.30513640531411e+17 4.199444429933888e+17 4.0848130568660186e+17 3.959422033591343e+17 3.820622507509806e+17 3.66464240232801e+17 3.485741899925621e+17 3.385057243074786e+17 3.274857920230688e+17 3.153124032946083e+17 3.0734284749489504e+17 3.017097882074267e+17 2.927131476650295e+17 2.8630137571155722e+17 2.7594413210000893e+17 2.6843453733102432e+17 2.6445124673414554e+17 2.6027975993795008e+17 2.5587966890981674e+17 2.511903378839579e+17 2.4611812359457034e+17 2.3408318857206806e+17 2.2622766496853507e+17 2.150131969166916e+17
13025.001824762398 4.2613850305006374e+17 4.156588815569432e+17 4.043022020265201e+17 3.918851531345452e+17 3.7816375629436614e+17 3.6276074706475776e+17 3.451068648639568e+17 3.351820525799793e+17 3.243269436875831e+17 3.123444517670997e+17 3.045065061436582e+17 2.989679901483908e+17 2.901250579483423e+17 2.8382517115779274e+17 2.7365041355814922e+17 2.6627269676623645e+17 2.6235817232731914e+17 2.582582137528701e+17 2.5393210695229357e+17 2.4932006178242835e+17 2.4432925559664634e+17 2.3247722890543914e+17 2.2473162349341955e+17 2.1365856404011706e+17
13075.001831767197 4.263845563384971e+17 4.1597696605715955e+17 4.046697771781577e+17 3.923157942393868e+17 3.7863243672981626e+17 3.632533564000394e+17 3.456044602594027e+17 3.356613731158038e+17 3.247732800166913e+17 3.1273041161938816e+17 3.048391101032797e+17 2.992563653984878e+17 2.903332504016171e+17 2.839689626811123e+17 2.7367991649167523e+17 2.662153917275644e+17 2.6225481264442762e+17 2.581074849358614e+17 2.5373328932593885e+17 2.4907251380408986e+17 2.4403310872381238e+17 2.3208697060013654e+17 2.2430173126520877e+17 2.1321354148600582e+17
13125.001838772097 4.1939634653095034e+17 4.092270235167751e+17 3.982002253596422e+17 3.8614192860838144e+17 3.728090625548409e+17 3.578174591144006e+17 3.4061742994370976e+17 3.309339382029534e+17 3.2033071416893126e+17 3.086057079060953e+17 3.009232292311919e+17 2.954892705517236e+17 2.8680153189146922e+17 2.8060348537468134e+17 2.705791169291437e+17 2.633000314910996e+17 2.5943547753922694e+17 2.5538618051382333e+17 2.5111252941512886e+17 2.4655520503074112e+17 2.4162284246593517e+17 2.2990784823192285e+17 2.2225318335955056e+17 2.1132066502013024e+17
13175.001845776898 4.1699871692724896e+17 4.069553630125582e+17 3.960619031223827e+17 3.841401857688513e+17 3.709613583473242e+17 3.561247717942254e+17 3.390971695133883e+17 3.2950031475618355e+17 3.189850764912906e+17 3.073466027319078e+17 2.9971289217653523e+17 2.94308447860011e+17 2.856612255800476e+17 2.7948545335153398e+17 2.6948577923516954e+17 2.6221886276264314e+17 2.5835919750668694e+17 2.543142036384778e+17 2.500444923640522e+17 2.4549156148294995e+17 2.405645500045675e+17 2.2886687759779267e+17 2.2122946764797002e+17 2.1033568663916698e+17
13225.001852781797 4.196379024941452e+17 4.0948764035614605e+17 3.984752062286266e+17 3.864251814488603e+17 3.73076323185177e+17 3.580479149402979e+17 3.407824535720393e+17 3.310422357691651e+17 3.203613397756608e+17 3.08529580178789e+17 3.007625832332931e+17 2.9526171014470406e+17 2.8645719575675763e+17 2.801681748811522e+17 2.6998688013553584e+17 2.625921188577439e+17 2.5866708167688e+17 2.5455666581691053e+17 2.502216864329959e+17 2.456041380135269e+17 2.4061362319890928e+17 2.287963978543039e+17 2.211081263179116e+17 2.1018349302005226e+17
13275.001859786598 4.133674986825373e+17 4.033995842296165e+17 3.9259209612267386e+17 3.807708152841782e+17 3.6769711319431104e+17 3.5299167883201504e+17 3.361081160714267e+17 3.265925368032847e+17 3.1616188884933274e+17 3.046113490312209e+17 2.970302205036032e+17 2.916600277230675e+17 2.8306355200774835e+17 2.7692119750657734e+17 2.6697200408341482e+17 2.5973882954647603e+17 2.5589685274763853e+17 2.518711372237327e+17 2.4762269110917293e+17 2.4309388020254176e+17 2.381946454035886e+17 2.2657123865209696e+17 2.1898860226717382e+17 2.081829983016815e+17
13325.001866791497 4.1368663406050944e+17 4.037775118371164e+17 3.9304416463964704e+17 3.812788911275437e+17 3.682509007721852e+17 3.535933941259287e+17 3.367313853147406e+17 3.272124100413301e+17 3.167661332520136e+17 3.051749616005999e+17 2.9755735945163405e+17 2.9215497468854304e+17 2.8349683038090342e+17 2.773039817881261e+17 2.672623281826039e+17 2.5995770064240653e+17 2.5607736026214026e+17 2.5201177010705987e+17 2.4772266930899594e+17 2.431526266690161e+17 2.3821252259940845e+17 2.2651291495794387e+17 2.1890351236981664e+17 2.0810486841656813e+17
13375.001873796298 4.112172040515092e+17 4.014091202766224e+17 3.907404001316099e+17 3.790827124664564e+17 3.661615438053663e+17 3.516068944673148e+17 3.3487552704835264e+17 3.254289146711284e+17 3.150603248472223e+17 3.035536098356064e+17 2.9598868353046803e+17 2.906243533596373e+17 2.820236121480131e+17 2.7586990814489168e+17 2.6588830922900608e+17 2.586256678857088e+17 2.5476720347181443e+17 2.5072429691362083e+17 2.4645916046624982e+17 2.4191471917326416e+17 2.3700297515141872e+17 2.2537352262744035e+17 2.1781207604495254e+17 2.070851689781437e+17
13425.0018808012 4.114093790885523e+17 4.016628739270968e+17 3.910536032253936e+17 3.7944478015455616e+17 3.6656736249043424e+17 3.5204276322118317e+17 3.353157555484739e+17 3.258524552492958e+17 3.154504249736159e+17 3.038940063519522e+17 2.962866835809105e+17 2.908879799110525e+17 2.8222370710336653e+17 2.7601831130674547e+17 2.659467539479077e+17 2.586141941380383e+17 2.547182900158416e+17 2.5063646322797024e+17 2.46331168283541e+17 2.417460418388047e+17 2.3679330877096576e+17 2.2508500249230477e+17 2.1749202463199437e+17 2.0675836838708778e+17
13475.001887805996 4.089562132194254e+17 3.9927359454690246e+17 3.887703496927877e+17 3.772475259080517e+17 3.644877849576496e+17 3.500862130351586e+17 3.3348810538407494e+17 3.2409667930830445e+17 3.1378040179290963e+17 3.023090956180187e+17 2.947550225877269e+17 2.893913645847778e+17 2.8078327517340288e+17 2.7461582306195594e+17 2.645998732714827e+17 2.5730519348853997e+17 2.5342820384378317e+17 2.4936623078268832e+17 2.4508187031743587e+17 2.4051916620651315e+17 2.3559121443888947e+17 2.239445785250047e+17 2.1639442553532237e+17 2.0572735640166106e+17
13525.001894810797 4.0696642979669184e+17 3.974221977421486e+17 3.870701982948031e+17 3.7570083806821203e+17 3.6306873644571616e+17 3.488203350002116e+17 3.3238968895444525e+17 3.230860739197564e+17 3.128444073669303e+17 3.014460551537706e+17 2.939306326504788e+17 2.885896309923042e+17 2.800079672290082e+17 2.738539424315247e+17 2.6384938963878304e+17 2.565553415111428e+17 2.526769861055235e+17 2.4861262791468045e+17 2.4432505518355862e+17 2.397589087949052e+17 2.348274383799262e+17 2.2317815583807494e+17 2.156341975026639e+17 2.0499479395208013e+17
13575.001901815696 4.012057678297744e+17 3.918049218138163e+17 3.816078704304308e+17 3.704330664149587e+17 3.580379409153444e+17 3.440619110455188e+17 3.279536900234945e+17 3.188393868989793e+17 3.088148534831391e+17 2.976654823974328e+17 2.903198709597128e+17 2.8509912156346224e+17 2.7671205158354307e+17 2.706969731452178e+17 2.6091589571966922e+17 2.537816955466952e+17 2.4998668055191664e+17 2.4600781393714957e+17 2.41808243536769e+17 2.3733315844941955e+17 2.3249661853867248e+17 2.2105192936848842e+17 2.1362135380268285e+17 2.0310936491289027e+17
13625.001908820497 4.0087335888294394e+17 3.914854868230576e+17 3.8129474494245056e+17 3.701037840293685e+17 3.577039280932236e+17 3.437090511277865e+17 3.275888553115953e+17 3.184578730932509e+17 3.084196506483436e+17 2.972411695679531e+17 2.8986950652791584e+17 2.8462931203568448e+17 2.7620522632020288e+17 2.701596228567696e+17 2.603236643283139e+17 2.531451008461621e+17 2.493263618950827e+17 2.45322871158787e+17 2.4109799390836186e+17 2.3659704346999453e+17 2.3173453087965482e+17 2.202391781051092e+17 2.127861708746285e+17 2.0226308868203904e+17
13675.001915825398 3.988390718257233e+17 3.895780670893225e+17 3.795031388580893e+17 3.684558402291615e+17 3.5621155494861344e+17 3.423758642534644e+17 3.264051587987737e+17 3.1736213751959494e+17 3.074015615770634e+17 2.9631076861234e+17 2.8899024015047296e+17 2.8378211657325392e+17 2.754051943282214e+17 2.693897401075572e+17 2.595935254933927e+17 2.524384762147984e+17 2.486305396220917e+17 2.4463721274584845e+17 2.40422823275135e+17 2.3593301197667203e+17 2.3108300105573146e+17 2.19623805952728e+17 2.122024096317326e+17 2.0174137321843373e+17
13725.001922830197 3.965323078280726e+17 3.87471645659523e+17 3.7761134307931866e+17 3.6679787478876186e+17 3.547751650514961e+17 3.411869225831192e+17 3.254716081036802e+17 3.165477872261566e+17 3.0670338346001696e+17 2.9572128801647885e+17 2.8845802730083104e+17 2.8328560213870864e+17 2.749522340967248e+17 2.6895710033013133e+17 2.591781518251395e+17 2.5202407188598614e+17 2.4821315209825654e+17 2.4421472137859027e+17 2.399927992616696e+17 2.3549367382105597e+17 2.3063329295111146e+17 2.1915357870619456e+17 2.1172867628883347e+17 2.012892690136384e+17
13775.001929835098 3.95086510418619e+17 3.8603607969909914e+17 3.761901275408068e+17 3.654072247728965e+17 3.5340495724664595e+17 3.398365908969096e+17 3.2414398371419354e+17 3.1523598407175155e+17 3.054141066232683e+17 2.944562218546673e+17 2.8720727050755174e+17 2.8204443804312294e+17 2.737224106665615e+17 2.677363790707219e+17 2.5796949848506224e+17 2.5082398563645373e+17 2.4701763872452483e+17 2.430249905166628e+17 2.3880969501751034e+17 2.343189547597516e+17 2.2946897953376147e+17 2.1802127309749312e+17 2.1062201848181933e+17 2.0022582539223082e+17
13825.001936839897 3.939490478255051e+17 3.8498321703336954e+17 3.7519484323490035e+17 3.644800825296653e+17 3.525375044765194e+17 3.390476535257662e+17 3.234403225159836e+17 3.145705204812175e+17 3.047870497070279e+17 2.9384918905394234e+17 2.866123548810785e+17 2.8145161592501635e+17 2.7313101879653587e+17 2.671394707063944e+17 2.5735546117230317e+17 2.5019317209568752e+17 2.4637667409101123e+17 2.423720246560932e+17 2.3814491837555443e+17 2.3364203744178083e+17 2.2878082673237645e+17 2.1731626316251683e+17 2.0991663032961987e+17 1.9954149598583683e+17
13875.001943844798 3.926036226929562e+17 3.8363212727330797e+17 3.7384880037851757e+17 3.631396958752923e+17 3.5120796836045626e+17 3.3774035411942106e+17 3.221602657669863e+17 3.133125515592162e+17 3.035413901735037e+17 2.926245271558345e+17 2.8539691144799264e+17 2.8024000219964058e+17 2.7192027398140925e+17 2.659270521893176e+17 2.56134249510099e+17 2.489600514027588e+17 2.451363717141239e+17 2.411249705920697e+17 2.36890134637459e+17 2.3237981062518573e+17 2.275116404597794e+17 2.160355088063355e+17 2.0863166620382198e+17 1.9825630842999344e+17
13925.001950849599 3.9046911189562944e+17 3.816679103840407e+17 3.720882415820645e+17 3.615512272389306e+17 3.498218100521732e+17 3.3654875355829357e+17 3.21149640073675e+17 3.123929694950673e+17 3.027155098883046e+17 2.9188186472490925e+17 2.8470320104288016e+17 2.7957779425270182e+17 2.713018349648819e+17 2.653338481710516e+17 2.5557303467862128e+17 2.4841493938009542e+17 2.4459808016051184e+17 2.405921238449513e+17 2.3636272035808797e+17 2.318574353463333e+17 2.269948424578203e+17 2.1553788653767843e+17 2.081558118342257e+17 1.9783200075442765e+17
13975.001957854496 3.882427680880717e+17 3.7953165569931603e+17 3.70039362671617e+17 3.595940594282457e+17 3.479851402188366e+17 3.3481942302173075e+17 3.1956789677592416e+17 3.1088245487090355e+17 3.0128450352070675e+17 2.9053936075842016e+17 2.834067712257115e+17 2.7831444572189488e+17 2.700819169848788e+17 2.64140498364655e+17 2.544144860579357e+17 2.4727541226326003e+17 2.4346631448241395e+17 2.394673839142689e+17 2.3524431632110742e+17 2.3074503450585568e+17 2.2588853526718486e+17 2.1444631543029546e+17 2.0707392123151894e+17 1.9676372080507763e+17
14025.001964859297 3.8426920123615994e+17 3.756464655735859e+17 3.6625962120047155e+17 3.5592707893244563e+17 3.444326114720761e+17 3.314330390178752e+17 3.1637825526169344e+17 3.078141614045708e+17 2.9834787871242886e+17 2.877566742221952e+17 2.8072872530752106e+17 2.7571161048642618e+17 2.6760343903777664e+17 2.6175128990477933e+17 2.5217010947901936e+17 2.4513467604467882e+17 2.4137976881233162e+17 2.3743704239571456e+17 2.332716633712496e+17 2.288328889224978e+17 2.240396189275784e+17 2.127368983656726e+17 2.054450945879442e+17 1.9523287732964192e+17
14075.001971864098 3.8433862589457696e+17 3.7569562942190534e+17 3.6628825206385683e+17 3.5594294189227226e+17 3.444305748994269e+17 3.313669259875939e+17 3.1622102008390816e+17 3.075926967002013e+17 2.9806022067966995e+17 2.873687225299056e+17 2.802716514454739e+17 2.7520127039961382e+17 2.6700403386010528e+17 2.6108473151162288e+17 2.513868283439404e+17 2.4426551723146352e+17 2.4046488800444534e+17 2.3647492586317552e+17 2.322612346055839e+17 2.2777303386009962e+17 2.2292994381361315e+17 2.1152489056651104e+17 2.041744910131381e+17 1.9387005903555462e+17
14125.001978868997 3.786831702831655e+17 3.701799929740082e+17 3.609324328861998e+17 3.507518140766514e+17 3.3940702819191904e+17 3.265742103794297e+17 3.1167367426046605e+17 3.0319429839734714e+17 2.9381077757212326e+17 2.8330628356491594e+17 2.7633153263453574e+17 2.713522149500122e+17 2.6330279361526323e+17 2.5749246563122368e+17 2.479773866981956e+17 2.4099163674335594e+17 2.3726371818838093e+17 2.3334964241036214e+17 2.292156939961618e+17 2.2481137513902038e+17 2.200568772748606e+17 2.0884572585263142e+17 2.015984462323239e+17 1.9138088737193267e+17
14175.001985873798 3.8045923113545274e+17 3.7197875283368403e+17 3.627091618451467e+17 3.52506340755106e+17 3.411236555401371e+17 3.282143862672549e+17 3.132068955387646e+17 3.046504801184298e+17 2.95174162963898e+17 2.8453799211472653e+17 2.7746568445330246e+17 2.7240854652592886e+17 2.6422306653887862e+17 2.5830540642812262e+17 2.4860030948527178e+17 2.4146648328316285e+17 2.376580299838112e+17 2.3365912255654944e+17 2.2943656120955562e+17 2.2494036688385226e+17 2.200912441881495e+17 2.0868380318461226e+17 2.013348975905038e+17 1.910138672873248e+17
14225.001992878697 3.734381761230573e+17 3.6518406332066246e+17 3.5613205440522035e+17 3.461928166406436e+17 3.3511353611660096e+17 3.225659439502196e+17 3.080103169804457e+17 2.997143744530134e+17 2.9053082492293037e+17 2.8023793208050227e+17 2.733931967610345e+17 2.685001875276251e+17 2.6058144768536896e+17 2.5485512564474774e+17 2.4545814323747974e+17 2.3854382718669354e+17 2.348493912330605e+17 2.3096795960034512e+17 2.2686580829009747e+17 2.2249357955873427e+17 2.1777277497663786e+17 2.066415569724613e+17 1.99448208304338e+17 1.893183333023375e+17
14275.001999883498 3.6836952347107264e+17 3.602163739601662e+17 3.513632635998897e+17 3.415833900326773e+17 3.307319137704871e+17 3.184394199205655e+17 3.0417303880180595e+17 2.9605545101598957e+17 2.870750275663789e+17 2.7700805678321427e+17 2.7032144031901498e+17 2.6554134285950262e+17 2.5780540783527267e+17 2.5220915791438038e+17 2.4302712876883136e+17 2.362678924890808e+17 2.3265452982525302e+17 2.2885672768297866e+17 2.2484082099511674e+17 2.205578385047815e+17 2.1593000262385344e+17 2.050010060159624e+17 1.9792371144522694e+17 1.879364597744104e+17
14325.002006888399 3.73276954534832e+17 3.650507864956171e+17 3.560554505136595e+17 3.461695844442024e+17 3.3515316465221677e+17 3.2263656346087763e+17 3.0809413663890035e+17 2.997906610584031e+17 2.9059345571354976e+17 2.8025632308693642e+17 2.7337782731511168e+17 2.6845494560438893e+17 2.6047333300438218e+17 2.5469394860358934e+17 2.4519726989704512e+17 2.3820143026575706e+17 2.3446126834591616e+17 2.3053102012782928e+17 2.263776583757475e+17 2.2195263959418218e+17 2.1717844145945088e+17 2.0594721683639594e+17 1.9871863338569066e+17 1.8859942206268477e+17
14375.002013893198 3.737977947703868e+17 3.656389441088764e+17 3.5668664363309056e+17 3.468412530324919e+17 3.358589582330472e+17 3.233858058435436e+17 3.088517243860055e+17 3.005381768289292e+17 2.913152132619739e+17 2.8093956763596934e+17 2.740258711311056e+17 2.6906871636553526e+17 2.6102459833033952e+17 2.5519087600235914e+17 2.4559090066469978e+17 2.3851063524180694e+17 2.347228232436769e+17 2.307418858047212e+17 2.265342946846961e+17 2.220527513435444e+17 2.1722076441159702e+17 2.058743019490356e+17 1.9859472803487245e+17 1.8845034276667434e+17
14425.002020898099 3.609153089852781e+17 3.5321747737443526e+17 3.447799139295326e+17 3.355573370678931e+17 3.2521200010763334e+17 3.134665333112516e+17 2.997829935961371e+17 2.919742692517778e+17 2.833115164992857e+17 2.735728781563571e+17 2.6708547521825894e+17 2.6243254322453338e+17 2.5488685503177674e+17 2.4941322667158157e+17 2.4039813849295283e+17 2.3373690650845613e+17 2.301677115039415e+17 2.2640979638915994e+17 2.224306475729674e+17 2.1818200816036224e+17 2.13586909807974e+17 2.0273330169035722e+17 1.9571552490241104e+17 1.8585086614322733e+17
14475.002027902896 3.6894814416031974e+17 3.609743636434465e+17 3.523060247303423e+17 3.4272125721631085e+17 3.3199359261909965e+17 3.1977416721560346e+17 3.0557182658044845e+17 2.9744779860589e+17 2.884237341820451e+17 2.7826544845138634e+17 2.714892918636786e+17 2.6663270305215062e+17 2.5873910922301808e+17 2.530087339784221e+17 2.4356627477837968e+17 2.3658935787983968e+17 2.3285290034333782e+17 2.289223519552068e+17 2.247654745733801e+17 2.2033464548589312e+17 2.155542982399155e+17 2.0432360054843952e+17 1.9712051220229594e+17 1.871060121826277e+17
14525.002034907797 3.611668761750875e+17 3.5350864419158803e+17 3.4509672848838624e+17 3.358341714823828e+17 3.255050926052945e+17 3.137724328350424e+17 3.0008060441991194e+17 2.9225205726392685e+17 2.835569273245384e+17 2.7375981954961053e+17 2.672153869302241e+17 2.6251873658093606e+17 2.548832871666711e+17 2.4933322277996915e+17 2.4017187225449002e+17 2.3338833392109603e+17 2.2975048666717546e+17 2.2591904493589008e+17 2.218620878042592e+17 2.1753141148658848e+17 2.128519205546118e+17 2.0182587469238726e+17 1.947260766222976e+17 1.8480353669173667e+17
14570.002041212096 3.630057465009564e+17 3.552577574420226e+17 3.467687264398257e+17 3.374211685370881e+17 3.269626728034337e+17 3.150613879314021e+17 3.012103278074094e+17 2.9326832355760896e+17 2.844411519024616e+17 2.7449280312234035e+17 2.678407224235546e+17 2.630681944305895e+17 2.55303796829352e+17 2.4965647545981414e+17 2.4033477243078653e+17 2.3343132518263267e+17 2.297297708613065e+17 2.2583277442119613e+17 2.2170772498256544e+17 2.1730847950618054e+17 2.1255953451025536e+17 2.0139660611069008e+17 1.9423066421040685e+17 1.8424669822240886e+17
14620.002048216997 3.614994824945559e+17 3.538044534407729e+17 3.453858801437973e+17 3.3607235691003546e+17 3.256770235324601e+17 3.138459431160482e+17 3.000503224445963e+17 2.921488487787792e+17 2.8336185912585075e+17 2.7344915326417334e+17 2.6682484002507072e+17 2.6206896031973888e+17 2.5433117802275408e+17 2.4870382476051395e+17 2.3940821641018854e+17 2.3252121869088845e+17 2.288274425262255e+17 2.249375287072354e+17 2.2082007752543907e+17 2.1642736903542797e+17 2.1168537683823475e+17 2.005412937835738e+17 1.9339108892910026e+17 1.8343158624607722e+17
14675.002055922298 3.603209950564848e+17 3.5266933386243315e+17 3.442540815272732e+17 3.3500637979518406e+17 3.246566068916013e+17 3.128875097022649e+17 2.991450244882462e+17 2.9125674674971155e+17 2.8249893083964118e+17 2.7260360641593165e+17 2.659849350393961e+17 2.6123017462803258e+17 2.534838650039884e+17 2.478461901737998e+17 2.385253104208268e+17 2.3161383649070688e+17 2.2790540141079248e+17 2.2399940301062282e+17 2.1986384428432957e+17 2.1545295378896346e+17 2.1069330937828346e+17 1.9951800432268147e+17 1.9235706722042778e+17 1.823953774456992e+17
14725.002062927097 3.5423911846786925e+17 3.4675928918620435e+17 3.3856624599282e+17 3.295967943159065e+17 3.195293801802206e+17 3.080766054765113e+17 2.947089820423648e+17 2.8706064257354915e+17 2.785501868710856e+17 2.6895153354243504e+17 2.6253002260690698e+17 2.5791525559524022e+17 2.5040347608342723e+17 2.4493404035500374e+17 2.3588527031366595e+17 2.2916840529652477e+17 2.255604643463564e+17 2.2175712559131306e+17 2.177268808912666e+17 2.134233346808984e+17 2.0877287798054022e+17 1.9782590724827232e+17 1.9078897062810227e+17 1.8097128596279706e+17
14775.002069931998 3.5339364558689504e+17 3.460429737502836e+17 3.379478579031993e+17 3.290334658413449e+17 3.190588625895257e+17 3.0771648403051565e+17 2.944854254390132e+17 2.868812621431265e+17 2.7843731038343773e+17 2.688859414517389e+17 2.6249251143964544e+17 2.578958433502766e+17 2.5040202060745866e+17 2.449364826048896e+17 2.3588476367595056e+17 2.2915609733334627e+17 2.2553817630303072e+17 2.2172205866564058e+17 2.1767612115163187e+17 2.1335390075523418e+17 2.0868274512868778e+17 1.9769425920646608e+17 1.9064351456505126e+17 1.8084129644528854e+17
14825.002076936798 3.532586889401306e+17 3.458647320399458e+17 3.377745944060282e+17 3.28881332617634e+17 3.189426945252199e+17 3.0756846309802963e+17 2.942955083371641e+17 2.8669012926850022e+17 2.7821161359920973e+17 2.6863388894308365e+17 2.622140426714843e+17 2.5759560070958006e+17 2.5005580783571386e+17 2.4455730949729114e+17 2.3544562646455757e+17 2.2866626835231616e+17 2.2502082556624083e+17 2.2117555148139744e+17 2.1709970562389005e+17 2.1274605771979747e+17 2.0804388184513232e+17 1.9699701015107277e+17 1.8992254593998045e+17 1.801086485103129e+17
14875.002083941697 3.442213383841932e+17 3.3716103815732595e+17 3.2944669383591104e+17 3.209646718102929e+17 3.1148750918124115e+17 3.007011371507913e+17 2.8809307374911142e+17 2.8086176727860947e+17 2.728165481452928e+17 2.6371575120164134e+17 2.576213246103312e+17 2.5323300515431888e+17 2.4608244756295715e+17 2.4086008343792435e+17 2.3219646010392e+17 2.2574105956533536e+17 2.2226314904361085e+17 2.1859007626121642e+17 2.1468873438483677e+17 2.1051291819700346e+17 2.0598949437168723e+17 1.9530624019307008e+17 1.884239799384068e+17 1.788386526108434e+17
14925.002090946498 3.535867599865641e+17 3.462852524437622e+17 3.383457449952355e+17 3.295206041882269e+17 3.196126676944179e+17 3.083275915871937e+17 2.951243010109591e+17 2.8754779201400326e+17 2.7910088769300096e+17 2.6952671477856912e+17 2.630947331051226e+17 2.5845628920643408e+17 2.5087511975081117e+17 2.4533002005255098e+17 2.361070458276896e+17 2.2922170424867427e+17 2.2550977273545933e+17 2.2159076968322995e+17 2.1743042729575888e+17 2.129837655150995e+17 2.0817981112113056e+17 1.9690928149408618e+17 1.897198714764665e+17 1.7981837134341728e+17
14975.0020979514 3.4873738573830464e+17 3.416185080134556e+17 3.338240283619949e+17 3.2515655177029466e+17 3.1549250914970477e+17 3.045241068290275e+17 2.9164675916684e+17 2.842560880273205e+17 2.759995218423392e+17 2.666510238428758e+17 2.6036657663616307e+17 2.5583848568220842e+17 2.4843391406595632e+17 2.4301233059576618e+17 2.3398623429638867e+17 2.2724092045959968e+17 2.2360170088107648e+17 2.197546421975752e+17 2.1566863214740797e+17 2.112981473666394e+17 2.065721679276664e+17 1.9546938754185357e+17 1.8837507356350163e+17 1.7859096492953536e+17
15025.002104956196 3.387946538315573e+17 3.3186055579375494e+17 3.2435901748853696e+17 3.160790701243886e+17 3.0683683980679654e+17 2.9626476000052416e+17 2.8392209277162147e+17 2.7684461898511722e+17 2.6896925814338086e+17 2.6006839618416864e+17 2.540982032250839e+17 2.497954099823594e+17 2.427740849691032e+17 2.3764367769059818e+17 2.291164239263807e+17 2.2275141149140166e+17 2.1931865123165418e+17 2.1568984080986816e+17 2.1183449253807462e+17 2.0770579205660253e+17 2.0323362901633098e+17 1.926761273748901e+17 1.85883324907831e+17 1.764409553740223e+17
15075.002111961097 3.3926598326380435e+17 3.323878224304894e+17 3.248982053557235e+17 3.166600947773659e+17 3.0741009415277056e+17 2.96853374868968e+17 2.8454457616262582e+17 2.7747067868350698e+17 2.695841146400988e+17 2.6063780758194518e+17 2.5463394071761603e+17 2.503023210335171e+17 2.4321605532411203e+17 2.3802721546495856e+17 2.293831732689406e+17 2.2291183170443936e+17 2.1941720170961875e+17 2.1571949227803203e+17 2.1178707561382925e+17 2.0757360499519386e+17 2.0300910274772653e+17 1.9224535985018224e+17 1.8533595437566637e+17 1.7576263870833427e+17
15125.002118965896 3.445657787492404e+17 3.375868234935959e+17 3.299203013806768e+17 3.2144457068538675e+17 3.1198387208306944e+17 3.0112975276204397e+17 2.884571116802712e+17 2.811690184997637e+17 2.730307504639061e+17 2.638024158115112e+17 2.5759256491231293e+17 2.5311405105095744e+17 2.457741468430823e+17 2.4039722207867738e+17 2.3142123221715968e+17 2.2469950496246214e+17 2.2106857862584096e+17 2.1722606211795437e+17 2.1314051266285645e+17 2.087670484318138e+17 2.0403504744088125e+17 1.9291985588295702e+17 1.85827347595806e+17 1.7606547250568797e+17
15175.002125970797 3.441287835955849e+17 3.371685931139356e+17 3.296264212807625e+17 3.2130990364748026e+17 3.118962044068235e+17 3.0118292276037e+17 2.8863373776883936e+17 2.8139979710596698e+17 2.7331960375182646e+17 2.641443874778527e+17 2.579588734307433e+17 2.534876090270192e+17 2.461588258814939e+17 2.4077434937024877e+17 2.3177101167385965e+17 2.250092422108615e+17 2.2134983302789558e+17 2.1747315064376902e+17 2.1334791999424746e+17 2.0892794514301037e+17 2.041431444077401e+17 1.929030790943118e+17 1.857408129625892e+17 1.759153663333833e+17
15225.002132975598 3.38678355842238e+17 3.31942776080167e+17 3.245422839623978e+17 3.163644307641148e+17 3.072146485284882e+17 2.967740567181832e+17 2.84550832273204e+17 2.7749523319357056e+17 2.6963489020889245e+17 2.607040616734999e+17 2.546914887709975e+17 2.503512221925042e+17 2.4322829172606688e+17 2.379956393476399e+17 2.2924965584728112e+17 2.2267703789425837e+17 2.1911846629795485e+17 2.1534792490693962e+17 2.1133176479280333e+17 2.070244162212521e+17 2.0235625478923008e+17 1.9136365361888118e+17 1.8433612927484022e+17 1.746679965741823e+17
15275.002139980497 3.402142819104361e+17 3.334395847935269e+17 3.2605209536410746e+17 3.179841765046926e+17 3.0886124115034963e+17 2.984230730138638e+17 2.8617227009191478e+17 2.7912297091880787e+17 2.7121576779324278e+17 2.622155082170679e+17 2.5613678034611603e+17 2.517415135354414e+17 2.4451564287842368e+17 2.3919424706412675e+17 2.302772748903603e+17 2.2356039961171494e+17 2.1991916082217616e+17 2.160563854481016e+17 2.1194099279060054e+17 2.075253644098858e+17 2.0274040664154813e+17 1.9149133163333466e+17 1.8432553995388093e+17 1.745164439310142e+17
15325.002146985298 3.374117821864247e+17 3.3081949707412826e+17 3.2352967626506125e+17 3.1551541945548256e+17 3.065089149715555e+17 2.9619398529742624e+17 2.841202248102177e+17 2.7715300612395725e+17 2.6936677646102512e+17 2.605006415269016e+17 2.5452015055649238e+17 2.5019315095893066e+17 2.4307376293849488e+17 2.378353073528893e+17 2.290555655101429e+17 2.2243902690996867e+17 2.1884609727724362e+17 2.1503520534610336e+17 2.10970652555636e+17 2.0660652254444765e+17 2.0187338743961462e+17 1.9072902164417254e+17 1.836203647218692e+17 1.738833241073891e+17
15375.002153990095 3.362094690253089e+17 3.293975308121617e+17 3.22320810135531e+17 3.1445027687691635e+17 3.055260784476363e+17 2.9535080693327546e+17 2.8341868164083632e+17 2.765295328088526e+17 2.6883634583255898e+17 2.6004396723470624e+17 2.5410426189870688e+17 2.4980046741984986e+17 2.427252641163594e+17 2.375082115922128e+17 2.2874655783409354e+17 2.221319589009219e+17 2.1853675340387734e+17 2.147171493933289e+17 2.1064229902080685e+17 2.062635913102414e+17 2.0151221485578035e+17 1.9032410367899683e+17 1.8319330021725757e+17 1.734456814795773e+17
15425.002160994996 3.343557642193491e+17 3.2795836848901926e+17 3.209532258215152e+17 3.131652607016664e+17 3.043808659725101e+17 2.943148167283255e+17 2.8254164659912586e+17 2.7575423713407984e+17 2.6811751565101398e+17 2.5941464432773853e+17 2.5352651027222358e+17 2.492563802748418e+17 2.4222933717262854e+17 2.3704757834443427e+17 2.283309585328243e+17 2.2173797755365488e+17 2.1815272420485894e+17 2.1434227608700618e+17 2.102719358731688e+17 2.0589655232793037e+17 2.011442519859154e+17 1.8994445612794358e+17 1.82804265578633e+17 1.7305546105249146e+17
15475.002167999797 3.3314896617961414e+17 3.2669389284646605e+17 3.197829252164023e+17 3.1195935999626016e+17 3.0317348312385043e+17 2.9320700839427264e+17 2.814770231063397e+17 2.7470932121226957e+17 2.6712967865793088e+17 2.5845563916378723e+17 2.525985559605932e+17 2.483443190614149e+17 2.413466149086707e+17 2.361846052992965e+17 2.2749070560768618e+17 2.2091151922958845e+17 2.1733131039736803e+17 2.135236287522049e+17 2.0945528195857312e+17 2.0507946821550704e+17 2.0032518351503053e+17 1.8912055208450566e+17 1.8198155979644397e+17 1.7224147246362643e+17
15525.002175004696 3.295984004777189e+17 3.2312816074219546e+17 3.16093416312073e+17 3.083789387772374e+17 2.99751439125598e+17 2.8980697782967475e+17 2.781883962276287e+17 2.7149621587592893e+17 2.6400833533178832e+17 2.554717533998664e+17 2.497008748828552e+17 2.4551760604990294e+17 2.3863170034752234e+17 2.335537880095445e+17 2.2501576820382182e+17 2.1855794098911283e+17 2.1504488702439306e+17 2.1130897437743e+17 2.0731794179251232e+17 2.0302393042174282e+17 1.983588897576435e+17 1.8735651692857027e+17 1.8033643630529267e+17 1.707344088490803e+17
15575.002182009497 3.272299700769259e+17 3.209687821634486e+17 3.139772323248107e+17 3.0635147243162566e+17 2.9782462843506234e+17 2.880337211866929e+17 2.7658174718990883e+17 2.69981258586471e+17 2.6258311967703987e+17 2.5414973221570288e+17 2.4844892691920595e+17 2.443255286984666e+17 2.3752535298650493e+17 2.325074851255549e+17 2.2406664712429968e+17 2.1767687487833414e+17 2.141978613380182e+17 2.1049581407213712e+17 2.065385639669184e+17 2.0227634469692074e+17 1.9764125392660246e+17 1.866883305414839e+17 1.7968418250849885e+17 1.700892193919013e+17
15625.002189014396 3.290559399515119e+17 3.228941140113958e+17 3.160924613000939e+17 3.085129967451786e+17 3.0007128711255917e+17 2.903558263400233e+17 2.7894875381308186e+17 2.723717122077892e+17 2.6495774496510742e+17 2.564736818863746e+17 2.507294252340676e+17 2.465496596634293e+17 2.3965570342951632e+17 2.3455389988510253e+17 2.2592721840254262e+17 2.1936619685214566e+17 2.157845245596292e+17 2.1196800188009053e+17 2.0788240515154762e+17 2.034780786024124e+17 1.9868529980362083e+17 1.8737727933943094e+17 1.8017540250548048e+17 1.7037248767980112e+17
15675.002196019197 3.2212177689361e+17 3.1598026687067885e+17 3.092522231660231e+17 3.0191332837147923e+17 2.93590408480074e+17 2.84077524277608e+17 2.7293267049397616e+17 2.6652434754513302e+17 2.593212369086126e+17 2.511201048739891e+17 2.4557319070962582e+17 2.415515342158742e+17 2.3492177615287786e+17 2.3002748163096672e+17 2.217772968844422e+17 2.1551396481379334e+17 2.1209969264914653e+17 2.084631392217751e+17 2.0456882812669955e+17 2.0037024007451325e+17 1.957979920200625e+17 1.8497981813332102e+17 1.780588925932036e+17 1.6858563253097072e+17
15725.002203024098 3.222602289799328e+17 3.163015369706623e+17 3.0976789661790957e+17 3.024540976005195e+17 2.9437480182489094e+17 2.8505668917343146e+17 2.7411117435045754e+17 2.6775425673303827e+17 2.6064371652011258e+17 2.5249623486863574e+17 2.4698528896212307e+17 2.4297359805806378e+17 2.363437520896456e+17 2.3142558250992406e+17 2.231047382505122e+17 2.167612181839241e+17 2.1329296230553424e+17 2.095897942834294e+17 2.056170216448452e+17 2.0132723069351258e+17 1.9664674007251027e+17 1.855548959146658e+17 1.7845980420936144e+17 1.687777781398909e+17
15775.002210028897 3.119198742243879e+17 3.062228443024365e+17 2.9982464957239424e+17 2.926254212402761e+17 2.8472327326170854e+17 2.7574362044165136e+17 2.6514477107569302e+17 2.5902151400714192e+17 2.5218564320036867e+17 2.4440068285620854e+17 2.3913576122886323e+17 2.353151708896906e+17 2.290321935132358e+17 2.24390434050767e+17 2.1657102856062192e+17 2.106389138896482e+17 2.0740266610603405e+17 2.0395502209122595e+17 2.0025893344897782e+17 1.9627027414910035e+17 1.9191901941203786e+17 1.8157250235502067e+17 1.7490488234446493e+17 1.656952888803994e+17
15825.002217033798 3.168542708690203e+17 3.1093170418996966e+17 3.0456277006614765e+17 2.973909532585544e+17 2.8942710402603744e+17 2.8019520261004784e+17 2.6940168877340557e+17 2.631462289071003e+17 2.56140577941601e+17 2.4816519966878896e+17 2.4274496114381613e+17 2.3881133668421754e+17 2.3231732119455478e+17 2.2750690728761574e+17 2.1937373531069514e+17 2.1317611873275734e+17 2.097876958456281e+17 2.0617505385285757e+17 2.022977347336453e+17 1.9811016905755834e+17 1.9354337893069232e+17 1.8271894474867882e+17 1.7578877909038406e+17 1.6630478564846102e+17
15875.002224038599 3.0631202389460954e+17 3.005278659792745e+17 2.943496193270198e+17 2.875485315403033e+17 2.7991575780130243e+17 2.7117819225009427e+17 2.6098585184277837e+17 2.551029868851153e+17 2.485266476769851e+17 2.410345925472292e+17 2.3595567966094592e+17 2.322863103471579e+17 2.2622676394942678e+17 2.217487018898654e+17 2.1418631718641587e+17 2.0843362031743712e+17 2.0528994487538605e+17 2.0193206558934602e+17 1.9832745889363475e+17 1.944273598391322e+17 1.901613476630828e+17 1.7997657829163587e+17 1.7339086036869325e+17 1.6429047382824774e+17
15925.002231043496 3.1282480309226157e+17 3.069968864935585e+17 3.0064468609016064e+17 2.935750715314583e+17 2.857175293953414e+17 2.76666180923738e+17 2.6606305253715213e+17 2.5994209321692682e+17 2.5303092108841533e+17 2.4516897695291555e+17 2.3983530746527126e+17 2.359685711368353e+17 2.2957588582907936e+17 2.2484719960276333e+17 2.1686019442533824e+17 2.107830068653523e+17 2.0746179226902323e+17 2.0391818589155414e+17 2.0011745128519994e+17 1.96010256936207e+17 1.9152943801434845e+17 1.8090519973613094e+17 1.7410335733955066e+17 1.648016786548283e+17
15975.002238048297 3.131666610293003e+17 3.074489937524192e+17 3.0107686209797126e+17 2.941364376540742e+17 2.8634303388579526e+17 2.77419534276445e+17 2.6692362066795987e+17 2.6082067151054906e+17 2.5398693307034822e+17 2.4618117171072826e+17 2.4088362132331846e+17 2.3702135615783418e+17 2.3064714955652333e+17 2.259162578008492e+17 2.179025327289126e+17 2.11778293631619e+17 2.084221623798147e+17 2.048352722451011e+17 2.0097809469244595e+17 1.9680308475642858e+17 1.922392512553857e+17 1.8139121228265984e+17 1.7443254069924557e+17 1.6491253576686032e+17
16050.002248555596 3.099855359949893e+17 3.043633260879435e+17 2.982952552084024e+17 2.916562090800642e+17 2.840417317280939e+17 2.752870255380497e+17 2.650277213390581e+17 2.5906658494942304e+17 2.5234167567989286e+17 2.4464515542459286e+17 2.3941482356320915e+17 2.3560392714542166e+17 2.2929110978740877e+17 2.2460540543407344e+17 2.166444680755165e+17 2.1055196278122038e+17 2.0720931579152672e+17 2.0363129342073686e+17 1.997832183368809e+17 1.9561449437763504e+17 1.9105479514626698e+17 1.8021182663624848e+17 1.7326406773174736e+17 1.6377941026250912e+17
16150.002262565296 3.036685814982346e+17 2.9822602023769485e+17 2.924466912491455e+17 2.859641037010854e+17 2.7869481373803517e+17 2.7031327301359968e+17 2.604432461345319e+17 2.5474685720442192e+17 2.483503693575247e+17 2.409935903092425e+17 2.3599290018127754e+17 2.3234438485097328e+17 2.2630232252820192e+17 2.2180591895881344e+17 2.14157447825578e+17 2.082848961204085e+17 2.0505394970454445e+17 2.0159393298485834e+17 1.9786342650208806e+17 1.938117769942308e+17 1.8936796646136365e+17 1.7874473098461398e+17 1.7189866906192474e+17 1.6252077415625146e+17
16250.002276574898 3.055097006700673e+17 3.001613206231611e+17 2.940087514633016e+17 2.874260971784725e+17 2.7993458151625814e+17 2.7126558948195933e+17 2.6112237654140243e+17 2.5526847053534726e+17 2.4869380294811178e+17 2.411370333169163e+17 2.360102064346818e+17 2.3227756939235853e+17 2.2611017026997197e+17 2.215148442363533e+17 2.1370733628584435e+17 2.0771810034375146e+17 2.044266853606791e+17 2.0090071909048717e+17 1.9710230323842064e+17 1.9298197901649267e+17 1.8846647118873238e+17 1.777102720968438e+17 1.708121248157465e+17 1.6140170763358618e+17
16350.002290584598 2.979642243396182e+17 2.9283462880949594e+17 2.871816229901094e+17 2.810021558751153e+17 2.7397506671341645e+17 2.6591620391838694e+17 2.563505372722915e+17 2.5080995201112736e+17 2.4457997088632288e+17 2.373959976303321e+17 2.3249807684130672e+17 2.2891345059514512e+17 2.229868058590085e+17 2.1855872914412618e+17 2.1102512371165654e+17 2.052290799954772e+17 2.0203680451628618e+17 1.9861336068930333e+17 1.9491831624417834e+17 1.9090628275735104e+17 1.8650265018223475e+17 1.759849518077698e+17 1.6922356130473104e+17 1.5999459169677494e+17
16450.002304594298 2.9103644112550995e+17 2.859295764500606e+17 2.807858873386862e+17 2.748740572176091e+17 2.6822421408245302e+17 2.6060637533558032e+17 2.5157791428169898e+17 2.4633253493563725e+17 2.403737408186014e+17 2.3349250648844115e+17 2.288006092704551e+17 2.253685060747811e+17 2.196620604926541e+17 2.15397204577149e+17 2.0812060416039917e+17 2.0250871118356986e+17 1.9941437587470208e+17 1.9608733604528586e+17 1.924936940619769e+17 1.885816261056453e+17 1.8427920907327818e+17 1.7394721748081498e+17 1.6726148242302726e+17 1.5808174709446496e+17
16550.002318603998 2.9457001837370925e+17 2.893193531445585e+17 2.8353393824423808e+17 2.7720138674052643e+17 2.7018825833615805e+17 2.6188401217815702e+17 2.5228038833241568e+17 2.4668874452734784e+17 2.404241942806737e+17 2.332675996223415e+17 2.2839029097020125e+17 2.2483546043912874e+17 2.189485630757658e+17 2.1457349049128758e+17 2.071244897837395e+17 2.0140738830201853e+17 1.9826653034993555e+17 1.9489794547410605e+17 1.9126542958454534e+17 1.8732244119829984e+17 1.8300107490362445e+17 1.7269581294068944e+17 1.660812361904949e+17 1.5706596526287894e+17
16650.002332613698 2.9053409806510637e+17 2.8544629412190634e+17 2.798544572704779e+17 2.7348149276273302e+17 2.664421926668207e+17 2.584747731796052e+17 2.489758481595351e+17 2.4350588726697952e+17 2.373545680080114e+17 2.3028236035484176e+17 2.2548294300974768e+17 2.2198224281437114e+17 2.1618448879784042e+17 2.118703738412969e+17 2.0452524933856534e+17 1.9888185246477923e+17 1.957814081196055e+17 1.924551351478986e+17 1.8886933174839635e+17 1.849757652441189e+17 1.8070758386285155e+17 1.705242940060805e+17 1.6398060077017354e+17 1.5504464400067203e+17
16750.002346623398 2.8119398841530554e+17 2.765300410825526e+17 2.7152084673713603e+17 2.658590387688589e+17 2.595548271895043e+17 2.5213928453263898e+17 2.433601681517475e+17 2.3822236354158886e+17 2.3242535622950765e+17 2.2574964375518906e+17 2.2118398665269334e+17 2.1784304561108704e+17 2.1230354449967325e+17 2.0816775016054038e+17 2.0111770669288918e+17 1.9569343648007037e+17 1.9270947657779382e+17 1.8950623023036634e+17 1.8605101470841168e+17 1.8229615507529382e+17 1.781768843743105e+17 1.6833426710017088e+17 1.6199934683281104e+17 1.5334385294345856e+17
16850.002360633098 2.7279260446566026e+17 2.686215558583655e+17 2.6390700878342288e+17 2.585982879429728e+17 2.525895547509477e+17 2.4572090905409235e+17 2.3747820841657072e+17 2.326624493033902e+17 2.2720003558095258e+17 2.209222416882825e+17 2.165980628747371e+17 2.1343690906582736e+17 2.0818035914571584e+17 2.0425570327369338e+17 1.975502838113527e+17 1.9237773753954013e+17 1.8952788431620598e+17 1.864638358233023e+17 1.8315418397663872e+17 1.7955132984600746e+17 1.7558855887799872e+17 1.6606307845150723e+17 1.5988819753331523e+17 1.513989933429414e+17
16950.002374642798 2.7960041421151792e+17 2.7486917294620592e+17 2.6943965252767062e+17 2.6348319692147395e+17 2.5689665736196346e+17 2.493134622344457e+17 2.4033882729773846e+17 2.35109136155602e+17 2.2926188362504253e+17 2.2254198788694186e+17 2.179663138470216e+17 2.146271977307446e+17 2.0909773782886835e+17 2.049737280375394e+17 1.9795048035166365e+17 1.9255895247668502e+17 1.8959179761244864e+17 1.864124480358681e+17 1.8298559418046762e+17 1.7926815657571437e+17 1.7519386413968614e+17 1.6547942523656214e+17 1.592429618284894e+17 1.5074646269856864e+17
17050.002388652498 2.726191855171815e+17 2.680132764791759e+17 2.625895962413032e+17 2.5677580287308186e+17 2.5036285975805078e+17 2.4294285971278214e+17 2.3416601989380723e+17 2.2910784060291296e+17 2.2340991696428915e+17 2.1690475787878534e+17 2.1248382216222218e+17 2.0925963137645962e+17 2.039283953019522e+17 1.9996724180332848e+17 1.9323382513786154e+17 1.8807244815467232e+17 1.8523764454839123e+17 1.8220328015862342e+17 1.789344707859556e+17 1.753873219624716e+17 1.715015518098584e+17 1.6222414245657795e+17 1.5624744189560774e+17 1.4806174662413126e+17
17150.002402662198 2.692089877511558e+17 2.644235700503778e+17 2.5939329667741107e+17 2.53669177425075e+17 2.473298350208831e+17 2.399850280947281e+17 2.3142542911325706e+17 2.2645516198272512e+17 2.2090620407432477e+17 2.1450907093834365e+17 2.1016471246770838e+17 2.0699834060817782e+17 2.0175986035607536e+17 1.978607603992893e+17 1.9123796341286957e+17 1.8615759703424173e+17 1.8336748980169443e+17 1.8037883940983168e+17 1.771585661795064e+17 1.7366673999956618e+17 1.6984072480871222e+17 1.6070537201114592e+17 1.5482239554398387e+17 1.467722316098096e+17
17250.002416671898 2.6331986692715658e+17 2.5885143519934237e+17 2.5395330479383408e+17 2.4849126321560323e+17 2.4238935161097917e+17 2.3525302461580352e+17 2.2695706574346442e+17 2.2212368906075926e+17 2.1667084608021718e+17 2.1045032589997e+17 2.062131326516996e+17 2.0313948665525862e+17 1.9803306156101648e+17 1.9424879749052464e+17 1.878113064187801e+17 1.8289073978363472e+17 1.8018949534878432e+17 1.772992984449822e+17 1.741870000830168e+17 1.7081284535082368e+17 1.671171516839325e+17 1.5828998189051245e+17 1.5259576892314822e+17 1.447868588766996e+17
17350.002430681598 2.491733672587165e+17 2.4544703389127763e+17 2.4171441029673306e+17 2.371863571536037e+17 2.3221332797943846e+17 2.2631361649815514e+17 2.1924530281373283e+17 2.1508040603293904e+17 2.103316275545013e+17 2.0481007392419267e+17 2.0103128743392893e+17 1.9825630074750442e+17 1.9362912016884422e+17 1.901664328572212e+17 1.8424208722055955e+17 1.7967181649362518e+17 1.7714997091482822e+17 1.7443979905349587e+17 1.715117216908862e+17 1.683198738921067e+17 1.6480323558996963e+17 1.563166542613703e+17 1.507818038629697e+17 1.4313358452344805e+17
17450.002444691298 2.5470287366622883e+17 2.5048858970690707e+17 2.4586958778565286e+17 2.4085284001354563e+17 2.3517425693233254e+17 2.28524085554381e+17 2.2064859342824365e+17 2.1608750445698486e+17 2.1092137449734736e+17 2.0500317419026214e+17 2.009657375496111e+17 1.9801879019009802e+17 1.9313890119156544e+17 1.8950406388092723e+17 1.8332651980052694e+17 1.7859193444489846e+17 1.7599097751296512e+17 1.732082931578377e+17 1.7020907092295443e+17 1.6695597828604464e+17 1.6338913993833357e+17 1.5485924570429808e+17 1.493476218258354e+17 1.4178042970073499e+17
17550.0024587009 2.5419825428972362e+17 2.4988717440197424e+17 2.4515862268575315e+17 2.3992910152429405e+17 2.3401180999926115e+17 2.2716282714056525e+17 2.191664346067223e+17 2.144974889113828e+17 2.0928858176490058e+17 2.0331619257434262e+17 1.992469895995428e+17 1.962781392814887e+17 1.913734016530048e+17 1.8772592437110934e+17 1.8153885988906733e+17 1.7680511082697488e+17 1.7420604437731734e+17 1.7142743863095104e+17 1.684376478332532e+17 1.6519754710831706e+17 1.616489237571611e+17 1.531794925917588e+17 1.477183211697848e+17 1.402318721217924e+17
17650.0024727106 2.504346825146741e+17 2.4619215362030976e+17 2.415159153670178e+17 2.3632701919717654e+17 2.3047192722689725e+17 2.238414359443613e+17 2.160146234026105e+17 2.1146994567686634e+17 2.0638396577534502e+17 2.0052767409294688e+17 1.9654238102477827e+17 1.936467775183648e+17 1.8885047623133098e+17 1.8528134797286256e+17 1.792352075297365e+17 1.746028745755808e+17 1.720610681331276e+17 1.6934292043770822e+17 1.664167874272655e+17 1.6324570626926134e+17 1.597717741312432e+17 1.5147420405973696e+17 1.4611847640823027e+17 1.387720159336106e+17
17750.002486720296 2.4683931760471974e+17 2.4264965046223856e+17 2.380681445044947e+17 2.3285735311748144e+17 2.2709136807245037e+17 2.204612019138788e+17 2.1265407013932842e+17 2.081774798532791e+17 2.0309597528066714e+17 1.972995030948098e+17 1.9336746789424218e+17 1.905007245404414e+17 1.8577149736903014e+17 1.822558678546095e+17 1.763070265678312e+17 1.7176287076680755e+17 1.6927534031636246e+17 1.6661290385751914e+17 1.6375383682853466e+17 1.606568130141713e+17 1.5726848435385174e+17 1.491828147792849e+17 1.4396475256714045e+17 1.3679987434165427e+17
17850.002500729996 2.4421642983452205e+17 2.401145271980849e+17 2.3553443424970016e+17 2.305972466575653e+17 2.2492851577242448e+17 2.184530372738678e+17 2.1086842879679232e+17 2.0642163793587632e+17 2.0141560037142186e+17 1.9571009576486502e+17 1.9183120504088202e+17 1.8900676190627696e+17 1.8432364298508256e+17 1.8084612989335296e+17 1.7494940503353357e+17 1.7043942231923456e+17 1.6796719932404826e+17 1.6532323191634557e+17 1.6247966819546845e+17 1.5939972322767437e+17 1.560290707006951e+17 1.4798358878640816e+17 1.427939694303504e+17 1.356773407325472e+17
17950.002514739695 2.4128576808802586e+17 2.3725303165984794e+17 2.3265614063521488e+17 2.2762499408404166e+17 2.22092028326719e+17 2.1568086489020346e+17 2.081307715005213e+17 2.037246211458304e+17 1.988068411011832e+17 1.9315834185562445e+17 1.89329039813526e+17 1.865360032566621e+17 1.8190833550695846e+17 1.7848593376668365e+17 1.726736039865729e+17 1.6823440993115542e+17 1.6580332330928355e+17 1.632056026429945e+17 1.6041196561421056e+17 1.5738769080534966e+17 1.5408036260099965e+17 1.4619411550331405e+17 1.4110956391759397e+17 1.3413756062082184e+17
18050.0025287494 2.3660205570953286e+17 2.3273930455368816e+17 2.2826361867742374e+17 2.2345024731427427e+17 2.1806560559171245e+17 2.1188121842499475e+17 2.045080228771065e+17 2.0026923553193008e+17 1.9546327281960896e+17 1.8995212748932944e+17 1.862089916753027e+17 1.8348634054374723e+17 1.789817341346375e+17 1.7564381371561955e+17 1.6997410868179158e+17 1.656483979802902e+17 1.632792710835785e+17 1.607474088656534e+17 1.580256224262992e+17 1.5507974515348864e+17 1.518559662394549e+17 1.4416263085075837e+17 1.391945909107902e+17 1.3236862055439744e+17
18150.002542759095 2.2432687414570154e+17 2.2134021677879894e+17 2.1783326376061216e+17 2.1392359874058035e+17 2.0956664181935645e+17 2.0440831372499155e+17 1.9821270452814797e+17 1.9454817117156848e+17 1.9036615055211293e+17 1.855037377154738e+17 1.821597596641746e+17 1.7971772710652755e+17 1.756394054177086e+17 1.725836648890506e+17 1.6735905585398893e+17 1.633357785073002e+17 1.6111632963565782e+17 1.5873538612024547e+17 1.561622642507318e+17 1.5336081172818048e+17 1.5027701555101046e+17 1.4284002857044792e+17 1.3798895448789864e+17 1.3128705801154586e+17
18250.002556768795 2.272593851883011e+17 2.2378119415937584e+17 2.1987147380873453e+17 2.1549814590387814e+17 2.1057382294891366e+17 2.0483322617870426e+17 1.9796497689435226e+17 1.9398077079586845e+17 1.8947481344243277e+17 1.8425507432208195e+17 1.8071890652260832e+17 1.7813671334658544e+17 1.738553901601062e+17 1.7067211670529994e+17 1.6527972172805862e+17 1.611572271917945e+17 1.589001239657101e+17 1.564892527865683e+17 1.5389697650755827e+17 1.5109029836041962e+17 1.48018393201544e+17 1.4067555949619837e+17 1.3592395919179742e+17 1.2938213355185275e+17
18350.002570778495 2.2676992794056912e+17 2.228147323250319e+17 2.1874148068423702e+17 2.141922596193314e+17 2.0901729863649766e+17 2.030512291641779e+17 1.960441593685584e+17 1.9198265098422026e+17 1.8741901420679075e+17 1.821894963992606e+17 1.7863776569448538e+17 1.7605340555555734e+17 1.7179103166987e+17 1.6862499753596694e+17 1.632752666771318e+17 1.5919494140735536e+17 1.5696538336985885e+17 1.5458417583620438e+17 1.5202835053265824e+17 1.4926328879279574e+17 1.4624046163180342e+17 1.3902417008338219e+17 1.3435809131842426e+17 1.2793411205516062e+17
18450.002584788195 2.220025370168009e+17 2.1818989814363648e+17 2.140736260217235e+17 2.0953311276122662e+17 2.044916020067711e+17 1.9868936849556816e+17 1.918515399210356e+17 1.879010457253714e+17 1.8346308896451514e+17 1.7838509185818912e+17 1.7494295460920362e+17 1.724425465052968e+17 1.6830853653719632e+17 1.6525722217827014e+17 1.601032098130661e+17 1.5618233174251917e+17 1.540357619220581e+17 1.5174863103909936e+17 1.4929325371682646e+17 1.4663770938734525e+17 1.4373353459543888e+17 1.3679238298447541e+17 1.3229253728475246e+17 1.2607640225093838e+17
18550.0025987979 2.2040697906486938e+17 2.1668498113667747e+17 2.1279794514449875e+17 2.083667426233062e+17 2.0331204888960406e+17 1.9755372053295866e+17 1.9081845013037664e+17 1.8690195404625626e+17 1.824966311557217e+17 1.7746350211632022e+17 1.7404265203025206e+17 1.7154962396264394e+17 1.674400366731313e+17 1.6439205113721734e+17 1.592379932765779e+17 1.553127698633273e+17 1.5316607983634864e+17 1.508748853142047e+17 1.484145164363014e+17 1.457531294531894e+17 1.4284116907387298e+17 1.3588538671253309e+17 1.313810902549106e+17 1.2517085783491174e+17
18650.002612807595 2.1558652048730333e+17 2.120678237295132e+17 2.0807710176943155e+17 2.037603929115869e+17 1.9891342224093936e+17 1.9333977717250714e+17 1.8677458186511152e+17 1.829642632384247e+17 1.7867468066090262e+17 1.7375955776600435e+17 1.7042288487144858e+17 1.679993416729432e+17 1.640055564814082e+17 1.610505059249239e+17 1.5606456912201005e+17 1.5227235185275856e+17 1.502031183259692e+17 1.479956291876462e+17 1.4562756860605776e+17 1.430681144040342e+17 1.402689460135397e+17 1.3357909284939053e+17 1.2924004236548326e+17 1.232397508219385e+17
18750.002626817197 2.0131228168666826e+17 1.9881039736915488e+17 1.9598461673721766e+17 1.9269144519729482e+17 1.8905988171180416e+17 1.846949960991581e+17 1.7940849297985203e+17 1.762478392218933e+17 1.7263172452210826e+17 1.684627984915969e+17 1.6557068848350752e+17 1.6346036207830298e+17 1.599396160543472e+17 1.5731235420272144e+17 1.5282903023237926e+17 1.4938430368060675e+17 1.474884499249091e+17 1.4545643415248733e+17 1.4326162068540789e+17 1.4087442959277078e+17 1.3824456984946622e+17 1.3188273465477736e+17 1.2770612256709053e+17 1.2188519281814488e+17
18850.002640826897 2.102045502528347e+17 2.068226453827827e+17 2.030840645711014e+17 1.9903742213267773e+17 1.9442489736503757e+17 1.890898755724072e+17 1.8278387129297555e+17 1.791162320991079e+17 1.7494949942855306e+17 1.7020103875025923e+17 1.6696847655202675e+17 1.646250904234191e+17 1.6073881699325366e+17 1.5786492114527216e+17 1.5300510001467053e+17 1.4930786567070157e+17 1.4728567793475066e+17 1.451289421969745e+17 1.4281424069541466e+17 1.4031208988660446e+17 1.3757471200901565e+17 1.3102936644273074e+17 1.2678317410077843e+17 1.2091607590669342e+17
18950.002654836597 2.041157358663236e+17 2.0081437295640704e+17 1.970305433796004e+17 1.9294238608064438e+17 1.8835248970380128e+17 1.8307726082399686e+17 1.769449551838148e+17 1.7335657630832474e+17 1.6938589283295187e+17 1.64829482336698e+17 1.6175037872270342e+17 1.5951473733290576e+17 1.5583776798428128e+17 1.5312032837835206e+17 1.4855495232469542e+17 1.4509301896732688e+17 1.432069531297341e+17 1.4119550472961235e+17 1.3903914466092109e+17 1.3670843080474782e+17 1.3415829902731266e+17 1.2804206832151816e+17 1.2405206344549637e+17 1.1849341703915166e+17
19050.002668846297 2.0632939533045654e+17 2.027199447947042e+17 1.9902283911762016e+17 1.9485110996466454e+17 1.9031868746057792e+17 1.8498883893642797e+17 1.7876139326816563e+17 1.7512977544941264e+17 1.7108143041562582e+17 1.6642085565011597e+17 1.6326016227081594e+17 1.609694319776507e+17 1.571820038380819e+17 1.543770764966651e+17 1.4964350745131978e+17 1.460464653848079e+17 1.4408095432544714e+17 1.419865656613441e+17 1.3973835349550293e+17 1.3730850849103198e+17 1.3465073189792432e+17 1.2829915892853357e+17 1.2417942977321416e+17 1.1848821538866805e+17
19150.002682855997 2.0268858027101955e+17 1.993284429731407e+17 1.9571776184918496e+17 1.9167605210624666e+17 1.870953881646725e+17 1.8194831359438365e+17 1.758166819456419e+17 1.7226110553738205e+17 1.6827729568601037e+17 1.6371074237545334e+17 1.6062130311275088e+17 1.5838098633448304e+17 1.5467447951383805e+17 1.519366840140977e+17 1.473169494402063e+17 1.4381034235377603e+17 1.4189662327710862e+17 1.3985575285449235e+17 1.376667680736356e+17 1.3530101069132458e+17 1.3271439519985098e+17 1.2652817460440581e+17 1.2251073724196534e+17 1.1695041780666965e+17
19250.002696865697 2.0025956326866442e+17 1.9702279283674704e+17 1.933936708882171e+17 1.8942351223107702e+17 1.8491146246736573e+17 1.797906881912468e+17 1.7380220043064774e+17 1.7030308050749962e+17 1.6637770320568906e+17 1.6190441044134038e+17 1.5886271523741558e+17 1.5666229920872118e+17 1.5302123722994928e+17 1.5032421147996858e+17 1.4578138636502723e+17 1.4233385066867589e+17 1.4044975276711565e+17 1.3844350243226064e+17 1.3628853221318254e+17 1.3396224156949739e+17 1.3141615820171664e+17 1.2532494135222643e+17 1.2136659394488058e+17 1.158869113519009e+17
19350.002710875397 1.9564844900109382e+17 1.9248433555194893e+17 1.891792097689806e+17 1.85383361473904e+17 1.810699775042899e+17 1.761186942802024e+17 1.7028180435866253e+17 1.6689558168110928e+17 1.630849748878474e+17 1.5872388623408525e+17 1.557656858933712e+17 1.5362011365999594e+17 1.500748521165265e+17 1.4745796819983696e+17 1.4305035131398109e+17 1.3970790554758877e+17 1.378838440903226e+17 1.359406034332555e+17 1.3385821076425515e+17 1.316075701036068e+17 1.2914671498448093e+17 1.232543528494656e+17 1.1941979557189195e+17 1.1409651571218611e+17
19450.002724885097 1.843316954920424e+17 1.820717992219745e+17 1.794079162260345e+17 1.7655037941972643e+17 1.7317569716307325e+17 1.691805857284042e+17 1.6439750435760022e+17 1.6154124212730192e+17 1.5827547220314822e+17 1.5448856035239725e+17 1.518916041277292e+17 1.4998509775573917e+17 1.4682041599659405e+17 1.4445993232274333e+17 1.4044526885097155e+17 1.3736704323398778e+17 1.3567685550014069e+17 1.3386552433812613e+17 1.319123997602581e+17 1.2978897706357643e+17 1.2745096809479933e+17 1.2179069942033866e+17 1.1806784625959794e+17 1.128642998387988e+17
19550.002738894796 1.9165042149995155e+17 1.8866118479514445e+17 1.8529739051918032e+17 1.816033520516015e+17 1.7743583665783638e+17 1.726776105684168e+17 1.670153575749195e+17 1.6373183161765955e+17 1.600081899278989e+17 1.55765986867646e+17 1.5287949743846512e+17 1.5078575415905005e+17 1.473320109527687e+17 1.4477235400773133e+17 1.4045499618011346e+17 1.3717589413843957e+17 1.353861019897882e+17 1.3347733857573395e+17 1.3143065290722595e+17 1.2921806551114424e+17 1.2679818634936754e+17 1.2100314363135765e+17 1.1723282660915312e+17 1.1200501534132282e+17
19650.002752904496 1.8928393482555123e+17 1.8619505989781578e+17 1.8278232887878493e+17 1.791077803796691e+17 1.7498291891701078e+17 1.7015925521299117e+17 1.6449273389167808e+17 1.6123943012166154e+17 1.5756080776030544e+17 1.5337050868605888e+17 1.5052474437337466e+17 1.4846076656531882e+17 1.4506180968417142e+17 1.4255116611606018e+17 1.3832785723603763e+17 1.351244987221392e+17 1.333771372519715e+17 1.3151636871492717e+17 1.2952246671928106e+17 1.273677886600309e+17 1.2501168705621854e+17 1.1936672067962602e+17 1.1568968981332056e+17 1.1057886577182174e+17
19750.002766914196 1.859173330721602e+17 1.829299203347798e+17 1.7963990507130195e+17 1.7598341197544605e+17 1.7190176114856512e+17 1.6719140577467808e+17 1.616623891500061e+17 1.584722643810185e+17 1.548948010282488e+17 1.5079376624684093e+17 1.4801240053454406e+17 1.459973352009254e+17 1.426735768299513e+17 1.4022194022820982e+17 1.360951332276747e+17 1.3296766836213594e+17 1.3126571259917482e+17 1.2945131528627725e+17 1.2750657616227483e+17 1.2540480989827851e+17 1.2310606395675e+17 1.1759523769300722e+17 1.1400033281208158e+17 1.0899284154595938e+17
19850.002780923896 1.8462129607328326e+17 1.8162576029445776e+17 1.784160601910715e+17 1.7475861618202883e+17 1.7066613075620416e+17 1.6602811098221846e+17 1.6054211379354688e+17 1.573671649833889e+17 1.5379084198978102e+17 1.497105990283792e+17 1.4695031088837094e+17 1.4494076642022787e+17 1.4163878587427645e+17 1.3919472993757258e+17 1.3508039278875046e+17 1.3196571320867853e+17 1.3026838825060258e+17 1.2845991877964186e+17 1.2652210141872738e+17 1.2442868853754845e+17 1.2213873656544046e+17 1.1665304649689147e+17 1.130781871407983e+17 1.081059403599543e+17
19950.002794933596 1.82202601055399e+17 1.7925227861814246e+17 1.7602859396302064e+17 1.7240297321234243e+17 1.684544701142707e+17 1.6388320735289165e+17 1.5845056183083302e+17 1.5532209957282704e+17 1.5181617511277165e+17 1.4780331806983782e+17 1.4508545693559453e+17 1.4311876888355698e+17 1.3986786600445734e+17 1.3746893358692451e+17 1.3343431832933691e+17 1.303762353821149e+17 1.2871112003796296e+17 1.2693618219192632e+17 1.2503453507420966e+17 1.2297993549417045e+17 1.2073284726324136e+17 1.1534589390232734e+17 1.1183247784880627e+17 1.0694032717616738e+17
20050.002808943198 1.8070813305672614e+17 1.7793338901373914e+17 1.7464579678122237e+17 1.711383790867674e+17 1.6720812234261875e+17 1.6268960664221133e+17 1.5731279388142595e+17 1.5423665818901642e+17 1.5074839435357626e+17 1.4676718795848102e+17 1.4406980129600622e+17 1.4210927350803253e+17 1.388867175985899e+17 1.3650400708779624e+17 1.32493826178398e+17 1.2945414018514846e+17 1.2779884425775122e+17 1.2603500054228934e+17 1.2414549074389446e+17 1.2210330131495008e+17 1.1987033813979115e+17 1.1451925154475598e+17 1.1103245022279523e+17 1.0618631180016362e+17
20150.002822952894 1.7912288968957162e+17 1.762831760339074e+17 1.730956012373465e+17 1.696907213125115e+17 1.6579592896338592e+17 1.613389758078052e+17 1.5602914910821354e+17 1.5296445567423856e+17 1.495154182236548e+17 1.455739158634335e+17 1.428964834304021e+17 1.4095295128983019e+17 1.3774920973035704e+17 1.3538075588431707e+17 1.3139369438776738e+17 1.283713713478611e+17 1.2672415612588923e+17 1.2496988349695872e+17 1.2309045888703427e+17 1.2105979170543147e+17 1.1884008713501336e+17 1.1352307423226387e+17 1.1006166600311085e+17 1.0525796021407117e+17
20250.002836962598 1.7540636005912003e+17 1.7259690722331533e+17 1.6954190544959085e+17 1.661194398926926e+17 1.6231114887194474e+17 1.578947632133043e+17 1.5272751559829334e+17 1.497134663437284e+17 1.463510766753194e+17 1.4251104296811781e+17 1.3991041240355946e+17 1.3802640901230091e+17 1.3492523402420306e+17 1.3263782646651627e+17 1.2879310423024341e+17 1.258849043662389e+17 1.2430241449704144e+17 1.2261694022057019e+17 1.2081220430380134e+17 1.1886288691275245e+17 1.16731507463442e+17 1.1162025827589754e+17 1.0828427191801371e+17 1.0363490760231467e+17
20350.002850972298 1.7206847655855622e+17 1.6933195630738192e+17 1.6630907121398944e+17 1.6292420060484848e+17 1.5924937969321386e+17 1.549675964309364e+17 1.4994169021529814e+17 1.4703942309088755e+17 1.4377824548374699e+17 1.4005105089711066e+17 1.3753119248070835e+17 1.3570563887983782e+17 1.3270257698254978e+17 1.3048955338292014e+17 1.2677053437470626e+17 1.2395897078158237e+17 1.2242884156790661e+17 1.2080058156539686e+17 1.1905563540728018e+17 1.1717030766566834e+17 1.1510727405131838e+17 1.1015153802005995e+17 1.0690902027112709e+17 1.0237720134297616e+17
20450.002864981998 1.7218163327657613e+17 1.6943271511331587e+17 1.6646317906303267e+17 1.6318419470261763e+17 1.5945464681748413e+17 1.5514723778778106e+17 1.500839532836669e+17 1.4717680675092006e+17 1.4388490525798533e+17 1.401244056819675e+17 1.3757089345381846e+17 1.3572052924596864e+17 1.326704729406338e+17 1.3041799079749381e+17 1.2663124818621234e+17 1.2376598462966597e+17 1.2220589843118083e+17 1.205442829313108e+17 1.1876414389161565e+17 1.1684162933248926e+17 1.1473968200845744e+17 1.0970170351059302e+17 1.0641677014936789e+17 1.018475312414587e+17
20550.002878991694 1.6948296030536656e+17 1.66753660049001e+17 1.6380245722457664e+17 1.6052538215641734e+17 1.5686139954140413e+17 1.5263281248916304e+17 1.476531632120758e+17 1.4477147383294496e+17 1.4153032847619566e+17 1.3783138556768904e+17 1.3532676856578406e+17 1.3351310597147755e+17 1.3052957235284086e+17 1.2832716972904656e+17 1.246294006771729e+17 1.218373245623222e+17 1.2031906131592787e+17 1.1870314703863522e+17 1.1697404607598806e+17 1.1510712495306139e+17 1.1306575419264197e+17 1.0817061317479866e+17 1.0497424015769408e+17 1.0051688264027875e+17
20650.002893001398 1.662814836218975e+17 1.6364578807917222e+17 1.6078399942984e+17 1.5765143824773763e+17 1.5408559376758003e+17 1.4997321305013277e+17 1.4515212391014797e+17 1.423520096452513e+17 1.3920183465289467e+17 1.3561455569579408e+17 1.3318559490900262e+17 1.3142208834126198e+17 1.2852270180629221e+17 1.2638677915048814e+17 1.2279944960423602e+17 1.2008724424748e+17 1.1861062779593693e+17 1.1704046839381024e+17 1.1535802443926456e+17 1.1354065391330176e+17 1.1155220498932678e+17 1.0677559518814059e+17 1.0365016578780749e+17 9.928174832897658e+16
20750.002907011094 1.648906060576994e+17 1.6225177782215782e+17 1.594687616670314e+17 1.5632848436363968e+17 1.5279541325097178e+17 1.4870833937181658e+17 1.4391745881283251e+17 1.411435028259689e+17 1.3802457671938384e+17 1.344516616989038e+17 1.3203695156478182e+17 1.3028752205507422e+17 1.2740587707000486e+17 1.2527975310157923e+17 1.2171033592314021e+17 1.1901158645231674e+17 1.1754327127809082e+17 1.1598131785375557e+17 1.1430873079655627e+17 1.1250255010371173e+17 1.1052669030785576e+17 1.0578358470759038e+17 1.0268272945984402e+17 9.835257283362018e+16
20850.002921020798 1.6275938964019933e+17 1.6022972741250534e+17 1.5738599803315498e+17 1.542821779338795e+17 1.5077886421722778e+17 1.4679658430697923e+17 1.4203236356194715e+17 1.3928831294462557e+17 1.3619789089751275e+17 1.3267156953223464e+17 1.3029277569339486e+17 1.2856855463452608e+17 1.2573194235850774e+17 1.236466646062655e+17 1.2014585220293682e+17 1.1750384318368616e+17 1.1606944083305381e+17 1.145427842249039e+17 1.1290967150236709e+17 1.1114618277151451e+17 1.0921774791936251e+17 1.0458863790591005e+17 1.0156133529181458e+17 9.733067007042005e+16
20950.002935030498 1.5976959268564512e+17 1.5723517444721286e+17 1.5458743015173856e+17 1.514927505390391e+17 1.4807328294623526e+17 1.441682454911532e+17 1.3952813690130987e+17 1.3686083725316974e+17 1.3385691772228237e+17 1.3043861914251552e+17 1.281215014566545e+17 1.2644736890765026e+17 1.2369382854968973e+17 1.2166786192205955e+17 1.182713575278964e+17 1.1570849523050134e+17 1.1431483922070622e+17 1.128333567775214e+17 1.1124718122350576e+17 1.0953422192249202e+17 1.0765973659222533e+17 1.0315419148551858e+17 1.0020101133609947e+17 9.606239206719128e+16
21050.002949040194 1.591243838972078e+17 1.5658342979344426e+17 1.539322793871478e+17 1.5093757077372726e+17 1.4754339399872106e+17 1.4367551610166219e+17 1.39083577825506e+17 1.3641865716366254e+17 1.3342586835280352e+17 1.3000987421534478e+17 1.2769226218806042e+17 1.260181367587079e+17 1.2325576433735462e+17 1.2122192356363243e+17 1.1780760428580874e+17 1.1522901236257795e+17 1.1382638257256718e+17 1.123344174356161e+17 1.1073690354772051e+17 1.0901133343830619e+17 1.0712429233931869e+17 1.025919985840951e+17 9.962767287334891e+16 9.548777073654813e+16
21150.002963049898 1.5674608958762182e+17 1.5435656054359562e+17 1.5167029027635514e+17 1.4872006917561504e+17 1.4538558688364064e+17 1.415780614853629e+17 1.3707183120924352e+17 1.3445556564712752e+17 1.3152316649879941e+17 1.2817611601831709e+17 1.259084072357105e+17 1.2426720468935267e+17 1.2156236869017632e+17 1.1957404194146189e+17 1.1623619566462669e+17 1.1371726040031755e+17 1.1234861079153854e+17 1.1089266583978547e+17 1.0933397338573874e+17 1.076504117898455e+17 1.0580822863246296e+17 1.013819749411837e+17 9.848386714080744e+16 9.443092209536965e+16
21250.002977059594 1.547164827838638e+17 1.5233974830886442e+17 1.4970385075231885e+17 1.4678098527731978e+17 1.4351907687630514e+17 1.3976689735338174e+17 1.353135244605855e+17 1.3275278635033771e+17 1.2985158132243541e+17 1.2655238993759862e+17 1.243176628310526e+17 1.226989264359425e+17 1.2004169646416493e+17 1.1808241270061218e+17 1.1480360418854949e+17 1.1233229152523923e+17 1.109890091992494e+17 1.0956028597804333e+17 1.0803172956508224e+17 1.0638095029411262e+17 1.0457489806436158e+17 1.0023368064566038e+17 9.738984466354392e+16 9.340934254148862e+16
21350.002991069196 1.5316274452461648e+17 1.5072607466501904e+17 1.4815304315033075e+17 1.4533757862866726e+17 1.4211335614951491e+17 1.3839632480563797e+17 1.3403281498204998e+17 1.3149940832959506e+17 1.2865844560497006e+17 1.254020974460109e+17 1.2319536935073274e+17 1.2159957638190922e+17 1.189745139713806e+17 1.1703868294857586e+17 1.1379379770817117e+17 1.1134534216296699e+17 1.100136985846979e+17 1.0859726864582864e+17 1.0708093603563933e+17 1.0544265782616946e+17 1.0365006872829322e+17 9.93403548700051e+16 9.651709364122174e+16 9.25675013784016e+16
21450.0030050789 1.515493335834636e+17 1.4921860339348467e+17 1.4664195438167725e+17 1.4379494988749888e+17 1.4059817233349571e+17 1.3694292636425107e+17 1.3260247070542227e+17 1.3008637850264931e+17 1.2726325618435723e+17 1.2403095945954256e+17 1.218431920585131e+17 1.2025957061487054e+17 1.1765528725083277e+17 1.1573875365953592e+17 1.1252683639436246e+17 1.1010480728274438e+17 1.0878916205759611e+17 1.0738956584440965e+17 1.0589181480010682e+17 1.0427471955002982e+17 1.0250558970117176e+17 9.825467590136987e+16 9.547074630836734e+16 9.157525094319982e+16
21550.003019088595 1.4937560568972637e+17 1.471250484072804e+17 1.4466199463578074e+17 1.4194631168585597e+17 1.3883113584255778e+17 1.3527624123859595e+17 1.3101566496347067e+17 1.285575633649642e+17 1.2578566570884192e+17 1.2260941263888158e+17 1.2045742281757718e+17 1.1890045758112315e+17 1.1633810584105469e+17 1.1445154205266424e+17 1.1128857567443883e+17 1.0890522192365222e+17 1.0761038324876643e+17 1.0623267921668462e+17 1.0475905802623691e+17 1.0316799455784208e+17 1.0142743360883387e+17 9.72442504698183e+16 9.45049623636245e+16 9.067265607709877e+16
21650.003033098295 1.4033235370728587e+17 1.3868940783267458e+17 1.368320291268118e+17 1.3473893649586437e+17 1.3236974633114253e+17 1.2954623349672475e+17 1.2609388744916859e+17 1.2404393225272835e+17 1.2171326899977498e+17 1.1899857666757109e+17 1.171413488061758e+17 1.1578537829133038e+17 1.1353402630895352e+17 1.1186337874275222e+17 1.0903301645376714e+17 1.0687217506208022e+17 1.0569012372484261e+17 1.0442462631827344e+17 1.0306154978019221e+17 1.0157908299329368e+17 9.99448410388491e+16 9.59680530014374e+16 9.333242058110208e+16 8.961201773918418e+16
21750.003047107995 1.4430919417106957e+17 1.4219645545432366e+17 1.3988644985580365e+17 1.3728560509555168e+17 1.3433849119113085e+17 1.3092399308775272e+17 1.2686097407444312e+17 1.2451297451448867e+17 1.2186132016456354e+17 1.1883617161687437e+17 1.1679333464655541e+17 1.153111587428619e+17 1.1287743162505128e+17 1.1108696269913078e+17 1.0809264911194362e+17 1.0583637459373947e+17 1.0461262876643246e+17 1.0331103646205091e+17 1.0191801849044142e+17 1.0041363328102645e+17 9.876611624404882e+16 9.479723707691646e+16 9.218843980430936e+16 8.851994146159606e+16
21850.003061117695 1.4325328255093579e+17 1.4109076344690013e+17 1.3874678617185133e+17 1.3608461058834803e+17 1.3310768752812501e+17 1.2968634042598366e+17 1.2564242071701538e+17 1.2330717390831499e+17 1.2067932192639891e+17 1.1767885238137571e+17 1.1565685502026059e+17 1.1418786196951731e+17 1.11781793624886e+17 1.1001334999014912e+17 1.0705342751311528e+17 1.0482403789379205e+17 1.036134920340227e+17 1.0232727416171712e+17 1.0095067106434682e+17 9.946280731022166e+16 9.783436661483987e+16 9.391113502432658e+16 9.133259347486386e+16 8.770889752099147e+16
21950.0030751274 1.4266770311608515e+17 1.404539001043692e+17 1.3808424356730466e+17 1.3545574603713134e+17 1.3248489096624744e+17 1.290528571347237e+17 1.2500718699135498e+17 1.2265614305664158e+17 1.2002324122701739e+17 1.1701418120737243e+17 1.1498127146739571e+17 1.1351143222424358e+17 1.1109606601483334e+17 1.0932214100027915e+17 1.063510815655316e+17 1.0411574022717835e+17 1.029021875398071e+17 1.016127514014442e+17 1.0023307370136258e+17 9.874393721501642e+16 9.71146474000016e+16 9.319583387798666e+16 9.06257310222489e+16 8.702255424558406e+16
22050.003089137095 1.3941606690162451e+17 1.3733933381344683e+17 1.3500315370025915e+17 1.3245076483251091e+17 1.2956621629241331e+17 1.2623872197767248e+17 1.2232566792160371e+17 1.2005276555351326e+17 1.1751739677482483e+17 1.1461593726423184e+17 1.1266162423212155e+17 1.112486804890095e+17 1.0893029112784326e+17 1.0722672483893371e+17 1.0438045555571395e+17 1.0223914769957298e+17 1.010767331014744e+17 9.98409507521003e+16 9.851842324368219e+16 9.708969616831109e+16 9.552468473776432e+16 9.175077720192226e+16 8.926618251325291e+16 8.57658756564326e+16
22150.003103146795 1.3904919121947682e+17 1.3693640719976992e+17 1.346010252567282e+17 1.3209785058041402e+17 1.292112130391889e+17 1.2591733295674808e+17 1.2201384404346949e+17 1.1975349696511918e+17 1.1720784199079683e+17 1.1431035736808883e+17 1.123499842964164e+17 1.1093110683229166e+17 1.086041128168288e+17 1.0689454247244216e+17 1.0403238444150227e+17 1.0187808925439339e+17 1.0070849496362614e+17 9.946478068403902e+16 9.813415342335006e+16 9.669680957395586e+16 9.512340912916978e+16 9.133393274537518e+16 8.884528336690246e+16 8.535326508971467e+16
22250.003117156495 1.3721131097323464e+17 1.3512156264675758e+17 1.3280963338956966e+17 1.3029214610241091e+17 1.2745974496159757e+17 1.2418155888805006e+17 1.203055355979404e+17 1.1806476499006635e+17 1.155459932811286e+17 1.1268246441545067e+17 1.1074871609696427e+17 1.0934980744616723e+17 1.0705811557975672e+17 1.0537522637443677e+17 1.0256138471575725e+17 1.004456371922061e+17 9.929806383865333e+16 9.807843363628034e+16 9.6773891530321e+16 9.536523115296854e+16 9.382333711660544e+16 9.011013471111618e+16 8.766931528536322e+16 8.423619039518032e+16
22350.003131166195 1.3561497862739963e+17 1.3354578288924435e+17 1.3125775997077058e+17 1.2877182634241264e+17 1.2594551451322296e+17 1.2270343649849461e+17 1.1888579867955562e+17 1.1667380406398853e+17 1.1419964683480181e+17 1.1137420425996224e+17 1.0947090265750114e+17 1.0809193763483565e+17 1.0583296610814597e+17 1.0417659513942944e+17 1.0140843814387955e+17 9.932781419174563e+16 9.819981322930506e+16 9.700113971655638e+16 9.571940628176747e+16 9.433523481332667e+16 9.282030487696555e+16 8.917088640320741e+16 8.67713775863087e+16 8.339494138058522e+16
22450.0031451759 1.340323094069864e+17 1.3197807859490859e+17 1.2977856008056726e+17 1.2730975273683995e+17 1.2452160302656682e+17 1.2132787064801827e+17 1.1757014856435666e+17 1.1539512261756432e+17 1.1295380130155702e+17 1.1017065771549826e+17 1.0829178752028867e+17 1.069337211269647e+17 1.0470792161059597e+17 1.0307444887692934e+17 1.0034837946635347e+17 9.82993764139463e+16 9.718852919051509e+16 9.600825770786464e+16 9.474604830329192e+16 9.338300219956126e+16 9.189090778053294e+16 8.829576673791061e+16 8.593135373577803e+16 8.260379726585091e+16
22550.003159185493 1.3194004529188995e+17 1.2996984989315683e+17 1.278088308353045e+17 1.2540370626864766e+17 1.22702176843233e+17 1.1960237337445968e+17 1.1594204862236198e+17 1.1381936463251579e+17 1.1144357065661165e+17 1.0872629995092949e+17 1.0689660526191739e+17 1.0557292601178658e+17 1.0340416076368566e+17 1.0181280811666498e+17 9.915523200480795e+16 9.715703318497584e+16 9.607319108631717e+16 9.492131014468664e+16 9.368805829223426e+16 9.235568255474344e+16 9.089589320470294e+16 8.73730615104384e+16 8.50521161787265e+16 8.178077073435589e+16
22650.003173195197 1.304136977259181e+17 1.2843816534763603e+17 1.2627514865509453e+17 1.23873835504858e+17 1.2119181809480357e+17 1.1811247515056219e+17 1.1447648136480858e+17 1.12372400466676e+17 1.1001208699046766e+17 1.073276707412309e+17 1.0551782331160757e+17 1.0421021530697509e+17 1.0207087406311072e+17 1.0050204628389027e+17 9.788468239605389e+16 9.592057739173461e+16 9.485592475053691e+16 9.372465823271171e+16 9.251442739030907e+16 9.120750502399034e+16 8.977600426349968e+16 8.632275604727962e+16 8.404725899778686e+16 8.083677184551274e+16
22750.003187204897 1.2946353608403472e+17 1.2752747863093254e+17 1.2540643653023952e+17 1.2306889328301926e+17 1.2041175350593445e+17 1.1734943109052341e+17 1.1376438392598178e+17 1.1167985134078606e+17 1.0933895675616354e+17 1.0667734581097438e+17 1.0487731534528374e+17 1.0357821433010803e+17 1.0145031470813829e+17 9.988854742404378e+16 9.728020894511368e+16 9.532120404677038e+16 9.425822267589858e+16 9.312957086806891e+16 9.192163164117278e+16 9.061706525143062e+16 8.918858801571776e+16 8.574366127305789e+16 8.347642523728771e+16 8.028452571116034e+16
22850.003201214597 1.270812412632415e+17 1.2518953354617742e+17 1.2312202443391272e+17 1.2079417209954278e+17 1.1819367691068107e+17 1.1520771924147706e+17 1.116879406751022e+17 1.09651948698995e+17 1.0736743828365134e+17 1.047762056760228e+17 1.0302759317806498e+17 1.0176968491392245e+17 9.970551650038202e+16 9.819360293873778e+16 9.567366063494707e+16 9.37827719211581e+16 9.275817937433227e+16 9.166955958401515e+16 9.05054258158884e+16 8.924748845057069e+16 8.786914380659886e+16 8.45401999842344e+16 8.234339076479845e+16 7.92387455339404e+16
22950.003215224297 1.2513111793081526e+17 1.2319426169501442e+17 1.2106634630504224e+17 1.1871276949138686e+17 1.1604132996792584e+17 1.129712378165991e+17 1.0934653076604275e+17 1.0724922966042598e+17 1.0490041387318997e+17 1.0222666000020571e+17 1.0042817454998688e+17 9.913355336595774e+16 9.701608903057126e+16 9.546992659249851e+16 9.28966004500451e+16 9.097032861449616e+16 8.992797241367309e+16 8.882129171376222e+16 8.763728528255027e+16 8.6357925910728e+16 8.495445464814178e+16 8.154168507781787e+16 7.925169694088576e+16 7.591197826361653e+16
23050.003229233993 1.2468080257445834e+17 1.2276875906717613e+17 1.206832472656815e+17 1.1838114299728803e+17 1.1578168118321802e+17 1.1280118309699925e+17 1.0927780785156166e+17 1.0722968552767898e+17 1.0494377356314195e+17 1.023393901339706e+17 1.0058519059628413e+17 9.931848456615792e+16 9.724641708803563e+16 9.573001492490922e+16 9.320301639186747e+16 9.130914119407229e+16 9.0283604979683e+16 8.919430259366846e+16 8.802946813907909e+16 8.67708391082918e+16 8.539128200987979e+16 8.204993359985862e+16 7.982900640825819e+16 7.66450290115175e+16
23150.003243243696 1.2302722328714176e+17 1.2113927223956302e+17 1.1911146501817984e+17 1.1685691639791926e+17 1.1431286739317098e+17 1.1139158768513029e+17 1.0793999854895413e+17 1.0594601576935749e+17 1.0371415160137141e+17 1.0117557767283315e+17 9.946455253289512e+16 9.822989744282222e+16 9.621102969581813e+16 9.473225877090738e+16 9.227056403582859e+16 9.042475232887549e+16 8.94245826407942e+16 8.836231144074266e+16 8.722558811338608e+16 8.599740215621726e+16 8.46505921533181e+16 8.13884953769055e+16 7.922194755544805e+16 7.612126736226104e+16
23250.003257253396 1.2037572759098546e+17 1.1849668612921166e+17 1.16386965866118e+17 1.1406604554668914e+17 1.1145042750063051e+17 1.084360064025091e+17 1.0488604593530768e+17 1.0283543461703854e+17 1.0055057924145979e+17 9.796247602186637e+16 9.622886778649526e+16 9.498156564356326e+16 9.29505698370248e+16 9.147118746320149e+16 8.901885685127323e+16 8.71884379884038e+16 8.619895094661248e+16 8.51485067574633e+16 8.402488117866786e+16 8.28096569941026e+16 8.147372058250088e+16 7.820761585371202e+16 7.599472146202738e+16 7.272531856361931e+16
23350.003271263096 1.1942137545753918e+17 1.1760297344657158e+17 1.1562296317720923e+17 1.134073713278793e+17 1.1091695439080656e+17 1.0804760400041734e+17 1.0467169592195728e+17 1.0271923747349162e+17 1.0053176223171947e+17 9.805271977022e+16 9.638721571842936e+16 9.518717349134958e+16 9.322639212196317e+16 9.179436753541262e+16 8.941320453911384e+16 8.76310048233746e+16 8.666624875436774e+16 8.564139862448406e+16 8.454493833983371e+16 8.33589695815051e+16 8.205689495634949e+16 7.88891653533535e+16 7.676738342985822e+16 7.36906828595149e+16
23450.003285272796 1.1902061803926896e+17 1.1721769896265106e+17 1.152602288750141e+17 1.1308623521195637e+17 1.1063631186889208e+17 1.0780130512641419e+17 1.0446137125667442e+17 1.0252665888397259e+17 1.0036148447419744e+17 9.789757530561094e+16 9.624001810147429e+16 9.504546112770413e+16 9.30919254115106e+16 9.16641977215594e+16 8.92867074777813e+16 8.750651845958843e+16 8.654262103362363e+16 8.551864316145144e+16 8.442325188294118e+16 8.323883476491638e+16 8.193962689283634e+16 7.878676299429e+16 7.668525498481418e+16 7.365918675411342e+16
23550.003299282493 1.158761435623897e+17 1.1404251696228325e+17 1.1201570804669283e+17 1.097625704161066e+17 1.0722619449992368e+17 1.0431986987494387e+17 1.0089196839971947e+17 9.891671208482747e+16 9.671519668887506e+16 9.42282391750113e+16 9.256678761535739e+16 9.137354633417906e+16 8.943376406814405e+16 8.802345818134165e+16 8.568966726780482e+16 8.395072484435046e+16 8.301115685167469e+16 8.201423116501685e+16 8.094770658152722e+16 7.97935825403583e+16 7.852384763926688e+16 7.541077666672934e+16 7.329085977721214e+16 7.013347554787396e+16
23650.003313292196 1.159445761687375e+17 1.1417387150231794e+17 1.1225242213141818e+17 1.1008541393827486e+17 1.0766346680114974e+17 1.0488288071267744e+17 1.015899820186302e+17 9.968414454208846e+16 9.75550855423145e+16 9.513699323770078e+16 9.351474740234813e+16 9.234610989842586e+16 9.043850986394634e+16 8.904564813863602e+16 8.673188067724107e+16 8.50009235981359e+16 8.406405998166355e+16 8.306901417274344e+16 8.200421114375227e+16 8.085238831431878e+16 7.9587287021123e+16 7.650643616917179e+16 7.44389473174576e+16 7.143007526818446e+16
23750.003327301896 1.1397578665986171e+17 1.1225566588880426e+17 1.1037034437546658e+17 1.0827777904009632e+17 1.0592711777314549e+17 1.0322786440735104e+17 1.0005289618784102e+17 9.82202231731462e+16 9.617311662433163e+16 9.385208432464314e+16 9.229625663037186e+16 9.117584991144315e+16 8.934922556407062e+16 8.80150348661662e+16 8.579840245457061e+16 8.413952510811318e+16 8.324100168169302e+16 8.22863913997542e+16 8.126393368202056e+16 8.01573532503407e+16 7.894089023711258e+16 7.597608133165298e+16 7.398592371471829e+16 7.108947802543993e+16
23850.003341311494 1.1157358783999109e+17 1.0981215659137834e+17 1.0789154517069806e+17 1.0574766389115149e+17 1.0333578624195077e+17 1.0056394983912528e+17 9.730358199399168e+16 9.54248723442657e+16 9.333083377198566e+16 9.096538933125346e+16 8.938592263905498e+16 8.825207527320531e+16 8.640952832612792e+16 8.50702274291047e+16 8.285467722534813e+16 8.120452291706738e+16 8.031302363812442e+16 7.936687106074565e+16 7.835440284316515e+16 7.725836961427117e+16 7.605187223733952e+16 7.308929281849778e+16 7.106631075851022e+16 6.804034224196396e+16
23950.003355321198 1.118487686866509e+17 1.1015143110620299e+17 1.082819171228527e+17 1.0621687614688405e+17 1.038763087937031e+17 1.0118347078408069e+17 9.800838081374243e+16 9.61742735630825e+16 9.412215241439682e+16 9.179526027116648e+16 9.023413396655704e+16 8.911129618869979e+16 8.727897265309542e+16 8.594279956854637e+16 8.372436253729173e+16 8.20668172217095e+16 8.116990285248846e+16 8.021760198630534e+16 7.91986938413244e+16 7.809650619834922e+16 7.688545882792789e+16 7.393224169626342e+16 7.194363049170817e+16 6.90302919623827e+16
24050.003369330894 1.1066295299118632e+17 1.0900139906497662e+17 1.0718181749073749e+17 1.0515713923355136e+17 1.0287501581750795e+17 1.0025180991321536e+17 9.715478419649803e+16 9.536533486938435e+16 9.336489828353098e+16 9.10964645672899e+16 8.957501997601595e+16 8.84794510967531e+16 8.669306924944261e+16 8.538969669582058e+16 8.32255333429099e+16 8.160784622864712e+16 8.073242298067246e+16 7.980269005570014e+16 7.880785087439686e+16 7.77315650648542e+16 7.654902564709506e+16 7.366749187506317e+16 7.173183913613889e+16 6.890960400087728e+16
24150.003383340594 1.0806002790567782e+17 1.0637975067338904e+17 1.0452750695076483e+17 1.0247819544322043e+17 1.0016616650965914e+17 9.751661264738483e+16 9.439759430577173e+16 9.260266954242285e+16 9.060047298431096e+16 8.834124528536398e+16 8.683245920048555e+16 8.575003578758062e+16 8.399024883670784e+16 8.271107255953765e+16 8.059542248126171e+16 7.901921985693392e+16 7.81673987994967e+16 7.726330125210835e+16 7.629569848087693e+16 7.524820227303386e+16 7.409490364622432e+16 7.126348426693287e+16 6.933117074662529e+16 6.644344598791411e+16
24250.003397350298 1.078265741788342e+17 1.061841251899243e+17 1.0439747234775445e+17 1.0239650093540763e+17 1.0014112532700989e+17 9.754961844244683e+16 9.449447810080307e+16 9.27301239311076e+16 9.076058610106067e+16 8.853128058251418e+16 8.70383740705519e+16 8.596522481418131e+16 8.421782528538005e+16 8.29449552941041e+16 8.083576564522896e+16 7.92618478456035e+16 7.841108482285381e+16 7.750810920771829e+16 7.654215421841466e+16 7.549732209383232e+16 7.43491375312909e+16 7.154654497269703e+16 6.965474609315107e+16 6.6871360454320136e+16
24350.003411359994 1.0661792268703909e+17 1.0501758123368906e+17 1.0326250509670725e+17 1.0131894030623749e+17 9.913246610469366e+16 9.661949716434605e+16 9.365463858608909e+16 9.194361164419389e+16 9.003334495785861e+16 8.787112056330805e+16 8.642182263897874e+16 8.537957764577584e+16 8.368156753531032e+16 8.244388969724178e+16 8.039115638473941e+16 7.885777342010973e+16 7.80280486256e+16 7.714685175699718e+16 7.620353706333637e+16 7.518255535123075e+16 7.405990675739477e+16 7.131928948547705e+16 6.947290301607859e+16 6.67701404227994e+16
24450.003425369698 1.0527025087231771e+17 1.0365381720373032e+17 1.018849013908924e+17 9.991639639704918e+16 9.770211626379688e+16 9.515282741315946e+16 9.21436195814427e+16 9.040891546058994e+16 8.84739038069913e+16 8.628544813232435e+16 8.482236367148008e+16 8.377119527846662e+16 8.206255470740874e+16 8.082003698815227e+16 7.876433937922136e+16 7.72331870673024e+16 7.64060669373185e+16 7.552851602794422e+16 7.458992590270456e+16 7.357450494191058e+16 7.245803490710125e+16 6.972613884872883e+16 6.787201739924491e+16 6.512027664315595e+16
24550.003439379398 1.0318813950443568e+17 1.016227696664288e+17 9.990496271526955e+16 9.800036873789395e+16 9.584693365576978e+16 9.338281936621774e+16 9.048571395228778e+16 8.88178530198934e+16 8.695761501622784e+16 8.486007692226987e+16 8.345937507821368e+16 8.245437546648675e+16 8.082127472400093e+16 7.96339306794457e+16 7.767036493981438e+16 7.620701955290088e+16 7.54160694147643e+16 7.457631715668843e+16 7.367744914011022e+16 7.27041315988073e+16 7.163284142221935e+16 6.9006855033712504e+16 6.722152925502648e+16 6.456818629855173e+16
24650.003453389094 1.0348928158635544e+17 1.0195733922908368e+17 1.0027459857236126e+17 9.840787723428986e+16 9.629342282758264e+16 9.386728522760314e+16 9.100683189596237e+16 8.935512198002765e+16 8.750922750046e+16 8.541889316689451e+16 8.40182398776585e+16 8.301151576534166e+16 8.137075317919736e+16 8.01754657900915e+16 7.819342340983597e+16 7.671322951513789e+16 7.591247015048856e+16 7.506216431625014e+16 7.415193725287507e+16 7.316677519766442e+16 7.20835130792889e+16 6.94394326360622e+16 6.765896846205564e+16 6.5054229556741544e+16
24750.003467398798 1.0164643932225509e+17 1.0012378243783608e+17 9.845181354525978e+16 9.659449546394082e+16 9.450377529624565e+16 9.210110389822266e+16 8.92745171855978e+16 8.764569574713171e+16 8.582957636312733e+16 8.377670037583246e+16 8.240403659815251e+16 8.141794737923738e+16 7.981427136409566e+16 7.86474165278708e+16 7.671496500359298e+16 7.527338137138392e+16 7.449384116619744e+16 7.366607328542485e+16 7.277989093282648e+16 7.18203785191518e+16 7.076451680065238e+16 6.818022692034332e+16 6.6429888263958296e+16 6.384538899273974e+16
24850.003481408494 9.969365917866787e+16 9.820517192974952e+16 9.657310722630898e+16 9.475727092654837e+16 9.271079068597354e+16 9.036074807091645e+16 8.7593030930117e+16 8.599736537603978e+16 8.421792996779163e+16 8.220748436562954e+16 8.086325713740318e+16 7.98984318061504e+16 7.832915932500478e+16 7.718776730004702e+16 7.52982772273673e+16 7.388916114267155e+16 7.31271881431312e+16 7.231795227780266e+16 7.145142170171251e+16 7.051280947268274e+16 6.9479328198812776e+16 6.694490722615428e+16 6.5220676817234104e+16 6.26523609490688e+16
24950.003495418197 9.986374143489733e+16 9.838426004731035e+16 9.67583258733735e+16 9.49513587278034e+16 9.291677069298398e+16 9.057868192473714e+16 8.782369662330392e+16 8.623402211223445e+16 8.446094081039325e+16 8.245602689887168e+16 8.111440128431051e+16 8.015075775778293e+16 7.858295835073115e+16 7.744190525530578e+16 7.555227818554278e+16 7.414256970641598e+16 7.338014401706675e+16 7.257056887840549e+16 7.170380920812636e+16 7.076539268442887e+16 6.973303465611356e+16 6.720941224397235e+16 6.550511975611581e+16 6.299946141058444e+16
25050.0035094278 9.895446455998669e+16 9.749622438420747e+16 9.589362260032766e+16 9.411506668457507e+16 9.210854904215202e+16 8.980667838250797e+16 8.709346799296459e+16 8.55282259408571e+16 8.378278568080182e+16 8.18102407663429e+16 8.049066867693768e+16 7.954341284864797e+16 7.800286326749259e+16 7.688198979160504e+16 7.502644896629187e+16 7.364270408973549e+16 7.289456772143547e+16 7.210020964495891e+16 7.124993281691328e+16 7.032957418673237e+16 6.931737879304036e+16 6.6845504142812456e+16 6.517993117810759e+16 6.2741200635376104e+16
25150.003523437495 9.74934387214859e+16 9.603342941870155e+16 9.442938470624387e+16 9.26444632649382e+16 9.063353656690307e+16 8.831884996673586e+16 8.55904779594541e+16 8.401738355015898e+16 8.22626593178962e+16 8.028053516699557e+16 7.895568659671302e+16 7.800481165285243e+16 7.645947821561982e+16 7.533647116645736e+16 7.347928588584982e+16 7.209583235990354e+16 7.134836753053808e+16 7.055510622621943e+16 6.970622084825834e+16 6.878741366250225e+16 6.777660066677316e+16 6.530140802594288e+16 6.362050063208921e+16 6.112143488996299e+16
25250.003537447195 9.699667730616186e+16 9.556578064905824e+16 9.400215891936101e+16 9.226263621648262e+16 9.030130097279222e+16 8.804507920884264e+16 8.538363394093192e+16 8.384864985198126e+16 8.213400545316251e+16 8.019377039229013e+16 7.889568945487277e+16 7.796314504759227e+16 7.644562598288758e+16 7.534158647857784e+16 7.35128293079661e+16 7.214870516203926e+16 7.1411006991841336e+16 7.062769263136654e+16 6.97891394457592e+16 6.8881284315987016e+16 6.7882668070477624e+16 6.544258275032632e+16 6.379605251977726e+16 6.137725260925243e+16
25350.003551456895 9.586840869616158e+16 9.447205785944443e+16 9.293304778422387e+16 9.122858735125976e+16 8.93032446132426e+16 8.709133969754939e+16 8.44836218611249e+16 8.298017396077789e+16 8.130161603356069e+16 7.940391625758387e+16 7.813433924633922e+16 7.722249299894717e+16 7.573928350512699e+16 7.466014482717032e+16 7.287298929471118e+16 7.154002072856169e+16 7.081920979277944e+16 7.005386088878123e+16 6.9234525125376424e+16 6.834758176065264e+16 6.7372033363937496e+16 6.498943289114009e+16 6.338391200242319e+16 6.103233219990722e+16
25450.003565466595 9.428628850568006e+16 9.290231280716046e+16 9.13805464374614e+16 8.968981093837158e+16 8.778805189402405e+16 8.560317068983027e+16 8.303133646597845e+16 8.155364621386592e+16 7.99068115646728e+16 7.804835103154386e+16 7.680821611002794e+16 7.591829902047795e+16 7.447296310866146e+16 7.342253830015334e+16 7.1685231807342296e+16 7.039031172433362e+16 6.969026937499893e+16 6.8946839510202696e+16 6.8150815768529704e+16 6.728868557328366e+16 6.633979732784045e+16 6.401735079078853e+16 6.244564730549607e+16 6.012766263570837e+16
25550.0035794763 9.342046622603755e+16 9.20622666280211e+16 9.05701607975486e+16 8.891205072039347e+16 8.7041710737612e+16 8.48950402030363e+16 8.236565028988886e+16 8.090912180098669e+16 7.928502122816501e+16 7.744896519704067e+16 7.622201250037797e+16 7.534135073134229e+16 7.390936663009816e+16 7.28676592049466e+16 7.1142985391024936e+16 6.985633622280702e+16 6.9160291508072664e+16 6.842087729948969e+16 6.7628836305687784e+16 6.677071503867441e+16 6.58259992034661e+16 6.351369398858006e+16 6.194971952448476e+16 5.964455622798876e+16
25650.003593485995 9.234566891421814e+16 9.101397346822176e+16 8.955279451590074e+16 8.793299144535496e+16 8.610975466963512e+16 8.401181260487917e+16 8.154431662647488e+16 8.012235661649904e+16 7.85366298108008e+16 7.674520940400477e+16 7.554803104939006e+16 7.468866754835829e+16 7.329121362402334e+16 7.227465516246107e+16 7.059102680147487e+16 6.9334146013730184e+16 6.865382138030916e+16 6.793076066138312e+16 6.71558606315569e+16 6.6315821821597e+16 6.53905141237613e+16 6.312473719602129e+16 6.159360152610101e+16 5.9344574116864616e+16
25750.003607495695 9.214224930149304e+16 9.082285658095048e+16 8.937006669536821e+16 8.775279715476637e+16 8.592922635015018e+16 8.383088768812826e+16 8.135601516465376e+16 7.992803002908274e+16 7.833346973373586e+16 7.652951285079723e+16 7.53232435738841e+16 7.445690982651475e+16 7.304751460588862e+16 7.202230025442142e+16 7.032498706831274e+16 6.905901258961476e+16 6.837440071085307e+16 6.764729624464356e+16 6.686887499589445e+16 6.6026061269727704e+16 6.509898596708159e+16 6.283563659279379e+16 6.131262022198213e+16 5.908759870960586e+16
25850.00362150539 8.991650645883285e+16 8.860723485690912e+16 8.716539601382378e+16 8.556745005464323e+16 8.376553957040648e+16 8.169904137460208e+16 7.926978788683109e+16 7.787346249170256e+16 7.632105996727064e+16 7.45715138892402e+16 7.340591531042954e+16 7.25709002120074e+16 7.121630848067856e+16 7.023312755103156e+16 6.8608756107949816e+16 6.739872635554302e+16 6.674446189490843e+16 6.604942166534014e+16 6.530488190686435e+16 6.449796406993293e+16 6.360902184993434e+16 6.142941935214175e+16 5.994994717945692e+16 5.775575080733501e+16
25950.003635515095 8.992527008958931e+16 8.862440514252126e+16 8.72037369078506e+16 8.561722879481032e+16 8.383289428897806e+16 8.178029716986912e+16 7.93637263563058e+16 7.79713543222069e+16 7.641954950683346e+16 7.466858343362482e+16 7.349916155205518e+16 7.26604064132644e+16 7.129758584620066e+16 7.030712040290988e+16 6.866882962582702e+16 6.744765708064171e+16 6.6787361866136696e+16 6.608612368527519e+16 6.533516975132551e+16 6.452181916757644e+16 6.3626711260224056e+16 6.143841345132581e+16 5.996180632421832e+16 5.779310771576721e+16
26050.003649524795 8.917444164612016e+16 8.791471677519376e+16 8.652420858945802e+16 8.498259941798472e+16 8.323759343177298e+16 8.122675171315064e+16 7.885293470360085e+16 7.74831115933975e+16 7.59536248653964e+16 7.422368785990005e+16 7.306668371345443e+16 7.22362499404186e+16 7.088561880974555e+16 6.99036491480947e+16 6.827801890113271e+16 6.706563160462651e+16 6.640994484182725e+16 6.571359906482892e+16 6.496780795602386e+16 6.4160187407393144e+16 6.327161711180759e+16 6.110142340739423e+16 5.964037145724764e+16 5.750373606652001e+16
26150.003663534495 8.77685660582269e+16 8.65555648599119e+16 8.522304801074302e+16 8.373485290623258e+16 8.204894009738336e+16 8.010065872029789e+16 7.77964408928477e+16 7.646436663644237e+16 7.49767774248979e+16 7.329358117023334e+16 7.216749568786603e+16 7.135870610586248e+16 7.004349477643119e+16 6.908618464457289e+16 6.75002849300697e+16 6.631582707184959e+16 6.567446945308389e+16 6.499262055506998e+16 6.426166978446515e+16 6.3469067400842216e+16 6.259585648679198e+16 6.045832855703679e+16 5.901530846768952e+16 5.6897758017061784e+16
26250.003677544195 8.329181951310509e+16 8.238156544103534e+16 8.136062802391144e+16 8.019952974894611e+16 7.88580595682467e+16 7.727940136670467e+16 7.53677103134063e+16 7.424392759220408e+16 7.297191511905072e+16 7.151293318462732e+16 7.052586999552147e+16 6.9811439553314296e+16 6.863876496476337e+16 6.777715126133525e+16 6.633431405884288e+16 6.524380348355192e+16 6.464880348397537e+16 6.4012846780813e+16 6.332735255505783e+16 6.258006567652211e+16 6.175226738574568e+16 5.9709663028818376e+16 5.832049015796542e+16 5.6271067949106216e+16
26350.003691553797 8.585409099877472e+16 8.468331724271858e+16 8.339166868888094e+16 8.194304460385386e+16 8.030173546877227e+16 7.840484466057546e+16 7.616008356651062e+16 7.486292098764234e+16 7.341515538038072e+16 7.1778251791367064e+16 7.06844058149205e+16 6.989946786111745e+16 6.8623757544250664e+16 6.769643625650478e+16 6.6162180278547704e+16 6.501791232969251e+16 6.439886809172665e+16 6.37411544858152e+16 6.303638554635008e+16 6.227261407229274e+16 6.143154934841531e+16 5.9374145067011896e+16 5.79865453815421e+16 5.595382735757632e+16
26450.003705563493 8.496714253823018e+16 8.376683066898101e+16 8.245009197048371e+16 8.098691953666251e+16 7.933811383408198e+16 7.74429848958415e+16 7.521524509857659e+16 7.393494434428866e+16 7.251006996706626e+16 7.090499369412839e+16 6.983485136103774e+16 6.906863689606994e+16 6.782453411074525e+16 6.692159722090924e+16 6.542918700035259e+16 6.431662580769619e+16 6.371481726983339e+16 6.307540117316223e+16 6.239012840298266e+16 6.1647327848505224e+16 6.082911699132987e+16 5.882646905669521e+16 5.747513379715556e+16 5.549515778051259e+16
26550.003719573197 8.425858126612722e+16 8.306183212532717e+16 8.175165321881802e+16 8.029250359712563e+16 7.864885789601664e+16 7.676176341605886e+16 7.454120376149414e+16 7.32644735476913e+16 7.1843480357081496e+16 7.024204867252108e+16 6.917393520460721e+16 6.840884958657832e+16 6.716724562485514e+16 6.6265783044061896e+16 6.4776172193260296e+16 6.366620565829282e+16 6.306589683446675e+16 6.242811957602409e+16 6.1744829939803656e+16 6.100428153483894e+16 6.018860533200727e+16 5.819233032550032e+16 5.6844445728406136e+16 5.48650377109195e+16
26650.003733582893 8.288734399306205e+16 8.172868508701307e+16 8.045329217937333e+16 7.90409648339638e+16 7.744625834932022e+16 7.561374410478821e+16 7.345779612467448e+16 7.221713089709411e+16 7.083559411878028e+16 6.927853790180303e+16 6.823995188077768e+16 6.749548713942143e+16 6.628675553151318e+16 6.5409078866336824e+16 6.39573443650844e+16 6.2874664183522696e+16 6.228870869947948e+16 6.1665857377545736e+16 6.099812315314076e+16 6.027391979586467e+16 5.9475679368224776e+16 5.7519121934816456e+16 5.619544837439049e+16 5.4247036318981704e+16
26750.003747592596 8.25725136560834e+16 8.144492524314442e+16 8.020392996392405e+16 7.883188545326811e+16 7.727463626588995e+16 7.548806175879318e+16 7.337938046038189e+16 7.216255055155646e+16 7.0805452300130664e+16 6.927103577749122e+16 6.824612838309408e+16 6.7510499153683016e+16 6.631388597493986e+16 6.5443360101708984e+16 6.400088623381407e+16 6.2922887213175224e+16 6.233873944507694e+16 6.171736842213909e+16 6.105075637683374e+16 6.032746860784697e+16 5.953015265525895e+16 5.7578664937081064e+16 5.626457876015423e+16 5.434857159172966e+16
26850.003761602296 8.230803136424917e+16 8.116467946177056e+16 7.990815951080766e+16 7.851258209668944e+16 7.693587555359701e+16 7.512048001283352e+16 7.297707005861214e+16 7.174132467878842e+16 7.036349813603182e+16 6.88071292795495e+16 6.77683343471583e+16 6.702332648690589e+16 6.58130406104183e+16 6.493380980927054e+16 6.347987452372816e+16 6.239588650350356e+16 6.1809579186961496e+16 6.1186751416034104e+16 6.0519513654525016e+16 5.979656526785744e+16 5.900076944115528e+16 5.705700226231132e+16 5.575023443399086e+16 5.38453326621203e+16
26950.003775611993 8.148172433908131e+16 8.033305955550242e+16 7.90680800769181e+16 7.766560116635224e+16 7.608598542948053e+16 7.42681444270091e+16 7.21308631461774e+16 7.090004389608065e+16 6.953023189846731e+16 6.798616631856448e+16 6.695652935347851e+16 6.6218756592293944e+16 6.5021558504615464e+16 6.41528318038237e+16 6.271740792506218e+16 6.164814088888504e+16 6.107000922574452e+16 6.0455898735502344e+16 5.979804471152014e+16 5.908527503889403e+16 5.830056973766814e+16 5.638245175315287e+16 5.509049117895211e+16 5.319960010740314e+16
27050.003789621696 8.06974472181649e+16 7.956621418507366e+16 7.832298378210958e+16 7.694393448588085e+16 7.538930152055512e+16 7.360377174988189e+16 7.150326042622454e+16 7.0293908497145864e+16 6.894797032436962e+16 6.7431671476628584e+16 6.642037451948778e+16 6.569592908905818e+16 6.452002140041571e+16 6.36665859335945e+16 6.225605373197404e+16 6.120521297030127e+16 6.063687867913639e+16 6.0033207113898024e+16 5.9386447569073544e+16 5.8685668890359224e+16 5.7914172477234136e+16 5.6029132020891016e+16 5.476132932067877e+16 5.291242886098666e+16
27150.003803631393 7.98187553786758e+16 7.87053668949673e+16 7.747467908161618e+16 7.611435510310149e+16 7.457687751135947e+16 7.281383117661526e+16 7.074149609118336e+16 6.955038091346318e+16 6.8225426788727944e+16 6.6733796758580776e+16 6.573946688945662e+16 6.502741867550271e+16 6.387198231114681e+16 6.303384289041403e+16 6.164910228315536e+16 6.06175187980772e+16 6.005967391570049e+16 5.946695078938274e+16 5.883187472302222e+16 5.814356602115918e+16 5.7385564513436136e+16 5.5532470752482904e+16 5.428538228299547e+16 5.246585566081809e+16
27250.003817641096 7.903914805597742e+16 7.793834648275787e+16 7.672250178751277e+16 7.537799343751088e+16 7.386311443756886e+16 7.212308807316085e+16 7.0078539069642504e+16 6.890367218682203e+16 6.7596966758952824e+16 6.612547594366431e+16 6.5145271531911224e+16 6.4443351850991624e+16 6.330498142197384e+16 6.247891386820367e+16 6.111489453339732e+16 6.009869795223884e+16 5.95490805425526e+16 5.8965303926888264e+16 5.8339754106753896e+16 5.7661868206433384e+16 5.69153716117102e+16 5.509088306491557e+16 5.38639179223635e+16 5.207645004350658e+16
27350.003831650796 7.827540640929646e+16 7.718903846886784e+16 7.598437261284947e+16 7.465309220275714e+16 7.315360636448237e+16 7.14309189584968e+16 6.940619773589519e+16 6.824135795061796e+16 6.69459894924421e+16 6.548650578718137e+16 6.451384269763994e+16 6.381698825837491e+16 6.268705513253141e+16 6.186695856368161e+16 6.051222327103293e+16 5.950260046035088e+16 5.895649926023303e+16 5.83761719275045e+16 5.77542818461961e+16 5.7080119605841576e+16 5.633746923597233e+16 5.452100500823993e+16 5.32974154674404e+16 5.150871114026502e+16
27450.003845660493 7.761655205899475e+16 7.654746785526976e+16 7.537696381692086e+16 7.407462376119952e+16 7.260214100313574e+16 7.090672726646162e+16 6.891160246810305e+16 6.7762692621784984e+16 6.6482950032775224e+16 6.5040555539899336e+16 6.407877442078927e+16 6.338993220227515e+16 6.227208513679305e+16 6.146076839682363e+16 6.012026910537118e+16 5.912137868788441e+16 5.858115934088323e+16 5.800717819959853e+16 5.739208854493016e+16 5.672546634959422e+16 5.599138030012843e+16 5.419762462541125e+16 5.299199629771812e+16 5.1236844082311416e+16
27550.003859670094 7.598331325745096e+16 7.499021753266187e+16 7.389554877486006e+16 7.266689897955506e+16 7.128396304229375e+16 6.969014469588357e+16 6.780827881109224e+16 6.672275109895796e+16 6.551149106540099e+16 6.414400448506544e+16 6.3230875345175944e+16 6.2576335198619816e+16 6.151232678185404e+16 6.073865125360139e+16 5.945728667951492e+16 5.849924561704941e+16 5.7979781574211864e+16 5.742681716476023e+16 5.6833150528642376e+16 5.6188420316257064e+16 5.547696761406756e+16 5.3733368001836504e+16 5.255863895258799e+16 5.084744937210133e+16
27650.003873679794 7.553133530976646e+16 7.452977734775866e+16 7.341844225518758e+16 7.218211573162189e+16 7.078659195862023e+16 6.917506871089328e+16 6.727520813629924e+16 6.618015905719136e+16 6.496030017815632e+16 6.358498652093633e+16 6.266737048090923e+16 6.200993056296532e+16 6.094309181930045e+16 6.016823252009214e+16 5.8886860435470936e+16 5.7931065272001496e+16 5.741364085478214e+16 5.686351641599941e+16 5.6273432345653096e+16 5.563338233657849e+16 5.4927868519343064e+16 5.320114455011712e+16 5.2038451122132984e+16 5.034334475997558e+16
27750.003887689494 7.512846309837208e+16 7.40902531482144e+16 7.295572551129942e+16 7.168979193332966e+16 7.026221049569095e+16 6.862658475260192e+16 6.670389530701091e+16 6.560092944742039e+16 6.437302917168402e+16 6.299259361383257e+16 6.207452285058717e+16 6.141733114762473e+16 6.035281298309144e+16 5.9581125055795864e+16 5.830731931435782e+16 5.735879032981459e+16 5.684584364782962e+16 5.630070758576334e+16 5.5716449048463576e+16 5.508293781916011e+16 5.438496703721499e+16 5.26772217084752e+16 5.15269167424658e+16 4.984693528920941e+16
27850.003901699198 7.447642003141837e+16 7.3442623149837e+16 7.231530020920904e+16 7.105904999888258e+16 6.964642130501948e+16 6.802674319951189e+16 6.612447870354421e+16 6.503163735687048e+16 6.3818532926572104e+16 6.2455445914167144e+16 6.1548550353378984e+16 6.0899998742932296e+16 5.9849296079946744e+16 5.9087965243790936e+16 5.78314873844101e+16 5.689607095114023e+16 5.639015471693725e+16 5.585264406386459e+16 5.5276564592274984e+16 5.4651945496487416e+16 5.396385104038017e+16 5.2280768015355224e+16 5.114803745789937e+16 4.949669255581936e+16
27950.003915708894 7.391212801702994e+16 7.289775121524275e+16 7.1778681030796936e+16 7.053469798127081e+16 6.913417558658168e+16 6.7530384681454024e+16 6.564619370600956e+16 6.4563894442969224e+16 6.33608898515332e+16 6.200831694931803e+16 6.110809560188217e+16 6.046394439238399e+16 5.942036496474553e+16 5.866414346210479e+16 5.741622660904266e+16 5.648714895019611e+16 5.598486948266304e+16 5.545122003398331e+16 5.487941019593475e+16 5.425957444259877e+16 5.357699215816876e+16 5.1908968688904824e+16 5.078833756656871e+16 4.915912015607051e+16
28050.003929718594 7.314777606463518e+16 7.213071982173074e+16 7.102783828893753e+16 6.980516487916685e+16 6.842161310302961e+16 6.6836641764308456e+16 6.49765645456833e+16 6.39074222471969e+16 6.272113145022854e+16 6.138755990266246e+16 6.050006969806945e+16 5.9865641872376184e+16 5.883784810933251e+16 5.809302995373189e+16 5.6864141499098584e+16 5.5949200318400136e+16 5.545457801020186e+16 5.492888906895885e+16 5.436555428592546e+16 5.375481613089644e+16 5.3082066462674664e+16 5.1437255599890616e+16 5.033133513131711e+16 4.872188048981292e+16
28150.003943728298 7.247956398756043e+16 7.148356887004895e+16 7.0389451224179016e+16 6.9171267655379416e+16 6.780597462292409e+16 6.623806374480803e+16 6.439770548598538e+16 6.334009165041498e+16 6.216562467374575e+16 6.084520730038697e+16 5.996687463934227e+16 5.933855112848897e+16 5.8320375245272024e+16 5.758284458607131e+16 5.636562172190636e+16 5.5459500380838344e+16 5.496946514401921e+16 5.444867994178334e+16 5.3890549277391224e+16 5.328537607629792e+16 5.2618672654938456e+16 5.0988278568349416e+16 4.989162715157854e+16 4.8294387459530216e+16
28250.003957737994 7.17386962663859e+16 7.0751712737352216e+16 6.967033003332688e+16 6.846785559906916e+16 6.71205235248395e+16 6.557621802354643e+16 6.375943998756232e+16 6.2717283949220696e+16 6.15596134054978e+16 6.025876025478659e+16 5.939426012118317e+16 5.877559484530344e+16 5.777428315952484e+16 5.704875370877311e+16 5.585180217697877e+16 5.496083939650076e+16 5.44790382730362e+16 5.396702273758379e+16 5.341820417002237e+16 5.2823127725335304e+16 5.216745756301027e+16 5.056395281073802e+16 4.948548766708395e+16 4.791566024062272e+16
28350.003971747698 7.115229073172915e+16 7.017845573058691e+16 6.9113583428199304e+16 6.793554030761546e+16 6.660399330158607e+16 6.507542155339181e+16 6.3280078493669896e+16 6.224901461892463e+16 6.110473305985105e+16 5.981791377192258e+16 5.896190690469202e+16 5.834963045534527e+16 5.735797689034551e+16 5.663948385165774e+16 5.545382279744494e+16 5.457091872859622e+16 5.409341619915223e+16 5.358600651401612e+16 5.3042065184895816e+16 5.2452317944669384e+16 5.180259001141729e+16 5.021407606211006e+16 4.914668841082806e+16 4.759605088416476e+16
28450.003985757394 7.018273796374838e+16 6.9227327739485944e+16 6.818249663990992e+16 6.701779657663512e+16 6.570687611123508e+16 6.4204346722877256e+16 6.244321864916621e+16 6.143395048697783e+16 6.031352535455208e+16 5.905566657007587e+16 5.8219562614901416e+16 5.762214855204069e+16 5.665543468602826e+16 5.5955188601040984e+16 5.4800023871682584e+16 5.393997104695189e+16 5.3474726290355304e+16 5.298029423812739e+16 5.245016564648464e+16 5.187508348981428e+16 5.124122134485371e+16 4.968984381245196e+16 4.864554172192741e+16 4.7124803867844424e+16
28550.003999767094 6.965539202132214e+16 6.87104955943979e+16 6.767450542043509e+16 6.652363786859101e+16 6.5227137309905e+16 6.373297045839879e+16 6.198473155179321e+16 6.097988508973228e+16 5.986540178820981e+16 5.861388346687664e+16 5.778218567627403e+16 5.718718722669293e+16 5.62244530790789e+16 5.552721357723269e+16 5.43771694528137e+16 5.35211129179135e+16 5.305803742300101e+16 5.2566024578429e+16 5.203843993279689e+16 5.146635082768591e+16 5.0835881140823544e+16 4.9293538030255624e+16 4.825602231349228e+16 4.674610038834551e+16
28650.004013776797 6.873820835161005e+16 6.783982062316229e+16 6.68466381544328e+16 6.574326134416764e+16 6.449247811870568e+16 6.304989377367558e+16 6.1349624745536296e+16 6.037028589827743e+16 5.928017459661618e+16 5.805534802784959e+16 5.723957723610037e+16 5.66560865766284e+16 5.571072008052509e+16 5.502547614165486e+16 5.3894327585463224e+16 5.305139499332562e+16 5.259530509726879e+16 5.211041993944669e+16 5.1590386477121384e+16 5.102616475246612e+16 5.0404192925858296e+16 4.888196485476401e+16 4.785762998355751e+16 4.636672365492805e+16
28750.004027786395 6.7264906178182216e+16 6.642153814037617e+16 6.55046561765353e+16 6.447496158025944e+16 6.3313156327197864e+16 6.196797624350278e+16 6.03764477966338e+16 5.9458256709479256e+16 5.843644631137196e+16 5.72827584294976e+16 5.65129291326498e+16 5.5961117230395624e+16 5.506456224049653e+16 5.441291480317599e+16 5.333204144580114e+16 5.25226048935237e+16 5.208302099665445e+16 5.161442301433528e+16 5.111055188682873e+16 5.056245016071612e+16 4.9956710661746104e+16 4.8468701436319816e+16 4.746413888751638e+16 4.599954222914764e+16
28850.004041796095 6.754869562878679e+16 6.665568110793839e+16 6.56604630376289e+16 6.4561299560376616e+16 6.33208188703444e+16 6.189454167519317e+16 6.0214808480955736e+16 5.925368064944062e+16 5.8185228023255544e+16 5.698483686809584e+16 5.6187895403118936e+16 5.561808789842644e+16 5.469685862785805e+16 5.4029290251259624e+16 5.292849213124117e+16 5.210892237334596e+16 5.16656122275905e+16 5.119426318027003e+16 5.068885554463666e+16 5.0140536691869096e+16 4.953606834311018e+16 4.805631359869691e+16 4.7060273584604344e+16 4.561031853887981e+16
28950.00405580579 6.705951612801979e+16 6.616460936277446e+16 6.516948381923276e+16 6.406838718444347e+16 6.2823188451713016e+16 6.140145412269989e+16 5.973122391864812e+16 5.877446003652306e+16 5.771301168696447e+16 5.65215759395095e+16 5.573079364118003e+16 5.516567986511522e+16 5.4251000963183736e+16 5.358895544802571e+16 5.249739441083279e+16 5.168490193933221e+16 5.124538790148481e+16 5.0778259295752584e+16 5.027731125554711e+16 4.973388378043432e+16 4.913482944142442e+16 4.76687607680027e+16 4.6682270551318664e+16 4.524683844990975e+16
29050.004069815495 6.64130327391468e+16 6.551628656001212e+16 6.452756402844368e+16 6.3438585933307864e+16 6.221118623850394e+16 6.080298313904012e+16 5.915466923081771e+16 5.8209614683508136e+16 5.716052251966382e+16 5.598446368007145e+16 5.520414963752567e+16 5.464580071252498e+16 5.374450723716501e+16 5.309145426149724e+16 5.201508448894859e+16 5.121401166763686e+16 5.078057831960841e+16 5.031977100436734e+16 4.982559131686071e+16 4.928948037566771e+16 4.8698392060812184e+16 4.72511409068304e+16 4.62766653222138e+16 4.4857616524668904e+16
29150.004083825195 6.5785251795922776e+16 6.491312018661912e+16 6.393449659941011e+16 6.2860818656324024e+16 6.164969490135145e+16 6.0261005976071384e+16 5.863445923506605e+16 5.770125667525988e+16 5.666716551179578e+16 5.5507116818191064e+16 5.4736544390417144e+16 5.418712576561147e+16 5.32970173647706e+16 5.265244449850083e+16 5.159030405740823e+16 5.0799333418260184e+16 5.0371408267651496e+16 4.9916395388260664e+16 4.942842383436059e+16 4.88988135509121e+16 4.831495871266861e+16 4.688534944376958e+16 4.5923108568553976e+16 4.452307980642028e+16
29250.004097834895 6.487770920763321e+16 6.3999522645840984e+16 6.3044084058547976e+16 6.197879535131467e+16 6.078350630290023e+16 5.941443680824271e+16 5.781388293833476e+16 5.689980187233425e+16 5.5887354697048984e+16 5.475270179120733e+16 5.400088482621757e+16 5.34642136936885e+16 5.259680248569251e+16 5.196999767370318e+16 5.0936399601024856e+16 5.016694125265849e+16 4.9750681919597304e+16 4.930800732665172e+16 4.883314238625179e+16 4.831758465740957e+16 4.774890304842663e+16 4.63544094800262e+16 4.541328554918061e+16 4.403840512400875e+16
29350.004111844595 6.4557852657368856e+16 6.368080949709929e+16 6.273374654892606e+16 6.167305843836734e+16 6.048428231241276e+16 5.912288907925088e+16 5.7525618661659656e+16 5.661076105178594e+16 5.559901356261576e+16 5.446470468618183e+16 5.37123528954108e+16 5.317535169273905e+16 5.2307440636858424e+16 5.167970411490366e+16 5.064500079338033e+16 4.987511067305647e+16 4.94587775835371e+16 4.901614209333632e+16 4.854152868738642e+16 4.802650765927485e+16 4.745869083223279e+16 4.606845455066826e+16 4.51324547398988e+16 4.376973554907839e+16
29450.00412585429 6.381676685632175e+16 6.2958908667191336e+16 6.2008171987835096e+16 6.097246333766315e+16 5.979829241458556e+16 5.84536916415481e+16 5.688432679958094e+16 5.598410830061209e+16 5.4987575746557704e+16 5.3873096027028456e+16 5.313394731037637e+16 5.260648178958832e+16 5.175409985115917e+16 5.1137675016087624e+16 5.012147590428504e+16 4.93653368569601e+16 4.8956159036824616e+16 4.852112297157556e+16 4.8054467465614216e+16 4.754796577840328e+16 4.6989262281474616e+16 4.562005392716606e+16 4.469679647172098e+16 4.334972691000519e+16
29550.004139863995 6.333912803481711e+16 6.249901130026222e+16 6.156325157761868e+16 6.05313341345554e+16 5.936856637881209e+16 5.803479489457557e+16 5.647460827694947e+16 5.558343252995284e+16 5.459385018358843e+16 5.348537307941747e+16 5.275181972651701e+16 5.222757903145866e+16 5.138053519204195e+16 5.076818332786176e+16 4.975898520289214e+16 4.900800821973154e+16 4.860183974934683e+16 4.8169886577957784e+16 4.770658076384489e+16 4.7203800227339096e+16 4.664932223108318e+16 4.529100406344345e+16 4.437582773184007e+16 4.304195169306406e+16
29650.004153873695 6.2761305061155336e+16 6.1929398088099224e+16 6.100408554697433e+16 5.998408618499285e+16 5.883363331889733e+16 5.751609441545619e+16 5.597129633096833e+16 5.508667389654663e+16 5.4108747666231496e+16 5.301395017008222e+16 5.228806056075263e+16 5.177030341583756e+16 5.093273419190109e+16 5.032772925420253e+16 4.933050153678441e+16 4.85883766290152e+16 4.818699628291927e+16 4.776021710856554e+16 4.730247159536955e+16 4.680565379552423e+16 4.6257727498991736e+16 4.491557043249697e+16 4.4011267064369144e+16 4.269329962640422e+16
29750.004167883395 6.217105080592134e+16 6.134358032735699e+16 6.0432797066139736e+16 5.9419731833814136e+16 5.8284590701130904e+16 5.69841783144284e+16 5.5463500726804536e+16 5.45923908347328e+16 5.362646127799522e+16 5.25470373493999e+16 5.183150780443858e+16 5.1320928767733336e+16 5.049529319618822e+16 4.9898466563318216e+16 4.891491088448916e+16 4.818300274506195e+16 4.778700460838464e+16 4.736585732208801e+16 4.691396874169556e+16 4.6423542736066056e+16 4.588250194899858e+16 4.455670375888373e+16 4.366311985171942e+16 4.236068309149412e+16
29850.004181893095 6.162137980710163e+16 6.079709234668299e+16 5.9893538679521624e+16 5.889096930608174e+16 5.776654585006885e+16 5.647982587308802e+16 5.4972792249356376e+16 5.411062273897636e+16 5.315468821812117e+16 5.208563692855583e+16 5.137786720572683e+16 5.087255696464047e+16 5.00560788744191e+16 4.9465968889426024e+16 4.849391009392948e+16 4.777036513382174e+16 4.737895194486548e+16 4.696267998611391e+16 4.6516058252544936e+16 4.60312310740824e+16 4.549651510381362e+16 4.418609851506063e+16 4.3302833513851096e+16 4.2015191832918024e+16
29950.0041959028 6.090255653578754e+16 6.008846885114504e+16 5.919798619292881e+16 5.820951441454341e+16 5.710159795895922e+16 5.583320008832841e+16 5.435047296273402e+16 5.350202902269313e+16 5.256333379791215e+16 5.1514414728239976e+16 5.082005156102312e+16 5.0324783302092056e+16 4.952470020753407e+16 4.8946756806037816e+16 4.79944121569851e+16 4.7285610963736296e+16 4.690199312251821e+16 4.649407142169965e+16 4.605627824758003e+16 4.558098865259556e+16 4.505651862412727e+16 4.377029997778848e+16 4.2902287554098184e+16 4.163488962481514e+16
30050.004209912393 6.0346915974597976e+16 5.954342652471369e+16 5.866595936663367e+16 5.769784274740812e+16 5.659402864463622e+16 5.533796178140096e+16 5.386936391592637e+16 5.303006259476764e+16 5.210158973812438e+16 5.106378498942282e+16 5.037602475741684e+16 4.988616882558998e+16 4.909506585520449e+16 4.8523455004593624e+16 4.758156470531906e+16 4.6880838362193224e+16 4.650146559135437e+16 4.609819516928984e+16 4.5665370933195224e+16 4.5195378887535336e+16 4.4676737786560744e+16 4.340462564540749e+16 4.2545856119201304e+16 4.129116698737244e+16
30150.004223922097 5.991379170400452e+16 5.911472456499637e+16 5.824442100220407e+16 5.727803589472505e+16 5.619415765827702e+16 5.49516953877713e+16 5.34985564665778e+16 5.266747068341059e+16 5.1746736005767e+16 5.071668402491411e+16 5.003510083912758e+16 4.954824619614686e+16 4.876313320939253e+16 4.819506561686277e+16 4.725965862124659e+16 4.656306189098456e+16 4.618617847038538e+16 4.578532029081103e+16 4.53550704773121e+16 4.488790245310842e+16 4.437241641560857e+16 4.310854002287617e+16 4.225615128573524e+16 4.101292316886281e+16
30250.004237931793 5.924686715516662e+16 5.847601746066906e+16 5.762910430924811e+16 5.6681284942787e+16 5.561026161954349e+16 5.438589702393567e+16 5.295215101856426e+16 5.213318937810733e+16 5.122775184752286e+16 5.021308191229619e+16 4.954211609462156e+16 4.90629929636244e+16 4.828978655630942e+16 4.773107220667033e+16 4.68105335939575e+16 4.612519940703677e+16 4.5754270248640424e+16 4.535972347689131e+16 4.493624526047931e+16 4.447640025123423e+16 4.396890249489488e+16 4.272414776017906e+16 4.188399924646333e+16 4.065726449695412e+16
30350.004251941496 5.776273346196796e+16 5.70645742590389e+16 5.630382953825857e+16 5.545066000179827e+16 5.4481957374567576e+16 5.336235806588056e+16 5.204439595429448e+16 5.128656457736092e+16 5.044540528230614e+16 4.9499545791208824e+16 4.887054761733747e+16 4.842030759920429e+16 4.769055117299261e+16 4.7160851474167e+16 4.6283751511897384e+16 4.5626797315836744e+16 4.52698534503624e+16 4.488910381694825e+16 4.4479367417022856e+16 4.403312737507161e+16 4.35393203443513e+16 4.232281661512931e+16 4.14981994841777e+16 4.028993805993639e+16
30450.004265951196 5.774644117077126e+16 5.704100811599075e+16 5.626001326462438e+16 5.538975782701416e+16 5.4393290497922424e+16 5.3244406800806504e+16 5.188973155989672e+16 5.1111533956470424e+16 5.0247573563989176e+16 4.927661794781158e+16 4.863261472403356e+16 4.817190779448286e+16 4.742670546895194e+16 4.688658066378792e+16 4.599420261009916e+16 4.5328463071184536e+16 4.496747856418662e+16 4.458315783435773e+16 4.417014680745022e+16 4.372128002634425e+16 4.3225518010598344e+16 4.200795000849792e+16 4.1185087387403704e+16 3.998175934462688e+16
30550.004279960893 5.7653500534300456e+16 5.690630102855992e+16 5.607551484062786e+16 5.515720897500313e+16 5.411903532261662e+16 5.293285633248798e+16 5.154408642567016e+16 5.075259897304024e+16 4.987663516039085e+16 4.889691602209546e+16 4.8248828840541576e+16 4.7786650741060456e+16 4.704068658770954e+16 4.650185567081146e+16 4.561416462174776e+16 4.495332321355005e+16 4.4595801697596616e+16 4.421525308512805e+16 4.3806758754474104e+16 4.3363057215982936e+16 4.287328901075527e+16 4.167109011035673e+16 4.085890269526363e+16 3.967146967517241e+16
30650.004293970596 5.704572541210278e+16 5.630030958746473e+16 5.547041800766507e+16 5.455863842525147e+16 5.353789508512386e+16 5.2368784455151544e+16 5.100234977399385e+16 5.022237333220177e+16 4.936080615490078e+16 4.839818360510601e+16 4.776182409542835e+16 4.730818257887041e+16 4.6576311921880664e+16 4.604734140318629e+16 4.51761788395621e+16 4.452746058453563e+16 4.417618272855162e+16 4.3802513885790776e+16 4.34011797713189e+16 4.296512238255973e+16 4.248355247643803e+16 4.130061174334557e+16 4.050055792503107e+16 3.932929236252526e+16
30750.004307980293 5.671806008720734e+16 5.597553085692857e+16 5.516040864670899e+16 5.4261510700322664e+16 5.323916948105932e+16 5.207052197474496e+16 5.07057445808317e+16 4.992549436629771e+16 4.906620641339954e+16 4.810544661337068e+16 4.7469181764632744e+16 4.701617814234076e+16 4.628503865110972e+16 4.5756971868227544e+16 4.488689748128936e+16 4.4239256842521464e+16 4.388856872157115e+16 4.351556650500181e+16 4.311522959203494e+16 4.268029352616772e+16 4.220017437239639e+16 4.102189485660583e+16 4.022607274228073e+16 3.906298297067313e+16
30850.004321989993 5.600424312193193e+16 5.5262865758272856e+16 5.446228271558361e+16 5.356783633680643e+16 5.256086585230768e+16 5.141146558470294e+16 5.007018626852609e+16 4.930612487436914e+16 4.846180594334359e+16 4.751979803544846e+16 4.6898154885552856e+16 4.645538949346972e+16 4.574097107444409e+16 4.522496943349602e+16 4.437557656726233e+16 4.374348817660516e+16 4.340124286193168e+16 4.30370299418968e+16 4.264601736931982e+16 4.222112652680396e+16 4.175188079933718e+16 4.059912286270149e+16 3.9818909648644376e+16 3.867494765825187e+16
30950.004335999696 5.554530600203461e+16 5.481202597718659e+16 5.401347277986267e+16 5.312943928853225e+16 5.213115437521513e+16 5.09924222841448e+16 4.966860950045092e+16 4.891037173125009e+16 4.8075428662733624e+16 4.714381746526284e+16 4.65277211309663e+16 4.608928879110817e+16 4.5381256777882616e+16 4.4870129492298e+16 4.402853115567837e+16 4.340202567321036e+16 4.306290113529546e+16 4.270194695758747e+16 4.231428135931752e+16 4.189305215976456e+16 4.142776932840989e+16 4.0284505855129656e+16 3.9510624885922856e+16 3.837602619550825e+16
31050.004350009393 5.51759765546783e+16 5.445074065365457e+16 5.365769638192856e+16 5.279533385709616e+16 5.180500584745969e+16 5.068018443744461e+16 4.936531367669434e+16 4.8613936116119544e+16 4.778396019689276e+16 4.685712819167384e+16 4.624513880421569e+16 4.580946101437866e+16 4.510531259630518e+16 4.459653702216792e+16 4.375889099649602e+16 4.31351807080931e+16 4.2797421968580216e+16 4.243799564837015e+16 4.205204579939605e+16 4.163270154908218e+16 4.116948667259465e+16 4.003202793064514e+16 3.926305281322229e+16 3.813799947401269e+16
31150.004364019096 5.41574678036546e+16 5.3458519727261224e+16 5.26884970385089e+16 5.184575027926477e+16 5.089242046683714e+16 4.980305145727366e+16 4.853120040326399e+16 4.780760507029538e+16 4.700972566984786e+16 4.611873598716928e+16 4.5531006148564344e+16 4.511202490344667e+16 4.443668523226874e+16 4.394892653605902e+16 4.314454347831292e+16 4.2545319027463736e+16 4.222027003519923e+16 4.1874292886151336e+16 4.15024032767693e+16 4.1097840934167976e+16 4.065044095855343e+16 3.954860486051707e+16 3.880055851081488e+16 3.770037623624383e+16
31250.00437802869 5.412674406251125e+16 5.342105996919167e+16 5.2653561318313864e+16 5.179103831732754e+16 5.082945856020368e+16 4.972838265087536e+16 4.844164052908677e+16 4.770935850046739e+16 4.690103603960642e+16 4.599797231421694e+16 4.540232390828683e+16 4.497812622700562e+16 4.429381985471934e+16 4.37992480019547e+16 4.298508732170446e+16 4.237871525998296e+16 4.20504512574672e+16 4.170088838320238e+16 4.132550587425674e+16 4.091756705951015e+16 4.046685384444164e+16 3.935926595336121e+16 3.860958196864346e+16 3.751089924887159e+16
31350.004392038394 5.365569406476236e+16 5.294831597952162e+16 5.218769370095293e+16 5.133621236509416e+16 5.038330110340382e+16 4.928864071611372e+16 4.801283877346589e+16 4.7286844805134984e+16 4.648629579380472e+16 4.559023646498713e+16 4.499983904044298e+16 4.457905207593633e+16 4.39008290268583e+16 4.34114482232285e+16 4.260494624433246e+16 4.200451253201676e+16 4.1679576580868504e+16 4.133365967741441e+16 4.096219175243111e+16 4.055838311264528e+16 4.011236345923564e+16 3.9016184280941e+16 3.82738845088249e+16 3.718473818545834e+16
31450.004406048094 5.322680498495301e+16 5.2531018915972664e+16 5.176916628407209e+16 5.092916224538386e+16 4.998398733953252e+16 4.890615537120542e+16 4.764806273860279e+16 4.693041807782672e+16 4.6136578540744584e+16 4.525180325730273e+16 4.466727374086929e+16 4.425136640926598e+16 4.3580295863154136e+16 4.3095663435677544e+16 4.2297616960161064e+16 4.170336587863292e+16 4.138151367844021e+16 4.103883381772239e+16 4.06708207097073e+16 4.027091329129441e+16 3.9828998652914984e+16 3.874298362782656e+16 3.800787706240273e+16 3.693030722474391e+16
31550.004420057794 5.251553903528542e+16 5.184316890238939e+16 5.109334401728594e+16 5.027448933925182e+16 4.934456631081181e+16 4.82853850311076e+16 4.7053745926694264e+16 4.635132120855421e+16 4.5577033802725064e+16 4.471417019901661e+16 4.414410514973161e+16 4.373820544605893e+16 4.308409201359008e+16 4.261176412165547e+16 4.183372948667314e+16 4.125414968868051e+16 4.094020106798145e+16 4.060583734993177e+16 4.024660379583872e+16 3.98558141107053e+16 3.942388717957251e+16 3.836073610579893e+16 3.763943029158739e+16 3.657919378576998e+16
31650.004434067494 5.2209546554125704e+16 5.152363899268665e+16 5.077522602585048e+16 4.9954645829221176e+16 4.902535086548159e+16 4.796736813524097e+16 4.67338826675148e+16 4.603129529052669e+16 4.5257443938511656e+16 4.439548984764756e+16 4.382716640390375e+16 4.3422469522685896e+16 4.2770703633184376e+16 4.230045604552785e+16 4.152652133130707e+16 4.095045125602302e+16 4.0638537457767544e+16 4.030637629153676e+16 3.994968155200115e+16 3.956195765389308e+16 3.913354384142605e+16 3.807999647369715e+16 3.7365911850534024e+16 3.6316919733760856e+16
31750.004448077198 5.172331544717435e+16 5.1048026130934936e+16 5.03134284521142e+16 4.950352446162147e+16 4.859339328247718e+16 4.755080589781384e+16 4.63353007656546e+16 4.56447643140063e+16 4.488146365557441e+16 4.403231159413651e+16 4.347133542929655e+16 4.307219914469881e+16 4.242841530001585e+16 4.196348135970221e+16 4.119792829606081e+16 4.0627755586448856e+16 4.031890223137362e+16 3.998999588374253e+16 3.963657792030168e+16 3.925238925018227e+16 3.882765952935201e+16 3.778255000452574e+16 3.707373826236234e+16 3.6032040783170184e+16
31850.004462086894 5.131510796662927e+16 5.064004421981911e+16 4.991976749207233e+16 4.9107555966831896e+16 4.820297239026729e+16 4.716069101545973e+16 4.595427951455997e+16 4.52662786071315e+16 4.450882525886169e+16 4.366420218303361e+16 4.310782156604902e+16 4.271152595802107e+16 4.207332257833702e+16 4.161311344981775e+16 4.085526654122991e+16 4.029086883663995e+16 3.998524689132403e+16 3.965967487833918e+16 3.931002773573987e+16 3.892993452782739e+16 3.850977210190146e+16 3.747614901704519e+16 3.677507969371434e+16 3.5744295295868284e+16
31950.004476096594 5.093717993682034e+16 5.028882977730183e+16 4.9562278853177864e+16 4.875694547100958e+16 4.785774057458273e+16 4.682777555985564e+16 4.563146433753264e+16 4.495119779948737e+16 4.4199380867809336e+16 4.336179970087357e+16 4.280938386261509e+16 4.241625913940444e+16 4.178258838506425e+16 4.132524027629886e+16 4.057233019766424e+16 4.001163080065109e+16 3.97079561699703e+16 3.938469422675966e+16 3.9037335084450776e+16 3.865965753880244e+16 3.824230172707843e+16 3.721578413735114e+16 3.6520003831704664e+16 3.549798572225e+16
32100.004497111095 5.018025682735325e+16 4.951842853260136e+16 4.881737328954915e+16 4.802794801477216e+16 4.714638870966443e+16 4.614028194651236e+16 4.497100650138815e+16 4.430473039814259e+16 4.3570698943850424e+16 4.275336022423148e+16 4.221513968907988e+16 4.183149383930505e+16 4.121355037771144e+16 4.07676596427081e+16 4.003355865317454e+16 3.948651793367519e+16 3.91899254455067e+16 3.887424124169712e+16 3.8534849209791896e+16 3.8165836576659016e+16 3.775780231425455e+16 3.675319847550492e+16 3.607132669034041e+16 3.5068200008903044e+16
32300.00452513049 4.933302750138197e+16 4.869889732021561e+16 4.7997575229756536e+16 4.722358792843629e+16 4.635514219405419e+16 4.53656152972719e+16 4.421198996867813e+16 4.355652499073225e+16 4.283424708821787e+16 4.203192452034088e+16 4.150237212959121e+16 4.1126152889511256e+16 4.05203619897844e+16 4.008300645036193e+16 3.936340702087164e+16 3.882750505042252e+16 3.853712835194873e+16 3.822811836747364e+16 3.7895959436654584e+16 3.753469943654937e+16 3.713531583973137e+16 3.6152010151261544e+16 3.548416134926425e+16 3.4500201263388772e+16
32500.004553149894 4.846892623381331e+16 4.7842707089177144e+16 4.71578456924782e+16 4.640287803123569e+16 4.554815883877349e+16 4.458403522314446e+16 4.345633728344756e+16 4.281773326275922e+16 4.2112664000726216e+16 4.132983950375652e+16 4.081376307677853e+16 4.044717512686887e+16 3.98570527952532e+16 3.943125582628266e+16 3.873032004590446e+16 3.820812709374533e+16 3.792506009978033e+16 3.762367586054314e+16 3.729980519173809e+16 3.69473820134169e+16 3.655769623194487e+16 3.5597699181091348e+16 3.4945339673755972e+16 3.3983704674573772e+16
32700.004581169294 4.760250297262089e+16 4.699874297278361e+16 4.633268764471066e+16 4.558727808195096e+16 4.476310442770645e+16 4.381847833132868e+16 4.271532308797806e+16 4.209232310788467e+16 4.1402873829636696e+16 4.0637535800579816e+16 4.013366472835431e+16 3.977574030206201e+16 3.919908530826024e+16 3.878331308800138e+16 3.8098420492351736e+16 3.758843808128202e+16 3.731187157399548e+16 3.701739175464486e+16 3.670083103962971e+16 3.63563587634417e+16 3.5975333661648684e+16 3.5036376890770976e+16 3.4397823556548532e+16 3.345557179854291e+16
32900.00460918869 4.611342409560101e+16 4.559172388801626e+16 4.49906828400936e+16 4.433550624500724e+16 4.358202686019357e+16 4.272407804441313e+16 4.171982352849508e+16 4.114447543526263e+16 4.050854100790041e+16 3.9798962730143496e+16 3.932937803676029e+16 3.8994494740930184e+16 3.84529154873506e+16 3.8060606764170936e+16 3.741081609566452e+16 3.692411720320537e+16 3.665926132039721e+16 3.6376612244013944e+16 3.607199324341993e+16 3.5739883322765384e+16 3.5371701041645044e+16 3.446096334324913e+16 3.3839214832810188e+16 3.291852768561248e+16
33100.004637207996 4.582481109495606e+16 4.526160905462305e+16 4.46388656902624e+16 4.3937267262479624e+16 4.315940155064126e+16 4.226949022256721e+16 4.123046468181534e+16 4.063883747865749e+16 3.99874057340581e+16 3.92652800549423e+16 3.8788631545143016e+16 3.845075062439736e+16 3.790478272290287e+16 3.751087292574816e+16 3.686206416228452e+16 3.637812476716096e+16 3.611559005067368e+16 3.583573620059921e+16 3.5534770441300616e+16 3.520701383172554e+16 3.4844203104904764e+16 3.3948715053830776e+16 3.3338442425985356e+16 3.243567768446675e+16
33300.004665227396 4.506989055754331e+16 4.449303497215097e+16 4.3864799975371064e+16 4.317467098696473e+16 4.240395115359448e+16 4.151709850100025e+16 4.049387251608007e+16 3.991381181964581e+16 3.927587294285516e+16 3.856763170169389e+16 3.810229117608225e+16 3.7771149054777624e+16 3.723803315602678e+16 3.685403161697319e+16 3.622139507720364e+16 3.5749647525751424e+16 3.549374518294543e+16 3.5220838634649504e+16 3.4927395957878588e+16 3.460770650287501e+16 3.425384089861309e+16 3.3379691116344948e+16 3.278305498195495e+16 3.189859507744142e+16
33500.004693246796 4.445624099682297e+16 4.388897031466792e+16 4.327719347187701e+16 4.259278284200068e+16 4.182152712301574e+16 4.095085611492021e+16 3.993810420712831e+16 3.936469127275149e+16 3.873496525128415e+16 3.803555515820217e+16 3.757634275467313e+16 3.724987735612814e+16 3.6724653042673064e+16 3.634583740125576e+16 3.5721629074864376e+16 3.5256363003171212e+16 3.5004185606717264e+16 3.473525699459636e+16 3.444602821496536e+16 3.4131145818464604e+16 3.378254616783817e+16 3.2921957715686424e+16 3.233509049817903e+16 3.1465926979595212e+16
33700.004721266196 4.3642690784265736e+16 4.3086354937429896e+16 4.248890367290694e+16 4.183139322108841e+16 4.107842542240987e+16 4.022908637307756e+16 3.924741179639931e+16 3.868828382858393e+16 3.807553977926319e+16 3.739593717787385e+16 3.6949914693873e+16 3.6632204405708856e+16 3.61210949438624e+16 3.5752570503120204e+16 3.5145527174424156e+16 3.4692705549247668e+16 3.44469810635697e+16 3.4184998550858624e+16 3.390318083789947e+16 3.3596100464951096e+16 3.3256040488137404e+16 3.2415830713459172e+16 3.1842185099087396e+16 3.0991553399676964e+16
33900.004749285596 4.284397890759335e+16 4.230489651383031e+16 4.171700225841183e+16 4.105804881507903e+16 4.032569675318912e+16 3.949333173270318e+16 3.853085550096637e+16 3.798466701501504e+16 3.738670191143302e+16 3.672454280725344e+16 3.6289101200525784e+16 3.597937569624591e+16 3.5481857168413824e+16 3.5122537518333396e+16 3.45311234348101e+16 3.4090023605922364e+16 3.3850630676103156e+16 3.3595465376209044e+16 3.3320820744903124e+16 3.3021466888711148e+16 3.268989388611367e+16 3.1869659132520544e+16 3.130858374006622e+16 3.0474279488972604e+16
34100.004777304996 4.207929070497312e+16 4.155627507117557e+16 4.098413158499139e+16 4.034125695782504e+16 3.963096404289334e+16 3.881665458719551e+16 3.78765210068152e+16 3.734675462780894e+16 3.676509456745432e+16 3.611999627992077e+16 3.569618756051159e+16 3.539556059756544e+16 3.491153077656326e+16 3.4562373977352756e+16 3.398732709463199e+16 3.355781353032762e+16 3.3324750249634708e+16 3.3076192225426196e+16 3.2808620443087536e+16 3.251687609502539e+16 3.219357796106477e+16 3.139320733734346e+16 3.084525706202548e+16 3.002976417736824e+16
34300.004805324395 4.159317924906338e+16 4.106733435907737e+16 4.05006925475795e+16 3.986383530944746e+16 3.9158252975338536e+16 3.8352917401033736e+16 3.741869636520487e+16 3.6892944076813304e+16 3.631406785809814e+16 3.5674001864042428e+16 3.5253624891600064e+16 3.495478373671015e+16 3.4473914790051284e+16 3.412747873958085e+16 3.3556477113846788e+16 3.313050734796196e+16 3.2899436281880384e+16 3.265294527661693e+16 3.2387678587245604e+16 3.2098762597498724e+16 3.1778620173729588e+16 3.0987191569083224e+16 3.0446276194758228e+16 2.964278375112378e+16
34500.00483334369 4.0954240161205976e+16 4.044830647192062e+16 3.987875073007378e+16 3.925298460671713e+16 3.856011235028208e+16 3.776334608381023e+16 3.684129988827086e+16 3.632189215777387e+16 3.575291135779388e+16 3.512158408109336e+16 3.4707051774396004e+16 3.4413130252920496e+16 3.3940072731094156e+16 3.359908764184684e+16 3.303756208452631e+16 3.2618810407142964e+16 3.239156286675139e+16 3.214943274157042e+16 3.188877532815338e+16 3.1604847772802892e+16 3.1290371101780496e+16 3.0512845720243384e+16 2.9981124697516264e+16 2.919033297799576e+16
34700.00486136309 4.027163056068457e+16 3.9758906363251096e+16 3.921713792558447e+16 3.859922097757256e+16 3.791464107371135e+16 3.713878599009662e+16 3.624311657706768e+16 3.573477635526637e+16 3.5177943246490452e+16 3.456309897440326e+16 3.415889384564065e+16 3.387192942537214e+16 3.341068167415539e+16 3.3078480861100136e+16 3.2531047746105892e+16 3.212266986614186e+16 3.190098384681283e+16 3.1664596996353388e+16 3.1410144151880748e+16 3.1132976277954336e+16 3.082589106972112e+16 3.0066065092087756e+16 2.954616989679132e+16 2.877255236309636e+16
34900.00488938249 3.962872354334682e+16 3.913539124303845e+16 3.859711467989058e+16 3.799539988321435e+16 3.732112961752136e+16 3.656273936064306e+16 3.5683121695934744e+16 3.518652647723051e+16 3.464044347676915e+16 3.4037709630375396e+16 3.3641991375551796e+16 3.3360822661776436e+16 3.290908394722147e+16 3.2583443579516784e+16 3.2047214009409988e+16 3.16470326071525e+16 3.1429808443621564e+16 3.1198076857039376e+16 3.0948691654070536e+16 3.0676971108986344e+16 3.0375809255110656e+16 2.963060468257323e+16 2.9120515398736132e+16 2.8361164705629924e+16
35100.00491740189 3.899461383305947e+16 3.8515493156124824e+16 3.797958893194831e+16 3.739510114585915e+16 3.673357554727585e+16 3.598830676198871e+16 3.5122421972657652e+16 3.463581395101602e+16 3.4100733105848508e+16 3.3510386792462476e+16 3.3121779640600904e+16 3.2847039629505964e+16 3.240375265026902e+16 3.2084574244901424e+16 3.155883389387498e+16 3.1166645541588268e+16 3.0953749577190532e+16 3.0726598156329984e+16 3.048207990875377e+16 3.021561452489013e+16 2.992029214107406e+16 2.918931137762235e+16 2.868863081015044e+16 2.7942544518832304e+16
35300.00494542129 3.829698917185865e+16 3.7821306531880776e+16 3.729846324921592e+16 3.672614440536032e+16 3.6082199306460744e+16 3.535026101544451e+16 3.450794482979731e+16 3.4031826074877644e+16 3.351096710065518e+16 3.293500293407483e+16 3.255768086975139e+16 3.2290238123197764e+16 3.1859886347377668e+16 3.154939036115759e+16 3.1038201333857816e+16 3.0656621515955572e+16 3.0449447475189796e+16 3.022840694199212e+16 2.9990300244587264e+16 2.973073741141906e+16 2.944295393731846e+16 2.8729730972463516e+16 2.82402745554137e+16 2.7509102748023956e+16
35500.00497344069 3.775239919220124e+16 3.728303713825312e+16 3.677201758040552e+16 3.620982654798946e+16 3.557638826341025e+16 3.4859739104799092e+16 3.4028920590399244e+16 3.3563018368918036e+16 3.3049679510656336e+16 3.248417088489113e+16 3.2112983043840252e+16 3.184966855626754e+16 3.142627282287091e+16 3.112103306544098e+16 3.061830215417377e+16 3.0242780643168544e+16 3.0038858186754636e+16 2.982134650492851e+16 2.9587101379274576e+16 2.933171732174201e+16 2.9048585877071876e+16 2.8347182361099996e+16 2.7866179660939172e+16 2.714842674069024e+16
35700.00500145999 3.7092102352236184e+16 3.662960415151551e+16 3.613044583601403e+16 3.5582859904372436e+16 3.496315070872896e+16 3.426105492406338e+16 3.3452304537598308e+16 3.299544717671375e+16 3.2495650464205144e+16 3.194359401446555e+16 3.15813634300633e+16 3.1325057915931384e+16 3.091225030832328e+16 3.0614815780908096e+16 3.012449287495654e+16 2.975817414920913e+16 2.955927340537208e+16 2.934698888580895e+16 2.911834281532992e+16 2.886901388103802e+16 2.859245736636353e+16 2.790658851983896e+16 2.7435462588069976e+16 2.67308688889641e+16
35900.00502947939 3.649693563593373e+16 3.6046582624114136e+16 3.5562445257726576e+16 3.5012902097404416e+16 3.4406191756238016e+16 3.3714271392036028e+16 3.291953129529953e+16 3.247301156806379e+16 3.198389022725603e+16 3.1444037204724584e+16 3.108951921994315e+16 3.083932192282775e+16 3.0435235487753184e+16 3.0144155496636508e+16 2.9664791713437996e+16 2.9306896839683652e+16 2.9112339250153524e+16 2.8904794807900784e+16 2.868120041285386e+16 2.843731960046821e+16 2.816680345796164e+16 2.749552360753237e+16 2.7034019906620816e+16 2.6342904901664576e+16
36100.0050574988 3.6030701664679304e+16 3.558526951061246e+16 3.5104394571214316e+16 3.4569294563464588e+16 3.3970165251920052e+16 3.329022563207205e+16 3.2507952733082276e+16 3.2066141639503056e+16 3.1583684169415332e+16 3.1050104906825932e+16 3.0700700579284772e+16 3.0452967608113876e+16 3.0053898570142504e+16 2.976648867388609e+16 2.929285796787608e+16 2.893901190337945e+16 2.8746772811041e+16 2.854165707837528e+16 2.832069389852147e+16 2.8079719922121656e+16 2.7812457411658324e+16 2.714979828152425e+16 2.66948248149341e+16 2.601483554386578e+16
36300.00508551819 3.545161130400462e+16 3.5010968196954604e+16 3.4537471436462636e+16 3.401173740869179e+16 3.3427181960766044e+16 3.2761091855426172e+16 3.1992892717033788e+16 3.156087797923831e+16 3.1087571509023108e+16 3.0565694592252544e+16 3.0223811153105044e+16 2.9981088091372692e+16 2.9590743659212444e+16 2.930958035304257e+16 2.884616639690236e+16 2.8499920948062176e+16 2.8311799481906696e+16 2.8111038725194504e+16 2.789477394771421e+16 2.765887159073793e+16 2.739719091255548e+16 2.67480732280231e+16 2.6301918423080988e+16 2.563408631864424e+16
36500.00511353759 3.4728591074176852e+16 3.4295055395958796e+16 3.3841852980196e+16 3.333217972430353e+16 3.2758123821685944e+16 3.2109549634805492e+16 3.136732403739262e+16 3.094927524142908e+16 3.0494036785351036e+16 2.9991832697828628e+16 2.9663149651312436e+16 2.9430028942685896e+16 2.905562996874131e+16 2.8785292751803812e+16 2.833986240384112e+16 2.8006998390354068e+16 2.7825953309724908e+16 2.763272855313897e+16 2.7424368573768824e+16 2.7196946788343004e+16 2.6944455977780116e+16 2.6316703890858976e+16 2.588379217842567e+16 2.523322039304383e+16
36700.00514155699 3.419569470728652e+16 3.3782232900490324e+16 3.3327133250457532e+16 3.282117100362328e+16 3.226088367377943e+16 3.1630025593660496e+16 3.0902018579290172e+16 3.0493169143522536e+16 3.0045805599493624e+16 2.9554128035481892e+16 2.9231812500576212e+16 2.9003508722623156e+16 2.8635866646193812e+16 2.8370629142595604e+16 2.793330276726459e+16 2.7606269950494188e+16 2.7428380643051464e+16 2.723840099293823e+16 2.7033623974366292e+16 2.681006825896863e+16 2.65617309594026e+16 2.5944062659601216e+16 2.5517868398209456e+16 2.4877088654621836e+16
36900.005169576296 3.3508372958291276e+16 3.3101398853522668e+16 3.2661652921169056e+16 3.217042862883699e+16 3.1632075071335452e+16 3.1017675172270984e+16 3.0312584588735556e+16 2.99184318024948e+16 2.9488472835960172e+16 2.901456657436162e+16 2.87044196426835e+16 2.8484559342489836e+16 2.8130916145829932e+16 2.7875654757094904e+16 2.7454394946278104e+16 2.7139025509613576e+16 2.696748050850345e+16 2.6784035679382756e+16 2.6586216410225544e+16 2.637011456386167e+16 2.61298925553059e+16 2.55311608427995e+16 2.5116805182861656e+16 2.4491522326017348e+16
37100.005197595696 3.299968862339375e+16 3.2602918289269588e+16 3.2160564044740784e+16 3.167648559639261e+16 3.1142551827802988e+16 3.0538392265803316e+16 2.9846208908629412e+16 2.9455970241746532e+16 2.9033501036288508e+16 2.8567604416728412e+16 2.826255664520806e+16 2.804711947770932e+16 2.770027082961857e+16 2.745000233951188e+16 2.703730000964802e+16 2.672858522111402e+16 2.656059943847684e+16 2.638108999143875e+16 2.6187479690861892e+16 2.597593200646078e+16 2.5740848410582532e+16 2.5154735040595376e+16 2.4748663364302176e+16 2.413472114056508e+16
37300.005225615096 3.2480532576526584e+16 3.2104558399782544e+16 3.169622300191077e+16 3.1239490153097536e+16 3.0728969252483984e+16 3.0148104180860428e+16 2.947911964496165e+16 2.91022029861579e+16 2.8690212728925404e+16 2.8233845225500944e+16 2.7934792749468256e+16 2.7722035256406324e+16 2.7379957101682304e+16 2.7132691276805428e+16 2.6724160519521256e+16 2.6417932220705976e+16 2.625120626164429e+16 2.607306200558846e+16 2.5880846943321104e+16 2.5670820754857908e+16 2.543731353264172e+16 2.4855666342330452e+16 2.4453313054904684e+16 2.3846365266666384e+16
37500.005253634496 3.1602789717603976e+16 3.124642456785962e+16 3.0858738956431984e+16 3.042199990838448e+16 2.9944214968235664e+16 2.9399268145132332e+16 2.8771603965131536e+16 2.8418412539649604e+16 2.803362402645749e+16 2.7607882117319324e+16 2.7329024656470824e+16 2.7130338480446332e+16 2.6810420553578308e+16 2.6578929781066228e+16 2.619536545708048e+16 2.5907224991771756e+16 2.575002362233648e+16 2.558176160551145e+16 2.5399877605381104e+16 2.520082092710955e+16 2.497900461087154e+16 2.44237145612041e+16 2.4037058042167588e+16 2.3449669781708652e+16
37700.00528165389 3.166364649538132e+16 3.12834819278218e+16 3.0861427863890612e+16 3.0401012090261716e+16 2.9891163748857644e+16 2.931351291007151e+16 2.8650305062591416e+16 2.8279016749589724e+16 2.7874883281220604e+16 2.7430430257384584e+16 2.7138973498417828e+16 2.693288955140526e+16 2.660142256100791e+16 2.636236389653916e+16 2.5967738129410156e+16 2.567271386829442e+16 2.551203829399218e+16 2.5340482110584652e+16 2.5155423739574716e+16 2.4953200550649656e+16 2.4728510614379716e+16 2.4168565460516464e+16 2.3780918025475188e+16 2.319534884848961e+16
37900.005309673295 3.118687595784863e+16 3.08097758192694e+16 3.039912557408164e+16 2.994463801240417e+16 2.9441482017241376e+16 2.8875366392775556e+16 2.82270400249262e+16 2.786333331680108e+16 2.746756620790048e+16 2.7031967432352096e+16 2.6747199719020604e+16 2.6545265181273856e+16 2.6220885700085876e+16 2.5986560075092652e+16 2.5600278930574576e+16 2.531115349425604e+16 2.5153898192488812e+16 2.4985784874994612e+16 2.4804426791456148e+16 2.460627031544525e+16 2.4385996547452876e+16 2.3836843988141904e+16 2.345644842715261e+16 2.288146682932489e+16
38100.00533769259 3.0744362139810076e+16 3.036847835155628e+16 2.996368164283015e+16 2.9517091172922628e+16 2.9025877493613108e+16 2.8469006289079804e+16 2.7829569897682176e+16 2.7473104993056144e+16 2.7084705158985548e+16 2.665637863729317e+16 2.6376491600857396e+16 2.6177862305693708e+16 2.5858759087258504e+16 2.5628679051087504e+16 2.524903448349392e+16 2.4964860743963976e+16 2.4810292681371776e+16 2.464505215709158e+16 2.4466712161725084e+16 2.427197810619076e+16 2.4055476440388828e+16 2.3515686032626464e+16 2.3141742121789604e+16 2.257635425504117e+16
38300.00536571199 3.035487843421081e+16 2.9999367397080824e+16 2.9593873416358508e+16 2.9157286853370496e+16 2.867419615346269e+16 2.8125071968211744e+16 2.749337907985492e+16 2.7140063712800264e+16 2.6755230391889876e+16 2.633123910220119e+16 2.6053981096870108e+16 2.5857824437769396e+16 2.554226044931129e+16 2.5314608918222996e+16 2.4938749049892144e+16 2.465733376819341e+16 2.450423337092057e+16 2.4340632907357356e+16 2.4164114832454984e+16 2.3971271753588424e+16 2.3756931978455228e+16 2.3222802991062388e+16 2.2853107058790696e+16 2.229481838627635e+16
38500.00539373139 2.9945229684880628e+16 2.9583477653187044e+16 2.9196630596572496e+16 2.876839693178109e+16 2.8284025741585976e+16 2.7743062188570916e+16 2.7121200540339484e+16 2.6771805739560724e+16 2.6392893530652616e+16 2.5975375419039764e+16 2.5702418101686012e+16 2.55088001326628e+16 2.5198277204133708e+16 2.4973878936986556e+16 2.460389661259817e+16 2.4326745956297852e+16 2.417594835441587e+16 2.40148508374411e+16 2.3841081700447556e+16 2.3651296793533812e+16 2.3440370843532596e+16 2.2914735371140292e+16 2.255090931365115e+16 2.2001424882649336e+16
38700.00542175079 2.9421493735237772e+16 2.906970924195161e+16 2.8687774115243996e+16 2.8269304340805976e+16 2.780352400430729e+16 2.7278298608581604e+16 2.667343660686451e+16 2.6335354115593588e+16 2.5966612275643216e+16 2.5560918132750396e+16 2.5296305870442076e+16 2.51083449063903e+16 2.4806531671223044e+16 2.4588579459643012e+16 2.4228934765140028e+16 2.3959512504280884e+16 2.3812876557355428e+16 2.3656119982892936e+16 2.3486909737675908e+16 2.330200989697801e+16 2.3096326951553856e+16 2.258314828000333e+16 2.22272267273317e+16 2.1688478089958132e+16
38900.00544977019 2.8964297494991016e+16 2.8616510136817828e+16 2.8240528212538456e+16 2.7827155090826068e+16 2.7371094744569976e+16 2.685274515477813e+16 2.6259992228964268e+16 2.5929098676959428e+16 2.5569190175435292e+16 2.517405372258734e+16 2.4915316109095588e+16 2.4732336217917736e+16 2.443768049633922e+16 2.422531627809682e+16 2.387428324605366e+16 2.3611318600847748e+16 2.346815726229972e+16 2.331512005002566e+16 2.3149916357346756e+16 2.2969329385774532e+16 2.2768428251424164e+16 2.2266714158873012e+16 2.1918252876722868e+16 2.1389812124432308e+16
39100.00547778959 2.8627317417951588e+16 2.8292982475434676e+16 2.7918277141918228e+16 2.7515356288215988e+16 2.7061674755544416e+16 2.6551628303458596e+16 2.5964515668544476e+16 2.5637022873396064e+16 2.528021024517757e+16 2.4888217477963136e+16 2.463127830511438e+16 2.4449786056342972e+16 2.4157104598533428e+16 2.3945988617792924e+16 2.3597236066804372e+16 2.333593678186146e+16 2.3193685474903988e+16 2.3041621634210468e+16 2.2877490523313436e+16 2.2698129845430244e+16 2.2498677648891444e+16 2.2001046789631636e+16 2.165597626615733e+16 2.1133758705740692e+16
39300.00550580899 2.821351279464074e+16 2.788468224917223e+16 2.751616235833613e+16 2.7120545750687676e+16 2.6671641454825976e+16 2.616801543695733e+16 2.5592483485349156e+16 2.5269792074520896e+16 2.4919466965498916e+16 2.4534029200796708e+16 2.428208884866768e+16 2.4103312341716856e+16 2.3816333275786596e+16 2.360918776703003e+16 2.326716092982363e+16 2.3010815258640052e+16 2.2871293805664812e+16 2.2722181085888296e+16 2.2561197851988212e+16 2.23852301252925e+16 2.218957559872653e+16 2.17011800928018e+16 2.1362255116692496e+16 2.0848748715330656e+16
39500.00553382829 2.770163790175914e+16 2.737801834258018e+16 2.7015647247073196e+16 2.6624316592082264e+16 2.618882021083887e+16 2.56975044046404e+16 2.5138169269573536e+16 2.4825714502116416e+16 2.4486749875136812e+16 2.4114440113564764e+16 2.38707993893026e+16 2.3698089489378284e+16 2.342086008193409e+16 2.3220689337940356e+16 2.28901788761522e+16 2.2642477645337764e+16 2.250753254774321e+16 2.2363214834642372e+16 2.220740105273848e+16 2.20370266756952e+16 2.1847341644199692e+16 2.1373073157676984e+16 2.1042953434209936e+16 2.0541005927604316e+16
39700.0055618477 2.7397205113603644e+16 2.707219252975856e+16 2.671651975901836e+16 2.6326052116550644e+16 2.5894766437428444e+16 2.5409625441508292e+16 2.485364580037318e+16 2.454324092076816e+16 2.4206964790372668e+16 2.383674894308696e+16 2.3594568605720824e+16 2.3423253810930404e+16 2.3147701616855428e+16 2.2948980126282624e+16 2.2620757537143996e+16 2.2374658667726812e+16 2.2240724855265324e+16 2.2097549914641932e+16 2.1942924968547256e+16 2.177390360083646e+16 2.158584686371567e+16 2.111601249691505e+16 2.078941397228215e+16 2.029350841561443e+16
39900.00558986709 2.6819347009569844e+16 2.6502782917431932e+16 2.6162333013434852e+16 2.5785742311468344e+16 2.536941564367673e+16 2.4900300883822156e+16 2.4366229427777868e+16 2.4068216044950704e+16 2.3744995551344924e+16 2.339029422631317e+16 2.315806779214027e+16 2.2993534241126932e+16 2.2729449881132468e+16 2.2538815474366224e+16 2.2223387427251756e+16 2.198686049265182e+16 2.1857982364925948e+16 2.171998946033915e+16 2.1570965713020524e+16 2.1407849139356384e+16 2.122613605520954e+16 2.0770672905094228e+16 2.045256104692444e+16 1.996685016551791e+16
40100.00561788649 2.6496411800422764e+16 2.618965764880885e+16 2.585500677929813e+16 2.5484220671106828e+16 2.5075052961718056e+16 2.4613723761798708e+16 2.4088571504828704e+16 2.3794859537403404e+16 2.347628088041432e+16 2.312602526205793e+16 2.2896880755114292e+16 2.273474218684269e+16 2.247351348963631e+16 2.228500502033755e+16 2.197312664500061e+16 2.173911425246213e+16 2.1611557775303836e+16 2.1475042400795584e+16 2.1327577574021736e+16 2.1166161224892964e+16 2.0986394710945064e+16 2.0536155766080508e+16 2.0222115292835012e+16 1.974355956557483e+16
40300.00564590589 2.6213238518249588e+16 2.590739388754486e+16 2.55768962878077e+16 2.521156044596792e+16 2.480740409146982e+16 2.4350674633763668e+16 2.382765375151582e+16 2.3535914461784348e+16 2.321821588433799e+16 2.2870222304109652e+16 2.264275464595198e+16 2.2481276839931868e+16 2.222184851273797e+16 2.2034280283642604e+16 2.172435152234735e+16 2.149191282267049e+16 2.136516256702949e+16 2.122964339055573e+16 2.108326961265644e+16 2.09231517630867e+16 2.0744854804634028e+16 2.0298874221906756e+16 1.9988333610383744e+16 1.951593367227087e+16
40500.00567392529 2.544754087005724e+16 2.518274158603483e+16 2.4892873070469108e+16 2.456892520398997e+16 2.4209325775898764e+16 2.380099244024647e+16 2.332832772183391e+16 2.306158520739462e+16 2.277092468115756e+16 2.244870822338818e+16 2.2237033577118456e+16 2.208618311689081e+16 2.1842847718845756e+16 2.16660156120017e+16 2.1372361552449852e+16 2.1151027332547172e+16 2.1030051956970996e+16 2.090038171452865e+16 2.0760025172351736e+16 2.060615306652008e+16 2.0434399242809932e+16 2.000304752784435e+16 1.970127985878496e+16 1.9240406769884616e+16
40700.005701944596 2.542609432161139e+16 2.5131940240034948e+16 2.4812719453240756e+16 2.4459675656928308e+16 2.406805560810759e+16 2.362879251104792e+16 2.3126975297640788e+16 2.2846967463234464e+16 2.254361472696299e+16 2.221045495450266e+16 2.1993241910069068e+16 2.1839127309263692e+16 2.1590864318754604e+16 2.1411983395393664e+16 2.11157994877382e+16 2.0893672662377012e+16 2.077253793180737e+16 2.0642962040925864e+16 2.0502956979604516e+16 2.0349686143553492e+16 2.0178927986054496e+16 1.9751034008685916e+16 1.9452257189041864e+16 1.8996238387955444e+16
40900.005729963996 2.509922012898217e+16 2.4810538943956572e+16 2.4492102478649172e+16 2.414484038832928e+16 2.3763602883154136e+16 2.3329559019533304e+16 2.2836125491813172e+16 2.2561163575814464e+16 2.226212649451784e+16 2.1934089858687464e+16 2.1720050045195652e+16 2.1568043124306956e+16 2.132365780520541e+16 2.1147181450607044e+16 2.085529806852281e+16 2.063619667541047e+16 2.051675423971756e+16 2.0388923237231704e+16 2.0250792761737028e+16 2.0099628182012996e+16 1.9931146077038404e+16 1.9509018129790724e+16 1.9214333375246252e+16 1.8764810275044184e+16
41100.00575798339 2.4791294180541348e+16 2.4506029171273856e+16 2.419443882145859e+16 2.3846525955075572e+16 2.3467208653889228e+16 2.3039362912070852e+16 2.2549651642082696e+16 2.2277714483135308e+16 2.198218780330685e+16 2.1657800732247916e+16 2.1446233657268344e+16 2.129606311761847e+16 2.1054736431017428e+16 2.088047052720799e+16 2.059239924260452e+16 2.0376193451056364e+16 2.025837308570688e+16 2.0132300633909996e+16 1.9996101530317284e+16 1.984701091058644e+16 1.968094588940221e+16 1.9264929242697256e+16 1.897457205360655e+16 1.853164293994334e+16
41300.005786002796 2.448265113037318e+16 2.4200567702801224e+16 2.3892915440099564e+16 2.3555301082742656e+16 2.3177301420320148e+16 2.2754258265322636e+16 2.2271685780323668e+16 2.200354712323673e+16 2.171240643575068e+16 2.139231968145151e+16 2.1183187047850748e+16 2.1035228652947644e+16 2.0797124567390604e+16 2.0625024869294656e+16 2.0340652407098704e+16 2.012722965018346e+16 2.0010923822383604e+16 1.9886446207181908e+16 1.9752013329618292e+16 1.9604856737255076e+16 1.9440943969050864e+16 1.9030406677861756e+16 1.8743985402064984e+16 1.830726714665443e+16
41500.00581402219 2.4072868053044536e+16 2.379538627417473e+16 2.3492161929223372e+16 2.315788031856038e+16 2.2793002778945016e+16 2.2382601405792508e+16 2.1914110863081824e+16 2.1653075822581996e+16 2.137030345446853e+16 2.1060179633345336e+16 2.0857691488752444e+16 2.0714153313181932e+16 2.048296855152647e+16 2.0316032251196308e+16 2.0039871373262212e+16 1.9832588359706388e+16 1.9719500095908336e+16 1.959850906410621e+16 1.946772523067686e+16 1.9324496834821364e+16 1.9164847265969196e+16 1.876441617833904e+16 1.84843773025315e+16 1.8056226828343044e+16
41700.005842041595 2.374073909861216e+16 2.3474550466480156e+16 2.3175558322203492e+16 2.2855982295151684e+16 2.2497481257344876e+16 2.2095618393224596e+16 2.163789653100163e+16 2.138258273163933e+16 2.1105295695202964e+16 2.080069470824274e+16 2.060145342923108e+16 2.0460225846370116e+16 2.02328529011513e+16 2.0068444441910748e+16 1.979608957176142e+16 1.959146739070817e+16 1.9479858928600028e+16 1.9360367580446628e+16 1.9231178110461172e+16 1.9089673099072416e+16 1.8931955420691744e+16 1.853625313050736e+16 1.8259557001984548e+16 1.7836590586397776e+16
41900.00587006089 2.3431632770121956e+16 2.3164014201227892e+16 2.2871826890596508e+16 2.2552072315746548e+16 2.2199691214522556e+16 2.1799358960602532e+16 2.1348084502571092e+16 2.1096043751247676e+16 2.0822410971279252e+16 2.0522091105310596e+16 2.0325821285806612e+16 2.018686939074234e+16 1.996312222431452e+16 1.980136692551996e+16 1.953390728523031e+16 1.9332970134652764e+16 1.9223361370508324e+16 1.9106012665676316e+16 1.897917560309045e+16 1.8840303132921276e+16 1.8685431332584304e+16 1.829678350955332e+16 1.80248620982225e+16 1.760893390258788e+16
42100.00589808029 2.298687872222491e+16 2.272278472476858e+16 2.244202341021434e+16 2.2132624929864224e+16 2.1789766107951704e+16 2.140537136603407e+16 2.096926495158104e+16 2.0726020445926264e+16 2.0462882419314844e+16 2.017431762126697e+16 1.998568700583249e+16 1.985162257859784e+16 1.9636297569873176e+16 1.948054199540679e+16 1.9222760591453916e+16 1.902876725364341e+16 1.8922889324385564e+16 1.880946625593051e+16 1.8686769512210876e+16 1.855227784094687e+16 1.840213002794306e+16 1.8024355367097484e+16 1.7759071283958992e+16 1.7351683484218962e+16
42300.00592609969 2.2869746565908936e+16 2.261157784175657e+16 2.232469827883868e+16 2.20127164220725e+16 2.1668093472594748e+16 2.1279113878301644e+16 2.083673628905397e+16 2.0589632386788904e+16 2.0322503846621452e+16 2.0029469382301092e+16 1.9838083838947556e+16 1.970236104776477e+16 1.948407509639489e+16 1.932629006754378e+16 1.906546048620762e+16 1.886957538097585e+16 1.8762750280285424e+16 1.8648408488520056e+16 1.8524803000589156e+16 1.838953303260997e+16 1.8238729263755864e+16 1.786048009291637e+16 1.7595997702418408e+16 1.7191667551171606e+16
42500.005954119086 2.2502034942110196e+16 2.2246203388386156e+16 2.196541447394046e+16 2.165602822938569e+16 2.131671798419446e+16 2.0936042985158684e+16 2.0505813254350816e+16 2.0266065718071984e+16 2.0005574272451004e+16 1.972035405222915e+16 1.9534288578758628e+16 1.9402249601188744e+16 1.9190112466399684e+16 1.9036894720989052e+16 1.8783185855050276e+16 1.859255068055669e+16 1.848859433824795e+16 1.8377262242276624e+16 1.825686547609345e+16 1.8124969724992124e+16 1.797787632293264e+16 1.7608256146229438e+16 1.7349096576795884e+16 1.6951620704932928e+16
42700.00598213849 2.224539350266609e+16 2.1994586484226572e+16 2.1715769564515748e+16 2.1413083322267344e+16 2.1079318143874836e+16 2.0701244262728388e+16 2.027452245395848e+16 2.003656221581512e+16 1.9779332981532484e+16 1.949702592934548e+16 1.9312743689979976e+16 1.918208371606381e+16 1.8972154452751844e+16 1.8820305397620092e+16 1.8569102200910252e+16 1.838036344338087e+16 1.827747411053394e+16 1.8167315275032456e+16 1.804819872308969e+16 1.7917717616933172e+16 1.7772246508676022e+16 1.7406977408024004e+16 1.7151110549789568e+16 1.675908143265933e+16
42900.00601015789 2.1599843933062268e+16 2.134691624106013e+16 2.1076263427065132e+16 2.0779627580297384e+16 2.045276691359325e+16 2.0089046874212376e+16 1.9675997183776356e+16 1.9447153718335216e+16 1.919860017333396e+16 1.8926563725023376e+16 1.874870295783307e+16 1.8622348231582176e+16 1.841916733972222e+16 1.827178587264323e+16 1.8026782632449172e+16 1.7841739037744458e+16 1.774031759937012e+16 1.7631318849608564e+16 1.7512925803007364e+16 1.7382488310618044e+16 1.7235964622355892e+16 1.6861797894907882e+16 1.659291353179994e+16 1.616557362311044e+16
43100.00603817729 2.11082965391976e+16 2.0864582326727508e+16 2.060093366689205e+16 2.030890065511334e+16 1.998951622816002e+16 1.9633648082687924e+16 1.9230733720215796e+16 1.9006506853116304e+16 1.876358838771279e+16 1.8496997242202532e+16 1.832211219406965e+16 1.819775603259631e+16 1.799734029444789e+16 1.7851687045154254e+16 1.7608956489393614e+16 1.7424851241175692e+16 1.7323608514988254e+16 1.721446260022342e+16 1.7095426177094492e+16 1.6963615847937396e+16 1.681451095720017e+16 1.6426620569239746e+16 1.6138600305047696e+16 1.5657398555299186e+16
43300.00606619659 2.097461184690617e+16 2.0731305296204524e+16 2.0478245939633564e+16 2.0196182918579172e+16 1.988430305592304e+16 1.953401574042526e+16 1.913712349674723e+16 1.8917211337549824e+16 1.8678308224741148e+16 1.8415493117336948e+16 1.8243266754470836e+16 1.812132633982595e+16 1.792438824413967e+16 1.7781397611501124e+16 1.7543238462770702e+16 1.7362990494974088e+16 1.7264066054371612e+16 1.7157521268609684e+16 1.7041449542706634e+16 1.6913132364735726e+16 1.676822164060118e+16 1.639265690674757e+16 1.611539198565562e+16 1.5658510249505598e+16
43500.00609421599 2.032231922679558e+16 2.0088228404437416e+16 1.983610397623067e+16 1.95622965658977e+16 1.926166126351587e+16 1.89241723411786e+16 1.8543688170240452e+16 1.8332268426434884e+16 1.8103087264056372e+16 1.7850854318847834e+16 1.7685606114908536e+16 1.756803649963129e+16 1.737765816551619e+16 1.7238891384464962e+16 1.7006787137241918e+16 1.6829656101506162e+16 1.673180061398179e+16 1.6625883212571648e+16 1.650975756125272e+16 1.6380402180371872e+16 1.6232945292965742e+16 1.5843059989292424e+16 1.5547707109934498e+16 1.5049655046538568e+16
43700.00612223539 1.995863778683139e+16 1.9734406940057532e+16 1.9494751654184452e+16 1.923233815267878e+16 1.8941086164243652e+16 1.8617492342092084e+16 1.8248815724978384e+16 1.8043522158039108e+16 1.7819895630082746e+16 1.757356674429621e+16 1.7411588114896996e+16 1.7296071024414564e+16 1.710852364752692e+16 1.697152318240333e+16 1.6741427992802162e+16 1.6565135471250788e+16 1.6467407819649816e+16 1.6361322543767966e+16 1.624467825231259e+16 1.6114171987311088e+16 1.5964605473789786e+16 1.556429230481945e+16 1.5256132131461758e+16 1.4730228575796882e+16
43900.0061502548 1.986970077320279e+16 1.96475218899336e+16 1.940597562775722e+16 1.9142505674917896e+16 1.8849549444537324e+16 1.852286190816405e+16 1.8150975247162584e+16 1.7943646869265018e+16 1.7717601645419266e+16 1.7468791486176658e+16 1.7305078281599576e+16 1.7188109740838254e+16 1.6998437155827528e+16 1.6859914073360644e+16 1.66272925408402e+16 1.6449111687538118e+16 1.6350387927232294e+16 1.6243265793779618e+16 1.6125523682217706e+16 1.5993848694792638e+16 1.5843042034210292e+16 1.5440130246118604e+16 1.5131627039157144e+16 1.4614146563112446e+16
44100.00617827419 1.9161894015659376e+16 1.8941640998691404e+16 1.870402495430485e+16 1.8444606032941988e+16 1.81609995515347e+16 1.7846580323875238e+16 1.7491278184289912e+16 1.7293949309010606e+16 1.707956328307484e+16 1.6843423300587496e+16 1.6687754582659786e+16 1.6576600342108428e+16 1.639580703934716e+16 1.6263230004003152e+16 1.6039281672893282e+16 1.5866327182326256e+16 1.5769865491008236e+16 1.5664604838505308e+16 1.554815406787643e+16 1.54169347489784e+16 1.526525093449579e+16 1.4852625787661064e+16 1.4529945791184254e+16 1.3977215330135342e+16
44300.00620629359 1.9124590098104708e+16 1.890804397180181e+16 1.8673372030143852e+16 1.8414340125878296e+16 1.8130561699089052e+16 1.7813690777062024e+16 1.7455256801432088e+16 1.7255912053118964e+16 1.7039586214201752e+16 1.6800457150979102e+16 1.664327055855269e+16 1.6531132642908356e+16 1.6348585764639374e+16 1.6215013023842714e+16 1.5989698163983368e+16 1.58159899652441e+16 1.5719155462259736e+16 1.561363454123084e+16 1.5497004043495408e+16 1.5365724599832016e+16 1.5214165495151476e+16 1.4802973603358632e+16 1.448284728706167e+16 1.393825190721166e+16
44500.00623431289 1.894408236377985e+16 1.872840858301496e+16 1.849625928896948e+16 1.8241110043890636e+16 1.7958530833502106e+16 1.76434311222647e+16 1.7285334675932578e+16 1.7086351895558736e+16 1.6869351112250026e+16 1.662962639835815e+16 1.6471718748410366e+16 1.6358789884322518e+16 1.6175287917057704e+16 1.6040807840755712e+16 1.5813679182917422e+16 1.5638363419348216e+16 1.5540596855945252e+16 1.5433899329069736e+16 1.531584754398134e+16 1.518276832541868e+16 1.5028877574744676e+16 1.4610072359794144e+16 1.4283496709565576e+16 1.373078012172415e+16
44700.00626233229 1.833312581472884e+16 1.812177741924965e+16 1.7894277318056074e+16 1.7647730277272878e+16 1.7375167868485342e+16 1.707320246009809e+16 1.6731720531420818e+16 1.6541955707868624e+16 1.6335298742259828e+16 1.6106702386192336e+16 1.595531501096928e+16 1.5846978681552006e+16 1.5670089346098912e+16 1.553986404477878e+16 1.5318764362766828e+16 1.514676634124992e+16 1.5050323266218988e+16 1.494467622789982e+16 1.4827233261100994e+16 1.4694210914981864e+16 1.4539599109269236e+16 1.411555388570172e+16 1.3782967625353442e+16 1.3216929025448862e+16
44900.006290351695 1.8363009641450524e+16 1.8152524970577216e+16 1.7926073551098482e+16 1.7677333195656538e+16 1.740544158013897e+16 1.7101094650085928e+16 1.67555251265481e+16 1.6563634402477266e+16 1.6355043327861012e+16 1.6124413916681344e+16 1.5972410271941752e+16 1.5863617787954332e+16 1.5686547167408962e+16 1.5556509635047538e+16 1.5336485690224362e+16 1.516603951612334e+16 1.5070740223441278e+16 1.4966563048689814e+16 1.4851034031979236e+16 1.4720508135771936e+16 1.4569246078515352e+16 1.4156329894597912e+16 1.383407248560076e+16 1.328999106532494e+16
45100.00631837109 1.8117030979057572e+16 1.791072644456048e+16 1.768648278945165e+16 1.7439754740658954e+16 1.7170627130112634e+16 1.6869299442753946e+16 1.6527708829554914e+16 1.633729918622531e+16 1.612993336088793e+16 1.590108567847395e+16 1.5749834527258224e+16 1.5641469392098392e+16 1.5464835097016246e+16 1.5334929781063162e+16 1.5114461393562896e+16 1.494314865201116e+16 1.4847080803777182e+16 1.4741838728050314e+16 1.4624846624541092e+16 1.4492273239713872e+16 1.4338091544190628e+16 1.3914758609175898e+16 1.3583238659602376e+16 1.3027434117902436e+16
45300.006346390495 1.7615682233250712e+16 1.7413173635256152e+16 1.7194107896664916e+16 1.6955860072642448e+16 1.6694431553014148e+16 1.640410561613326e+16 1.6076962869067808e+16 1.5894754949779986e+16 1.5696457207873102e+16 1.547696137481657e+16 1.5331899163699296e+16 1.5227863962546902e+16 1.5057888542125214e+16 1.493264670765588e+16 1.4719563667039932e+16 1.4553433523578432e+16 1.4460100359250286e+16 1.4357651593986456e+16 1.4243547120447102e+16 1.41139477578267e+16 1.3962817482245304e+16 1.3545351259977948e+16 1.3215059001536e+16 1.2649428058973148e+16
45500.006374409895 1.7569859458925922e+16 1.7369997970912366e+16 1.7154231494999914e+16 1.6918865150797192e+16 1.666069383856286e+16 1.63729989779853e+16 1.6048084134743396e+16 1.586706133644938e+16 1.5670016391270216e+16 1.5452327950648656e+16 1.5308433564337388e+16 1.5205344268439656e+16 1.5037023674384188e+16 1.491309935646894e+16 1.470273192649873e+16 1.4539161034311668e+16 1.4447471634300236e+16 1.4347039847701412e+16 1.4235419842915894e+16 1.4108975555102214e+16 1.3961943609144832e+16 1.3557661413144504e+16 1.323886602898909e+16 1.2694099337819484e+16
45700.00640242919 1.7432755476419942e+16 1.7235015410191968e+16 1.7022058313296824e+16 1.678977327309975e+16 1.6533244032375178e+16 1.624794569226175e+16 1.5925414832866124e+16 1.5745767423585366e+16 1.5550468631026364e+16 1.5334652139229458e+16 1.51922839125476e+16 1.5090286214447104e+16 1.4924136003524368e+16 1.4802003218922038e+16 1.459496114394678e+16 1.4434259295276866e+16 1.4344263672372856e+16 1.424577984059154e+16 1.4136404476910624e+16 1.401259761043237e+16 1.3868714761229406e+16 1.347304994471336e+16 1.3160253849157518e+16 1.2623680928489216e+16
45900.00643044859 1.695590199771823e+16 1.6762099501897542e+16 1.6552260522687708e+16 1.6323969682720946e+16 1.6074288665072178e+16 1.5797048197396218e+16 1.5484527370213314e+16 1.531111661530207e+16 1.5122005030126606e+16 1.4912851465988018e+16 1.477456535796391e+16 1.4675498007078894e+16 1.4513483241873236e+16 1.4394029970520622e+16 1.4190743879180018e+16 1.4032154438896658e+16 1.3942959862666754e+16 1.3844971170930672e+16 1.3735705582943204e+16 1.3611387915525328e+16 1.3466001207624596e+16 1.3060759754764864e+16 1.273453110472758e+16 1.2163292153039012e+16
46100.006458467986 1.6915710256733342e+16 1.6725862766315526e+16 1.652007762957792e+16 1.6296310139873898e+16 1.6050296305957866e+16 1.5777113274029142e+16 1.546803800228311e+16 1.5296314204177284e+16 1.510969208716271e+16 1.4903179018952262e+16 1.476659133344193e+16 1.466887317094056e+16 1.4509360239336506e+16 1.4391936500327262e+16 1.4192768583065228e+16 1.403802795966667e+16 1.3951332895617128e+16 1.38563860996024e+16 1.3750900992059142e+16 1.3631390526671954e+16 1.349231746165727e+16 1.310820528132602e+16 1.280137650650433e+16 1.2264486712901688e+16
46300.00648648739 1.6698437013294572e+16 1.6511437702352974e+16 1.6308485728757522e+16 1.6087626531355466e+16 1.5843850370316718e+16 1.557469298243034e+16 1.5269565953569286e+16 1.5099928088822252e+16 1.4915157159602676e+16 1.471055430955824e+16 1.4575335939172742e+16 1.4478450987790524e+16 1.4320187404183938e+16 1.4203615460513406e+16 1.4005626222765382e+16 1.3851654535955124e+16 1.3765314103270634e+16 1.3670685092443336e+16 1.356543361710737e+16 1.3446041618430794e+16 1.3306890092873748e+16 1.2920814051546602e+16 1.2609977390149326e+16 1.2059575849094104e+16
46500.00651450679 1.6374876715472158e+16 1.6205262516705802e+16 1.601947248708551e+16 1.5816251230841044e+16 1.559244409242666e+16 1.5341852611382534e+16 1.5056964564715372e+16 1.4897991433913188e+16 1.4724126464010314e+16 1.4531314677173172e+16 1.4403614277789598e+16 1.4312049913879832e+16 1.4162502855636454e+16 1.405232385259101e+16 1.3865430986755926e+16 1.3720277632105904e+16 1.363899039836301e+16 1.3550031524195084e+16 1.3451262841515766e+16 1.3339472021748584e+16 1.320954277940871e+16 1.2851225538381174e+16 1.2564366084084038e+16 1.2054559143001892e+16
46700.00654252619 1.6286577954176854e+16 1.6112025376640198e+16 1.5921786051321648e+16 1.5713882879025156e+16 1.5486235567488988e+16 1.5232486101223158e+16 1.4945133683329952e+16 1.4784836167649006e+16 1.4610080294009476e+16 1.4416479811612922e+16 1.4288548825312064e+16 1.4196868778880838e+16 1.404723448566408e+16 1.3937086779691044e+16 1.375058617100819e+16 1.3605963541099646e+16 1.35251084878317e+16 1.343673162570323e+16 1.333873264457612e+16 1.3228013766250062e+16 1.3099593981422922e+16 1.2746712377551562e+16 1.2465002297680534e+16 1.1963479136991528e+16
46900.00657054549 1.6176283498857068e+16 1.5997757607629524e+16 1.5803901643572038e+16 1.559340185184509e+16 1.536123618317294e+16 1.5104434036142874e+16 1.4813830122100146e+16 1.4652452218711978e+16 1.4476901709238506e+16 1.4282837309297238e+16 1.4154758663310406e+16 1.4063077227320768e+16 1.3913720009922114e+16 1.3803984720392772e+16 1.3618298863877632e+16 1.3474546739658034e+16 1.3394244926967296e+16 1.3306521523561796e+16 1.3209350479124202e+16 1.3099640565439998e+16 1.2972462771825718e+16 1.2622916453445966e+16 1.2342719656688718e+16 1.1837067382418808e+16
47100.00659856489 1.5967830450968238e+16 1.5788804712897284e+16 1.5596246665499764e+16 1.5385828709839922e+16 1.5155988032383864e+16 1.4900763574555738e+16 1.4613234376438836e+16 1.4453732974514044e+16 1.4280613588949602e+16 1.4089712125300278e+16 1.3963978443847876e+16 1.387407764538775e+16 1.372766262436936e+16 1.3620268405753568e+16 1.343873876231556e+16 1.329843469186757e+16 1.3220109997686286e+16 1.3134586947118912e+16 1.303991214110475e+16 1.2933078601266256e+16 1.2809338171959722e+16 1.247003471669383e+16 1.2199225841776448e+16 1.1712960844648854e+16
47300.00662658429 1.589351668085754e+16 1.571704465962495e+16 1.5525690600818902e+16 1.5318460268324184e+16 1.5090646744105588e+16 1.4838516059407766e+16 1.4554115035844162e+16 1.4396133544061246e+16 1.4224915656554314e+16 1.4036058824204012e+16 1.3911746189069136e+16 1.3823023547925468e+16 1.3678751181880816e+16 1.3573113138251302e+16 1.339496369804999e+16 1.3257717726449578e+16 1.3181311458902514e+16 1.3098091269605398e+16 1.3006210382449512e+16 1.290288269275017e+16 1.2783702242671184e+16 1.2460076911581238e+16 1.2205341201338186e+16 1.1755589278072086e+16
47500.0066546037 1.5657775269914372e+16 1.5485974497786828e+16 1.5298306774938428e+16 1.5094724085791474e+16 1.4871492947030664e+16 1.462362451663559e+16 1.4344108120113202e+16 1.4189209158688166e+16 1.4020760271531952e+16 1.3835041207171788e+16 1.3712647980171404e+16 1.3625147210651418e+16 1.3482712841319694e+16 1.3378173471473996e+16 1.320160556374427e+16 1.3065230337538242e+16 1.298917681967177e+16 1.2906196400828308e+16 1.2814414382762624e+16 1.2710989086682576e+16 1.259139514646398e+16 1.2264639350861914e+16 1.2005014629885468e+16 1.1540753246924648e+16
47700.00668262309 1.5458113546929246e+16 1.5286042591921626e+16 1.5101659983727468e+16 1.490094826682943e+16 1.4681566283150602e+16 1.44381959075587e+16 1.416380596625612e+16 1.4012030513367076e+16 1.384713724832642e+16 1.366529075194566e+16 1.3545492093958654e+16 1.3459884786985892e+16 1.332049810930229e+16 1.3218269131111602e+16 1.3045626478359572e+16 1.2912361120804944e+16 1.2838058382719176e+16 1.2757031614055132e+16 1.2667455422808242e+16 1.2566566753866948e+16 1.2450005635902354e+16 1.2132332315388568e+16 1.1881090580265566e+16 1.1434911471483312e+16
47900.00671064249 1.5307157552169654e+16 1.5138430540763768e+16 1.4955387066160826e+16 1.4755923145968202e+16 1.4537856426256358e+16 1.4296649265061462e+16 1.4025283724328268e+16 1.3874883954551908e+16 1.3711671353154462e+16 1.3531873138941918e+16 1.341350970542647e+16 1.3328976998333348e+16 1.3191424290994052e+16 1.3090659218685262e+16 1.2920526496979838e+16 1.2789344346631278e+16 1.2716238586036726e+16 1.2636564361236018e+16 1.2548530732163142e+16 1.2449441624369094e+16 1.2335067537142114e+16 1.2024148609843814e+16 1.1779724564388378e+16 1.1351256728960666e+16
48100.00673866189 1.505462086763149e+16 1.4888514670804016e+16 1.470963706826395e+16 1.451587885456937e+16 1.4303684909059432e+16 1.4068406246758362e+16 1.3803847294881968e+16 1.3657178310946134e+16 1.3497803648926946e+16 1.3321833240896106e+16 1.3205738158930418e+16 1.3122687053436502e+16 1.2987194130774616e+16 1.2887711009197346e+16 1.2719310994302696e+16 1.2588977087526288e+16 1.251615988581886e+16 1.2436648279803576e+16 1.2348601549507006e+16 1.224924873202411e+16 1.2134228969185764e+16 1.181973451450911e+16 1.1570716503675196e+16 1.1130839692404166e+16
48300.00676668119 1.5018011520043764e+16 1.485290577533816e+16 1.4675660697965632e+16 1.4483421208136608e+16 1.4272151738835636e+16 1.4038154934917538e+16 1.377421664933107e+16 1.3628007930899868e+16 1.3468915244496356e+16 1.3293553255734156e+16 1.3178003233190406e+16 1.3095504960930686e+16 1.2961166739061678e+16 1.2862712288052872e+16 1.2696525383301572e+16 1.2568320718995244e+16 1.2496898686368344e+16 1.241907344408855e+16 1.2333097271863698e+16 1.223638240712359e+16 1.2124842154840848e+16 1.1822635716319944e+16 1.1587019128751774e+16 1.1181031752308442e+16
48500.006794700595 1.4793896527078774e+16 1.4633285848218388e+16 1.4457880756772596e+16 1.4268372502322124e+16 1.4060592603273076e+16 1.3830443963399836e+16 1.3571426100149998e+16 1.3427648509192428e+16 1.3271771382488392e+16 1.3099929015144536e+16 1.2986754373867974e+16 1.2905805921900124e+16 1.2774055290491814e+16 1.2677400834791708e+16 1.2514167569734116e+16 1.2388147541053148e+16 1.2317861045659604e+16 1.2241196661410974e+16 1.2156426592360864e+16 1.206093858576191e+16 1.1950631466198906e+16 1.1650785988446664e+16 1.141617203149273e+16 1.1011219617502118e+16
48700.00682271999 1.4607667621936178e+16 1.4447901563855556e+16 1.4274760685530682e+16 1.40878930467683e+16 1.38831265978002e+16 1.3656412920257382e+16 1.3401511107653538e+16 1.3260269420290086e+16 1.3106896061342162e+16 1.2937631807531356e+16 1.2826036464739772e+16 1.2746218047986156e+16 1.2616214099659536e+16 1.2520753156574844e+16 1.235932847253731e+16 1.223450888722628e+16 1.2164823517950348e+16 1.208877160228091e+16 1.2004607633290672e+16 1.1909743166404792e+16 1.1800079624621856e+16 1.1501824667782486e+16 1.1268606932414018e+16 1.0866620683641762e+16
48900.006850739395 1.4463677228380478e+16 1.4305535161062126e+16 1.4136310852238168e+16 1.3951678255430294e+16 1.3750118584399786e+16 1.3526550812577422e+16 1.327528025096817e+16 1.3135774790808938e+16 1.2984495601769228e+16 1.2817647306320196e+16 1.2707500900795238e+16 1.262879206167379e+16 1.2500534597785274e+16 1.2406386932882354e+16 1.2247175808127216e+16 1.2124082944250146e+16 1.2055380590856156e+16 1.198040567992043e+16 1.1897438223833462e+16 1.1803954789007516e+16 1.1695925042019842e+16 1.140247337472437e+16 1.1173674303503838e+16 1.0781762185360698e+16
49100.006878758795 1.4299869494285708e+16 1.4144134171751548e+16 1.3975249068701338e+16 1.3792612252003384e+16 1.3592445390847056e+16 1.337109715504678e+16 1.3122690763704454e+16 1.2984937937238868e+16 1.283528282545755e+16 1.267035850201745e+16 1.2561700194562158e+16 1.2484059300066788e+16 1.2357606691435824e+16 1.2264906951074964e+16 1.210820240713144e+16 1.1987215312602028e+16 1.1919728312944202e+16 1.1846150768413552e+16 1.1764784919498962e+16 1.1673152429445762e+16 1.156734367139956e+16 1.1280199233712144e+16 1.105631192564935e+16 1.0672100598702836e+16
49300.00690677819 1.4143630676913988e+16 1.3990439803979088e+16 1.3823903731961976e+16 1.3643908692272348e+16 1.3446252439604782e+16 1.3227876690462056e+16 1.2982563571988878e+16 1.2846246308764148e+16 1.2698334456938392e+16 1.2535158004283608e+16 1.2427503127224978e+16 1.2350512388703026e+16 1.2225087373661356e+16 1.2133005090188106e+16 1.197718317928215e+16 1.1856662244618274e+16 1.178934984821235e+16 1.1715863295481848e+16 1.1634486493976892e+16 1.154270678311094e+16 1.1436524186602274e+16 1.1147424134421928e+16 1.0921609181528304e+16 1.053557732288568e+16
49500.00693479749 1.3963361568010868e+16 1.3812081708384134e+16 1.364965953834621e+16 1.347218503018592e+16 1.3279132389922058e+16 1.3065603149519864e+16 1.2825505877578394e+16 1.2692722620620496e+16 1.2548601099330894e+16 1.238949651315e+16 1.2284593392086716e+16 1.2209589694922826e+16 1.2087409332121732e+16 1.1997720409765144e+16 1.1846026376046772e+16 1.1728737804190068e+16 1.1663286953111938e+16 1.1591849874440572e+16 1.151279345025448e+16 1.1423692160547758e+16 1.1320699315391922e+16 1.104080998437575e+16 1.082241667765587e+16 1.0448131193652086e+16
49700.006962816886 1.3818249965384806e+16 1.3669512889435906e+16 1.3508227073464866e+16 1.3334102002541868e+16 1.314282556468382e+16 1.2931958109680042e+16 1.2694932869164658e+16 1.2563545095007306e+16 1.2420620698852098e+16 1.2262954383862044e+16 1.2159000555978884e+16 1.208464305714675e+16 1.1963428851900092e+16 1.1874370049901746e+16 1.1723606253786048e+16 1.1606907380687644e+16 1.154169806833648e+16 1.1470461299287888e+16 1.1391545362708524e+16 1.1302501850103042e+16 1.1199436210400932e+16 1.091870268010741e+16 1.069955496836699e+16 1.0326331983907028e+16
49900.00699083629 1.3698231591649342e+16 1.3548606362510364e+16 1.3388699915487344e+16 1.3214204017027646e+16 1.3024029431074916e+16 1.2813731135109268e+16 1.2577774491753488e+16 1.244711211892519e+16 1.2305541339232828e+16 1.2149294479702442e+16 1.2046401714948372e+16 1.1972889210753534e+16 1.1853298841536848e+16 1.1765596258049978e+16 1.1617512473638508e+16 1.1503212151818648e+16 1.1439491370662588e+16 1.1370015584112524e+16 1.1293210610367286e+16 1.120675494059153e+16 1.1106951579076958e+16 1.0836323942181196e+16 1.0625668066772784e+16 1.02656856590174e+16
50100.00701885569 1.3481726508051606e+16 1.3335716055529694e+16 1.317810978659281e+16 1.3008253232668702e+16 1.2822055856366866e+16 1.261655915466593e+16 1.238566026180375e+16 1.2257751045924514e+16 1.21190202825929e+16 1.1965849224413662e+16 1.186477583717173e+16 1.1792425578021636e+16 1.167447367190847e+16 1.1587812056000344e+16 1.1440994029164922e+16 1.1327244513826366e+16 1.1263631846458542e+16 1.1194113654148838e+16 1.1117039513569874e+16 1.1029988242524622e+16 1.0929111161707508e+16 1.0653554945238012e+16 1.04375173379194e+16 1.0067564246799684e+16
50300.00704687509 1.3407376025507426e+16 1.326414912225649e+16 1.3109581845428404e+16 1.2940790420394644e+16 1.2757125766919892e+16 1.2554107128144798e+16 1.2325904998674384e+16 1.2199711585320944e+16 1.2062649284445414e+16 1.191148044695457e+16 1.1811895934883568e+16 1.1740753885160214e+16 1.162497877868114e+16 1.1540112591640528e+16 1.1396807729514836e+16 1.1286261735089008e+16 1.122467337143758e+16 1.1157539693674178e+16 1.1083376359935552e+16 1.0999924898085114e+16 1.0903643880545148e+16 1.0642577174503486e+16 1.0438920595961072e+16 1.008897999758945e+16
50500.00707489449 1.3189668435074382e+16 1.3049045617787372e+16 1.2897189008073966e+16 1.2732039273236092e+16 1.2552249095013126e+16 1.2353135971450814e+16 1.2129173199754684e+16 1.2004861613017178e+16 1.1869907347905954e+16 1.1720746553002966e+16 1.162230908483825e+16 1.1551809718012512e+16 1.143687328305288e+16 1.1352372046761286e+16 1.1209165550530758e+16 1.109813522510251e+16 1.1036006659874438e+16 1.0968070114949018e+16 1.0892710097057182e+16 1.080751451248972e+16 1.0708666318526054e+16 1.0437799288881474e+16 1.0224481282703858e+16 9858729693876562.0
50700.00710291379 1.3072286782949554e+16 1.2932991571959942e+16 1.2782297069958144e+16 1.2619187696230728e+16 1.2441296997685264e+16 1.2243752239082594e+16 1.202231306590016e+16 1.189954881341117e+16 1.1766208485935102e+16 1.1619075443650448e+16 1.1521996295607836e+16 1.145258111301032e+16 1.1339381480356732e+16 1.1256244332380908e+16 1.1115591764094592e+16 1.1006732652901948e+16 1.0945926008111764e+16 1.0879502454208092e+16 1.0805938244758722e+16 1.0722915887468138e+16 1.062677352601547e+16 1.036429687222933e+16 1.0158280766273696e+16 9804661570711250.0
50900.00713093319 1.2960177843966582e+16 1.2822725235856482e+16 1.2673405990992568e+16 1.25123450537454e+16 1.233572174599409e+16 1.2140996568644806e+16 1.1922332253933348e+16 1.1801541319937724e+16 1.1670412085138116e+16 1.1525804847569678e+16 1.1430522675835802e+16 1.1362442426399074e+16 1.12516299968613e+16 1.1170387291493234e+16 1.1033294926831558e+16 1.0927525913063242e+16 1.0868589696362276e+16 1.0804343124034916e+16 1.0733355760723476e+16 1.065346913942427e+16 1.0561265401560372e+16 1.0311108993378788e+16 1.011575145940341e+16 9779484191104720.0
51100.0071589526 1.2768289518692972e+16 1.2633646654580858e+16 1.248834778718896e+16 1.2331280224670936e+16 1.2159141193940582e+16 1.1968774744944684e+16 1.1755106931770658e+16 1.163670050731787e+16 1.1508176142582804e+16 1.1366196151204368e+16 1.127249509924193e+16 1.1205587167915196e+16 1.1096407674767926e+16 1.101622826486608e+16 1.0880546496689914e+16 1.0775575919763922e+16 1.0716938494033924e+16 1.0652901606694104e+16 1.0581967042962974e+16 1.0501908984916226e+16 1.0409189970217402e+16 1.015592925210554e+16 9956788059977672.0 9613817723845082.0
51300.00718697199 1.2602557090159002e+16 1.2476308414908006e+16 1.2339498169243934e+16 1.2190628722250518e+16 1.20269797719124e+16 1.1845511513516622e+16 1.1640360770358762e+16 1.1526098434188998e+16 1.140162936847249e+16 1.1263735359225662e+16 1.1172447841225168e+16 1.110710331554615e+16 1.1000405077387128e+16 1.0921977022101616e+16 1.0789236671903116e+16 1.0686544500977648e+16 1.062921687646013e+16 1.0566644145441748e+16 1.0497404849139018e+16 1.0419350296311232e+16 1.0329080768733546e+16 1.0082990927377946e+16 9889371638732792.0 9552954149237934.0
51500.00721499139 1.2514726357170902e+16 1.2383463703630008e+16 1.2241442220647816e+16 1.2087872947755078e+16 1.1920220136837604e+16 1.1734700908890226e+16 1.1526377273094392e+16 1.1410731638965944e+16 1.1285337392111586e+16 1.1146820188192884e+16 1.1055455233449374e+16 1.0990136051238404e+16 1.0883653674194546e+16 1.0805523910284046e+16 1.067342864123791e+16 1.057136587426348e+16 1.0514420300718148e+16 1.0452288716322148e+16 1.0383541341118766e+16 1.0306048470836628e+16 1.0216427061473684e+16 9972004348624664.0 9779624060997028.0 9445697253248928.0
51700.00724301078 1.2446087015145936e+16 1.2316083958465106e+16 1.2175826622006642e+16 1.2023198389682228e+16 1.1856225145038618e+16 1.1672512530346932e+16 1.1465744181839524e+16 1.1351630104878212e+16 1.1227690980283534e+16 1.1091052105172726e+16 1.1001024384498244e+16 1.0936733021771286e+16 1.0832198029329538e+16 1.0755607349514444e+16 1.0626453200803764e+16 1.0526980633153818e+16 1.0471641788368872e+16 1.0411390552907842e+16 1.0344909326880262e+16 1.0270239110045316e+16 1.018426821831406e+16 9952368094128006.0 9772931130295774.0 9468208478215036.0
51900.00727103009 1.2251164714013362e+16 1.2123260228027598e+16 1.1985005854855996e+16 1.1835885899777902e+16 1.1672326795769854e+16 1.149235680718996e+16 1.1289869978260324e+16 1.1177797077709008e+16 1.1056034241602168e+16 1.0921522488863526e+16 1.0832857788521666e+16 1.0769440635156466e+16 1.0666124327395442e+16 1.0590311547005848e+16 1.0462235321468512e+16 1.0363349268063672e+16 1.0308204014487364e+16 1.0248078482730722e+16 1.0181585019700476e+16 1.0106696478043144e+16 1.0020152922027626e+16 9784471888361392.0 9599061464833280.0 9276192540354528.0
52100.007299049495 1.210626005259088e+16 1.1979749034066794e+16 1.184390738410851e+16 1.1697257060156044e+16 1.1536664903549718e+16 1.1359519062958298e+16 1.116050620359114e+16 1.1050423419359988e+16 1.0930708561903758e+16 1.0798655262766286e+16 1.0711534562103122e+16 1.0649165177368294e+16 1.0547636817315798e+16 1.0473122093715604e+16 1.0347234364871748e+16 1.0250002981404548e+16 1.0195783097329346e+16 1.0136642487098788e+16 1.007123035804248e+16 9997530785471848.0 9912338400818726.0 9680015371802760.0 9496675785380814.0 9175338560226826.0
52300.00732706889 1.1971884411498272e+16 1.1847561370547966e+16 1.1713877607339058e+16 1.156983437234438e+16 1.141231598804585e+16 1.1238009488281664e+16 1.1042618189726794e+16 1.0934443859061376e+16 1.0816856835995746e+16 1.0687205188191502e+16 1.0601653809694304e+16 1.0540517895047958e+16 1.0440935995422026e+16 1.0367901705939208e+16 1.0244588567768608e+16 1.014946244797499e+16 1.0096463808932374e+16 1.0038708733551676e+16 9974882576949898.0 9903048152589636.0 9820125744692840.0 9594663472797994.0 9417276521150774.0 9106175067940634.0
52500.00735508829 1.1885406569899216e+16 1.1762926713982344e+16 1.1630397038857752e+16 1.148740482236942e+16 1.1330690209709742e+16 1.1158755299741804e+16 1.0965311412987394e+16 1.0858247323102808e+16 1.0741926080320296e+16 1.0613685594194862e+16 1.0529088437805048e+16 1.0468595183227088e+16 1.037017316218591e+16 1.029800043363289e+16 1.017625299507796e+16 1.0082482646988138e+16 1.0030287318286078e+16 9973470534383506.0 9910773108753500.0 9840318362085510.0 9759150672472254.0 9539404093688396.0 9367477214893596.0 9067616321752194.0
52700.007383107695 1.1787253231349628e+16 1.1665906507656176e+16 1.1535204688807388e+16 1.1394032385847126e+16 1.1240289259747722e+16 1.1070229795734412e+16 1.0879154410128096e+16 1.077378025807023e+16 1.065910850225446e+16 1.0532810834144354e+16 1.0449606363267208e+16 1.0390185912189456e+16 1.02935237412055e+16 1.0222738638393172e+16 1.0103413525728662e+16 1.0011661606532902e+16 9960662381207418.0 9905204013410480.0 9844098949750074.0 9775550168426156.0 9696748893277122.0 9484447543554408.0 9319423254789996.0 9033304185560876.0
52900.00741112709 1.1589995978385898e+16 1.1471327627287746e+16 1.1343230792869766e+16 1.1204471046660854e+16 1.1053741032344602e+16 1.0886766620569442e+16 1.0699676134192496e+16 1.0596055446002784e+16 1.0483393613231574e+16 1.035893307136095e+16 1.0276880895497824e+16 1.0218214754551158e+16 1.0122634642562234e+16 1.00524936822682e+16 9934100855275920.0 9842772220069632.0 9791899338333996.0 9736465034507454.0 9675226048283264.0 9606319055199366.0 9526786992247832.0 9310492176588816.0 9139943660930352.0 8838530033287322.0
53100.00743914639 1.150392435381292e+16 1.1385675292996268e+16 1.125847781468248e+16 1.112161137493705e+16 1.097099248045072e+16 1.0805272510792742e+16 1.061961411830795e+16 1.051686609908813e+16 1.0405430555201374e+16 1.0282486432336264e+16 1.020143740051087e+16 1.0143494897884218e+16 1.0049250177956888e+16 9980165302036754.0 9863668889760440.0 9773952480837348.0 9724035907013414.0 9669716495312518.0 9609794467418594.0 9542503926778310.0 9465034023947342.0 9255671405556528.0 9092218824000512.0 8806843130130103.0
53300.007467165786 1.1374162722700464e+16 1.125905018941193e+16 1.1133959266705136e+16 1.099925764829664e+16 1.0852378093717452e+16 1.0689812687244988e+16 1.0507887662038206e+16 1.0407323984305362e+16 1.029784646818435e+16 1.0176949719355556e+16 1.009726845430518e+16 1.0040320839503606e+16 9947542616284724.0 9879562982053152.0 9764857269582958.0 9676487422561906.0 9627322732820900.0 9573796436788100.0 9514742914071502.0 9448396511526402.0 9371973494502860.0 9165010846016702.0 9002655941298969.0 8716542579323104.0
53500.00749518519 1.1268447971477218e+16 1.1153723967379506e+16 1.1029982039991098e+16 1.0896283600725902e+16 1.0750740789725566e+16 1.0590533810453618e+16 1.0410628496129796e+16 1.0311084344397866e+16 1.0203127694821226e+16 1.008408676063168e+16 1.000555494482587e+16 9949459418722670.0 9858180150945496.0 9791346085471360.0 9678658564805180.0 9591970933540544.0 9543798534278154.0 9491404176948860.0 9433670273948666.0 9368907677405794.0 9294474998919618.0 9093987285555570.0 8938054863386894.0 8665944280180434.0
53700.00752320459 1.113622156804947e+16 1.1024361339397638e+16 1.0903047710353984e+16 1.077256989462461e+16 1.0630120323588564e+16 1.0473102257084224e+16 1.0297557190727488e+16 1.0200431749506882e+16 1.009503650147736e+16 9978776491240324.0 9902178631929554.0 9847426803500112.0 9758345319665746.0 9693059123755318.0 9583062374031646.0 9498443498856350.0 9451395312044900.0 9400224577596638.0 9343822895770268.0 9280546280983684.0 9207791357889498.0 9011717438842992.0 8859091260806169.0 8592636840929570.0
53900.007551223986 1.1043331578846856e+16 1.0931798352035312e+16 1.0812303406651654e+16 1.0682696722062994e+16 1.054188122582747e+16 1.0386153241848728e+16 1.0211876501082228e+16 1.0115422843303328e+16 1.0010751485767724e+16 9895369296528174.0 9819338851282340.0 9765027363117824.0 9676623105033128.0 9611921121378334.0 9502940622787278.0 9419159128061600.0 9372640132897308.0 9322066958460624.0 9266381952505294.0 9203990169826866.0 9132367274659478.0 8940006940112353.0 8790932115834443.0 8531311202800330.0
54100.00757924339 1.0929659753333538e+16 1.0819340393310078e+16 1.0701405799335426e+16 1.057315132546876e+16 1.0433082329678174e+16 1.0279663727709286e+16 1.0107411602507518e+16 1.0012087861862998e+16 9908717302997452.0 9794739515896060.0 9719590592131280.0 9665954617403476.0 9578690520305564.0 9514794742902188.0 9407157089933920.0 9324455313275450.0 9278532740148972.0 9228646264894262.0 9173726114205800.0 9112216123498220.0 9041646272650414.0 8852402199729070.0 8706063584189780.0 8451651296929296.0
54300.007607262785 1.0763869895773384e+16 1.0656081911971832e+16 1.0540635115643148e+16 1.041585551753593e+16 1.027974658256218e+16 1.0129817396539196e+16 9962344484443418.0 9869530859113158.0 9768690436957280.0 9657448456850894.0 9584042078077708.0 9531619289358160.0 9446205085370958.0 9383622841185936.0 9278073111890458.0 9196837417092022.0 9151674701803640.0 9102552502458972.0 9048406672615294.0 8987670091860190.0 8917856219546465.0 8729791498908875.0 8583346238542001.0 8325897012206978.0
54500.00763528209 1.070959009882669e+16 1.060217564774891e+16 1.0486947254153998e+16 1.036203936940164e+16 1.0226476913292428e+16 1.0077029328531084e+16 9909770605804614.0 9817189226534772.0 9716773701850312.0 9606064845728938.0 9533159575372690.0 9481087272032252.0 9396455598547234.0 9334455842600764.0 9230109764548990.0 9149995796973382.0 9105537876050842.0 9057267016759984.0 9004168801545115.0 8944755751264063.0 8876675081613735.0 8694647880070828.0 8554488812367383.0 8311625243064839.0
54700.00766330149 1.0577419500597566e+16 1.0471641684034736e+16 1.035876806205225e+16 1.0236302945549048e+16 1.010342152677892e+16 9956892466676814.0 9793035038628984.0 9702353346016858.0 9603928729400578.0 9495431422566290.0 9423968011937918.0 9372888345063786.0 9289780022788642.0 9228939057063812.0 9126498163822044.0 9047807493536574.0 9004124366148739.0 8956667393669679.0 8904437933897271.0 8845970437899608.0 8778937150913939.0 8599515210509054.0 8461245600542853.0 8221758815971733.0
54900.00769132089 1.0463955391088906e+16 1.035980458279742e+16 1.0248350143216364e+16 1.0127778957145912e+16 9996669169712120.0 9852143983039464.0 9690332063154522.0 9600796157125900.0 9503655980305424.0 9396421721499524.0 9325727916586094.0 9275202371387150.0 9193007252142316.0 9132791306890580.0 9031398161719094.0 8953498285442627.0 8910255102053806.0 8863273153595550.0 8811582859718079.0 8753716466382384.0 8687388391783012.0 8509881644351877.0 8373024111902232.0 8135150956860930.0
55100.00771934029 1.0381459201974086e+16 1.0277824889669056e+16 1.0167298837012344e+16 1.0047362989418372e+16 9917049282300810.0 9773453800528132.0 9612820878381994.0 9523878559347132.0 9427486467919252.0 9321223110735850.0 9251178014076086.0 9201138412077360.0 9119836245185538.0 9060290998041158.0 8960103860570637.0 8883188895239693.0 8840521243748900.0 8794198042991166.0 8743268593288793.0 8686305649240184.0 8621083494237299.0 8447095783970586.0 8313685796984904.0 8083741574377220.0
55300.00774735968 1.0305126278482264e+16 1.0203540937319868e+16 1.0094866812401482e+16 9977125544074800.0 9848705519044204.0 9707648414884586.0 9549714360111186.0 9462356256478910.0 9367718243973998.0 9263417310154806.0 9194787947773740.0 9145777236667478.0 9066174122342412.0 9007960069481820.0 8910144634504282.0 8835245583892632.0 8793769770028859.0 8748818895794472.0 8699474931444541.0 8644426946375151.0 8581582388197496.0 8415065378024047.0 8288661199522368.0 8073561934870767.0
55500.00777537909 1.0145965950575248e+16 1.0045649791253664e+16 9937766385309194.0 9821487652073016.0 9695373561038426.0 9556399135165976.0 9400711564050808.0 9314519674589318.0 9221144518004856.0 9118031231776208.0 9050042819231014.0 9001471822383967.0 8922434546304494.0 8864570151191947.0 8767078834058946.0 8692197650929434.0 8650638209550350.0 8605499897134390.0 8555856816531246.0 8500314211880053.0 8436694585559667.0 8266862271213424.0 8136545183918623.0 7911530109962767.0
55700.007803398395 1.0102820691495182e+16 1.0003545118133418e+16 9897008485262068.0 9781877054269874.0 9656455347196052.0 9518404713335312.0 9364075250094724.0 9278683007646698.0 9186256199382302.0 9084352504088682.0 9017255754566836.0 8969384290059818.0 8891624091082477.0 8834766479195077.0 8739260853509910.0 8666139143289146.0 8625657326967113.0 8581785370915420.0 8533637481669242.0 8479928689990991.0 8418639628817819.0 8256373653906314.0 8133375974763007.0 7924486135628026.0
55900.00783141779 9940022545134792.0 9843235833751536.0 9739215091912802.0 9627499707607242.0 9506278276793358.0 9372599527850310.0 9223261588294342.0 9140685137456154.0 9051210841863492.0 8952438913512806.0 8887296733549745.0 8840767936067109.0 8765142891707427.0 8709774259226604.0 8616594760115326.0 8545082126958497.0 8505412384997920.0 8462356173729891.0 8415030032445898.0 8362131312582438.0 8301615686436189.0 8140580518042718.0 8017658709958886.0 7807143198885275.0
56100.00785943719 9869230455782656.0 9772382081052096.0 9668350260791858.0 9556849132578216.0 9435427973285954.0 9302208575714966.0 9152845831416194.0 9070471012913042.0 8980967521652940.0 8882348525351669.0 8817364926525844.0 8770988692400910.0 8695522755654725.0 8640361457494012.0 8547560606692343.0 8476422956988807.0 8437006406046361.0 8394260479919737.0 8347328220851230.0 8294938374354537.0 8235109316822332.0 8076518812462940.0 7956128074543253.0 7751166681388962.0
56300.007887456595 9757620798247684.0 9662441615006624.0 9560204994183194.0 9449800117901594.0 9330108287313928.0 9198425117956548.0 9051041131099900.0 8969688522869933.0 8881490824353175.0 8784196192448182.0 8720082614354277.0 8674287191134619.0 8599842860163888.0 8545318615360874.0 8453624761795074.0 8383292390179253.0 8344297885581535.0 8301978738472098.0 8255494121107579.0 8203566235727415.0 8144204392492876.0 7986559404793561.0 7866656730973972.0 7662364681960482.0
56500.00791547599 9701147065208240.0 9606547452390956.0 9505253678290972.0 9395789314684134.0 9276621661326508.0 9145616738166556.0 8999253804273242.0 8918415377053988.0 8830774696440572.0 8734260532784577.0 8670659932734727.0 8625292549511889.0 8551603925751818.0 8497737309487684.0 8407263735217341.0 8338014374022234.0 8299686322255912.0 8258156587949152.0 8212608025421288.0 8161816138036735.0 8103906926348647.0 7950946614556348.0 7835565248878576.0 7641252777457945.0
56700.007943495395 9605053058274312.0 9511880723017644.0 9411051734357044.0 9302987522434038.0 9185400683877166.0 9056069522611584.0 8911650760588655.0 8831871949422732.0 8745426498962386.0 8650093299032504.0 8587398919345264.0 8542641461490871.0 8469890453951042.0 8416724764069214.0 8327423189908201.0 8259075860348029.0 8221244677630978.0 8180260181424320.0 8135307687835019.0 8085195389502099.0 8028053816010882.0 7877227454383200.0 7763598287925594.0 7572708802131726.0
56900.007971514686 9468928710823190.0 9377269348370630.0 9278536628593770.0 9172599013293398.0 9057213146316908.0 8930831391636367.0 8789724886258277.0 8711547095797855.0 8626790404714691.0 8533438765662759.0 8471909854804117.0 8427956237447967.0 8356506159252080.0 8304221565265595.0 8216260463891648.0 8148812907383959.0 8111423150486305.0 8070858845661897.0 8026313016673117.0 7976571522934054.0 7919748573439006.0 7769149920961628.0 7655074265064685.0 7462112289356495.0
57100.00799953409 9411146531201660.0 9320525867611662.0 9223323542119134.0 9118356974989662.0 9004912472277017.0 8879747958548417.0 8740021345325365.0 8662825533689779.0 8578901754198822.0 8486591144321489.0 8425779161019390.0 8382389345443202.0 8311876229648079.0 8260347761739328.0 8173744347114353.0 8107453289307895.0 8070770188262682.0 8031038719518537.0 7987461036267843.0 7938895802824894.0 7883552476758818.0 7737667883316586.0 7628051440600605.0 7444714238531869.0
57300.00802755349 9321417172296634.0 9231632291546172.0 9135051642341232.0 9031038414585410.0 8918588322762448.0 8794537799900419.0 8655904788540058.0 8579425834048800.0 8496490396055092.0 8405027508672731.0 8344875836131659.0 8301964181360846.0 8232166607529143.0 8181169911845785.0 8095527719075607.0 8029994279987173.0 7993722955874186.0 7954438463321606.0 7911371899972577.0 7863378173504329.0 7808700407827242.0 7664666954340880.0 7556557880614498.0 7375999286717072.0
57500.008055572885 9226504945776424.0 9137597836827656.0 9042536604215764.0 8940283967112163.0 8828929200215449.0 8706934178073716.0 8570470130887809.0 8495087150169276.0 8413254710677709.0 8323124417614150.0 8263830350114479.0 8221461158972159.0 8152640946882347.0 8102356750364814.0 8017897410730223.0 7953254656278448.0 7917483054509300.0 7878733793088040.0 7836250814325903.0 7788915168340245.0 7734982969958284.0 7592908800787853.0 7486270535561905.0 7308148411398691.0
57700.00808359229 9132933017001556.0 9045115881578970.0 8950844384093816.0 8849353636565593.0 8739112871152588.0 8618520668718963.0 8483258342901679.0 8408907281124300.0 8328186382698855.0 8239221674739818.0 8180697517439386.0 8138901885162592.0 8071014208129979.0 8021387196501243.0 7938041487056667.0 7874239058664970.0 7838929985828713.0 7800668302012820.0 7758723259883292.0 7711960634484127.0 7658680285442215.0 7518286809128752.0 7412967387138111.0 7237560826180595.0
57900.008111611685 9055441933142156.0 8969509032742307.0 8876457138748951.0 8776933122269218.0 8668681449099001.0 8549696743894563.0 8416883512930664.0 8343631326842222.0 8264264604749839.0 8176716129372655.0 8119115090560062.0 8077980964167949.0 8011236924651926.0 7962458577733236.0 7880604848168842.0 7818013376321385.0 7783405776758959.0 7745931808965242.0 7704873829658104.0 7659162120832279.0 7607136665143703.0 7470415128899193.0 7368204626213546.0 7198667908664203.0
58100.00813963109 8955445270938544.0 8869429099208674.0 8777466770881835.0 8678785765506152.0 8571483330898605.0 8453989149167710.0 8322631663502522.0 8250102781315263.0 8171522102323301.0 8084966930798646.0 8027994468944045.0 7987309650784368.0 7921253122768631.0 7872962344918993.0 7791875294693229.0 7729820609384570.0 7695481872488214.0 7658288809396487.0 7617510904665256.0 7572068810336327.0 7520310107654637.0 7384083357001498.0 7282105292741515.0 7112912189779819.0
58300.00816765039 8876298131010319.0 8791362356496982.0 8700677133215897.0 8602932138239568.0 8496825857510413.0 8380495959613650.0 8250512131630360.0 8178777020549161.0 8100965117212165.0 8015331485000618.0 7958949830593812.0 7918738890791813.0 7853382753935063.0 7805623853033762.0 7725439423292113.0 7664088190120928.0 7630162907688756.0 7593410275873592.0 7553132930179335.0 7508263653286149.0 7457175449557573.0 7322820175206731.0 7222355105235813.0 7055927876758880.0
58500.00819566979 8801267750696398.0 8717568488733200.0 8627603785918614.0 8531054254362777.0 8426270752067175.0 8311027005493424.0 8182531063304613.0 8111675651257835.0 8034851560753770.0 7950220444804576.0 7894553035677060.0 7854823787633250.0 7790333159135048.0 7743215418292097.0 7664150605238031.0 7603707087403023.0 7570289897156684.0 7534115913664541.0 7494485247693740.0 7450366212475039.0 7400168045441670.0 7268384253687835.0 7170120638284561.0 7008120751068557.0
58700.00822368919 8699013022767426.0 8616100683640120.0 8527510594768109.0 8432366686141915.0 8328885834677601.0 8215611086787495.0 8089193096248851.0 8019483477983866.0 7943795809142487.0 7860443276173178.0 7805570738271890.0 7766432932639027.0 7702836389809258.0 7656344773412434.0 7578291158822537.0 7518551850571189.0 7485497162291570.0 7449693491864439.0 7410437956578108.0 7366693425706797.0 7316869396551446.0 7185764831940659.0 7087715643219807.0 6925533983934846.0
58900.00825170858 8598345158742385.0 8517994011510720.0 8431687575540407.0 8339472210828354.0 8238917917102163.0 8128685222194757.0 8005555004019933.0 7937589990313007.0 7863842393750088.0 7782490304811208.0 7728998175308000.0 7690805358498111.0 7628751178793004.0 7583367920840302.0 7507164163547065.0 7448846804704968.0 7416573578649347.0 7381610552321014.0 7343279527885316.0 7300566283076104.0 7251912422598280.0 7123920617586987.0 7028267457972816.0 6870307516847136.0
59100.00827972799 8500287204883970.0 8425618236915957.0 8345545607623187.0 8258448723076783.0 8163326119015281.0 8058095949242625.0 7939457498771328.0 7873528809975304.0 7801724676780628.0 7722198040274850.0 7669673517498476.0 7632097439922726.0 7570999172810684.0 7526252360724381.0 7451008817279370.0 7393372025844836.0 7361469523107827.0 7326907698330523.0 7289012864539261.0 7246791432425920.0 7198723716962945.0 7072417471952456.0 6978227041636531.0 6823215560867678.0
59300.008307747295 8461340063515300.0 8381720164906457.0 8296491954386752.0 8204839845453065.0 8105324352744604.0 7996409914680942.0 7874740894040104.0 7807567745182403.0 7734817889549039.0 7654649526416564.0 7601847338141547.0 7564167589861547.0 7502977303909118.0 7458263561067420.0 7383228371321565.0 7325849105728785.0 7294124117393971.0 7259777776262429.0 7222142706798738.0 7180241068471047.0 7132570383348327.0 7007459793398307.0 6914289642662230.0 6761163439552586.0
59500.00833576669 8350685686159741.0 8273342974595389.0 8190525760706407.0 8101771004716679.0 8005428589097594.0 7899572548752676.0 7781484465872367.0 7716305869912117.0 7645513367530909.0 7567479228202872.0 7516068242021453.0 7479357527769391.0 7419712731826745.0 7376095569117804.0 7302797760009998.0 7246689266240927.0 7215629956678820.0 7181977783768782.0 7145074796707452.0 7103955580215281.0 7057115575600171.0 6933902070530622.0 6841888368371862.0 6690305031579422.0
59700.00836378609 8306285491539454.0 8228479338458977.0 8145894402206849.0 8056671265922283.0 7960033189242601.0 7853740007037947.0 7735311650513954.0 7669951726940560.0 7599068039528042.0 7520890807449895.0 7469487663557930.0 7432791614763430.0 7373225475267169.0 7329691101935259.0 7256691437544442.0 7200878731509043.0 7170032740896274.0 7136647272504902.0 7100078684816085.0 7059390138786272.0 7013117604602853.0 6891814303121561.0 6801625943577060.0 6653798825194113.0
59900.008391805495 8229599827180450.0 8152225569045459.0 8070191347673921.0 7981642255937621.0 7885681723764782.0 7780551397158954.0 7663167644447577.0 7598455476286860.0 7528309291073889.0 7450991281902252.0 7400151041807086.0 7363859839626804.0 7304989108062046.0 7261967879991805.0 7189802795446488.0 7134660069345618.0 7104180589511297.0 7071194855254541.0 7035070195765531.0 6994871419239138.0 6949158716522622.0 6829335724019647.0 6740278712695467.0 6594440090527319.0
60100.00841982489 8145894611787708.0 8070095585681280.0 7989203697876617.0 7902169683247191.0 7807748906960217.0 7704695066512317.0 7589513593365035.0 7525871808880929.0 7456967199926442.0 7381099692928812.0 7331163709353317.0 7295552727355576.0 7237728861505213.0 7195502401041913.0 7124630589464542.0 7070470956768473.0 7040536411848536.0 7008138433512255.0 6972654530959697.0 6933165367043748.0 6888253736555029.0 6770516483296305.0 6683013901832349.0 6539816140972386.0
60300.008447844295 8076155589045081.0 8001203460289744.0 7920968812353855.0 7834257188418438.0 7740604527427760.0 7637955219185312.0 7523434893378611.0 7460198299897821.0 7391629689502073.0 7316197960432525.0 7266554603896186.0 7231142317830953.0 7173651104514327.0 7131660487791813.0 7061225092406383.0 7007391357549455.0 6977640903193681.0 6945444542387907.0 6910186414615326.0 6870950778427809.0 6826340399661017.0 6709419283800557.0 6622543360542809.0 6480382293719277.0
60500.00847586369 7996763147069363.0 7922016801004951.0 7842883241778784.0 7757150615834308.0 7664456699396780.0 7562669767099927.0 7449277733560923.0 7386684719257526.0 7318888026237625.0 7244239178644076.0 7195100528014167.0 7160046545128211.0 7103096979145359.0 7061526183696292.0 6991731898331944.0 6938374849503469.0 6908870482771820.0 6876934534075524.0 6841942186647274.0 6802985907939594.0 6758659866828343.0 6642352808655864.0 6555805400577375.0 6413989283780643.0
60700.00850388299 7916719807357149.0 7843209488290377.0 7764755022867757.0 7680456173142357.0 7589150048490548.0 7489374300952074.0 7377918326832983.0 7316318712961779.0 7249689510535427.0 7176275821102446.0 7127944742142860.0 7093496013653216.0 7037489507118975.0 6996597890316275.0 6927945153405101.0 6875478920324380.0 6846465763151913.0 6815059567211833.0 6780643096282734.0 6742333951499256.0 6698746978496819.0 6584400937182255.0 6499355706029928.0 6360146232789843.0
60900.00853190239 7837186495212089.0 7765212453489546.0 7688297192278380.0 7605609816568624.0 7515897990478837.0 7417648965020918.0 7307912897995593.0 7247386344844951.0 7181781533667540.0 7109509446830721.0 7061923931159611.0 7028012029808059.0 6972911718585655.0 6932642794075605.0 6865073158565077.0 6813405084526354.0 6784834982838081.0 6753899646049504.0 6720003335684159.0 6682267068146340.0 6639323216754627.0 6526613622488147.0 6442745116635509.0 6305462713744828.0
61100.008559921785 7747778624339957.0 7677126748498117.0 7601884570360475.0 7520974705310325.0 7433069406932033.0 7336931681561713.0 7229527518015706.0 7170187112105252.0 7105902459919461.0 7035035322258702.0 6988363917373965.0 6955041284459530.0 6900941166967279.0 6861380648078552.0 6794936620670960.0 6744097505587279.0 6715969265419094.0 6685495010035779.0 6652084297525589.0 6614859737596998.0 6572467067724084.0 6461047767255943.0 6378005970360337.0 6241907085422179.0
61300.00858794119 7700832838052724.0 7630654689478907.0 7555071803976820.0 7473563295929980.0 7385609218226611.0 7289353720862722.0 7181700872413065.0 7122360266082711.0 7058014486794299.0 6987162974060335.0 6940511780449296.0 6907231277839888.0 6853196833756014.0 6813726905887664.0 6747490438036972.0 6696873284611295.0 6668887395044714.0 6638593965343737.0 6605410764159468.0 6568467961933278.0 6526445307563024.0 6416231189192950.0 6334307802194757.0 6200443818084300.0
61500.008615960585 7635292975286592.0 7565214204658897.0 7490603515794928.0 7409866581232743.0 7322873617326884.0 7227143452454990.0 7120575269142521.0 7061747851652281.0 6997953235018594.0 6927737873823363.0 6881520513949423.0 6848564178576696.0 6795038179177709.0 6755966856146555.0 6690397030851880.0 6640312641733308.0 6612629509896562.0 6582666075522457.0 6549853547651717.0 6513340801704000.0 6471819212295184.0 6363006573936112.0 6282210121878805.0 6150348538170000.0
61700.008643979985 7564048942288298.0 7495263996645006.0 7421679961716560.0 7342461957267870.0 7256554058589228.0 7162349889980457.0 7057391011211512.0 6999441562725202.0 6936587237313396.0 6867379386610503.0 6821864449561771.0 6789420615785349.0 6736705230698850.0 6698224560719906.0 6633693864296993.0 6584390648728345.0 6557149250419542.0 6527670161888339.0 6495394797600254.0 6459488179897310.0 6418675993494181.0 6311815103757725.0 6232580749181010.0 6103520113615741.0
61900.00867199929 7498206422903720.0 7429775423430935.0 7356801172839123.0 7278477270248309.0 7193717629234915.0 7100798553905731.0 6996945458753157.0 6939700735634560.0 6877624115583615.0 6809171323783705.0 6764171002220227.0 6732064673018430.0 6679928919982252.0 6641866143531483.0 6578070474738887.0 6529333072702720.0 6502405051629260.0 6473280418850702.0 6441388710588555.0 6405918725169542.0 6365603459007742.0 6260071347724786.0 6181830457206795.0 6054382573532400.0
62100.00870001868 7429589588406190.0 7362251739452367.0 7290368947277699.0 7212919470625451.0 7128941127059551.0 7037215614097442.0 6934644214949959.0 6878086218917135.0 6816768382626521.0 6749111227751190.0 6704639054569008.0 6672925906669141.0 6621412819971785.0 6583814139848328.0 6520773928435632.0 6472618724195747.0 6446021002585510.0 6417243930014351.0 6385740427028736.0 6350707249560548.0 6310895984163593.0 6206733327398769.0 6129563100106228.0 6003976680541653.0
62300.00872803809 7333185353861727.0 7268198100242763.0 7198290795879043.0 7123577255644820.0 7042069652567520.0 6953130414481290.0 6854035880260704.0 6799172283186266.0 6739629121829342.0 6674013836943020.0 6630807445743689.0 6599961400394871.0 6549856990429430.0 6513226884146911.0 6451768646852364.0 6404776989072992.0 6378792146141161.0 6350661062708935.0 6319841475088970.0 6285532598948493.0 6246504029072757.0 6144174311258200.0 6068178698480817.0 5944265271129996.0
62500.00875605748 7276636344474949.0 7211356454624338.0 7141490836567483.0 7066718172935763.0 6985619660072155.0 6896670670490062.0 6797349735257793.0 6742507909884420.0 6682977001233646.0 6617349939656316.0 6574162302075121.0 6543329528395106.0 6493277377823565.0 6456703377114197.0 6395316943256088.0 6348389840024253.0 6322443480871504.0 6294350228639576.0 6263576980549793.0 6229311739812981.0 6190327709745840.0 6088058186839608.0 6012038169419577.0 5887920866602166.0
62700.00878407689 7212563455895180.0 7148292190882556.0 7079324452988298.0 7005134038957486.0 6925247020082837.0 6837471540217402.0 6739319806815239.0 6685117623745454.0 6626376828656297.0 6561569063241117.0 6518872495134281.0 6488417303531098.0 6438971015282332.0 6402845321643759.0 6342226076492973.0 6295896833765638.0 6270288021375851.0 6242568696859384.0 6212201799529699.0 6178405049546501.0 6139966786974821.0 6039204493522768.0 5964382138032260.0 5842384221244512.0
62900.00881209629 7148169861471509.0 7084719320630086.0 7017105216662530.0 6944240791734178.0 6865441108942132.0 6778910803540685.0 6682125033657156.0 6628633684833062.0 6570542661051278.0 6506449519891451.0 6464198350615908.0 6434048020645577.0 6385077742269446.0 6349302632761784.0 6289233785907429.0 6243320871646069.0 6217935827937008.0 6190457441201423.0 6160361050528930.0 6126860791632760.0 6088756261259682.0 5988864682047381.0 5914683786909277.0 5793730269297316.0
63100.00884011568 7071132860235186.0 7008667238242313.0 6941769182079629.0 6870290456868716.0 6792483445160563.0 6707345227814481.0 6612298551643707.0 6559714662737282.0 6502643182664061.0 6439762977316298.0 6398351209720789.0 6368784750966870.0 6320764872195948.0 6285681767390188.0 6226783682828549.0 6181747457928309.0 6156838072625918.0 6129868591545436.0 6100317780524303.0 6067413001911343.0 6029965245787766.0 5931677531827539.0 5858582624106769.0 5739257123746792.0
63300.00886813499 7033476531759033.0 6970885934681239.0 6903740755924609.0 6831948727364143.0 6753857067118748.0 6668502709638793.0 6573129326577765.0 6520433339983180.0 6463306570668495.0 6400280775600887.0 6358820316210819.0 6329213539053980.0 6281181088385970.0 6246121505383790.0 6187304468076578.0 6142384333116237.0 6117572527836052.0 6090728076114136.0 6061343287266896.0 6028660275103407.0 5991517157177620.0 5894306060782908.0 5822262709177169.0 5705039805859616.0
63500.008896154395 6963254136280428.0 6901618523458392.0 6835361906135804.0 6763961735864311.0 6687084658878769.0 6602691515049568.0 6508370713583460.0 6456353701216110.0 6399886416767735.0 6337628951637748.0 6296668313627247.0 6267417723195559.0 6219933176834052.0 6185255868455837.0 6127071062951073.0 6082605405996159.0 6058028495871373.0 6031428832914872.0 6002293536687397.0 5969869509844122.0 5932991799390476.0 5836325029405264.0 5764543110898153.0 5647519707457437.0
63700.00892417379 6902199766905020.0 6841192926139102.0 6776166010067032.0 6706338989601973.0 6630712827733977.0 6547871847995412.0 6455311461752683.0 6404262211829166.0 6348800379981213.0 6287645747054702.0 6247389192993478.0 6218656720134952.0 6172020401864968.0 6137984897730252.0 6080869784422620.0 6037254839290262.0 6013159425454760.0 5987091119252734.0 5958555590052187.0 5926825506136914.0 5890773248345694.0 5796480232690671.0 5726673637543048.0 5613268401859446.0
63900.00895219319 6834347257093299.0 6774250120456186.0 6709884315257828.0 6640544478993223.0 6565482401495632.0 6483352852721057.0 6391569243501334.0 6340897246272289.0 6285903806474119.0 6225295363122816.0 6185382061345992.0 6156899438514636.0 6110628646780132.0 6076828821007715.0 6020120364304244.0 5976778210102495.0 5952816994961705.0 5926882459299926.0 5898470295708452.0 5866850742736342.0 5830886430632664.0 5736607005386530.0 5666606484230984.0 5552541157681399.0
64200.008994222284 6748946958007575.0 6689936089550666.0 6626168155920717.0 6558131103347087.0 6484184008849226.0 6403376135799696.0 6313245319850490.0 6263392735952087.0 6209249543322625.0 6149607951635830.0 6110360256269947.0 6082323857015692.0 6036820260661652.0 6003583424479449.0 5947830591572774.0 5905242308142549.0 5881706841881532.0 5856244895244480.0 5828358064233856.0 5797339486899241.0 5762075753255531.0 5669737413183647.0 5601269255022075.0 5489847747443862.0
64600.00905026098 6619587103670826.0 6561984541580962.0 6500327801978449.0 6434376755044710.0 6362701656590233.0 6284348411834179.0 6196766472786084.0 6148375719440780.0 6095842017310561.0 6037893558020414.0 5999736827868903.0 5972501873841369.0 5928273504574461.0 5895946713361154.0 5841714845949045.0 5800247495325285.0 5777325375167641.0 5752520797392845.0 5725343301089603.0 5695100432231455.0 5660697494530568.0 5570532070207529.0 5503596223352710.0 5394556368244448.0
65000.00910629979 6499522804668432.0 6443261077172691.0 6383245763897593.0 6319022704814766.0 6249359250870836.0 6173128269840217.0 6087966946586909.0 6040844853078342.0 5989742179567131.0 5933335627073551.0 5896145212826498.0 5869613266893631.0 5826510229079499.0 5795017057242079.0 5742149823645672.0 5701730117458216.0 5679383461133414.0 5655202709881531.0 5628708610074657.0 5599225147561296.0 5565692483907978.0 5477816411678084.0 5412604099961864.0 5306431303137553.0
65400.00916233859 6394435899778363.0 6339158871483589.0 6279876543971667.0 6216514946785560.0 6147865341351519.0 6072638570576171.0 5988792563039343.0 5942329379849562.0 5891967239065258.0 5836403039925728.0 5799775064352426.0 5773639657520971.0 5731204076265525.0 5700194851604878.0 5648158426140375.0 5608385835478873.0 5586399912525736.0 5562612394386460.0 5536550033053969.0 5507552120578990.0 5474572917633375.0 5388153114944976.0 5324017402028206.0 5219564692496469.0
65800.0092183773 6284208960940262.0 6230112840161352.0 6172505408287681.0 6110759729698420.0 6043703819002497.0 5970246712380161.0 5888307428164795.0 5843080111091912.0 5793794433535051.0 5739510165363238.0 5703737522895745.0 5678210678030278.0 5636740680210403.0 5606445643284541.0 5555603978138820.0 5516755840030475.0 5495286414063408.0 5472052150206645.0 5446607363941957.0 5418301708195120.0 5386119098977735.0 5301854759671819.0 5239389130002223.0 5137797275406029.0
66200.00927441608 6170174652942891.0 6117170445998030.0 6061026299994861.0 6000742646879561.0 5935337887602123.0 5863748437248655.0 5783816427852437.0 5739604314840197.0 5691632191409485.0 5638651884352070.0 5603741113261424.0 5578805088468460.0 5538323053615958.0 5508738523474071.0 5459074481418175.0 5421096932006932.0 5400102756940174.0 5377373965153429.0 5352474159338382.0 5324758829137803.0 5293233605766079.0 5210596248130360.0 5149245593829172.0 5049319164320412.0
66600.00933045488 6065970051715240.0 6014648945745198.0 5959434350193590.0 5900616073534192.0 5836500033941383.0 5766558959988930.0 5688305610907491.0 5645016481430676.0 5598030823467169.0 5546127931763100.0 5511957345652047.0 5487555457443393.0 5447917323579898.0 5418949947403444.0 5370329305724648.0 5333159334393983.0 5312616417637717.0 5290373138487310.0 5266008916225506.0 5238900933153196.0 5208070199317919.0 5127303881494873.0 5067398745909579.0 4969937915343461.0
67000.00938649359 5957340321670012.0 5907127996517814.0 5853577921285772.0 5796034917398456.0 5733802066024825.0 5665545103565702.0 5589364876644083.0 5547228626848865.0 5501498588570855.0 5450990792223969.0 5417706669088766.0 5393945527495509.0 5355313168596294.0 5327077915790391.0 5279690005147264.0 5243453796974981.0 5223419920119279.0 5201727354741877.0 5177964967413359.0 5151522574914213.0 5121441388412694.0 5042619409685632.0 4984144985234742.0 4889013145827309.0
67400.00944253239 5849452174825629.0 5800662651939501.0 5748439126260178.0 5692512562373610.0 5632002727773812.0 5565593137412788.0 5491395076392741.0 5450348475015472.0 5405715253199097.0 5356469404450339.0 5323984826331595.0 5300798238495880.0 5263108745632871.0 5235547818189562.0 5189258012071362.0 5153840120717572.0 5134252546237536.0 5113040797858182.0 5089793517307752.0 5063908713838901.0 5034451480293910.0 4957180807162346.0 4899784054067020.0 4806292594339601.0
67800.00949857119 5750136575696665.0 5702603799476446.0 5652025497354542.0 5597482660173892.0 5538746494431110.0 5474042206926901.0 5401660444826486.0 5361566203314125.0 5317955607670011.0 5269799400725696.0 5238027851488612.0 5215321874774551.0 5178411804700580.0 5151419930919125.0 5106070522955767.0 5071378717987197.0 5052185595958222.0 5031399327377737.0 5008620496486246.0 4983261219129838.0 4954401300845378.0 4878717643798912.0 4822521394758337.0 4731030374523918.0
68200.00955460989 5655844607820875.0 5608979167342864.0 5558992421798129.0 5505131225452589.0 5447007384818584.0 5383272152945558.0 5312088478246281.0 5272668505243241.0 5229807062705539.0 5182525487654371.0 5151345975493169.0 5129063857319651.0 5092883842087600.0 5066412472315164.0 5021974498237684.0 4987975270528134.0 4969167288769557.0 4948796662931752.0 4926474045146132.0 4901617203953837.0 4873329740807319.0 4799133228651792.0 4744030418052905.0 4654305861797998.0
68600.00961064869 5560600462258288.0 5514652656467552.0 5465581432586044.0 5413020154386070.0 5356302599920511.0 5293931492113796.0 5224335037401379.0 5185829326591620.0 5143948000732504.0 5097694071117937.0 5067197842630879.0 5045414291847324.0 5010030695074426.0 4984135964694483.0 4940652566856557.0 4907387538641766.0 4888983714069660.0 4869052666705667.0 4847209156438193.0 4822888597967118.0 4795208942712823.0 4722612951796246.0 4668711630936369.0 4580986268116698.0
69000.00966668749 5465747139635243.0 5420830668080917.0 5372848407757872.0 5321397009598004.0 5265904644076001.0 5204981327643110.0 5136961016398827.0 5099257032803588.0 5058291901140377.0 5013061352000306.0 4983227094345287.0 4961897225668476.0 4927256274291147.0 4901919222655874.0 4859330700505070.0 4826742846339136.0 4808709144462961.0 4789175252358266.0 4767763242795500.0 4743911469041491.0 4716759672243211.0 4645500653070532.0 4592546975367756.0 4506295263571984.0
69400.00972272619 5371199935342922.0 5327317410679803.0 5280573857717569.0 5230493187545275.0 5176211116840724.0 5116838980429072.0 5050470958823130.0 5013698540458388.0 4973745739617688.0 4929540232881311.0 4900416415528536.0 4879617328156825.0 4845774238489804.0 4821010189456453.0 4779408393228748.0 4747546183372368.0 4729910412843305.0 4710804992242892.0 4689857337604892.0 4666518125173646.0 4639939446194397.0 4570145210516540.0 4518250515233734.0 4433695405709811.5
69800.00977876499 5285402483817091.0 5242300344034169.0 5196456865440646.0 5147378072369487.0 5094133841251501.0 5035817048926128.0 4970630329384259.0 4934508416817436.0 4895291935597482.0 4851961010220633.0 4823364234478390.0 4802926936037118.0 4769701236100796.0 4745398367256366.0 4704556987936105.0 4673289096904722.0 4655980359993948.0 4637231789467299.0 4616675254021284.0 4593775301152559.0 4567701237986910.0 4499244309892525.0 4448360694106878.0 4365482306033716.5
70200.00983480379 5189437450599641.0 5147604394216929.0 5103117618405796.0 5055423817123484.0 5003972453196086.0 4947283217735424.0 4884098538574456.0 4849088781858420.0 4810998013194158.0 4768917969254709.0 4741123785605554.0 4721256879783455.0 4688961392815497.0 4665313697470490.0 4625562401897633.0 4595105353371838.0 4578235998232785.0 4559955260536646.0 4539900266050522.0 4517548982621458.0 4492083309734313.0 4425146135815041.0 4375329250668674.5 4294113018588682.0
70600.00989084248 5109777781687020.0 5068865125878412.0 5024716084464319.0 4977771297929826.0 4927020380041910.0 4871339157438331.0 4809022148899651.0 4774537256727469.0 4737003814813089.0 4695530861815149.0 4668172815330493.0 4648610303213116.0 4616806608507530.0 4593528447162969.0 4554397284892734.0 4524425236358720.0 4507827779672127.0 4489844601169779.5 4470120883276048.5 4448139786060969.5 4423098363830326.5 4357304045646263.5 4308357513737503.5 4228589476251787.5
71000.00994688128 5026596034895370.0 4986126269531586.0 4943134312733383.0 4897123752268396.0 4847394786856705.0 4792910089381339.0 4731853443955074.0 4698085691350889.0 4661301182312366.0 4620664685460969.0 4593868316396945.0 4574678528688267.0 4543496860108338.0 4520685418451484.0 4482324307968696.0 4452930623854710.5 4436656168597462.0 4419015463912546.5 4399665979318362.0 4378099912733784.0 4353525739381247.0 4288937235325786.5 4240867168772421.5 4162496334091048.5
71400.01000292008 4943527540962629.0 4904156816158982.0 4862151366723197.0 4817112606479918.0 4768514443265260.0 4715261210395949.0 4655597207898459.0 4622574394170751.0 4586579587017936.0 4546830906123033.0 4520616250411011.0 4501855424206388.0 4471344362960895.0 4449015391288788.0 4411465265251951.5 4382694893351879.5 4366756323232962.0 4349481776199175.0 4330528444236262.5 4309399783419573.0 4285323335996652.5 4222021827074304.0 4174897236492895.0 4098067390478813.5
71800.01005895888 4862861292143487.0 4824257108580024.0 4782938622405363.0 4739024482791714.0 4691394857872899.0 4639185161595111.0 4580833571464330.0 4548454251701552.0 4513223610570208.0 4474299684298567.5 4448596982764225.5 4430213106296845.5 4400319438107561.0 4378443426643459.0 4341632325358834.0 4313415528742469.5 4297783916553720.5 4280835848052052.0 4262241137865685.0 4241506658077948.5 4217871424503757.5 4155695692004608.0 4109378470147829.5 4033816082352077.5
72200.0101149976 4782331789854912.0 4744623482405717.0 4704703593819028.0 4661721264288178.0 4615354949517087.0 4564377904849826.0 4507294861531865.0 4475673931269881.0 4441258235217495.0 4403182491372075.0 4378054421480324.5 4360084271215617.5 4330833692738919.5 4309422308591274.0 4273391018220819.5 4245763343328283.0 4230454124509519.5 4213854212262543.5 4195635107183005.0 4175315428624423.0 4152147250785653.5 4091173796998495.5 4045732314740800.0 3971580672189779.0
72600.01017103638 4704839245728149.0 4667945356722607.0 4628530446996938.0 4586597900829724.0 4541066376300742.0 4491163131590182.0 4435310659484509.0 4404361803078348.0 4370677910034369.5 4333427085349057.5 4308809681649513.0 4291226807476245.5 4262581734228655.5 4241614386588485.0 4206321155930701.5 4179250719904285.5 4164245714433676.5 4147974115912780.0 4130111617147337.5 4110184947197546.5 4087458706641590.5 4027617063690005.0 3982990885391047.5 3910131192101277.0
73000.01022707518 4632300207702562.0 4595928800836628.0 4557357997921425.0 4516002333074375.0 4471267844382351.5 4422372776127202.5 4367490853499270.5 4337076472105305.5 4303962116449746.0 4267344763966418.5 4243159395436431.5 4225867122206141.0 4197720437100515.5 4177109633358056.5 4142425954716552.0 4115822664145576.0 4101074781758432.5 4085083908700276.5 4067528582968265.0 4047945755549415.0 4025610985072039.5 3966799440590740.5 3922942518654405.5 3851342180509731.0
73400.01028311388 4553788557642061.0 4518144184759194.0 4480688593697540.0 4440523833832902.0 4396999016097172.5 4349369308035365.5 4295953632152735.5 4266302584080530.0 4234060690310259.0 4198371946268991.0 4174786101375678.5 4157918842074855.0 4130466620517143.0 4110350204024578.0 4076482444941028.0 4050485124883659.0 4036072107627270.0 4020432886015786.5 4003257985713608.5 3984089088066835.0 3962216889905734.5 3904565258710946.0 3861525381549438.5 3791196945000233.0
73800.0103391527 4485324094849184.5 4450852940953506.0 4413765144429275.0 4374160872069361.0 4331288911274449.0 4284330190957812.5 4231786935802743.5 4202581831392886.5 4170790119538017.5 4135658258023076.0 4112471051386583.0 4095869916471291.5 4068841154374948.5 4049047476602609.0 4015725336697268.5 3990148314807929.0 3975966714137720.0 3960582774545320.5 3943690401412141.0 3924837442363820.5 3903327993716609.0 3846639549367713.0 3804327147730056.0 3735201223477727.0
74200.0103951915 4410824743893162.0 4376794529943447.0 4340799158678164.0 4302086111852995.0 4260313410403765.0 4214558568741985.0 4163213225864270.5 4134742810627300.5 4103734755748509.0 4069421253879983.0 4046754962493878.5 4030544198582462.0 4004133118873674.0 3984785862581059.0 3952198426335053.5 3927171282616546.5 3913289767550260.0 3898228033245140.5 3881679134250258.5 3863202851596741.0 3842112143189941.0 3786469290075138.5 3744885733060875.5 3676874579036639.5
74600.01045123019 4319623527981705.5 4288778398795887.0 4255789604391974.5 4220160261904063.0 4181404431639363.5 4138536744339442.0 4090165215596714.5 4063211437476246.5 4033696786314102.0 4000949608460122.0 3979242756668228.0 3963683794921094.5 3938303214251555.5 3919670503703733.0 3888209035504566.0 3863993988808582.0 3850544384851348.5 3835935889509468.5 3819866928257323.0 3801906984611684.0 3781378642608038.0 3727103827648532.5 3686451068459297.5 3619845889592796.5
75000.01050726899 4259698870791859.5 4229201915640994.5 4196585258893019.0 4161392252641885.5 4123051852376730.5 4080614070219711.5 4032764223331999.5 4006082219951554.5 3976865963414334.0 3944446267383396.0 3922953128505048.5 3907553618806632.5 3882432245965197.5 3863992890972766.0 3832878384307931.0 3808941858503005.0 3795648367841981.0 3781211561794907.0 3765337959877962.5 3747601402109892.0 3727336271411292.0 3673797483387146.5 3633730478709618.5 3568135437425359.5
75400.01056330778 4207244173433554.0 4175384980346727.0 4141592038150241.5 4105394905520145.5 4066126111392751.0 4023167831013038.5 3974906284035664.0 3948073438727450.5 3918897236180949.5 3886564563584776.5 3865196058671526.5 3849906293574275.5 3824995152933653.0 3806739857209423.0 3775969416754799.0 3752320460472569.5 3739196171652737.5 3724947579621160.0 3709287283157635.0 3691794601070387.5 3671813137762769.0 3619040026754567.5 3579552369296762.0 3514907434594014.0
75800.01061934649 4144770001950617.0 4113310339944716.0 4079991662763186.0 4044344892307125.0 4005752369190099.0 3963477065164742.5 3916005492315714.5 3889650866527647.0 3860968031175298.0 3829192131759768.0 3808186410775604.0 3793161334816678.0 3768677450305492.0 3750727669060581.0 3720473523509242.5 3697225042165070.5 3684321599574309.5 3670312576815312.5 3654915426084852.5 3637713800030142.0 3618064882229788.5 3566165619532046.0 3527326768942836.0 3463735913804843.5
76200.01067538529 4080470599504118.0 4049843051002070.5 4017200735595780.0 3982221295994015.0 3944483922265366.5 3903039303057715.5 3856528233325406.5 3830738948027712.0 3802619583652942.0 3771462334940848.0 3750860122656777.0 3736129448271459.0 3712121456339720.0 3694514226875775.5 3664836537196807.5 3642019288539973.0 3629353929537819.5 3615600859126055.0 3600481274654139.0 3583586901607070.0 3564284119974625.0 3513273329910381.0 3475078351775752.5 3412512229380124.5
76600.01073142409 4018544191845253.0 3988373846217374.5 3956371927518115.5 3922147278674886.5 3885125218210267.0 3844448803419431.0 3798845156196843.0 3773484227895920.5 3745893084641642.0 3715344135122660.0 3695139621437638.0 3680670409720116.0 3657101865656467.5 3639816872173992.5 3610680635704926.5 3588274205157473.0 3575836325067539.0 3562327715553345.0 3547474805745278.0 3530876227243136.5 3511907902778767.5 3461764828127789.0 3424205497697770.5 3362661660405438.5
77000.01078746279 3954039873775315.0 3924581232762526.0 3893382480198145.5 3859990355666922.0 3823804553741014.5 3784080117775137.5 3739556632125945.0 3714819151319992.0 3687870971571996.5 3658023752734752.0 3638280382687319.0 3624148982263622.5 3601120406275332.0 3584229252336741.0 3555739006582038.5 3533818992414418.5 3521643629933400.0 3508418557100511.0 3493872684098731.5 3477609990955910.0 3459017155841042.0 3409824055056380.0 3372939337792469.0 3312449123456253.5
77400.01084350159 3897063086551699.0 3868153240610899.0 3837335801176514.5 3804474712789444.0 3768851578263542.5 3729817487083840.0 3685957676978100.0 3661598104404826.0 3635072148946669.5 3605676983066538.5 3586234865521039.0 3572310368974389.5 3549626688024166.0 3532984365414662.5 3504913245262825.5 3483317172607892.0 3471322986272804.5 3458293238413063.5 3443961941851798.5 3427938780342466.0 3409620023498359.0 3361150588486144.0 3324806674994681.5 3265199590756087.0
77800.01089954039 3838255306017083.5 3809991427151962.5 3779861309035815.5 3747671391661972.5 3712721997299547.0 3674406486126459.5 3631425992827672.5 3607558265259742.0 3581529428087407.5 3552675915679281.0 3533596405929111.5 3519937153747286.0 3497663932152811.5 3481331469270677.5 3453764661105531.5 3432554428750168.0 3420771350539235.0 3407970641616197.5 3393889328146626.5 3378142181521984.0 3360135381654429.0 3312473222026365.0 3276719264157310.5 3218058295911518.5
78200.01095557908 3780724837162214.0 3752863623097663.0 3723398876300101.0 3691740985376822.0 3657455822282404.0 3619878699636652.0 3577728009437863.0 3554293546319267.5 3528770933142749.0 3500462820447351.0 3481735294856514.0 3468332273771293.5 3446475352180840.5 3430442213480210.0 3403380315405422.5 3382551295916007.5 3370978677720940.0 3358403403185528.0 3344566621884673.0 3329091205217823.5 3311391136041126.0 3264518816671975.0 3229339278114853.5 3171595014188852.0
78600.01101161788 3724336034029729.5 3697113570411214.5 3668088938308027.5 3637124249166768.5 3603583820400483.5 3566708934474919.5 3525357867111655.5 3502346138196243.5 3477284780888387.5 3449517251835309.5 3431138854633014.0 3417979610224976.0 3396520695658982.5 3380772736449935.5 3354193339342502.0 3333731615349498.0 3322360058155363.0 3310003159338200.5 3296404619229768.0 3281192187240452.5 3263789923245083.5 3217688711397067.5 3183073060795168.5 3126233648675569.0
79000.01106765668 3668667749668083.0 3642033515859882.5 3613586697076193.5 3583231419756515.0 3550315818793404.5 3514140938103457.0 3473565267676750.0 3451022520712586.0 3426440553784046.5 3399202270497439.0 3381176703171555.0 3368261047139918.0 3347203331655063.0 3331748633923864.0 3305653034052700.0 3285561236063314.5 3274393594827197.0 3262254884543438.5 3248894031773414.5 3233944404859835.0 3216837888480407.5 3171500499249618.0 3137440696942485.0 3081489943808556.5
79400.0111236954 3614032027907421.5 3587873597157295.5 3559987881311022.5 3530248849964431.0 3497980110951525.5 3462551148677648.0 3422780796002787.5 3400668161918861.5 3376564269553918.5 3349834613333041.0 3332149046056769.0 3319471446351473.5 3298806618208437.0 3283636954441793.0 3258021073826892.5 3238290659598969.0 3227319592980128.5 3215394597129991.5 3202266214280383.5 3187573655533534.0 3170756887245229.0 3126167027462620.0 3092650942097035.5 3037568439890141.0
79800.01117973418 3560960521065615.0 3535300690055590.5 3508001984265807.5 3478807538561083.0 3447177012679886.0 3412391628873116.0 3373396712060019.0 3351673678715027.5 3328019267536917.0 3301784909879796.5 3284425865177694.5 3271985430633356.0 3251695597389245.5 3236798953026904.5 3211632949480826.0 3192246921651694.5 3181466085540158.5 3169744088383707.0 3156839087684705.5 3142394194326073.5 3125857617295062.0 3081995684425582.0 3049013637423761.0 2994792388811107.0
80200.01123577298 3506809006789053.0 3481731709768744.5 3454950909061001.0 3426344569256044.0 3395407563864830.5 3361408397985900.5 3323210442819793.0 3301987311240541.5 3278835346897938.0 3253153092041361.5 3236139884678018.5 3223958699783216.0 3204080346042707.5 3189482276804733.5 3164819950744691.5 3145808330090211.0 3135232234285722.0 3123730886348282.5 3111063196117425.5 3096879016545139.0 3080634940079753.5 3037513505552078.0 3005059325806448.0 2951665644004873.5
80600.01129181168 3454926967552652.5 3430283609475308.0 3404111656101674.5 3376125352711607.5 3345811356348550.0 3312527309104609.0 3275138423084647.5 3254325661586601.5 3231617625374288.0 3206424137006438.5 3189746054009103.5 3177792374698898.5 3158291303381930.5 3143967569509684.5 3119754802318957.0 3101084794367808.0 3090696667051042.0 3079397306295216.0 3066950385621133.5 3053009023519117.0 3037038376202685.5 2994621541734320.0 2962679769602544.5 2910106219520651.0
81000.0113478505 3407243652273920.0 3382983371432868.0 3357319263804542.0 3329718940314035.5 3299838575240444.5 3267029452626814.5 3230143344643211.0 3209638275724075.5 3187262811115318.5 3162451875956150.0 3146013520236483.0 3134235568863181.5 3115020938827825.0 3100907764722875.5 3077052747355362.5 3058660841002788.0 3048426762180059.0 3037294270088995.0 3025032444959933.0 3011299884890552.5 2995568495954506.5 2953792182133466.5 2922336145968296.5 2870567470699616.0
81400.0114038893 3353618361278569.0 3330052738022331.0 3304952876542649.5 3278197088638012.0 3249130973283232.5 3217145554273790.0 3181250964511279.5 3161265911790023.0 3139455996549414.5 3115255744141519.5 3099230238991072.0 3087740151206242.5 3068982340280864.5 3055198253352771.0 3031884061967448.0 3013895292396263.5 3003880496057469.0 2992982971333670.0 2980973281217125.0 2967516195863445.0 2952090942514643.0 2911081360197752.0 2880165434687957.5 2829236699243819.0
81800.0114599281 3307603819311025.0 3284427806694236.5 3259752506607484.0 3233295801026983.0 3204725973735472.0 3173261833178283.5 3137870888262541.0 3118196259218954.0 3096718441486519.5 3072878301010949.0 3057087201587388.0 3045761973272441.5 3027278599152756.5 3013692852667909.5 2990716914102185.5 2972988868209778.5 2963118646354507.0 2952377917539364.0 2940541175624485.5 2927277139691365.0 2912073248969215.0 2871651378975241.0 2841177185924933.5 2790974746189973.5
82200.01151596678 3262477664932252.5 3239509851297182.0 3215198366806959.0 3189139448767207.0 3160903192730293.0 3129872787761790.5 3095001696042906.0 3075603584721879.5 3054428749315401.0 3030931795022175.0 3015365227433312.5 3004209824917373.0 2985994528773472.0 2972608421621819.5 2949969298243453.0 2932502496821856.5 2922778774200467.5 2912197933145716.0 2900536200793360.5 2887469237494375.5 2872491012088571.0 2832669393793210.0 2802647785885100.0 2753191043901198.5
82600.01157200559 3215188079909880.5 3192738668593845.5 3168936386827846.5 3143343933857491.5 3115709517682374.0 3085296106108629.5 3051121256361323.0 3032081449430713.0 3011309568012649.5 2988254870534202.0 2972977278176402.0 2962026197500006.0 2944144053103702.5 2931003529335604.0 2908772749297957.0 2891613176151675.5 2882059666463417.5 2871659836657686.0 2860196799177158.0 2847348777963746.0 2832617655685271.5 2793432507580695.0 2763873361394442.0 2715155223044871.0
83000.01162804438 3170102318933211.0 3148069490742536.5 3124665431338459.0 3099548582394847.0 3072326237873714.0 3042441063228997.5 3008863733358097.5 2990156471367031.0 2969749241128357.5 2947085406508751.0 2932064393330127.5 2921296610380518.0 2903719163484553.5 2890797999293794.0 2868929737605845.5 2852051130434805.5 2842650578267104.0 2832418050070107.0 2821136875012159.5 2808490447841546.5 2793989179665509.5 2755402228458460.0 2726284647769363.5 2678281456712198.0
83400.01168408307 3122579160274657.0 3101058898213395.5 3078198828357826.5 3053704923193524.5 3027143843890033.5 2997957508140080.0 2965126067682126.5 2946849035333750.0 2926895736977592.0 2904734741176873.5 2890046822742156.5 2879512548485237.5 2862305940518239.0 2849651593710543.5 2828232172946340.0 2811687434103158.5 2802468581655929.5 2792431476019444.5 2781360957987482.0 2768946258428563.5 2754703250172944.5 2716771697407881.0 2688120905650924.5 2640851968881051.0
83800.01174012189 3080037135131494.5 3058876917557291.5 3036368709261140.0 3012244546488138.5 2986124106283595.5 2957422316502296.5 2925091523836158.5 2907091179052471.0 2887451900857053.0 2865632562001622.0 2851167436938806.5 2840790217900438.5 2823848433438742.5 2811387190058355.5 2790290943556361.0 2773995703764693.5 2764914660968584.5 2755026995394242.0 2744121101195336.5 2731890013640402.0 2717856141144888.5 2680475225309179.5 2652235313679251.0 2605636510393529.5
84200.01179616069 3038332407373682.0 3017487271352846.0 2995297148113840.5 2971579635279884.0 2945861894625314.5 2917584311161742.0 2885770768310939.5 2868069314174708.0 2848732205433716.0 2827249262449667.0 2813007272861825.5 2802796841149224.0 2786110563683884.0 2773840935778777.5 2753067117218526.0 2737019076347063.0 2728076554608187.0 2718337893350319.0 2707596194168490.5 2695549121770569.0 2681725389019366.5 2644901026874437.0 2617078802653139.0 2571165072332639.5
84600.01185219939 2996113649864205.5 2975611240760097.0 2953835703888041.5 2930519692174927.5 2905260660534637.0 2877493662193463.5 2846251782172380.0 2828845611383177.0 2809835226976277.0 2788734528547986.5 2774733265835997.0 2764692366666730.5 2748288777952139.5 2736222875927016.0 2715793474323088.5 2700006817844091.0 2691207569245998.0 2681624402692797.0 2671052812424494.0 2659193266548162.5 2645583432643491.5 2609315130239321.5 2581901459359747.0 2536647221329034.5
85000.01190823817 2954613533233156.5 2934481296224289.5 2913109609649715.0 2890271227793410.0 2865479882387810.5 2838172815703650.0 2807478118234677.5 2790368012961658.5 2771688967601782.5 2750947796697314.0 2737187610813785.0 2727314426265763.5 2711189113699849.5 2699324463222801.5 2679228235729005.0 2663697169999385.5 2655038968118062.5 2645608366469595.5 2635202717462542.0 2623527862771883.5 2610126900877117.5 2574401770461860.0 2547387134158826.0 2502775214882232.0
85400.01196427699 2913673904646731.0 2893894186062941.0 2872977179868923.5 2850516264035355.5 2826165431701604.5 2799349576929081.0 2769199281128263.5 2752413411179186.5 2734076265718590.0 2713691664596418.5 2700173731741021.5 2690474419756191.5 2674626932618984.0 2662966153403112.5 2643212016758268.5 2627939872936239.0 2619423657407514.0 2610146353578051.0 2599908452794173.5 2588419621653474.5 2575229112440822.5 2540051508209538.0 2513439346495854.0 2469477736570840.5
85800.01202031568 2873942756585837.5 2854517214110837.0 2833938968130554.0 2811863518287439.5 2787943622538498.5 2761612819081916.0 2731983389403572.0 2715460235084743.5 2697426295910975.0 2677383203749164.5 2664090173882776.0 2654550600097175.0 2638961572535419.5 2627488262865783.0 2608046795817038.5 2593013515537856.0 2584630215066285.0 2575495678872894.5 2565414866529013.0 2554099708669735.0 2541106036298116.0 2506441920799741.0 2480208148424924.0 2436856830581833.5
86200.01207635448 2833932595636732.5 2814936743024820.5 2794707907190207.0 2773065312470392.5 2749595009039490.5 2723764685396764.5 2694705431250989.0 2678511964796468.5 2660812895553329.0 2641137699893063.5 2628088008826689.5 2618718622708413.0 2603409505370337.0 2592140810551170.5 2573039179284199.5 2558264427003424.5 2550023474226497.0 2541042266876772.0 2531127470312700.0 2519997108462428.5 2507212496948741.5 2473089721633433.5 2447253132029716.0 2404543431544211.5
86600.01213239328 2795766398513087.5 2777107166988141.5 2757267776599021.5 2736024792153898.0 2713009756564710.5 2687641139062443.5 2659066273810360.5 2643137450054907.5 2625733376896965.5 2606382045807361.0 2593538264262335.0 2584321669004504.0 2569253718512401.0 2558162634485530.0 2539358805798112.0 2524810214155983.0 2516694811831667.5 2507849315055473.0 2498083822123592.5 2487119352042054.5 2474523811898964.0 2440897884749973.0 2415431305325199.0 2373324497580732.0
87000.01218843198 2758373034304594.5 2740012733086506.0 2720494172217023.5 2699609058937262.5 2676928002457772.5 2651942480162895.5 2623820996322211.5 2608135820013728.0 2591005579281487.0 2571963198484306.0 2559325514079977.5 2550256495951195.5 2535430025790942.5 2524512724358294.5 2506002397957693.0 2491679796386079.0 2483689058301687.0 2474978596671785.5 2465360725624345.5 2454560991816983.5 2442152469829814.5 2409016513369578.5 2383912648352842.0 2342394910978737.0
87400.01224447078 2719472240283590.5 2701609750779147.5 2682653982130387.5 2662281633113748.0 2640162236383431.0 2615815882628244.5 2588333334180725.0 2572984685407096.0 2556215242517017.5 2537555783727944.5 2525167944408024.5 2516273522322054.0 2501723048669462.5 2491007476079729.0 2472830253139253.0 2458757163819400.0 2450902394677009.5 2442338598455507.5 2432880456743707.0 2422256516993550.0 2410046378344061.5 2377421975693790.0 2352691331120871.0 2311772340943544.5
87800.0123005096 2683025263805521.5 2665507429884343.5 2646838171016733.0 2626816555463685.0 2605084345411912.0 2581154329066781.0 2554119641826544.0 2539034486834162.5 2522544144196643.0 2504195412670824.5 2492007372366763.5 2483256997421794.5 2468941161813834.5 2458396183273625.5 2440505096405017.0 2426649186562699.5 2418915536455524.5 2410482259903784.0 2401166886912680.5 2390701090566047.0 2378670514358375.0 2346514642802340.5 2322129265276815.0 2281768071940123.0
88200.0123565483 2646738170905489.0 2629417221968122.5 2610973627118241.5 2591181554157869.5 2569739439327903.5 2546158243081107.0 2519581101341381.5 2504757532211230.0 2488545755008697.5 2470523734874197.0 2458556440661938.0 2449966311484084.0 2435906020951547.5 2425549584305091.5 2407974192150828.5 2394359990656174.5 2386758534275689.0 2378467676738361.5 2369307618720284.0 2359013680827839.0 2347176966488809.0 2315519442388925.0 2291495130719678.0 2251709380029203.8
88600.01241258708 2611639671347959.0 2594632922318184.0 2576515309485483.0 2557108055253546.5 2536081519767630.5 2512896128503553.5 2486780301285659.0 2472201375897254.0 2456271910665867.0 2438546317068673.5 2426772345721231.0 2418322147918554.5 2404488428806869.5 2394295680087960.0 2376993881738098.0 2363586352150031.5 2356098991315621.5 2347931880018610.0 2338906198067086.0 2328761660758202.5 2317094283196116.0 2285878080538750.0 2262179777376649.5 2222921395734424.5
89000.01246862588 2576862088765728.5 2560131176884116.5 2542312710099672.5 2523261885833705.0 2502586169433471.0 2479790013379129.5 2454113811511324.5 2439786283431747.0 2424118761576505.0 2406687971160127.5 2395111237416373.5 2386792163200131.5 2373185905233799.5 2363156355945181.0 2346129208193358.5 2332931673264701.0 2325559722778144.5 2317517097005348.0 2308627944467150.5 2298635259717553.0 2287139862808383.5 2256372633527957.0 2233005963873967.2 2194286977664415.5
89400.0125246647 2544075842685978.0 2527570007660796.5 2510065655291801.5 2491269934676954.0 2470855827860901.0 2448399557066751.0 2423078536826052.0 2408950777802932.0 2393503054553192.5 2376310485842121.5 2364893570326508.5 2356693187898817.5 2343271318619348.5 2333380493001776.5 2316588384598407.0 2303573097520075.0 2296303188103509.5 2288371646376873.0 2279604644836689.5 2269749195315189.0 2258411943612796.5 2228066146749043.8 2205017935714287.8 2166823999816794.0
89800.01258070339 2508667539557819.5 2492530774186921.5 2475441676020405.0 2457019697962935.0 2437078606800871.5 2415107089718231.0 2390317959141402.0 2376484389999032.0 2361358155809547.0 2344517577538559.5 2333328470175842.0 2325289295234981.5 2312128038744292.5 2302425020654027.0 2285941969740051.5 2273158734271439.0 2266015317051730.0 2258218816241348.5 2249599047805976.8 2239904547956659.2 2228747202642538.2 2198858702157747.5 2176138018072755.5 2138462120279526.2
90200.01263674218 2477169444361403.5 2461278177891727.5 2444342242129971.0 2426198725806548.5 2406524978089365.0 2384837776156847.0 2360387181242901.0 2346741846899061.0 2331817474373146.0 2315208982350922.0 2304174996102881.5 2296247228889820.0 2283268766252368.0 2273702145278294.5 2257451665508196.0 2244848225315791.8 2237806323072983.8 2230120164017007.2 2221622433862779.0 2212065856443153.5 2201067243047240.8 2171605140637207.8 2149209041147092.0 2112071664634793.5
90600.01269278087 2446599160923016.5 2430847869980429.0 2414157334912786.0 2396241620182973.0 2376856629499549.0 2355457943611771.0 2331315820303189.0 2317847029429573.5 2303120859544041.5 2286723240947629.5 2275829008850621.0 2268001149796518.5 2255190038964457.5 2245745549657442.0 2229703723517899.2 2217262605948993.8 2210311031287636.2 2202724553214155.5 2194336123283546.8 2184903074403178.2 2174047140300605.5 2144968949004841.5 2122866562932160.0 2086219560761797.8
91000.01274881969 2412407715490147.0 2397036481402358.5 2380724606659001.5 2363237009284265.0 2344231198446901.0 2323292134427342.0 2299683859273599.5 2286505366962451.0 2272087225870309.0 2256030416208138.0 2245359015604545.8 2237689470844599.0 2225128516071421.5 2215863835005867.5 2200118243965229.2 2187898401547868.8 2181066750665175.2 2173608324345040.5 2165357650302624.5 2156074866308755.0 2145385822716103.5 2116724859437505.5 2094915284780078.0 2058722617680710.5
91400.01280485849 2381538897289124.0 2366491455559994.0 2350449510731805.5 2333231200526871.5 2314533421377990.5 2293950857525015.5 2270715382310412.0 2257745932809766.5 2243549133629521.8 2227744763181134.2 2217235467078816.8 2209684183821466.0 2197314796836535.5 2188190224528573.0 2172682979355462.0 2160644512183830.8 2153913851611927.0 2146564747924761.2 2138434576090059.8 2129286249735063.8 2118750617156777.0 2090494871311284.5 2068988320926791.2 2033291205427282.2
91800.01286089727 2352318790762062.0 2337431636010317.5 2321581809246897.0 2304592197557985.0 2286160964057478.0 2265833376673440.0 2242912884819805.8 2230112543372964.5 2216106818155202.8 2200510652736563.8 2190146153329351.2 2182695086393409.0 2170494080626443.5 2161491897394339.5 2146194266631976.8 2134318758371109.2 2127679376764937.2 2120430268249161.8 2112411446355273.0 2103388049413716.2 2092996963325931.8 2065130629059242.8 2043922206921059.2 2008722733256605.8
92200.01291693597 2322802157764663.0 2308129007267409.0 2292533823000969.5 2275826166757989.0 2257651363269424.5 2237630839653398.0 2215069445346891.0 2202453080300146.5 2188652319389039.5 2173280970958330.0 2163064374778030.8 2155719953323916.5 2143693609130681.8 2134820958841651.8 2119738531822266.8 2108030247577069.0 2101483721273388.0 2094335345277502.8 2086427542017266.0 2077528477325422.8 2067279522481782.2 2039790947992806.0 2018866755357934.8 1984134931718281.8
92600.01297297479 2292859585601629.5 2278457240996134.0 2263089512949565.5 2246674869684418.5 2228832099176379.8 2209168518085257.0 2186951404671806.2 2174557646656049.2 2160990606464141.2 2145877352365271.0 2135826279927576.0 2128602804873566.0 2116770847591459.0 2108037574946747.0 2093192212271312.2 2081664310506220.0 2075216789530385.8 2068175163660193.8 2060384051415944.5 2051614861339606.5 2041512809062744.2 2014407205609450.5 1993765023628683.0 1959489404134957.2
93000.01302901359 2264325971792611.5 2250161735695281.8 2235063691062932.8 2218869804426465.5 2201320755971205.2 2181947149143657.5 2160072679173852.5 2147855474431894.8 2134480177816189.5 2119589050861234.8 2109685908440281.5 2102568515396413.8 2090905200390770.8 2082297427631966.2 2067662693500725.8 2056296170087947.2 2049938915301836.8 2042995560389093.8 2035312486632888.5 2026663932904725.2 2016700621191782.2 1989963813258509.5 1969600125911203.8 1935784456887983.8
93400.01308505228 2234877868690368.8 2220949148384184.5 2206117195679161.0 2190255458190797.5 2172985251595868.5 2153960964993144.8 2132477100053702.5 2120478000852897.5 2107338430835792.5 2092704551106743.0 2082971756862379.8 2075973456610031.0 2064506563469105.5 2056040229987594.2 2041641958870470.0 2030454196173156.0 2024195369993455.8 2017357944065188.2 2009790097608692.0 2001269152269339.8 1991449497058117.2 1965082493643516.8 1944987766998303.2 1911602143582159.8
93800.01314109108 2206448306776283.5 2192805335139503.5 2178298791538798.2 2162708479135905.2 2145787624857984.0 2127105967193149.0 2106010026665964.0 2094213709312423.2 2081300028394186.8 2066904334829644.2 2057324773641861.8 2050437189795480.5 2039150675297472.2 2030814902549456.8 2016635949893751.0 2005614704963469.5 1999447768784425.0 1992709770370737.8 1985250238174474.2 1976849980249234.0 1967167646974733.0 1941160900389642.5 1921333929645719.0 1888384660797611.0
94200.01319712988 2179728077508144.0 2166259293609728.2 2151914823781686.5 2136542875359946.5 2119830252876383.0 2101385488745355.2 2080569563266425.0 2068928899890620.5 2056186271476279.8 2041983532599369.5 2032535505246162.0 2025742416396571.2 2014606799760019.0 2006383068496084.8 1992394098330669.0 1981520833945549.0 1975436507783551.5 1968788665578724.5 1961429029810060.8 1953140897243103.2 1943587543946426.2 1917926415356098.0 1898362150092739.0 1865849683654980.2
94600.01325316858 2151968749716615.8 2138695415834735.0 2124633188438596.5 2109464172830399.8 2093020595281337.8 2074899161120015.8 2054417137548843.2 2042968315540161.0 2030438180004772.5 2016470545944502.5 2007175842036395.0 2000492601513520.8 1989533563937107.0 1981440406162885.8 1967667371807432.8 1956958333054586.0 1950964292978379.2 1944413691946938.2 1937160241167695.8 1928989334127597.0 1919568056968155.0 1894247148257492.2 1874929995581897.2 1842811648304544.2
95000.0133092074 2125719970183365.0 2112662177261233.2 2098770805460116.8 2083863041611360.5 2067675310144893.2 2049814377218169.0 2029635837198989.0 2018353587920765.8 2006009389905375.0 1992241370285483.8 1983080376370663.5 1976491448556829.5 1965690476027466.2 1957711779514917.8 1944133892535161.0 1933575105036396.0 1927664112016769.0 1921204544217115.5 1914051322354868.2 1905993138561272.8 1896701246260619.5 1871725859845243.8 1852671072498246.2 1820988385749832.0
95400.01336524618 2098960110832146.8 2086145126471403.0 2072495942478360.8 2057887367717776.2 2041985700510071.8 2024423610834332.0 2004600058526615.8 1993518424760976.8 1981381911726378.8 1967846857715282.0 1958837804974389.2 1952355350795397.5 1941729949834983.5 1933877236760814.2 1920510504122971.5 1910112074581773.8 1904289910872020.0 1897925655532227.2 1890876676598906.8 1882934280347855.8 1873773769117671.0 1849141579231880.8 1830340573649767.0 1799070173445598.8
95800.01342128488 2073093220239250.0 2060466947157195.8 2047043933504498.0 2032611365437161.2 2016942820944222.8 1999659758482932.5 1980122407591962.8 1969205359311872.0 1957249199649471.2 1943911733329917.5 1935035388634950.5 1928648622917358.0 1918175926886650.8 1910435680216612.5 1897257829999096.8 1887004079071783.8 1881262441531682.8 1874984899121149.5 1868030898843453.2 1860194172143592.5 1851153831088156.2 1826835608837442.8 1808266638906557.0 1777372196357089.2
96200.01347732368 2047471461213080.0 2035073664102725.5 2021860067228451.8 2007700910389693.5 1992306945961879.0 1975332232757057.0 1956133854490131.5 1945395841436276.8 1933633383482455.5 1920514235616474.2 1911780023295278.5 1905494263944441.2 1895185847221983.0 1887566258470269.8 1874588587281114.8 1864488461834146.5 1858831360629553.5 1852645945702928.8 1845792861124119.2 1838068954040324.8 1829157014932983.2 1805177639506759.8 1786862245038331.8 1756383826027430.8
96600.0135333625 2022444336428299.8 2010209341623166.5 1997217944006829.0 1983239694893126.5 1968075184038149.8 1951329514325978.2 1932408383896168.5 1921819986900013.0 1910226736512092.2 1897293654721808.2 1888683858354277.5 1882485799396553.0 1872322769867716.8 1864809236524887.2 1852009626404949.8 1842045915716554.8 1836464386751007.0 1830360600966323.0 1823597195870913.5 1815972421306227.2 1807173506728559.5 1783489278326554.0 1765391921676085.2 1735266866272708.8
97000.01358940119 1998590801963353.8 1986533297750114.0 1973697991034837.5 1959961227358974.0 1945007354877598.5 1928491479264861.2 1909827627556218.8 1899391444941611.8 1887954438823158.8 1875200261679639.8 1866707313472464.2 1860594225404972.0 1850566840488999.5 1843154924532123.0 1830528931638610.5 1820699127903954.2 1815192464265020.0 1809170511902005.2 1802497996455616.5 1794975832079681.0 1786295247888764.0 1762930296526761.5 1745077983806529.5 1715362841751816.8
97400.01364543998 1971833599429209.5 1960081433805008.5 1947564641302125.8 1934139462775537.0 1919545566071453.0 1903419993478407.0 1885181566411915.2 1874982366331326.8 1863796077829903.8 1851315748872885.2 1842999789304455.5 1837013051386052.2 1827187257126157.8 1819918937508402.0 1807528092860887.2 1797873163250915.2 1792461135091112.2 1786540135820765.2 1779975673530558.8 1772571714316445.5 1764021993226348.0 1740984593049741.8 1723362844677411.0 1694007391269017.0
97800.01370147879 1948538374486962.0 1936915946759683.0 1924585507762493.5 1911304409402668.2 1896885123229461.5 1880962353872607.0 1862954383021613.8 1852886782871502.0 1841846250738342.2 1829527739669904.0 1821320474677370.2 1815410609438085.2 1805711878089070.2 1798537071423282.8 1786307255853123.2 1776776356334913.0 1771433574408504.8 1765588076150667.0 1759106886439798.8 1751796061701613.0 1743353520392547.0 1720600426847186.5 1703192256995342.8 1674187418331005.0
98200.01375751749 1926731318840980.2 1915274613134221.0 1903048378577069.0 1889940800394712.8 1875686050885623.0 1859945881509717.5 1842154069934947.0 1832191069476451.5 1821276388694452.5 1809093982755539.2 1800979114379609.5 1795136027380732.5 1785547746033464.0 1778455172099883.5 1766366671544218.0 1756948547374572.5 1751669689318316.8 1745894389427465.5 1739492212218760.2 1732271495313005.2 1723934386346796.0 1701472569232283.2 1684293115971562.5 1655677180447017.5
98600.01381355629 1903870773334803.2 1892561316429204.8 1880515883900933.5 1867619643047122.8 1853562189374036.8 1838041424483556.0 1820502366217307.2 1810683085945839.0 1799926609305613.8 1787916274443637.2 1779913659418747.0 1774153039127353.0 1764694871911773.0 1757699683481531.5 1745775481315648.5 1736483579964283.5 1731274622001239.0 1725576049792623.5 1719257582757748.8 1712130486726904.0 1703900634157210.8 1681722755348132.0 1664756652248234.0 1636491507039666.8
99000.01386959507 1881059404389510.5 1869921452601462.8 1858080057009358.8 1845362360824507.2 1831539488238886.8 1816253086675947.0 1798969440452439.8 1789299285850059.8 1778695642236285.2 1766860547450339.5 1758975005153902.5 1753297616692941.2 1743975800929626.5 1737079108057149.8 1725319580418298.2 1716154594642189.5 1711015702806288.5 1705393043617255.5 1699157877435007.5 1692123575978975.0 1683999276367000.2 1662098440587498.8 1645338363994212.0 1617409009341431.0
99400.01392563377 1857719026914681.2 1846812586522491.0 1835178997762193.8 1822696963323481.2 1809115397258196.5 1794108949327198.2 1777125639623196.5 1767622559938374.5 1757204923198469.2 1745572003172165.2 1737817232486557.8 1732232045158894.8 1723060228771852.2 1716273548030335.8 1704695071290224.2 1695666645227852.8 1690603081402370.8 1685060677126463.8 1678912975072657.8 1671975246833639.2 1663959752578642.8 1642338155466569.8 1625780770678192.8 1598175752533028.0
99800.01398167259 1836739218771335.2 1825967885924288.5 1814494223922556.2 1802156683370443.8 1788744309706070.8 1773932388109959.2 1757171519753680.8 1747788012928946.8 1737498162806773.8 1726008195553925.5 1718348554257015.5 1712835155112100.2 1703776224331349.2 1697073154478008.5 1685640372421406.2 1676724823811647.2 1671724920612139.2 1666252631404874.5 1660183208469168.5 1653334026393220.2 1645421343484033.0 1624080474744577.8 1607740689908219.5 1580502203412552.0
100200.014037711 1815113530806191.2 1804490985701542.0 1793194447846907.5 1781038083750675.2 1767834354490557.2 1753238899316445.2 1736728251095249.8 1727481694505195.2 1717342387745098.5 1706018461395160.0 1698468890368191.0 1693031210227090.2 1684102002042282.0 1677492268504658.2 1666216514298541.8 1657422098802727.8 1652489363792653.2 1647089778467833.2 1641100349805990.8 1634340518750935.5 1626529888861784.2 1605458593240263.2 1589320810121971.5 1562413674121226.8
200000.028019384 231866049202136.44 231076009784303.12 230222569892758.1 229290443493361.38 228256417076267.56 227085386774497.9 225717996226580.7 224929639083781.47 224043541707329.4 223024471964481.9 222326153868929.47 221813153815853.97 220951704962892.4 220298317724449.53 219151710402731.44 218229301868069.34 217701184339403.8 217114483950776.62 216453482458845.97 215695154812084.2 214803828161708.12 212331426664963.2 210388795645031.12 207099119725250.6
400000.056038768 29002636922318.5 28930581139204.66 28851215539472.23 28762589566922.25 28661839889250.684 28544521899850.9 28403174319083.137 28319562953459.246 28223793749207.293 28111404046448.9 28033087101397.156 27974921968191.03 27876136121982.723 27800359812321.52 27665835524394.363 27556402706819.754 27493342127499.98 27422991762080.164 27343412151412.184 27251767918273.008 27143672175729.33 26842418580474.18 26604868760598.605 26201587965607.42
600000.0840581519 8548228590209.328 8528541183392.601 8506685247530.918 8482078397969.417 8453867878477.76 8420732030392.024 8380458562394.554 8356483679541.348 8328907582184.11 8296416367076.38 8273708224039.028 8256813746222.419 8228073442447.9375 8205994446771.699 8166744500460.697 8134777624815.676 8116345023794.533 8095773288741.955 8072493569410.636 8045673888249.703 8014026291174.123 7925750878286.017 7856041815086.562 7737339617369.241
800000.112077536 3585428182223.0605 3577359566968.4995 3568374675442.3477 3558228359962.0474 3546562047189.386 3532820692708.648 3516076358894.7217 3506091286410.464 3494594328054.7705 3481035373833.703 3471552664807.5977 3464494975937.0386 3452484282823.3667 3443254182170.2734 3426839959303.5703 3413466516524.8945 3405753227524.5786 3397143093622.8115 3387397292713.507 3376166289168.075 3362908437778.0903 3325887923617.4136 3296591695149.1284 3246488993505.0625
1000000.1400969197 1825699878517.5457 1821624671770.212 1817081081514.3203 1811944198003.2937 1806031377861.352 1799060008474.5378 1790557750525.0413 1785484774606.1057 1779641653413.9468 1772748296195.3213 1767926055499.522 1764336406629.8884 1758226458997.5583 1753530080268.3284 1745176273427.862 1738367912819.7688 1734440127365.4424 1730054675840.618 1725089378132.1619 1719365236911.99 1712604533207.739 1693699269479.8164 1678698119663.7869 1652896092324.362
1200000.1681163 1051241868215.971 1048902626543.913 1046293134569.5414 1043341444596.9252 1039942368354.5826 1035933141203.1349 1031041690361.884 1028122381043.7043 1024759263231.3878 1020790866580.0023 1018014279064.8688 1015947132729.5764 1012428085402.2983 1009722676224.726 1004909083457.4077 1000984544654.5405 998719737336.3269 996190318513.7926 993325429448.0623 990021153799.6736 986116045902.2538 975177222061.7197 966468389973.9932 951378862771.0643
1400000.1961356897 658981255890.8402 657516501592.5879 655882106576.8809 654032944150.9187 651903027949.9257 649390236763.7465 646323821033.7299 644493393158.0701 642384391818.4363 639895394901.9509 638153612042.9847 636856696146.9589 634648482525.6666 632950453688.5555 629928265607.9364 627463151817.7947 626040024535.1537 624450096624.0106 622648549831.9801 620569576442.3431 618110764957.6736 611209132571.5807 605692007810.4868 596045741924.3628
1600000.2241550698 439623414439.81604 438646457009.8884 437556196304.63763 436322495597.44525 434901280524.89703 433224327513.37506 431177538834.9086 429955561072.8812 428547419423.87555 426885268849.8852 425721889746.4762 424855514032.07 423380063151.43054 422245202334.26355 420224593664.055 418575589522.531 417623201681.9691 416558788328.61707 415352130894.90405 413958791704.93243 412309473281.7622 407668746227.8628 403940739277.9377 397352678146.5917
