mps-atlas-1 MH = -0.1  Teff = 4700 K  logg = 4.6
 1.0 0.9 0.8 0.7 0.6 0.5 0.4 0.35 0.3 0.25 0.22 0.2 0.17 0.15 0.12 0.1 0.09 0.08 0.07 0.06 0.05 0.03 0.02 0.01
90.90001426068909 0.0 0.0 0.0 0.0 0.0 0.0 0.0 0.0 0.0 0.0 0.0 0.0 0.0 0.0 0.0 0.0 0.0 0.0 0.0 0.0 0.0 0.0 0.0 0.0
93.50001691375978 0.0 0.0 0.0 0.0 0.0 0.0 0.0 0.0 0.0 0.0 0.0 0.0 0.0 0.0 0.0 0.0 0.0 0.0 0.0 0.0 0.0 0.0 0.0 0.0
96.10001003008598 0.0 0.0 0.0 0.0 0.0 0.0 0.0 0.0 0.0 0.0 0.0 0.0 0.0 0.0 0.0 0.0 0.0 0.0 0.0 0.0 0.0 0.0 0.0 0.0
97.7000182651065 0.0 0.0 0.0 0.0 0.0 0.0 0.0 0.0 0.0 0.0 0.0 0.0 0.0 0.0 0.0 0.0 0.0 0.0 0.0 0.0 0.0 0.0 0.0 0.0
99.60001433512298 0.0 0.0 0.0 0.0 0.0 0.0 0.0 0.0 0.0 0.0 0.0 0.0 0.0 0.0 0.0 0.0 0.0 0.0 0.0 0.0 0.0 0.0 0.0 0.0
102.00001238253698 0.0 0.0 0.0 0.0 0.0 0.0 0.0 0.0 0.0 0.0 0.0 0.0 0.0 0.0 0.0 0.0 0.0 0.0 0.0 0.0 0.0 0.0 0.0 0.0
103.80001568646998 0.0 0.0 0.0 0.0 0.0 0.0 0.0 0.0 0.0 0.0 0.0 0.0 0.0 0.0 0.0 0.0 0.0 0.0 0.0 0.0 0.0 0.0 0.0 0.0
105.60001899040198 0.0 0.0 0.0 0.0 0.0 0.0 0.0 0.0 0.0 0.0 0.0 0.0 0.0 0.0 0.0 0.0 0.0 0.0 0.0 0.0 0.0 0.0 0.0 0.0
107.70001966607597 0.0 0.0 0.0 0.0 0.0 0.0 0.0 0.0 0.0 0.0 0.0 0.0 0.0 0.0 0.0 0.0 0.0 0.0 0.0 0.0 0.0 0.0 0.0 0.0
110.40001508522998 0.0 0.0 0.0 0.0 0.0 0.0 0.0 0.0 0.0 0.0 0.0 0.0 0.0 0.0 0.0 0.0 0.0 0.0 0.0 0.0 0.0 0.0 0.0 0.0
114.00001215635099 0.0 0.0 0.0 0.0 0.0 0.0 0.0 0.0 0.0 0.0 0.0 0.0 0.0 0.0 0.0 0.0 0.0 0.0 0.0 0.0 0.0 0.0 0.0 0.0
117.80001383312899 0.0 0.0 0.0 0.0 0.0 0.0 0.0 0.0 0.0 0.0 0.0 0.0 0.0 0.0 0.0 0.0 0.0 0.0 0.0 0.0 0.0 0.0 0.0 0.0
121.30001813816598 0.0 0.0 0.0 0.0 0.0 0.0 0.0 0.0 0.0 0.0 0.0 0.0 0.0 0.0 0.0 0.0 0.0 0.0 0.0 0.0 0.0 0.0 0.0 0.0
124.80001290645798 0.0 0.0 0.0 0.0 0.0 0.0 0.0 0.0 0.0 0.0 0.0 0.0 0.0 0.0 0.0 0.0 0.0 0.0 0.0 0.0 0.0 0.0 0.0 0.0
127.10001818778797 0.0 0.0 0.0 0.0 0.0 0.0 0.0 0.0 0.0 0.0 0.0 0.0 0.0 0.0 0.0 0.0 0.0 0.0 0.0 0.0 0.0 0.0 0.0 0.0
128.400019514324 0.0 0.0 0.0 0.0 0.0 0.0 0.0 0.0 0.0 0.0 0.0 0.0 0.0 0.0 0.0 0.0 0.0 0.0 0.0 0.0 0.0 0.0 0.0 0.0
130.50002018999697 0.0 0.0 0.0 0.0 0.0 0.0 0.0 0.0 0.0 0.0 0.0 0.0 0.0 0.0 0.0 0.0 0.0 0.0 0.0 0.0 0.0 0.0 0.0 0.0
132.40001626001398 0.0 0.0 0.0 0.0 0.0 0.0 0.0 0.0 0.0 0.0 0.0 0.0 0.0 0.0 0.0 0.0 0.0 0.0 0.0 0.0 0.0 0.0 0.0 0.0
133.90002219220597 0.0 0.0 0.0 0.0 0.0 0.0 0.0 0.0 0.0 0.0 0.0 0.0 0.0 0.0 0.0 0.0 0.0 0.0 0.0 0.0 0.0 0.0 0.0 0.0
136.60001761136 0.0 0.0 0.0 0.0 0.0 0.0 0.0 0.0 0.0 0.0 0.0 0.0 0.0 0.0 0.0 0.0 0.0 0.0 0.0 0.0 0.0 0.0 0.0 0.0
139.80001500791198 0.0 0.0 0.0 0.0 0.0 0.0 0.0 0.0 0.0 0.0 0.0 0.0 0.0 0.0 0.0 0.0 0.0 0.0 0.0 0.0 0.0 0.0 0.0 0.0
143.30001931294896 0.0 0.0 0.0 0.0 0.0 0.0 0.0 0.0 0.0 0.0 0.0 0.0 0.0 0.0 0.0 0.0 0.0 0.0 0.0 0.0 0.0 0.0 0.0 0.0
147.200023292555 0.0 0.0 0.0 0.0 0.0 0.0 0.0 0.0 0.0 0.0 0.0 0.0 0.0 0.0 0.0 0.0 0.0 0.0 0.0 0.0 0.0 0.0 0.0 0.0
151.00002496933297 0.0 0.0 0.0 0.0 0.0 0.0 0.0 0.0 0.0 0.0 0.0 0.0 0.0 0.0 0.0 0.0 0.0 0.0 0.0 0.0 0.0 0.0 0.0 0.0
155.20002632067897 0.0 0.0 0.0 0.0 0.0 0.0 0.0 0.0 0.0 0.0 0.0 0.0 0.0 0.0 0.0 0.0 0.0 0.0 0.0 0.0 0.0 0.0 0.0 0.0
158.80002339179998 0.0 0.0 0.0 0.0 0.0 0.0 0.0 0.0 0.0 0.0 0.0 0.0 0.0 0.0 0.0 0.0 0.0 0.0 0.0 0.0 0.0 0.0 0.0 0.0
162.00003032509696 0.0 0.0 0.0 0.0 0.0 0.0 0.0 0.0 0.0 0.0 0.0 0.0 0.0 0.0 0.0 0.0 0.0 0.0 0.0 0.0 0.0 0.0 0.0 0.0
166.00002707078698 0.0 0.0 0.0 0.0 0.0 0.0 0.0 0.0 0.0 0.0 0.0 0.0 0.0 0.0 0.0 0.0 0.0 0.0 0.0 0.0 0.0 0.0 0.0 0.0
170.30003072496197 0.0 0.0 0.0 0.0 0.0 0.0 0.0 0.0 0.0 0.0 0.0 0.0 0.0 0.0 0.0 0.0 0.0 0.0 0.0 0.0 0.0 0.0 0.0 0.0
173.40002581868498 0.0 0.0 0.0 0.0 0.0 0.0 0.0 0.0 0.0 0.0 0.0 0.0 0.0 0.0 0.0 0.0 0.0 0.0 0.0 0.0 0.0 0.0 0.0 0.0
176.80002782089397 0.0 0.0 0.0 0.0 0.0 0.0 0.0 0.0 0.0 0.0 0.0 0.0 0.0 0.0 0.0 0.0 0.0 0.0 0.0 0.0 0.0 0.0 0.0 0.0
180.20002982310197 0.0 0.0 0.0 0.0 0.0 0.0 0.0 0.0 0.0 0.0 0.0 0.0 0.0 0.0 0.0 0.0 0.0 0.0 0.0 0.0 0.0 0.0 0.0 0.0
181.70002621855 0.0 0.0 0.0 0.0 0.0 0.0 0.0 0.0 0.0 0.0 0.0 0.0 0.0 0.0 0.0 0.0 0.0 0.0 0.0 0.0 0.0 0.0 0.0 0.0
186.10003217555297 0.0 0.0 0.0 0.0 0.0 0.0 0.0 0.0 0.0 0.0 0.0 0.0 0.0 0.0 0.0 0.0 0.0 0.0 0.0 0.0 0.0 0.0 0.0 0.0
191.00003057320998 0.0 0.0 0.0 0.0 0.0 0.0 0.0 0.0 0.0 0.0 0.0 0.0 0.0 0.0 0.0 0.0 0.0 0.0 0.0 0.0 0.0 0.0 0.0 0.0
193.90002106127596 0.0 0.0 0.0 0.0 0.0 0.0 0.0 0.0 0.0 0.0 0.0 0.0 0.0 0.0 0.0 0.0 0.0 0.0 0.0 0.0 0.0 0.0 0.0 0.0
198.40002932110795 0.0 0.0 0.0 0.0 0.0 0.0 0.0 0.0 0.0 0.0 0.0 0.0 0.0 0.0 0.0 0.0 0.0 0.0 0.0 0.0 0.0 0.0 0.0 0.0
201.80003132331694 0.0 0.0 0.0 0.0 0.0 0.0 0.0 0.0 0.0 0.0 0.0 0.0 0.0 0.0 0.0 0.0 0.0 0.0 0.0 0.0 0.0 0.0 0.0 0.0
205.00002871986896 0.0 0.0 0.0 0.0 0.0 0.0 0.0 0.0 0.0 0.0 0.0 0.0 0.0 0.0 0.0 0.0 0.0 0.0 0.0 0.0 0.0 0.0 0.0 0.0
210.50002186100596 0.0 0.0 0.0 0.0 0.0 0.0 0.0 0.0 0.0 0.0 0.0 0.0 0.0 0.0 0.0 0.0 0.0 0.0 0.0 0.0 0.0 0.0 0.0 0.0
216.20003868128896 0.0 0.0 0.0 0.0 0.0 0.0 0.0 0.0 0.0 0.0 0.0 0.0 0.0 0.0 0.0 0.0 0.0 0.0 0.0 0.0 0.0 0.0 0.0 0.0
219.80002621566598 0.0 0.0 0.0 0.0 0.0 0.0 0.0 0.0 0.0 0.0 0.0 0.0 0.0 0.0 0.0 0.0 0.0 0.0 0.0 0.0 0.0 0.0 0.0 0.0
223.00002361221797 0.0 0.0 0.0 0.0 0.0 0.0 0.0 0.0 0.0 0.0 0.0 0.0 0.0 0.0 0.0 0.0 0.0 0.0 0.0 0.0 0.0 0.0 0.0 0.0
226.80003482573997 0.0 0.0 0.0 0.0 0.0 0.0 0.0 0.0 0.0 0.0 0.0 0.0 0.0 0.0 0.0 0.0 0.0 0.0 0.0 0.0 0.0 0.0 0.0 0.0
230.00003222229196 0.0 0.0 0.0 0.0 0.0 0.0 0.0 0.0 0.0 0.0 0.0 0.0 0.0 0.0 0.0 0.0 0.0 0.0 0.0 0.0 0.0 0.0 0.0 0.0
234.00002896798097 0.0 0.0 0.0 0.0 0.0 0.0 0.0 0.0 0.0 0.0 0.0 0.0 0.0 0.0 0.0 0.0 0.0 0.0 0.0 0.0 0.0 0.0 0.0 0.0
240.00003362326098 0.0 0.0 0.0 0.0 0.0 0.0 0.0 0.0 0.0 0.0 0.0 0.0 0.0 0.0 0.0 0.0 0.0 0.0 0.0 0.0 0.0 0.0 0.0 0.0
246.50003071919295 0.0 0.0 0.0 0.0 0.0 0.0 0.0 0.0 0.0 0.0 0.0 0.0 0.0 0.0 0.0 0.0 0.0 0.0 0.0 0.0 0.0 0.0 0.0 0.0
252.40003307164395 0.0 0.0 0.0 0.0 0.0 0.0 0.0 0.0 0.0 0.0 0.0 0.0 0.0 0.0 0.0 0.0 0.0 0.0 0.0 0.0 0.0 0.0 0.0 0.0
256.80003902864695 0.0 0.0 0.0 0.0 0.0 0.0 0.0 0.0 0.0 0.0 0.0 0.0 0.0 0.0 0.0 0.0 0.0 0.0 0.0 0.0 0.0 0.0 0.0 0.0
260.00003642519897 0.0 0.0 0.0 0.0 0.0 0.0 0.0 0.0 0.0 0.0 0.0 0.0 0.0 0.0 0.0 0.0 0.0 0.0 0.0 0.0 0.0 0.0 0.0 0.0
264.00003317088897 0.0 0.0 0.0 0.0 0.0 0.0 0.0 0.0 0.0 0.0 0.0 0.0 0.0 0.0 0.0 0.0 0.0 0.0 0.0 0.0 0.0 0.0 0.0 0.0
268.50004143072096 0.0 0.0 0.0 0.0 0.0 0.0 0.0 0.0 0.0 0.0 0.0 0.0 0.0 0.0 0.0 0.0 0.0 0.0 0.0 0.0 0.0 0.0 0.0 0.0
273.50004213120496 0.0 0.0 0.0 0.0 0.0 0.0 0.0 0.0 0.0 0.0 0.0 0.0 0.0 0.0 0.0 0.0 0.0 0.0 0.0 0.0 0.0 0.0 0.0 0.0
278.50004283168994 0.0 0.0 0.0 0.0 0.0 0.0 0.0 0.0 0.0 0.0 0.0 0.0 0.0 0.0 0.0 0.0 0.0 0.0 0.0 0.0 0.0 0.0 0.0 0.0
284.00003597282694 0.0 0.0 0.0 0.0 0.0 0.0 0.0 0.0 0.0 0.0 0.0 0.0 0.0 0.0 0.0 0.0 0.0 0.0 0.0 0.0 0.0 0.0 0.0 0.0
290.00004062810694 0.0 0.0 0.0 0.0 0.0 0.0 0.0 0.0 0.0 0.0 0.0 0.0 0.0 0.0 0.0 0.0 0.0 0.0 0.0 0.0 0.0 0.0 0.0 0.0
296.000045283386 0.0 0.0 0.0 0.0 0.0 0.0 0.0 0.0 0.0 0.0 0.0 0.0 0.0 0.0 0.0 0.0 0.0 0.0 0.0 0.0 0.0 0.0 0.0 0.0
301.0000459838709 0.0 0.0 0.0 0.0 0.0 0.0 0.0 0.0 0.0 0.0 0.0 0.0 0.0 0.0 0.0 0.0 0.0 0.0 0.0 0.0 0.0 0.0 0.0 0.0
308.0000355204559 0.0 0.0 0.0 0.0 0.0 0.0 0.0 0.0 0.0 0.0 0.0 0.0 0.0 0.0 0.0 0.0 0.0 0.0 0.0 0.0 0.0 0.0 0.0 0.0
318.00003692142496 0.0 0.0 0.0 0.0 0.0 0.0 0.0 0.0 0.0 0.0 0.0 0.0 0.0 0.0 0.0 0.0 0.0 0.0 0.0 0.0 0.0 0.0 0.0 0.0
328.0000383223939 0.0 0.0 0.0 0.0 0.0 0.0 0.0 0.0 0.0 0.0 0.0 0.0 0.0 0.0 0.0 0.0 0.0 0.0 0.0 0.0 0.0 0.0 0.0 0.0
338.00003972336293 0.0 0.0 0.0 0.0 0.0 0.0 0.0 0.0 0.0 0.0 0.0 0.0 0.0 0.0 0.0 0.0 0.0 0.0 0.0 0.0 0.0 0.0 0.0 0.0
348.00004112433294 0.0 0.0 0.0 0.0 0.0 0.0 0.0 0.0 0.0 0.0 0.0 0.0 0.0 0.0 0.0 0.0 0.0 0.0 0.0 0.0 0.0 0.0 0.0 0.0
357.00005764399594 0.0 0.0 0.0 0.0 0.0 0.0 0.0 0.0 0.0 0.0 0.0 0.0 0.0 0.0 0.0 0.0 0.0 0.0 0.0 0.0 0.0 0.0 0.0 0.0
366.00003601668095 0.0 0.0 0.0 0.0 0.0 0.0 0.0 0.0 0.0 0.0 0.0 0.0 0.0 0.0 0.0 0.0 0.0 0.0 0.0 0.0 0.0 0.0 0.0 0.0
375.0000525363449 0.0 0.0 0.0 0.0 0.0 0.0 0.0 0.0 0.0 0.0 0.0 0.0 0.0 0.0 0.0 0.0 0.0 0.0 0.0 0.0 0.0 0.0 0.0 0.0
385.0000539373139 0.0 0.0 0.0 0.0 0.0 0.0 0.0 0.0 0.0 0.0 0.0 0.0 0.0 0.0 0.0 0.0 0.0 0.0 0.0 0.0 0.0 0.0 0.0 0.0
395.00005533828295 0.0 0.0 0.0 0.0 0.0 0.0 0.0 0.0 0.0 0.0 0.0 0.0 0.0 0.0 0.0 0.0 0.0 0.0 0.0 0.0 0.0 0.0 0.0 0.0
405.00005673925295 0.0 0.0 0.0 0.0 0.0 0.0 0.0 0.0 0.0 0.0 0.0 0.0 0.0 0.0 0.0 0.0 0.0 0.0 0.0 0.0 0.0 0.0 0.0 0.0
414.0000732589159 0.0 0.0 0.0 0.0 0.0 0.0 0.0 0.0 0.0 0.0 0.0 0.0 0.0 0.0 0.0 0.0 0.0 0.0 0.0 0.0 0.0 0.0 0.0 0.0
422.0000667502959 0.0 0.0 0.0 0.0 0.0 0.0 0.0 0.0 0.0 0.0 0.0 0.0 0.0 0.0 0.0 0.0 0.0 0.0 0.0 0.0 0.0 0.0 0.0 0.0
430.0000602416759 0.0 0.0 0.0 0.0 0.0 0.0 0.0 0.0 0.0 0.0 0.0 0.0 0.0 0.0 0.0 0.0 0.0 0.0 0.0 0.0 0.0 0.0 0.0 0.0
441.0000465239509 0.0 0.0 0.0 0.0 0.0 0.0 0.0 0.0 0.0 0.0 0.0 0.0 0.0 0.0 0.0 0.0 0.0 0.0 0.0 0.0 0.0 0.0 0.0 0.0
451.00004792491995 0.0 0.0 0.0 0.0 0.0 0.0 0.0 0.0 0.0 0.0 0.0 0.0 0.0 0.0 0.0 0.0 0.0 0.0 0.0 0.0 0.0 0.0 0.0 0.0
460.0000644445829 0.0 0.0 0.0 0.0 0.0 0.0 0.0 0.0 0.0 0.0 0.0 0.0 0.0 0.0 0.0 0.0 0.0 0.0 0.0 0.0 0.0 0.0 0.0 0.0
470.00006584555194 0.0 0.0 0.0 0.0 0.0 0.0 0.0 0.0 0.0 0.0 0.0 0.0 0.0 0.0 0.0 0.0 0.0 0.0 0.0 0.0 0.0 0.0 0.0 0.0
480.00006724652195 0.0 0.0 0.0 0.0 0.0 0.0 0.0 0.0 0.0 0.0 0.0 0.0 0.0 0.0 0.0 0.0 0.0 0.0 0.0 0.0 0.0 0.0 0.0 0.0
490.00006864749093 0.0 0.0 0.0 0.0 0.0 0.0 0.0 0.0 0.0 0.0 0.0 0.0 0.0 0.0 0.0 0.0 0.0 0.0 0.0 0.0 0.0 0.0 0.0 0.0
500.00007004845986 0.0 0.0 0.0 0.0 0.0 0.0 0.0 0.0 0.0 0.0 0.0 0.0 0.0 0.0 0.0 0.0 0.0 0.0 0.0 0.0 0.0 0.0 0.0 0.0
506.0000556302499 0.0 0.0 0.0 0.0 0.0 0.0 0.0 0.0 0.0 0.0 0.0 0.0 0.0 0.0 0.0 0.0 0.0 0.0 0.0 0.0 0.0 0.0 0.0 0.0
512.000079359019 0.0 0.0 0.0 0.0 0.0 0.0 0.0 0.0 0.0 0.0 0.0 0.0 0.0 0.0 0.0 0.0 0.0 0.0 0.0 0.0 0.0 0.0 0.0 0.0
520.0000728503979 0.0 0.0 0.0 0.0 0.0 0.0 0.0 0.0 0.0 0.0 0.0 0.0 0.0 0.0 0.0 0.0 0.0 0.0 0.0 0.0 0.0 0.0 0.0 0.0
530.0000742513679 0.0 0.0 0.0 0.0 0.0 0.0 0.0 0.0 0.0 0.0 0.0 0.0 0.0 0.0 0.0 0.0 0.0 0.0 0.0 0.0 0.0 0.0 0.0 0.0
540.0000756523369 0.0 0.0 0.0 0.0 0.0 0.0 0.0 0.0 0.0 0.0 0.0 0.0 0.0 0.0 0.0 0.0 0.0 0.0 0.0 0.0 0.0 0.0 0.0 0.0
550.000077053306 0.0 0.0 0.0 0.0 0.0 0.0 0.0 0.0 0.0 0.0 0.0 0.0 0.0 0.0 0.0 0.0 0.0 0.0 0.0 0.0 0.0 0.0 0.0 0.0
560.0000784542749 0.0 0.0 0.0 0.0 0.0 0.0 0.0 0.0 0.0 0.0 0.0 0.0 0.0 0.0 0.0 0.0 0.0 0.0 0.0 0.0 0.0 0.0 0.0 0.0
570.0000798552438 0.0 0.0 0.0 0.0 0.0 0.0 0.0 0.0 0.0 0.0 0.0 0.0 0.0 0.0 0.0 0.0 0.0 0.0 0.0 0.0 0.0 0.0 0.0 0.0
580.0000812562139 0.0 0.0 0.0 0.0 0.0 0.0 0.0 0.0 0.0 0.0 0.0 0.0 0.0 0.0 0.0 0.0 0.0 0.0 0.0 0.0 0.0 0.0 0.0 0.0
590.0000826571829 0.0 0.0 0.0 0.0 0.0 0.0 0.0 0.0 0.0 0.0 0.0 0.0 0.0 0.0 0.0 0.0 0.0 0.0 0.0 0.0 0.0 0.0 0.0 0.0
600.0000840581519 0.0 0.0 0.0 0.0 0.0 0.0 0.0 0.0 0.0 0.0 0.0 0.0 0.0 0.0 0.0 0.0 0.0 0.0 0.0 0.0 0.0 0.0 0.0 0.0
610.0000854591209 0.0 0.0 0.0 0.0 0.0 0.0 0.0 0.0 0.0 0.0 0.0 0.0 0.0 0.0 0.0 0.0 0.0 0.0 0.0 0.0 0.0 0.0 0.0 0.0
620.0000868600898 0.0 0.0 0.0 0.0 0.0 0.0 0.0 0.0 0.0 0.0 0.0 0.0 0.0 0.0 0.0 0.0 0.0 0.0 0.0 0.0 0.0 0.0 0.0 0.0
630.0000882610599 0.0 0.0 0.0 0.0 0.0 0.0 0.0 0.0 0.0 0.0 0.0 0.0 0.0 0.0 0.0 0.0 0.0 0.0 0.0 0.0 0.0 0.0 0.0 0.0
640.0000896620288 0.0 0.0 0.0 0.0 0.0 0.0 0.0 0.0 0.0 0.0 0.0 0.0 0.0 0.0 0.0 0.0 0.0 0.0 0.0 0.0 0.0 0.0 0.0 0.0
650.0000910629979 0.0 0.0 0.0 0.0 0.0 0.0 0.0 0.0 0.0 0.0 0.0 0.0 0.0 0.0 0.0 0.0 0.0 0.0 0.0 0.0 0.0 0.0 0.0 0.0
658.0001227013558 0.0 0.0 0.0 0.0 0.0 0.0 0.0 0.0 0.0 0.0 0.0 0.0 0.0 0.0 0.0 0.0 0.0 0.0 0.0 0.0 0.0 0.0 0.0 0.0
665.0000931644519 0.0 0.0 0.0 0.0 0.0 0.0 0.0 0.0 0.0 0.0 0.0 0.0 0.0 0.0 0.0 0.0 0.0 0.0 0.0 0.0 0.0 0.0 0.0 0.0
675.0000945654209 0.0 0.0 0.0 0.0 0.0 0.0 0.0 0.0 0.0 0.0 0.0 0.0 0.0 0.0 0.0 0.0 0.0 0.0 0.0 0.0 0.0 0.0 0.0 0.0
685.00009596639 0.0 0.0 0.0 0.0 0.0 0.0 0.0 0.0 0.0 0.0 0.0 0.0 0.0 0.0 0.0 0.0 0.0 0.0 0.0 0.0 0.0 0.0 0.0 0.0
695.0000973673589 0.0 0.0 0.0 0.0 0.0 0.0 0.0 0.0 0.0 0.0 0.0 0.0 0.0 0.0 0.0 0.0 0.0 0.0 0.0 0.0 0.0 0.0 0.0 0.0
705.0000987683289 0.0 0.0 0.0 0.0 0.0 0.0 0.0 0.0 0.0 0.0 0.0 0.0 0.0 0.0 0.0 0.0 0.0 0.0 0.0 0.0 0.0 0.0 0.0 0.0
716.0000850506029 0.0 0.0 0.0 0.0 0.0 0.0 0.0 0.0 0.0 0.0 0.0 0.0 0.0 0.0 0.0 0.0 0.0 0.0 0.0 0.0 0.0 0.0 0.0 0.0
726.0000864515729 0.0 0.0 0.0 0.0 0.0 0.0 0.0 0.0 0.0 0.0 0.0 0.0 0.0 0.0 0.0 0.0 0.0 0.0 0.0 0.0 0.0 0.0 0.0 0.0
735.0001029712358 0.0 0.0 0.0 0.0 0.0 0.0 0.0 0.0 0.0 0.0 0.0 0.0 0.0 0.0 0.0 0.0 0.0 0.0 0.0 0.0 0.0 0.0 0.0 0.0
745.0001043722049 0.0 0.0 0.0 0.0 0.0 0.0 0.0 0.0 0.0 0.0 0.0 0.0 0.0 0.0 0.0 0.0 0.0 0.0 0.0 0.0 0.0 0.0 0.0 0.0
755.0001057731748 0.0 0.0 0.0 0.0 0.0 0.0 0.0 0.0 0.0 0.0 0.0 0.0 0.0 0.0 0.0 0.0 0.0 0.0 0.0 0.0 0.0 0.0 0.0 0.0
765.0001071741439 0.0 0.0 0.0 0.0 0.0 0.0 0.0 0.0 0.0 0.0 0.0 0.0 0.0 0.0 0.0 0.0 0.0 0.0 0.0 0.0 0.0 0.0 0.0 0.0
775.0001085751129 0.0 0.0 0.0 0.0 0.0 0.0 0.0 0.0 0.0 0.0 0.0 0.0 0.0 0.0 0.0 0.0 0.0 0.0 0.0 0.0 0.0 0.0 0.0 0.0
785.0001099760818 0.0 0.0 0.0 0.0 0.0 0.0 0.0 0.0 0.0 0.0 0.0 0.0 0.0 0.0 0.0 0.0 0.0 0.0 0.0 0.0 0.0 0.0 0.0 0.0
795.0001113770509 0.0 0.0 0.0 0.0 0.0 0.0 0.0 0.0 0.0 0.0 0.0 0.0 0.0 0.0 0.0 0.0 0.0 0.0 0.0 0.0 0.0 0.0 0.0 0.0
805.0001127780208 0.0 0.0 0.0 0.0 0.0 0.0 0.0 0.0 0.0 0.0 0.0 0.0 0.0 0.0 0.0 0.0 0.0 0.0 0.0 0.0 0.0 0.0 0.0 0.0
815.0001141789899 0.0 0.0 0.0 0.0 0.0 0.0 0.0 0.0 0.0 0.0 0.0 0.0 0.0 0.0 0.0 0.0 0.0 0.0 0.0 0.0 0.0 0.0 0.0 0.0
825.0001155799589 0.0 0.0 0.0 0.0 0.0 0.0 0.0 0.0 0.0 0.0 0.0 0.0 0.0 0.0 0.0 0.0 0.0 0.0 0.0 0.0 0.0 0.0 0.0 0.0
835.0001169809279 0.0 0.0 0.0 0.0 0.0 0.0 0.0 0.0 0.0 0.0 0.0 0.0 0.0 0.0 0.0 0.0 0.0 0.0 0.0 0.0 0.0 0.0 0.0 0.0
845.0001183818969 0.0 0.0 0.0 0.0 0.0 0.0 0.0 0.0 0.0 0.0 0.0 0.0 0.0 0.0 0.0 0.0 0.0 0.0 0.0 0.0 0.0 0.0 0.0 0.0
855.0001197828668 0.0 0.0 0.0 0.0 0.0 0.0 0.0 0.0 0.0 0.0 0.0 0.0 0.0 0.0 0.0 0.0 0.0 0.0 0.0 0.0 0.0 0.0 0.0 0.0
865.0001211838357 0.0 0.0 0.0 0.0 0.0 0.0 0.0 0.0 0.0 0.0 0.0 0.0 0.0 0.0 0.0 0.0 0.0 0.0 0.0 0.0 0.0 0.0 0.0 0.0
875.0001225848048 0.0 0.0 0.0 0.0 0.0 0.0 0.0 0.0 0.0 0.0 0.0 0.0 0.0 0.0 0.0 0.0 0.0 0.0 0.0 0.0 0.0 0.0 0.0 0.0
885.0001239857738 0.0 0.0 0.0 0.0 0.0 0.0 0.0 0.0 0.0 0.0 0.0 0.0 0.0 0.0 0.0 0.0 0.0 0.0 0.0 0.0 0.0 0.0 0.0 0.0
895.0001253867429 0.0 0.0 0.0 0.0 0.0 0.0 0.0 0.0 0.0 0.0 0.0 0.0 0.0 0.0 0.0 0.0 0.0 0.0 0.0 0.0 0.0 0.0 0.0 0.0
905.0001267877128 0.0 0.0 0.0 0.0 0.0 0.0 0.0 0.0 0.0 0.0 0.0 0.0 0.0 0.0 0.0 0.0 0.0 0.0 0.0 0.0 0.0 0.0 0.0 0.0
915.0001281886819 4.98501736187683 3.9270153415352147 3.0036360221023064 2.2134150409654483 1.5539926836215043 1.0218485738876422 0.6119418467572505 0.45070769667856125 0.3171548909881822 0.20989723451142808 0.15747404314964658 0.1272393742929044 0.0886089633486072 0.06711482412991829 0.04085883063728155 0.02710333646739354 0.021290297599516568 0.016164200060035525 0.01171318288372283 0.007934072309544363 0.004839206156614821 0.0008815016129413347 0.00013059079773551784 5.741294796566199e-07
925.0001295896509 11.614714705991242 9.235679572054059 7.140446177876985 5.328110245042149 3.7963595618938384 2.5409683462248154 1.5550557399331355 1.159993882802651 0.8278632357114419 0.5563607560582065 0.42139500916451067 0.34262318621322696 0.24069066320607804 0.183190317382235 0.11198277614042397 0.07418074359103105 0.058102472409006845 0.04388603429644361 0.03153443505647307 0.021077504792454356 0.012588394119420669 0.002089801346851056 0.0002754776976686511 8.751869880896944e-07
935.0001309906198 15.355878799542262 12.170523955225365 9.375309708523487 6.967379201799218 4.941675890031028 3.290243665015265 2.001205623855212 1.4874131523506664 1.0571016220865985 0.7067615032167921 0.5332109673281655 0.4321511293158353 0.30169346440034206 0.2283065871563706 0.13775002976136566 0.08995352883507002 0.06974694725755214 0.05199282604672722 0.03671234492237465 0.023961483632462623 0.013841993032975687 0.0020365048928772302 0.00023939087536226634 6.15595797927648e-07
945.0001323915889 14.73933855002498 11.677129375385709 8.991617561635596 6.679565884508171 4.735650567373977 3.1518460978211653 1.916520505122431 1.4245465409128568 1.0128233141605005 0.6779231566886451 0.5121404060447582 0.41563226272375475 0.2910469812468687 0.2209239267221504 0.1342487294065352 0.0883283777141735 0.06883290571707996 0.051630552340663695 0.03673641276343233 0.02420325706461604 0.01413917058925659 0.002121199808132783 0.00024306117829195426 4.885512496038719e-07
955.0001337925579 26.035158118507344 20.72762801450971 16.051116035790663 12.00264107993457 8.575980586650047 5.760619426893412 3.5402460738048163 2.645960980481809 1.8904952617545514 1.2690597823677507 0.9582521876150032 0.7761133278601638 0.5395478185258993 0.40574614287737615 0.2402094136821642 0.15313593153258956 0.11663993151421378 0.0849235842826558 0.058097731564141435 0.036312603891708824 0.019736518655363293 0.0023042911124050666 0.00020818108815398776 2.468647075920567e-07
965.0001351935279 43.53388644074827 34.685857593996374 26.890040940522056 20.140263733501754 14.42511481348741 9.72622290035387 6.015506006365812 4.51820446041206 3.2506078502224893 2.20415777059238 1.678313039937489 1.3688142677667163 0.9643769491950783 0.7336291533146294 0.44442311865910916 0.2892131549112552 0.22300885193890066 0.1646156492132863 0.11433295764226552 0.07261502443151474 0.040076980991804234 0.004685639615135314 0.000394763847867862 3.506233274071636e-07
975.0001365944969 31.595993969317966 25.226490109906727 19.60955183175632 14.74077300963374 10.61187844839289 7.209416827478002 4.512512501082659 3.419159961510069 2.4889067927344626 1.7149993702594954 1.322392832302488 1.0893667436294578 0.7814136746088267 0.6030021668439802 0.3745977406067448 0.2483509384276268 0.1932696654236691 0.14386067315269618 0.10055158726206172 0.06399134357633894 0.035074956164978265 0.0037152198124799133 0.0002531825852171608 9.367673751162161e-08
985.0001379954657 79.42893195326873 63.56321392691514 49.52215967962415 37.30127817364837 26.88808663205897 18.259304664046205 11.376581893849416 8.57242485955097 6.180524280554801 4.189429399387155 3.181992692488057 2.5867371472823137 1.8067092736658996 1.3612469172798236 0.80482960322458 0.5096294594151608 0.3855341083781309 0.2777364175195186 0.1869030033625047 0.11383742155503043 0.05933149562973005 0.005634247690350495 0.00037950450064579003 1.8462413124042114e-07
995.0001393964347 112.41462041726996 90.13589966617386 70.38571886842871 53.16058629964126 38.44659909523564 26.215554353206034 16.418911315748648 12.4107528910827 8.97970300771141 6.111015644269718 4.653248987208015 3.789205791803684 2.653004293809346 2.001580008634855 1.1844775574992918 0.7491229243753734 0.5657341344646617 0.4063276402771766 0.2720666962614348 0.16432843513951634 0.08444001232002658 0.007440525529395062 0.00044734361141203906 1.5088135547168324e-07
1005.0001407973998 92.91911894077909 74.5439761893969 58.249862768144915 44.034319275321316 31.886412410620974 21.7835389262743 13.686034945737362 10.370275308937115 7.529162337451189 5.1497201170205535 3.9378076024676156 3.217929194568233 2.2683715284580197 1.7215154999649722 1.0309079865810578 0.6590382347712215 0.5009307172471761 0.3624108237688103 0.24461955084311895 0.14900700654276233 0.07716268372928137 0.006729494067805148 0.0003723963096518198 7.854344139270295e-08
1015.0001421983698 116.50142272275924 93.57547839342553 73.24660567711207 55.50663492221269 40.33612972738358 27.699956443431393 17.540027396718152 13.361764559783916 9.765380354800008 6.733484360354818 5.1776277664698025 4.247760777010379 3.0118984622049716 2.293482015135534 1.376243041966566 0.8765397776696691 0.6628839738380352 0.4754176981896116 0.31631305754109945 0.18819909443547544 0.0937280090618965 0.00673326126391695 0.00028232343384763757 2.4468490686504224e-08
1025.0001435993397 146.75746877192054 118.49191210326092 93.26347224276867 71.08498059466238 51.95913205820773 35.87379566037266 22.795455655827997 17.366130267340985 12.664130708564644 8.679604577224785 6.630083511946733 5.405544368943694 3.782510411818527 2.8448974204200557 1.6624107434986246 1.0319524026177673 0.7677537676826085 0.53998730138561 0.3508831335467597 0.2027571046734599 0.09728566421655925 0.006180533956701678 0.00022839006713375724 1.4232781934321817e-08
1035.0001450003099 231.5857884098244 186.95815236956847 147.17866869007693 112.25199455780078 82.16564330791446 56.882371202860725 36.328577255056885 27.7890986488485 20.382282542496032 14.086742264441874 10.834789933931022 8.884054223786576 6.284064973947128 4.770370948178801 2.840029203478077 1.7939041330532173 1.3494311564598283 0.9617728786676034 0.6352709238060459 0.37484366494097293 0.1849640198488399 0.01304777717855305 0.0005460878800740899 4.895400783943659e-08
1045.0001464012798 322.84750417590743 261.1874772834658 206.0681997674288 157.5201811432226 115.55382771338012 80.14954333730039 51.24346811366158 39.19191203806312 28.71597378989158 19.79602137409029 15.185046254850452 12.419585054845685 8.737617927520779 6.598981680142853 3.8841465399954562 2.424977222955613 1.809969401992724 1.2775163568670482 0.8333851454232805 0.4837059891924644 0.2332893005417364 0.015042574997138725 0.0005635700145669531 3.6344084118885135e-08
1055.0001478022498 0.0 0.0 0.0 0.0 0.0 0.0 0.0 0.0 0.0 0.0 0.0 0.0 0.0 0.0 0.0 0.0 0.0 0.0 0.0 0.0 0.0 0.0 0.0 0.0
1065.0001492032197 0.0 0.0 0.0 0.0 0.0 0.0 0.0 0.0 0.0 0.0 0.0 0.0 0.0 0.0 0.0 0.0 0.0 0.0 0.0 0.0 0.0 0.0 0.0 0.0
1075.00015060419 0.0 0.0 0.0 0.0 0.0 0.0 0.0 0.0 0.0 0.0 0.0 0.0 0.0 0.0 0.0 0.0 0.0 0.0 0.0 0.0 0.0 0.0 0.0 0.0
1085.0001520051599 0.0 0.0 0.0 0.0 0.0 0.0 0.0 0.0 0.0 0.0 0.0 0.0 0.0 0.0 0.0 0.0 0.0 0.0 0.0 0.0 0.0 0.0 0.0 0.0
1095.0001534061298 0.0 0.0 0.0 0.0 0.0 0.0 0.0 0.0 0.0 0.0 0.0 0.0 0.0 0.0 0.0 0.0 0.0 0.0 0.0 0.0 0.0 0.0 0.0 0.0
1105.0001548070998 0.0 0.0 0.0 0.0 0.0 0.0 0.0 0.0 0.0 0.0 0.0 0.0 0.0 0.0 0.0 0.0 0.0 0.0 0.0 0.0 0.0 0.0 0.0 0.0
1115.00015620807 0.0 0.0 0.0 0.0 0.0 0.0 0.0 0.0 0.0 0.0 0.0 0.0 0.0 0.0 0.0 0.0 0.0 0.0 0.0 0.0 0.0 0.0 0.0 0.0
1125.0001576090297 0.0 0.0 0.0 0.0 0.0 0.0 0.0 0.0 0.0 0.0 0.0 0.0 0.0 0.0 0.0 0.0 0.0 0.0 0.0 0.0 0.0 0.0 0.0 0.0
1135.0001590099998 0.0 0.0 0.0 0.0 0.0 0.0 0.0 0.0 0.0 0.0 0.0 0.0 0.0 0.0 0.0 0.0 0.0 0.0 0.0 0.0 0.0 0.0 0.0 0.0
1145.0001604109698 0.0 0.0 0.0 0.0 0.0 0.0 0.0 0.0 0.0 0.0 0.0 0.0 0.0 0.0 0.0 0.0 0.0 0.0 0.0 0.0 0.0 0.0 0.0 0.0
1155.0001618119397 0.0 0.0 0.0 0.0 0.0 0.0 0.0 0.0 0.0 0.0 0.0 0.0 0.0 0.0 0.0 0.0 0.0 0.0 0.0 0.0 0.0 0.0 0.0 0.0
1165.0001632129097 0.0 0.0 0.0 0.0 0.0 0.0 0.0 0.0 0.0 0.0 0.0 0.0 0.0 0.0 0.0 0.0 0.0 0.0 0.0 0.0 0.0 0.0 0.0 0.0
1175.0001646138799 0.0 0.0 0.0 0.0 0.0 0.0 0.0 0.0 0.0 0.0 0.0 0.0 0.0 0.0 0.0 0.0 0.0 0.0 0.0 0.0 0.0 0.0 0.0 0.0
1185.0001660148498 0.0 0.0 0.0 0.0 0.0 0.0 0.0 0.0 0.0 0.0 0.0 0.0 0.0 0.0 0.0 0.0 0.0 0.0 0.0 0.0 0.0 0.0 0.0 0.0
1195.0001674158198 0.0 0.0 0.0 0.0 0.0 0.0 0.0 0.0 0.0 0.0 0.0 0.0 0.0 0.0 0.0 0.0 0.0 0.0 0.0 0.0 0.0 0.0 0.0 0.0
1205.0001688167897 0.0 0.0 0.0 0.0 0.0 0.0 0.0 0.0 0.0 0.0 0.0 0.0 0.0 0.0 0.0 0.0 0.0 0.0 0.0 0.0 0.0 0.0 0.0 0.0
1215.00017021776 0.0 0.0 0.0 0.0 0.0 0.0 0.0 0.0 0.0 0.0 0.0 0.0 0.0 0.0 0.0 0.0 0.0 0.0 0.0 0.0 0.0 0.0 0.0 0.0
1225.0001716187298 0.0 0.0 0.0 0.0 0.0 0.0 0.0 0.0 0.0 0.0 0.0 0.0 0.0 0.0 0.0 0.0 0.0 0.0 0.0 0.0 0.0 0.0 0.0 0.0
1235.0001730196998 0.0 0.0 0.0 0.0 0.0 0.0 0.0 0.0 0.0 0.0 0.0 0.0 0.0 0.0 0.0 0.0 0.0 0.0 0.0 0.0 0.0 0.0 0.0 0.0
1245.0001744206697 0.0 0.0 0.0 0.0 0.0 0.0 0.0 0.0 0.0 0.0 0.0 0.0 0.0 0.0 0.0 0.0 0.0 0.0 0.0 0.0 0.0 0.0 0.0 0.0
1255.0001758216297 0.0 0.0 0.0 0.0 0.0 0.0 0.0 0.0 0.0 0.0 0.0 0.0 0.0 0.0 0.0 0.0 0.0 0.0 0.0 0.0 0.0 0.0 0.0 0.0
1265.0001772225999 0.0 0.0 0.0 0.0 0.0 0.0 0.0 0.0 0.0 0.0 0.0 0.0 0.0 0.0 0.0 0.0 0.0 0.0 0.0 0.0 0.0 0.0 0.0 0.0
1275.0001786235698 0.0 0.0 0.0 0.0 0.0 0.0 0.0 0.0 0.0 0.0 0.0 0.0 0.0 0.0 0.0 0.0 0.0 0.0 0.0 0.0 0.0 0.0 0.0 0.0
1285.0001800245398 0.0 0.0 0.0 0.0 0.0 0.0 0.0 0.0 0.0 0.0 0.0 0.0 0.0 0.0 0.0 0.0 0.0 0.0 0.0 0.0 0.0 0.0 0.0 0.0
1295.0001814255097 0.0 0.0 0.0 0.0 0.0 0.0 0.0 0.0 0.0 0.0 0.0 0.0 0.0 0.0 0.0 0.0 0.0 0.0 0.0 0.0 0.0 0.0 0.0 0.0
1305.0001828264797 0.0 0.0 0.0 0.0 0.0 0.0 0.0 0.0 0.0 0.0 0.0 0.0 0.0 0.0 0.0 0.0 0.0 0.0 0.0 0.0 0.0 0.0 0.0 0.0
1315.0001842274498 0.0 0.0 0.0 0.0 0.0 0.0 0.0 0.0 0.0 0.0 0.0 0.0 0.0 0.0 0.0 0.0 0.0 0.0 0.0 0.0 0.0 0.0 0.0 0.0
1325.0001856284198 0.0 0.0 0.0 0.0 0.0 0.0 0.0 0.0 0.0 0.0 0.0 0.0 0.0 0.0 0.0 0.0 0.0 0.0 0.0 0.0 0.0 0.0 0.0 0.0
1335.0001870293897 0.0 0.0 0.0 0.0 0.0 0.0 0.0 0.0 0.0 0.0 0.0 0.0 0.0 0.0 0.0 0.0 0.0 0.0 0.0 0.0 0.0 0.0 0.0 0.0
1345.0001884303597 0.0 0.0 0.0 0.0 0.0 0.0 0.0 0.0 0.0 0.0 0.0 0.0 0.0 0.0 0.0 0.0 0.0 0.0 0.0 0.0 0.0 0.0 0.0 0.0
1355.0001898313299 0.0 0.0 0.0 0.0 0.0 0.0 0.0 0.0 0.0 0.0 0.0 0.0 0.0 0.0 0.0 0.0 0.0 0.0 0.0 0.0 0.0 0.0 0.0 0.0
1365.0001912322998 0.0 0.0 0.0 0.0 0.0 0.0 0.0 0.0 0.0 0.0 0.0 0.0 0.0 0.0 0.0 0.0 0.0 0.0 0.0 0.0 0.0 0.0 0.0 0.0
1375.0001926332598 0.0 0.0 0.0 0.0 0.0 0.0 0.0 0.0 0.0 0.0 0.0 0.0 0.0 0.0 0.0 0.0 0.0 0.0 0.0 0.0 0.0 0.0 0.0 0.0
1385.00019403423 0.0 0.0 0.0 0.0 0.0 0.0 0.0 0.0 0.0 0.0 0.0 0.0 0.0 0.0 0.0 0.0 0.0 0.0 0.0 0.0 0.0 0.0 0.0 0.0
1395.0001954351999 0.0 0.0 0.0 0.0 0.0 0.0 0.0 0.0 0.0 0.0 0.0 0.0 0.0 0.0 0.0 0.0 0.0 0.0 0.0 0.0 0.0 0.0 0.0 0.0
1405.0001968361698 0.0 0.0 0.0 0.0 0.0 0.0 0.0 0.0 0.0 0.0 0.0 0.0 0.0 0.0 0.0 0.0 0.0 0.0 0.0 0.0 0.0 0.0 0.0 0.0
1415.0001982371398 0.0 0.0 0.0 0.0 0.0 0.0 0.0 0.0 0.0 0.0 0.0 0.0 0.0 0.0 0.0 0.0 0.0 0.0 0.0 0.0 0.0 0.0 0.0 0.0
1425.00019963811 0.0 0.0 0.0 0.0 0.0 0.0 0.0 0.0 0.0 0.0 0.0 0.0 0.0 0.0 0.0 0.0 0.0 0.0 0.0 0.0 0.0 0.0 0.0 0.0
1435.00020103908 0.0 0.0 0.0 0.0 0.0 0.0 0.0 0.0 0.0 0.0 0.0 0.0 0.0 0.0 0.0 0.0 0.0 0.0 0.0 0.0 0.0 0.0 0.0 0.0
1442.0001715021797 0.0 0.0 0.0 0.0 0.0 0.0 0.0 0.0 0.0 0.0 0.0 0.0 0.0 0.0 0.0 0.0 0.0 0.0 0.0 0.0 0.0 0.0 0.0 0.0
1447.0001722026598 0.0 0.0 0.0 0.0 0.0 0.0 0.0 0.0 0.0 0.0 0.0 0.0 0.0 0.0 0.0 0.0 0.0 0.0 0.0 0.0 0.0 0.0 0.0 0.0
1455.0002038410196 0.0 0.0 0.0 0.0 0.0 0.0 0.0 0.0 0.0 0.0 0.0 0.0 0.0 0.0 0.0 0.0 0.0 0.0 0.0 0.0 0.0 0.0 0.0 0.0
1465.0002052419895 0.0 0.0 0.0 0.0 0.0 0.0 0.0 0.0 0.0 0.0 0.0 0.0 0.0 0.0 0.0 0.0 0.0 0.0 0.0 0.0 0.0 0.0 0.0 0.0
1475.0002066429597 0.0 0.0 0.0 0.0 0.0 0.0 0.0 0.0 0.0 0.0 0.0 0.0 0.0 0.0 0.0 0.0 0.0 0.0 0.0 0.0 0.0 0.0 0.0 0.0
1485.0002080439297 0.0 0.0 0.0 0.0 0.0 0.0 0.0 0.0 0.0 0.0 0.0 0.0 0.0 0.0 0.0 0.0 0.0 0.0 0.0 0.0 0.0 0.0 0.0 0.0
1495.0002094448996 0.0 0.0 0.0 0.0 0.0 0.0 0.0 0.0 0.0 0.0 0.0 0.0 0.0 0.0 0.0 0.0 0.0 0.0 0.0 0.0 0.0 0.0 0.0 0.0
1505.0002108458598 0.0 0.0 0.0 0.0 0.0 0.0 0.0 0.0 0.0 0.0 0.0 0.0 0.0 0.0 0.0 0.0 0.0 0.0 0.0 0.0 0.0 0.0 0.0 0.0
1512.0001813089598 0.0 0.0 0.0 0.0 0.0 0.0 0.0 0.0 0.0 0.0 0.0 0.0 0.0 0.0 0.0 0.0 0.0 0.0 0.0 0.0 0.0 0.0 0.0 0.0
1517.0001820094396 0.0 0.0 0.0 0.0 0.0 0.0 0.0 0.0 0.0 0.0 0.0 0.0 0.0 0.0 0.0 0.0 0.0 0.0 0.0 0.0 0.0 0.0 0.0 0.0
1525.0002136477997 0.0 0.0 0.0 0.0 0.0 0.0 0.0 0.0 0.0 0.0 0.0 0.0 0.0 0.0 0.0 0.0 0.0 0.0 0.0 0.0 0.0 0.0 0.0 0.0
1535.0002150487696 848922285.2609853 731855994.5799584 619101259.0093374 511264802.0284583 409084505.8370763 313471275.7536434 225567602.1751279 184946812.94966957 146830077.4544101 111469057.28337105 91695380.66828595 79158399.2680229 61383781.33349812 50265508.826216064 34787966.6760157 25363843.21171481 20959730.92291811 16790527.02027693 12890664.123100087 9311036.993363312 6128141.783448197 1458565.9633751453 313293.11361652083 5482.096222393945
1545.0002164497398 807465886.7694023 695740395.1624625 588056245.1440147 485021373.21402127 387379278.5855528 296052992.555981 212207111.5660523 173540447.54951897 137337026.66849 103858248.17833365 85204195.97039992 73411518.12410942 56752469.63319162 46378195.97459935 32015763.955558386 23328923.228530154 19287682.636378095 15473562.550461246 11915566.290740868 8655591.463488217 5755417.155644596 1443021.3379547226 329323.4626505764 6390.987597608966
1555.0002178507098 1557034630.2164865 1340407751.4187536 1131586184.4933233 931821111.6988083 742648261.9361683 565979589.3491915 404230903.751841 329886355.7930518 260497574.28630513 196595827.91839516 161137440.46463916 138788015.15812692 107315729.9606871 87778733.51939286 60798940.17046218 44493548.936696894 36897317.963226944 29710754.74337315 22979923.279829953 16775472.530747 11209311.733532453 2813997.803184061 634068.5150189656 12370.968900817428
1565.0002192516797 1457946929.4962153 1252481244.1120613 1054931440.913405 866496944.7748301 688632245.7043711 523121160.2059299 372175209.7851098 303002973.2358539 238561566.77184078 179311736.3985622 146468969.29309556 125779118.42787224 96659281.55824646 78596930.77702712 53700302.086556144 38723512.45476144 31786998.876210134 25266897.411174968 19218761.4875364 13723145.32889907 8898064.158000544 2004195.1040824547 400359.908838084 5452.593343459332
1575.0002206526497 4081362800.927234 3536047730.014636 3004925041.829094 2491192686.461002 1998930153.8908427 1533441904.4864674 1101778427.7132215 901501543.2463945 713540670.424431 539696477.1008728 443041966.75824016 382114396.2018381 296419105.1821963 243365053.47079858 170437289.16290462 126628861.23953126 106288704.91281174 87064948.40941393 69035161.1546065 52310602.08598133 37062795.92325782 12327692.974048002 4164831.718577531 302471.6849093928
1585.0002220536198 4260342685.1692624 3673146396.6819425 3104343980.4435053 2557653424.2815742 2037724250.103638 1550456527.5218356 1103453809.701168 898045280.363816 706655506.7443097 531026197.7200168 434032294.6640316 373153018.9876306 287890653.410633 235329083.35210985 163378551.28170833 120350036.12578484 100437590.40725014 81672764.60845284 64144245.262679294 47982547.00407645 33388848.578983974 10379541.889579203 3259140.0213507805 193229.94429367947
1595.0002234545898 4533714226.512996 3888855285.6426535 3267534567.1048336 2674131413.7554193 2114022864.768128 1593875172.7845004 1122021534.4534247 907376248.4769555 708916403.1513488 528352269.3938256 429381275.77784276 367571363.51836246 281457028.96966606 228665322.25666428 156837363.74765563 114194992.48388115 94573696.89031436 76175115.26627919 59101208.6627452 43501969.051461995 29603701.08499735 8455776.81847967 2404265.1925190035 105758.71762625567
1605.0002248555597 3993713335.6917815 3421367886.9433045 2871213150.4369206 2347084541.7623563 1853641041.356742 1396590451.686593 982973463.0786984 795098109.0288192 621491794.3044479 463549640.8832239 376932690.40999556 322798927.8637162 247292672.82728085 200929019.3789273 137708454.3984197 100075846.16339159 82731588.30460891 66454405.71224807 51343670.62953771 37546755.31401568 25286418.520629413 6873936.362970335 1821703.4563273569 61935.47280549111
1615.0002262565297 4016875457.779291 3425352593.4527907 2859975632.004421 2324771175.4859853 1824537823.0801003 1365018535.9961514 953087908.5053881 767466000.5828382 596904329.417692 442623210.2047086 358403064.8572601 305914033.7094355 232898258.47273088 188185487.2047239 127402946.67452657 91384915.9322937 74860875.38819924 59427787.96809657 45202482.11810062 32354491.900643256 21129983.153156195 5058573.651631355 1134994.6021280517 22599.553856931383
1625.0002276574996 3626389421.64102 3086146570.3575177 2570745394.17315 2083967384.2422588 1630294610.6372845 1215053409.51885 844554509.2166747 678344792.9218279 526158633.1966187 389050756.87384015 314470330.8947867 268095919.9417758 203730679.0667781 164398123.8650569 111017242.9087967 79416781.92265221 64922049.69617047 51384451.60910691 38908011.127251096 27647799.962534625 17834522.315678984 3988894.382108339 804093.5742462575 10978.37450970826
1635.0002290584598 5413879027.555476 4628299921.413244 3873885779.044566 3156174493.984775 2481896593.9894195 1859304021.273396 1298582795.4525084 1045249447.1791208 812307587.3472441 601749264.1408008 487043263.5442328 415713786.3627545 316797775.5557058 256461851.5910857 174796340.57079038 126572423.09581172 104453565.8149724 83757458.97598542 64595995.83452765 47139615.317748934 31653375.063844517 8448325.245161358 2150941.12720298 60506.06737545138
1645.0002304594298 8513716202.791758 7273079240.856706 6083379950.498852 4953240496.577559 3893071530.7901464 2915552871.5604563 2036239131.789551 1639226282.582418 1274246614.9375474 944332338.5010524 764570291.9708027 652764062.6111438 497682461.65351427 403068390.52360076 275000489.0718771 199394091.706766 164728796.05367452 132304697.2512926 102295793.6056426 74962257.19150867 50701182.283959486 14115004.989383506 3862815.870971991 143781.14071588227
1655.0002318603997 5620967854.638584 4774143071.163921 3968106573.0326757 3208797717.510451 2503191501.028618 1859495778.2243016 1287338905.4912868 1031509418.2333977 797846530.7723272 587930903.368991 474050572.1528739 403377061.2983157 305510558.5575855 245874572.87024933 165241007.7220894 117758724.40402237 96074471.9018822 75896050.32667372 57379693.30582776 40750659.63491985 26331131.07868732 6027921.600768413 1256781.186365513 17948.60575304466
1665.0002332613699 11324771430.578726 9691032790.370602 8121766333.465947 6628166587.478591 5223792818.587691 3925227960.1407304 2752929912.989098 2221832630.5628314 1732244666.0353613 1288248389.3401668 1045576346.3770299 894309054.8419732 683979053.330322 555305928.4560505 380599601.07795024 277091271.8189897 229514205.12970668 184927040.53930974 143565857.7376269 105780451.62077339 72101451.57495008 20708137.385303427 5875844.354555758 241063.15165316878
1672.0002037244697 6221029963.188388 5325605959.194726 4464637475.824534 3644369708.6036544 2872419758.7488766 2158165592.3962393 1513233048.4612255 1221141524.3893294 952018599.7572813 708140233.4755393 574934867.1981772 491930180.9559271 376523224.3052227 305888985.8026623 209830656.28769317 152718559.07719323 126373507.62776552 101606350.75127608 78546966.32840101 57401645.71573901 38505231.22700905 9960164.293001553 2342681.453658286 46680.41216508031
1677.0002044249497 14470589200.162842 12411891329.143135 10428207430.324968 8533655583.17263 6745511429.565362 5085147747.02814 3579290498.223938 2894503384.1734815 2261602452.627364 1686144691.8224373 1370973880.303787 1174271887.3850265 900441487.0594252 732719276.7115754 504690091.1290905 369337274.52528656 307011442.2743185 248496157.66954225 194070380.7769497 144150280.17828664 99377465.24649388 29857214.92090808 8964522.603055526 440696.6729809987
1685.0002360633098 24061094317.06138 20705641440.504234 17458173757.38524 14341095031.465477 11382224729.01676 8616617970.90648 6089210729.153646 4932502796.503905 3858728343.155742 2878328686.36938 2339888088.812625 2003470977.713355 1535056223.2912574 1248454245.909665 860027746.5018779 630799068.949249 525772993.2380985 427542905.4145754 336519581.34480375 253261567.09459883 178565610.31744206 60246761.84263536 21399025.075046577 1821393.5023062234
1695.0002374642797 37689089429.077415 32555435881.174995 27551899302.69986 22713922801.178802 18086740867.625504 13728941649.86141 9717739345.549665 7873211009.67032 6156896918.088509 4587827833.522218 3726208001.7394676 3188350540.8399754 2440763134.590751 1984575605.7355835 1368654648.520296 1006849156.467806 841530582.8321099 687110950.3082117 544078984.9446734 413089106.65438426 295096217.8719497 105152203.15012935 40145548.04354433 4406621.557027419
1705.00023886525 44390885416.134224 38382760458.07073 32520005993.360165 26843155130.396698 21404303814.88135 16271446838.398771 11534977516.757547 9352116822.686975 7317676531.285721 5454595203.10933 4430144301.660503 3790161585.4468446 2900131331.453068 2356887299.376211 1623724565.889215 1193674500.7323833 997510063.2435166 814579208.8309948 645490175.7891619 491015777.1610983 352213271.31604964 128821765.13918385 51130985.63096931 6270477.064286174
1715.0002402662196 44627554259.27843 38684028251.898415 32860825447.07576 27197174521.6886 21744566614.8423 16571694016.222578 11772006302.68631 9550873736.004416 7475586240.995673 5571190966.740869 4522874859.761211 3867811277.334251 2957002339.7920933 2401490603.4299293 1652840396.8245196 1214581275.5931535 1014930262.989089 828877549.3386668 656966147.34335 499878683.68439496 358568711.50463 130315066.55904812 50772490.926983014 5727730.22923175
1725.0002416671896 68717324528.68193 59608881688.89837 50682832773.87339 41997650353.99588 33630116753.2642 25682741272.14268 18295156795.12118 14869317859.654709 11662201376.375198 8711584902.412725 7083002481.702635 6063281081.949606 4642144578.239133 3773109701.899976 2598743661.8601313 1909584126.5396948 1595354029.0103009 1302517748.38015 1032114411.0441786 785417421.3660302 564094190.1129686 208311818.86472744 83973671.99385463 10933645.755570048
1735.0002430681595 77131282975.61282 67075138135.03247 57182515994.99681 47516211046.10236 38160243804.68384 29228955872.537945 20881244870.819874 16993468862.582664 13343614226.78223 9976788317.299543 8115057449.433454 6948296423.541333 5321264964.434785 4326082336.366999 2981625189.6147337 2193263302.2836018 1834026885.380301 1499368506.385816 1190395300.2731135 908433272.5254034 655206370.9672359 246314084.3595373 101636012.26716623 14175143.85683591
1745.0002444691295 119433238583.37541 103933126442.70076 88667544049.32756 73732957840.12831 59259250472.76994 45424193436.24992 32476085637.70681 26440066763.680466 20770208291.21021 15537347050.781212 12642684431.673992 10828163597.488438 8297213868.574669 6748665774.894974 4655661621.978036 3427426229.936782 2867341400.1245904 2345224934.403005 1862760210.7214499 1421974726.2294102 1025537180.8587223 383925653.9716471 157287349.14100593 22175973.11995911
1755.0002458700897 120602758639.10474 104601203644.67526 88896642301.57462 73597195149.69897 58845993220.50192 44835188306.280495 31827055102.221233 25807746469.818787 20186225488.95594 15031966969.213644 12197504042.011995 10427694726.425611 7969077462.196123 6470968522.890828 4453928334.34704 3274198631.0328703 2736994450.4448953 2236478460.0902233 1774059623.2488122 1351526659.0260136 971408365.8611581 357232274.80860746 142701119.2807132 18447611.673945583
1765.0002472710596 143720930854.03845 125536968847.10239 107557179787.54774 89887903429.38736 72673886962.3624 56115477442.486855 40496018606.497765 33160252820.043716 26227356696.321278 19781675572.811348 16190805490.805416 13928269917.740473 10753976636.028242 8798780147.291569 6135604184.687873 4558275250.593161 3834276347.177951 3155999430.330235 2525678032.527205 1945953490.8720968 1420227485.1253307 553613850.2226022 236338534.22366664 36570353.39063943
1775.0002486720296 127986271154.22827 110930768202.52396 94223721701.20107 77979512593.50276 62347770150.52499 47527018731.9963 33785067245.704224 27428608626.400894 21490041926.47929 16038786801.883593 13035719063.546808 11157541229.48782 8542636230.665793 6944812226.826391 4786059783.011281 3518491381.02127 2939992052.610745 2400384772.259718 1901554788.1062539 1445898562.0464532 1036677510.4796185 379294452.7678948 151316706.38503736 19198292.218461238
1785.0002500729997 251178531730.09818 220525252734.7784 190046189240.6107 159894910754.25647 130287736126.00775 101534449666.63718 74089113113.2541 61058831234.96731 48638890306.82956 36978542395.17687 30424734878.922188 26270188441.53571 20403812247.9654 16765721256.525171 11775680237.55231 8799470187.219488 7427869143.333209 6139622959.810034 4939481562.727595 3832806127.6283255 2826009291.1832585 1150514603.1079597 519537446.0927713 95624352.89437765
1795.0002514739697 203259815510.7205 177220864871.67953 151533046392.70667 126353499786.57497 101894091617.21577 78445011432.74657 56411846410.84262 46098705420.55332 36376226848.29427 27361463683.87036 22351159212.923485 19199198808.549213 14784365991.604326 12069967893.079624 8380291779.86027 6200683592.080314 5202339726.775943 4268766176.407325 3403292832.2382517 2609935536.891134 1893912960.4466395 727717445.1836823 309182222.8948754 48184990.98264769
1805.0002528749396 342662727568.0934 302288609786.9839 261949587353.51572 221815359068.75482 182132718665.33344 143265971218.83783 105765769808.41762 87779940517.57253 70494223478.04959 54105134328.465675 44807034101.71835 38873293833.215744 30431874469.65747 25152917092.327183 17844460129.929165 13439859391.688915 11396232469.677818 9467852398.844278 7662740584.049003 5989933039.146656 4459965841.748237 1886188737.6722624 892625954.0140067 187287698.7762271
1815.0002542759096 240881963647.2832 210481865990.38547 180441082559.92972 150930956872.60117 122183782579.84552 94520266587.56505 68393794364.069435 56102341532.08548 44465380208.59921 33619768030.3302 27562101787.790344 23737755735.97732 18360021144.29334 15039011850.019941 10502643832.91325 7808106405.372582 6569417863.188404 5408083949.962929 4328411796.47131 3335473448.6041365 2435617852.9368496 954415544.2629342 410821117.28310865 64604092.65600623
1825.0002556768798 398564730971.3456 351284085663.8955 304059618634.4746 257098193939.5126 210699610380.0693 165305599536.224 121583495202.01288 100654675310.5233 80578500662.70651 61593258383.6607 50852866166.701294 44014376488.4473 34313421106.638912 28268049611.631496 19935565015.752804 14941809891.289001 12634190577.828823 10463248544.091194 8437673838.263523 6567023747.297597 4862168930.569004 2008964752.5285263 916822613.0791831 167329775.8333325
1835.0002570778497 367686998523.74554 322302560114.08203 277212333879.9533 232664513609.1704 189005387590.32156 146725343075.23978 106533401993.07243 87531262827.48743 69483835861.25491 52613641773.75536 43170791247.45604 37202404657.268875 28801850769.265163 23610361707.393867 16516001649.914732 12301090856.990704 10363155769.221466 8545757422.766692 6855217520.680465 5298796651.865515 3885463252.8665333 1545102373.7213798 676410157.8849094 113288446.11580627
1845.0002584788197 423731235609.652 374309906679.2054 324900008978.7669 275701645246.62775 227003332611.29776 179228479471.78754 133015177806.62166 110785900802.90535 89362842956.69864 68974917321.88083 57361693283.85158 49926833864.06322 39308062649.9016 32634781179.67459 23337080348.91382 17686741487.699482 15048379422.782698 12546316336.767202 10190743652.420984 7993438287.966177 5968611059.896578 2519483271.7025056 1174323126.5770876 231958298.21340698
1855.0002598797896 377008488217.1963 329029352528.361 281608729223.1257 235044263978.89264 189738347156.54007 146242670215.85004 105327292500.4259 86163479615.39131 68091049223.6994 51328034192.49005 42007162242.08444 36140623458.46205 27916840667.81192 22853610531.276985 15954079714.314173 11860615766.567747 9977878922.108648 8210663973.187694 6564508207.334407 5046366463.563112 3665887518.441464 1388610802.6321285 567027321.8756572 76086744.56837817
1865.0002612807598 624274671139.1582 551431545242.1748 478546383386.42206 405923345837.85956 334005335618.10986 263445667419.62817 195229187366.55258 162448300487.79343 130890339751.61044 100902011632.08447 83846739745.02426 72940548091.74524 57384567266.357834 47623146537.61132 34045111260.57463 25807756766.437725 21965211211.94849 18323237131.970234 14896001540.200073 11699809444.991333 8754351213.446144 3731562669.8830967 1763790480.342814 364273756.51618916
1875.0002626817297 602891714147.2395 529948690676.57745 457373983031.6747 385530766832.8948 314926304140.9104 246280194836.4677 180636354696.73373 149400265817.18076 119557711436.37708 91444224126.39996 75580467530.76408 65491034867.59147 51184079882.20936 42263520996.497154 29941145320.506046 22523459379.393112 19081305454.59056 15831351048.16313 12786194968.4477 9960690386.96756 7373339611.296499 3025829097.0180645 1371854185.7769468 252282553.7767618
1885.0002640826897 742050905816.2297 655265693786.7163 568428747957.7511 481909408196.19836 396245969260.32837 312233019783.72205 231068670416.76593 192100234993.07983 154617957514.64722 119041435729.18428 98832448698.00443 85921398127.03798 67525162921.950935 55995167703.99214 39977805985.38538 30273640726.582355 25750326472.62357 21465051207.355934 17433993818.12403 13675829788.300167 10213338563.126095 4313821485.85401 2013600096.1422462 403235642.8590672
1895.0002654836599 982177875145.2404 867064058116.743 751822786604.0847 636957600276.1638 523206272956.36896 411661510906.6023 303973191255.1029 252325974145.62277 202706911581.9099 155690248045.86578 129032214441.79361 112026072764.39597 87838208341.37148 72710795246.4687 51750571529.71436 39091284037.26173 33203109639.830116 27633260063.97073 22402129267.916412 17533168541.73669 13055140154.215183 5452292062.53742 2512234741.182598 488182839.7926271
1905.0002668846298 917741447778.6195 811518836254.8466 705111292905.3279 598943611675.177 493638664092.9792 390121423052.9914 289796565477.1355 241475942086.04984 194872619805.65433 150492564996.5047 125202473793.6509 109008188417.76846 85874934471.37889 71334881470.52284 51073114423.14105 38755681777.77539 33001826737.43669 27542670383.010887 22399497090.706573 17596780735.057217 13164085412.631413 5584421084.296138 2608413393.7513165 510440359.54772276
1915.0002682855998 1323948970645.8723 1174858983313.237 1024942690111.736 874689402786.0885 724847964789.4264 576573409671.5894 431684133519.62305 361369568337.2935 293146820396.8597 227728743249.44376 190214045224.045 166086751579.65454 131458591341.38298 109582657987.46223 78932511911.57053 60191572165.09245 51405108008.046875 43047648644.73726 35152872737.69624 27758557372.74778 20908321060.802734 9079037686.164598 4329887508.35334 875783575.6255186
1925.0002696865697 1107532542420.5146 976834833969.3195 846311224197.9518 716558724169.428 588424694654.9421 463130102255.53723 342474939318.33856 284691952992.3512 229201756726.65247 176606548596.9782 146754739424.0526 127687859546.03511 100517510943.88603 83477917603.06442 59770622324.30708 45365574606.738594 38631870624.93976 32235897236.12124 26199495672.449947 20548518663.62239 15316005102.958796 6328681992.370825 2820097979.0318985 465167777.0154133
1935.0002710875397 676728791937.7283 594373715271.3492 512790810437.0848 432389193142.1951 353717744199.86597 277526469172.91785 204864240466.76187 170303869587.57727 137241019797.05533 105982077752.95024 88247345282.16774 76908126348.83183 60707406490.94119 50500356895.069824 36189769938.77063 27395475063.464794 23248529391.210705 19284592646.89792 15520563963.11377 11980193945.340796 8699068282.592524 3180899927.876187 1211987938.958578 130116479.23452714
1945.0002724885098 1531551098108.9138 1357182610576.6729 1182058780338.306 1006825554092.0658 832448480899.6936 660384911370.9595 492880251431.3485 411879994915.57477 333513633244.5782 258614240518.96207 215787322633.8297 188296637132.24893 148918084909.29587 124088314026.53651 89355108308.31618 68138793350.115456 58191898205.23488 48726772902.930725 39778188762.54481 31385700682.594032 23596643918.733425 10113519911.05103 4718524242.599679 885979911.5338845
1955.0002738894798 2093133597701.8425 1865216853940.1973 1634852852281.3657 1402617752700.1328 1169461355953.7769 936934910461.3019 707599834553.2568 595385935233.2316 485817966755.4265 379994369256.1161 318909305813.8617 279443166189.22314 222515697033.6474 186352062964.64777 135364576758.1363 103960082685.27628 89160904024.66475 75029475286.06197 61620923953.08225 48995958167.08246 37222764747.35839 16593126711.819902 8096783435.712647 1714819724.5548906
1967.0002450530596 2369813343368.4624 2106481958808.791 1840814593953.7166 1573647657586.765 1306304246171.5964 1040872858209.9685 780692971415.8428 654165296188.6116 531258675486.0011 413292087758.40173 345600584191.99316 302050056937.6519 239521240604.87305 199998784729.4954 144572239406.18848 110620079562.14948 94670831140.08397 79470623533.64127 65073279155.98348 51538885597.508644 38938063447.72949 16963441597.351305 8058007800.669613 1607977330.7919762
1976.0003378666797 2595579767706.0713 2312913207065.0225 2027164601498.9102 1739079713741.4236 1449876819555.592 1161528849803.4434 877265251475.528 738237398606.6758 602533460645.162 471508591867.71063 395890300114.4739 347036153843.934 276560914108.8273 231779094331.4273 168602964608.95486 129648442350.2472 111272191936.2401 93708822589.80481 77024879763.95212 61294426718.90468 46602264517.87366 20798425602.456192 10154400677.76132 2156099482.750795
1984.0002169171196 3114359870697.1807 2789235389647.723 2458556265041.4956 2122814173843.8655 1782981163217.5564 1440834017960.643 1099552092267.3486 930882969801.0969 764907678140.5416 603176288663.3516 509059199850.9365 447905962216.8315 359143753571.41583 302365160720.6078 221685606751.28574 171546111630.66687 147772799212.7949 124969293241.93088 103224258482.92307 82634979148.33778 63309427868.829735 28998123389.49528 14533217726.388662 3261202758.258279
1995.0002794933596 2894290253921.6216 2580035318999.781 2262174228879.177 1941511473612.5947 1619378486632.0386 1297951464551.9814 980816475329.0743 825611381724.4811 674049541153.9556 527646011875.9107 443118979593.2979 388494590120.0058 309671730786.7576 259567977060.90054 188852327897.78232 145222969676.60562 124631813289.45712 104944177066.90305 86234381356.09511 68585509899.47193 52093405274.499855 23115713341.33743 11182137049.202925 2296674928.6726794
2005.0002808943195 3229291238787.4106 2887018054411.564 2539531936261.3716 2187506478664.6802 1832157216227.7773 1475590726125.3665 1121437811869.6333 947099436891.4866 776089747000.029 610068081864.2384 513782784725.9109 451368705918.9077 361008308857.56213 303366212291.4899 221695962912.41748 171090292963.956 147136948868.27426 124185055246.24196 102319856652.16035 81635265563.47646 62237352631.775444 27879889711.284878 13531689107.082945 2717686087.0814314
2015.0002822952895 3687964026402.631 3293631983342.1665 2893812560378.6133 2489396552366.193 2081920767142.3013 1673969055715.229 1269890531002.5605 1071460952049.2224 877181476963.8314 688951978457.9446 579975831224.0497 509412858444.00024 407363034403.0097 342327101259.6182 250245907713.65253 193203292360.58737 166195914173.9172 140305695583.261 115622857617.96133 92247503333.02786 70295327528.34047 31338206509.840836 15093490819.300901 2973264312.668063
2025.0002836962597 3035593957149.568 2712174307722.346 2384261974900.7646 2052583404559.7122 1718374218067.616 1383694756772.3748 1051996342526.2284 888972962438.3025 729212323607.7847 574215633861.4379 484339328013.3843 426067315086.6364 341649729542.8527 287732506305.2184 211164104599.0346 163533897596.77948 140907233509.9342 119156740377.48029 98352859608.27148 78574695917.62929 59916265821.70602 26554858905.070038 12583568971.808079 2332583088.1666455
2035.0002850972296 4184394026270.6787 3739911070847.5938 3288464345558.124 2830990756280.8486 2369167793592.815 1905888755767.5215 1446122624314.9365 1220058086421.3 998583541937.965 783944051350.2164 659695654019.5354 579272002810.5334 463034077610.31055 389023577502.6563 284362970475.1386 219613568371.77103 188975982854.57684 159608605691.4659 131600289112.35213 105044276640.63885 80042938631.9547 35335718853.76756 16527417064.691141 2838287655.5856905
2045.0002864981996 4541339269478.455 4046765541310.343 3546186800584.898 3041020485763.135 2533585121987.789 2027631530042.7534 1529272424949.5847 1285893889137.8142 1048711501508.2985 820199008048.3165 688597580935.0443 603699717533.445 481407230992.40967 403796842440.29395 294362655904.993 226812449909.8565 194876268465.9731 164272821556.41333 135089645770.62036 107424887222.45589 81399575001.5082 35149306718.15488 16133706995.746233 2791837795.855929
2055.0002878991695 5225142056306.219 4670934984292.93 4107985125306.006 3537501643458.702 2961623020387.7812 2384001835146.4146 1810853152179.4575 1529058561950.8796 1252966121381.1768 985316827931.0968 830301392342.0583 729905894163.2263 584675380942.464 492086149200.366 360894726098.9619 279494400936.9546 240884448305.294 203801383743.81885 168352259367.73328 134652020089.68217 102832259397.521 45703593831.01458 21618074578.441833 3959325925.3156004
2065.0002893001397 5029589741915.895 4480459139381.468 3924807905162.844 3364284473112.336 2801554008547.653 2240889156554.3823 1689197183792.6365 1420030418073.4678 1157913649181.4927 905587766854.0809 760372377383.5183 666730330093.8759 531887619530.6519 446329880528.1402 325675619946.6123 251149886986.66895 215884721548.80945 182060326385.57748 149765599231.40698 119101054639.31253 90194452460.38199 38658360973.599075 17474667583.974262 2844540694.163437
2074.0002295258496 4551297026337.476 4033713587898.3267 3513561269996.601 2992974370259.1045 2475089869491.6978 1964562500669.326 1468424009708.8245 1228945585215.7322 997580973421.9739 776737153420.9108 650530677144.8745 569499629975.6501 453288919003.1013 379813990429.376 276436884656.3213 212606476412.84155 182363169155.98676 153305565108.42313 125496465015.75804 99018411011.14255 74001084507.77673 29623776193.415398 12122847501.589542 1444557474.2826016
2078.0003216389796 6165938494937.72 5508599634258.159 4841168704297.81 4165188680152.08 3483347164533.933 2800184506994.2036 2123351016060.5913 1791094441112.25 1465990379339.3286 1151330544602.7754 969361489190.5099 851633409559.8978 681521621391.6565 573197131772.1625 419884811773.3829 324853227415.64136 279796681031.4699 236528929485.68005 195170165441.62915 155851600847.25095 118729503112.02573 52191997893.0502 24375498268.981815 4367231125.35676
2085.0002921020796 7205305059920.726 6471429896559.651 5721635115917.408 4956585703812.146 4178007160127.6187 3389461744987.9233 2597797329212.4355 2204491817468.1743 1816043018297.0884 1436067294523.4985 1214226042029.7788 1069772392158.0089 859618207948.4265 724847126263.8735 532779394436.45795 412985547144.4831 356035054059.57556 301295644721.0537 248977510088.0927 199317101836.3901 152589480523.53204 69487345688.23808 34673850230.76943 7924201969.93888
2095.0002935030498 10581070003388.88 9564549951470.5 8521336381057.754 7449580498744.055 6348238293882.438 5217946373964.829 4062841012597.592 3479140314347.2583 2894615952274.6606 2313526019542.315 1969200548067.3333 1742679236402.9258 1409482227492.565 1193300876282.0554 881528577097.8232 684846192719.5573 590799920001.2301 500151661938.1126 413385476542.86725 331071774928.6508 253893094128.82803 118529457967.2746 62958169773.77525 18916395168.344574
2105.0002949040195 12705797172013.912 11440180430114.238 10161631810474.543 8863839076257.07 7542126063428.932 6193966731462.876 4820756738671.819 4127278133437.9795 3432395444763.779 2740649501290.177 2330122857199.575 2059755904001.534 1661651039409.1582 1403149157594.7327 1030315851077.8822 795432846042.279 683366253457.6104 575617698555.2834 472860784602.92523 375894664949.40826 285675548683.64075 130378912325.38286 68594943744.70342 21006755449.10373
2115.0002963049897 13607092708540.824 12197851063400.818 10774859743401.82 9332862657967.924 7869593724984.767 6386608282670.1045 4891932903744.793 4145887659389.48 3406303699995.641 2680175150008.085 2255222457045.693 1978285111533.0337 1575493299494.925 1317656364726.0732 951992327994.8976 726120597984.5913 619786021609.448 518517120528.7241 422890669038.2935 333558275242.6522 251262385401.68948 111436198077.33957 56497910958.47191 15265143789.59683
2125.00029770596 13673973560629.98 12280496165154.955 10873245388282.293 9446953101274.27 7998785851937.833 6529021109161.759 5043210378771.318 4298625281392.5366 3557375993044.8003 2825175428167.856 2393751974987.9736 2111035397882.7173 1696965343739.109 1429605132539.0933 1046190004206.0107 805959092367.7443 691668042150.6224 581946780575.236 477420340989.40497 378830886858.51166 287077058547.5626 128915819013.09416 66112929416.33687 18698433240.255928
2135.0002991069196 17229238341930.166 15517950408094.734 13801172500155.94 12063861829106.027 10295604155182.812 8489783424187.28 6644918725556.427 5709930914012.801 4769935837678.777 3830149798491.3203 3269979863481.5464 2899832063768.6123 2352644259526.241 1995665439474.1836 1477795727242.0193 1149149728089.0142 991490912689.8685 839257916775.6906 693360219090.7759 554885675669.3772 425147592352.1728 198692193093.8811 106587405207.02705 33728730537.361183
2145.0003005078897 14836171102293.953 13259379027521.58 11693255217439.545 10124430907362.676 8545922282603.111 6955873771017.248 5358648159426.348 4561443634954.714 3769564138078.5513 2988752838574.121 2529208793366.6045 2228241128933.809 1787684200467.7327 1503403540962.2727 1096135234817.1381 841433300635.8483 720495210922.2418 604618389916.8806 494521034414.4569 391053527667.06024 295232491468.9885 131759061427.01964 67685553709.88969 19492747508.891685
2155.00030190886 16167582263061.555 14543728115786.48 12918562673396.842 11278440503730.914 9614273408955.98 7920508923223.035 6196116790641.33 5324303883273.767 4448999641284.192 3574705449044.5513 3053725206752.9087 2709427280713.9595 2200208378825.0693 1867709845410.711 1384661353919.51 1077484012605.9921 929891243292.5784 787207961381.3204 650290194542.2048 520176917511.058 398145098808.18933 185133243355.1569 98844253272.57169 31064394656.13098
2165.0003033098296 15443713503190.734 13909131781725.904 12359892137227.572 10788532931766.416 9189920538229.129 7561347495566.399 5904121706645.337 5067279791238.376 4228166639636.4453 3391436350274.5073 2893673348762.6226 2565121882755.55 2079869234816.0454 1763518147403.8574 1304762172942.7212 1013647653825.5968 873977747442.9226 739101852768.6693 609834283113.0875 487161857320.05334 372293965825.428 172360179379.6961 91634121672.37534 28358646917.841473
2175.0003047108 16763081570673.47 15103713096642.451 13427682225535.133 11727778950749.668 9998568856077.941 8236804276189.822 6443184120699.544 5536769568627.4795 4627104889179.271 3718849276316.1025 3177741451740.3364 2820145487779.418 2291180915805.6724 1945670018863.611 1443387964510.6255 1123655015363.4263 969903794203.512 821173492747.16 678357350138.9397 542547417000.47644 415095170246.7593 192515239087.58353 102420264452.0904 31938058598.646885
2185.0003061117695 15739790237521.576 14123234218998.576 12502701398078.914 10868287353168.846 9214390079338.395 7539240359843.794 5846459829714.921 4997162134172.059 4150050675808.5493 3310670045469.1357 2814315836414.5527 2488102053222.64 2008625024135.3982 1697717091657.9058 1249562265517.956 967054783155.1768 832085206042.9768 702117934659.6913 577903687336.572 460344702976.47217 350545103078.8365 160179611071.541 83890934444.46664 25084825843.821815
2195.0003075127397 24295413928623.977 21961128215990.95 19629557061201.465 17274117442695.135 14874317970480.139 12413129067379.367 9876814071187.037 8577898835564.445 7258868672254.282 5922467022776.705 5114885053436.765 4575601993287.944 3768295857117.2666 3233735829267.855 2444037443961.8 1931677511771.514 1681960620914.0972 1437944180543.649 1200988331766.8064 972803600807.8113 755572079015.7397 366201175205.6111 202895292968.53683 69894511962.38077
2205.00030891371 21436075457078.91 19291467780282.06 17145143780279.012 14978622101134.367 12779642756120.16 10540739245376.658 8260449012721.689 7107184732599.912 5948925059369.592 4791403800057.609 4101173493212.4365 3644711826105.5464 2968903381220.5747 2526955606290.0728 1883340397156.2646 1472510147794.6985 1274457015364.4832 1082436112176.2201 897509924089.543 720979666677.1772 554465772367.958 260418772885.6403 139556522850.31198 44380457193.20367
2215.0003103146796 22512034172630.023 20387583980538.914 18248070352816.26 16075384360336.523 13854562256037.195 11572695824946.72 9219466796712.695 8014356700097.89 6790863831506.959 5551541002156.84 4802634505103.227 4302435387895.9937 3553250111256.87 3056687866145.3584 2321756751584.443 1843418492008.8748 1609597673885.0376 1380512120827.2068 1157315268412.8481 941474569048.0383 734893974613.8105 360587870440.29504 201376256341.38806 70654057962.48294
2225.00031171565 22297441045220.973 20025182482421.523 17786524187642.33 15550638096259.596 13297145429551.248 11012337098514.994 8688066068926.541 7510661011735.642 6324554017663.265 5132995099019.317 4418003546208.223 3942680519494.5786 3234279200448.59 2767251770916.4995 2080199598609.3157 1636235780801.0662 1420380881758.5288 1209820042306.3745 1005758374704.8636 809743991077.7896 623804432685.9736 293989794229.7131 158943319277.26453 52737759812.302635
2235.00031311662 36883356527249.32 32668580138508.523 28868820197112.723 25281283392439.93 21772770736817.82 18257499255864.812 14676669678529.994 12847319895622.719 10985826224237.033 9089082893014.594 7933802069163.078 7156826717827.351 5982615351325.567 5195573416838.236 4013682731405.3833 3230155369629.5825 2841916371728.461 2457551963036.2544 2078682869551.6528 1707510770653.826 1347097913563.4324 678228058403.2938 386474561380.5358 143630435144.26483
2245.0003145175897 40624005851910.016 36273689618472.35 32241262141816.97 28355744510271.035 24501479129848.176 20597983637801.934 16583439564538.268 14518068818769.434 12406706039011.906 10246098761195.703 8926262397518.305 8037421671191.363 6693236143479.494 5792460529948.615 4442266137487.13 3550848827913.093 3111014165219.697 2677277065481.2783 2251884629080.0757 1837791287188.1946 1438942311016.891 710522098286.4744 399059484168.9156 142735586296.40475
2255.0003159185494 42474390000146.24 38331920383349.32 34366285565266.93 30468673024236.703 26555254341787.09 22555075967216.785 18400136415002.9 16242546710761.75 14019243649257.12 11721293469170.729 10303626022436.006 9341772764498.115 7874262953303.106 6880541837420.114 5371573779180.881 4359038545863.846 3853352615454.1143 3349887542872.088 2850629435510.9727 2358303036558.3423 1876715175078.1558 970113482103.7147 565447595864.928 217831134553.49396
2265.0003173195196 25894943439467.227 23431016830068.312 20943695823000.82 18413062947901.4 15822321887892.682 13157445577194.38 10408970207300.414 9003095602422.072 7578609015747.884 6140781267047.258 5275792773745.048 4700338308023.616 3842976193203.915 3278611940543.72 2451196921396.7295 1919531842606.0505 1662263872412.1362 1412266202419.3362 1171026080759.592 940372810553.4819 722586969097.4839 338061151057.64636 180264985089.3576 55891896627.93217
2275.0003187204893 40577785869837.555 37057880023118.35 33488657182052.66 29837277972640.14 26071206916873.46 22155641717851.418 18051665817158.785 15915596914284.426 13716035741838.982 11447968664363.033 10052851405513.342 9108467132728.568 7671314169198.995 6700774775246.616 5230902427960.451 4246844639393.9746 3755857073455.1753 3267192963293.8594 2782617819451.2886 2304564159956.848 1836459633023.236 952516750518.5917 556115324701.5577 214428071183.58133
2285.0003201214595 46577226358891.44 42143819993095.125 37789864985179.28 33427041226210.652 28989246489697.363 24421769934493.36 19674647361153.934 17219257409269.06 14703143050822.168 12124527351967.537 10548637451177.967 9487513156853.008 7883715537852.74 6810106748670.168 5203749050847.221 4146104780282.9116 3625455081317.589 3113019559668.849 2611613576114.365 2124897250907.1978 1657693907030.605 809955298914.2698 450351932370.91327 155722283891.37668
2295.0003215224297 58509141638572.55 53446092478230.48 48418926508786.74 43336603738276.98 38118437599040.74 32683735497678.75 26942187991595.965 23923355135823.758 20785451519069.633 17511781567473.227 15475574392976.719 14086243088183.064 11953242260926.512 10498852204781.236 8272526636023.329 6764486753954.589 6006284469650.547 5247552625956.986 4490822089932.269 3739648874349.4473 2999108803023.857 1583279363005.3623 936590227520.4974 366597622024.36975
2305.0003229233994 31698054794057.555 28604511465050.84 25501583541994.14 22356402707691.9 19146375972628.93 15856173517783.818 12478867651949.875 10759449547773.627 9024195798106.352 7281102452334.703 6237243582148.914 5545056367730.07 4517536060357.757 3843895109345.7695 2860740151559.1235 2232194768632.149 1929066415426.9102 1635211722728.1304 1352381188722.5242 1082725820865.3297 828931004906.5605 383647630008.32104 202759104196.4101 61769633611.47384
2315.0003243243696 73619314929168.66 66702765532114.44 60120573640818.46 53666377187799.766 47176490415167.51 40509302489306.68 33523923358004.566 29862984479970.38 26059581731787.98 22087569987791.727 19611619258243.246 17918471963049.152 15310714277948.666 13524952982748.785 10774625953586.357 8895904324517.416 7944927310791.571 6987950656599.967 6027108478535.393 5065588227232.099 4108200690930.31 2239867051820.105 1360552730380.657 561458374356.0168
2325.0003257253397 63990182452922.836 58283012238454.83 52559369469071.86 46736867377388.71 40743277733051.13 34510094827122.582 27969529619493.15 24563812219840.668 21059228936107.527 17453431807421.94 15243188762833.586 13752161054196.867 11494187467139.459 9979296753012.787 7705896771364.923 6202286176501.0625 5458968479984.387 4724445560892.112 4001845692814.7554 3295178223855.914 2609681838956.208 1333146035405.5396 766733550753.1584 279761489475.44727
2335.0003271263095 93601443596276.05 84568985062955.72 75986797730936.61 67620297741337.23 59266103104375.66 50738127807843.05 41850385886223.57 37208785879089.31 32397860301781.543 27386485547715.883 24269944042139.004 22142345860879.22 18871918216285.457 16637494030617.4 13205818729348.922 10869697443593.246 9690137405491.123 8505418167825.864 7318497130759.204 6133690064688.772 4957386565999.52 2674545321050.0156 1608559631283.7764 649506100368.6052
2345.0003285272796 58964967067771.22 53396428271378.37 47945737714545.54 42524687746998.26 37052751040915.25 31452800243314.168 25646391616580.74 22639841094560.023 19549784474826.426 16365265400112.389 14405141385778.883 13076877593255.418 11052015596748.37 9681173019073.785 7597442962701.132 6195311411995.28 5492889642544.46 4791485460851.796 4093270636034.968 3401344701281.479 2720236948608.8604 1421669553815.1558 832681048713.2208 321509870145.2947
2355.0003299282494 57995792359687.7 52461108574207.72 46962688383476.9 41423181884184.22 35782182654596.516 29990252438775.953 24006724411632.477 20933899221002.64 17805463136503.504 14624830615969.21 12695558344601.637 11403264269269.803 9460991671980.986 8168322189403.824 6245180651351.808 4985272810222.537 4366384112066.1484 3757691461397.792 3162017044822.4585 2583000614238.328 2025435652326.7412 1003221372283.0305 561351787317.7985 194335863979.4301
2365.0003313292195 68422860909600.53 62148786027820.27 55939677835671.55 49707796906675.64 43371792260852.57 36851428057564.86 30062137852236.848 26537919230904.26 22910912905717.88 19168905754620.01 16864143182629.469 15301960858829.523 12920420998417.355 11308483848458.564 8860024855918.516 7214711399127.592 6391531397774.544 5570489328724.833 4754331136530.97 3946890367311.948 3153628888946.4165 1645793324706.7104 963005913645.0803 369199312708.1097
2375.0003327301797 69337682198580.15 63006763419515.18 56717634140676.8 50379298994704.805 43910387086432.0 37232858677466.86 30266326745949.477 26648145776636.0 22925666733204.293 19089453746840.64 16730680954340.049 15134497886559.377 12706738614056.072 11068664967741.348 8591816712420.799 6938163166517.758 6115225884276.99 5298126325385.549 4490334956843.926 3696570060875.8955 2923368684142.4233 1479984971151.0588 843864525585.5858 305738921237.942
2385.0003341311494 94554513053444.11 86427864880967.56 78328757807105.17 70161964871161.125 61825545717690.336 53203594360270.58 44155214448408.4 39416060778520.375 34496600750229.48 29362299135326.707 26161641475438.535 23971650675058.28 20594235983280.574 18276186622518.367 14691978253408.814 12228472746186.916 10974742421147.129 9707186952820.459 8427168364850.807 7137062210768.534 5840901304469.439 3263071165393.8467 2016139355590.818 854243350828.2916
2395.0003355321196 97807484959572.3 88862131462885.75 80094455377453.2 71370936511639.66 62560995971100.07 53529010181948.34 44123171794233.09 39224400359667.2 34159562630023.85 28897151458326.3 25630177430618.824 23401538173372.57 19976679082584.664 17635880498807.113 14035763941955.213 11578377417258.418 10334517649880.125 9082567875600.441 7825135203752.204 6566266206850.672 5312290049660.262 2865903668575.106 1719025691240.9482 688827880004.482
2405.00033693309 145263473836818.94 132529891961126.78 120128291459719.31 107846523951045.86 95465153515996.34 82742643254418.48 69390672476602.586 62365700561311.86 55030633419930.82 47310591372305.836 42455392634037.73 39110808944148.984 33911342887043.63 30309551590756.594 24677725996744.777 20754906904381.348 18739481169391.78 16687070020501.229 14597701628770.209 12472568162650.008 10314920793704.28 5937259892229.639 3760579285463.596 1668030835778.6824
2415.0003383340595 98136519491183.56 89885458810469.25 81605187539303.31 73189290910113.88 64529375332052.87 55504971954422.74 45971093858427.67 40957189306326.07 35742039993115.52 30292987726187.605 26896179749348.242 24573493995423.305 20996442277623.316 18546970229520.336 14773755778663.123 12195019471997.365 10889004881921.47 9574103947457.092 8253099227783.186 6930234076211.394 5612041426993.217 3037334640439.55 1826992427731.9487 734586083575.0531
2425.0003397350297 130177994699463.8 117691890030818.98 105971967871733.28 94608351041995.67 83272825006124.19 71687970884480.08 59588003133347.59 53254183397158.0 46674407926912.0 39797762189137.33 35504765056802.45 32564311389590.85 28024296921711.5 24904329915046.164 20072783074155.87 16745459151102.97 15049457963293.055 13332446900872.014 11595639445398.25 9841385369345.484 8073969364558.03 4537468314483.16 2812455094153.2 1197472247660.4124
2435.000341136 167834833480325.4 152431681575534.12 137973652457729.36 123955783573864.94 109949439383986.1 95564102387746.62 80392748565471.95 72362938044035.64 63937626092732.55 55022632671804.055 49391243332940.47 45501487574175.26 39439165295928.13 35230327835401.72 28638669266296.71 24044040847844.855 21684098266774.28 19282341997715.605 16839903930808.516 14359563463648.635 11846814032714.42 6772986878979.385 4266039353606.425 1868827987925.2947
2445.0003425369696 224505243990245.88 201564628354675.44 181062682913172.53 162021912781744.4 143629900297620.16 125189758449469.53 106030858014152.83 95947066007646.78 85371266890576.83 74151541614527.36 67030865137618.49 62090012355921.125 54341441311764.016 48918717966092.305 40334028158081.625 34266412344195.695 31116948596826.41 27884911106721.75 24566680605870.305 21159708544120.934 17663696177679.12 10431227439529.217 6743403102535.206 3108048620881.4097
2455.0003439379398 247836582002774.66 222974187268981.84 200636992579687.25 179792700054844.34 159588359094273.1 139291486958528.52 118188248307727.02 107079704892408.95 95428059552721.81 83063136702077.64 75211270092985.48 69759811662405.266 61202710189261.14 55206461501884.04 45695422703334.914 38954395229389.26 35447353328272.195 31841382031643.39 28130568500296.844 24309582125215.703 20374728054367.76 12172816502970.832 7944565922656.003 3727212332549.076
2465.0003453389095 169972144428816.34 155568476157334.8 141334549133421.53 126992677739290.78 112295707042030.53 96998230495500.64 80824296234949.77 72304848884365.25 63428931101400.164 54134004262935.2 48325491789789.71 44345562127985.88 38199526647574.86 33975635460399.81 27434389335481.8 22928803367024.44 20631421669311.1 18304552795906.37 15949213757612.312 13567644052404.115 11164219553628.379 6333091224441.118 3956218896640.7207 1702762222501.3372
2475.0003467398797 221784582383748.56 205049803461239.12 188351749418325.44 171405174021346.3 153910741189455.5 135515470161978.06 115754222999720.47 105161926756065.45 93947568112579.11 81958432948829.34 74310177706412.62 68988024417661.72 60618725593569.13 54745708773948.92 45420031351043.984 38804246546753.5 35360243575543.92 31817176353381.246 28168401281377.65 24407240376431.867 20527579261911.8 12401073965357.09 8169587533895.406 3883156706862.1104
2485.00034814085 92928611141701.39 85730973704034.31 78212309525945.22 70322873921727.164 62002508531575.77 53177970365753.88 43760296410703.85 38796752553280.04 33644780251464.137 28291024475139.848 24977551181631.54 22725750547752.6 19284652743902.74 16950110327393.762 13394550858318.7 10996378528804.62 9792414124573.746 8587619987857.102 7384577844569.277 6186799566200.66 4999190959261.873 2686865333704.055 1592338381976.62 590918693883.9999
2495.0003495418196 113470782152193.31 104629190659731.12 95530592855778.11 86093243907683.8 76221157113248.45 65796528496777.88 54669200906576.664 48782723548132.555 42642009809888.48 36212400355034.414 32200066889890.703 29455481293932.324 25228041803578.234 22333164670254.727 17873749380012.586 14824852933015.885 13279542124106.633 11722131595208.1 10154853645220.535 8581042193692.575 7005716870431.5625 3886489454216.442 2379003504915.752 972965829762.0359
2505.0003509427793 208966610616395.6 193513402619986.94 177829509232433.6 161706225153376.28 144903801920817.3 127122896819157.02 107960085292735.22 97687756669364.97 86828779135561.83 75255643113764.95 67901457564058.305 62800913051743.945 54814347601027.805 49239497550794.984 40448451009748.39 34266821355225.29 31070225006418.133 27799078886706.098 24450909371628.402 21024275545407.266 17519750665176.94 10302684330730.809 6631729197421.083 3005693901367.836
2513.0003825811395 147730075345061.78 137067376762867.02 125958462517661.5 114310778903473.56 102005957263617.75 88887705586139.25 74741385184743.34 67191182074668.555 59257169923672.86 50874170326230.87 45595071582785.57 41958693121691.17 36310059713426.05 32402672972248.12 26306065347493.03 22070946524468.355 19899143344991.082 17690453814141.926 15445124897713.736 13164621644380.443 10852586550411.143 6172649780561.144 3853752323103.238 1639663795301.716
2518.0003832816296 126636922720423.48 117887970909570.42 108661306018007.45 98876041006007.72 88428809090845.34 77184143671647.11 64958975375545.69 58402388486083.25 51496493954659.805 44190254769463.164 39588773110092.51 36420820419394.84 31505382783133.258 28111139608543.32 22829029490642.27 19172283730111.59 17301680216888.521 15402645409890.883 13475455266165.414 11521047143176.014 9541405696278.025 5523924150249.363 3504677736730.205 1512901321461.502
2525.0003537447196 135291482994029.33 126131592837163.38 116489952726813.98 106279903763378.02 95389767413322.97 83671152554404.9 70918945062409.72 64067102643750.25 56834010560767.5 49154990917329.61 44299189328542.84 40944734472873.14 35716714628940.42 32086172898228.516 26392705271066.18 22410512706975.6 20356912294257.203 18258283478767.74 16111865235811.44 13914747368906.062 11663981972433.615 6991499049884.574 4569070167341.207 2103015433335.143
2535.0003551456894 259815523310286.03 243577036159450.06 226783205848679.2 209241003717007.47 190692111271549.72 170773730750292.1 148944752907440.7 137061007762204.48 124330127973498.72 110529298262163.64 101606419854172.69 95334128065671.77 85349157697084.12 78239054397301.5 66733602069767.99 58372160065532.88 53938455632468.805 49308843128850.414 44457328990783.65 39351668715677.516 33951002834336.84 22033845037717.684 15346184680351.396 7994177852158.415
2545.0003565466595 317432097583942.75 297344401472531.06 276773088502440.2 255472652712042.72 233117167954673.4 209249085778038.94 183181806552312.28 168999677143889.06 153791639035678.7 137265826033287.45 126547422829688.28 118992473534981.7 106923583034532.64 98293005640152.84 84251426097915.67 73979561327433.66 68507099176913.3 62772259721966.88 56738597144510.01 50360713976321.65 43580861448231.46 28488301501056.605 19934987936256.953 10469423580270.178
2555.0003579476297 529719033761577.4 471751201316986.2 420301306524831.8 373901766337251.25 331003840844069.7 289976377884391.44 249033328636791.12 227936839734391.22 205975790274644.28 182693033458893.7 167834262551157.0 157449243316157.2 140978457298002.75 129270764228784.28 110315571703888.67 96504424819983.14 89162135334638.77 81479150322689.77 73409112913231.92 64895837716394.555 55870480394469.61 35923883245064.65 24775964473853.395 12701985361753.33
2565.0003593486 373619736488957.06 335252930058658.4 300280267435597.9 267644225781875.06 236307777713257.62 205240210504593.47 173354003860534.56 156713635763500.9 139350778266579.05 121015667513477.25 109416639601693.14 101382235203713.67 88799671486053.78 80002473763414.2 66079600452959.51 56232973905034.83 51116867128486.92 45861120206769.49 40457627425751.79 34899434845720.465 29182515856404.12 17297456240056.434 11197420335128.426 5147183794819.036
2575.0003607495696 676967842931699.9 568300602233430.5 479044725407341.6 405920565975336.8 345292679635520.5 293313504954482.44 246098035422260.0 223075621360461.0 199788418413255.6 175690058685729.1 160572893059774.66 150114576655027.66 133695252941730.34 122142935597885.77 103639923158104.42 90310666778347.33 83276122325270.78 75953192132161.0 68302978314531.85 60278468932424.39 51822129005410.24 33311443563539.07 23059098209444.75 11986930317804.928
2585.00036215054 597912281019668.0 506461339612888.6 430876717506388.5 368110166408869.94 314876046247244.25 267774152210303.03 223429211814073.03 201260671157981.22 178542658097516.4 154828993263514.22 139912642258290.66 129603089983593.14 113478686283068.22 102212636481067.44 84383834860361.73 71771426261276.95 65216630881364.96 58481864217815.62 51557017924138.586 44433841509076.28 37108468430345.375 21894897147556.445 14107620320265.273 6420092505643.609
2595.0003635515095 668622316780927.6 568977555263050.0 484884061705746.9 413825160197161.7 352988046084998.9 299319684424075.2 249597937155480.84 225168179640161.7 200427929953697.2 174867637551002.62 158887621569754.3 147868635469641.84 130646204768389.97 118597745147316.42 99447411366033.0 85787940832277.81 78633451905234.6 71230742832400.72 63551606232880.47 55563685294957.664 47230236082999.836 29365498968025.48 19768638826404.56 9763679794056.918
2605.0003649524797 770499957475582.2 672870846666643.0 586227871655028.2 509087079726269.75 439733713240937.7 376157526943678.75 315935506747482.25 286153208777200.44 255964821592414.34 224760936790640.25 205226949405292.9 191733179405800.84 170579727909284.88 155717233793518.38 131942314081466.73 114834399200755.12 105811238920377.28 96421973554910.38 86617135443716.11 76337185842760.14 65509729616010.77 41838197881790.125 28759772936707.438 14697369860799.793
2615.0003663534494 676785503419133.8 598562626797278.6 528506332023608.3 465183144854039.2 406948508148175.7 351898957441880.06 297782000347620.06 270225626529177.47 241776444217826.25 211895843484809.28 192997592269328.03 179880347267786.34 159252812677190.75 144741163920513.1 121559609297254.77 104953217145225.69 96236209613248.77 87205467157621.25 77827300078759.11 68062868125860.73 57867454341421.86 35976355014301.5 24177570428086.51 11812178210636.56
2625.0003677544096 1028743308257047.8 888248046730784.0 766095719504928.4 659834204060747.9 566669695549088.0 483405746081733.8 406320695535149.0 368719555532253.8 330849541258385.56 291855845751082.6 267469996802836.25 250616475605953.62 224156214801302.34 205518428179557.0 175587163823669.5 153931800725945.34 142460865234732.6 130482188307756.3 117920717509700.48 104683465971185.17 90652599937363.64 59542035718619.36 41961822398522.49 22493915449836.746
2635.0003691553793 2717836513847464.0 2174323488245675.0 1717139177836442.2 1342509030770408.2 1044189020518844.9 812896754350352.9 635789235495869.8 562490619092191.94 496183492593808.6 434187249845852.4 397834328644921.75 373513528405186.0 336294983655187.94 310569370947840.75 269690761990285.2 240175687297986.8 224480485960505.22 208001272131385.84 190581133682168.25 172017607863650.28 152040756660600.56 106171719218587.28 78854861923880.23 46724895982291.336
2645.0003705563495 2628448679509308.5 2071802118349338.8 1611845185554900.0 1242827949895930.8 956081706036780.4 739532543042172.9 577422634249716.0 510894456940756.0 450554258997190.75 393622112501197.5 359893166390967.3 337175279794209.44 302199637734719.0 277911293694816.8 239226231924809.16 211309415922299.38 196496446272084.84 180983093943545.0 164642512486037.88 147314071569730.88 128788823586546.28 86914638618608.81 62603414687653.76 34977090320591.832
2655.000371957319 5841547308944125.0 4567715682940495.0 3478284044205118.0 2575153086178707.0 1855487935631105.2 1309621526810449.5 918424841520085.0 771559767425295.0 650511380012771.2 549187910307708.0 495044379831866.8 460754260559134.25 410806649893604.6 377746875762638.56 327083281609059.2 291585263521681.8 272992603702357.8 253645861518543.78 233359469271855.8 211895774171625.03 188937862273638.3 136539796306808.25 105324788436241.77 68130815490624.805
2665.0003733582894 3078554634157191.5 2466342707579403.0 1947490443337086.0 1518995155674509.8 1175259049012798.2 907352597437916.8 702223282114703.6 617817909927026.9 542002021351184.25 471705026560300.56 430742450587938.0 403422698253128.4 361705364304011.1 332907173000187.5 287166266388226.75 254143105812141.97 236585358339051.2 218157499182033.53 198692559283239.84 177979975010055.1 155747504259016.12 105140319040927.25 75569525128552.77 41935980657276.766
2675.000374759259 2736585435569104.5 2173090810374640.0 1701950831235734.8 1318439076357627.2 1015206269533342.2 781746081085421.5 603977194964855.2 530580082651179.0 464225885613726.3 402256673881628.56 366018656682709.5 341857768118100.44 305089342251062.94 279876999318334.75 240274979244151.75 212116161119370.78 197313512421658.4 181910020950664.7 165789343407207.03 148801917788019.03 130748562772888.88 90202871491021.81 66643498607924.484 39440881035188.09
2685.0003761602297 4289834514886657.5 3380321395799449.5 2613160098202583.5 1984586077964666.0 1486974752741021.8 1107753923111070.9 828207445068261.4 718011476739133.9 622418043513661.0 537005305161798.5 488634755808254.7 456890485389198.25 409111080339644.3 376549945472726.9 325415945813680.6 288867315053348.7 269539089251005.16 249319020118670.97 228023212053537.03 205417255847864.62 181192206216436.4 125994842314332.12 93435219266153.9 55458489365456.234
2695.0003775611995 1757517780590998.5 1434442002958089.5 1168551418211121.2 953871776684381.1 782736039366336.9 645726626054598.0 531835701821107.7 479784041050745.56 428867291705117.25 377391934757732.7 345466043581360.1 323464490567520.9 288975075679266.6 264699248995426.1 225719472783857.94 197516649741757.78 182578050868927.88 166980117250201.9 150627382683364.5 133402525389078.97 115158411250769.11 74796445805352.67 52093057554846.26 27160205710600.793
2705.0003789621696 3503773063593944.0 2801717629591120.0 2208544441396411.0 1720751129748366.2 1331610150807099.8 1030242333497577.1 800714027189645.9 706387341534504.2 621535600824642.8 542664222825648.5 496640971111221.75 465952163739445.6 419165777489228.2 386967917525033.94 336073635286129.06 299547820642650.8 280201311546989.28 259944204240351.97 238589102476100.16 215891655779466.16 191521118923911.38 135640393004742.58 102233515165370.06 62453814364165.38
2715.0003803631394 1910245760502860.2 1591595763992019.2 1324897274486578.0 1105254098158529.2 926107019469928.9 779088472115424.8 654030631184496.6 596102994233054.8 539089199496187.75 481160321953168.9 445072217749879.4 420108643681148.25 380764773786198.75 352863311854803.9 307549217325887.44 274226472467466.97 256338995459540.0 237451670071529.78 217382970181021.47 195897935534322.7 172683090821362.94 119124960838281.02 87147942459837.52 49585701854191.086
2725.0003817641095 1037113511377536.5 943941760643176.6 858410781183703.0 778300975081962.0 701267702828281.6 624738818240504.8 545644628054265.06 503891564029741.94 459747719651866.75 412219182296369.2 381503996665223.2 359860121616291.0 325231015547193.4 300385229130408.2 259729090803525.38 229743224714766.2 213664536776962.1 196727516745297.4 178801782638231.06 159722908528570.1 139278147078669.22 93038713362849.12 66246733048166.73 35779146109287.086
2735.0003831650793 1531878740355163.2 1323579707902087.8 1146132425958052.5 995012688643794.9 864876932799367.1 749553206739540.8 642010938862714.9 588668038835950.8 534057709863846.06 476733007382342.1 440271377476289.44 414785598616409.4 374286972014699.06 345395045918885.0 298337023406685.56 263758752543190.66 245251970607502.62 225778839436968.62 205190162416697.03 183298503422646.2 159862287454935.8 106939892494036.86 76323840214073.34 41527192754784.5
2745.0003845660494 1463203010521827.2 1320779280785816.0 1189836747455387.8 1068452357994450.0 954333879181011.5 844654250751803.9 735691244076331.6 679876726163532.2 621948046522825.1 560550716511343.3 521251090059966.25 493670227746995.5 449630282567328.0 418021772875877.44 366098799325087.6 327495205562293.94 306636899216141.25 284514505836300.5 260901939696050.94 235505896378478.56 207934287284400.03 143830127890625.78 105227407706936.56 59512027043347.766
2755.0003859670096 1894185144860806.2 1642641521199392.2 1423235594760610.0 1232392971568970.5 1065685285822417.8 917664248425481.2 781607100632583.2 715489452627498.0 648929948444687.5 580254794011275.0 537126794466672.75 507189686723274.8 459885337366386.5 426272682053543.9 371604151894926.44 331360280425589.75 309748005183681.94 286922786751613.5 262666221227734.94 236695419370501.56 208632495661165.22 143882818297679.94 105194286916953.97 59619809977044.93
2765.0003873679793 2759139743699130.5 2338552455549600.0 1978142965816980.0 1672341151582388.2 1414078573816004.5 1194604554340544.8 1003258853943117.2 914170909596363.9 826947242306551.2 739243496462728.6 685165554547946.0 648000879470854.2 589775819612441.0 548686687626078.25 482161286980054.06 433272386856066.1 406994378117565.9 379193324569442.5 349564427447728.25 317705450972015.3 283066549947788.5 201887269341335.22 152130837086252.66 91584645425077.34
2775.0003887689495 2866705824118914.0 2488029779423108.5 2156604431387409.0 1867539783567624.8 1614909825451486.0 1391571986752961.0 1188828140007305.0 1091839440450706.2 995503775425794.9 897530603372333.6 836673601412095.2 794674293313590.6 728586757292295.6 681717315697847.4 605335570867754.0 548705208485907.4 518048122928214.44 485418986027460.1 450392928883798.8 412398812911748.1 370639663099967.5 270493734564017.1 207110177636685.62 127280147367017.62
2785.0003901699192 1596849632436767.5 1468990363373201.2 1346365538844544.0 1227583410051562.0 1110853876995445.6 993745722575366.0 872695657281208.5 809022576004314.6 741898010771521.9 669777169727365.2 623185462933607.4 590327787814729.9 537652236367071.94 499731673194367.3 437335192026657.56 390939027931452.4 365893112203956.5 339360190116741.75 311086523710296.25 280743546431015.62 247891760608020.56 171907127408824.5 126369571486940.42 72409131960503.86
2795.00039157089 1106330097043382.2 1043062009903059.0 978209576363221.1 911052824368480.4 840573531658322.8 765262456644630.5 682737946050732.4 637598235683446.9 588893069441855.1 535479060964660.06 500479545826840.6 475603363421544.25 435442515311235.3 406350048563590.6 358207574417607.44 322218244397526.5 302725319041253.06 282023710345205.2 259901176371870.25 236078068233335.12 210172131651433.72 149615907596512.34 112646571857531.6 67552136420257.85
2805.0003929718596 1276533039660367.8 1200722563464128.2 1123929304139130.8 1045285633561281.1 963575316440361.5 877004164459286.4 782743352771935.0 731334027479939.9 675901060337239.5 615073076017003.0 575155025111863.1 546738865326103.75 500764630973162.9 467371503647359.1 411921263796632.4 370298964396427.9 347691793189868.44 323634248057877.8 297871684925794.5 270070747928704.03 239780190228050.8 168852118886412.25 125650854962502.61 73528137668803.66
2815.0003943728298 2132151056409491.8 1940198145820961.8 1763984003284005.5 1599949195577326.8 1444166770669309.0 1292119911018586.8 1138156893755575.5 1058076548472347.6 974110276838263.1 884226328083071.6 826247121551341.5 785361585267147.8 719757705292250.8 672435623799166.5 594269422087390.6 535791255952104.8 504054670594072.25 470277964272802.0 434080787899150.3 394961444153801.1 352234411913354.9 251506721088638.34 189440588695225.28 113416912469812.95
2825.0003957737995 2116956656997160.8 1934521539210506.5 1769249364882380.2 1616061474386283.0 1469980152748731.2 1325902392999506.0 1177949963614952.8 1100112515869308.0 1017845299158851.1 929033708919322.8 871323232630468.1 830417301674381.9 764393276318717.8 716448520170779.9 636600216818678.5 576267787068266.6 543287834236129.2 507990006165481.9 469921920646803.6 428482460991019.7 382845119045102.56 273599580008707.0 205153259459071.97 120612732856664.95
2835.0003971747697 1584027623108902.2 1498263965688191.5 1411403212033984.8 1321943003410276.0 1228021840377220.0 1127071933826302.2 1015149612356316.2 953134047749908.9 885443834235054.6 810141956570320.5 760122346247754.6 724216365656323.4 665587362673787.4 622579818167631.5 550368742076301.94 495511377498385.5 465483061020282.75 433352200608579.44 398748728728110.0 361191519631294.2 320036439847478.5 222936577719051.34 163618638641768.66 92717024291557.33
2845.0003985757394 1056984419107788.9 1009816083828267.4 959139935150253.5 904065937533587.4 843344832583794.9 775140857490292.4 696587917640835.9 652036042314003.9 602816268343551.8 547606862196066.0 510819751753000.4 484418210798589.1 441416035265149.25 410027324024176.06 357784204290407.4 318607223167214.0 297389199144147.4 274885375510379.47 250900705116638.56 225186883786214.88 197418618336704.9 133755021237755.7 96228290650499.14 52693076026405.95
2855.0003999767096 518335510554517.75 491603766878255.8 462798919790126.6 431496613902601.7 397120116889239.1 358853447199576.06 315478921673453.56 291309727340943.9 265038653938504.1 236174053782148.72 217328536769360.62 204007069863734.34 182692495622728.84 167447143496714.2 142687771535983.03 124647767269879.67 115073603634246.28 105074389523638.95 94597348691143.05 83576989634504.06 71929560886788.52 46259013055391.04 31831003802325.94 15840346344515.807
2865.0004013776793 1435076908087548.2 1370652943126984.8 1302733850146963.2 1230212931855332.0 1151531072264329.0 1064368677441267.9 965029100923658.0 908950668784050.2 847038806060008.0 777449040987055.5 730883068804917.2 697317789033019.8 642304512393223.9 601814731746237.2 533630487725521.4 481696941548630.5 453226260569408.06 422729584779432.4 389846919960561.4 354106194753134.75 314867964332322.5 221834503727376.2 164472007525701.78 94885922461698.1
2875.00040277865 2037054156494381.5 1906108696264074.0 1779901534416078.5 1655299859354314.2 1529118748542687.0 1397670438168193.0 1255892026237946.8 1178751673519146.5 1095463674301724.2 1003686868245251.5 943106937093866.0 899758298995711.1 829145258647974.9 777421938758071.6 690583916498751.5 624511067134188.6 588268599745500.5 549407854722515.3 507441824857555.5 461730491402054.9 411405832728049.9 291402957787229.1 216902224302797.16 126032458379383.61
2885.000404179609 3092472511381865.0 2755584936924863.0 2464808452916277.0 2211312340442504.5 1985362509455579.8 1776522657917249.5 1573561920004698.8 1470301085413840.5 1363177774900854.0 1249386002959765.8 1176261235232155.8 1124740232001976.5 1042003874869002.0 982155916151842.6 882686441908073.8 807491266308781.0 766297239085059.2 722088508441477.4 674219058682194.6 621810078304627.9 563617378283798.5 421324768947285.7 328869489029921.56 208574594147323.38
2895.0004055805794 5384900613626929.0 4494347247333647.5 3750760475329156.5 3141214001453256.0 2647685365487113.5 2246986564860472.2 1911382590269001.5 1758347628216598.8 1609583197259700.8 1460383404730405.2 1368318196064193.2 1304930881254499.0 1205298108421947.2 1134634061374403.0 1019275508283182.4 933418324929882.5 886756830942433.1 836908600495179.8 783137338654394.0 724433391751653.2 659353212869504.2 499963575961583.2 395570061881207.5 257760677749078.56
2910.000407682039 9781615701880838.0 7940849175445379.0 6363088143949237.0 5046290867616075.0 3979857656132713.0 3141800159677109.5 2495906148593440.5 2229309658759103.0 1989841621863136.2 1768389474023847.2 1639915708441756.8 1554549706877221.8 1424710058100628.8 1335369838863641.0 1193542912504519.0 1090660915526466.4 1035548769233386.5 977220790406617.6 914873158506242.2 847408666118144.6 773262870841510.9 593977074756584.4 477825937727771.75 325050946810892.6
2930.000410483979 1.0143295869330306e+16 8325837087889580.0 6740450186113850.0 5390937083456842.0 4274557403695341.5 3378877143751152.0 2677739268916306.0 2387075637471308.5 2126716445335965.8 1887518181687052.8 1749658547255169.0 1658416713864132.2 1520095347062402.5 1425148685527236.2 1274604911078426.5 1165400459123776.5 1106861944129269.8 1044858164112675.9 978509019400225.0 906612472169565.4 827453441732558.2 635337863011375.8 510316255656603.1 345295845493243.6
2950.0004132859094 8306312780519533.0 6888541187230011.0 5663116984649352.0 4627294146872167.0 3772226959419312.5 3080860448632136.0 2525600673244872.0 2286960156449452.0 2066112550254234.8 1855589211746749.8 1730560294923695.0 1646324102437501.0 1516488757682387.2 1425993187416076.8 1280465914875774.2 1173500132068504.2 1115721070368066.2 1054206096358029.8 988035314314749.4 915944757571116.2 836121049751214.2 640490880149763.6 511782429143713.0 340414456037998.75
2970.0004160878498 8235162412584710.0 6855319239711141.0 5655561524785446.0 4634853493908959.0 3786825117955155.5 3097572387219306.5 2542821709980089.0 2304623006126992.5 2084450101109312.5 1874593823928386.8 1749744916215417.2 1665435993062450.2 1535048875719374.2 1443784603335701.8 1296284501030030.8 1187297430292900.5 1128245476431747.2 1065255885457292.6 997386371602989.0 923350199344178.0 841314881944752.2 640496543086789.1 509067106019164.7 335881517794675.1
2990.0004188897897 8128030537893016.0 6807766952844726.0 5666540746007285.0 4699822659020286.0 3897087823983874.0 3240057006233878.0 2700915774185848.0 2463856648090384.0 2240669562559400.5 2024241852259826.8 1894068105158382.8 1805736977435288.8 1668695637438532.8 1572594770149954.8 1417143423991767.0 1302207968176379.2 1239891109663062.8 1173364803813716.0 1101593495830159.5 1023149090747696.5 935975652070429.9 720879216263493.0 578172125287812.1 386487888635072.25
3010.0004216917296 6982243105452061.0 5920987864310269.0 5007331191372788.0 4234185377181546.5 3589120804052548.5 3053177874007773.5 2599881747631961.5 2393710023116322.0 2194403673865043.8 1995796916747065.0 1873813542996042.5 1790021312712099.0 1658530953191721.5 1565353619234656.2 1413209704177385.2 1299808743859477.0 1238072653555592.2 1172012101771785.0 1100601669047622.2 1022427579474838.6 935454232287186.9 720663654270846.4 578112008999795.4 386468180410163.94
3030.0004244936695 1.0923068045755964e+16 9143779910967136.0 7568729514327417.0 6201720094114142.0 5041873907177155.0 4081066322483367.0 3300021783450047.5 2966441747932696.5 2662417845275199.5 2379262337416693.0 2214801087200535.5 2105591836326882.0 1939636168127249.0 1825504492726091.0 1644202397803939.0 1512360689495452.8 1441533531075188.2 1366362940780903.8 1285713825240938.0 1198019163299998.0 1101014582653989.0 862848813141302.2 704863039652910.0 490837012888746.1
3050.00042729561 1.1370069918164324e+16 9544444132211348.0 7941493149033542.0 6561653389597073.0 5398731866199948.0 4437255664029961.0 3649226772073067.0 3307158317957993.0 2990294312166388.0 2689613713443606.0 2512380482362679.5 2393727119720399.0 2212186744945696.8 2086651811014762.0 1886416077343881.2 1740336265740593.2 1661719053271157.2 1578168474648216.0 1488383632817794.5 1390550534232313.0 1282019468531202.0 1013547674716741.8 833156135420240.6 584189097305946.5
3070.0004300975393 1.8265574939708556e+16 1.529499612774537e+16 1.2598404516315208e+16 1.0197141609767664e+16 8109207431557686.0 6345566189203232.0 4903874015379183.0 4296891761587968.0 3757794747810839.5 3276586770845924.5 3009858101545918.0 2838776939703929.0 2588520114403031.0 2423187726255380.5 2171192794697179.8 1995259897101835.0 1902945042404682.0 1806436028669742.2 1704362329001286.0 1594822728833468.8 1475043295747807.5 1184418057125684.2 991720518992602.9 726157878587649.6
3090.0004328994796 1.3926440256988362e+16 1.181814977866623e+16 9912533167956010.0 8218651620902213.0 6742318362438216.0 5483521478164935.0 4432010327079509.5 3976185451983357.5 3559549776475210.0 3173474437305311.5 2951592157368755.0 2805674474521334.5 2586552880344464.5 2437857940201851.0 2205065056087376.8 2038241604958621.5 1949368337518405.2 1855526790640270.8 1755294412507819.8 1646680693137881.2 1526761087157476.2 1231407248362977.0 1032676266996947.0 755703369754177.0
3110.0004357014195 2.5959814937673484e+16 2.196101202302885e+16 1.824840870291492e+16 1.4857563921983298e+16 1.1824967480020786e+16 9185234797577986.0 6965213953520354.0 6016013918946809.0 5171419831318813.0 4424646534535069.0 4018459602783707.5 3762651908366663.5 3397242008016038.5 3162633503581264.0 2816736542984013.0 2583847005366267.0 2464386717245881.0 2341398190756664.0 2213283055521724.0 2077827315010057.8 1931797025411431.8 1584125568608163.8 1356475381658369.8 1042605044532340.1
3130.0004385033594 2.2114704635913708e+16 1.875935223136646e+16 1.5674313894449532e+16 1.2881171962011932e+16 1.039978993695362e+16 8245762651701707.0 6425628880043656.0 5638152205254818.0 4927248533375890.0 4285108114508590.5 3927736508468167.0 3698778900837253.0 3365382493209414.5 3146803869621703.0 2817274897336974.5 2590219217760579.5 2472100997849794.5 2349338441751462.5 2220244050520692.5 2082464901111067.5 1932550589237172.2 1570813343000564.0 1331338726146040.5 999785298004405.9
3150.0004413052993 2.7019439904396104e+16 2.323416754197775e+16 1.9669223336429628e+16 1.6352297128820316e+16 1.3313767739382274e+16 1.0585855884342398e+16 8199884719109955.0 7142930096840401.0 6178283694666277.0 5303669573748156.0 4819252063859496.0 4511403511901143.0 4068946841620165.5 3784062887121665.5 3364834771184386.5 3084460031553862.0 2941599782342530.5 2795353613154315.0 2644011581315482.5 2485185867063514.5 2315365475856243.0 1916625831565078.0 1659120615806378.8 1307310681077014.8
3170.0004441072397 3.3303174452429756e+16 2.873694353122865e+16 2.441732865355175e+16 2.0376692003234596e+16 1.6650478704566518e+16 1.3276463411205116e+16 1.029227509067976e+16 8956485907796159.0 7728013251121615.0 6605926094784793.0 5981504883958401.0 5584067040352559.0 5013087903986598.0 4646541816496555.0 4110915928724633.0 3756884078269395.0 3578277887026059.5 3396911781052834.5 3210951285734203.0 3017809346570362.5 2813646013817648.5 2343341050652425.5 2045169870210735.5 1641962280594279.5
3190.000446909169 2.680734862208143e+16 2.3124662645703964e+16 1.9664966142887612e+16 1.645280261352681e+16 1.351391630193331e+16 1.087394419385367e+16 8555254672036310.0 7520729942930543.0 6568978915174770.0 5696199369092282.0 5207007075895334.0 4893375212260017.0 4438186040288585.5 4142008093496880.0 3701345811350349.5 3403326577550775.0 3250452848868746.5 3093245368191102.5 2929805274390286.0 2757451534976073.5 2572197570534367.0 2132831853285345.5 1845044568086794.5 1444466142299701.2
3210.000449711109 2.8023242701654304e+16 2.412979453848053e+16 2.0496070941725476e+16 1.7145854036059014e+16 1.4102262091832462e+16 1.1385683574366272e+16 9009664571644916.0 7949727351944377.0 6972010065264379.0 6070379816261868.0 5561511439353430.0 5233486207149683.0 4754501710076201.0 4440853759316326.5 3971386421052698.5 3652307421799135.5 3488296847599046.5 3319508903589790.0 3143998804868799.5 2959018503984029.5 2760483099448333.5 2291932979808903.5 1987677344775217.0 1568700484267827.5
3230.0004525130494 2.3532835862455216e+16 2.041720944720665e+16 1.7501562616778122e+16 1.4802670230232282e+16 1.2336895869974772e+16 1.0118498059346334e+16 8155999393319675.0 7269972479072089.0 6444003681834616.0 5672081000963439.0 5230644936881160.0 4943348601996089.0 4519286281365276.0 4238245124507963.5 3811826116398707.0 3517558102591711.0 3364761889751851.0 3206362526028314.5 3040372119912838.0 2863973434784165.0 2672967417832820.5 2215326974069999.5 1913158737495145.0 1490835786796994.0
3250.0004553149893 4.247058701325338e+16 3.669703274982451e+16 3.12072149959703e+16 2.6047128588773944e+16 2.1268439386405736e+16 1.6927866721877544e+16 1.3084117317950962e+16 1.1365237025167678e+16 9787655998920746.0 8351465299073595.0 7555185581114194.0 7049784956960205.0 6326052632706929.0 5863163038075677.0 5189645526239936.0 4746659658149101.0 4523911883234571.0 4298248384308341.5 4067418388105026.0 3828233956105446.5 3575933572163389.0 2995648079599699.0 2626580048261674.0 2121244497259718.0
3270.000458116929 5.8118560451828856e+16 5.029966013479479e+16 4.280608011111574e+16 3.5702685868923844e+16 2.906533991170542e+16 2.298191282708458e+16 1.7551154355523322e+16 1.5112540407754352e+16 1.2873769122848782e+16 1.0842214793001584e+16 9723097844173288.0 9017505212403690.0 8016521240480151.0 7384193835611906.0 6479115922147485.0 5896100636222616.0 5607335332003447.0 5318111663700576.0 5025957226668578.0 4727370829365909.0 4417118655318021.0 3721597782977026.5 3291088168300010.0 2714087423444877.0
3290.000460918869 5.988296509367051e+16 5.214893930907102e+16 4.469062323607182e+16 3.756749746719289e+16 3.085077841356485e+16 2.4625572898525356e+16 1.8991802308528428e+16 1.6430969876928284e+16 1.4058676725832778e+16 1.1885223515567232e+16 1.0678487120239536e+16 9914011552817200.0 8824709154524670.0 8133917103453350.0 7142436142673552.0 6503060860739919.0 6186589974272799.0 5870028201218487.0 5550947038871900.0 5225893908150153.0 4889685844468626.0 4143924770906374.5 3688993557178682.5 3087109903134142.5
3310.0004637208094 4.644952836178542e+16 4.037700607438241e+16 3.458810667732388e+16 2.9125980321872436e+16 2.403930066534096e+16 1.9381956107140124e+16 1.5210680368042232e+16 1.3323939242810684e+16 1.1576149233628064e+16 9967946541216282.0 9067795082108054.0 8492862709472513.0 7664191871139802.0 7130605541683668.0 6348840864519222.0 5831014825270352.0 5569529934168504.0 5303885018839306.0 5031421996551629.0 4748363158908790.0 4449044720434217.5 3758151888288601.0 3317128519994516.5 2711113773261472.5
3330.0004665227398 4.7603193757128184e+16 4.1387724751021544e+16 3.546285053373668e+16 2.9875231599998464e+16 2.4677088388288316e+16 1.992527211986165e+16 1.5677620703749092e+16 1.3758749553534196e+16 1.1981630723180692e+16 1.0345199378121814e+16 9427656854248330.0 8840556422568869.0 7992257864710239.0 7444360422053389.0 6638772731426828.0 6103206189744723.0 5832219547482914.0 5556615172822756.0 5273700967623480.0 4979653927954871.0 4668742501317304.0 3952271954896644.0 3496478322234368.0 2872335720353405.5
3350.0004693246797 4.2585377690459736e+16 3.702842666459012e+16 3.176188559737361e+16 2.682316430000885e+16 2.225283153652189e+16 1.8093370602662148e+16 1.4385310979925434e+16 1.2710236296890562e+16 1.1155957254882476e+16 9718606547230338.0 8907976211825730.0 8386591152455841.0 7628165551806638.0 7134188386382011.0 6400135538873351.0 5905743811661498.0 5653274818911240.0 5394726209156836.0 5127316865565917.0 4847102443069147.0 4548184382126772.0 3849138897166130.5 3397888319036154.5 2773999078109926.5
3370.0004721266196 2.23120788610977e+16 1.9620684291433708e+16 1.7110763896386222e+16 1.4793366777432354e+16 1.2677487498599406e+16 1.076777847419468e+16 9060010734190150.0 8275901553877891.0 7531267902274684.0 6816548920441296.0 6395960598608790.0 6116163492888092.0 5692490387728757.0 5403486843385641.0 4950351933096681.0 4626182688654817.0 4453916654401721.0 4272417410938988.0 4079019835076028.5 3869936742835070.5 3639502012960836.0 3071290544430465.0 2684441882070401.0 2127653985758316.0
3390.0004749285595 2.9146987509075024e+16 2.545482857129524e+16 2.2024141501843124e+16 1.88710840514483e+16 1.6008692889333152e+16 1.3443852876725314e+16 1.1171673176538694e+16 1.01380203755468e+16 9164183913160690.0 8238944343937177.0 7700083694777544.0 7344400462579841.0 6810724190193391.0 6450461103342200.0 5892383396335663.0 5498476123412474.0 5290975284184439.0 5073691011867640.0 4843613794111055.0 4596450567269536.0 4325746865874876.5 3663953564590744.5 3215800155385047.5 2570071730464990.0
3410.0004777305 3.1517224202730184e+16 2.7601852440795716e+16 2.3947545871055796e+16 2.0572170594071976e+16 1.7490997967023622e+16 1.4713672385535496e+16 1.2238364110823724e+16 1.1107533523350158e+16 1.0039744089451632e+16 9023783004159978.0 8431940249530947.0 8041470066118130.0 7456273656994539.0 7061981023049155.0 6453000459146340.0 6024916166652883.0 5800109603055668.0 5565266955712957.0 5317253048989185.0 5051585017534246.0 4761504717208701.0 4055743239596791.5 3579583051361980.5 2893277992761957.0
3430.0004805324393 3.850354853762862e+16 3.3702510781470044e+16 2.9204030229132484e+16 2.50323751553855e+16 2.1209220554743824e+16 1.7750305132759592e+16 1.4659132247393322e+16 1.3246301701369958e+16 1.1914178031396066e+16 1.0651470660497334e+16 9919789670416960.0 9439350502218856.0 8723731041350147.0 8245186019436446.0 7512965164714560.0 7003897848275383.0 6738561848636811.0 6462875637281170.0 6173370214808447.0 5865063177834145.0 5530408421590078.0 4723218548029508.0 4182336319700471.0 3404162333598738.0
3450.0004833343696 3.651247616548014e+16 3.1977484218360484e+16 2.7713508179334308e+16 2.3747227797658524e+16 2.0104506346188604e+16 1.6807331901865434e+16 1.3867373990106598e+16 1.2528993998187292e+16 1.127185366293947e+16 1.0085249445518462e+16 9399817659187736.0 8950410717361923.0 8281525483352441.0 7834177936318528.0 7148677932214785.0 6670663093551455.0 6420832999948573.0 6160658731903799.0 5886703314887200.0 5594042055517444.0 5275233317907051.0 4501337620724060.5 3979323461479706.0 3225421799543547.5
3470.0004861363095 3.817787346332044e+16 3.3330022564167344e+16 2.8812652358546068e+16 2.4652372219455492e+16 2.0872025929478404e+16 1.7486474004423544e+16 1.4494984815786102e+16 1.3139183450488012e+16 1.1866613564470464e+16 1.0663644487346194e+16 9966701957443688.0 9508510343495432.0 8824253883276321.0 8364830912556852.0 7657611253653348.0 7161907298411935.0 6901939272778798.0 6630528982599693.0 6343974815174093.0 6036965818392272.0 5701464039918572.0 4882305618121814.0 4325723049592775.5 3515215874526122.5
3490.0004889382494 5.400466425253359e+16 4.710115858718082e+16 4.055523964412408e+16 3.4420472411473824e+16 2.875325996156403e+16 2.3609067761844584e+16 1.9033774211816284e+16 1.6966768036240188e+16 1.5044073562731858e+16 1.3255957767538476e+16 1.2239896849589892e+16 1.1582226838441972e+16 1.0618215202788196e+16 9984831624688648.0 9034448919083600.0 8387703294758754.0 8055281942617285.0 7713316185168441.0 7357957177117140.0 6983692090753029.0 6582182141606074.0 5632340298031699.0 5008071694173029.0 4121272297200831.0
3510.0004917401893 6.471678680655985e+16 5.663321129841917e+16 4.8900299029678456e+16 4.1581907478686776e+16 3.474835835781866e+16 2.847360168938432e+16 2.2827097092287184e+16 2.025526882123657e+16 1.7852924017923936e+16 1.561336737261637e+16 1.434093427462975e+16 1.3518581829338932e+16 1.2317019306003682e+16 1.1531636982036666e+16 1.036297812708819e+16 9577444259294116.0 9177770248876206.0 8770068598242949.0 8350582247030938.0 7913914017560857.0 7451866908926968.0 6387234521718088.0 5709103929997358.0 4771618060492418.0
3530.0004945421297 5.6892241817457e+16 4.995695591195624e+16 4.331732097429452e+16 3.70240256108191e+16 3.1132402158410724e+16 2.5699863283265076e+16 2.077883710664422e+16 1.852114427351957e+16 1.6398677248708714e+16 1.4404213570116934e+16 1.3262290603115834e+16 1.252021177698661e+16 1.1429264674779734e+16 1.0711311924935706e+16 9634731968448428.0 8904782142092349.0 8531222970019181.0 8148549428735515.0 7753033978656356.0 7339320449647936.0 6899277701679030.0 5876440714968115.0 5219086391807935.0 4304979221924728.0
3550.0004973440696 7.568117149307838e+16 6.63362365919557e+16 5.736546077819973e+16 4.884530554747245e+16 4.0860234799491256e+16 3.349901688594833e+16 2.6844675457004396e+16 2.38014269373904e+16 2.0949789196634348e+16 1.8282236333768456e+16 1.6762391860235462e+16 1.577858011793669e+16 1.43393329308174e+16 1.3397965972215876e+16 1.1997864217693996e+16 1.1058789351756556e+16 1.0582234153059196e+16 1.0097355842533944e+16 9600156231202632.0 9084889260660340.0 8542819988108253.0 7309542240330253.0 6537647851547204.0 5489620070348883.0
3570.0005001459995 3.3473499149174484e+16 2.9592492980438104e+16 2.598857280870313e+16 2.267520318856477e+16 1.9658727106879e+16 1.69334519114106e+16 1.4473917150049734e+16 1.3327472088303154e+16 1.2222073098864238e+16 1.1141229410069982e+16 1.049495621005457e+16 1.006083626678563e+16 9397690315528192.0 8941942733837156.0 8223368334955841.0 7707420550245535.0 7432894630295552.0 7143504231040627.0 6835024828132556.0 6501388275072648.0 6133406777388703.0 5222783968458740.0 4596834644921393.0 3678599210024120.5
3590.0005029479394 3.5826994014164624e+16 3.1734298479452924e+16 2.786897159662871e+16 2.425136155700165e+16 2.090031774048217e+16 1.7830084878456516e+16 1.5043620008715958e+16 1.3751237454886116e+16 1.251739022522121e+16 1.1328982150189652e+16 1.0628938619717364e+16 1.016343234723271e+16 9459517181905886.0 8980397074184367.0 8231447036558813.0 7697520611270031.0 7414390730233409.0 7116472317756321.0 6799360234560977.0 6456748253485721.0 6079120411253721.0 5145011717634369.0 4503172625055008.5 3563077788812418.0
3610.0005057498793 5.365195754000716e+16 4.733935128390591e+16 4.130557383104659e+16 3.5593060529792244e+16 3.0246465590413132e+16 2.530953809221224e+16 2.0817700187018424e+16 1.874352582275088e+16 1.6780291614842842e+16 1.4917949561590896e+16 1.3840980517324222e+16 1.3135716470566898e+16 1.208936025633192e+16 1.1393263367960082e+16 1.0335446429431486e+16 9606401917772174.0 9228866585828928.0 8838590992642303.0 8431102650477096.0 7999976370030402.0 7535463214209764.0 6429770651832639.0 5698690938238261.0 4653492355001534.0
3630.000508551819 6.0811804280771304e+16 5.38661978717318e+16 4.717735792150508e+16 4.079092070043558e+16 3.4756968452742776e+16 2.9127758027909516e+16 2.3951070825671588e+16 2.1542177471999044e+16 1.9252253888624456e+16 1.7073248616904512e+16 1.5811721578859166e+16 1.4985794045594166e+16 1.3762006270937878e+16 1.2949934956938874e+16 1.1721427651282038e+16 1.0880629375188012e+16 1.0447798421328208e+16 1.0002610304806938e+16 9540601922881386.0 9055379728732604.0 8537273977001936.0 7326951104920191.0 6546644107568536.0 5459590648297511.0
3640.00050995279 6.677878540944842e+16 5.920457105066897e+16 5.1897966662101336e+16 4.49067703058381e+16 3.828366635377164e+16 3.2083988762079356e+16 2.6358898290527524e+16 2.3685067940753976e+16 2.1136773980631856e+16 1.8706118159296124e+16 1.7296858341797712e+16 1.637381089813725e+16 1.5006421753494264e+16 1.4100020760979258e+16 1.2732123718301504e+16 1.1799707397399376e+16 1.132138194583147e+16 1.0830828476375192e+16 1.032347336778156e+16 9792738712215338.0 9228637098384482.0 7921960974174781.0 7087360851605108.0 5932432643655491.0
3650.0005113537595 8.188481669333894e+16 7.273021409415349e+16 6.37852013015024e+16 5.510597343673506e+16 4.676116721241997e+16 3.88342947826322e+16 3.142408917042914e+16 2.7945882105681544e+16 2.463474185989889e+16 2.1497047880337224e+16 1.969647257400515e+16 1.852807356376356e+16 1.6817709885859686e+16 1.5700105456333376e+16 1.4042284411745878e+16 1.2934624301440322e+16 1.2374075473860012e+16 1.1804877750249388e+16 1.122242801538884e+16 1.0620089740725716e+16 9987752764570642.0 8553355949167202.0 7657347190059536.0 6438227636707600.0
3670.0005141556994 9.661751109034389e+16 8.575060448474515e+16 7.511364589347414e+16 6.477933030734393e+16 5.4835918992452584e+16 4.538944807116598e+16 3.6562750667249224e+16 3.242208492306476e+16 2.8481964522123696e+16 2.474991161127973e+16 2.2609347854433424e+16 2.1221077712012096e+16 1.919077526053582e+16 1.7866221975294814e+16 1.5907050515336834e+16 1.4604307287747634e+16 1.3947926251329768e+16 1.3284040952879296e+16 1.2608074469057928e+16 1.1913448713916514e+16 1.119016884724507e+16 9579094151358764.0 8599244411975426.0 7306842989294342.0
3690.0005169576293 7.750335447279131e+16 6.876421181486926e+16 6.029490412541509e+16 5.215133899693472e+16 4.439729916169996e+16 3.71035477782676e+16 3.034282333444294e+16 2.7181953120261504e+16 2.4172796255993428e+16 2.13118356300838e+16 1.966059188389973e+16 1.8583252825705052e+16 1.6994892483374176e+16 1.5947810091480804e+16 1.4377495463282236e+16 1.3314427160943646e+16 1.277147416439768e+16 1.2216352389164814e+16 1.1644043228641786e+16 1.104732826448456e+16 1.0415241262221996e+16 8958800442447271.0 8033249228308562.0 6757180132320705.0
3710.000519759569 7.147882633098338e+16 6.318906864003301e+16 5.52222774307214e+16 4.763924705411311e+16 4.050753997115877e+16 3.389858746758142e+16 2.7878728971947052e+16 2.510368327837093e+16 2.2484915266269696e+16 2.0012304806982056e+16 1.858953621920256e+16 1.7661265972772624e+16 1.6289774242820716e+16 1.5381561289090688e+16 1.4008465613094212e+16 1.306745876896396e+16 1.2581943596689396e+16 1.2081338270426794e+16 1.1560043830113698e+16 1.1010003302052114e+16 1.041896498229901e+16 9017347037058080.0 8092617371417669.0 6768013685617955.0
3730.000522561509 2.8344719126134164e+16 2.5601590569079976e+16 2.3052978401732864e+16 2.0702711645222276e+16 1.8546857936926624e+16 1.6569087945866948e+16 1.47334562689447e+16 1.3849490762935622e+16 1.2971882744846924e+16 1.2082402180227138e+16 1.1532259292128686e+16 1.1153771842882076e+16 1.056000853663364e+16 1.0139864401556646e+16 9455129804910388.0 8945129158933381.0 8667118663284603.0 8368897138290495.0 8045086430868880.0 7687956903835684.0 7285798967063619.0 6255007706298226.0 5519763677018310.0 4407338994833508.5
3750.000525363449 3.6061042016152024e+16 3.23011469150722e+16 2.8805880599889892e+16 2.5585922289661956e+16 2.2643030661742524e+16 1.9964250426739068e+16 1.7512964398667888e+16 1.6351285955158892e+16 1.5213975967243144e+16 1.4080425653573708e+16 1.3390055159398334e+16 1.2920158753756652e+16 1.2191627452882312e+16 1.168263790487304e+16 1.086479932092171e+16 1.026496576527965e+16 9941224843753014.0 9596385926824328.0 9224681372862766.0 8817804716200881.0 8363136979132300.0 7211369839270705.0 6397774844800924.0 5170749706468539.0
3770.0005281653894 7.277010183874258e+16 6.471212669023227e+16 5.697521919920679e+16 4.96067028138242e+16 4.265438024466733e+16 3.616248470777547e+16 3.0163046818610636e+16 2.735019394370111e+16 2.465571060405338e+16 2.2065990224869148e+16 2.0552015913838948e+16 1.9553937527940308e+16 1.8063815836694664e+16 1.706684380398756e+16 1.5544811580530064e+16 1.4492512280199936e+16 1.394709090097197e+16 1.3383245646332414e+16 1.279480776361215e+16 1.2172871077398678e+16 1.150384951568582e+16 9917053503277272.0 8871762862591890.0 7377872340845701.0
3790.0005309673293 7.751912720960915e+16 6.8848421912198344e+16 6.052187415816342e+16 5.259136118181418e+16 4.51100911247606e+16 3.812839915981778e+16 3.1684332237802864e+16 2.8667454385159176e+16 2.5781195110351724e+16 2.3011190359808564e+16 2.139389866825189e+16 2.0328644466456068e+16 1.8739826392755256e+16 1.7678121803082378e+16 1.6060064649598864e+16 1.4944235263689586e+16 1.436717718031432e+16 1.3771807081794398e+16 1.315201394097288e+16 1.2499008446543446e+16 1.179943763818153e+16 1.0155699574051996e+16 9088265511855826.0 7589185542914756.0
3810.0005337692596 6.367507795828601e+16 5.679681216268849e+16 5.025811947545673e+16 4.4087250162586264e+16 3.8308445223953576e+16 3.2936885159885956e+16 2.7968573838502588e+16 2.562421508015916e+16 2.335838512586803e+16 2.1150475331616348e+16 1.984008710620414e+16 1.8966136619900384e+16 1.7643641090409e+16 1.6745320713343364e+16 1.5350140333256768e+16 1.4367106508025862e+16 1.38512601917131e+16 1.331330258697512e+16 1.2746726879961448e+16 1.2142156145016784e+16 1.1485316949103314e+16 9902284869363140.0 8843106835638405.0 7313875845600623.0
3830.0005365711995 2.268293757367152e+16 2.1409879667986304e+16 2.017651252582836e+16 1.896824735510125e+16 1.7766374980157464e+16 1.6545961870258344e+16 1.5271053879606074e+16 1.4596193659363354e+16 1.3882158259897534e+16 1.311171469731075e+16 1.2611423970040924e+16 1.2256798246582188e+16 1.1683706692719836e+16 1.1266198566513082e+16 1.0565590910476986e+16 1.0028660126775296e+16 9730989956302070.0 9408077068262104.0 9053557952959188.0 8658307887996018.0 8208546958633136.0 7038563962878511.0 6194472242171302.0 4911743643286462.0
3850.0005393731394 3.997342917479275e+16 3.626441631591088e+16 3.2812038635574388e+16 2.9607784732672572e+16 2.6632188706547588e+16 2.385032724932513e+16 2.120492375637064e+16 1.9906495482528292e+16 1.8603449219010484e+16 1.7273169853533534e+16 1.644870193689472e+16 1.5882103966123724e+16 1.4996331546751204e+16 1.4373258937010268e+16 1.3367213523006842e+16 1.2627305868180506e+16 1.2227809874601028e+16 1.1802457943089654e+16 1.1344437604320152e+16 1.0843947149158896e+16 1.0286119642028626e+16 8882073513620340.0 7899306099446342.0 6430848601386786.0
3870.0005421750793 3.955841065386397e+16 3.5917979520132412e+16 3.2513076529619388e+16 2.93382540533014e+16 2.6379516005341136e+16 2.360994265563367e+16 2.0981996611890788e+16 1.969712809973637e+16 1.841184454506398e+16 1.7103534721286008e+16 1.6293957068040112e+16 1.573780301134259e+16 1.4868135245507688e+16 1.425584968024786e+16 1.3265573550055256e+16 1.2535588000182582e+16 1.2140793415258476e+16 1.1719937408977688e+16 1.1266190217460696e+16 1.076974387504018e+16 1.02157440820393e+16 8818957981369061.0 7840099962632477.0 6377737831787769.0
3890.0005449770197 5.836794713058631e+16 5.2351928591185976e+16 4.662171318062485e+16 4.120350213089461e+16 3.6119707462844296e+16 3.1383785104421864e+16 2.698993544592588e+16 2.490927006692812e+16 2.2891152444297852e+16 2.0914805534071624e+16 1.9735500211992988e+16 1.894557468176301e+16 1.7743763870849506e+16 1.6921940200796816e+16 1.563412407719128e+16 1.4716009337539502e+16 1.4229829125204984e+16 1.3719079538562844e+16 1.3176577378953548e+16 1.2591962338650548e+16 1.194946507548455e+16 1.0366551938023468e+16 9279056382254564.0 7667949916186440.0
3910.0005477789596 8.508417913460526e+16 7.609438503898246e+16 6.741225071292286e+16 5.9082411184266584e+16 5.115198972721685e+16 4.366754894077738e+16 3.6666773156498824e+16 3.335220037092344e+16 3.015614528936594e+16 2.706479553289951e+16 2.5249225654919744e+16 2.404941162389922e+16 2.2254759884012636e+16 2.105258861663075e+16 1.921671748909693e+16 1.7948054466089116e+16 1.7290888726355448e+16 1.6611835993538168e+16 1.5903452787166292e+16 1.5154914722411556e+16 1.4349594350775892e+16 1.243557953837671e+16 1.1166549406764542e+16 9325402947133654.0
3930.0005505808995 3.0060290830750524e+16 2.7891855874032324e+16 2.5822052956721148e+16 2.3842437068764656e+16 2.19385585063926e+16 2.0086468773797704e+16 1.8246039900224012e+16 1.7309892256981382e+16 1.6345775852656678e+16 1.5332812521159028e+16 1.4688442627301218e+16 1.4237349861932522e+16 1.3517157128024616e+16 1.2998501144796632e+16 1.2137659557999104e+16 1.1484491954933656e+16 1.11243492938213e+16 1.0734981340184274e+16 1.0308825474329082e+16 9835027010959072.0 9297179850013340.0 7901983728460393.0 6897292599548037.0 5372953987200880.0
3950.0005533828294 7.161041745572168e+16 6.426757642996213e+16 5.724106611331634e+16 5.055894844598495e+16 4.424684271166253e+16 3.832333037521312e+16 3.2789969491843384e+16 3.0160341785852852e+16 2.760852045491614e+16 2.5114238010263204e+16 2.363146993031933e+16 2.2641912343736204e+16 2.114363123023696e+16 2.0125024659866612e+16 1.8539713279498984e+16 1.7417675588551116e+16 1.6826035324562312e+16 1.6206113208559358e+16 1.5549111869581048e+16 1.48422331554909e+16 1.4065814818403532e+16 1.2147089279869e+16 1.0815512534067796e+16 8807904275954192.0
3970.0005561847693 4.576590121746796e+16 4.181826385846786e+16 3.8023582546351496e+16 3.4386907839979996e+16 3.0908765715324296e+16 2.758100096904404e+16 2.437816602808797e+16 2.2806566384749864e+16 2.1237927600950216e+16 1.9650246181724172e+16 1.8674201898166292e+16 1.8006833318797968e+16 1.6968253281269272e+16 1.6240280418989526e+16 1.5066917182634752e+16 1.4203393086110512e+16 1.3736200086807318e+16 1.3237600784955746e+16 1.2698958518377248e+16 1.2107811895504226e+16 1.1445206366704248e+16 9756742020925826.0 8555846378695266.0 6733976473011460.0
3990.000558986709 1.3585482397073194e+17 1.2146515372542798e+17 1.0734899816777125e+17 9.35889681991614e+16 8.0284081139427e+16 6.755195202859398e+16 5.552668876820451e+16 4.982162741030483e+16 4.433949554178796e+16 3.908389222195442e+16 3.603443522294256e+16 3.4040342441408804e+16 3.1097324224393084e+16 2.9157946335279256e+16 2.6256708917663612e+16 2.4302223496206956e+16 2.3308374465099636e+16 2.229599254373534e+16 2.12567222186646e+16 2.0178376998936496e+16 1.9042168164964052e+16 1.6444918380981294e+16 1.480040386760208e+16 1.2506617672234436e+16
4010.0005617886495 1.5885440918805837e+17 1.4244819327895864e+17 1.2623791240557291e+17 1.1030920101602554e+17 9.476806062167685e+16 7.974583641618222e+16 6.540240562785521e+16 5.85412425307075e+16 5.191577797679364e+16 4.554016178115344e+16 4.183475091373718e+16 3.941157330947745e+16 3.5838817837078396e+16 3.348956754934589e+16 2.998921538983685e+16 2.7646113673851852e+16 2.646133246588337e+16 2.5260403023337524e+16 2.403515617911025e+16 2.2773716595250704e+16 2.1457828219030492e+16 1.8516382583489236e+16 1.6714461805593816e+16 1.4294561249159926e+16
4030.0005645905894 1.4005954173068714e+17 1.252248192797819e+17 1.1066903858882829e+17 9.647850025391966e+16 8.275702856241086e+16 6.962865843926272e+16 5.723677742446119e+16 5.13637789842032e+16 4.572708197341764e+16 4.033291566286187e+16 3.720884490644266e+16 3.5168602040448016e+16 3.21612914852164e+16 3.018170887107796e+16 2.7222201967157496e+16 2.5228470950690892e+16 2.421427857576073e+16 2.3180737433249452e+16 2.211919122461777e+16 2.101709571998402e+16 1.985522127015954e+16 1.7198547206946654e+16 1.5519284900436132e+16 1.319276155749214e+16
4050.0005673925293 1.3499118973811773e+17 1.2099138883690075e+17 1.0726933792573912e+17 9.390204704915333e+16 8.098028801737086e+16 6.8609285771866376e+16 5.690443787610479e+16 5.133601863217441e+16 4.596884868807708e+16 4.080059630695046e+16 3.778709272928584e+16 3.580876207501371e+16 3.2874888634985976e+16 3.09302585905095e+16 2.8000131793983256e+16 2.6009012337499732e+16 2.49904101166794e+16 2.3948207076201364e+16 2.2873247804413784e+16 2.175225816986224e+16 2.056488685927369e+16 1.782845696145875e+16 1.6083906481717258e+16 1.364716677207575e+16
4070.000570194459 1.2288860213943483e+17 1.1013643243893269e+17 9.769559973333856e+16 8.563897468986024e+16 7.404982696139782e+16 6.3020187941004184e+16 5.2642364602801816e+16 4.7720579271265624e+16 4.297991400599085e+16 3.840941735552852e+16 3.573670240137032e+16 3.3976758574875652e+16 3.1355670721081464e+16 2.960883544454113e+16 2.6957906494557224e+16 2.514038441324916e+16 2.420453627952653e+16 2.3242210608134944e+16 2.2244062086496236e+16 2.119655274753646e+16 2.0078941431941256e+16 1.746780391163316e+16 1.5774950759768354e+16 1.337327404426764e+16
4090.000572996399 1.7491746123155283e+17 1.570506085537226e+17 1.3931885693013635e+17 1.2182183949243802e+17 1.046864109645043e+17 8.807397297147205e+16 7.218611245353667e+16 6.458623365655693e+16 5.725391661784009e+16 5.020949699294746e+16 4.612250002196415e+16 4.345299042435727e+16 3.952158514049506e+16 3.693904869200916e+16 3.309343591428959e+16 3.0519632960377412e+16 2.9218032059905036e+16 2.7898495450206268e+16 2.655204013568813e+16 2.516568704633868e+16 2.371956734986529e+16 2.0489139680612252e+16 1.8513136431283564e+16 1.5863092124977082e+16
4110.000575798339 1.5123430101263366e+17 1.3491998924905493e+17 1.1887665641128064e+17 1.0322937561353464e+17 8.813106132036054e+16 7.376510661924075e+16 6.034085595259759e+16 5.404837778849406e+16 4.806446119808006e+16 4.2397146137793976e+16 3.91434138905435e+16 3.702977304791832e+16 3.3929316609777224e+16 3.1896687852786236e+16 2.886545292952309e+16 2.6823932887854656e+16 2.5783828127785516e+16 2.472164623520596e+16 2.3627221395140508e+16 2.2485850827026028e+16 2.127503674449338e+16 1.8465824918059196e+16 1.665254189069463e+16 1.4084510244066122e+16
4130.000578600279 1.4883325351434198e+17 1.3304168486485424e+17 1.175829852460011e+17 1.025586697204142e+17 8.808851962047912e+16 7.431085556437112e+16 6.1375972405096e+16 5.5268645251818984e+16 4.941676547387647e+16 4.381806972771475e+16 4.0571056736727224e+16 3.844643544622814e+16 3.530529420117828e+16 3.3228982609881572e+16 3.010696971040438e+16 2.798796334901227e+16 2.6903974665372956e+16 2.579442251165441e+16 2.4649045525002544e+16 2.3452959683047616e+16 2.2183320532177972e+16 1.9240482981000696e+16 1.7346708674801982e+16 1.4671758756590406e+16
4150.000581402219 1.3615345621619768e+17 1.2163644428128803e+17 1.0752957985515122e+17 9.392925557895707e+16 8.094380963804728e+16 6.868949232635393e+16 5.7276944740281304e+16 5.191078423160964e+16 4.677184709091261e+16 4.184360297538955e+16 3.89717137870941e+16 3.708355607198133e+16 3.427386866747785e+16 3.2401392325112284e+16 2.9556578727144268e+16 2.7601487433052504e+16 2.6592605232964588e+16 2.555324031463198e+16 2.4472772943903676e+16 2.3335833415907196e+16 2.2118879107731536e+16 1.925705235158934e+16 1.7386587941858854e+16 1.4715253409827372e+16
4170.000584204159 1.454391907642034e+17 1.2966097523773186e+17 1.1432161505006322e+17 9.953602569651262e+16 8.543559793754763e+16 7.216440752403834e+16 5.986484774693683e+16 5.4114277912552504e+16 4.8635663352062936e+16 4.341602250257961e+16 4.0393710139417304e+16 3.841573966770091e+16 3.548719772814214e+16 3.354597376414272e+16 3.0612977165182876e+16 2.8607797980709668e+16 2.7575827586833532e+16 2.6514144994530856e+16 2.541148659295694e+16 2.4251493041588256e+16 2.300902019192405e+16 2.0074789102131444e+16 1.8138705427892696e+16 1.5334389671759256e+16
4190.000587006089 1.3868654704151013e+17 1.2439528033599414e+17 1.1046601043167094e+17 9.698405704637461e+16 8.404552058471602e+16 7.175385570990533e+16 6.020789647557993e+16 5.473649774997716e+16 4.9466587179387176e+16 4.438307023830669e+16 4.140756618887299e+16 3.94465276785451e+16 3.652255396200769e+16 3.457094282846391e+16 3.160314427427445e+16 2.9562565168240776e+16 2.8509408295552224e+16 2.742429762346529e+16 2.629603422114465e+16 2.5108321673119748e+16 2.3836066226400624e+16 2.083595492254491e+16 1.8862887687815316e+16 1.6013937102873354e+16
4210.000589808029 1.4053721212132869e+17 1.2597190334331147e+17 1.1175287927919368e+17 9.797168546245482e+16 8.47341623870586e+16 7.215851269065914e+16 6.036526946279974e+16 5.479315376051028e+16 4.94438710252131e+16 4.430746373830344e+16 4.131511300282984e+16 3.9349695724026536e+16 3.6430055661148664e+16 3.448882250175251e+16 3.1547762980128108e+16 2.953195754523835e+16 2.849296920880488e+16 2.7422959025467932e+16 2.631041593651301e+16 2.5138561520199516e+16 2.3881520202460492e+16 2.090319129151207e+16 1.8928024605138092e+16 1.604658067276798e+16
4230.000592609969 1.1936337728211029e+17 1.0718348561547016e+17 9.532844726501173e+16 8.387306328079738e+16 7.290247700908034e+16 6.250959959302401e+16 5.278477580314809e+16 4.819335858279099e+16 4.378310949704129e+16 3.95395702544786e+16 3.7058918581808616e+16 3.5423995955125012e+16 3.298322750346181e+16 3.1349265303332804e+16 2.884910820966963e+16 2.711173467812695e+16 2.620636067384526e+16 2.5265536022626012e+16 2.427697673341155e+16 2.3222804879885092e+16 2.207551748181123e+16 1.928071043370547e+16 1.7365297063884862e+16 1.448952451042076e+16
4250.000595411909 1.4555267593680586e+17 1.314328803797865e+17 1.1751974280805394e+17 1.0387578829328643e+17 9.057676415978528e+16 7.771380278072251e+16 6.539199984591395e+16 5.9467198880202376e+16 5.3712701670215256e+16 4.812783823516673e+16 4.485092547848431e+16 4.26913280952107e+16 3.9476197661928376e+16 3.733653855339498e+16 3.409770113880141e+16 3.1884092798638564e+16 3.074651110785531e+16 2.9578087583864576e+16 2.8367234560893064e+16 2.709702265986838e+16 2.574130200969682e+16 2.2562098748226484e+16 2.0481077371819844e+16 1.7478671527635282e+16
4270.000598213849 1.3013467612016768e+17 1.1791176596604165e+17 1.0591125879771542e+17 9.417993002425264e+16 8.277103597437293e+16 7.1743338644183224e+16 6.115522777619287e+16 5.603938738738145e+16 5.104200075338066e+16 4.6151043129861736e+16 4.325527629135169e+16 4.133361718783561e+16 3.8449538032022024e+16 3.651248529068154e+16 3.3548957629430584e+16 3.1498718714949988e+16 3.0436322802198376e+16 2.933841600045649e+16 2.8193016105301756e+16 2.698260088567452e+16 2.5680085183840404e+16 2.257970922321925e+16 2.0514197949224492e+16 1.7484950581169052e+16
4290.0006010157895 1.1899854297511182e+17 1.082424451087928e+17 9.76846697866074e+16 8.735797291220368e+16 7.729709525598675e+16 6.75360627130141e+16 5.809998767252349e+16 5.35038556544941e+16 4.898010217184416e+16 4.450963725314119e+16 4.183768768308957e+16 4.005247184723716e+16 3.735294206148871e+16 3.552503161062131e+16 3.2703723727134984e+16 3.0733700202080812e+16 2.9706998149581132e+16 2.8641854702930452e+16 2.7526332026976784e+16 2.6343015379811868e+16 2.5065062690112984e+16 2.2009268906407704e+16 1.9969244961906044e+16 1.6985845947371918e+16
4310.00060381772 1.0941132818901526e+17 1.0059105342377691e+17 9.182842890401269e+16 8.313324819279218e+16 7.451526712909531e+16 6.598207282726012e+16 5.753257461763613e+16 5.333198948060852e+16 4.9135718387847656e+16 4.4923381233428856e+16 4.237272727793997e+16 4.065431355115693e+16 3.803374538424897e+16 3.624415341173483e+16 3.3458384279070644e+16 3.1497085949843204e+16 3.0470182164089228e+16 2.9401789282718748e+16 2.828000173021836e+16 2.7087488771223292e+16 2.5797574796256852e+16 2.271104251336112e+16 2.065395312689227e+16 1.7655647801438878e+16
4330.000606619659 1.7941719376745715e+17 1.6267363595343312e+17 1.4602016159507286e+17 1.295273883282653e+17 1.1328272970472371e+17 9.739329156976763e+16 8.19845224143842e+16 7.450059400869686e+16 6.7179854214380264e+16 6.0022804939679896e+16 5.5799360956226104e+16 5.300692062068523e+16 4.883868098516102e+16 4.606009928412883e+16 4.185531985631965e+16 3.899087686899522e+16 3.752518697775818e+16 3.602647915353545e+16 3.4482779418194548e+16 3.28766300809608e+16 3.1181097771299228e+16 2.730410859065346e+16 2.4855734945640708e+16 2.144516665239895e+16
4350.0006094216 1.8298102460616614e+17 1.6644959944262816e+17 1.4997666236103222e+17 1.3361681272700258e+17 1.1743433196914222e+17 1.0150376288495562e+17 8.590653794646915e+16 7.825621336853931e+16 7.071106968782156e+16 6.3264701309235e+16 5.883430934765644e+16 5.588963380134911e+16 5.147170596540396e+16 4.851277567184802e+16 4.401778124597641e+16 4.094774025618431e+16 3.937593245738742e+16 3.776904258142434e+16 3.611518743649674e+16 3.439694606960736e+16 3.2587287628615292e+16 2.8473468640217856e+16 2.58974789721691e+16 2.2337595433033684e+16
4370.000612223539 1.9709527202690938e+17 1.7899782239225066e+17 1.6098946448345408e+17 1.4313047437948112e+17 1.254944143654258e+17 1.0817050653069995e+17 9.126215728868074e+16 8.299614170310341e+16 7.486727757411483e+16 6.687269685050198e+16 6.213128458051633e+16 5.898671491353466e+16 5.427969789327695e+16 5.1134731480110536e+16 4.636947283839604e+16 4.312407948506352e+16 4.146566823820591e+16 3.977263770865834e+16 3.803281796608676e+16 3.622834728010961e+16 3.433146753174475e+16 3.003367604977746e+16 2.7351914185942236e+16 2.365193778446677e+16
4390.000615025479 1.6487221707597235e+17 1.4999603351138925e+17 1.352726882436984e+17 1.2074964397350928e+17 1.0648108420998168e+17 9.252658600825808e+16 7.894407521560384e+16 7.23043402610942e+16 6.576315926876594e+16 5.930508996082267e+16 5.545545099151697e+16 5.289103379592254e+16 4.903051343772831e+16 4.643269730331798e+16 4.245948119173041e+16 3.972040874471099e+16 3.8307597347744264e+16 3.68543917063321e+16 3.5347824399037316e+16 3.3768920674702476e+16 3.208830195551859e+16 2.8183257286496948e+16 2.56651117512892e+16 2.2082354870733184e+16
4410.00061782742 1.820128326728523e+17 1.652405066867617e+17 1.4859876343895315e+17 1.3215024691094504e+17 1.1596969047338464e+17 1.0014476640108779e+17 8.47719098879018e+16 7.728259955414224e+16 6.993216308273117e+16 6.2713131011334856e+16 5.8433242987378056e+16 5.559381098789908e+16 5.1339204907115e+16 4.84911757733727e+16 4.416139001483475e+16 4.119686504870624e+16 3.967489843422484e+16 3.811485132799299e+16 3.650368819689082e+16 3.482233867954765e+16 3.3041272191713156e+16 2.8939946766690172e+16 2.6324049225941708e+16 2.2638802136286772e+16
4430.000620629359 2.0662202983753267e+17 1.8727578385057213e+17 1.6796377395009946e+17 1.4876307292361923e+17 1.2977423991113738e+17 1.1112915366198181e+17 9.299754503474138e+16 8.418618822400822e+16 7.557665342297427e+16 6.718379890204359e+16 6.22503459907709e+16 5.8999334009175096e+16 5.416654354043981e+16 5.0960439197509064e+16 4.6135571294713864e+16 4.286870802692379e+16 4.120360747641905e+16 3.950557530414364e+16 3.776137376870157e+16 3.5951697144605044e+16 3.4046764837855388e+16 2.9710561459656556e+16 2.6984758795931784e+16 2.3199282865416812e+16
4450.00062343129 2.0874934345771818e+17 1.8954342260419462e+17 1.703229457558304e+17 1.5116153107909258e+17 1.3215616249842317e+17 1.1343469160591874e+17 9.516195305631987e+16 8.625379040257842e+16 7.752845032266576e+16 6.899896837674257e+16 6.397240420235471e+16 6.065415918497102e+16 5.571197282358662e+16 5.2426679804498376e+16 4.747261379544363e+16 4.411211945126643e+16 4.2397853472421384e+16 4.0649080486235896e+16 3.8852592515873e+16 3.698916279086784e+16 3.5029172726364748e+16 3.0580516010852416e+16 2.7799385552213124e+16 2.3964229600466696e+16
4470.000626233229 2.3196387639841622e+17 2.1071931763582106e+17 1.8937606529494755e+17 1.680079040535452e+17 1.4671653250626483e+17 1.2564334218739738e+17 1.0498310345729678e+17 9.488455800483758e+16 8.498495175100864e+16 7.531134329405958e+16 6.961944776240733e+16 6.586863619144583e+16 6.029635643903675e+16 5.660446241705533e+16 5.106124803885643e+16 4.732124594152407e+16 4.542080137727707e+16 4.348791448620266e+16 4.150901645864825e+16 3.94643517398858e+16 3.73234736770361e+16 3.2507110591440652e+16 2.953020258303416e+16 2.5468624642882132e+16
4490.000629035169 2.4221697117309594e+17 2.2012364890260586e+17 1.979003921659603e+17 1.7562374491784682e+17 1.5340030027891568e+17 1.3137964595446443e+17 1.0977032110846726e+17 9.920322602050074e+16 8.884396002569448e+16 7.872414757927376e+16 7.277306155056016e+16 6.885367287523177e+16 6.30355764730194e+16 5.918484372530169e+16 5.341126838775827e+16 4.952290240227733e+16 4.754972727122675e+16 4.554495692384936e+16 4.349485686764782e+16 4.137939564210209e+16 3.916764802489335e+16 3.42048026628057e+16 3.1145652593421412e+16 2.6976170379166516e+16
4510.000631837109 2.8299003991683242e+17 2.5750904431576422e+17 2.3172467905612435e+17 2.0571270288159427e+17 1.7958615188180816e+17 1.535146732322004e+17 1.2775163250962189e+17 1.1509434207847232e+17 1.0265687499557342e+17 9.049197185920318e+16 8.333987280501672e+16 7.863405984068158e+16 7.166152916713995e+16 6.705989659849199e+16 6.019054903868834e+16 5.559304228531225e+16 5.327191727729237e+16 5.0923721859696184e+16 4.853483951712998e+16 4.608539853183996e+16 4.3544676549470744e+16 3.7939587595124504e+16 3.456638047531128e+16 3.0081859527207604e+16
4530.000634639049 2.3928435435512957e+17 2.1754975269299197e+17 1.9566185798932816e+17 1.7369710689273802e+17 1.517644324843272e+17 1.3001965836147499e+17 1.0868251527145627e+17 9.825494414896282e+16 8.804031907333541e+16 7.80719800316775e+16 7.221540116525773e+16 6.836046693721604e+16 6.264087373747984e+16 5.885665240714957e+16 5.318304267304942e+16 4.936042744556568e+16 4.741944508042876e+16 4.544611987972464e+16 4.342639150430098e+16 4.133975323190442e+16 3.915454532626787e+16 3.4231846354637548e+16 3.1178405687028044e+16 2.698571802080511e+16
4550.0006374409895 2.6207962321116163e+17 2.3847309219979286e+17 2.1464052851500845e+17 1.9065833362236035e+17 1.6663729205339888e+17 1.4273872833688011e+17 1.1919553100549803e+17 1.0765329270911566e+17 9.632325247242626e+16 8.524613502234758e+16 7.873106172679784e+16 7.444112682958056e+16 6.8076241971043736e+16 6.386712279193913e+16 5.756430350415809e+16 5.332715566744086e+16 5.118006989513862e+16 4.900114603517644e+16 4.677599046973344e+16 4.4483571927958264e+16 4.209135212284293e+16 3.674302441469607e+16 3.346040261109619e+16 2.8999718775140092e+16
4570.000640242919 2.8157696987392963e+17 2.5641516872767325e+17 2.3095449786407514e+17 2.0526893675205386e+17 1.7946917053661072e+17 1.5372154446385987e+17 1.2827419075901578e+17 1.1576886318891862e+17 1.03476890845255e+17 9.144793131308197e+16 8.437095433696451e+16 7.971169423234926e+16 7.280226626033973e+16 6.82370565786336e+16 6.141087914914982e+16 5.683165176204878e+16 5.45153452654672e+16 5.216825700213599e+16 4.977584365290019e+16 4.7316888463120856e+16 4.475860534239727e+16 3.907762417975464e+16 3.5625560972665196e+16 3.098585127408805e+16
4590.000643044859 2.689310284870117e+17 2.4522264538708854e+17 2.2123462083390678e+17 1.9703126238836947e+17 1.7270896138381386e+17 1.4841260767837805e+17 1.2435778271916525e+17 1.1251218313005818e+17 1.0084531279747093e+17 8.939745666549282e+16 8.264376229335418e+16 7.818807162652854e+16 7.1564535681845304e+16 6.717617045239169e+16 6.059353785536016e+16 5.6161590712336984e+16 5.3914183399390536e+16 5.163266005385112e+16 4.9302254111392744e+16 4.690138944170019e+16 4.439668752859004e+16 3.8804411582459896e+16 3.5381485602338316e+16 3.0745549902631028e+16
4610.000645846799 2.782299343951566e+17 2.5381961649328794e+17 2.290978256194069e+17 2.0412904276379376e+17 1.7901096849160192e+17 1.5389159005191107e+17 1.2899222889300872e+17 1.1671899987248811e+17 1.046227789795893e+17 9.274532869112107e+16 8.573426882387848e+16 8.110724460959496e+16 7.422699286062736e+16 6.966751016260357e+16 6.282770321461319e+16 5.822349211431436e+16 5.588955024868573e+16 5.352114054143441e+16 5.110342404016115e+16 4.861473848315619e+16 4.602158913618565e+16 4.024955099749382e+16 3.673361063036226e+16 3.199494284303535e+16
4630.000648648739 2.7863542350792845e+17 2.5423958952473526e+17 2.2954481669019034e+17 2.0461708937654458e+17 1.7955510156287267e+17 1.5450637481385606e+17 1.2968811032913011e+17 1.1745593802586354e+17 1.0539752129060494e+17 9.355021426691858e+16 8.655105720109266e+16 8.192838271190014e+16 7.504782071994891e+16 7.0482561674919224e+16 6.362349234494756e+16 5.8997409958825544e+16 5.6649022713825624e+16 5.426323830904168e+16 5.182453093613356e+16 4.931019679146227e+16 4.668507138086417e+16 4.081589715141061e+16 3.72166381232455e+16 3.2328158054894664e+16
4650.0006514506795 2.759671501973948e+17 2.5175448568074048e+17 2.272511899441553e+17 2.0252537711074307e+17 1.7767872153267443e+17 1.5286263712236746e+17 1.2829928465987083e+17 1.1620480183893395e+17 1.0429204956335042e+17 9.259926020111411e+16 8.569739155613094e+16 8.114155943830192e+16 7.436427614191232e+16 6.986986589608988e+16 6.311993862315524e+16 5.8568353638223656e+16 5.625765012211792e+16 5.390977746066683e+16 5.1509146676875736e+16 4.903298040801399e+16 4.6446049393664984e+16 4.0653610328081016e+16 3.709416986213277e+16 3.2249002721192292e+16
4670.000654252619 2.950386562088254e+17 2.694559235507909e+17 2.4351501115607075e+17 2.1727929688175805e+17 1.9084621257324374e+17 1.6436482115269347e+17 1.380595416954665e+17 1.2506833362812096e+17 1.1224475934161434e+17 9.963039494489024e+16 9.217202319131053e+16 8.724422693732219e+16 7.990809685294784e+16 7.504076304570893e+16 6.773111909510372e+16 6.2806112125673064e+16 6.0308530062076776e+16 5.777356696849123e+16 5.5185472874475016e+16 5.252115912499756e+16 4.9744765538890904e+16 4.356229230004739e+16 3.979072917211788e+16 3.468889503048179e+16
4690.000657054549 2.890281563031027e+17 2.6404399926879254e+17 2.387163655958059e+17 2.1310798498432234e+17 1.873151393368495e+17 1.6148462924435667e+17 1.3583589626792107e+17 1.231720446802167e+17 1.1067242055135248e+17 9.837546706796464e+16 9.110276274532581e+16 8.629614873151158e+16 7.913712981872592e+16 7.438430300111682e+16 6.7240222074144456e+16 6.242080250976075e+16 5.99743076746921e+16 5.748908396017263e+16 5.4949127946390984e+16 5.233096138846223e+16 4.959810633717498e+16 4.348990441296848e+16 3.9743238089689624e+16 3.4645969144700508e+16
4710.000659856489 2.7539142787951094e+17 2.5160745647894496e+17 2.2752142825062518e+17 2.0320014943400397e+17 1.7874482653588298e+17 1.5430732834932384e+17 1.3010982267214133e+17 1.18192161815044e+17 1.0644979655561595e+17 9.49172920100117e+16 8.81044841560544e+16 8.360415182502634e+16 7.690306132639621e+16 7.245395031702018e+16 6.576204364004061e+16 6.1240871649842664e+16 5.894209159846734e+16 5.6603267016189864e+16 5.4207929342658456e+16 5.173188827449848e+16 4.913754287456885e+16 4.328642079413974e+16 3.964715952631724e+16 3.4615800348461052e+16
4730.000662658429 2.857255365314969e+17 2.6069443932604915e+17 2.353732809702277e+17 2.0983921098519904e+17 1.8420720348746714e+17 1.5864821766791904e+17 1.3341176371166584e+17 1.2101742861722357e+17 1.088351361184424e+17 9.690676677783216e+16 8.98807993369338e+16 8.524949879105795e+16 7.836966283618949e+16 7.381360385116978e+16 6.697977926467626e+16 6.23758823333116e+16 6.003897326117792e+16 5.766386685864652e+16 5.5233697439415896e+16 5.27236369580551e+16 5.009501752112222e+16 4.41650897480152e+16 4.046862169566354e+16 3.533586192144115e+16
4750.0006654603685 2.8855675504342086e+17 2.632156095695399e+17 2.375650622180861e+17 2.1168679917655206e+17 1.8570404635074912e+17 1.598019445253525e+17 1.3425334764778306e+17 1.2172527706424168e+17 1.0943164982799787e+17 9.742084045595624e+16 9.036198053188238e+16 8.571640867616128e+16 7.882725506027744e+16 7.427314687336093e+16 6.745395841135687e+16 6.286664411556121e+16 6.053960164745056e+16 5.8175070180491496e+16 5.5755817770993096e+16 5.325651617723592e+16 5.063778811416039e+16 4.471994312511925e+16 4.10198853009112e+16 3.586410826236588e+16
4770.000668262309 2.8278030115130285e+17 2.5748142694931843e+17 2.3192365619961e+17 2.0620624321153898e+17 1.8047594871092774e+17 1.549489450858933e+17 1.2993727661945618e+17 1.1775224060964251e+17 1.0585862700589264e+17 9.430916747333218e+16 8.755769605966275e+16 8.31299061443914e+16 7.658651872121067e+16 7.227533880339293e+16 6.583803724036681e+16 6.151556620197103e+16 5.932332577322438e+16 5.709462324657788e+16 5.481155422940223e+16 5.24477671189477e+16 4.9962246154803304e+16 4.428972181367697e+16 4.0682434394887624e+16 3.5545704621759588e+16
4790.000671064249 2.8978532558727456e+17 2.643040104790923e+17 2.3852010412716768e+17 2.1252163397878742e+17 1.8644055587463798e+17 1.604733689705728e+17 1.349063300652993e+17 1.2239055781638845e+17 1.1012499432842854e+17 9.815806634306462e+16 9.113272342804542e+16 8.651224490701403e+16 7.966443682523322e+16 7.514004417346176e+16 6.836775607544548e+16 6.381211881634019e+16 6.150042023432298e+16 5.9150355094844664e+16 5.674398102284541e+16 5.42548157682543e+16 5.164151538060889e+16 4.57021771923289e+16 4.1949457835363656e+16 3.664163384776415e+16
4810.00067386618 3.0251574150724064e+17 2.7674804448111168e+17 2.506097169633163e+17 2.241650879289133e+17 1.9751375132784614e+17 1.7080839796218608e+17 1.4427741978241277e+17 1.3117303134796869e+17 1.1823479528560042e+17 1.0550144222170699e+17 9.796746761183562e+16 9.298646111477826e+16 8.556442560706952e+16 8.063416365527094e+16 7.321711654764654e+16 6.8206864307917e+16 6.566025286501991e+16 6.3070161616146984e+16 6.041864228637805e+16 5.767922249535992e+16 5.4810557133837656e+16 4.8344441398506136e+16 4.431807532398808e+16 3.871853449686964e+16
4830.000676668119 3.054091927887197e+17 2.7946195993230483e+17 2.531211151477436e+17 2.264522204276888e+17 1.9955755252341674e+17 1.7259456996047136e+17 1.4579911797383955e+17 1.3256286475079458e+17 1.1949448002294938e+17 1.0663312681074843e+17 9.902310752086936e+16 9.399145386816984e+16 8.649299169326811e+16 8.151109912949123e+16 7.401495464601147e+16 6.895065514619183e+16 6.6376654904909384e+16 6.375901232598602e+16 6.107991413452174e+16 5.83131357414637e+16 5.5417794560060296e+16 4.890502531257323e+16 4.486535338639155e+16 3.927592791343843e+16
4850.000679470059 3.000074938725215e+17 2.7512968775518963e+17 2.498137200358753e+17 2.2411630012777757e+17 1.9812783420668906e+17 1.719889512990344e+17 1.4591001478297123e+17 1.3297987361034563e+17 1.2017398927304542e+17 1.0752286067178046e+17 1.0000959626083323e+17 9.50286312761541e+16 8.758333720857602e+16 8.262023067023306e+16 7.51243715958428e+16 7.0039505403607464e+16 6.7448280594046184e+16 6.480837303053038e+16 6.210157787461223e+16 5.930117652378416e+16 5.636562707234492e+16 4.974826152073789e+16 4.563953015100021e+16 3.995961036741579e+16
4870.000682272 2.7305988384882678e+17 2.5132812385718934e+17 2.2913872558054013e+17 2.0653261482814614e+17 1.8357826314524832e+17 1.603844144837411e+17 1.3711358935601603e+17 1.2551489399351048e+17 1.1397711769137634e+17 1.0251740038660581e+17 9.567620337200814e+16 9.112352586253693e+16 8.42887793078566e+16 7.971015636687514e+16 7.275485448132386e+16 6.8004565802440376e+16 6.557231349890689e+16 6.308548234692617e+16 6.052552932979779e+16 5.7865321781861736e+16 5.5062809923056616e+16 4.868745769941149e+16 4.468634070698897e+16 3.910740316346336e+16
4890.000685073939 2.9243066914136486e+17 2.682947241673514e+17 2.437834180368506e+17 2.1894924275516323e+17 1.938747830516801e+17 1.6868746326106224e+17 1.4357652537123803e+17 1.3112704303775451e+17 1.1879287078980725e+17 1.0659821391234784e+17 9.93484273522963e+16 9.453760990689034e+16 8.733760188122646e+16 8.253020756226048e+16 7.525359167573254e+16 7.030326562739837e+16 6.777511193434934e+16 6.519505568050361e+16 6.254449549772003e+16 5.979622954699558e+16 5.690811415116269e+16 5.036815579787081e+16 4.6286947479793096e+16 4.0626205221095544e+16
4910.0006878758795 2.967550585091059e+17 2.721927029085253e+17 2.4725438443461238e+17 2.2199711501338544e+17 1.9651045837389504e+17 1.709322070955565e+17 1.4546594174570845e+17 1.3285756048387138e+17 1.2037995521676982e+17 1.0805922054884699e+17 1.0074269659105293e+17 9.589121942692752e+16 8.86360240206369e+16 8.379568201203179e+16 7.647510890694792e+16 7.149852488566541e+16 6.895778672447449e+16 6.636516626806358e+16 6.3701614976050056e+16 6.0939211510075656e+16 5.803462027767713e+16 5.144451726458878e+16 4.731696777728737e+16 4.1566430045250616e+16
4930.000690677819 2.803296173789689e+17 2.570915547648578e+17 2.3354737594374038e+17 2.0975724229805702e+17 1.8581230955020138e+17 1.6184878729700147e+17 1.3806287969046272e+17 1.2631435923725048e+17 1.1470538078012562e+17 1.0325740675989914e+17 9.64641499413219e+16 9.196047326093043e+16 8.5224210052116e+16 8.072717217127512e+16 7.391582676156762e+16 6.92734100079853e+16 6.689757984443872e+16 6.4468023159739064e+16 6.196527306240703e+16 5.936082878011136e+16 5.661051612009554e+16 5.03117825611216e+16 4.631470795719921e+16 4.067341868797844e+16
4950.000693479749 2.934013432155198e+17 2.6889780018711178e+17 2.440425949110306e+17 2.1890401235110422e+17 1.9358749849201648e+17 1.6825282828840227e+17 1.43133456483801e+17 1.3074890145783573e+17 1.1853573069498227e+17 1.0652534083864933e+17 9.941903702642938e+16 9.471820454351885e+16 8.770506135095998e+16 8.303681806124862e+16 7.59899615222204e+16 7.1205360249592296e+16 6.876302987690187e+16 6.627008938813879e+16 6.370709810301894e+16 6.104554791637069e+16 5.8241166289218984e+16 5.184113872656049e+16 4.779118152083939e+16 4.207043617868995e+16
4970.000696281689 2.9442134030604883e+17 2.6946204690657616e+17 2.442071670154694e+17 2.187397532504171e+17 1.9318309525674038e+17 1.6771785283371075e+17 1.425996082006198e+17 1.302709129206033e+17 1.1815192434822075e+17 1.0627282318948862e+17 9.926145569733877e+16 9.462970184826198e+16 8.772711971871278e+16 8.313580689051002e+16 7.62056439761472e+16 7.1496378720774904e+16 6.908960194673244e+16 6.662980553972886e+16 6.4096398848745816e+16 6.145915255657835e+16 5.867105479226223e+16 5.225613079128274e+16 4.814415927375877e+16 4.224344856974091e+16
4990.000699083629 2.6479855014572787e+17 2.4239265892195936e+17 2.198026540292086e+17 1.971140019543209e+17 1.7444784712735725e+17 1.5197343632338147e+17 1.2991708826762645e+17 1.191286326118356e+17 1.0854137266576981e+17 9.817041609151946e+16 9.204527309484483e+16 8.799404090508478e+16 8.194380394197286e+16 7.79067882228042e+16 7.178463026224987e+16 6.759709693239677e+16 6.544580502265539e+16 6.32377999862499e+16 6.095245271488825e+16 5.855957773489915e+16 5.601239760872489e+16 5.007306196674209e+16 4.620402233757889e+16 4.0577661201912456e+16
5010.0007018855695 2.420762138737374e+17 2.2140778223421117e+17 2.0066652778370096e+17 1.7994584407332963e+17 1.593725907263782e+17 1.3911565596255526e+17 1.193869653749587e+17 1.0979206241343208e+17 1.0040705530434904e+17 9.123505501007269e+16 8.582178184140792e+16 8.22399865416718e+16 7.68838437514413e+16 7.330158920469048e+16 6.784767447494226e+16 6.409526703375884e+16 6.215810173962506e+16 6.016174101782177e+16 5.8085358357647416e+16 5.589848768863782e+16 5.3553903565390344e+16 4.800512305147519e+16 4.431699968377657e+16 3.884486860380114e+16
5030.000704687509 2.6338276930864026e+17 2.4082980055283958e+17 2.181499811719558e+17 1.9544173910006694e+17 1.728409547973455e+17 1.505321329200697e+17 1.2875400131131931e+17 1.1814834752896187e+17 1.0777161798895109e+17 9.763576163606389e+16 9.166132815849061e+16 8.771363869361976e+16 8.182182558253926e+16 7.78913909309239e+16 7.192794231349563e+16 6.784309681014265e+16 6.574126932277055e+16 6.358079958588464e+16 6.134028538755425e+16 5.898838367216444e+16 5.64764743918735e+16 5.057507042919655e+16 4.668972383853058e+16 4.0985614997020904e+16
5050.000707489449 2.50965700988847e+17 2.292993390681312e+17 2.0760059077100464e+17 1.8597535908199427e+17 1.6456362939960102e+17 1.4354684384833846e+17 1.2314707558387958e+17 1.13251821030805e+17 1.0358999485759963e+17 9.416379253952595e+16 8.860795891060398e+16 8.493474927719502e+16 7.944585885183272e+16 7.57770678483259e+16 7.019369025966582e+16 6.635269151648139e+16 6.436952890352085e+16 6.23253263793832e+16 6.019847476896523e+16 5.795738950576204e+16 5.5553179088354696e+16 4.9856800949025864e+16 4.606843740537136e+16 4.045505245364294e+16
5070.000710291379 2.555884695614013e+17 2.3319963896753507e+17 2.108345356325341e+17 1.8861489733864422e+17 1.666990024225622e+17 1.452881412525754e+17 1.2462316719150058e+17 1.1464785709752509e+17 1.0494159823386299e+17 9.550533484586195e+16 8.995876144037805e+16 8.62974997456128e+16 8.083419218262222e+16 7.718679707604011e+16 7.164011649283747e+16 6.782479153548442e+16 6.585401454620505e+16 6.382127248745496e+16 6.170421242212248e+16 5.947010823384784e+16 5.706822283409315e+16 5.134683616513319e+16 4.751172270368619e+16 4.178753230094746e+16
5090.000713093319 2.4182360306418086e+17 2.2073629421121693e+17 1.9973643724279866e+17 1.7894282000269645e+17 1.585054735684826e+17 1.3860823318671894e+17 1.1945921654099474e+17 1.1022640326930677e+17 1.0124008821546811e+17 9.248980922145642e+16 8.733328302047949e+16 8.392131453114469e+16 7.881366734464834e+16 7.538985050645486e+16 7.015554676013249e+16 6.653095725021864e+16 6.464945034453052e+16 6.270132669867622e+16 6.0663579098991464e+16 5.850253000955829e+16 5.616598287211207e+16 5.054065776408107e+16 4.672321906569299e+16 4.097088511627012e+16
5110.000715895259 2.4513736167525434e+17 2.2396284630215056e+17 2.0286426243635293e+17 1.819534188568074e+17 1.6137093152638054e+17 1.4128877228131784e+17 1.2190184554189074e+17 1.1252646428372802e+17 1.033806057129778e+17 9.445382244909286e+16 8.918364038344446e+16 8.569290746385712e+16 8.046303057616667e+16 7.695530170500867e+16 7.1592145812337256e+16 6.788020788939983e+16 6.5954802085571304e+16 6.3962777526354536e+16 6.188129852097184e+16 5.9676948684977496e+16 5.7297965866560776e+16 5.1594480061927864e+16 4.774756087724292e+16 4.199014096324668e+16
5130.0007186972 2.35755215868389e+17 2.154820408984706e+17 1.9532870461951152e+17 1.7540445647965203e+17 1.5584452081621517e+17 1.3681061160702742e+17 1.1847987732314334e+17 1.0962695950530011e+17 1.0099332299880907e+17 9.25622613377167e+16 8.757855042192349e+16 8.427313591818598e+16 7.931125749275099e+16 7.597454222064475e+16 7.085422818743618e+16 6.7293174432344744e+16 6.543916651193668e+16 6.351532839866151e+16 6.149824829477117e+16 5.9353668759904744e+16 5.702851408127155e+16 5.14038309264887e+16 4.756749299606178e+16 4.176564869410365e+16
5150.000721499139 2.1972566002713133e+17 2.0121859677485216e+17 1.8284036224893885e+17 1.6468492251350698e+17 1.4686705402844845e+17 1.2952154883641994e+17 1.1279018759994568e+17 1.0468991357176326e+17 9.676924676511346e+16 8.900501471773349e+16 8.439670863424496e+16 8.133056469995698e+16 7.671041798847912e+16 7.358979290915635e+16 6.877575719047802e+16 6.540701515790708e+16 6.364567513465199e+16 6.181226697182123e+16 5.988351778682468e+16 5.782543565483149e+16 5.558548244629048e+16 5.013367335774054e+16 4.639607899647634e+16 4.073603573183938e+16
5170.00072430108 1.7389367216071213e+17 1.6085192707669754e+17 1.4797621206802826e+17 1.3531041012472107e+17 1.2289799166515158e+17 1.1077348374042216e+17 9.894144708682691e+16 9.311645373426789e+16 8.732238087761395e+16 8.151173183686893e+16 7.798353310325302e+16 7.55968268864856e+16 7.193310093662916e+16 6.94077641852131e+16 6.542341441600253e+16 6.256653552538536e+16 6.1049184975848136e+16 5.9452111261512856e+16 5.775235868166689e+16 5.591634677546598e+16 5.389206537214271e+16 4.8855070304004104e+16 4.5317905950386904e+16 3.98518020774928e+16
5190.000727103009 1.9203024300415e+17 1.7750685060872144e+17 1.630824292185414e+17 1.488086446032863e+17 1.3474323923598774e+17 1.2094400794017195e+17 1.0744982907736642e+17 1.0081203124575485e+17 9.422500739204491e+16 8.764604900266573e+16 8.366981155603755e+16 8.098975759727752e+16 7.68932948701441e+16 7.408345750130434e+16 6.9675745914961464e+16 6.6536363101130424e+16 6.487669467237237e+16 6.313593607886826e+16 6.129043721533225e+16 5.9305647999471624e+16 5.712809343032162e+16 5.175822732381027e+16 4.802101686251215e+16 4.226119540665496e+16
5210.000729904949 2.3817881073691018e+17 2.1890346428037523e+17 1.996199707033608e+17 1.804016386092398e+17 1.613405026548623e+17 1.425481089997318e+17 1.2414636021672798e+17 1.151235892274476e+17 1.0622253869662464e+17 9.742190438193555e+16 9.216593940708717e+16 8.865755700297448e+16 8.335842974375309e+16 7.977453687645934e+16 7.424871411757846e+16 7.039310045327087e+16 6.838416735544712e+16 6.630007030472365e+16 6.41171547593646e+16 6.180082508535854e+16 5.92974938601227e+16 5.3292835137633736e+16 4.924847024711654e+16 4.320510854821223e+16
5230.000732706889 3.0061068985765626e+17 2.7742129409118595e+17 2.5383914757691408e+17 2.299029328045429e+17 2.0567444731289776e+17 1.8124808321441574e+17 1.5675711197175098e+17 1.44535988132763e+17 1.323517193395354e+17 1.2020189901290734e+17 1.1291372693696194e+17 1.0804395588047069e+17 1.006958991996464e+17 9.574290029927848e+16 8.816043430966773e+16 8.293255132127542e+16 8.02374097786816e+16 7.746728232925614e+16 7.45988113940889e+16 7.159788397986791e+16 6.841171258434816e+16 6.105302131805687e+16 5.634324757569027e+16 4.964144421328302e+16
5250.000735508829 3.249786227350299e+17 2.999446577669859e+17 2.7438668419813466e+17 2.4833436435452726e+17 2.2184389324124486e+17 1.9501209759903414e+17 1.679911862802614e+17 1.5447215961532848e+17 1.4098066472717078e+17 1.2752778348303853e+17 1.1946650742466546e+17 1.1408731510676173e+17 1.0598688929751883e+17 1.0054165666612224e+17 9.223703868904227e+16 8.653945639507986e+16 8.361312665719995e+16 8.06142447643968e+16 7.751936745085384e+16 7.429416172717086e+16 7.088534782170628e+16 6.3080362586181016e+16 5.813679757303243e+16 5.116150582442757e+16
5270.000738310769 2.6737810354118896e+17 2.4748691147922896e+17 2.272811331779333e+17 2.0678727524560163e+17 1.8604731611660755e+17 1.6512346646515738e+17 1.440970355970606e+17 1.3357009287086997e+17 1.2303785692271109e+17 1.1248339344401136e+17 1.0611915329290893e+17 1.0184971532852488e+17 9.537705203581648e+16 9.09902202097122e+16 8.423020555269518e+16 7.953267604386827e+16 7.70973735961911e+16 7.458358864698016e+16 7.196805368627818e+16 6.92168070283597e+16 6.627730587048821e+16 5.940451260396927e+16 5.493493882898471e+16 4.847182112415044e+16
5290.000741112709 3.26406335438128e+17 3.0170645722397754e+17 2.7645959668025008e+17 2.50688044170007e+17 2.2443867356575248e+17 1.9779610685405446e+17 1.7089602308831552e+17 1.5740473913552787e+17 1.4391420524482918e+17 1.3043059425236717e+17 1.2233313083510165e+17 1.1692141851741637e+17 1.0875814334879386e+17 1.0326058944940915e+17 9.485963696028528e+16 8.90842860410733e+16 8.61144913759477e+16 8.306881910762302e+16 7.992360218994408e+16 7.664428010181174e+16 7.317737580153856e+16 6.524439437174808e+16 6.023287111732964e+16 5.3194501952833784e+16
5310.000743914648 3.536921539612691e+17 3.270912142123618e+17 2.99824487592604e+17 2.719063571815174e+17 2.433778441147038e+17 2.143229641616182e+17 1.848883670218365e+17 1.700931159787572e+17 1.5528286584449955e+17 1.4047321062078661e+17 1.3158173304525773e+17 1.2564295146571653e+17 1.1669437436666464e+17 1.1067787350178112e+17 1.0150710926613176e+17 9.522537436974168e+16 9.200477930495274e+16 8.871010580226566e+16 8.531788241602395e+16 8.179378312668682e+16 7.808459275354502e+16 6.9675036992283736e+16 6.442694781149279e+16 5.71351698241522e+16
5330.000746716579 3.024806028775036e+17 2.800826655949646e+17 2.5723923732552538e+17 2.3397190567717133e+17 2.1032086486236205e+17 1.8635244999270134e+17 1.621631096850654e+17 1.500195243032997e+17 1.3785445658181371e+17 1.2565736770442474e+17 1.1830533715412848e+17 1.133770116549125e+17 1.0591565729882315e+17 1.0086920270748666e+17 9.311766333530293e+16 8.77561033659873e+16 8.498716665526032e+16 8.213814069836632e+16 7.918515550162797e+16 7.609336113040082e+16 7.280884038208202e+16 6.52212886751709e+16 6.0366250728315656e+16 5.344849557861392e+16
5350.000749518518 3.361133077059649e+17 3.109319891079306e+17 2.851686526033286e+17 2.588450911088727e+17 2.320082488256399e+17 2.047438182821685e+17 1.77189583328827e+17 1.6336006699379898e+17 1.4952437165019357e+17 1.356889559684825e+17 1.2737725537471131e+17 1.2182139992828666e+17 1.1343990726706931e+17 1.0779550839859006e+17 9.917206862069258e+16 9.324654875392834e+16 9.02008735261086e+16 8.70785495638888e+16 8.38555812104718e+16 8.049685298874414e+16 7.694791419338722e+16 6.883366711326211e+16 6.37095138416117e+16 5.65055726091052e+16
5370.0007523204595 3.337582909228653e+17 3.089368326163655e+17 2.835528814634273e+17 2.5762734912507037e+17 2.3120510563012246e+17 2.0436733408974634e+17 1.7724294162465178e+17 1.6362460502429763e+17 1.499933693503097e+17 1.3635101849523086e+17 1.2814718895895763e+17 1.2265895834208136e+17 1.1437111813744194e+17 1.087830972223599e+17 1.0023345071766794e+17 9.434878222621027e+16 9.13206620457302e+16 8.821376773358326e+16 8.500389540247746e+16 8.16556494774399e+16 7.811416470651942e+16 7.000208240472144e+16 6.486669854202897e+16 5.762186269316388e+16
5390.000755122399 3.271960621504856e+17 3.027180457540023e+17 2.7771650589366355e+17 2.522184918533957e+17 2.262759206592654e+17 1.9997728560186307e+17 1.734576472751156e+17 1.601670716579009e+17 1.4687987442722595e+17 1.3359630138808771e+17 1.2561377579052738e+17 1.2027512493585248e+17 1.1221396209254864e+17 1.0677799071852189e+17 9.845619484874397e+16 9.272158870660155e+16 8.97671872845494e+16 8.67325501298794e+16 8.359277886430814e+16 8.031142965437579e+16 7.683197606233696e+16 6.881598584443626e+16 6.369977043011385e+16 5.643092478299785e+16
5410.000757924339 3.1848217400464326e+17 2.9512157943065056e+17 2.712528405912212e+17 2.4689455500822608e+17 2.220858166704432e+17 1.9689590326854675e+17 1.7143088174188627e+17 1.5863487081506656e+17 1.458120810956196e+17 1.3295582805481365e+17 1.2520903631369162e+17 1.200181140711064e+17 1.121636342608582e+17 1.0685521365624974e+17 9.870924278444822e+16 9.308174125755811e+16 9.017802486716072e+16 8.719232053559053e+16 8.409994759055082e+16 8.086483730809442e+16 7.743114933345237e+16 6.9512046277039384e+16 6.4455791624196936e+16 5.726746049793948e+16
5430.000760726279 3.2516722441317037e+17 3.009780577369517e+17 2.762830735215027e+17 2.5110974961729962e+17 2.2550958031316128e+17 1.995691238711628e+17 1.73418222714081e+17 1.6031278641959888e+17 1.472084203948285e+17 1.3410226083208205e+17 1.2622189879285206e+17 1.2094890750710218e+17 1.1298161201446669e+17 1.0760449323345218e+17 9.936408648368797e+16 9.36782379920179e+16 9.074630113084624e+16 8.773273480523056e+16 8.461257808713115e+16 8.134938073543074e+16 7.788674641382754e+16 6.990259198489571e+16 6.480364499299309e+16 5.754808402166838e+16
5450.000763528209 3.374965714534427e+17 3.1249263195542483e+17 2.8692016593218966e+17 2.6080368650912864e+17 2.3419342295392333e+17 2.0717830208661184e+17 1.7989769087468736e+17 1.662130059087267e+17 1.5252518390609818e+17 1.3883681142730829e+17 1.3061030952189083e+17 1.2510876491152352e+17 1.168029787553825e+17 1.112036727122844e+17 1.0263617222387728e+17 9.673700335571776e+16 9.370001854275458e+16 9.058258504313061e+16 8.735982420804702e+16 8.399534665079234e+16 8.043270141663677e+16 7.224896391236728e+16 6.7040847550527864e+16 5.962917206258647e+16
5470.000766330149 3.4135150539998854e+17 3.163158349922343e+17 2.906789191646792e+17 2.644572227971389e+17 2.3769099526683955e+17 2.1045692920993206e+17 1.8287971866659206e+17 1.690123872617116e+17 1.551159966052126e+17 1.4119072230134624e+17 1.3280737122761744e+17 1.2719470192839443e+17 1.1871168465818584e+17 1.1298660090964576e+17 1.0421728792977365e+17 9.817292465548085e+16 9.505925919766578e+16 9.186170632846149e+16 8.855450503269011e+16 8.509987896728896e+16 8.14391024254999e+16 7.301606425504426e+16 6.764404402681811e+16 5.998805585521716e+16
5490.000769132089 3.442215733113682e+17 3.190325962664765e+17 2.9323997024866714e+17 2.6686012772108682e+17 2.3993325211452128e+17 2.1253529725660262e+17 1.8478849910916435e+17 1.708324577263057e+17 1.5684306213025898e+17 1.4281868710840491e+17 1.3437207954831381e+17 1.2871537140995035e+17 1.2016316514903136e+17 1.1438968491572704e+17 1.0554400128618838e+17 9.944581715265314e+16 9.630416938755042e+16 9.307774696590139e+16 8.974056692111253e+16 8.62544968211067e+16 8.256021019976741e+16 7.405847192792597e+16 6.863368615859133e+16 6.089662146548323e+16
5510.000771934028 3.3852761662283085e+17 3.1367010399041965e+17 2.882378047144862e+17 2.622527205728573e+17 2.3576127061624262e+17 2.088460672853281e+17 1.81635329598169e+17 1.6796846499197597e+17 1.5428217693107072e+17 1.4057380875835198e+17 1.3232216184376859e+17 1.2679725364468504e+17 1.1844483639770142e+17 1.1280546994706315e+17 1.041613169719737e+17 9.819692416624051e+16 9.512171835367549e+16 9.196125215339557e+16 8.868935241953733e+16 8.526762330737768e+16 8.163635506372507e+16 7.325388403919846e+16 6.788258150543094e+16 6.019267836362598e+16
5530.000774735969 3.529049235324994e+17 3.2743621941913197e+17 3.013218229523471e+17 2.7457113876193197e+17 2.4721580186952787e+17 2.19321602890972e+17 1.9099886233929034e+17 1.7672075223592323e+17 1.6238392960895866e+17 1.4798420512772973e+17 1.3929749781381704e+17 1.3347383183051694e+17 1.2465967782928712e+17 1.1870296781476875e+17 1.0956741740215328e+17 1.0326433303011211e+17 1.0001621314262947e+17 9.668035188601629e+16 9.323051548479885e+16 8.962827780936432e+16 8.581395955003315e+16 7.705860205233878e+16 7.149851210462838e+16 6.361631156134452e+16
5550.000777537908 3.6262892404188896e+17 3.364615411390522e+17 3.09601380990047e+17 2.8205531938430765e+17 2.5385406631670125e+17 2.2506608304645053e+17 1.9581146820608144e+17 1.8105947265476768e+17 1.662490446242187e+17 1.513818025293786e+17 1.424203910780843e+17 1.3641702736747971e+17 1.2733975405345211e+17 1.2121266369747637e+17 1.118303909057954e+17 1.0536951827206357e+17 1.0204473176129346e+17 9.86337913309811e+16 9.511053576644248e+16 9.143659610130696e+16 8.755230222754854e+16 7.866127365184856e+16 7.30329223817801e+16 6.5071069736507416e+16
5570.0007803398385 3.47294130045176e+17 3.225192825469564e+17 2.971094780404381e+17 2.7107122891666237e+17 2.4443175629355882e+17 2.1725009044425658e+17 1.8962597811061626e+17 1.756869810146078e+17 1.6167865820376256e+17 1.4759300373148218e+17 1.3908588519080315e+17 1.3337755498234758e+17 1.2472887667474293e+17 1.1887686779452586e+17 1.0988875269486106e+17 1.0367663158061136e+17 1.0047146378873544e+17 9.717665377001546e+16 9.376574346963267e+16 9.02000068010675e+16 8.641934793984171e+16 7.77200541025093e+16 7.217987353752952e+16 6.430848318302577e+16
5590.00078314178 3.317671914835484e+17 3.081286670192707e+17 2.8394162019848826e+17 2.592202919375753e+17 2.3399852688462205e+17 2.0833831093361952e+17 1.8233355085357306e+17 1.6923466187031888e+17 1.5608032137966544e+17 1.4285543467349747e+17 1.3486450208632507e+17 1.294989518136396e+17 1.2136092676716355e+17 1.1584612204029414e+17 1.0735726668238139e+17 1.0147225049154067e+17 9.842836146359754e+16 9.5292905983315e+16 9.203895283018566e+16 8.862706458700282e+16 8.499602383905022e+16 7.657409430482827e+16 7.115066730215792e+16 6.335785615742971e+16
5610.000785943719 3.544708383272784e+17 3.293619420864816e+17 3.03576352968634e+17 2.771165075613874e+17 2.5000535052908403e+17 2.222977597783645e+17 1.9409009010795043e+17 1.7983705079294998e+17 1.6549966259840614e+17 1.510695549979766e+17 1.4234790451283734e+17 1.3649292544739046e+17 1.2761802601901626e+17 1.2161028497911315e+17 1.1237918987941637e+17 1.0599703402030862e+17 1.0270377239868125e+17 9.93183939279411e+16 9.581399997114862e+16 9.215124588452758e+16 8.826908935338707e+16 7.934501894093186e+16 7.36687971509733e+16 6.560011473561043e+16
5630.0007887456595 3.634315224560463e+17 3.3767415824552915e+17 3.112251950271533e+17 2.8408671134511514e+17 2.562813084253575e+17 2.2786351101549485e+17 1.9892889408302176e+17 1.8430549296816218e+17 1.6959239240170464e+17 1.5478007344202893e+17 1.4582516561098586e+17 1.3981263332872693e+17 1.3069756486728278e+17 1.2452649511417285e+17 1.150438116663145e+17 1.0848778355254304e+17 1.0510500120210696e+17 1.0162783256000912e+17 9.802874202371419e+16 9.42674152914168e+16 9.028123477618618e+16 8.111886752344923e+16 7.528964401166358e+16 6.699744504357912e+16
5650.000791547599 3.679682301059386e+17 3.420505028771327e+17 3.154188828667083e+17 2.880714490022173e+17 2.6002620459768266e+17 2.313325190597222e+17 2.0208039876955046e+17 1.872808477029258e+17 1.7237903196672406e+17 1.573645854315398e+17 1.4828145732753827e+17 1.4218028235837526e+17 1.3292694458955162e+17 1.266596343899347e+17 1.1702504412339269e+17 1.103613680962404e+17 1.0692235390418616e+17 1.0338704948741262e+17 9.972763986051782e+16 9.590347437238995e+16 9.18515273950541e+16 8.254670683277054e+16 7.663939860773717e+16 6.8264394944320216e+16
5670.000794349539 3.581325562122746e+17 3.3308591849260544e+17 3.073566050585065e+17 2.8094136642473757e+17 2.5385514549453763e+17 2.2614117024319277e+17 1.9787813556217206e+17 1.8357101063140077e+17 1.691559679186159e+17 1.546187086507701e+17 1.4581548304517114e+17 1.3989763252498139e+17 1.3091360519286581e+17 1.248215550939353e+17 1.1544231048919195e+17 1.0894276647091352e+17 1.0558352942038677e+17 1.0212613450220365e+17 9.854237583327666e+16 9.479103016314765e+16 9.080820147052344e+16 8.162395494381259e+16 7.576124431316334e+16 6.740925724377898e+16
5690.000797151469 3.6467179508936826e+17 3.3925247388622054e+17 3.131264467934072e+17 2.8628962344227562e+17 2.5875666130247168e+17 2.305717066874147e+17 2.0181670084284128e+17 1.872577348057036e+17 1.7258860349733933e+17 1.5779654776149136e+17 1.4884077425532352e+17 1.4282156543521954e+17 1.3368623437216493e+17 1.274939443005459e+17 1.1796562858589618e+17 1.1136796758941058e+17 1.079602525227832e+17 1.0445493390535182e+17 1.0082401293686682e+17 9.702659302932565e+16 9.299931926493266e+16 8.373586240873914e+16 7.784469117234774e+16 6.9486985318006744e+16
5710.000799953409 3.5099833585981286e+17 3.26522007906717e+17 3.013972959892425e+17 2.7562386784220717e+17 2.492192623817487e+17 2.2222847222496506e+17 1.947300112436192e+17 1.8081951305802298e+17 1.6680909073797782e+17 1.5268224829135354e+17 1.44126681196437e+17 1.3837390619984565e+17 1.2963642324089987e+17 1.2370721905686888e+17 1.1456793293693224e+17 1.0822356127472829e+17 1.0493968202742742e+17 1.0155560414625997e+17 9.804251161698338e+16 9.435832024931346e+16 9.04378742783959e+16 8.13551776982862e+16 7.552313914347573e+16 6.7177842181178344e+16
5730.000802755349 3.824448076994748e+17 3.557440261025016e+17 3.2825089581370035e+17 2.9995690717082925e+17 2.708748617354962e+17 2.4105258157275638e+17 2.105865066505017e+17 1.9515366091581475e+17 1.7960626592514016e+17 1.639391206054362e+17 1.5446311682701914e+17 1.4810002835635478e+17 1.3845400711956538e+17 1.319247713026414e+17 1.2189564661310214e+17 1.1496611076579522e+17 1.1139257823310872e+17 1.0772119021624322e+17 1.0392359747930574e+17 9.995842108185069e+16 9.576161254249917e+16 8.614861849968563e+16 8.007133785931888e+16 7.15041537252729e+16
5750.000805557289 3.751316588400741e+17 3.491841784576599e+17 3.224799413301356e+17 2.950106831306289e+17 2.6678753575182685e+17 2.3785247753644755e+17 2.0828791498052045e+17 1.9330293119375053e+17 1.7819447300120128e+17 1.6295018777422198e+17 1.5371669721214416e+17 1.4750943109581222e+17 1.3808696054615526e+17 1.3169920883816504e+17 1.2186976994145824e+17 1.150642589911811e+17 1.1154976415756422e+17 1.0793526405406928e+17 1.0419221811126866e+17 1.0027895494015226e+17 9.613094326980496e+16 8.660175773058762e+16 8.055321620167688e+16 7.198935061449634e+16
5770.000808359228 3.801778397377135e+17 3.5394737186210675e+17 3.269358431390726e+17 2.9913359538733856e+17 2.705509122783434e+17 2.4123012074540435e+17 2.1125617755120822e+17 1.9605933476906915e+17 1.807356423825074e+17 1.652739900226421e+17 1.5590955396916397e+17 1.4961488825231475e+17 1.4006123553369234e+17 1.3358596222004322e+17 1.2362504525822576e+17 1.167316745425149e+17 1.1317317493134358e+17 1.0951462608887242e+17 1.0572750293783898e+17 1.0177016554941051e+17 9.757813493913106e+16 8.796131592077448e+16 8.186866474986803e+16 7.325427716342323e+16
5790.00081116117 3.62922777646982e+17 3.378364661182235e+17 3.120721637560658e+17 2.856289717702241e+17 2.5852456702646122e+17 2.308047143649635e+17 2.0254894839664096e+17 1.8824920755216048e+17 1.7384192422143437e+17 1.5930935710934794e+17 1.505051318060382e+17 1.4458391682028384e+17 1.355889050986275e+17 1.2948407193239091e+17 1.2007367743734072e+17 1.135417982346697e+17 1.1016143407514787e+17 1.0667852595599178e+17 1.0306363321440389e+17 9.927370139042078e+16 9.524195646197944e+16 8.590500082370619e+16 7.990842264436835e+16 7.131254405597437e+16
5810.000813963109 3.802349733684014e+17 3.54150327699049e+17 3.272893196529918e+17 2.996410587597317e+17 2.7121375973225085e+17 2.420461346151492e+17 2.1221704110630266e+17 1.9708652783912848e+17 1.8182278011689043e+17 1.6641230849320134e+17 1.5707311672717075e+17 1.5079249700009286e+17 1.412549420695414e+17 1.3478647309706405e+17 1.2482832665347701e+17 1.1793035847462117e+17 1.1436700648789517e+17 1.1070145264128456e+17 1.0690466068030261e+17 1.0293423797035984e+17 9.872453738371491e+16 8.904924554039614e+16 8.290472434356411e+16 7.420015439057339e+16
5830.000816765039 3.905559257587638e+17 3.639220032018128e+17 3.364524339486726e+17 3.081296468652891e+17 2.7895504971631258e+17 2.4896146112217507e+17 2.1822489661388128e+17 2.0261092609392973e+17 1.8684557706014483e+17 1.7091748406362077e+17 1.6126110626722234e+17 1.5476662544525427e+17 1.4490505985709357e+17 1.382186424763388e+17 1.2793106815342843e+17 1.2081226234838962e+17 1.1713836523925056e+17 1.1336239332441845e+17 1.0945558051677146e+17 1.0537596635817795e+17 1.0105861834037486e+17 9.117874532550314e+16 8.494444659749386e+16 7.617087789154981e+16
5850.000819566979 3.776900436837022e+17 3.52002832293592e+17 3.255452339099481e+17 2.983056975235867e+17 2.7029090270145184e+17 2.415367012198806e+17 2.121162530754278e+17 1.9718516466137802e+17 1.8211497414273702e+17 1.6688939424951728e+17 1.5765551332401942e+17 1.5144219815817325e+17 1.4200049307277112e+17 1.3559202247729546e+17 1.2571700364598266e+17 1.188690572259652e+17 1.1532878192032294e+17 1.1168479199623069e+17 1.0790779562458203e+17 1.0395501636864778e+17 9.976019240701499e+16 9.010097961537365e+16 8.3950137886279e+16 7.520667689794034e+16
5870.000822368919 3.7889685292919494e+17 3.531673512181119e+17 3.266639470414241e+17 2.9937560541456634e+17 2.7130993301042787e+17 2.4250431543653338e+17 2.130341968864095e+17 1.9807978888831866e+17 1.829876756058282e+17 1.677416415027502e+17 1.584960760160516e+17 1.5227512656127494e+17 1.4282200769392675e+17 1.3640580599308938e+17 1.2651864510255288e+17 1.1966189522522459e+17 1.1611684624144842e+17 1.124677003935449e+17 1.0868498917594627e+17 1.047256399386677e+17 1.0052286435117736e+17 9.083846849437646e+16 8.466299702609453e+16 7.58658749880309e+16
5890.000825170859 2.7425517363212246e+17 2.556305786115143e+17 2.3678545416200544e+17 2.177591980912541e+17 1.986050968099334e+17 1.7938933862736877e+17 1.6017737162805466e+17 1.5058123555708474e+17 1.4097758935383854e+17 1.3132684394514509e+17 1.2547941421640666e+17 1.2153804428082424e+17 1.1552311617244202e+17 1.1141085227345381e+17 1.0499695124940066e+17 1.004668347026176e+17 9.808792903242136e+16 9.560619049881957e+16 9.299124269585587e+16 9.019845496459184e+16 8.715831885378226e+16 7.976280265928003e+16 7.468204191436558e+16 6.687707816767887e+16
5910.000827972799 3.7239218058843475e+17 3.4706132553196346e+17 3.2100749445553325e+17 2.942288401538759e+17 2.6674377913224662e+17 2.3860147988804643e+17 2.0988803822431296e+17 1.9534883291855574e+17 1.806960252494667e+17 1.659116626591681e+17 1.5695267063379104e+17 1.509262963150573e+17 1.4176972897132602e+17 1.3555397064716294e+17 1.2597065928931208e+17 1.1931748634793053e+17 1.1587392848525344e+17 1.1232553979545544e+17 1.0864215482248414e+17 1.0477956933102886e+17 1.0066908211444592e+17 9.113869695666038e+16 8.500198558974554e+16 7.61569378818521e+16
5930.0008307747385 3.8019510562056026e+17 3.546858026552734e+17 3.28396918108298e+17 3.013127920516515e+17 2.734343316578118e+17 2.447890212427928e+17 2.1543727177573437e+17 2.005194626822243e+17 1.8544372719263277e+17 1.7018851977406186e+17 1.6092229177660394e+17 1.546800463578051e+17 1.4518177937515635e+17 1.3872519315293606e+17 1.2875839139149766e+17 1.2183254220334211e+17 1.1824684525659587e+17 1.1455209670815798e+17 1.1071785757523648e+17 1.0669966788917797e+17 1.024286321346341e+17 9.25624137389028e+16 8.625142495622542e+16 7.7229444071433e+16
5950.000833576669 3.8292817604369664e+17 3.572804722893152e+17 3.3083557448054694e+17 3.035761430983599e+17 2.7550163202533008e+17 2.466384740687528e+17 2.1704683493455424e+17 2.0200106889190483e+17 1.867923952145358e+17 1.713996960798601e+17 1.620489858938681e+17 1.5574963804347037e+17 1.4616452987041328e+17 1.3964916716440606e+17 1.2959243392394605e+17 1.226048506284562e+17 1.1898745679307443e+17 1.1526022134277304e+17 1.113924200326287e+17 1.0733915168902395e+17 1.030308009279637e+17 9.307695183719747e+16 8.67072957653041e+16 7.759555479944678e+16
5970.000836378609 3.879242425419925e+17 3.621236896961227e+17 3.3549678055994125e+17 3.0802289657477594e+17 2.7969816775816637e+17 2.5054601441789254e+17 2.2062429332552406e+17 2.0539757674867565e+17 1.8999706164508368e+17 1.7440123388386554e+17 1.6492294167779574e+17 1.5853603217253565e+17 1.488156567846212e+17 1.422074451510797e+17 1.3200761578698845e+17 1.2492262779230851e+17 1.2125627719388322e+17 1.1748023786103907e+17 1.1356420680730154e+17 1.0946396601054637e+17 1.0511104726931136e+17 9.508527294473997e+16 8.870063971200747e+16 7.96138017352409e+16
5990.000839180549 3.8501003705883475e+17 3.594325723245318e+17 3.330509739272768e+17 3.058463491137796e+17 2.778161472101261e+17 2.489839535217396e+17 2.1940534034922307e+17 2.043570174884958e+17 1.8913779092779158e+17 1.7372448892351635e+17 1.64355556681394e+17 1.5804125186424506e+17 1.4842903926346224e+17 1.4189223354859768e+17 1.3179782522748034e+17 1.2478114263773795e+17 1.2114789307863651e+17 1.1740385364205102e+17 1.1351820852704358e+17 1.0944591396611504e+17 1.0511710933062466e+17 9.511553100033125e+16 8.871433802620992e+16 7.955228223262624e+16
6010.00084198249 3.785014760295284e+17 3.5352306666322234e+17 3.277669440084978e+17 3.01213829791943e+17 2.7385963463303414e+17 2.4572442958246214e+17 2.168567463597949e+17 2.0216529624314355e+17 1.873006879057299e+17 1.7223633543230797e+17 1.6307225646290064e+17 1.5689195001853587e+17 1.474759203181223e+17 1.4106605124211971e+17 1.311549279544794e+17 1.24254639945911e+17 1.2067747613733438e+17 1.1698787950487672e+17 1.131547969175539e+17 1.091328730028755e+17 1.048518291870953e+17 9.493544260130298e+16 8.85699246882285e+16 7.943859241265213e+16
6030.000844784429 3.848256277477573e+17 3.5966490596313824e+17 3.336867636305713e+17 3.0686541532668006e+17 2.7918895903261466e+17 2.5066826192521875e+17 2.213414583932207e+17 2.063894958209589e+17 1.9124210387835856e+17 1.7587168274438595e+17 1.6651242030632912e+17 1.6019706914647856e+17 1.5057093366501094e+17 1.4401587478297237e+17 1.3387919391631792e+17 1.2682347242679253e+17 1.2316720838452355e+17 1.1939774286296798e+17 1.1548424458487765e+17 1.1138174706289189e+17 1.0702067143666912e+17 9.69526286504426e+16 9.052497890903302e+16 8.136469820303582e+16
6050.000847586369 3.936579648644555e+17 3.677964211635007e+17 3.4108829001220736e+17 3.135088863257265e+17 2.8504920726765184e+17 2.5572611544850576e+17 2.2558879610143744e+17 2.1023396321080272e+17 1.9468924894284784e+17 1.789305342881359e+17 1.693440852678273e+17 1.6288009361667357e+17 1.530355762538917e+17 1.4633808816845046e+17 1.3599247185496653e+17 1.2880045296084226e+17 1.2507687507560181e+17 1.2124061528702453e+17 1.1726081288375925e+17 1.1309247107207078e+17 1.0866598593706758e+17 9.846843642917238e+16 9.197684751138586e+16 8.275316239073216e+16
6070.000850388299 3.9013017986387795e+17 3.64599404818715e+17 3.382318781819974e+17 3.1100345759233517e+17 2.8290558089897338e+17 2.539548615509698e+17 2.2419846194904736e+17 2.0903565797020906e+17 1.9368229251471702e+17 1.7811215707679824e+17 1.6863633250904077e+17 1.6224456097567782e+17 1.525053679713959e+17 1.4587559582124976e+17 1.3562670619606594e+17 1.2849502826418912e+17 1.2480004018530816e+17 1.2099109655014235e+17 1.1703710903679373e+17 1.128927739794462e+17 1.084880568469341e+17 9.832444695473354e+16 9.184246213749355e+16 8.262133481038123e+16
6090.0008531902395 3.800162863309891e+17 3.5518855295228384e+17 3.295950835059464e+17 3.032165652143341e+17 2.760473409472985e+17 2.4810290810908083e+17 2.194215382720127e+17 2.0481570807849875e+17 1.900267179201888e+17 1.750226660111673e+17 1.6588456282979242e+17 1.5971618131671437e+17 1.503082367240019e+17 1.4389595744217664e+17 1.3396657980814045e+17 1.2704180738083362e+17 1.2344773369190565e+17 1.1973747211757122e+17 1.1587929617589374e+17 1.118269371770181e+17 1.0750883416543448e+17 9.749000524087045e+16 9.105195893881907e+16 8.182928941953093e+16
6110.000855992179 3.8003598930756966e+17 3.553874278174255e+17 3.299599669366165e+17 3.037319680326734e+17 2.766954260604737e+17 2.4886340006985814e+17 2.2027189947125056e+17 2.057019394311202e+17 1.909425854598495e+17 1.7596193003541098e+17 1.668350146995403e+17 1.6067302300094474e+17 1.5127335432413507e+17 1.4486602545981347e+17 1.3494412121775504e+17 1.2802528845256686e+17 1.2443485751787614e+17 1.2072896076441403e+17 1.1687617045444922e+17 1.1283064048236371e+17 1.0852142794238954e+17 9.853089198548325e+16 9.21162073986724e+16 8.292657575222443e+16
6130.000858794119 3.5711583455914566e+17 3.340358069295067e+17 3.1028602709402675e+17 2.858546661547435e+17 2.60742029811318e+17 2.3496500240974058e+17 2.0855302092253094e+17 1.9511239690935302e+17 1.815015283173731e+17 1.6768059534827453e+17 1.592509310549194e+17 1.5355296018338218e+17 1.4484631257742384e+17 1.3889784215486382e+17 1.2965698768544698e+17 1.2318504404899187e+17 1.1981491794076816e+17 1.163264796620549e+17 1.1268742536269526e+17 1.0885060268176806e+17 1.0474303435194784e+17 9.511860119116814e+16 8.885066522562054e+16 7.9752714983127e+16
6150.000861596059 3.75905262580052e+17 3.517449799908935e+17 3.2682202860664154e+17 3.011141823473622e+17 2.7461168016172387e+17 2.4732356604572118e+17 2.192771702271971e+17 2.049752646953647e+17 1.9047673500572474e+17 1.7574517173829587e+17 1.6675970492329104e+17 1.606877473200375e+17 1.5141535056497917e+17 1.4508665418410966e+17 1.3527084737794798e+17 1.2841242438834051e+17 1.248480822763406e+17 1.2116478151553474e+17 1.173302358494754e+17 1.1329732384941094e+17 1.0899310226258816e+17 9.89732844631405e+16 9.250432979954715e+16 8.318920883419792e+16
6170.000864397999 3.441425400325482e+17 3.222246058452458e+17 2.996956651075786e+17 2.765455998242287e+17 2.5277459213154992e+17 2.283960142380127e+17 2.0342983493612272e+17 1.907246345502008e+17 1.7785364927826554e+17 1.6477377281221706e+17 1.5678805133739254e+17 1.5138545248246963e+17 1.4312077054137142e+17 1.3746617769902978e+17 1.286649638571982e+17 1.2248518121648592e+17 1.1926070990060024e+17 1.159174747578863e+17 1.1242292162739234e+17 1.0872944498955587e+17 1.0476321454806275e+17 9.540625267492362e+16 8.924925480021483e+16 8.019443063704725e+16
6190.0008671999285 3.836630464539343e+17 3.5906709522455034e+17 3.336744523454181e+17 3.0745971217828614e+17 2.804097892833601e+17 2.525309308136883e+17 2.2384935628147037e+17 2.0921375216115248e+17 1.9437155542696346e+17 1.792870027003524e+17 1.70085330923768e+17 1.6386728504692784e+17 1.5437241494864595e+17 1.4789275546990496e+17 1.3784535439722056e+17 1.3082802241814827e+17 1.2718245807863251e+17 1.2341647289392598e+17 1.1949745871258466e+17 1.1537779477508344e+17 1.109836791664881e+17 1.0076551552462002e+17 9.417169385777966e+16 8.464952166248378e+16
6210.000870001869 3.835327302267382e+17 3.588981319691115e+17 3.33470501384467e+17 3.072268406692331e+17 2.801572507733615e+17 2.522720725367526e+17 2.2360248080742237e+17 2.0898138574609725e+17 1.941601269735188e+17 1.7910315103435946e+17 1.6992102933076586e+17 1.637170664227498e+17 1.5424436948969978e+17 1.4777964946738026e+17 1.3775322344929445e+17 1.307471177804764e+17 1.2710555059006624e+17 1.2334190262592467e+17 1.1942290018571173e+17 1.1529994216532653e+17 1.108977057390737e+17 1.0063658470408606e+17 9.399327967204568e+16 8.437075675611072e+16
6230.000872803808 3.735047232845175e+17 3.497037430300924e+17 3.2515693481973914e+17 2.998430002354029e+17 2.737523653062304e+17 2.4689264812869578e+17 2.1928598939654304e+17 2.0520460728556118e+17 1.9092350575820858e+17 1.7640199515617853e+17 1.6753648252208e+17 1.6154085938170717e+17 1.523757028211495e+17 1.4611224515181856e+17 1.3638134725446554e+17 1.2956750601110696e+17 1.2602043117036187e+17 1.223500060658e+17 1.185227264488765e+17 1.1448960128147968e+17 1.101746029777796e+17 1.000729051958951e+17 9.349030681382005e+16 8.387894743868416e+16
6250.00087560575 3.628905726206942e+17 3.399257667410328e+17 3.1624589156077786e+17 2.918299521148615e+17 2.6666737916987133e+17 2.4076227349525552e+17 2.1412878759242854e+17 2.005365771101341e+17 1.8674291716390838e+17 1.7270377608841606e+17 1.6412365800615517e+17 1.5831605473559645e+17 1.4942878064870947e+17 1.4334723583518694e+17 1.3388267317173766e+17 1.272404155688825e+17 1.2377660790475426e+17 1.201872094562722e+17 1.1643807346068282e+17 1.124792680249678e+17 1.0823334315630469e+17 9.82436196214518e+16 9.169382885130678e+16 8.20895978048153e+16
6270.000878407689 3.792043478557951e+17 3.5501493465077325e+17 3.300556127446677e+17 3.0430459601058266e+17 2.777526787422344e+17 2.5040957479761418e+17 2.2230289047358544e+17 2.0796842308656138e+17 1.934347043122037e+17 1.7866331606925725e+17 1.6965009023088877e+17 1.6355711781027066e+17 1.5424765534913466e+17 1.4788896933436365e+17 1.3801581036995819e+17 1.3110634167074698e+17 1.2751065284924872e+17 1.2379064118134853e+17 1.1991228833749354e+17 1.1582583965611885e+17 1.114540930525952e+17 1.0121975106226125e+17 9.455233259188018e+16 8.483455222092272e+16
6290.000881209629 3.855471287037097e+17 3.610950012714869e+17 3.35840892638326e+17 3.097592105229475e+17 2.8283653019024307e+17 2.5507803566023203e+17 2.265065827038373e+17 2.119197445807858e+17 1.9711956419093984e+17 1.820669688289402e+17 1.7287756122864915e+17 1.666638423614048e+17 1.5716799333190573e+17 1.5068129513728317e+17 1.4061006207808318e+17 1.3356442529351285e+17 1.298995193038273e+17 1.26109701085151e+17 1.2216122278758547e+17 1.1800483315948349e+17 1.1356428249928723e+17 1.0320546924212346e+17 9.649660405995558e+16 8.678894649892939e+16
6310.000884011569 3.73970399920787e+17 3.5046550495838054e+17 3.2620880755299264e+17 3.011777761131583e+17 2.7536126481566864e+17 2.4876444975949488e+17 2.2140502131286256e+17 2.074388964601691e+17 1.932653229853498e+17 1.7884121756905344e+17 1.700280049672095e+17 1.6406418565474557e+17 1.549414126120914e+17 1.487021564149091e+17 1.3900034596370357e+17 1.3220013135368931e+17 1.2865778314107171e+17 1.2499046462848562e+17 1.2116444623406386e+17 1.1713046036763728e+17 1.128121631340719e+17 1.0269590017382389e+17 9.6104930744148e+16 8.650844246867845e+16
6330.000886813499 3.785003070653899e+17 3.5480981431934714e+17 3.303537280656016e+17 3.0510653426692154e+17 2.790533150734856e+17 2.5219464418216717e+17 2.2454298728801997e+17 2.1041760950048477e+17 1.96075039898813e+17 1.8147140877319814e+17 1.7254507479651203e+17 1.6650347915210525e+17 1.572604103632455e+17 1.5093853813651888e+17 1.411094157498463e+17 1.3422251845044734e+17 1.3063653979848763e+17 1.2692561828588222e+17 1.2305630261217056e+17 1.1897977175924165e+17 1.146204318311026e+17 1.0443327818728029e+17 9.782112473057653e+16 8.823311809345469e+16
6350.000889615439 3.8361066049739405e+17 3.5960471143400986e+17 3.3481318425317997e+17 3.092111582457434e+17 2.8278565168519232e+17 2.555411826116944e+17 2.2749641622808858e+17 2.1317427391318227e+17 1.986362922728982e+17 1.8383968674039024e+17 1.7479916774903818e+17 1.6868226382025507e+17 1.5932769654246058e+17 1.5293268006656547e+17 1.4299624832557269e+17 1.3604007593147213e+17 1.3242041979112238e+17 1.2867666183853174e+17 1.2477557016042064e+17 1.2066862988933992e+17 1.1628067905216778e+17 1.0604433183929846e+17 9.94130920773941e+16 8.980682272121656e+16
6370.000892417379 3.834410874176438e+17 3.595021354620241e+17 3.347824821498446e+17 3.092574146123213e+17 2.8291389866567043e+17 2.5575571765302915e+17 2.2779952876649654e+17 2.1352120342320614e+17 1.9902549653809686e+17 1.8426824033404272e+17 1.752491932536134e+17 1.691454226217355e+17 1.5980835327695453e+17 1.5342322198417827e+17 1.4349818172172027e+17 1.365465743548432e+17 1.3292797731094349e+17 1.291842252187754e+17 1.2528180841444936e+17 1.2117178556731651e+17 1.167783009239135e+17 1.0651736350672309e+17 9.98585587487598e+16 9.019110334544147e+16
6390.000895219318 3.874588122154635e+17 3.6343710280420544e+17 3.386052837995032e+17 3.12933007073062e+17 2.8640011515630122e+17 2.5900191297285485e+17 2.307458574082226e+17 2.1629257601568042e+17 2.0160424033290637e+17 1.8663617131031866e+17 1.774816000529635e+17 1.7128351800732896e+17 1.6179858148973926e+17 1.553101786701424e+17 1.452221546028239e+17 1.3815576230359358e+17 1.3447774983664798e+17 1.3067318766073792e+17 1.267085858636828e+17 1.2253512236835402e+17 1.1807726241477187e+17 1.0768892947570837e+17 1.0097394251546562e+17 9.127415669504955e+16
6410.000898021259 3.7806983724267757e+17 3.548655356005497e+17 3.30882614715983e+17 3.0609039363368576e+17 2.8046692857976854e+17 2.5400317330234518e+17 2.2669741368042454e+17 2.1272027747432195e+17 1.9850487703807603e+17 1.840028720378222e+17 1.751230252706908e+17 1.6910554376493232e+17 1.5988713974228598e+17 1.5357321787345043e+17 1.4374151784421122e+17 1.3684185611407704e+17 1.3324570583155789e+17 1.29521800716308e+17 1.2563640946317706e+17 1.2154035168013606e+17 1.1715754574676832e+17 1.069083033883213e+17 1.0025379336116683e+17 9.060614389800658e+16
6430.000900823198 3.821130511119357e+17 3.585345018177289e+17 3.3417294463703674e+17 3.090005956634468e+17 2.8300002193073594e+17 2.5616861905213338e+17 2.2851441386334678e+17 2.1437447293233306e+17 2.0000671827871773e+17 1.8536523798247443e+17 1.7640893272635203e+17 1.7034382758066317e+17 1.6105943158453507e+17 1.5470541360423686e+17 1.448199759014588e+17 1.378891618445972e+17 1.3427895038143789e+17 1.3054203054232773e+17 1.2664466594649146e+17 1.225375965306101e+17 1.1814448783141278e+17 1.0787293632106544e+17 1.011991636467541e+17 9.150143679138646e+16
6450.000903625129 3.742352364577815e+17 3.51348297035783e+17 3.2771139059697325e+17 3.0329772121345574e+17 2.780897849164109e+17 2.520827799793757e+17 2.252784941592956e+17 2.115694573123476e+17 1.9763372188653782e+17 1.834228777224624e+17 1.7472328046810275e+17 1.6882835283721856e+17 1.5979754005551302e+17 1.536113503823137e+17 1.4397556797609506e+17 1.3720947632636638e+17 1.3368093563846451e+17 1.3002507863845485e+17 1.2620799260383642e+17 1.2218015913233246e+17 1.1786486609556243e+17 1.0774228171175248e+17 1.0113817969372062e+17 9.15090844471092e+16
6470.000906427069 3.742087460459972e+17 3.5136292989111706e+17 3.277682774928107e+17 3.033989196979424e+17 2.7823840199559984e+17 2.5228321265195085e+17 2.2553613118649203e+17 2.118576904099469e+17 1.979535186972744e+17 1.8377448347939485e+17 1.7509359624617875e+17 1.692107528978817e+17 1.6019712705550086e+17 1.540215038623235e+17 1.4439968740151466e+17 1.3764126577555749e+17 1.3411595937463216e+17 1.3046288952578563e+17 1.2664812464045285e+17 1.2262215743017274e+17 1.1830837038350683e+17 1.0818955999648912e+17 1.015916652607101e+17 9.198654231367482e+16
6490.000909229008 3.7022039229790144e+17 3.477206360929131e+17 3.244884847670645e+17 3.0049794400066054e+17 2.7573138896143142e+17 2.501820407311905e+17 2.238460720278939e+17 2.103718357104724e+17 1.9666844539823226e+17 1.8268432678974992e+17 1.7411633941426493e+17 1.6830659107449632e+17 1.593986001605177e+17 1.5329015807468352e+17 1.4376283404233618e+17 1.3706191711712642e+17 1.3356319733474944e+17 1.2993491395265802e+17 1.2614274180921045e+17 1.2213660674782013e+17 1.1783900846030342e+17 1.0773401941836482e+17 1.0112298254846157e+17 9.14597744339267e+16
6510.00091203095 3.862287040508839e+17 3.627017581317951e+17 3.383685271505847e+17 3.1319782888800646e+17 2.8716795741871024e+17 2.602711280283831e+17 2.3250845138825853e+17 2.1829525725002614e+17 2.0383948253497354e+17 1.8909297848451242e+17 1.800641673144583e+17 1.7394616027239424e+17 1.645744690657298e+17 1.5815605210777386e+17 1.481623785301373e+17 1.41149503771522e+17 1.3749446490592669e+17 1.3370964219309461e+17 1.297607322458311e+17 1.2559770727561709e+17 1.2114314342065758e+17 1.1072443808289858e+17 1.0395655460754966e+17 9.413348702223574e+16
6530.000914832889 3.9204820357313894e+17 3.682632968072809e+17 3.436417288693777e+17 3.1814935647637536e+17 2.917614991903236e+17 2.6446770513634592e+17 2.3626703390905453e+17 2.2181904761353994e+17 2.071178051331634e+17 1.921150611781199e+17 1.8292727739535565e+17 1.7670108351763334e+17 1.6716377762820202e+17 1.606327247897344e+17 1.5046681312918634e+17 1.4333706516814234e+17 1.3962305819466909e+17 1.3577898609740088e+17 1.3177064142555227e+17 1.275481445002852e+17 1.2303431324402875e+17 1.1249957840354371e+17 1.056767682820722e+17 9.580279320266694e+16
6550.000917634829 3.8452713701395546e+17 3.616212666423105e+17 3.3783649419000275e+17 3.131371588365466e+17 2.8749792444352176e+17 2.6090834188847334e+17 2.33367682759312e+17 2.1923297094978755e+17 2.048335800513064e+17 1.9012087749500525e+17 1.8110119897624195e+17 1.7498446148543456e+17 1.6560709662457923e+17 1.5917948167637286e+17 1.4916277016371894e+17 1.4212716230966949e+17 1.384580135341395e+17 1.3465686361529312e+17 1.3068897308935822e+17 1.2650367416145099e+17 1.2202256002910915e+17 1.115300058525676e+17 1.0470513425948445e+17 9.478927242894171e+16
6570.000920436759 3.69130105873622e+17 3.4890823205229664e+17 3.276785135319368e+17 3.0537021461851046e+17 2.8191640559953533e+17 2.5725775557288755e+17 2.3133877149803325e+17 2.1788171740710538e+17 2.0406354853495603e+17 1.8983252998932966e+17 1.8105418737072573e+17 1.7507900489689565e+17 1.6588619216096573e+17 1.595640710841801e+17 1.496813210054942e+17 1.4272016699162278e+17 1.3908415700123882e+17 1.3531360299426915e+17 1.3137392374056386e+17 1.2721465307651226e+17 1.227576621493951e+17 1.123097580479966e+17 1.0550806495282237e+17 9.562251440112638e+16
6590.000923238699 3.867079417765977e+17 3.6359761005277434e+17 3.396566190361253e+17 3.148489460501624e+17 2.891466955127475e+17 2.6253347859785853e+17 2.3499801586020387e+17 2.208718620887161e+17 2.064815664408188e+17 1.9177537428052576e+17 1.8275692005174285e+17 1.7663940490032947e+17 1.6725792863400426e+17 1.6082534560325885e+17 1.5079757081049238e+17 1.437522491896628e+17 1.4007765246705757e+17 1.3627077658464478e+17 1.3229703494839216e+17 1.281060100760702e+17 1.236197139041702e+17 1.1312208539422125e+17 1.0630185011938774e+17 9.640448622314518e+16
6610.000926040639 3.9148292178938874e+17 3.679786751488857e+17 3.4364093083440403e+17 3.1843248437303674e+17 2.923243300712252e+17 2.6530010741860874e+17 2.3735057275137306e+17 2.2301772475828624e+17 2.08422154038241e+17 1.935131062799039e+17 1.8437443492197117e+17 1.78177448126759e+17 1.686776945269007e+17 1.6216672594881546e+17 1.5202145713533734e+17 1.448971065335619e+17 1.4118242560525451e+17 1.3733480237300387e+17 1.3331930909982522e+17 1.2908499977119749e+17 1.2455302218261152e+17 1.1394918191647933e+17 1.0705798524460187e+17 9.704988446956451e+16
6630.000928842579 3.907394500496443e+17 3.673773000948518e+17 3.431956300961988e+17 3.181578720561646e+17 2.922350373696189e+17 2.6540888524413683e+17 2.37665250852525e+17 2.2343536406223866e+17 2.089403921367175e+17 1.941272940768089e+17 1.8504294622815408e+17 1.7888051226877184e+17 1.6942979623807277e+17 1.629495475796666e+17 1.528473544052882e+17 1.457498033721327e+17 1.4204799796661278e+17 1.3821293656155488e+17 1.3420972757701656e+17 1.2998746880939874e+17 1.2546735070583642e+17 1.1488652782224237e+17 1.0800533626079272e+17 9.799927491432157e+16
6650.0009316445185 3.905911674684914e+17 3.673164016657994e+17 3.432183385195338e+17 3.1825944516677005e+17 2.924096499472899e+17 2.6564956522669834e+17 2.3796346939083798e+17 2.2375838592676784e+17 2.0928485490299818e+17 1.944888959586696e+17 1.8541214198627968e+17 1.7925334704562298e+17 1.6980542683667827e+17 1.6332483781579293e+17 1.5321779036442035e+17 1.4611321315075072e+17 1.4240642848779331e+17 1.385651990540066e+17 1.3455441284474427e+17 1.3032286112319906e+17 1.2579127617692387e+17 1.1517720714375304e+17 1.0826891701217635e+17 9.821118193797184e+16
6670.000934446459 3.854969158946803e+17 3.626112141826171e+17 3.389277271761563e+17 3.144111766071529e+17 2.890330227125473e+17 2.6277378465037e+17 2.356144830806094e+17 2.2168012348000656e+17 2.0748009772416003e+17 1.9295832397741978e+17 1.8404542830963456e+17 1.7799528622961363e+17 1.6870910662173898e+17 1.6233532439368592e+17 1.523866105277976e+17 1.4538604706770115e+17 1.4173067345095069e+17 1.379403439259265e+17 1.3397979674822014e+17 1.2979757058990157e+17 1.2531394621046854e+17 1.147872545034375e+17 1.0791186181046824e+17 9.786128620259651e+16
6690.000937248398 3.93579632285403e+17 3.7021818114150874e+17 3.4602576576067514e+17 3.209645286539721e+17 2.950039886419909e+17 2.6812411571248032e+17 2.40308020966029e+17 2.260334643686883e+17 2.1148689570825354e+17 1.966136769351626e+17 1.8748818726833526e+17 1.81295780739608e+17 1.717955977068024e+17 1.6527884166574794e+17 1.551153789896747e+17 1.4797157541501946e+17 1.4424459246151635e+17 1.4038266908510174e+17 1.3635053022264392e+17 1.3209665291497298e+17 1.275411271820165e+17 1.1686648915560138e+17 1.0990698222353587e+17 9.972826240986296e+16
6710.000940050329 3.8334137007221574e+17 3.606805653064775e+17 3.3723939416372646e+17 3.1298381353021696e+17 2.878861308162534e+17 2.6192670809870317e+17 2.3508443773887075e+17 2.213135244490556e+17 2.0727890001473677e+17 1.929231612792922e+17 1.8410956280308547e+17 1.78125256489233e+17 1.689369468281061e+17 1.6262753016233373e+17 1.5277310704074816e+17 1.4583271638128112e+17 1.422060186790102e+17 1.3844291387495573e+17 1.3450749198995157e+17 1.3034724485277866e+17 1.258806654737241e+17 1.1535650994261131e+17 1.084426394055458e+17 9.825902589894182e+16
6730.000942852268 3.94450511284582e+17 3.7125649295160896e+17 3.472224001813375e+17 3.2230595103938694e+17 2.964706823333739e+17 2.6968847347354342e+17 2.4193164522985456e+17 2.2766806996707555e+17 2.1311734741827197e+17 1.9822250479416608e+17 1.890745620159425e+17 1.8286283389522102e+17 1.73326550385051e+17 1.667805548397196e+17 1.5656447462662038e+17 1.493788752333039e+17 1.4562863545339782e+17 1.417416423096655e+17 1.3768234745993037e+17 1.3339881495124107e+17 1.288104547788451e+17 1.1805413840564237e+17 1.1103555140384627e+17 1.0074941031815046e+17
6750.000945654209 3.8864015682713075e+17 3.658393980239225e+17 3.422183157247268e+17 3.1773656227816525e+17 2.923597273832797e+17 2.6606149867425338e+17 2.3881503074706518e+17 2.2481622049060218e+17 2.1053610222484176e+17 1.959170050174892e+17 1.8693659345136262e+17 1.808372610060372e+17 1.7147034937929728e+17 1.650375197906105e+17 1.5499068874858806e+17 1.479165255436154e+17 1.4422107205477594e+17 1.4038783696124662e+17 1.3638078512675013e+17 1.3214724041176314e+17 1.2760543841971382e+17 1.1692241350540075e+17 1.0991954953475122e+17 9.961485811841608e+16
6770.000948456149 3.914174191327434e+17 3.685487503388571e+17 3.448529848775134e+17 3.2028786935703386e+17 2.948165416154501e+17 2.6840953364852755e+17 2.4103591159805347e+17 2.2696496992126317e+17 2.1260582997703082e+17 1.978996501766796e+17 1.8886252425994883e+17 1.8272330552409334e+17 1.7329318341532096e+17 1.6681581967429894e+17 1.5669845741216576e+17 1.4957486128821296e+17 1.4585406302585293e+17 1.4199517204244875e+17 1.3796230907148864e+17 1.3370307397399947e+17 1.291362085962772e+17 1.1841008858873456e+17 1.1139700972965552e+17 1.0111334571809243e+17
6790.000951258089 3.901621986857887e+17 3.673750305165713e+17 3.4377322215752275e+17 3.193167321645522e+17 2.9397108477475866e+17 2.677092068752601e+17 2.4050214867438432e+17 2.2652292694089184e+17 2.1226125043987034e+17 1.9765842498875926e+17 1.886863066465551e+17 1.82591789994093e+17 1.7323100988134102e+17 1.6680160469422086e+17 1.5675921790408067e+17 1.496878733611766e+17 1.4599389836389658e+17 1.4216224615120533e+17 1.3815692188279472e+17 1.3392527013458448e+17 1.2938548648377899e+17 1.1870548167980616e+17 1.117001802325036e+17 1.0137670466367416e+17
6810.000954060029 3.8906810506627283e+17 3.664933026530455e+17 3.431043910167924e+17 3.1885953099453395e+17 2.9372168188868525e+17 2.676599139895682e+17 2.406392904930348e+17 2.2674538306549795e+17 2.1256166933876496e+17 1.9802734918603917e+17 1.890906915934568e+17 1.830170235890463e+17 1.7368266839808022e+17 1.6726717503211997e+17 1.57239088202735e+17 1.5017216582736173e+17 1.4647865608939504e+17 1.426462143025881e+17 1.3863880183094189e+17 1.3440377960775763e+17 1.2985951078926811e+17 1.1917052520274826e+17 1.1216791250655987e+17 1.0187959187841664e+17
6830.000956861959 3.9431556141640326e+17 3.7147854234708576e+17 3.4780092896789856e+17 3.2323812692820275e+17 2.9775040036258496e+17 2.713046080487614e+17 2.4386516440509603e+17 2.2974939939795533e+17 2.153363885539003e+17 2.0056635311713366e+17 1.9148568906214454e+17 1.853151229421287e+17 1.758343166085547e+17 1.6932063617599142e+17 1.5914495291866576e+17 1.5198002723864842e+17 1.4823792950399546e+17 1.4435741579055606e+17 1.4030274088635443e+17 1.3602172211490851e+17 1.3143346527580453e+17 1.2066883158904581e+17 1.1364232238168974e+17 1.0335663806882211e+17
6850.000959663898 3.853814197954089e+17 3.6321403542259405e+17 3.402546358279826e+17 3.164618783190395e+17 2.91797960640463e+17 2.6622891211603248e+17 2.3971282644364042e+17 2.2607187717201818e+17 2.1213873560135907e+17 1.978500207657029e+17 1.8905722663306678e+17 1.8307767137498525e+17 1.7388144953716973e+17 1.6755586268597053e+17 1.576591542799782e+17 1.5067739738371424e+17 1.4702571480437235e+17 1.4323457774378894e+17 1.3926792827926664e+17 1.350731045956661e+17 1.3056844822823066e+17 1.1995715792615594e+17 1.1299403736913712e+17 1.0275601102191851e+17
6870.000962465839 3.890668056355493e+17 3.6665899180135085e+17 3.4343487414300614e+17 3.193521609655137e+17 2.9437321834845094e+17 2.6846630427713814e+17 2.4159512801374733e+17 2.277732322053037e+17 2.1365915519740774e+17 1.9919149855303456e+17 1.9029308402042934e+17 1.842440526441311e+17 1.7494516528329197e+17 1.6855218555228083e+17 1.585558428481712e+17 1.5150845707249866e+17 1.478241289649939e+17 1.4400042001262693e+17 1.4000124221403446e+17 1.3577391023445166e+17 1.3123676849832882e+17 1.2056112713976104e+17 1.1356752545479518e+17 1.0330504606369334e+17
6890.000965267778 3.9119773595992474e+17 3.687271212675175e+17 3.454357928092953e+17 3.212801575041287e+17 2.962207635972247e+17 2.7022348963994336e+17 2.4324929129877584e+17 2.2937027516154586e+17 2.1519499572644483e+17 2.006619701432279e+17 1.9172242240842794e+17 1.8564524452549946e+17 1.7630323816000576e+17 1.6988108948230787e+17 1.5984088805871302e+17 1.5276475250942893e+17 1.490664418285853e+17 1.4522919657304598e+17 1.412171455370046e+17 1.3697793623688294e+17 1.3243045582577264e+17 1.2174357804648611e+17 1.1475566816461696e+17 1.0452452221869386e+17
6910.0009680697185 3.902752879785694e+17 3.679384510750028e+17 3.4478337774375917e+17 3.207662492177072e+17 2.958472787314604e+17 2.6999180462581437e+17 2.4315967265733907e+17 2.2935117330688272e+17 2.1524551170947866e+17 2.0078069476994563e+17 1.91881131152023e+17 1.858301356551585e+17 1.765266088404138e+17 1.7012953298402566e+17 1.601259837073289e+17 1.530735629702691e+17 1.4938685970061898e+17 1.4556103307978557e+17 1.4156019143455048e+17 1.3733196244779179e+17 1.3279522954697499e+17 1.2212963829530626e+17 1.1515401084722485e+17 1.0494601667396272e+17
6930.000970871649 3.883906598739227e+17 3.661882720708396e+17 3.431806861912085e+17 3.193259004510937e+17 2.945860803866888e+17 2.6892851972171805e+17 2.4231442402164438e+17 2.2862255073953718e+17 2.1463832604042896e+17 2.0029923822603418e+17 1.914768668132588e+17 1.8547792558958925e+17 1.7625313694227485e+17 1.6990882106383574e+17 1.599843574178181e+17 1.529841764104895e+17 1.493232545163269e+17 1.455228359143527e+17 1.4154685535952613e+17 1.3734267106360058e+17 1.3282872003997387e+17 1.2220086873055158e+17 1.1523468506006211e+17 1.0501581488992118e+17
6950.000973673588 3.87572402921763e+17 3.654623173409415e+17 3.425479534705486e+17 3.1878861855654534e+17 2.9414852661921466e+17 2.6859771304335443e+17 2.4210077423038595e+17 2.2847238307888125e+17 2.1455521524250778e+17 2.0028663595727082e+17 1.915079939237353e+17 1.8553866630785165e+17 1.7635874389350054e+17 1.7004445636586048e+17 1.6016481838444202e+17 1.531941008586399e+17 1.4954770597248726e+17 1.4576164705065827e+17 1.417998439149942e+17 1.3760966355708726e+17 1.3310960622543781e+17 1.2251038518765987e+17 1.1556146607732354e+17 1.0537218937106245e+17
6970.00097647553 3.9063649451581306e+17 3.6842980089275846e+17 3.4540968370257126e+17 3.2153414261629843e+17 2.967653176329839e+17 2.7107017593223754e+17 2.4440862457717914e+17 2.30688170318617e+17 2.1667085042805917e+17 2.0229254493737322e+17 1.9344274861023155e+17 1.874235237589489e+17 1.7816476493170294e+17 1.717951205013757e+17 1.618281681606041e+17 1.5479657769357862e+17 1.5111910812364483e+17 1.4730171357987968e+17 1.433085375065904e+17 1.3908731854719325e+17 1.3455720515295674e+17 1.2390679766758658e+17 1.1694492975677643e+17 1.0677270571684093e+17
6990.000979277469 3.861124200173488e+17 3.641471209291084e+17 3.413888798547545e+17 3.1779851372944134e+17 2.933417629789125e+17 2.6799013867710048e+17 2.4170912489261968e+17 2.2819499037328093e+17 2.1439609803867555e+17 2.002495184107423e+17 1.9154569704371014e+17 1.8562684735813514e+17 1.7652338284274518e+17 1.7026040658520592e+17 1.604577515409678e+17 1.535377412874821e+17 1.499162137810406e+17 1.4615445423363552e+17 1.4221608456337162e+17 1.3804800925348515e+17 1.3356798063620672e+17 1.2299636757688851e+17 1.1604781381104101e+17 1.0583736088774587e+17
7010.000982079409 3.811561123936307e+17 3.5976428182881946e+17 3.37601514892148e+17 3.146261766093508e+17 2.907987360860376e+17 2.6608112174821005e+17 2.4042201022804333e+17 2.2720620239420733e+17 2.1369144116626006e+17 1.9980976602637008e+17 1.912535369470307e+17 1.854277391360643e+17 1.764552464839002e+17 1.7027360864620218e+17 1.6058370848457104e+17 1.537326378977874e+17 1.501437037288014e+17 1.4641328910393654e+17 1.4250502185473298e+17 1.3836582289650117e+17 1.3391348030029488e+17 1.233940932333186e+17 1.1647081919113083e+17 1.062883694713604e+17
7030.000984881349 3.8708150613805594e+17 3.6529379158987405e+17 3.4270938111626944e+17 3.192859946029669e+17 2.9498467186121734e+17 2.697693384980145e+17 2.4359427001157754e+17 2.3011678942067798e+17 2.1634028875848285e+17 2.0219897794816963e+17 1.9348889870567936e+17 1.87561606219906e+17 1.7843877869228646e+17 1.7215835873857994e+17 1.6232291686634928e+17 1.553771023203028e+17 1.5174174781473693e+17 1.4796576772514163e+17 1.440130618507943e+17 1.3983097745770931e+17 1.3533800825342222e+17 1.2475031801305885e+17 1.1780728669488178e+17 1.0763243316283272e+17
7050.000987683289 3.8939299095483014e+17 3.6753751698326816e+17 3.448698968391803e+17 3.213445031025178e+17 2.969187674701104e+17 2.7155293308628816e+17 2.4519755634296176e+17 2.3161778910699664e+17 2.1773054812765104e+17 2.034696729590486e+17 1.9468330175828848e+17 1.88703042573009e+17 1.7949716255801814e+17 1.731585429161481e+17 1.632303552031298e+17 1.5621792983769078e+17 1.5254737908270752e+17 1.4873462574543504e+17 1.4474323100915696e+17 1.405200504560957e+17 1.359828220381801e+17 1.2529066466829494e+17 1.1827812357205091e+17 1.0799164276249126e+17
7070.000990485219 3.850931511277445e+17 3.634873579593249e+17 3.410941824610289e+17 3.17871738432692e+17 2.937811308768387e+17 2.687860296783224e+17 2.428389972772173e+17 2.294773009896167e+17 2.158167155576861e+17 2.017902228348249e+17 1.9314779556453203e+17 1.872647721673768e+17 1.7820652518315776e+17 1.7196741287742157e+17 1.6218968767376202e+17 1.5527760579058995e+17 1.5165676469718387e+17 1.4789296039809856e+17 1.4394912707966341e+17 1.3977104199388022e+17 1.3527447475399811e+17 1.246301588711503e+17 1.175932972299029e+17 1.0715152865317819e+17
7090.000993287159 3.8452270182454656e+17 3.6301883199244064e+17 3.407279204675838e+17 3.1760756132294726e+17 2.936184151479621e+17 2.687232925899816e+17 2.4287337536475638e+17 2.295583384479394e+17 2.15942372343762e+17 2.01957461099365e+17 1.9333788548595568e+17 1.874689207266653e+17 1.784294647399811e+17 1.72200906827508e+17 1.6243491365770342e+17 1.5552683684258077e+17 1.519064102279307e+17 1.481416435206023e+17 1.4419510303719126e+17 1.4001200855072317e+17 1.3550721066185125e+17 1.2482815458393568e+17 1.1775168476933805e+17 1.0721241055008808e+17
7110.000996089098 3.875730362284718e+17 3.658783307905132e+17 3.433771276182117e+17 3.2002732419331226e+17 2.9579074989138854e+17 2.706330773713163e+17 2.445107648723049e+17 2.310584234446788e+17 2.1730621503966784e+17 2.0318760552064986e+17 1.9448960218232128e+17 1.885692361476683e+17 1.7945408800968973e+17 1.731760067890125e+17 1.6333699524104352e+17 1.5638087632453446e+17 1.527365115985949e+17 1.4894776957766637e+17 1.4497709570362893e+17 1.4076950382264597e+17 1.3623947097270922e+17 1.2550381201153272e+17 1.1838964201416693e+17 1.0778632919367378e+17
7130.000998891039 3.807119131885656e+17 3.5958287878281344e+17 3.376849459191397e+17 3.149770530136996e+17 2.914203483212006e+17 2.669764641351538e+17 2.415918004519331e+17 2.2851143888675315e+17 2.151285193603233e+17 2.0137162277343005e+17 1.9288454229146656e+17 1.8710133360082182e+17 1.7818549283100435e+17 1.7203516349626035e+17 1.623783487195413e+17 1.5553599880965536e+17 1.519456848651642e+17 1.4820874431783232e+17 1.4428721393521382e+17 1.401254847860512e+17 1.3563699267088773e+17 1.2496131582660622e+17 1.1784943947882331e+17 1.0717371844670765e+17
7150.001001692978 3.742174026436846e+17 3.5348714162414746e+17 3.320233063322653e+17 3.0978947549422285e+17 2.8675176841428432e+17 2.628769493661422e+17 2.3811608582934115e+17 2.2536936433589974e+17 2.123351749174125e+17 1.989427198861416e+17 1.9068230501643338e+17 1.8505378775017466e+17 1.7637579860002333e+17 1.703882605288063e+17 1.6098268795044835e+17 1.5431298557686912e+17 1.5081063898646944e+17 1.4716278098312355e+17 1.4333143411815974e+17 1.3926093307655558e+17 1.3486459504972627e+17 1.2437527831897872e+17 1.1735828264886736e+17 1.0678955736684139e+17
7170.0010044949195 3.826186676446846e+17 3.6157424884303494e+17 3.397462984414168e+17 3.17090047776816e+17 2.935621485344882e+17 2.6911897044456918e+17 2.4370096240017322e+17 2.3058925943876515e+17 2.1716438709418976e+17 2.033546365382335e+17 1.9483072080315942e+17 1.890209577184244e+17 1.8006261282110586e+17 1.738824753531688e+17 1.6417959572289898e+17 1.5730648354558947e+17 1.537011352999805e+17 1.4994966525162512e+17 1.4601444172301786e+17 1.4184038466865666e+17 1.3734184798363267e+17 1.266621439362602e+17 1.1957093019440683e+17 1.089795205715657e+17
7190.001007296848 3.704512204585004e+17 3.5029089904025824e+17 3.294098502112392e+17 3.0776588079240134e+17 2.8531623584271574e+17 2.6201390527804166e+17 2.3778915692697747e+17 2.2528782566005626e+17 2.1247780906904797e+17 1.9928302597141536e+17 1.9112612885618496e+17 1.855595522869411e+17 1.7696287695969258e+17 1.7102119728193098e+17 1.61670698873056e+17 1.550277807780104e+17 1.5153564113163734e+17 1.478958046841512e+17 1.4407031404887216e+17 1.400036686300338e+17 1.3560969648929834e+17 1.2512871154788146e+17 1.1813439404314013e+17 1.0766802096329245e+17
7210.001010098789 3.755873193460068e+17 3.5504368221477696e+17 3.337435326677598e+17 3.1164401992271194e+17 2.8870376351653965e+17 2.6488110352989597e+17 2.4011824461131446e+17 2.2734748284522186e+17 2.1427247958627302e+17 2.008213275031514e+17 1.925165476455371e+17 1.8685440194478397e+17 1.7811949209563757e+17 1.7208938451867885e+17 1.6261237885190448e+17 1.558896201141471e+17 1.523590697304005e+17 1.486819496025265e+17 1.44820448555431e+17 1.4071929939871283e+17 1.3629273175522866e+17 1.2575611920091752e+17 1.1874416455343029e+17 1.082793712933876e+17
7230.001012900729 3.8462509513400416e+17 3.6366766029433683e+17 3.4191394067520954e+17 3.19315544003962e+17 2.958246321451271e+17 2.713923481839363e+17 2.4595344722537142e+17 2.3281763852042096e+17 2.1935877361713888e+17 2.0550481953270864e+17 1.9694944893762467e+17 1.9111669450139347e+17 1.8212095975196032e+17 1.7591410279349338e+17 1.6616897320298093e+17 1.5926693802036397e+17 1.556472730449772e+17 1.5188191679913645e+17 1.479336890835835e+17 1.4374828650179e+17 1.3924148596995008e+17 1.2856944808898363e+17 1.2151840867075203e+17 1.1107234197107776e+17
7250.001015702669 3.831235058658045e+17 3.6220610353726944e+17 3.404963784213155e+17 3.179478406958152e+17 2.9451530154703725e+17 2.701536115512467e+17 2.4480252932619686e+17 2.317190881978943e+17 2.183194906542207e+17 2.0453261838813136e+17 1.9602154701333488e+17 1.9022004974010688e+17 1.8127367904016682e+17 1.7510121728612522e+17 1.654092515616965e+17 1.5854294502434544e+17 1.5494088532576246e+17 1.511927058202353e+17 1.472609397260618e+17 1.4309087211234082e+17 1.3859767911562418e+17 1.2794371636596346e+17 1.208944964657637e+17 1.1044975049239338e+17
7270.0010185046085 3.8478656003329434e+17 3.638276959701612e+17 3.420765474936467e+17 3.194868286651556e+17 2.9601345139066234e+17 2.7161108702168733e+17 2.4621914425467325e+17 2.3311499827496237e+17 2.1969438149437773e+17 2.0588616017627434e+17 1.9736221871889542e+17 1.915521954080002e+17 1.8259335526635997e+17 1.7641301393513613e+17 1.6671055604589302e+17 1.598388388052469e+17 1.5623484573873098e+17 1.5248546494909434e+17 1.4855347315963082e+17 1.4438451970242672e+17 1.3989434281071693e+17 1.2925669989692835e+17 1.2222645212962474e+17 1.1182298288155117e+17
7290.001021306549 3.769156801222328e+17 3.5668513474363584e+17 3.3570079918044806e+17 3.139163381178865e+17 2.912842813680549e+17 2.677530210026742e+17 2.4324869125454045e+17 2.3058761477917818e+17 2.1760433144908813e+17 2.04222797211212e+17 1.9594752028302125e+17 1.902994962702632e+17 1.8157714712815197e+17 1.75549687041273e+17 1.6606870777487475e+17 1.5933911505700486e+17 1.5580449770172064e+17 1.52123397145639e+17 1.4825866653942774e+17 1.4415611791859347e+17 1.3973182598929773e+17 1.2922821954938389e+17 1.2227262772542526e+17 1.1197166667872275e+17
7310.001024108488 3.820928659623751e+17 3.6141882448202656e+17 3.3996667153570854e+17 3.176910692691472e+17 2.9454791259036576e+17 2.704921883881561e+17 2.4546184548684032e+17 2.3254287435252083e+17 2.1930913743362282e+17 2.056882237438091e+17 1.9727621586710947e+17 1.9154039947779354e+17 1.826919611785864e+17 1.7658445191176362e+17 1.6698982810580045e+17 1.6018894494833366e+17 1.566200500280432e+17 1.5290557683757632e+17 1.4900835248134234e+17 1.4487412703389558e+17 1.4041885348454392e+17 1.2985411637624386e+17 1.228666699833305e+17 1.1252930794335453e+17
7330.001026910419 3.7776183851457606e+17 3.5741451370660045e+17 3.36309588241141e+17 3.144040209054783e+17 2.9165513723226214e+17 2.6801881755897808e+17 2.4343214991596074e+17 2.3074325952504592e+17 2.1774422361231e+17 2.0436167496960515e+17 1.9609398093587504e+17 1.904547500388203e+17 1.81751521828779e+17 1.7574088828726723e+17 1.6629136261379062e+17 1.595867681641957e+17 1.5606576903132166e+17 1.5239895650446237e+17 1.485490806770599e+17 1.444618094554352e+17 1.4005301495737418e+17 1.2958010065423312e+17 1.2264019868604904e+17 1.1236368801571893e+17
7350.001029712358 3.799085166313296e+17 3.5938477520031546e+17 3.380934698087344e+17 3.1599115457014995e+17 2.930362384895021e+17 2.6918635769380957e+17 2.4438244394236022e+17 2.3158524480863654e+17 2.1847939249409878e+17 2.049925545505021e+17 1.9666396365062618e+17 1.9098497894724154e+17 1.822235430648217e+17 1.761751199578651e+17 1.6667047384320592e+17 1.599301038198289e+17 1.5639144584058582e+17 1.5270705729517142e+17 1.4883960342920173e+17 1.4473460157941664e+17 1.4030766094030442e+17 1.2979478745649078e+17 1.228298803702564e+17 1.1251806872322691e+17
7370.0010325142985 3.842929166606928e+17 3.636386677453771e+17 3.421981645242561e+17 3.1992454107399795e+17 2.9677135046202125e+17 2.726906846937242e+17 2.4761692208561632e+17 2.346680201003724e+17 2.2139816461930355e+17 2.0773452134661606e+17 1.992935952040519e+17 1.9353714326993626e+17 1.8465580292907222e+17 1.7852518074605837e+17 1.688945685947011e+17 1.6206935281610534e+17 1.584884523207598e+17 1.5476229398238538e+17 1.5085397465041782e+17 1.4670968230228646e+17 1.422461339269538e+17 1.3167779894062694e+17 1.247066859988701e+17 1.1443351322348472e+17
7390.001035316238 3.7705656019491174e+17 3.5706104916581984e+17 3.36308310262704e+17 3.1475054604327354e+17 2.923385415679898e+17 2.6901855373592646e+17 2.4471418244323805e+17 2.3214805962955357e+17 2.1925605511434368e+17 2.059622273237384e+17 1.9773806126449904e+17 1.9212361900382173e+17 1.8345123801890083e+17 1.7745708124723018e+17 1.6802674523457325e+17 1.6133200210734448e+17 1.5781537700877632e+17 1.5415281519915664e+17 1.503073619899873e+17 1.4622512440640928e+17 1.418226933417717e+17 1.3137285496870638e+17 1.2445849477292314e+17 1.1424224254108298e+17
7410.001038118179 3.730719325899236e+17 3.5347408776990566e+17 3.3312445563278816e+17 3.119728187133377e+17 2.899666324583486e+17 2.6704757147062282e+17 2.4313285881036944e+17 2.3075485135131517e+17 2.1804504973905075e+17 2.049262967513301e+17 1.968032402778399e+17 1.9125439367513994e+17 1.8267734082404618e+17 1.7674446635786374e+17 1.6740193931904934e+17 1.607622738157004e+17 1.572718487329439e+17 1.5363437860284586e+17 1.4981267717449472e+17 1.4575252870611082e+17 1.4137006662891925e+17 1.309508636982881e+17 1.240449017354768e+17 1.138317684294911e+17
7430.001040920119 3.7956505192124397e+17 3.595198655968479e+17 3.3869766598912403e+17 3.17048064981121e+17 2.9451921759403366e+17 2.7105464493702557e+17 2.465763968613055e+17 2.339124210198088e+17 2.209156945115881e+17 2.0751091010117994e+17 1.9921756974251053e+17 1.9355607162502637e+17 1.8481189440441613e+17 1.7876918144690074e+17 1.6926518624051658e+17 1.6252092837753677e+17 1.589794581064343e+17 1.5529201070264483e+17 1.514216417792116e+17 1.4731447047779184e+17 1.4288709261775182e+17 1.3238718576955376e+17 1.2544714989258691e+17 1.1520152284941582e+17
7450.001043722049 3.785590952193017e+17 3.5855631473108845e+17 3.377885365567941e+17 3.1620786743017446e+17 2.93765737968273e+17 2.704100364435068e+17 2.4606663727072406e+17 2.3348087436099683e+17 2.205698753024269e+17 2.0725811366933984e+17 1.9902384347028778e+17 1.934029447813319e+17 1.8472117294828605e+17 1.78720861455015e+17 1.6928115317658928e+17 1.6257978415959414e+17 1.590596386388278e+17 1.553933653832475e+17 1.515439623790346e+17 1.474574907146942e+17 1.4305050406035274e+17 1.3259072556218122e+17 1.2567171440678064e+17 1.1545394898894731e+17
7470.001046523989 3.820537252270228e+17 3.6182770261653594e+17 3.4081569245627354e+17 3.189684389487035e+17 2.962373044868303e+17 2.72570706287803e+17 2.478981688517091e+17 2.3514282981089e+17 2.2206026872707862e+17 2.0857585433899853e+17 2.0023768274083923e+17 1.9454736877149645e+17 1.8576103381566877e+17 1.796904685468677e+17 1.7014393045638093e+17 1.633697606101182e+17 1.59812518480875e+17 1.561085448938953e+17 1.5222070557025594e+17 1.4809489656174544e+17 1.4364744546467096e+17 1.3310183549410728e+17 1.2613558593167002e+17 1.15861780808573e+17
7490.001049325929 3.79471105089742e+17 3.5951135169804026e+17 3.387791448606596e+17 3.172258780830557e+17 2.9480243971000666e+17 2.714550649214485e+17 2.4710823695742134e+17 2.3451539602474646e+17 2.215928528470962e+17 2.082639845985656e+17 2.0001606176459264e+17 1.9438432851185987e+17 1.8568315132230634e+17 1.796673960689904e+17 1.7019979955923363e+17 1.634759338348169e+17 1.5994310233749405e+17 1.562630225330908e+17 1.5239854210165942e+17 1.482955257648375e+17 1.43870270867011e+17 1.3336705079322536e+17 1.2642087293304528e+17 1.1616702061415227e+17
7510.001052127869 3.813523832274208e+17 3.6138578396289114e+17 3.406367507011736e+17 3.1905353884915616e+17 2.9658387832788525e+17 2.7317028734066608e+17 2.4873266378874874e+17 2.3608358295937888e+17 2.230966657727174e+17 2.0969456758482422e+17 2.0139817828772362e+17 1.9573212490336166e+17 1.869764500575756e+17 1.8092233236764432e+17 1.7139438020526218e+17 1.6462881981762547e+17 1.6107494455778064e+17 1.573739057451708e+17 1.5348883240596765e+17 1.4936604901546602e+17 1.4492264327170006e+17 1.3439535957694338e+17 1.2745341758171858e+17 1.1724001091154877e+17
7530.001054929809 3.838265990555674e+17 3.637515829505203e+17 3.428786781100629e+17 3.2115438457504275e+17 2.985236842428023e+17 2.7492661022903184e+17 2.5028203283968352e+17 2.375212581516217e+17 2.2441796213076826e+17 2.108960058480987e+17 2.0252661213942022e+17 1.9681168992264954e+17 1.879826746614104e+17 1.8187982481163088e+17 1.72279277979252e+17 1.6546578792788877e+17 1.618881161096503e+17 1.5816340757179094e+17 1.542547887763136e+17 1.501085990195363e+17 1.4564192478742406e+17 1.3506855798947474e+17 1.2810386288795784e+17 1.1786775901076818e+17
7550.001057731749 3.853374274371099e+17 3.6520170693753683e+17 3.4426305793679955e+17 3.224663171649476e+17 2.9975663978533696e+17 2.7607344130689014e+17 2.5133539444727606e+17 2.3852501297935488e+17 2.253703646965751e+17 2.1179531122603725e+17 2.033932221603354e+17 1.9765617920892298e+17 1.8879352374211677e+17 1.8266797832148448e+17 1.7303316971062928e+17 1.6619689007968918e+17 1.6260791752521984e+17 1.5887203178420637e+17 1.5495242232572883e+17 1.5079549891751254e+17 1.4631846787851597e+17 1.3572604731800147e+17 1.2875256487792672e+17 1.1850493948750016e+17
7570.001060533678 3.825067485121961e+17 3.626281945021081e+17 3.4196048868783565e+17 3.204507243644675e+17 2.980426645403715e+17 2.746753832318231e+17 2.502638826675605e+17 2.3761884803457146e+17 2.246292113871042e+17 2.112171601808138e+17 2.0291110797304243e+17 1.9723705855507824e+17 1.884669881612598e+17 1.8240165297311837e+17 1.7285440900201878e+17 1.660742530532296e+17 1.625125269191264e+17 1.5880325486691936e+17 1.5490953777607427e+17 1.5077767810721853e+17 1.463247235090124e+17 1.3577663308678304e+17 1.2882293652290181e+17 1.1859454608260029e+17
7590.001063335619 3.812796271717851e+17 3.614865147366672e+17 3.4090590470272454e+17 3.1948502400660634e+17 2.971691107458945e+17 2.7389774399708672e+17 2.495875834092046e+17 2.3699574738993434e+17 2.240612002074168e+17 2.1070630037538742e+17 2.0243561091685475e+17 1.967855791192996e+17 1.880521597009094e+17 1.8201159710121472e+17 1.725016993154904e+17 1.6574618121365155e+17 1.6219649052527242e+17 1.5849888470814342e+17 1.5461624641535075e+17 1.5049451844730813e+17 1.4605013458707766e+17 1.3550862679570234e+17 1.2854430666837469e+17 1.1827040479943998e+17
7610.001066137558 3.809626763567702e+17 3.61276829099025e+17 3.408078121578535e+17 3.1950200934013376e+17 2.973028541171908e+17 2.74147622405367e+17 2.499485942959873e+17 2.3740847769762688e+17 2.2452182023532976e+17 2.1120983985065034e+17 2.0296211208214144e+17 1.9732615690788634e+17 1.8861196759993014e+17 1.825830256725239e+17 1.7308894039383664e+17 1.663430737648873e+17 1.6279800212063875e+17 1.591049064398296e+17 1.5522668238937792e+17 1.5110926244215616e+17 1.466690193696894e+17 1.3613406530012782e+17 1.2916948818331762e+17 1.1888272739552035e+17
7630.001068939499 3.8351497268956006e+17 3.637083920981812e+17 3.4310156212653165e+17 3.216385974705438e+17 2.9926115788152576e+17 2.7590477737939654e+17 2.5148203722618442e+17 2.3882256308203e+17 2.2581252664903178e+17 2.1237433802701293e+17 2.0405000048703197e+17 1.9836270596615354e+17 1.8957120293884374e+17 1.8349048926364176e+17 1.739182713264845e+17 1.671198670771201e+17 1.6354836043071952e+17 1.5982870820380368e+17 1.5592381285856813e+17 1.517796345205169e+17 1.473126129360337e+17 1.3672480112995954e+17 1.297350487993082e+17 1.1942401242703427e+17
7650.001071741439 3.8297894492649434e+17 3.632868466115087e+17 3.427958505720186e+17 3.214493864053416e+17 2.991878397461978e+17 2.7594534700484915e+17 2.5163174111107584e+17 2.3902389852227587e+17 2.2606268105170483e+17 2.1266972952266922e+17 2.0437049086844374e+17 1.986989731723699e+17 1.8992959155003936e+17 1.8386255068190496e+17 1.7430915883342298e+17 1.6752217412238582e+17 1.639560390598819e+17 1.6024154262924918e+17 1.563415980256816e+17 1.522021854947396e+17 1.4773977897287795e+17 1.371610894838098e+17 1.3017625178880874e+17 1.1987061402669786e+17
7670.001074543379 3.6755428888548064e+17 3.488370572757919e+17 3.293899880709965e+17 3.091634190507747e+17 2.8810428038599485e+17 2.66151845380231e+17 2.4321755981912627e+17 2.3133173757716992e+17 2.1911278316500202e+17 2.064810150339426e+17 1.9864713927025866e+17 1.9328944020074902e+17 1.84996230309321e+17 1.7925040196833494e+17 1.7018473063073034e+17 1.637268033887122e+17 1.60326248184717e+17 1.5677786170049254e+17 1.5304429690252778e+17 1.490710618920084e+17 1.4477375608279443e+17 1.3451341022779952e+17 1.2766983841233398e+17 1.1746309796195074e+17
7690.001077345319 3.824514666423365e+17 3.628997360508805e+17 3.425485490017175e+17 3.2134047891136614e+17 2.992150949105539e+17 2.7610497915555792e+17 2.5191784486840954e+17 2.3936996698002125e+17 2.2646601495965344e+17 2.131272421949094e+17 2.0485898938167834e+17 1.9920753536565696e+17 1.9046751715401894e+17 1.844197125787173e+17 1.74895104498927e+17 1.681276242174307e+17 1.6457145484659286e+17 1.6086712045106266e+17 1.569775664427786e+17 1.5284876809990458e+17 1.4839710365361613e+17 1.3783813203825634e+17 1.308574828062466e+17 1.2053303952094603e+17
7710.001080147249 3.751911434736786e+17 3.560570922183597e+17 3.361555388435041e+17 3.154324373378388e+17 2.938300204026654e+17 2.7128347170391645e+17 2.4770196793704326e+17 2.354728009763828e+17 2.228979438688157e+17 2.0989830613310733e+17 2.0183808240054154e+17 1.9632708650442685e+17 1.8780009898651798e+17 1.818956034881265e+17 1.7258700880298486e+17 1.6596324473941526e+17 1.6247839876327184e+17 1.5884469186012042e+17 1.5502467480545862e+17 1.5096373603578688e+17 1.465773341357523e+17 1.3613365290182458e+17 1.2919408768641128e+17 1.1887932213929877e+17
7730.0010829491885 3.797034233818429e+17 3.603589001696732e+17 3.402308381195594e+17 3.1926340412447366e+17 2.973967519534755e+17 2.7456381236662832e+17 2.5067094346808544e+17 2.3827550089208448e+17 2.2552632024949456e+17 2.1234327726573178e+17 2.0416810082653386e+17 1.9857820665078102e+17 1.8992915908089002e+17 1.8394062319002662e+17 1.74501548712222e+17 1.6778758351447914e+17 1.6425659860345117e+17 1.605760325173058e+17 1.5670841567963798e+17 1.525991351148169e+17 1.481636779266767e+17 1.3762024773544565e+17 1.3063081658273378e+17 1.202692629401971e+17
7750.001085751129 3.749022691636044e+17 3.5597473834748314e+17 3.3627996403843955e+17 3.1576147880770016e+17 2.943582024088783e+17 2.7200008105469104e+17 2.4858866389427462e+17 2.3643430069471066e+17 2.2392516487796947e+17 2.1098028138379226e+17 2.029468507158668e+17 1.9745093918136378e+17 1.889421911077795e+17 1.8304680342222986e+17 1.7374712482548234e+17 1.6712606520617286e+17 1.6364158102313546e+17 1.6000756606991555e+17 1.5618656212281024e+17 1.5212394902880934e+17 1.477351742444038e+17 1.372846038591402e+17 1.3034050869260755e+17 1.2002104076178658e+17
7770.001088553068 3.84756727034976e+17 3.652514191789043e+17 3.449214894999574e+17 3.23706256037904e+17 3.015416882309174e+17 2.7835722832673725e+17 2.540582822253561e+17 2.4144030978925552e+17 2.2845698901143952e+17 2.1502982345065382e+17 2.067042367818633e+17 2.0101273579100912e+17 1.9220971526274435e+17 1.861177488622245e+17 1.7652301100197802e+17 1.6970552703522698e+17 1.6612311688702134e+17 1.6239153579468208e+17 1.58473540023605e+17 1.5431483956153258e+17 1.498314238008455e+17 1.39200234808914e+17 1.3217459066599002e+17 1.217840893348515e+17
7790.001091355009 3.825272795705176e+17 3.631586073374623e+17 3.429844025828952e+17 3.2194503195958925e+17 2.9997714034201824e+17 2.7700991961392454e+17 2.5294738933789078e+17 2.404538940990385e+17 2.2759842176657037e+17 2.1430165008493853e+17 2.0605505319246554e+17 2.00416336222722e+17 1.9169234108330384e+17 1.8565271621884016e+17 1.7613534489886045e+17 1.693681044050587e+17 1.65810193048253e+17 1.6210254693503958e+17 1.582077711557799e+17 1.5407137732295827e+17 1.4960909406342378e+17 1.3901533517056472e+17 1.3200578692627432e+17 1.216343801480802e+17
7810.001094156948 3.821952360445787e+17 3.6292331498327155e+17 3.428524280720354e+17 3.219228479288668e+17 3.0007041569395424e+17 2.772225583387835e+17 2.532791898766328e+17 2.408429981951157e+17 2.2804167685889955e+17 2.1479448744183587e+17 2.0657492168170096e+17 2.0095296260492458e+17 1.9225222175318288e+17 1.8622691919662608e+17 1.767296943587912e+17 1.6997553388277373e+17 1.664243085378077e+17 1.6272364043034954e+17 1.588363534947226e+17 1.5470829400952547e+17 1.5025571172027142e+17 1.396897217963028e+17 1.3270358383174984e+17 1.2237570130109802e+17
7830.001096958878 3.765832002243903e+17 3.577326591016734e+17 3.381058499475366e+17 3.1764443431817894e+17 2.962856415336127e+17 2.739569899368158e+17 2.505572097175259e+17 2.384009988296606e+17 2.2588431413223648e+17 2.1292565841660605e+17 2.0488077485918643e+17 1.9937582603710083e+17 1.908512981400156e+17 1.8494384692568797e+17 1.7562368291003907e+17 1.6898740042891158e+17 1.6549488306865098e+17 1.618526147972162e+17 1.5802322568306464e+17 1.5395224895119622e+17 1.49555415182369e+17 1.390924262673908e+17 1.3214804558677843e+17 1.2184380397581027e+17
7850.001099760818 3.786627045797679e+17 3.596863711732172e+17 3.3992037184484704e+17 3.193056501297556e+17 2.977790166620725e+17 2.7526867970670656e+17 2.5167513464404675e+17 2.3941863794825926e+17 2.2680024813039626e+17 2.137392686831462e+17 2.056330126255998e+17 2.0008728246837216e+17 1.9150186439585296e+17 1.8555405942526838e+17 1.761736691279677e+17 1.6949723704512272e+17 1.6598451456215658e+17 1.6232183183413757e+17 1.5847165953894115e+17 1.54379266491414e+17 1.4995992340525987e+17 1.3944417435826883e+17 1.3246278300078752e+17 1.2209425864380053e+17
7870.001102562758 3.827702882283065e+17 3.6354168208918016e+17 3.43509308592824e+17 3.2261411300399123e+17 3.007933068258641e+17 2.7797625150640506e+17 2.5406587036414845e+17 2.4164810028218707e+17 2.2886696927351597e+17 2.1564181133795386e+17 2.0743616053039952e+17 2.0182363733761936e+17 1.9313698411255443e+17 1.8712080544757126e+17 1.776363373596103e+17 1.7088967720909162e+17 1.6734179394470464e+17 1.636441490767624e+17 1.5975954814377818e+17 1.5563383701953354e+17 1.511833189011934e+17 1.4062144495896136e+17 1.3363865871830138e+17 1.2331805597320962e+17
7890.001105364698 3.797221799986848e+17 3.606266272410431e+17 3.407480392614134e+17 3.200322543200322e+17 2.984221002315797e+17 2.7585389327972045e+17 2.522375992727005e+17 2.3998574239247427e+17 2.2738373833730512e+17 2.143508512475978e+17 2.0626666868947635e+17 2.0073755360505693e+17 1.9217943663378122e+17 1.862510734685071e+17 1.769011075065062e+17 1.7024556417658045e+17 1.667434918476147e+17 1.630916861830479e+17 1.5925277566306746e+17 1.5517233085004288e+17 1.5076617023425344e+17 1.4028565308881224e+17 1.3333319039784477e+17 1.230190906960446e+17
7910.001108166639 3.7410420145753363e+17 3.5536457533914445e+17 3.35873734727176e+17 3.155805100983462e+17 2.944305946827931e+17 2.7236163122521136e+17 2.4928304908579942e+17 2.3731317138086224e+17 2.250004354907339e+17 2.1226262368830854e+17 2.0435745966720493e+17 1.9894818774846317e+17 1.9057017399894938e+17 1.847617468008309e+17 1.7559056682292842e+17 1.6905253558180285e+17 1.6560829619789104e+17 1.6201338989627402e+17 1.5823006973136458e+17 1.5420333100055165e+17 1.4984808038416653e+17 1.3945338587757248e+17 1.3252673125702192e+17 1.2220891708975574e+17
7930.001110968578 3.685763612436562e+17 3.504242386618303e+17 3.3154051552399494e+17 3.118726204351045e+17 2.913626714300958e+17 2.6994185767920387e+17 2.47507319571616e+17 2.3585211001664355e+17 2.2384507457074397e+17 2.1140043381181056e+17 2.0366375236290032e+17 1.983633304131633e+17 1.9014305677986384e+17 1.844360407577462e+17 1.7541157591810195e+17 1.6896819507129994e+17 1.6557057867199597e+17 1.6202202762765104e+17 1.582850502560834e+17 1.543050395656933e+17 1.499975698751607e+17 1.3970772766383621e+17 1.3284681884960678e+17 1.2262773039756544e+17
7950.001113770509 3.6622138279263546e+17 3.480848369753514e+17 3.29234147768729e+17 3.096207086386319e+17 2.8919201445616384e+17 2.6788579228798957e+17 2.4560705706077955e+17 2.340479029377967e+17 2.221504023299013e+17 2.0982972898501626e+17 2.021746459880308e+17 1.969316826424811e+17 1.8880214189726176e+17 1.8315852575512672e+17 1.74232956353947e+17 1.6785723079462333e+17 1.6449352662453622e+17 1.6097857343075683e+17 1.5727440483003766e+17 1.5332564945409574e+17 1.490465817025055e+17 1.387931520123358e+17 1.3192435679386242e+17 1.2164089234327006e+17
7970.001116572449 3.7746640643586464e+17 3.586949652227666e+17 3.391519314595778e+17 3.18782722557391e+17 2.975289421841823e+17 2.7532399574559898e+17 2.5207279083580464e+17 2.4000153033189254e+17 2.2757690634384586e+17 2.14716400766393e+17 2.0673250985572726e+17 2.0126871472270435e+17 1.9280604335163674e+17 1.869395090592704e+17 1.7767954005956272e+17 1.7108225034409005e+17 1.6760885853473437e+17 1.6398551738760733e+17 1.6017496443728067e+17 1.561229616350843e+17 1.5174567746197667e+17 1.4132780883836403e+17 1.3441483496143242e+17 1.241642759365829e+17
7990.0011193743885 3.75825445028486e+17 3.5710905600237626e+17 3.37631585799592e+17 3.1734081672383264e+17 2.961814503428025e+17 2.7409018973308346e+17 2.5097564047444214e+17 2.3898253632093322e+17 2.2664332166700435e+17 2.138761327013843e+17 2.05952278379926e+17 2.0053028386255366e+17 1.9213305900633357e+17 1.863120053431856e+17 1.7712278273271955e+17 1.7057393301204106e+17 1.671248946049631e+17 1.635257653675865e+17 1.5973899433473395e+17 1.5570986024532573e+17 1.513537174640209e+17 1.4096568401472568e+17 1.3405201184957206e+17 1.2376865421107008e+17
8010.001122176329 3.72710404653166e+17 3.543706513206308e+17 3.3527732735484576e+17 3.153759943840712e+17 2.946071862058462e+17 2.7290241548033718e+17 2.5016155317264986e+17 2.3834683879405398e+17 2.2617789904805635e+17 2.1357076407990518e+17 2.0573712966155683e+17 2.0037255939679328e+17 1.920571122411061e+17 1.8628750983394448e+17 1.7717075584876925e+17 1.7066714636277968e+17 1.6723989795828166e+17 1.6366211743682954e+17 1.5989640448708333e+17 1.558883258321215e+17 1.515537659492337e+17 1.4121601584844627e+17 1.343395515918919e+17 1.2412610122124576e+17
8030.001124978268 3.739966202057771e+17 3.555961336812285e+17 3.3643484256239194e+17 3.164566347213243e+17 2.956003459831778e+17 2.737952048925364e+17 2.5094012599498054e+17 2.3906330839114934e+17 2.2682944936664102e+17 2.1415553641531523e+17 2.0628148477237178e+17 2.0089005438610518e+17 1.925347394721557e+17 1.8673906807442294e+17 1.7758432120273718e+17 1.710562992909672e+17 1.676171358943617e+17 1.640276107303292e+17 1.6025026886345232e+17 1.5623055110866214e+17 1.5188409440616918e+17 1.4151909326503272e+17 1.346232684575297e+17 1.2437581780944341e+17
8050.001127780209 3.703576480027722e+17 3.522562246582515e+17 3.3340990460367046e+17 3.137632101932438e+17 2.9325580370530534e+17 2.718158702236678e+17 2.4933868501778384e+17 2.3765317529803882e+17 2.256101783167768e+17 2.1312439923519635e+17 2.0536079942110896e+17 2.0004161279818566e+17 1.917920795705741e+17 1.860648929754193e+17 1.770093405510006e+17 1.7054489061423853e+17 1.6713673744990666e+17 1.6357773392695798e+17 1.5983051156873168e+17 1.5584068031384806e+17 1.515242170305357e+17 1.4122322471144166e+17 1.3436716722395302e+17 1.2418130964288765e+17
8070.001130582138 3.728929910161042e+17 3.545156465828996e+17 3.353868545894154e+17 3.154530068354986e+17 2.946567312578663e+17 2.7293116110064592e+17 2.501793039553089e+17 2.3836421514486266e+17 2.2619924210371008e+17 2.1360140763256598e+17 2.0577627899840534e+17 2.0041870208589667e+17 1.921157179995178e+17 1.8635565367969978e+17 1.77254458602502e+17 1.7076115192327968e+17 1.6733856015608144e+17 1.6376469246372445e+17 1.6000163993353366e+17 1.559941394038784e+17 1.5165668103791645e+17 1.4128999198673862e+17 1.3437018033268453e+17 1.2405011768230054e+17
8090.0011333840785 3.667734000227198e+17 3.4889407116316486e+17 3.302943431924416e+17 3.10922859846363e+17 2.907234051919582e+17 2.696288188174573e+17 2.4753836409357238e+17 2.360627578134862e+17 2.242410417235241e+17 2.119879886590918e+17 2.0436961342759418e+17 1.991495778606749e+17 1.9105230826078144e+17 1.8542901224536042e+17 1.7653278949009408e+17 1.701766540867299e+17 1.668231253095586e+17 1.6331890709287853e+17 1.5962640950049376e+17 1.556908665741746e+17 1.51427567441928e+17 1.4122261412771837e+17 1.3439933442014379e+17 1.242105115373251e+17
8110.001136186018 3.6979707158405875e+17 3.5166556788668634e+17 3.328053225500869e+17 3.1316720048548966e+17 2.9269859910479686e+17 2.7133782101107728e+17 2.4899174049381533e+17 2.3739505854314506e+17 2.2545807499207203e+17 2.130962609282823e+17 2.0541578626765808e+17 2.0015560333517834e+17 1.9199981491537568e+17 1.863384853146586e+17 1.7738638996978746e+17 1.7099360533738266e+17 1.6762190111473277e+17 1.6409960328499747e+17 1.603891321775779e+17 1.5643575184693568e+17 1.521548083340377e+17 1.4191553186823923e+17 1.350755422973006e+17 1.2486760061535102e+17
8130.001138987959 3.73602698784632e+17 3.5530969713939744e+17 3.362634855203911e+17 3.16411506412082e+17 2.9569735255478816e+17 2.7405601929030272e+17 2.5139224759559782e+17 2.3962283313879814e+17 2.2750432286198656e+17 2.149528992557412e+17 2.071551177254609e+17 2.0181538202350618e+17 1.935384194804395e+17 1.8779522366809997e+17 1.7871913411807277e+17 1.722434360639012e+17 1.6883047374792093e+17 1.6526728571359798e+17 1.6151659322922784e+17 1.5752414170482214e+17 1.532060986892942e+17 1.4290594024095998e+17 1.3605184321742202e+17 1.258628424751131e+17
8150.001141789899 3.7274805540692224e+17 3.545730937750274e+17 3.356485696611136e+17 3.159215620638767e+17 2.953346533408624e+17 2.7382079779903018e+17 2.512818578454871e+17 2.3957246724879117e+17 2.275114951033549e+17 2.1501440081417462e+17 2.0724742966706074e+17 2.0192742683670714e+17 1.9367885847217296e+17 1.8795381245921936e+17 1.789039390341416e+17 1.7244523501780595e+17 1.690407137659663e+17 1.654860005098988e+17 1.617438991132643e+17 1.5776028761177757e+17 1.5345155194715706e+17 1.431734165856966e+17 1.3633488747132538e+17 1.261725393864579e+17
8170.001144591839 3.722667998586396e+17 3.541608399222927e+17 3.353046889694477e+17 3.156445400648594e+17 2.9512226976807066e+17 2.7367035942477725e+17 2.5119020856126608e+17 2.395092959238588e+17 2.2747666539978602e+17 2.1500841609779728e+17 2.0725940724301946e+17 2.0195182992309738e+17 1.9372283266996992e+17 1.880116325857397e+17 1.7898406144209955e+17 1.7254147938366157e+17 1.69145465531828e+17 1.6559958624898538e+17 1.6186666992948022e+17 1.578926134948619e+17 1.5359381319724288e+17 1.433366693041422e+17 1.3650936532515979e+17 1.2636092029863918e+17
8190.001147393778 3.522217669945099e+17 3.3546673197763546e+17 3.1805332701973594e+17 2.999351688200998e+17 2.810606477439363e+17 2.6136552070242944e+17 2.4074854006955622e+17 2.30035896483533e+17 2.1899318960238704e+17 2.0753445046119645e+17 2.0040000930555834e+17 1.955059025486702e+17 1.8790315648853776e+17 1.8261394354838134e+17 1.7422717008012045e+17 1.6821767566344845e+17 1.650400707572137e+17 1.617137990307934e+17 1.5820153634144986e+17 1.544488403950983e+17 1.5037143367917363e+17 1.4055085153496021e+17 1.3393157845893475e+17 1.2397298416985629e+17
8210.001150195709 3.625115360646899e+17 3.452115802226805e+17 3.27199856470833e+17 3.084210124325797e+17 2.888135985695486e+17 2.683025117715942e+17 2.467756509006326e+17 2.355698402890318e+17 2.2400697671451773e+17 2.1199960017105043e+17 2.0452131917376733e+17 1.9939135316315792e+17 1.914238520120471e+17 1.8588327651192144e+17 1.771049080699959e+17 1.7082260669426624e+17 1.6750430372335683e+17 1.6403396352569715e+17 1.603737253441592e+17 1.5646839564461066e+17 1.5223256268423043e+17 1.4206828329933933e+17 1.3525060197218634e+17 1.2503822970229725e+17
8230.001152997647 3.638874772395741e+17 3.4660550590541645e+17 3.28603505704239e+17 3.0982515106317434e+17 2.9020780645518515e+17 2.6967478906686666e+17 2.481122806984037e+17 2.3688277999445437e+17 2.252918777976691e+17 2.132516650817594e+17 2.0575122358965267e+17 2.0060545666149568e+17 1.9261276836265757e+17 1.8705458964791578e+17 1.782494082597241e+17 1.7195012801043978e+17 1.6862422022769766e+17 1.6514739849664275e+17 1.614824760916441e+17 1.575753505374704e+17 1.5334245891184515e+17 1.4321504810917966e+17 1.3645379973207402e+17 1.2637944834584176e+17
8250.00115579959 3.6854456484398816e+17 3.508843275688266e+17 3.3247831269695974e+17 3.132690308208418e+17 2.931933269846724e+17 2.7217700893267613e+17 2.501126223278875e+17 2.3862913774034618e+17 2.267854486102955e+17 2.1449701351149296e+17 2.0685143025005488e+17 2.0161101111828915e+17 1.9348020228831773e+17 1.8783282526370496e+17 1.7889856152009184e+17 1.7251624370896448e+17 1.691495503167528e+17 1.656322217889955e+17 1.6192677659563222e+17 1.5797858793015258e+17 1.5370316065516262e+17 1.4347707520041757e+17 1.366462848701802e+17 1.2645194402167362e+17
8270.001158601528 3.726512764093079e+17 3.5477241948779526e+17 3.361324695414889e+17 3.166729317128999e+17 2.963298452182432e+17 2.750283866742828e+17 2.526610150648751e+17 2.4101935980817827e+17 2.2901315765616954e+17 2.1655770798918624e+17 2.0880963932893654e+17 2.0349989916366726e+17 1.9526357249044163e+17 1.895448708772125e+17 1.8050255286024534e+17 1.7404827767373152e+17 1.706460818881105e+17 1.6709396474771456e+17 1.6335496856767526e+17 1.593753151736444e+17 1.5507193757768547e+17 1.4481337265772093e+17 1.379949804648016e+17 1.2787229621856722e+17
8290.001161403468 3.709044825562863e+17 3.531576688605644e+17 3.346572257833435e+17 3.1534485350713517e+17 2.9515706019690074e+17 2.740187479139416e+17 2.518222225020327e+17 2.40268761418815e+17 2.2835256780201258e+17 2.159888890744269e+17 2.0829680848428598e+17 2.0302480705067866e+17 1.9484570596708733e+17 1.8916560231030102e+17 1.8018176876663517e+17 1.737667270323945e+17 1.7038410786968576e+17 1.668514459674958e+17 1.6313163897524634e+17 1.5917068116001286e+17 1.5488509663215395e+17 1.4465554637774445e+17 1.3784290106258534e+17 1.277053583132767e+17
8310.001164205409 3.6355425366614374e+17 3.462529017604585e+17 3.2823876341434854e+17 3.094586039863706e+17 2.8985361793267494e+17 2.6935223310521206e+17 2.4784644902003376e+17 2.3665667037718826e+17 2.2511396044221206e+17 2.1313108378935514e+17 2.0566965366498573e+17 2.0055183787985885e+17 1.9260394825851277e+17 1.8707740832067834e+17 1.783216546953286e+17 1.7205563031019907e+17 1.6874590594711728e+17 1.652845111647696e+17 1.6163367975088582e+17 1.577383594612477e+17 1.5351336583974387e+17 1.4337473808281168e+17 1.3657254894183938e+17 1.2637417115996942e+17
8330.001167007338 3.575519138140383e+17 3.406542155719858e+17 3.230659475645443e+17 3.0473620601159194e+17 2.856076088925778e+17 2.6561018069150925e+17 2.446374807242954e+17 2.337255739963402e+17 2.224687249215569e+17 2.1078018226727994e+17 2.034998397049168e+17 1.98504849274997e+17 1.9074489627956656e+17 1.8534657954914154e+17 1.767889883161089e+17 1.7066044403053546e+17 1.6742171895603075e+17 1.640333092509291e+17 1.6045799198440806e+17 1.5664154728766637e+17 1.5250010289490352e+17 1.425538426624308e+17 1.3587519810452963e+17 1.2585405917859144e+17
8350.001169809279 3.633365729649419e+17 3.461155846140017e+17 3.2817970732547686e+17 3.094751814021366e+17 2.89941531520152e+17 2.6950594427731462e+17 2.4805996197627587e+17 2.3689802899029165e+17 2.253824610400047e+17 2.1342681293774294e+17 2.059822675350066e+17 2.008761454100906e+17 1.9294676150021446e+17 1.8743343408173232e+17 1.7869932816930515e+17 1.724493877949956e+17 1.6914836973124317e+17 1.6569622644432445e+17 1.6205529479252848e+17 1.5817067444913827e+17 1.5395739816417795e+17 1.438471568350671e+17 1.3706455532137658e+17 1.2689870701032491e+17
8370.001172611219 3.6530472762608544e+17 3.4798229763577165e+17 3.29927518960223e+17 3.1108413481033926e+17 2.913896900609242e+17 2.707697716673045e+17 2.4911608316512458e+17 2.378424031016789e+17 2.2621059724933782e+17 2.141351661318359e+17 2.066174229966008e+17 2.014620586488462e+17 1.9345831197142576e+17 1.8789515837383898e+17 1.7908618342806448e+17 1.7278657579526192e+17 1.6946096272328723e+17 1.6598452839678528e+17 1.6231980152742525e+17 1.584121825237e+17 1.5417722684601174e+17 1.4403231416361214e+17 1.3724284062487122e+17 1.2709041485600989e+17
8390.001175413157 3.4829122813643155e+17 3.3192733601928205e+17 3.1490699893324166e+17 2.971797998740255e+17 2.786891552077637e+17 2.5936309538834413e+17 2.3909034022976083e+17 2.2853648947192144e+17 2.176411403751305e+17 2.0631565176601766e+17 1.992528047192655e+17 1.9440219420515056e+17 1.8685688554343478e+17 1.815995120041658e+17 1.7324730173877498e+17 1.672486203392039e+17 1.6407132837383296e+17 1.6074095910192067e+17 1.572190551581566e+17 1.5344951413704928e+17 1.493454710031436e+17 1.3942054561114462e+17 1.3269505894320928e+17 1.2252092561041712e+17
8410.001178215098 3.655713591987996e+17 3.4832014442358515e+17 3.303302536569272e+17 3.11542465902278e+17 2.918920222922483e+17 2.713010857304407e+17 2.4965811512078218e+17 2.38382097286412e+17 2.2674258496454883e+17 2.146540970786387e+17 2.071260742883458e+17 2.019628804795891e+17 1.939460282306302e+17 1.8837326205600192e+17 1.7954867731431485e+17 1.7323793490359574e+17 1.6990656857579056e+17 1.6642428826094538e+17 1.6275365314209184e+17 1.588401375860618e+17 1.5459942682261952e+17 1.444448601399833e+17 1.3765369230266248e+17 1.2750747254758262e+17
8430.001181017038 3.5510060891838694e+17 3.384476333364282e+17 3.2109498338944275e+17 3.0298601311762176e+17 2.8405788889690778e+17 2.642338805615741e+17 2.4340084398190653e+17 2.3254459368518205e+17 2.213336213875691e+17 2.096814858901972e+17 2.0241857461926317e+17 1.9743338889337283e+17 1.8968513487417683e+17 1.8429227991281098e+17 1.7573782684103606e+17 1.696060344052506e+17 1.6636311703434755e+17 1.6296802306151526e+17 1.5938260682603507e+17 1.5555122050898678e+17 1.51387717576234e+17 1.413574095081211e+17 1.3459543778094594e+17 1.2442943895780371e+17
8450.001183818968 3.64127378083388e+17 3.470581368318953e+17 3.292547667744456e+17 3.106589500576749e+17 2.9120596935416064e+17 2.7081816530047894e+17 2.4938335597382346e+17 2.3821304077642858e+17 2.2668040087776755e+17 2.1470035815125555e+17 2.072385592649605e+17 2.021202411406832e+17 1.9417219733482422e+17 1.8864666741688714e+17 1.798957364992033e+17 1.7363652367513094e+17 1.7033180942370554e+17 1.6687684113141776e+17 1.6323421257648138e+17 1.5934939029583722e+17 1.5513794913939027e+17 1.4504146011918893e+17 1.382746175165338e+17 1.28133735173196e+17
8470.00118662091 3.6056479802295e+17 3.437786166814124e+17 3.2627587497579616e+17 3.079987727046052e+17 2.888820181576199e+17 2.6884627412777888e+17 2.4777464120689024e+17 2.3678753880961574e+17 2.2543705998314566e+17 2.1363611372536403e+17 2.0627934282292e+17 2.01229736945988e+17 1.9338248407730874e+17 1.879225297541558e+17 1.792676432256697e+17 1.7307136449667117e+17 1.6979807437051632e+17 1.66374764048505e+17 1.627643769947465e+17 1.5891295249555056e+17 1.5473705284160608e+17 1.447273125298401e+17 1.3802446909165848e+17 1.2799363108222424e+17
8490.001189422848 3.5861203644230835e+17 3.4212248622751296e+17 3.2492118721563814e+17 3.0694830791363296e+17 2.8813514207466966e+17 2.6839729694823882e+17 2.4761173176799808e+17 2.3676097868686653e+17 2.2554146624974714e+17 2.138658805988578e+17 2.0658194301345453e+17 2.0158013417532624e+17 1.93803939555172e+17 1.8839132396364986e+17 1.7980821576641466e+17 1.7366079773465728e+17 1.704123299569665e+17 1.670140867228644e+17 1.6342892918687386e+17 1.596026816848248e+17 1.5545142982487536e+17 1.4548372538949126e+17 1.3878899600361026e+17 1.287304085188528e+17
8510.001192224789 3.407435906340687e+17 3.254446481638781e+17 3.094928736971943e+17 2.9283052504271955e+17 2.7538997384738838e+17 2.5708500708962573e+17 2.377859679934444e+17 2.276946227631359e+17 2.1724212236374483e+17 2.0633828743559414e+17 1.995183787033708e+17 1.948259127697624e+17 1.8751312768099907e+17 1.824086075113658e+17 1.742851713348326e+17 1.6844118100940643e+17 1.6534287067257782e+17 1.6209324191349114e+17 1.5865454284717162e+17 1.5497167539768752e+17 1.509592736896043e+17 1.4124462259157635e+17 1.3465434066835466e+17 1.246913769605383e+17
8530.001195026729 3.542604903088035e+17 3.381379614035718e+17 3.2132991769334746e+17 3.037778797126143e+17 2.8541368966307715e+17 2.6615173164131978e+17 2.458634152405068e+17 2.352657811544206e+17 2.2429946509344662e+17 2.1287445683277376e+17 2.0573849304227683e+17 2.008340666238564e+17 1.9320187957218538e+17 1.8788387882073414e+17 1.7944084478886102e+17 1.733858173199466e+17 1.701833251000174e+17 1.6683095694054736e+17 1.632916040914841e+17 1.5951112316147866e+17 1.554056338586691e+17 1.4552969205529578e+17 1.3888164608816797e+17 1.2887402340893627e+17
8550.00119782867 3.00144208176934e+17 2.8796302602703184e+17 2.752746624881929e+17 2.6202505162738605e+17 2.481457276371121e+17 2.3354161885904493e+17 2.180622273491444e+17 2.0991497515998307e+17 2.014228969495917e+17 1.9249154032591114e+17 1.8685985409381482e+17 1.8296145683503696e+17 1.768429412061241e+17 1.7253687319257994e+17 1.656142690292352e+17 1.6057182992361712e+17 1.578738796005778e+17 1.5502370100152227e+17 1.5198279133776384e+17 1.4869492906436608e+17 1.4507305383671427e+17 1.3611233987273026e+17 1.2986399495572066e+17 1.201286369104231e+17
8570.001200630599 3.651816621374158e+17 3.483021167589137e+17 3.3068006337605024e+17 3.1225328535806266e+17 2.9295205744718355e+17 2.7269250071110154e+17 2.5135414555881344e+17 2.4021710858392368e+17 2.2870585098281437e+17 2.1673407909860867e+17 2.092705649382868e+17 2.0414831890008662e+17 1.961904362296377e+17 1.9065608535523046e+17 1.8188982671974944e+17 1.7562063268348634e+17 1.723117690192574e+17 1.6885381278465024e+17 1.6521008348124704e+17 1.613271596439675e+17 1.5712241859431494e+17 1.4706921481169846e+17 1.4035884682600989e+17 1.303454226243911e+17
8590.00120343254 3.607051218558932e+17 3.442041385153506e+17 3.2697450420688544e+17 3.089535296847335e+17 2.90070296576304e+17 2.7023852750033056e+17 2.4933348718466662e+17 2.3841322305417667e+17 2.2711753659682787e+17 2.1535893687953475e+17 2.0802166565695197e+17 2.0298270187354672e+17 1.9514820319985885e+17 1.8969487407471808e+17 1.8104788946476614e+17 1.748563131924976e+17 1.7158554353590723e+17 1.681651111547229e+17 1.6455824814062086e+17 1.6071142471162726e+17 1.565418966657965e+17 1.4655629056889027e+17 1.3987954404966954e+17 1.2990786805338565e+17
8610.001206234478 3.600343237935987e+17 3.435837006511641e+17 3.264042197621751e+17 3.0843262125963174e+17 2.895981959381162e+17 2.698149329584327e+17 2.48958758350912e+17 2.3806364949866874e+17 2.267942610978787e+17 2.1506382718751456e+17 2.07744800788376e+17 2.0271871671650762e+17 1.9490482607374266e+17 1.8946622845115866e+17 1.8084304660895165e+17 1.7466858526138128e+17 1.7140675662506058e+17 1.6799551383797706e+17 1.6439806644861462e+17 1.605608367186868e+17 1.564009875765526e+17 1.4643409624700525e+17 1.3976529064429216e+17 1.2979867821068406e+17
8630.001209036418 3.626812771133809e+17 3.4604700051424966e+17 3.2867411613883725e+17 3.1050012536232186e+17 2.914538972965415e+17 2.7144998159519014e+17 2.503668949031513e+17 2.3935728736784074e+17 2.2797373408079475e+17 2.161302363917881e+17 2.0874428057734022e+17 2.0367412508064874e+17 1.9579497039327725e+17 1.9031358978864374e+17 1.8162755603446454e+17 1.7541235865221034e+17 1.721306365169057e+17 1.6869991160884394e+17 1.6508351480020022e+17 1.6122805116164688e+17 1.5705098778660547e+17 1.4705545924147446e+17 1.4037883927953654e+17 1.304177320225653e+17
8650.001211838358 3.5967215458239994e+17 3.433984149780934e+17 3.2640106314226477e+17 3.0861628898815174e+17 2.899705026879251e+17 2.7037303942311274e+17 2.4969231130278486e+17 2.388773776120139e+17 2.276806228553781e+17 2.160133288570048e+17 2.0872696473574074e+17 2.0372044976254797e+17 1.959328022937466e+17 1.9050997844271165e+17 1.819090350426422e+17 1.7574969374295914e+17 1.7249603289969968e+17 1.6909372921088406e+17 1.6550639578597498e+17 1.6168102973343786e+17 1.575356623075279e+17 1.4761226398874976e+17 1.4098010827102406e+17 1.3107595078210098e+17
8670.001214640299 3.0473267499328506e+17 2.922269820899361e+17 2.7919547144148976e+17 2.6558408921168717e+17 2.5132500829035338e+17 2.3632494280620534e+17 2.204357156773618e+17 2.120793826282133e+17 2.0337580361852422e+17 1.9423075419973984e+17 1.884698255422937e+17 1.8448486787073626e+17 1.782360747423423e+17 1.738430998337471e+17 1.667911265838219e+17 1.616645601840159e+17 1.589259328272317e+17 1.560366373110552e+17 1.5295896457015107e+17 1.496379675403208e+17 1.4598875267402166e+17 1.3701083919272749e+17 1.3080055698813547e+17 1.2120407247772627e+17
8690.001217442239 3.4418655375375405e+17 3.28728963362603e+17 3.126222579450624e+17 2.958124004077971e+17 2.7823553661169523e+17 2.5981087024541165e+17 2.4041512115242006e+17 2.3028653862498864e+17 2.1980604529316467e+17 2.0888500264510755e+17 2.0206083026963098e+17 1.9736840083236842e+17 1.900606621140479e+17 1.8496337887153414e+17 1.7685818949799763e+17 1.7103294795806138e+17 1.6794671918909952e+17 1.6471151657880656e+17 1.6129022414192582e+17 1.576286598755039e+17 1.5364288581189597e+17 1.4400828185645973e+17 1.3748188696352406e+17 1.2760386993400971e+17
8710.001220244169 3.5885094628803795e+17 3.4261195407156115e+17 3.256542150712711e+17 3.0791440759903123e+17 2.893201869768609e+17 2.697826068777299e+17 2.491733930319043e+17 2.3840029436579392e+17 2.2725086848498214e+17 2.1563759065085984e+17 2.0838731554965654e+17 2.0340649499756614e+17 1.956598394094183e+17 1.902658783534033e+17 1.8171029308179418e+17 1.7558228882593853e+17 1.7234454514070867e+17 1.6895828675126074e+17 1.65387101097482e+17 1.615779769911065e+17 1.574489810662816e+17 1.475596257900934e+17 1.4094734418654688e+17 1.3107495060239214e+17
8730.001223046109 3.5831780919701555e+17 3.421886252223302e+17 3.2533498633654355e+17 3.0769268269642886e+17 2.89187613427849e+17 2.6972976519441085e+17 2.4918922133467037e+17 2.3844590106438893e+17 2.273230205078962e+17 2.1573303096074506e+17 2.0849514206548992e+17 2.035218835753469e+17 1.9578549652036144e+17 1.9039761990991338e+17 1.8184971990122832e+17 1.7572563141162467e+17 1.724893671161048e+17 1.691041795026906e+17 1.655335676103444e+17 1.617243867429764e+17 1.5759451252407286e+17 1.4769958797127187e+17 1.4108119932430011e+17 1.3119720921772888e+17
8750.00122584805 3.577110856299318e+17 3.4176249394233645e+17 3.25065692248481e+17 3.0755323092804205e+17 2.8914875773514694e+17 2.6975958305352755e+17 2.4925492520036886e+17 2.385175143788706e+17 2.273929128379658e+17 2.157941012608619e+17 2.085477585973352e+17 2.0356761206272384e+17 1.9581910579583277e+17 1.9042198268533248e+17 1.8185851305449446e+17 1.757230020629946e+17 1.7248078286935693e+17 1.6908955785922826e+17 1.6551293739681277e+17 1.6169800127248864e+17 1.575630355116491e+17 1.4766428269977683e+17 1.4105381586882822e+17 1.3120293547354998e+17
8770.001228649988 3.5925881311978016e+17 3.430456036813642e+17 3.2609933040803155e+17 3.083560919674101e+17 2.897430537088378e+17 2.7017269595950694e+17 2.4952001286315216e+17 2.3872327109444643e+17 2.2755069511683344e+17 2.159166153969292e+17 2.086558902356669e+17 2.0366922142097955e+17 1.9591581929804944e+17 1.9051889841325277e+17 1.8196129816618426e+17 1.7583355004496115e+17 1.725963556299288e+17 1.6921086749186166e+17 1.6564059693970813e+17 1.6183240853359546e+17 1.5770418740878858e+17 1.4781469822690986e+17 1.4120057927564891e+17 1.3132417897430763e+17
8790.001231451928 3.590177599850909e+17 3.429109111973993e+17 3.26074431901265e+17 3.0844326014690355e+17 2.8994113769690797e+17 2.704762384679356e+17 2.4991667943941312e+17 2.3915910105404317e+17 2.280187114900785e+17 2.1640819848495757e+17 2.0915674391269968e+17 2.041740143020102e+17 1.9642300239396317e+17 1.9102528711146227e+17 1.8246319690494474e+17 1.763307400075836e+17 1.730909539978308e+17 1.6970294978848768e+17 1.6613053320240438e+17 1.6232104092885386e+17 1.581931356318107e+17 1.4831592712011846e+17 1.4172249702537387e+17 1.318972146770753e+17
8810.00123425386 3.436929591658325e+17 3.2861849611307725e+17 3.128906665336474e+17 2.9644964193162714e+17 2.7922423831834845e+17 2.6112363778814384e+17 2.420117578027028e+17 2.320052760176648e+17 2.216307319632914e+17 2.107974284309836e+17 2.0401636457264912e+17 1.9934850891938275e+17 1.920713430225212e+17 1.8699037917636352e+17 1.789043660533858e+17 1.7308961298696826e+17 1.700086019716704e+17 1.6677917425163053e+17 1.6336493495619043e+17 1.5971289423466406e+17 1.5574114988994435e+17 1.4616731113538102e+17 1.3971479585324165e+17 1.3001124472477987e+17
8830.001237055798 3.5240273392512544e+17 3.3662992660754976e+17 3.201609117200502e+17 3.029344200599417e+17 2.8488061671663968e+17 2.6591291297457782e+17 2.4590554936285933e+17 2.3544623922585626e+17 2.246197337066281e+17 2.133391989364598e+17 2.0629382238619245e+17 2.0145199152231843e+17 1.9391788129544768e+17 1.8866871234879357e+17 1.8033595295594435e+17 1.7436123222691958e+17 1.7120194892954698e+17 1.6789564337499952e+17 1.6440622827007923e+17 1.6068116211421654e+17 1.56639243566109e+17 1.4693912856839674e+17 1.4043635809780267e+17 1.3069822912783216e+17
8850.001239857738 3.583483640625779e+17 3.423585022927491e+17 3.256245827554192e+17 3.080808176822644e+17 2.8965188717817216e+17 2.702469390155998e+17 2.4973773559738608e+17 2.3900333794270186e+17 2.2788619290815926e+17 2.1630023311300333e+17 2.0906478078530915e+17 2.0409344777226022e+17 1.963608464926526e+17 1.909764350683549e+17 1.8243604036403075e+17 1.7631938680773507e+17 1.7308796994122077e+17 1.6970870576831293e+17 1.6614547982497862e+17 1.6234576757079795e+17 1.5822848641278707e+17 1.4837778204636896e+17 1.4180450457881864e+17 1.3201607035498658e+17
8870.001242659679 3.530630886235503e+17 3.375912354835099e+17 3.2138061960703795e+17 3.043635370828122e+17 2.8646261672686435e+17 2.675831429647982e+17 2.4759139833900666e+17 2.3711043269448618e+17 2.2624171434293235e+17 2.1489806999719306e+17 2.078046628922163e+17 2.0292655149184214e+17 1.9533150967378883e+17 1.9003725310411062e+17 1.8162965207996157e+17 1.7559965105277942e+17 1.724108387655473e+17 1.690735375829142e+17 1.6555139723842416e+17 1.6179148284984208e+17 1.5771193807776144e+17 1.4792233559076176e+17 1.4135943400087267e+17 1.3152696563266306e+17
8890.001245461619 3.6113213951210304e+17 3.450063210118924e+17 3.2813139528896986e+17 3.1043871564206714e+17 2.918501331231041e+17 2.722708586484752e+17 2.5156785415642426e+17 2.4072780119952205e+17 2.2949840498830275e+17 2.1779319499156954e+17 2.104827015006521e+17 2.0545989535068144e+17 1.9764795044194998e+17 1.922093224620884e+17 1.835859409206147e+17 1.7741315919725475e+17 1.741535671084435e+17 1.7074613346212333e+17 1.6715480316403907e+17 1.633271049466635e+17 1.5918193667735594e+17 1.4927384932674582e+17 1.4266526077636752e+17 1.3280893378561032e+17
8910.00124826356 3.6182072680578176e+17 3.456852442058968e+17 3.287926693123165e+17 3.1107341862214886e+17 2.92447246335685e+17 2.728185748241823e+17 2.5205452616029002e+17 2.411803409423064e+17 2.299152999751523e+17 2.181740676000489e+17 2.1084238437425155e+17 2.058058442111188e+17 1.979743021435458e+17 1.925234994752813e+17 1.838837314172342e+17 1.7770176728229946e+17 1.744383034795017e+17 1.7102761295344086e+17 1.67433802686747e+17 1.636046400182444e+17 1.5945941759850403e+17 1.4955902549008733e+17 1.4296340215055974e+17 1.3314144417661952e+17
8930.001251065489 3.55560258578914e+17 3.3983338820552474e+17 3.2338230946099885e+17 3.061400133255684e+17 2.880283495701729e+17 2.6895178682180397e+17 2.4877516508366845e+17 2.382059318503912e+17 2.2725174246957373e+17 2.1582593291424755e+17 2.0868517268457315e+17 2.037765323517627e+17 1.961376997420037e+17 1.9081592967150282e+17 1.823704838945366e+17 1.7631828547103677e+17 1.7311955189078634e+17 1.697732716498426e+17 1.6624324337881206e+17 1.6247670577168173e+17 1.5839200512015747e+17 1.485971967668801e+17 1.4203386004850317e+17 1.3219893769222813e+17
8950.00125386743 3.537687093577492e+17 3.381207588760928e+17 3.217591119256206e+17 3.0461734421039955e+17 2.8661909118889805e+17 2.6767037915616285e+17 2.4763765475230733e+17 2.3714704802803734e+17 2.2627625281409e+17 2.1493856838343776e+17 2.078528547869688e+17 2.0298169758576883e+17 1.9539996903264157e+17 1.9011660294609706e+17 1.817285966537287e+17 1.7571398839072106e+17 1.725336241301288e+17 1.6920529935274502e+17 1.6569269644448362e+17 1.619429230628747e+17 1.578741938557911e+17 1.4810905294732874e+17 1.4156135691607632e+17 1.3175242704287926e+17
8970.00125666937 3.557566854359939e+17 3.400017513023617e+17 3.2352415138737606e+17 3.062565338105365e+17 2.881225812734172e+17 2.6902804571238016e+17 2.4884055487043747e+17 2.382699046974962e+17 2.2731785350734554e+17 2.1589828989781616e+17 2.0876356388991437e+17 2.0385995886063402e+17 1.9623018877293392e+17 1.9091546152102246e+17 1.824820692853792e+17 1.76438920186562e+17 1.7324506502992272e+17 1.699039518028679e+17 1.6637947402555165e+17 1.626190348138529e+17 1.5854130477880906e+17 1.487665606544722e+17 1.4222181514868634e+17 1.3242736727647152e+17
8990.001259471308 3.578107841335334e+17 3.419474457253522e+17 3.253497264009378e+17 3.0795055050179526e+17 2.8967287081963814e+17 2.704237435865749e+17 2.5007158107669203e+17 2.3941521714634794e+17 2.28375486200912e+17 2.168665167275569e+17 2.0967737539427728e+17 2.0473719769584963e+17 1.970522161876236e+17 1.9170057177082138e+17 1.8321200729599216e+17 1.7713272422093456e+17 1.7392122345292714e+17 1.7056293910889168e+17 1.6702198336803856e+17 1.632460994548597e+17 1.5915449755324218e+17 1.4936121236553322e+17 1.4281737349897614e+17 1.3304362201135885e+17
9010.001262273248 3.4103561136208506e+17 3.2640831343867725e+17 3.110868372708558e+17 2.950072960625305e+17 2.780951522203417e+17 2.6025793711749648e+17 2.4136187064861504e+17 2.3144810795946493e+17 2.211589765568522e+17 2.1040734903267424e+17 2.0367534677594928e+17 1.990409287348085e+17 1.9181589113365866e+17 1.867715401994875e+17 1.7874412588354477e+17 1.7297126438122154e+17 1.6991209178377866e+17 1.6670506699678586e+17 1.633137199871717e+17 1.596849074903265e+17 1.5573642968511325e+17 1.4620628367827338e+17 1.3976998664992398e+17 1.3006626244011334e+17
9030.001265075189 3.535252314682495e+17 3.380015378155324e+17 3.217469383554716e+17 3.0469556223403354e+17 2.8677199163852093e+17 2.6788432554750147e+17 2.479023027179669e+17 2.3743469394073517e+17 2.2658641580890726e+17 2.1527205843020525e+17 2.0820149119628634e+17 2.0334120652370013e+17 1.9577744374045942e+17 1.9050753347390448e+17 1.821427647884684e+17 1.7614639114081277e+17 1.7297622593822784e+17 1.6965899462404886e+17 1.6615855199462838e+17 1.6242224361376906e+17 1.5836862873997248e+17 1.4864129651200413e+17 1.4211951443965275e+17 1.3235044741919733e+17
9050.001267877129 3.59657992292991e+17 3.438000297000649e+17 3.2718839874299066e+17 3.0975240781994496e+17 2.9141030406680966e+17 2.7206396159129584e+17 2.5157830157915242e+17 2.4084103858951466e+17 2.2971121168423453e+17 2.181036879275192e+17 2.108517744344494e+17 2.058684045165698e+17 1.9811690496842086e+17 1.927199166186906e+17 1.8416232929015366e+17 1.780368606563644e+17 1.7480247108193446e+17 1.7142163995572886e+17 1.6785874316300525e+17 1.6406196571687843e+17 1.5995126355690262e+17 1.5013224061237808e+17 1.4359154392931773e+17 1.338562391333744e+17
9070.001270679059 3.571976787564341e+17 3.416408389887301e+17 3.253309572141678e+17 3.081950370538362e+17 2.9014836333248614e+17 2.710883680000947e+17 2.5087332494713952e+17 2.402630643148846e+17 2.2925320314230272e+17 2.1775777567059114e+17 2.1056915713248774e+17 2.0562633672174358e+17 1.9793332598064698e+17 1.9257395189272378e+17 1.8407119149178195e+17 1.779817030881762e+17 1.747653271518214e+17 1.7140267247439987e+17 1.678582813114527e+17 1.640805930238582e+17 1.599899916045902e+17 1.5021818947745946e+17 1.437105181122053e+17 1.340324856986694e+17
9090.001273480999 3.460712450170617e+17 3.31178280698593e+17 3.155797105150064e+17 2.992073689500187e+17 2.819813941667925e+17 2.638028981960274e+17 2.4453161570485123e+17 2.344157951895597e+17 2.2391440430092496e+17 2.1294013826827395e+17 2.0606965671049606e+17 2.0134093689152234e+17 1.9397178624280963e+17 1.8882975834826547e+17 1.8065418861455114e+17 1.747823360023501e+17 1.7167400977346064e+17 1.68418373784939e+17 1.6497934766885504e+17 1.613043831671924e+17 1.5731225092208064e+17 1.477108915195257e+17 1.4125838320567979e+17 1.3157987567805546e+17
9110.001276282937 3.484409304129167e+17 3.333239625573666e+17 3.175089469683513e+17 3.009306320368456e+17 2.8351280155001773e+17 2.6516087309985322e+17 2.4574008229892826e+17 2.355605657191716e+17 2.250039140996957e+17 2.1398367824902954e+17 2.070905084458235e+17 2.0234887312370186e+17 1.949638922940988e+17 1.898139823619484e+17 1.8163136478031462e+17 1.7575889202284355e+17 1.7265187414339155e+17 1.6939893076726067e+17 1.6596432290452496e+17 1.6229600977892314e+17 1.5831353786570288e+17 1.487464573088571e+17 1.4232524487202491e+17 1.3270160479550624e+17
9130.001279084878 3.543811058241751e+17 3.3892377156400755e+17 3.2273419705722605e+17 3.057423296577067e+17 2.8786813603179056e+17 2.690140540149812e+17 2.4904527151798538e+17 2.3857552288772435e+17 2.2771932548144496e+17 2.163913730803675e+17 2.0931013337000016e+17 2.044418255935e+17 1.968648913992057e+17 1.9158569225247706e+17 1.8320709312346915e+17 1.772026338212323e+17 1.7402931489354886e+17 1.7070996969389357e+17 1.67209042066322e+17 1.6347480876691456e+17 1.5942743301955018e+17 1.4973991252077866e+17 1.4327238010470483e+17 1.336350768892927e+17
9150.001281886818 3.488710069863026e+17 3.335662964560588e+17 3.17575873055499e+17 3.008406045385567e+17 2.8329263863135856e+17 2.6484864610505472e+17 2.453867757677574e+17 2.352099934511825e+17 2.2467347091659776e+17 2.136912339597193e+17 2.0682919943406032e+17 2.0211163354453107e+17 1.9476720224195952e+17 1.8964696580170736e+17 1.8151206320405677e+17 1.756730192821202e+17 1.7258306384724774e+17 1.6934734409001168e+17 1.659300753933523e+17 1.6227915155252557e+17 1.5831403149558874e+17 1.4878033841102122e+17 1.4237249464196754e+17 1.327509128562136e+17
9170.001284688758 3.460716283564687e+17 3.308924817224796e+17 3.1504671783151194e+17 2.9847895290729754e+17 2.8112598460811466e+17 2.6290918593327683e+17 2.437115881227454e+17 2.3368173077716986e+17 2.233021282116081e+17 2.124863358572838e+17 2.0572846522122906e+17 2.0108194506891754e+17 1.9384633839906058e+17 1.8879998532570138e+17 1.807776024067523e+17 1.75014468465398e+17 1.7196264481614445e+17 1.687651242727521e+17 1.6538606095234026e+17 1.6177326940830288e+17 1.57846058649638e+17 1.48386073160003e+17 1.4201186239104994e+17 1.3241668028312565e+17
9190.001287490688 3.4794170290685126e+17 3.3268368003526554e+17 3.167491371474418e+17 3.000814804367726e+17 2.8261734480424275e+17 2.642777428158781e+17 2.4494520003054534e+17 2.3484315122388934e+17 2.243878643684368e+17 2.1349258016747485e+17 2.0668488196429747e+17 2.0200415212858896e+17 1.9471551306871898e+17 1.8963259871025814e+17 1.8155346789366464e+17 1.7575140612341344e+17 1.7267994187535475e+17 1.6946282549869453e+17 1.6606442742914384e+17 1.6243293904832378e+17 1.5848833137459338e+17 1.4900370512194282e+17 1.4263096137516157e+17 1.3306897084348846e+17
9210.001290292628 3.408020695393429e+17 3.2606078975733325e+17 3.10670753136924e+17 2.945777775237514e+17 2.7772010449191216e+17 2.600182147966665e+17 2.4135204770678502e+17 2.3159187455017322e+17 2.214826479914227e+17 2.1093634293707667e+17 2.043389388440448e+17 1.9979864930542774e+17 1.9272100637087114e+17 1.8777892144598547e+17 1.7991110881106102e+17 1.742496602172334e+17 1.7124822237714048e+17 1.681007567969035e+17 1.6477138172383734e+17 1.6120787570985434e+17 1.5732949970347018e+17 1.4796572939292378e+17 1.416395833636191e+17 1.3209804158343336e+17
9230.001293094569 3.4298526700936576e+17 3.284481518776757e+17 3.131872599162553e+17 2.9714255224934874e+17 2.8024754416518794e+17 2.6242026930014445e+17 2.435413917824631e+17 2.3364380089820912e+17 2.2337820049132336e+17 2.126585639584172e+17 2.0595013699199325e+17 2.013333126744909e+17 1.9413776097932608e+17 1.891153785204021e+17 1.811257104494054e+17 1.753830037689482e+17 1.723413284667714e+17 1.6915417666072304e+17 1.6578601562586746e+17 1.621851347420802e+17 1.582716127355135e+17 1.488511605923998e+17 1.4251205494336931e+17 1.3298642300260125e+17
9250.001295896509 3.384609722699397e+17 3.2405619792006637e+17 3.0899764948116736e+17 2.9322814973194515e+17 2.7668005060718054e+17 2.5926721727818474e+17 2.4086003523568304e+17 2.3121518220780397e+17 2.2121037309611667e+17 2.107566381988383e+17 2.04209074887171e+17 1.9969975378470182e+17 1.9266532777387424e+17 1.877501499964357e+17 1.7992054627271574e+17 1.7428373442232378e+17 1.7129459798615552e+17 1.6815960097003274e+17 1.6484303569055712e+17 1.6129294179106144e+17 1.5742900793118707e+17 1.481009870579405e+17 1.4180133593935974e+17 1.323044850604589e+17
9270.001298698447 3.435129063498518e+17 3.286996744640893e+17 3.1321636497113114e+17 2.970037419350945e+17 2.7999383442123728e+17 2.6210157807326464e+17 2.432012579259103e+17 2.3330702654215872e+17 2.2305300847337994e+17 2.1235235450360486e+17 2.0565872407816262e+17 2.0105317497381197e+17 1.9387667113238826e+17 1.888685359854816e+17 1.8090262254140554e+17 1.7517744710888496e+17 1.7214503835400512e+17 1.6896745091753834e+17 1.656090818385756e+17 1.6201810193954333e+17 1.5811438564976182e+17 1.487114248023611e+17 1.4237788202869514e+17 1.3285112017156269e+17
9290.001301500388 3.41650102054686e+17 3.2687611370714886e+17 3.114498665322949e+17 2.953159289875535e+17 2.78408799714701e+17 2.606475269867799e+17 2.4190972291293296e+17 2.3210923562765046e+17 2.2195719619825862e+17 2.113664151439332e+17 2.047420983005371e+17 2.0018402282515568e+17 1.9308027028269946e+17 1.8812145508469418e+17 1.802302139715153e+17 1.7455482444431475e+17 1.715471380173124e+17 1.6839406186017267e+17 1.6505988760196118e+17 1.6149265028617373e+17 1.5761202631585683e+17 1.4825194859926285e+17 1.4193694835937766e+17 1.3242578187297592e+17
9310.001304302328 3.4678604601938304e+17 3.3181491995651603e+17 3.161598778752152e+17 2.997593503761392e+17 2.8254312787890957e+17 2.6442319305319478e+17 2.4527170827523882e+17 2.3524237871701043e+17 2.248467901092672e+17 2.1399803873324886e+17 2.0721239302557443e+17 2.0254419221420435e+17 1.952717930190834e+17 1.9019854359225002e+17 1.8213369418647286e+17 1.7634238680838765e+17 1.7327724763396816e+17 1.7006747736095578e+17 1.6667789726956218e+17 1.6305734619857568e+17 1.5912682905091613e+17 1.4968867211903952e+17 1.4336006208903026e+17 1.3388518444176379e+17
9330.001307104258 3.4607674530589075e+17 3.312059712286338e+17 3.156517032543558e+17 2.9935088490004563e+17 2.8223140043145037e+17 2.6420325064658752e+17 2.451358410313597e+17 2.3514490582900397e+17 2.2478468896072096e+17 2.1396810088373398e+17 2.0720020387573526e+17 2.0254322399772688e+17 1.9528679181842336e+17 1.9022368911519574e+17 1.8217352615880493e+17 1.7639188091654195e+17 1.7333161473949507e+17 1.7012680859952032e+17 1.667423688292657e+17 1.631272381935025e+17 1.59202613546105e+17 1.49779351773965e+17 1.4346204800474171e+17 1.34006918379004e+17
9350.001309906198 3.440754607985894e+17 3.293224799774778e+17 3.138947521203307e+17 2.97731404136748e+17 2.8076109673953427e+17 2.6289520089864954e+17 2.4400445869268605e+17 2.341077529396114e+17 2.2384612453519178e+17 2.1313292360287376e+17 2.0642955891595546e+17 2.0181676995915315e+17 1.9462849524547072e+17 1.89612169449269e+17 1.816343691388278e+17 1.7590252845215133e+17 1.7286764392723277e+17 1.6968853490897782e+17 1.663300708272469e+17 1.6274115796456685e+17 1.588428927777269e+17 1.494718197118077e+17 1.4317918461110624e+17 1.3374594124424763e+17
9370.001312708138 3.415891790480238e+17 3.2695850606806176e+17 3.11658911312417e+17 2.956291555765692e+17 2.7879782079654662e+17 2.610765974887381e+17 2.4233653246720755e+17 2.325179260275478e+17 2.2233682170999466e+17 2.1170729273088787e+17 2.050559228298593e+17 2.004786768798956e+17 1.9334503162332806e+17 1.8836594790552048e+17 1.804446697060243e+17 1.747501790332809e+17 1.7173345126413392e+17 1.685718080450278e+17 1.6522969385884765e+17 1.6165535848630714e+17 1.5776881646810717e+17 1.4840358567239222e+17 1.4209389211894034e+17 1.3260482160457318e+17
9390.001315510079 3.4314336331949946e+17 3.284209471316564e+17 3.130302113792537e+17 2.969118383885878e+17 2.7999756489838723e+17 2.622032281508475e+17 2.4340411313598262e+17 2.3356214669842026e+17 2.2336179336762016e+17 2.1271648957852835e+17 2.0605694298382634e+17 2.0147458109765382e+17 1.9433365829134237e+17 1.8934997518992374e+17 1.8142262110563216e+17 1.7572536425784976e+17 1.727080768388982e+17 1.6954678679021408e+17 1.6620640881150022e+17 1.6263590326232026e+17 1.5875643568138243e+17 1.4942445203187014e+17 1.4315167948048947e+17 1.3373518959918837e+17
9410.001318312019 3.3192026436771136e+17 3.182015626739216e+17 3.038446869494152e+17 2.8878836266014957e+17 2.7295956075249174e+17 2.5626547306214006e+17 2.3856821258390685e+17 2.2927199721084157e+17 2.196104723541405e+17 2.0949453731189552e+17 2.031473034898547e+17 1.9877085766382912e+17 1.9193545399631952e+17 1.8715336192294496e+17 1.7952570458672336e+17 1.740267531577446e+17 1.7110821972775654e+17 1.6804541924867616e+17 1.6480321718070358e+17 1.6133048121983187e+17 1.57548191238408e+17 1.484070473582637e+17 1.422262532169625e+17 1.3289898560588426e+17
9430.00132111396 3.401000436815623e+17 3.256574518538841e+17 3.105573927065025e+17 2.9474093634370464e+17 2.7813959208228672e+17 2.6066757379680403e+17 2.421975557096054e+17 2.3252096684114826e+17 2.224855494833355e+17 2.1200355085321645e+17 2.0544079408413914e+17 2.0092231755385597e+17 1.9387620632827862e+17 1.8895499810345776e+17 1.8112036148750397e+17 1.7548445725183584e+17 1.7249781473405946e+17 1.693672537256834e+17 1.6605781266798963e+17 1.625186554451691e+17 1.586712968048303e+17 1.4940895438394877e+17 1.4317813471565002e+17 1.3382076146738526e+17
9450.001323915889 3.34011982482218e+17 3.199082066373156e+17 3.051761908774896e+17 2.897605484935733e+17 2.7359511816274038e+17 2.565962039068014e+17 2.3863773465748963e+17 2.2923172349024115e+17 2.1947687339481632e+17 2.0928572734975824e+17 2.0290266049751875e+17 1.9850624652984006e+17 1.916467448642315e+17 1.868523457204769e+17 1.792113731588621e+17 1.737064479499527e+17 1.7078557229248403e+17 1.677206952766615e+17 1.644765052237753e+17 1.6100159151991997e+17 1.5721650080632262e+17 1.4806423177612278e+17 1.4187061512671554e+17 1.3251600066605358e+17
9470.00132671783 3.417197266183551e+17 3.271715878604614e+17 3.119552366236292e+17 2.9600997209084205e+17 2.792668036264728e+17 2.6163905648281e+17 2.4300051281267846e+17 2.3323607751113002e+17 2.231116355573703e+17 2.1254111447344608e+17 2.0592628172372653e+17 2.0137388871787654e+17 1.9427852062538803e+17 1.893259443874707e+17 1.8144713540355062e+17 1.757843323909064e+17 1.7278523381600877e+17 1.696430318566464e+17 1.663229186078217e+17 1.6277429983857142e+17 1.5891905093052576e+17 1.4964866183386806e+17 1.4342156171997226e+17 1.3408207957842197e+17
9490.001329519768 3.4250450961353594e+17 3.279110334191629e+17 3.1264223323837715e+17 2.966380998442066e+17 2.7982957796269776e+17 2.6213119864325357e+17 2.4341859709555334e+17 2.3361704546071014e+17 2.234560082612718e+17 2.1284987411619478e+17 2.062142848834958e+17 2.01648316882343e+17 1.9453289761153552e+17 1.8956706960017658e+17 1.816684131815031e+17 1.759922901051791e+17 1.7298648760458048e+17 1.6983756622161123e+17 1.6651074812275603e+17 1.6295551857162474e+17 1.590939036198669e+17 1.498131469566828e+17 1.4358434872848318e+17 1.3425112307200211e+17
9510.001332321708 3.423778636300129e+17 3.2787874378761734e+17 3.126978281079417e+17 2.9677217216980666e+17 2.8002838417932726e+17 2.623758806197399e+17 2.4368397636219443e+17 2.3388141316391046e+17 2.237110749301559e+17 2.130872051511796e+17 2.0643725996795178e+17 2.0186035732778858e+17 1.9472696189406845e+17 1.8974846528207728e+17 1.8183070438811434e+17 1.7614250314538816e+17 1.731311301008996e+17 1.699771061693999e+17 1.666458077395224e+17 1.6308690904073366e+17 1.592227038828941e+17 1.4994196163821114e+17 1.4371814193789523e+17 1.3439880442932219e+17
9530.001335123648 3.4006151147118925e+17 3.257077178032464e+17 3.1068182329514496e+17 2.949234488688284e+17 2.7836227370849232e+17 2.6091013816234666e+17 2.4243847046020406e+17 2.327535988036247e+17 2.2270592092436653e+17 2.122096543228075e+17 2.0563858816696934e+17 2.011152233207345e+17 1.9406381205991584e+17 1.8914113047162614e+17 1.8130908614136042e+17 1.756795943512741e+17 1.7269812584014493e+17 1.6957443286285014e+17 1.662739367565942e+17 1.6274636304494435e+17 1.5891408919553594e+17 1.496995441455569e+17 1.4351081836692637e+17 1.3423171426701027e+17
9550.001337925589 3.3642902386673306e+17 3.22608285481663e+17 3.0805363129924736e+17 2.927001059425498e+17 2.7647494065436477e+17 2.5929024540935037e+17 2.4102277984936954e+17 2.3141962351554122e+17 2.2144269221410614e+17 2.1100896653761712e+17 2.0447262022002835e+17 1.9997159629979622e+17 1.9295252711693795e+17 1.88050634470413e+17 1.8024784082720845e+17 1.7463538909933386e+17 1.7166109224422915e+17 1.685431695287394e+17 1.652464484399855e+17 1.6171973872315376e+17 1.5788395176260774e+17 1.486371389615958e+17 1.4240494535181933e+17 1.330306994955303e+17
9570.001340727518 3.3776260193881984e+17 3.2358314078707174e+17 3.0873481291319654e+17 2.931566098473877e+17 2.767758086878665e+17 2.5950190326448378e+17 2.4120417448063168e+17 2.3160460219003648e+17 2.2164129646294122e+17 2.1122905282370154e+17 2.0470855719932957e+17 2.002190998955942e+17 1.932188221595136e+17 1.883304363864374e+17 1.8054982689009062e+17 1.7495411735800803e+17 1.719891222849577e+17 1.688813962632953e+17 1.6559609969054454e+17 1.6208255176956854e+17 1.5826247213055763e+17 1.490615122351308e+17 1.4286795412393922e+17 1.335633189503463e+17
9590.001343529459 3.4213056721590835e+17 3.2773144258647654e+17 3.126448805157675e+17 2.968053398788818e+17 2.801372974204071e+17 2.6254834243270246e+17 2.4390620149858406e+17 2.341230582807871e+17 2.2396864744150538e+17 2.1335799596418957e+17 2.0671484748625398e+17 2.0214211500261984e+17 1.950146366060271e+17 1.9004002584320445e+17 1.8212841674837526e+17 1.7644503698931334e+17 1.7343654966284154e+17 1.7028593768745622e+17 1.6695885128515357e+17 1.6340539055962618e+17 1.5954858446435795e+17 1.502952232547201e+17 1.4410066980194202e+17 1.3484513983314696e+17
9610.001346331397 3.383498970500155e+17 3.2419749452186285e+17 3.0936899723844346e+17 2.937993009218262e+17 2.7741164898115664e+17 2.6011122088920538e+17 2.417629134316189e+17 2.3212793540739754e+17 2.2212202389652515e+17 2.1165982387947818e+17 2.0510570040276947e+17 2.005922605919515e+17 1.935534737811809e+17 1.886376707458961e+17 1.8081308079439856e+17 1.7518601493747603e+17 1.722047081005732e+17 1.6908025714099382e+17 1.6577784594746557e+17 1.62246880439086e+17 1.584092655009182e+17 1.4917521557667917e+17 1.4297005720202706e+17 1.3366821524099923e+17
9630.00134913334 3.384595952486027e+17 3.243741473536417e+17 3.0961015371964845e+17 2.9410280594995795e+17 2.7777516845210608e+17 2.60532473208935e+17 2.422402665069632e+17 2.3263262029288634e+17 2.2265384576859632e+17 2.12218737007009e+17 2.0568131070936438e+17 2.011793426373116e+17 1.941588398946885e+17 1.8925633155701094e+17 1.8145476161401456e+17 1.7584659240583206e+17 1.7287645849344582e+17 1.6976482923249424e+17 1.6647747123610605e+17 1.6296463921061344e+17 1.5914956880740995e+17 1.499843281230838e+17 1.4383768568121582e+17 1.3463741666262901e+17
9650.001351935278 3.311994374519725e+17 3.173776339185232e+17 3.0290687324188e+17 2.8772539195226694e+17 2.717610114819205e+17 2.549243903013708e+17 2.3708655972918464e+17 2.277264325787459e+17 2.180102095018357e+17 2.078539226381017e+17 2.014921179497085e+17 1.9711096624892822e+17 1.9027733623066726e+17 1.8550324430382458e+17 1.7789952779230944e+17 1.7242568310431987e+17 1.6952280130436134e+17 1.664778955708469e+17 1.63255950866768e+17 1.5980592286213037e+17 1.5604879672119734e+17 1.4696401252346275e+17 1.4081151986128488e+17 1.3150772699753234e+17
9670.001354737218 3.3235954499855584e+17 3.185007095768432e+17 3.0398548073889683e+17 2.8875206688645843e+17 2.7272916275365472e+17 2.558282980508794e+17 2.3792123535399142e+17 2.2852494374154752e+17 2.1877139177717194e+17 2.0857661410910794e+17 2.021910523838967e+17 1.977937095983517e+17 1.9093528062639603e+17 1.8614425581545696e+17 1.78514555767746e+17 1.7302313345243766e+17 1.7011146947637738e+17 1.6705788091933795e+17 1.6382747280111782e+17 1.6036943858741046e+17 1.5660519186940544e+17 1.4751305826492294e+17 1.4136603681028378e+17 1.3208067055439898e+17
9690.001357539148 3.3807248364803866e+17 3.239801531963693e+17 3.0920694839550074e+17 2.936869083929518e+17 2.7734315796507408e+17 2.6008121304908474e+17 2.417671768437296e+17 2.321486416530419e+17 2.2215975680272842e+17 2.1171620130510883e+17 2.0517463078092806e+17 2.006703811420357e+17 1.9364691207773648e+17 1.8874257937850106e+17 1.8093771842644867e+17 1.7532604585099536e+17 1.7235336134090054e+17 1.6923832473411814e+17 1.6594634733356906e+17 1.624271363390833e+17 1.5860310245197888e+17 1.4940574762640982e+17 1.4322863327911002e+17 1.3397251692700554e+17
9710.001360341088 3.354382724107756e+17 3.2149187814780915e+17 3.068729967569296e+17 2.915167210472513e+17 2.753467169689464e+17 2.582702577014702e+17 2.4015447418313597e+17 2.3063994192079104e+17 2.2075822756922717e+17 2.1042502029664694e+17 2.0395123065294387e+17 1.994928493613599e+17 1.9253952034944234e+17 1.876830357928181e+17 1.799521803129941e+17 1.74391995872755e+17 1.714459451502833e+17 1.6835830555909395e+17 1.650946565855843e+17 1.6160495170460435e+17 1.578119298452346e+17 1.4868346294658826e+17 1.4254655204311197e+17 1.3333693938784552e+17
9730.001363143028 3.335359461185933e+17 3.1967077874359866e+17 3.0514086881228256e+17 2.8988322670790394e+17 2.7382195969186912e+17 2.5686512573840746e+17 2.3887976232867098e+17 2.294348225094973e+17 2.1962600588713392e+17 2.093692840027276e+17 2.0294333121944048e+17 1.9851770729690253e+17 1.9161473924328554e+17 1.8679245972940877e+17 1.7911317159939827e+17 1.7358659413923882e+17 1.7065666029719834e+17 1.675843194998102e+17 1.6433472378600563e+17 1.6085716764051923e+17 1.5707334063283158e+17 1.4794561178746454e+17 1.4178950547120371e+17 1.3252377766023062e+17
9750.001365944969 3.330959462517349e+17 3.19344337331457e+17 3.049303723742368e+17 2.897886361891188e+17 2.7384353789574435e+17 2.5700028550790893e+17 2.3912382550443203e+17 2.297302509950196e+17 2.1997002155774845e+17 2.097584647703883e+17 2.0335775670035005e+17 1.9894826519146726e+17 1.9206850049088944e+17 1.8726129520594675e+17 1.796048422709684e+17 1.7409451935137725e+17 1.7117342759967542e+17 1.681107205628696e+17 1.6487188538753555e+17 1.6140674142615766e+17 1.5763778874539046e+17 1.4855370588612538e+17 1.4243415208103013e+17 1.3323279077809344e+17
9770.001368746907 3.35031088018076e+17 3.211981080901567e+17 3.0669384599683834e+17 2.914516919460688e+17 2.7539315343657667e+17 2.5842240595936064e+17 2.404022986261873e+17 2.309305874074603e+17 2.21087873391428e+17 2.1078978648703062e+17 2.043352998151632e+17 1.998891485929169e+17 1.929532913286975e+17 1.8810799635901773e+17 1.8039343379787926e+17 1.7484396434628538e+17 1.7190329255465002e+17 1.6882108091566714e+17 1.6556296874429597e+17 1.620789801315025e+17 1.5829197980822467e+17 1.4917754147569674e+17 1.4305012385672187e+17 1.338567615627942e+17
9790.001371548848 3.2928087758149203e+17 3.1570546782880896e+17 3.014814261726217e+17 2.86544028734832e+17 2.7081872968575008e+17 2.542108187970014e+17 2.3658561085614237e+17 2.273236529121059e+17 2.176989485746445e+17 2.076266744037233e+17 2.0131121300098262e+17 1.9695904305294093e+17 1.9016574603452566e+17 1.8541613410211814e+17 1.778448217714685e+17 1.7238916139742723e+17 1.6949418873857024e+17 1.664563401467921e+17 1.6324058586475325e+17 1.597959435142884e+17 1.5604364587063475e+17 1.4697074823542688e+17 1.4083232979284702e+17 1.315633908196661e+17
9810.001374350779 3.3770727042708115e+17 3.237930385347051e+17 3.091914252355533e+17 2.938317669806572e+17 2.7763445644503872e+17 2.6049982872011232e+17 2.4228983070308243e+17 2.32713407234347e+17 2.2276005425132797e+17 2.123460841328738e+17 2.0582011336716077e+17 2.013257784836824e+17 1.943173657863824e+17 1.8942395444797165e+17 1.8163903462484752e+17 1.7604541322420013e+17 1.7308419319417894e+17 1.6998301540924995e+17 1.6670817448820867e+17 1.6321069320743328e+17 1.5941505463473987e+17 1.503115712327788e+17 1.442208602834237e+17 1.3512443462277854e+17
9830.001377152717 3.354402067830403e+17 3.216191907704974e+17 3.071208256844115e+17 2.918781194678656e+17 2.7581261107730477e+17 2.5882813464621587e+17 2.4078904812378122e+17 2.313067669802188e+17 2.2145386967349565e+17 2.1114709195490592e+17 2.0468905043160666e+17 2.0024168526876925e+17 1.9330649278314877e+17 1.8846392116890525e+17 1.807586012033026e+17 1.752202120240061e+17 1.7228714547703712e+17 1.6921431753955738e+17 1.6596777135217824e+17 1.624981016949785e+17 1.5872898476128058e+17 1.4966673750162432e+17 1.435795362222161e+17 1.3444675186153594e+17
9850.00137995466 3.381454821803382e+17 3.2426120268734464e+17 3.0968052266322784e+17 2.9433248592857043e+17 2.781342127958468e+17 2.6098465786962832e+17 2.4274361925919267e+17 2.331452907732913e+17 2.2316565890373907e+17 2.1272133893343472e+17 2.0617534692103472e+17 2.016670023722397e+17 1.946367149676641e+17 1.8972825647623782e+17 1.8192035152331187e+17 1.7631144060971914e+17 1.733427393992507e+17 1.702343178965876e+17 1.6695261400171232e+17 1.6344892028221334e+17 1.596481576166387e+17 1.5054179843298218e+17 1.444590127481998e+17 1.3539102584966797e+17
9870.001382756598 3.3580846285976986e+17 3.221140169549519e+17 3.077313411346596e+17 2.925892022335089e+17 2.76603552183821e+17 2.5967150545633002e+17 2.416498570483296e+17 2.3216062788798854e+17 2.2228904916128576e+17 2.1195151284448387e+17 2.0546898454903405e+17 2.0100269423430912e+17 1.9403537221283402e+17 1.891689172316248e+17 1.8142439846009546e+17 1.7585824051121232e+17 1.7291113355658486e+17 1.6982449669841946e+17 1.665647785390639e+17 1.6308327572941894e+17 1.5930489626876608e+17 1.5024364269133437e+17 1.4418345011829366e+17 1.3513941451955835e+17
9890.001385558538 3.361292447569097e+17 3.2245922207858246e+17 3.080933121748367e+17 2.92958062971264e+17 2.7696788511505437e+17 2.6001737403827648e+17 2.4196094935832986e+17 2.3244815947501283e+17 2.225490437223016e+17 2.121802810265572e+17 2.0567760578238733e+17 2.0119747703050262e+17 1.9420894379896595e+17 1.8932821768275798e+17 1.815624864693907e+17 1.7598260828374198e+17 1.7302888940606342e+17 1.699358546985269e+17 1.6667005264936797e+17 1.6318287904556323e+17 1.593993928466041e+17 1.5033085222919402e+17 1.4426995224431296e+17 1.3523029609326008e+17
9910.001388360479 3.350885279949978e+17 3.214853087131844e+17 3.071912414129316e+17 2.921346023807352e+17 2.76230507373409e+17 2.5937410187360877e+17 2.4142078059949725e+17 2.3196261496299555e+17 2.2211995438118858e+17 2.1180916547931168e+17 2.053419579862373e+17 2.0088574426930198e+17 1.939333601828624e+17 1.8907698838474445e+17 1.813482016369538e+17 1.757933296962081e+17 1.7285226466527155e+17 1.6977200777685472e+17 1.6651915002121872e+17 1.630451358319725e+17 1.5927510882028138e+17 1.502348233117595e+17 1.4418884743190054e+17 1.3516347948000883e+17
9930.001391162408 3.370187680076667e+17 3.2324643737331526e+17 3.087733715110896e+17 2.9352764761080634e+17 2.7742484630446464e+17 2.6036177035140128e+17 2.4219694830007037e+17 2.3263313919047664e+17 2.2268637334624275e+17 2.1227441708240592e+17 2.057485346248474e+17 2.0125420719963856e+17 1.94246621230788e+17 1.8935483113991094e+17 1.8157528027071402e+17 1.7598837853178966e+17 1.73031908219281e+17 1.699367143592292e+17 1.6666940947491104e+17 1.631815045571173e+17 1.5939821388433834e+17 1.5033385084019216e+17 1.4427773799211725e+17 1.352449173186238e+17
9950.001393964349 3.362980648751818e+17 3.2257530440427936e+17 3.08154877271879e+17 2.9296459358743386e+17 2.7692042636851008e+17 2.5992016970546582e+17 2.4182287762674982e+17 2.3229471411562256e+17 2.2238505194988672e+17 2.1201178065794784e+17 2.0550991155127066e+17 2.0103194931026762e+17 1.940494137956658e+17 1.8917477361389894e+17 1.814217376439958e+17 1.7585319270094326e+17 1.729061947914215e+17 1.6982071766211866e+17 1.6656346204651027e+17 1.6308603575126646e+17 1.593138316387189e+17 1.502748506124094e+17 1.442346390533907e+17 1.3522315471649627e+17
9970.001396766289 3.364533489852867e+17 3.227655186170534e+17 3.0837597282351136e+17 2.932125394184968e+17 2.771888946958714e+17 2.602009261797093e+17 2.421056087885912e+17 2.325737762931964e+17 2.2265703256695987e+17 2.1227310765441306e+17 2.0576319055380624e+17 2.0127922449791366e+17 1.9428679087390832e+17 1.8940503928320672e+17 1.816408929630014e+17 1.7606497144874416e+17 1.7311444935047882e+17 1.7002569179107677e+17 1.6676554879506045e+17 1.6328589096516464e+17 1.5951253060231843e+17 1.5047842592067235e+17 1.4444992851196016e+17 1.3547221540514584e+17
9990.001399568227 3.3579758605241875e+17 3.2218698558318803e+17 3.0787782485823264e+17 2.927973565314109e+17 2.768576484857818e+17 2.5995321445943984e+17 2.4193843595935222e+17 2.324445041169788e+17 2.2256345881191702e+17 2.122123477976931e+17 2.0572036364463434e+17 2.0124762460443974e+17 1.9427077422824237e+17 1.8939854835814845e+17 1.816474402250497e+17 1.7607943944003965e+17 1.7313268978927978e+17 1.700476436642548e+17 1.6679121996116726e+17 1.6331539788621197e+17 1.5954621500689126e+17 1.5052370119880445e+17 1.4450590256532365e+17 1.3555128516747149e+17
10025.001404471599 3.345056036761062e+17 3.209929592107648e+17 3.0676958204318355e+17 2.917635989691405e+17 2.7588987753946432e+17 2.5904507566899466e+17 2.4108809684518426e+17 2.316245862609581e+17 2.2177630424296563e+17 2.1146206886264026e+17 2.0499506003160144e+17 2.00540402083126e+17 1.9359326077464605e+17 1.8874275785087997e+17 1.8102737478272413e+17 1.754852637801829e+17 1.7255200668244064e+17 1.694806939212364e+17 1.6623808357526422e+17 1.6277586868244672e+17 1.5901955229995926e+17 1.5001525709080355e+17 1.439952656279226e+17 1.3501097994894864e+17
10075.001411476498 3.3231324302010586e+17 3.190634821999302e+17 3.050927886153989e+17 2.903252664180673e+17 2.7467348419517056e+17 2.5803242372484506e+17 2.402584303957408e+17 2.3087865648921085e+17 2.2110959239898586e+17 2.1087065034089853e+17 2.0444748110070435e+17 2.0002180961198704e+17 1.9311815564014182e+17 1.882970544695048e+17 1.8062708146873802e+17 1.7511675846556595e+17 1.7220004729759338e+17 1.6914586079676778e+17 1.659210625315857e+17 1.6247750923347174e+17 1.5874089321913443e+17 1.4978023835229142e+17 1.4378494135099336e+17 1.34827562914938e+17
10125.001418481299 3.3266004336555514e+17 3.1932510684155296e+17 3.0529239386046784e+17 2.904857062591178e+17 2.7481708767727085e+17 2.5817784189888435e+17 2.40419302585731e+17 2.3105027424577056e+17 2.2129246813096218e+17 2.1106418536055805e+17 2.0464678317103034e+17 2.0022458266217427e+17 1.933255551999218e+17 1.885071531368792e+17 1.808411172382739e+17 1.7533392664187613e+17 1.7241929001996115e+17 1.6936777432385046e+17 1.661466291922513e+17 1.6270829027162784e+17 1.589794494551275e+17 1.500513796115845e+17 1.4409411063554797e+17 1.3522520227032864e+17
10175.001425486198 3.294780035027736e+17 3.1640456922422246e+17 3.0264424359531866e+17 2.881209903713134e+17 2.7274510592444195e+17 2.5640585032142064e+17 2.3895063989625747e+17 2.2973274288049654e+17 2.2012423101695357e+17 2.1004270427640582e+17 2.0371177847884582e+17 1.993464670848164e+17 1.9253173678204742e+17 1.877689980908246e+17 1.8018591207990304e+17 1.7473402704666672e+17 1.7184715336607843e+17 1.688235698252831e+17 1.6563058616698768e+17 1.622207300590358e+17 1.5852079923573277e+17 1.4965244852900586e+17 1.4372657698526211e+17 1.3489158907686998e+17
10225.001432490999 3.293961494926559e+17 3.16319891383747e+17 3.025556684822212e+17 2.880291816521319e+17 2.7265003113302454e+17 2.5630858266818778e+17 2.388550438489398e+17 2.2964040144752995e+17 2.200379994689024e+17 2.0996642122915696e+17 2.0364389906018886e+17 1.9928547333613405e+17 1.9248324696259155e+17 1.877304675997313e+17 1.8016544876363696e+17 1.7472828709820432e+17 1.7184985245956074e+17 1.6883563547479546e+17 1.6565320120028208e+17 1.6225549534606214e+17 1.585699889903696e+17 1.497435084110544e+17 1.4385383519609632e+17 1.3508937519091485e+17
10275.001439495898 3.30521296967813e+17 3.1741714956482106e+17 3.036128913618908e+17 2.8903182275093056e+17 2.7358189087120147e+17 2.5715080089117904e+17 2.3958644132029875e+17 2.3030844528605824e+17 2.2063779613293005e+17 2.1049370541325734e+17 2.0412596758829053e+17 1.997368523757685e+17 1.9288816932814176e+17 1.881043141416101e+17 1.8049306734950627e+17 1.7502588458710547e+17 1.7213294139875098e+17 1.691047593951474e+17 1.6590914170233194e+17 1.62499413261425e+17 1.5880370048358845e+17 1.49967937552233e+17 1.4408659694161861e+17 1.3535670387432075e+17
10325.001446500699 3.256380272120442e+17 3.128368840176952e+17 2.993543458951982e+17 2.8511424253223158e+17 2.7002659648991578e+17 2.5397981425756976e+17 2.3682348849084195e+17 2.2775815644510003e+17 2.1830554668932246e+17 2.083847918124978e+17 2.0215348578150346e+17 1.9785637496258534e+17 1.9114712901114387e+17 1.8645721838872752e+17 1.789882669397961e+17 1.7361670120543405e+17 1.7077168900550298e+17 1.6779141152903693e+17 1.6464357702867488e+17 1.6128130907559344e+17 1.5763243352787754e+17 1.488859558848196e+17 1.4304444790285592e+17 1.3434777418988706e+17
10375.001453505498 3.24905440133258e+17 3.121771154267432e+17 2.987680899161167e+17 2.8460000693558432e+17 2.6958176998584806e+17 2.5360079604844726e+17 2.3650448662769574e+17 2.274663031797144e+17 2.1803896221793037e+17 2.0814140395660797e+17 2.0192323030100118e+17 1.9763456853086845e+17 1.909378009112581e+17 1.8625610788631715e+17 1.7879961421415347e+17 1.7343665067080294e+17 1.7059610671610134e+17 1.676204881683482e+17 1.6447757545432598e+17 1.611206020615099e+17 1.5747758170795834e+17 1.487461147456072e+17 1.429158471049923e+17 1.3423795245856898e+17
10425.001460510399 3.270662614267509e+17 3.142458905731963e+17 3.0072984955249914e+17 2.8643823973557315e+17 2.7127780900831318e+17 2.5513416499633856e+17 2.3785306944580346e+17 2.2871447573599693e+17 2.1918200731517555e+17 2.0917591041479648e+17 2.028914467458963e+17 1.9855845301144208e+17 1.9179548163544925e+17 1.8707034131689914e+17 1.7955081138173286e+17 1.7414848871948566e+17 1.7128958137519514e+17 1.6829686259847773e+17 1.6513855087601133e+17 1.617685354513939e+17 1.5811583002594554e+17 1.493832899001094e+17 1.4357150441482496e+17 1.3494678079419946e+17
10475.0014675152 3.237868477758622e+17 3.112244594050812e+17 2.9797338621203866e+17 2.8395382642014672e+17 2.690707161303535e+17 2.532070459736166e+17 2.362061594689301e+17 2.2720663576394637e+17 2.1781181842436573e+17 2.0794157203827235e+17 2.0173767129248528e+17 1.9745798994685315e+17 1.9077446698438714e+17 1.861018384778247e+17 1.7866033464602938e+17 1.7330936751693962e+17 1.704758623091555e+17 1.6750829323954115e+17 1.6437479771847405e+17 1.610291804091763e+17 1.5740035617682733e+17 1.4871367383202122e+17 1.4292460074378509e+17 1.343281682307518e+17
10525.001474520097 3.250079817612379e+17 3.123793261483407e+17 2.99054432459729e+17 2.8495409637502218e+17 2.699818836962314e+17 2.540226359576957e+17 2.3691820448283027e+17 2.2786462650906995e+17 2.1841503328202714e+17 2.0848983637049472e+17 2.022534657731548e+17 1.9795260479813146e+17 1.912383210972596e+17 1.8654627087711866e+17 1.790783277332553e+17 1.7371260191878733e+17 1.7087306513505914e+17 1.6790072298607965e+17 1.6476413643458467e+17 1.6141774593837494e+17 1.577914535683473e+17 1.491278154760654e+17 1.4336896165556803e+17 1.3483688608834592e+17
10575.001481524898 3.214771604347301e+17 3.0909362575439315e+17 2.960237795850743e+17 2.8218863677301344e+17 2.674924897143376e+17 2.5181734421108205e+17 2.3500510843240224e+17 2.2610030381243798e+17 2.1680055455748058e+17 2.070262868561876e+17 2.0088106976231328e+17 1.9664121257468496e+17 1.900188272004217e+17 1.8538841408751437e+17 1.7801344990434717e+17 1.7271003455177424e+17 1.699016915204848e+17 1.6696049688680026e+17 1.6385496652851568e+17 1.6053940138278394e+17 1.5694348022117334e+17 1.483374379500956e+17 1.4260378033321523e+17 1.340909836567918e+17
10625.001488529797 3.20805516833268e+17 3.085124384441259e+17 2.9553278656714246e+17 2.817848442893924e+17 2.6717192921600858e+17 2.5157511429413152e+17 2.348337269489169e+17 2.2596099084026832e+17 2.1669073415182595e+17 2.0694388517847603e+17 2.0081427592150154e+17 1.9658458418179597e+17 1.8997754075325328e+17 1.8535756481684246e+17 1.7799937407473085e+17 1.727085956750124e+17 1.6990731513660608e+17 1.6697392906637613e+17 1.6387718696803363e+17 1.605718028894874e+17 1.5698808081228022e+17 1.4841780114987526e+17 1.42714608881892e+17 1.342581198434776e+17
10675.001495534598 3.1669847027738157e+17 3.0474038810794656e+17 2.921004243684534e+17 2.786957623868387e+17 2.6442866334798374e+17 2.4917760160347405e+17 2.327787673348652e+17 2.2407469299415574e+17 2.1497114425551258e+17 2.053884925380811e+17 1.9935632630171242e+17 1.951912593836146e+17 1.8868074869226166e+17 1.8412502482288707e+17 1.768633736161728e+17 1.7163709352989606e+17 1.6886809960736992e+17 1.6596696974731648e+17 1.629023756085344e+17 1.596288776681043e+17 1.560764792922142e+17 1.4756407510452867e+17 1.4188292196111278e+17 1.334321474416886e+17
10725.001502539499 3.182146565438614e+17 3.0609850927888864e+17 2.932972859822334e+17 2.797304183110775e+17 2.653005188261223e+17 2.498876626846494e+17 2.333316273131039e+17 2.2455211300525043e+17 2.1537651109199658e+17 2.057260111757288e+17 1.996558015512244e+17 1.954666634039458e+17 1.8892232081636672e+17 1.8434591856837194e+17 1.7705660888442595e+17 1.718149060723319e+17 1.6903940142146266e+17 1.6613277304533395e+17 1.6306397679353744e+17 1.5978792602417395e+17 1.5623521920661555e+17 1.477339070428186e+17 1.4207034903374171e+17 1.3365985261089186e+17
10775.001509544298 3.150453859257848e+17 3.031570088519957e+17 2.90598290136841e+17 2.772867897946332e+17 2.63125575179928e+17 2.479938303189834e+17 2.3172863704988118e+17 2.230971737659346e+17 2.1407032070385354e+17 2.0456893623304646e+17 1.985881600393497e+17 1.9445859779821018e+17 1.8800377047799264e+17 1.8348717818240154e+17 1.7628821201313594e+17 1.7110758911373226e+17 1.6836311905191382e+17 1.6548802326910742e+17 1.6245144576988848e+17 1.5920866303112058e+17 1.5569082090922685e+17 1.4726898267857248e+17 1.4165696394549802e+17 1.333249155741568e+17
10825.001516549199 3.085085282596908e+17 2.9704854864045466e+17 2.8494621385872646e+17 2.7212333982547306e+17 2.5848457276953155e+17 2.4391196355394035e+17 2.2824284875990467e+17 2.1992226352964304e+17 2.1121414042892813e+17 2.0203830850291536e+17 1.962556479323995e+17 1.9225936693845664e+17 1.8600610891119466e+17 1.8162514234159392e+17 1.7463202489871763e+17 1.6959078451189142e+17 1.6691682618634134e+17 1.641129138400083e+17 1.6114832495122595e+17 1.5797845877195702e+17 1.5453466573227738e+17 1.4626545813221056e+17 1.407331461291468e+17 1.3248632188162403e+17
10875.001523553998 3.107504697779725e+17 2.9916584800595994e+17 2.8692459889622128e+17 2.7394632678775853e+17 2.6013435291429088e+17 2.453677426172348e+17 2.2948442943730672e+17 2.2104974628148957e+17 2.122233692354905e+17 2.02926294156422e+17 1.9707008511372355e+17 1.9302460447056234e+17 1.8669750100256746e+17 1.8226753502346662e+17 1.752015658022613e+17 1.7011259363546125e+17 1.674152202251114e+17 1.645883704641819e+17 1.6160153089951024e+17 1.584104800770632e+17 1.5494715225897616e+17 1.466492065015572e+17 1.4111470189352264e+17 1.3289080091171942e+17
10925.001530558799 3.1145874020324045e+17 2.9992605812376595e+17 2.8768670398373334e+17 2.746586426036759e+17 2.607481362142553e+17 2.4584181878766125e+17 2.2979013240252624e+17 2.2126699989824467e+17 2.123539242460632e+17 2.0297627984182582e+17 1.9707638674638995e+17 1.93004133101838e+17 1.8664132527412048e+17 1.821906640850094e+17 1.750986019666695e+17 1.6999568514187194e+17 1.672924371199196e+17 1.6446048538520995e+17 1.614693982019898e+17 1.5827504484031053e+17 1.5480956746693917e+17 1.4651246877403133e+17 1.4098311428730315e+17 1.3277262922434147e+17
10975.0015375637 3.012555615083202e+17 2.900306086530348e+17 2.7820165474622256e+17 2.6570245524908166e+17 2.5245480126501776e+17 2.3835956739115293e+17 2.232782236223967e+17 2.1530063025310234e+17 2.0697193257069744e+17 1.9821379844397523e+17 1.9270048197826266e+17 1.8889134404621494e+17 1.8293026021333626e+17 1.7875144410446883e+17 1.7207216624023254e+17 1.6724709983127952e+17 1.646833442878621e+17 1.619911456630345e+17 1.5913988760390096e+17 1.5608521723864688e+17 1.5275885983851754e+17 1.447341836989663e+17 1.3933197725744325e+17 1.3122834564312928e+17
11025.001544568497 3.025184568691476e+17 2.910955234579289e+17 2.790689656096233e+17 2.6637579915932138e+17 2.529399729697878e+17 2.3866523892163434e+17 2.2341901362679565e+17 2.1536678549832637e+17 2.0697011275948426e+17 1.9815203599730502e+17 1.9260724073080208e+17 1.8877923482888963e+17 1.827931565559212e+17 1.7860010290654432e+17 1.719035873363205e+17 1.6707016388438147e+17 1.6450336223999123e+17 1.6180900924825437e+17 1.589566702328905e+17 1.5590222899357613e+17 1.5257779870892813e+17 1.4456519100339814e+17 1.3917699280324405e+17 1.3110212557608501e+17
11075.001551573398 3.050761301287156e+17 2.935474384689627e+17 2.813981594189494e+17 2.6856156189675213e+17 2.54955880448334e+17 2.4048057588430864e+17 2.2499541582795792e+17 2.1680737307338806e+17 2.0826339189251904e+17 1.992865168214734e+17 1.9364115775193878e+17 1.8974396693222077e+17 1.836514373163831e+17 1.793857553802518e+17 1.7257832885574432e+17 1.6767033302185184e+17 1.650663094958735e+17 1.6233501182237302e+17 1.5944625622415e+17 1.56356349292879e+17 1.5299811194325075e+17 1.4492932844376445e+17 1.3952757917536469e+17 1.3147058081381949e+17
11125.001558578197 3.032775269093287e+17 2.919067410158889e+17 2.7991948721756992e+17 2.6724444619249664e+17 2.5379874774387226e+17 2.3948042212464166e+17 2.2414612864345363e+17 2.1603060572831216e+17 2.075567183150459e+17 1.9864804562899206e+17 1.930427821496373e+17 1.8917221338224534e+17 1.8311931264204246e+17 1.788801559255548e+17 1.7211308573622685e+17 1.6723261542240912e+17 1.646426796174308e+17 1.619257886733862e+17 1.590518635132477e+17 1.5597740408962128e+17 1.526355592828542e+17 1.446056862136426e+17 1.3923156992697138e+17 1.3122294749321288e+17
11175.001565583098 3.034575287165762e+17 2.921633437271574e+17 2.8023815437173606e+17 2.6761026020078352e+17 2.541909660111722e+17 2.3986950403636045e+17 2.244972319798427e+17 2.1634762680480054e+17 2.0782976079806998e+17 1.9886689019763267e+17 1.932248762097138e+17 1.893282695843687e+17 1.832344643260575e+17 1.7896715298335168e+17 1.7215710167457322e+17 1.6724814985389843e+17 1.646442745432947e+17 1.6191375675014867e+17 1.59026733486054e+17 1.5593996114436496e+17 1.525870152145056e+17 1.4454221427466006e+17 1.3916931379188139e+17 1.3118069258761526e+17
11225.001572587898 3.042045592010426e+17 2.928668345345718e+17 2.808931973071876e+17 2.6820985968070493e+17 2.5472777869897936e+17 2.40337282381894e+17 2.2488871518715542e+17 2.1669811440730963e+17 2.0813748711783018e+17 1.991309138166586e+17 1.9346224306429325e+17 1.895479288023625e+17 1.8342761210056816e+17 1.7914291565602595e+17 1.72307913754744e+17 1.673836437935473e+17 1.647727993688564e+17 1.6203605337356685e+17 1.591437883635102e+17 1.5605323216777133e+17 1.5269865378264726e+17 1.446632954540132e+17 1.3930939307299498e+17 1.313680839269892e+17
11275.001579592797 2.9843628633423245e+17 2.875062323181828e+17 2.759598887447452e+17 2.6372247566543197e+17 2.5070591825844906e+17 2.3679865697139424e+17 2.2184853707775046e+17 2.1391227730840374e+17 2.0560827977990454e+17 1.9686026756729763e+17 1.9134764693392426e+17 1.8753768641337203e+17 1.815747902616756e+17 1.7739573096021933e+17 1.7072060362283757e+17 1.6590423667127334e+17 1.6334783810757766e+17 1.6066587288494086e+17 1.5782880113395062e+17 1.547938322889741e+17 1.514952646905084e+17 1.4357350846120155e+17 1.3827830398474691e+17 1.3040281488189038e+17
11325.001586597598 3.0207444233358637e+17 2.9096051285406163e+17 2.7920293332933734e+17 2.6672334067759664e+17 2.5342708689754448e+17 2.3919784969522406e+17 2.2387865415825146e+17 2.157394182698597e+17 2.072210200280245e+17 1.9824841402021517e+17 1.925973057533059e+17 1.8869385232671974e+17 1.8258948256689078e+17 1.7831581323757933e+17 1.714989448153354e+17 1.6658879650032835e+17 1.6398596204667142e+17 1.612580426227067e+17 1.5837566741561843e+17 1.5529635504096595e+17 1.519548903611488e+17 1.4395567620529014e+17 1.3863093544945573e+17 1.3074353736232174e+17
11375.0015936025 2.9793090056880006e+17 2.8697955538902275e+17 2.7540641790991088e+17 2.6313487365477702e+17 2.5007980058845866e+17 2.3612958962488906e+17 2.2113604072704736e+17 2.1317976116581395e+17 2.0485894318803354e+17 1.9609942432357597e+17 1.9058368819519046e+17 1.867736205668916e+17 1.808142478761647e+17 1.7664045662274147e+17 1.69978348586241e+17 1.651748591591862e+17 1.626264241525958e+17 1.5995364805381277e+17 1.571272011320825e+17 1.5410464193872374e+17 1.508207974593584e+17 1.4293993686366053e+17 1.3767678836573856e+17 1.2985620798730563e+17
11425.001600607298 2.961752619009266e+17 2.854042455353559e+17 2.740094637698397e+17 2.6191461789547885e+17 2.4902681571377898e+17 2.3523087491471354e+17 2.20370928630661e+17 2.1247144134742666e+17 2.0419993551428218e+17 1.9548180081154243e+17 1.89987504290841e+17 1.8619045699920557e+17 1.802491526367871e+17 1.7608672257194576e+17 1.6944162536690272e+17 1.6465017869503107e+17 1.6210827584671638e+17 1.5944262607007024e+17 1.5662411700035946e+17 1.5361070117330134e+17 1.5033782287522035e+17 1.4248982996025893e+17 1.372559931364848e+17 1.2949187091035075e+17
11475.0016076122 3.014330170489223e+17 2.903907529872483e+17 2.7869625816190022e+17 2.6626833584087542e+17 2.5301024966449654e+17 2.3880076160024883e+17 2.2347904957056778e+17 2.153300210913138e+17 2.0679649393704813e+17 1.9780445619206973e+17 1.9214080327600336e+17 1.88228964071456e+17 1.8211277782424512e+17 1.7783224721697178e+17 1.7100787973372605e+17 1.6609595060118912e+17 1.634937500850098e+17 1.6076793200972138e+17 1.5788965143374467e+17 1.5481730157592614e+17 1.5148702522037136e+17 1.4353545322901496e+17 1.382642069822121e+17 1.3049431013711435e+17
11525.001614616996 3.0205846168171424e+17 2.910405262203411e+17 2.7936099296150448e+17 2.6693451939443907e+17 2.5366155865447562e+17 2.3941731972852797e+17 2.2403674215232288e+17 2.1584766198868902e+17 2.0726661875227715e+17 1.9821896850792352e+17 1.925179254365055e+17 1.8857963807237523e+17 1.824214258301399e+17 1.7811141296051008e+17 1.712410782400461e+17 1.662977658299704e+17 1.6367988743915632e+17 1.6093859205312794e+17 1.5804529780832006e+17 1.549587648458892e+17 1.516158306862951e+17 1.4364938130871875e+17 1.3838379102323003e+17 1.3064759140259829e+17
11575.001621621797 2.9877740567147603e+17 2.8796048513003046e+17 2.7649337297831363e+17 2.6429122723831578e+17 2.512568911408013e+17 2.3726493707400566e+17 2.221500167970977e+17 2.1409881130735958e+17 2.0565881607849584e+17 1.9675619467176432e+17 1.9114410228302243e+17 1.8726591236271264e+17 1.811994713989088e+17 1.769518434078038e+17 1.701771887040045e+17 1.6529939533877174e+17 1.6271483760223798e+17 1.6000731705923613e+17 1.571482741167893e+17 1.5409652053027792e+17 1.507889836895371e+17 1.4289590698055854e+17 1.3766962691899925e+17 1.299798727715236e+17
11625.001628626698 2.9427683360182016e+17 2.83706940943853e+17 2.724980420387793e+17 2.6057057592078672e+17 2.478243100575525e+17 2.3413821098998566e+17 2.1934791821350704e+17 2.1146653112500042e+17 2.032011324757872e+17 1.9447885162418333e+17 1.8897803329841843e+17 1.8517550091326157e+17 1.7922516628054483e+17 1.750569717812145e+17 1.684051455046139e+17 1.6361216685612634e+17 1.610710727743297e+17 1.5840778608659526e+17 1.5559384085475722e+17 1.5258811731228714e+17 1.49327645245172e+17 1.4153240103734787e+17 1.3635727386167013e+17 1.2871914277817342e+17
11675.001635631497 2.964206549542812e+17 2.857932800450241e+17 2.745066566200557e+17 2.6247813762677795e+17 2.4960459185159994e+17 2.3575820033029517e+17 2.207724937922197e+17 2.1277927100783667e+17 2.0439322225988406e+17 1.9554170256579046e+17 1.899596690444656e+17 1.861015760370828e+17 1.8006616052321853e+17 1.758400664520845e+17 1.691000746019875e+17 1.6424756589107926e+17 1.6167663147700966e+17 1.589835320722611e+17 1.5613994741068976e+17 1.5310499137047018e+17 1.4981607683667712e+17 1.419699531316435e+17 1.3677787979602387e+17 1.2914555546942056e+17
11725.001642636398 3.0014330565087226e+17 2.893410687843283e+17 2.7786359574530272e+17 2.6562001950611542e+17 2.5250428229627846e+17 2.383825743934942e+17 2.230790206838951e+17 2.1490866192316525e+17 2.0633280481109107e+17 1.9727790851470586e+17 1.915676294578546e+17 1.876218048657478e+17 1.8145124183377485e+17 1.7713300259294637e+17 1.7025260754305034e+17 1.6530578332617498e+17 1.626878137362865e+17 1.5994808242403795e+17 1.5705862616682186e+17 1.539791459345273e+17 1.5064804791158387e+17 1.4273338927509594e+17 1.3752664751457845e+17 1.2992131581346483e+17
11775.001649641197 2.942988743938993e+17 2.838634661904212e+17 2.727676276293061e+17 2.6092479997771296e+17 2.4822877728439456e+17 2.3454787806916115e+17 2.1970859820255126e+17 2.117797164685834e+17 2.034517592241104e+17 1.946519511228246e+17 1.89098358336692e+17 1.8525859184433344e+17 1.7925010470540886e+17 1.7504215852851872e+17 1.6833097817628618e+17 1.6349984136598925e+17 1.6094064336996637e+17 1.5826027769802854e+17 1.554307422429766e+17 1.5241160297007587e+17 1.491409764239233e+17 1.4134484710278163e+17 1.3619240837949194e+17 1.2863062416128986e+17
11825.001656646098 2.902274891007848e+17 2.8003495167794358e+17 2.6921255519133238e+17 2.5767359938757786e+17 2.453170534232279e+17 2.3201218236727533e+17 2.1758741350916016e+17 2.0987930603661286e+17 2.0177979450452304e+17 1.9321497172767798e+17 1.8780473331550426e+17 1.8406117978980448e+17 1.7819788431794797e+17 1.7408709422141194e+17 1.6752233377317443e+17 1.627894028625484e+17 1.602796707566205e+17 1.5764912242583984e+17 1.5486998170710784e+17 1.5190212792631168e+17 1.4868424161709197e+17 1.4100320404468742e+17 1.3592044071284243e+17 1.2845619574873267e+17
11875.001663650899 2.9035717654951846e+17 2.801049351413817e+17 2.6920938458998234e+17 2.5758330757878704e+17 2.4512332544936534e+17 2.3169759752284202e+17 2.1713258851262262e+17 2.0934816789664186e+17 2.0116864570760342e+17 1.925218445257852e+17 1.8706260450885923e+17 1.8328689049461386e+17 1.77376644609556e+17 1.732357975936987e+17 1.6662869213456886e+17 1.618698032286687e+17 1.5934793112162352e+17 1.5670591397622506e+17 1.5391602822804272e+17 1.5093829837023197e+17 1.4771151625187526e+17 1.4001599477465899e+17 1.3492673204798096e+17 1.274478660052174e+17
11925.001670655798 2.972784811730524e+17 2.8670738734005776e+17 2.754552709004028e+17 2.6342909221169677e+17 2.5051627035924522e+17 2.3657655108134195e+17 2.2142621328856042e+17 2.133196899698873e+17 2.0479795126830778e+17 1.9578886140593712e+17 1.9010282456722486e+17 1.8617236682359363e+17 1.8002456757003395e+17 1.757220221645547e+17 1.6886770954402378e+17 1.6394146262991136e+17 1.6133536336754186e+17 1.5860897182376227e+17 1.5573490155243094e+17 1.5267364127923e+17 1.493649049343877e+17 1.4151909563526786e+17 1.363747298974388e+17 1.2889255145868862e+17
11975.001677660599 2.832590752581203e+17 2.734807375564644e+17 2.6308883121798986e+17 2.5200154511035798e+17 2.4011598032304256e+17 2.2730108039658048e+17 2.1338176911568022e+17 2.0593106159118426e+17 1.980910126380218e+17 1.8978712838764026e+17 1.845342308025789e+17 1.8089610089633376e+17 1.7519173192307504e+17 1.7118776864683437e+17 1.6478533981254058e+17 1.601626080496911e+17 1.5770876687051232e+17 1.551348226566409e+17 1.524130487421786e+17 1.4950353183152118e+17 1.4634514258924877e+17 1.3878797517703058e+17 1.3377112038367126e+17 1.2637911461972714e+17
12025.001684665496 2.9067361896834355e+17 2.8057792310139693e+17 2.6982695643157174e+17 2.583283415259493e+17 2.4596929606881274e+17 2.32609362859849e+17 2.1805969498323354e+17 2.102585459468466e+17 2.020436306611116e+17 1.9334042411037494e+17 1.8783675609139344e+17 1.8402703482288326e+17 1.780591281701802e+17 1.738757636754427e+17 1.6719949702789053e+17 1.623919370508901e+17 1.5984544067014477e+17 1.5717902394507907e+17 1.5436548631785206e+17 1.5136569138975638e+17 1.481198408138913e+17 1.4040853276847133e+17 1.35341840420729e+17 1.279617878725705e+17
12075.001691670297 2.8724621540996912e+17 2.7734794856666614e+17 2.668100538149332e+17 2.5554248331521456e+17 2.4343508147719158e+17 2.3034779794822768e+17 2.1609576798032406e+17 2.0845269661045098e+17 2.0040218000178054e+17 1.9186915712279203e+17 1.8647003768396768e+17 1.8273107773881325e+17 1.768705611298929e+17 1.727595024771734e+17 1.6619284691959722e+17 1.6145917963200454e+17 1.5894995287606915e+17 1.5632108032886624e+17 1.5354545737118246e+17 1.5058409160603795e+17 1.473775128547319e+17 1.3975012352625683e+17 1.3473252196036555e+17 1.2741954856672741e+17
12125.001698675198 2.915898452449355e+17 2.8145548908389363e+17 2.7065183589131005e+17 2.590818669188226e+17 2.4663010372111248e+17 2.331497487852972e+17 2.184478769171306e+17 2.1055795384115142e+17 2.0224506829231734e+17 1.9343624879595453e+17 1.8786607078364765e+17 1.8401121369162704e+17 1.7797474169526646e+17 1.737455698758058e+17 1.6700146410529216e+17 1.6215000731690374e+17 1.595822669621824e+17 1.5689535311908944e+17 1.5406234733824093e+17 1.5104453626240662e+17 1.4778291050053258e+17 1.4005355687897398e+17 1.3499395110790338e+17 1.2765638463922346e+17
12175.001705679997 2.9335129725177946e+17 2.8309254051551606e+17 2.721494945527614e+17 2.604245836814448e+17 2.4779879568381072e+17 2.34123465587719e+17 2.192047976126658e+17 2.1119810065456474e+17 2.0276408524984362e+17 1.938305715369174e+17 1.8818486022392323e+17 1.842795610644423e+17 1.7816823216326214e+17 1.738898667583419e+17 1.670735141996955e+17 1.6217545038889965e+17 1.5958499839231606e+17 1.5687585668518637e+17 1.5402125066294662e+17 1.509826590771683e+17 1.4770140341244234e+17 1.3993955010766333e+17 1.3487172497715925e+17 1.2754351781153925e+17
12225.001712684798 2.9245291902461984e+17 2.8226104509686698e+17 2.713880289339583e+17 2.597304793389895e+17 2.471713435518556e+17 2.3355861136578822e+17 2.1869750990000966e+17 2.1071642119622074e+17 2.023052986792463e+17 1.9339235353283814e+17 1.877577247450826e+17 1.838596669024141e+17 1.777583848932823e+17 1.734867925809298e+17 1.6668078280563443e+17 1.61790138649647e+17 1.5920373699131267e+17 1.5649898110250605e+17 1.5364917390940595e+17 1.5061603794336314e+17 1.4734121084099443e+17 1.3959787616059846e+17 1.3454593218019162e+17 1.272482239901611e+17
12275.001719689699 2.9021113088929594e+17 2.8019477264466122e+17 2.695008419125032e+17 2.5802747033277453e+17 2.4565720726511123e+17 2.3223515039589754e+17 2.1756264045094538e+17 2.0967351317613427e+17 2.013523605250416e+17 1.9252668761612093e+17 1.8694299986748717e+17 1.8307825200581603e+17 1.7702656423182384e+17 1.727877694238854e+17 1.6603099455587338e+17 1.611738268744315e+17 1.5860452543660106e+17 1.5591723978597347e+17 1.5308538681247197e+17 1.5007087419884134e+17 1.4681564307471187e+17 1.391166005975596e+17 1.340922369378953e+17 1.2683353239481926e+17
12325.001726694498 2.9030644549708826e+17 2.8025462389714166e+17 2.6951963010498813e+17 2.580015479920115e+17 2.4558143399178778e+17 2.3210565192155504e+17 2.1737662106849744e+17 2.0945855371781494e+17 2.0110902303957034e+17 1.922559804207834e+17 1.8665708818159066e+17 1.8278288526698483e+17 1.7671833856076387e+17 1.7247201978350608e+17 1.657063823191464e+17 1.6084507969717363e+17 1.5827443341348643e+17 1.5558635478550166e+17 1.5275444303532406e+17 1.497407946346365e+17 1.4648765229479533e+17 1.3879939619681778e+17 1.3378742215027798e+17 1.265548131853158e+17
12375.001733699399 2.897588720250449e+17 2.7977998003594925e+17 2.6911385633319315e+17 2.5766356997338877e+17 2.4530574461284202e+17 2.3188250653942384e+17 2.1719015648145642e+17 2.0928328597004253e+17 2.009381333438162e+17 1.920828087642064e+17 1.8647889665455712e+17 1.82599895103607e+17 1.7652617031920384e+17 1.7227246484342432e+17 1.654940134884499e+17 1.6062329120258486e+17 1.5804776938445178e+17 1.5535480318688688e+17 1.525180856914607e+17 1.494998578174142e+17 1.4624269296716118e+17 1.3855100215709115e+17 1.335440703114348e+17 1.263339361758586e+17
12425.001740704198 2.8731791511621386e+17 2.7746251456373226e+17 2.6693180296459248e+17 2.55628999859425e+17 2.434326092133501e+17 2.3018818729270026e+17 2.1569382153546394e+17 2.078937040157198e+17 1.9966098687889488e+17 1.9092280206972954e+17 1.8539209487565677e+17 1.8156301784150458e+17 1.7556614491978173e+17 1.7136501514656576e+17 1.64667923095749e+17 1.598535292312409e+17 1.5730695040325462e+17 1.5464355917432106e+17 1.518371902944071e+17 1.4885025887799552e+17 1.4562567626673398e+17 1.3800547455687018e+17 1.3304072934366306e+17 1.2588630675203464e+17
12475.001747709099 2.888275992300929e+17 2.7892927805517293e+17 2.6834274386023107e+17 2.5696565010866435e+17 2.4466934305038326e+17 2.3129418995425222e+17 2.1663183962781363e+17 2.0873101777437702e+17 2.0038526382056944e+17 1.9152238804683738e+17 1.859109025468307e+17 1.8202571855684928e+17 1.759414718094579e+17 1.716802680660774e+17 1.6489055079608314e+17 1.600128835213942e+17 1.574342557190345e+17 1.5473862841571158e+17 1.5189985991831997e+17 1.4888055423547184e+17 1.4562383255954368e+17 1.3794283631651662e+17 1.3295365337860056e+17 1.2579021117984803e+17
12525.0017547139 2.865510723430333e+17 2.767640433393871e+17 2.6629925820423626e+17 2.5505151836118653e+17 2.4289777019188374e+17 2.296777172906453e+17 2.1518236437919264e+17 2.0737043721303094e+17 1.991167789758749e+17 1.9034919744920656e+17 1.8479680094430608e+17 1.8095177178430378e+17 1.7492940911874035e+17 1.7071055711127062e+17 1.6398643596970662e+17 1.591541928565707e+17 1.5659886634968906e+17 1.5392689023868192e+17 1.5111220790235334e+17 1.481174161424423e+17 1.448856181955316e+17 1.3725555463355925e+17 1.3229229363748909e+17 1.2515642548215499e+17
12575.001761718797 2.8710314262663517e+17 2.773505823636521e+17 2.6690510155698314e+17 2.5566610072198512e+17 2.435031071708214e+17 2.302489729869553e+17 2.1569041240330176e+17 2.0783263271313427e+17 1.9952363439640464e+17 1.9069009096042192e+17 1.850928746481268e+17 1.8121603159459523e+17 1.7514290899401517e+17 1.7088829080568595e+17 1.6410827501041098e+17 1.592376286460136e+17 1.5666291823559344e+17 1.5397161832434173e+17 1.5113781940485325e+17 1.4812440274292656e+17 1.4487499420802262e+17 1.372172510385802e+17 1.3225020763846554e+17 1.2513316378688038e+17
12625.001768723598 2.858100054595996e+17 2.761391758258078e+17 2.6578098729738294e+17 2.546302047364178e+17 2.4255874245284125e+17 2.2939793196293702e+17 2.1493127703051216e+17 2.0711818590690755e+17 1.9885160829701808e+17 1.9005850037544893e+17 1.8448481068185978e+17 1.8062304445689974e+17 1.7457252924787536e+17 1.7033302902195008e+17 1.63576286278224e+17 1.5872190169810906e+17 1.5615566417687434e+17 1.5347317408308227e+17 1.5064862169050387e+17 1.476450339481388e+17 1.444062726438088e+17 1.3677437023133213e+17 1.3182543130804416e+17 1.2473871947178218e+17
12675.001775728497 2.8350172476981066e+17 2.739499087484423e+17 2.6372247372428506e+17 2.5271544780737485e+17 2.4079951108772013e+17 2.2781245545673984e+17 2.135358647143484e+17 2.058247613923197e+17 1.9766475067531968e+17 1.889821451894361e+17 1.8347648742091248e+17 1.796608692086e+17 1.7368028966815325e+17 1.6948816792679376e+17 1.6280358166472816e+17 1.579982993497741e+17 1.5545706319456102e+17 1.5279998524355946e+17 1.5000131567674147e+17 1.4702429908000486e+17 1.438130023894688e+17 1.3624101787392203e+17 1.3132733382730355e+17 1.2428723819441694e+17
12725.001782733298 2.8500490750433773e+17 2.7540253080426867e+17 2.65106777438796e+17 2.540132351592321e+17 2.4199051731951693e+17 2.2886678098137222e+17 2.144218135463065e+17 2.066114823421736e+17 1.9834186450438266e+17 1.8953909957943328e+17 1.8395640792004045e+17 1.8008760739196416e+17 1.740247964076671e+17 1.697764145703144e+17 1.6300559639063837e+17 1.5814189263772502e+17 1.5557129516968304e+17 1.5288475676266912e+17 1.5005669484292906e+17 1.4705050152204598e+17 1.4381058164695662e+17 1.3618632527560085e+17 1.3125408823892515e+17 1.2421412985806982e+17
12775.001789738199 2.8505282410982765e+17 2.7550732624988784e+17 2.6526112132163254e+17 2.5420424835269808e+17 2.42200502224453e+17 2.2907560048184048e+17 2.1460533751390282e+17 2.0677153325414016e+17 1.984698530058361e+17 1.896262857616496e+17 1.8401473226172154e+17 1.801250195619448e+17 1.7402857694644915e+17 1.6975636254090813e+17 1.6294816062747856e+17 1.580587457190014e+17 1.5547515143029453e+17 1.5277565505507107e+17 1.499347611477411e+17 1.4691605550988918e+17 1.4366435708903491e+17 1.3602259851843187e+17 1.310904118443328e+17 1.2407318110620651e+17
12825.001796742998 2.757249624370999e+17 2.6701922630853763e+17 2.575999457212714e+17 2.4735723839000413e+17 2.361521205092192e+17 2.2381118725170477e+17 2.1010784340243843e+17 2.026520280941881e+17 1.947255403740365e+17 1.8625470729062157e+17 1.8086593373986246e+17 1.7712447741788214e+17 1.712503366499874e+17 1.6712653848488374e+17 1.6054179283213398e+17 1.558022540917189e+17 1.5329386648150205e+17 1.5066968908807872e+17 1.4790405299870445e+17 1.4496018960978416e+17 1.4178224829080518e+17 1.3427723592290029e+17 1.2939696895149766e+17 1.2239152087002365e+17
12875.001803747798 2.815334983829942e+17 2.721646051825627e+17 2.6210748732898035e+17 2.5125827226198317e+17 2.3947736416757072e+17 2.2659469610001088e+17 2.123833623441893e+17 2.046832573377227e+17 1.9651822734286835e+17 1.8781234217341018e+17 1.82283936793576e+17 1.7844969569403328e+17 1.724365679068577e+17 1.6822004970989728e+17 1.6149608223430982e+17 1.566633715371559e+17 1.5410831644279914e+17 1.5143747969468653e+17 1.4862538784562778e+17 1.4563564133403056e+17 1.4241301876812779e+17 1.3482974891262824e+17 1.299273068992183e+17 1.2294338685217138e+17
12925.001810752696 2.7862613443399638e+17 2.6937215361022717e+17 2.594426984386807e+17 2.4873204896357792e+17 2.371077871023774e+17 2.2439890763214643e+17 2.1037916309220163e+17 2.0278429422934845e+17 1.947308379238109e+17 1.8614483283352384e+17 1.8069280398041834e+17 1.769116242401129e+17 1.709816357268005e+17 1.6682348875778675e+17 1.6019176902410288e+17 1.5542454908644182e+17 1.5290361843679898e+17 1.5026791549751747e+17 1.4749211343181235e+17 1.4453989800913392e+17 1.4135618202879366e+17 1.3385518949965286e+17 1.2899597956679088e+17 1.220548620489562e+17
12975.001817757497 2.8163440275278672e+17 2.7231281300276768e+17 2.623012604010479e+17 2.5148493619481424e+17 2.3972199855434102e+17 2.2683400618319792e+17 2.1258153436883117e+17 2.0484480957999683e+17 1.966298222602034e+17 1.8785926944524365e+17 1.8228461683843e+17 1.7841690185412502e+17 1.7234962830317277e+17 1.6809499717981072e+17 1.6131139963179994e+17 1.56438502988902e+17 1.5386358801256915e+17 1.511733787345694e+17 1.483426589420678e+17 1.453355687924503e+17 1.4209771380090587e+17 1.3449818349415066e+17 1.2960559417008229e+17 1.2267260436487309e+17
13025.001824762398 2.7980623878013405e+17 2.705972173409221e+17 2.607047474933944e+17 2.500132341946887e+17 2.383841816863814e+17 2.2563818412890742e+17 2.115350603532164e+17 2.0387524149923222e+17 1.9573725792764384e+17 1.870437815811985e+17 1.8151516801419587e+17 1.77677630054972e+17 1.7165499206826752e+17 1.6742967192603235e+17 1.6068953234466605e+17 1.5584535691301014e+17 1.5328493111869427e+17 1.5060932614292102e+17 1.4779355886354877e+17 1.4480187008871056e+17 1.41580236061457e+17 1.3401785881959976e+17 1.2914892482377626e+17 1.222487305748172e+17
13075.001831767197 2.808114994112722e+17 2.7160034568258227e+17 2.616918846177503e+17 2.509695265659289e+17 2.3929555969303334e+17 2.264758469201109e+17 2.1226652665174304e+17 2.0453780120609757e+17 1.9631820782639283e+17 1.8752966648860854e+17 1.819376040717689e+17 1.7805486283151597e+17 1.719605607189075e+17 1.6768501913480643e+17 1.608662259526855e+17 1.5596767171889418e+17 1.5337952044452534e+17 1.5067590082724365e+17 1.478318741104312e+17 1.448118270239221e+17 1.415619999275562e+17 1.3394698563643187e+17 1.2905893888412771e+17 1.2216092936217254e+17
13125.001838772097 2.7372698113713693e+17 2.6481998858526694e+17 2.552530894702268e+17 2.4491526575782432e+17 2.336725557825328e+17 2.213486869862525e+17 2.0771173832687987e+17 2.0030281129975037e+17 1.924299729068007e+17 1.8401644844207366e+17 1.7866324903279187e+17 1.7494622884322877e+17 1.6911049664370218e+17 1.6501438180162867e+17 1.5847598364357805e+17 1.5377281669277213e+17 1.5128521616194784e+17 1.4868422174016413e+17 1.459450663460407e+17 1.430323372903859e+17 1.3989243980526566e+17 1.3250547615796704e+17 1.2773470125448646e+17 1.2095303098084059e+17
13175.001845776898 2.745098638741935e+17 2.656466700049414e+17 2.561097927478634e+17 2.4579545115749898e+17 2.3455480872107475e+17 2.2220987589801203e+17 2.0851701280003187e+17 2.0106244510859126e+17 1.9312878286429674e+17 1.8463669012131066e+17 1.792273146899481e+17 1.7546882954901424e+17 1.6956394112733462e+17 1.6541726134650784e+17 1.5879628322685686e+17 1.5403333798928378e+17 1.5151435152397283e+17 1.4888097483293514e+17 1.4610839180013206e+17 1.4316127093851685e+17 1.3998617591031704e+17 1.3252865883933986e+17 1.2772702644589538e+17 1.2093207052815982e+17
13225.001852781797 2.782883174526389e+17 2.6924963326593674e+17 2.5951498416684118e+17 2.489672191495524e+17 2.3746367177023987e+17 2.2480879440797133e+17 2.1074897173496016e+17 2.030858953985677e+17 1.9492471443977475e+17 1.861849819679197e+17 1.8061682925642122e+17 1.7674807062212736e+17 1.706718848200189e+17 1.6640680520506218e+17 1.5960229938645597e+17 1.5471307289653248e+17 1.5212974530580547e+17 1.4943125145563258e+17 1.4659276593564848e+17 1.4357899552443776e+17 1.4033664927808614e+17 1.3274488826785296e+17 1.2787970548827147e+17 1.2103367290173326e+17
13275.001859786598 2.7428840078811648e+17 2.6545486188931766e+17 2.5594440782267312e+17 2.4564061250948698e+17 2.3440360934776902e+17 2.2204518622288317e+17 2.0831151207030794e+17 2.0082339129836557e+17 1.928440317787486e+17 1.842941227291192e+17 1.788431970013406e+17 1.7505382991662125e+17 1.6909831839089398e+17 1.6491486498550963e+17 1.5823459375215542e+17 1.5342943941327318e+17 1.5088855414079354e+17 1.4823276080224768e+17 1.454373211593884e+17 1.4246693798714938e+17 1.3926827462843064e+17 1.3176473716658003e+17 1.269438064381824e+17 1.2014192505503941e+17
13325.001866791497 2.7505959861645824e+17 2.6624580982782886e+17 2.5674701351537862e+17 2.4644820794282944e+17 2.3519854088569962e+17 2.228054994880918e+17 2.0900709174176214e+17 2.0147183677059456e+17 1.9343437252679677e+17 1.8481228686697715e+17 1.7931084032105245e+17 1.7548527710972013e+17 1.6947069278599133e+17 1.6524490556359952e+17 1.5849691930906416e+17 1.536440032253977e+17 1.510784915018966e+17 1.4839767388993728e+17 1.455768381755107e+17 1.4258081123646448e+17 1.3935664791115154e+17 1.3180609751259602e+17 1.2696983592678738e+17 1.2017731975884314e+17
13375.001873796298 2.752319591129995e+17 2.6644159994725786e+17 2.5696096508726173e+17 2.4667658736214592e+17 2.3543548518142326e+17 2.2304233443704438e+17 2.0923024514331293e+17 2.0168034296527946e+17 1.9362109651460598e+17 1.849687495293472e+17 1.794443885582381e+17 1.7560077830422115e+17 1.6955597357932016e+17 1.653074644827991e+17 1.5852162956186416e+17 1.5364113855623472e+17 1.5106130305309306e+17 1.4836582722729872e+17 1.455302696509034e+17 1.4251961789035579e+17 1.3928133461981696e+17 1.3170770221556136e+17 1.2686703491639579e+17 1.2008496020069189e+17
13425.0018808012 2.7652942816628058e+17 2.677137472828775e+17 2.5819544850200698e+17 2.478562430271718e+17 2.3653794085075658e+17 2.2404122967349834e+17 2.1008696044615763e+17 2.0244886530008966e+17 1.942879960853158e+17 1.8551917590407427e+17 1.7991734811161552e+17 1.760193230608462e+17 1.698882754144205e+17 1.655795967903876e+17 1.5870020829549366e+17 1.5375557734332506e+17 1.5114319522113398e+17 1.4841505345385514e+17 1.455466020216959e+17 1.4250301734312522e+17 1.3923190804949214e+17 1.3159487374922131e+17 1.2672695715828883e+17 1.1993139536107632e+17
13475.001887805996 2.7555793943626394e+17 2.668120270847984e+17 2.5736742506731338e+17 2.47104109224806e+17 2.3586638143740074e+17 2.2345069379823626e+17 2.095785600808043e+17 2.019808822525904e+17 1.938583571167451e+17 1.8512461172539053e+17 1.795420935189761e+17 1.756556284221611e+17 1.695403227041013e+17 1.6524075755019773e+17 1.5837297701627453e+17 1.5343442172714627e+17 1.5082469364356698e+17 1.4809879173979165e+17 1.4523238464102938e+17 1.4219065319657389e+17 1.3892143468833371e+17 1.3129061287466214e+17 1.264310309381228e+17 1.1965973487169883e+17
13525.001894810797 2.7527824184982576e+17 2.665846118071689e+17 2.571874989722634e+17 2.4696523909087014e+17 2.3576087686750595e+17 2.2336577099364522e+17 2.0949636856802838e+17 2.0189063084350637e+17 1.937521391698173e+17 1.8499299437857325e+17 1.7939074313150394e+17 1.7548940714479347e+17 1.6934830675007568e+17 1.65030032555611e+17 1.5813209425840816e+17 1.5317241614244685e+17 1.5055193374252032e+17 1.4781532297929824e+17 1.4493814852455814e+17 1.4188574649574227e+17 1.3860607783224328e+17 1.3095627476691488e+17 1.2609001497758322e+17 1.1931971320524094e+17
13575.001901815696 2.7154999243574144e+17 2.6304712454081917e+17 2.5385870786369114e+17 2.4387096980874307e+17 2.329283020747778e+17 2.2082778762276522e+17 2.0728912932183283e+17 1.9986336451275152e+17 1.919146673043722e+17 1.833543688690563e+17 1.7787467433519254e+17 1.740559681009219e+17 1.6804071666975648e+17 1.6380670241346746e+17 1.570353085217887e+17 1.521599120159675e+17 1.495814249014344e+17 1.4688667179336666e+17 1.4405124334461342e+17 1.4104049829938512e+17 1.3780242302404171e+17 1.3023630525412197e+17 1.2541354177585594e+17 1.1869333648320574e+17
13625.001908820497 2.7097302488289955e+17 2.6249543060733642e+17 2.5332956078764208e+17 2.433590121141191e+17 2.3242263597770394e+17 2.2031505688925203e+17 2.067552122581857e+17 1.9931041749538026e+17 1.913372717765738e+17 1.8274569061435648e+17 1.772444284013223e+17 1.734105887842344e+17 1.6737145294047248e+17 1.6312104079807632e+17 1.5632498849776874e+17 1.5143357039804938e+17 1.4884723561075942e+17 1.4614470954638317e+17 1.433015829160692e+17 1.4028310124741373e+17 1.3703705730114478e+17 1.29452943785245e+17 1.2461859011478299e+17 1.1788220120784187e+17
13675.001915825398 2.7225736923690054e+17 2.6379605421250502e+17 2.5464196262137558e+17 2.446696894674312e+17 2.337261978182896e+17 2.215924835938137e+17 2.0797712825421344e+17 2.0049150241200973e+17 1.9246229568008224e+17 1.8379862384669866e+17 1.782438584691269e+17 1.7436932961629616e+17 1.6826121495831987e+17 1.6395917813309302e+17 1.5707666567910566e+17 1.5212146229512288e+17 1.4950142478207213e+17 1.467640656585818e+17 1.43885141943211e+17 1.4083008815512266e+17 1.3754713898142166e+17 1.2989306182352285e+17 1.250330280498237e+17 1.1829851875601725e+17
13725.001922830197 2.7299136141604e+17 2.645859656101987e+17 2.5547500860404342e+17 2.4553563911719766e+17 2.3459957181580698e+17 2.2244894021141488e+17 2.0877796181852323e+17 2.0124265365993533e+17 1.9314865689302467e+17 1.8440152657778717e+17 1.7878641584092707e+17 1.7486735126403008e+17 1.6868519427161133e+17 1.6432932846705037e+17 1.573598144325894e+17 1.523425411796911e+17 1.496903589493038e+17 1.4692021047299395e+17 1.4400779984559141e+17 1.409187377668606e+17 1.3760149940779373e+17 1.2988069077368794e+17 1.2499320131547218e+17 1.1825125213203094e+17
13775.001929835098 2.7156236686697594e+17 2.6320965764188176e+17 2.5415985181336742e+17 2.442922033680331e+17 2.3343519587606573e+17 2.2137350296932314e+17 2.078019561083256e+17 2.0032065533051782e+17 1.922833471815842e+17 1.835938945398007e+17 1.7801453738173766e+17 1.741192144426342e+17 1.679732988265608e+17 1.6364162383993773e+17 1.567085710762862e+17 1.5171587404990733e+17 1.4907611606266275e+17 1.4631847062457475e+17 1.4341873099592128e+17 1.4034254757830043e+17 1.3703835888150493e+17 1.2934490686609552e+17 1.2447242806211096e+17 1.177486165254381e+17
13825.001936839897 2.7185863504524986e+17 2.6354361917289808e+17 2.5452382013995e+17 2.4467965112243603e+17 2.338394801605612e+17 2.217812326901823e+17 2.081934723787963e+17 2.006935481840883e+17 1.9262814209488342e+17 1.8389810337087536e+17 1.7828722252161098e+17 1.7436790626220125e+17 1.6818044780854432e+17 1.6381732914849974e+17 1.568309827790259e+17 1.5179862884970534e+17 1.491377858016641e+17 1.4635814417064803e+17 1.4343546555710557e+17 1.4033543286097366e+17 1.3700668146324845e+17 1.2926387308998027e+17 1.2437082855231282e+17 1.1764387653727523e+17
13875.001943844798 2.6963568467206893e+17 2.6139694069410163e+17 2.5246657229878547e+17 2.427124664329269e+17 2.319753329589061e+17 2.20032291475373e+17 2.065692463264669e+17 1.9913687594876083e+17 1.9114158584185338e+17 1.8248596783262006e+17 1.7692182624742746e+17 1.7303458470296496e+17 1.6689735659040048e+17 1.625690827154041e+17 1.5563806853474618e+17 1.506447854672902e+17 1.4800412459975264e+17 1.4524520883894288e+17 1.4234365154906397e+17 1.3926506702265486e+17 1.3595772370631936e+17 1.282554282008784e+17 1.2337818378833728e+17 1.1665632315904021e+17
13925.001950849599 2.6986753351968947e+17 2.6162262277905238e+17 2.526685748602121e+17 2.428852615131679e+17 2.3209884408687155e+17 2.2008432619900694e+17 2.0652220677242032e+17 1.9902667288930502e+17 1.909576030186789e+17 1.8221628925286538e+17 1.7659479813520902e+17 1.7266676942077914e+17 1.6646493733947014e+17 1.6209247236138605e+17 1.5509495138515395e+17 1.5005972698776154e+17 1.4739973312060682e+17 1.4462308198544915e+17 1.4170607686810978e+17 1.3861498240470688e+17 1.3529908498316427e+17 1.2759467142621638e+17 1.227216343539024e+17 1.1598055433163763e+17
13975.001957854496 2.6953050888302102e+17 2.6137479768780672e+17 2.525165065465093e+17 2.4282990608054122e+17 2.321418446065837e+17 2.20222383917586e+17 2.0674980888182493e+17 1.9929364806026845e+17 1.9125741039221235e+17 1.825401822043811e+17 1.7692743701367325e+17 1.7300216438501373e+17 1.66799406290586e+17 1.6242209029371254e+17 1.554095852789236e+17 1.5035812144939274e+17 1.476877082491638e+17 1.4489889687517933e+17 1.4196773141123357e+17 1.3886020499317605e+17 1.3552540385031728e+17 1.2777732367896211e+17 1.2288607976397086e+17 1.1615979488717282e+17
14025.001964859297 2.6663059409684176e+17 2.5860548438929862e+17 2.498975283534537e+17 2.4037533027159814e+17 2.2987426348887622e+17 2.1816566299856512e+17 2.049344659688092e+17 1.9761096006315994e+17 1.897163723752654e+17 1.8114844014149338e+17 1.7562833580559027e+17 1.717664618756032e+17 1.656598915418354e+17 1.6134726586915062e+17 1.544320662267522e+17 1.494451001367154e+17 1.4680661920829277e+17 1.4404944105381875e+17 1.411493810960036e+17 1.3807232055794638e+17 1.3476708099377102e+17 1.2707399422166165e+17 1.2220754431689034e+17 1.1550732908922802e+17
14075.001971864098 2.678017983003705e+17 2.5972546163562544e+17 2.5095214141162893e+17 2.4134941005151552e+17 2.307545801031909e+17 2.189340602696049e+17 2.0556688286521018e+17 1.9816684428262576e+17 1.9018995267810477e+17 1.815348720946805e+17 1.7596089882848582e+17 1.7206252803605824e+17 1.659011080146891e+17 1.6155236903823402e+17 1.545844736110449e+17 1.4956347971555872e+17 1.469084026267577e+17 1.4413474185792486e+17 1.4121843907354994e+17 1.381253233304627e+17 1.3480430092482163e+17 1.2708304046788682e+17 1.2220991154903344e+17 1.1552764601975474e+17
14125.001978868997 2.6358875025206608e+17 2.5565384099847283e+17 2.47043312223559e+17 2.376282455790804e+17 2.272445417722445e+17 2.1567293465934413e+17 2.026091987475292e+17 1.953849318259721e+17 1.876053326519545e+17 1.791732312452676e+17 1.7374761460296454e+17 1.6995445717022378e+17 1.6396173165481546e+17 1.597327529174962e+17 1.529561945526948e+17 1.4807066854212506e+17 1.4548575787824938e+17 1.4278380552235794e+17 1.399408389340191e+17 1.3692266377535536e+17 1.3367824649298728e+17 1.261153160333618e+17 1.213243100138161e+17 1.1472645490690194e+17
14175.001985873798 2.6570098331698822e+17 2.5769335025180832e+17 2.489997850718323e+17 2.3947357076577034e+17 2.289565000315796e+17 2.1721819418027818e+17 2.0394364283876144e+17 1.965948023394818e+17 1.8867525304035578e+17 1.8008526899019178e+17 1.7455561507343578e+17 1.706895484019962e+17 1.6458225033120717e+17 1.602735581925403e+17 1.53372472239224e+17 1.4840128819085104e+17 1.4577264733858054e+17 1.4302648711627762e+17 1.4013858573956163e+17 1.3707461953892888e+17 1.3378333973052531e+17 1.2612319374283075e+17 1.2128353570598267e+17 1.146472704858726e+17
14225.001992878697 2.61095820797675e+17 2.5334592402362182e+17 2.449252245632112e+17 2.3570998704777936e+17 2.2553997456021277e+17 2.1419370023923766e+17 2.0136393108312314e+17 1.9425839846121904e+17 1.865937625313652e+17 1.7827297638488134e+17 1.7290931117409997e+17 1.691551958235811e+17 1.6321695801979702e+17 1.5902060010772774e+17 1.5228612331020003e+17 1.474236466898961e+17 1.4484840104720627e+17 1.421548850305129e+17 1.3931885083601107e+17 1.363059257050161e+17 1.3306487547884507e+17 1.2550360188476802e+17 1.2071458603340486e+17 1.1413831393765656e+17
14275.001999883498 2.552339754743311e+17 2.4766578729167357e+17 2.394598027786256e+17 2.3050255736851446e+17 2.206342767764595e+17 2.0965019766881885e+17 1.9725744416756323e+17 1.9040815709708627e+17 1.8302946559257213e+17 1.7502626370991395e+17 1.698712662131694e+17 1.6626439686767178e+17 1.6055913582095725e+17 1.5652716233267955e+17 1.5005406256755184e+17 1.4537685000115318e+17 1.4289796888369579e+17 1.4030346911239728e+17 1.375695010743884e+17 1.346619357800483e+17 1.3152989113292766e+17 1.2419836037456722e+17 1.1952931459513478e+17 1.1307172645838629e+17
14325.002006888399 2.6296373181313037e+17 2.551900869167548e+17 2.4673773997570717e+17 2.374697892579085e+17 2.2721722912517366e+17 2.157518929492603e+17 2.027453389316057e+17 1.9552219336111648e+17 1.8771651902051888e+17 1.792229630096054e+17 1.7373905887445344e+17 1.6989658565738662e+17 1.6381289374286077e+17 1.5951085827919347e+17 1.5260476503716835e+17 1.4761933336833674e+17 1.4498012088489622e+17 1.4222090792681878e+17 1.3931751736852755e+17 1.3623551254539446e+17 1.329236494071719e+17 1.2521635072135558e+17 1.2035487693473296e+17 1.1371817929778206e+17
14375.002013893198 2.6426209684152387e+17 2.564942481783607e+17 2.4802528151744e+17 2.3872897494813376e+17 2.2843127525167514e+17 2.1689432917616934e+17 2.0377782905415338e+17 1.964814774241063e+17 1.885863771279417e+17 1.7998306062673085e+17 1.7442107809776666e+17 1.7052138959567766e+17 1.643425546276354e+17 1.599707709238449e+17 1.5295006694750474e+17 1.4788137742955846e+17 1.4519847219387197e+17 1.423943824171495e+17 1.3944481361139192e+17 1.3631538521496962e+17 1.3295500125921309e+17 1.2514882670328606e+17 1.2023958613248045e+17 1.1356323397577429e+17
14425.002020898099 2.571055920913812e+17 2.497356556781987e+17 2.4170600464541702e+17 2.3289673661465578e+17 2.23134722804684e+17 2.1218944411956096e+17 1.9973863962146592e+17 1.9280528991817894e+17 1.8529404323448755e+17 1.7709756317374493e+17 1.7179078092583955e+17 1.6806504952467587e+17 1.6215314178622563e+17 1.5796239553680966e+17 1.5121671341157142e+17 1.463327181957421e+17 1.4374239081724334e+17 1.4103076657138426e+17 1.3817355648127962e+17 1.3513626173625238e+17 1.3186761903536973e+17 1.2424278539693614e+17 1.194230679627355e+17 1.128405824299164e+17
14475.002027902896 2.6337311710906714e+17 2.5576731026637648e+17 2.474717461478667e+17 2.3836137153208102e+17 2.2824788002199168e+17 2.1689192430349392e+17 2.0394361862806416e+17 1.9671874183631376e+17 1.8887903133240522e+17 1.803075816664802e+17 1.7475002254904832e+17 1.7084497747043862e+17 1.6464332425735837e+17 1.602446279021214e+17 1.5316300505421677e+17 1.4803821950806938e+17 1.4532210657610128e+17 1.4248106725887757e+17 1.3949062771502667e+17 1.363161795980892e+17 1.3290634695378048e+17 1.2498825897145102e+17 1.200205952933753e+17 1.1330506194201858e+17
14525.002034907797 2.583862473379324e+17 2.5103525578431686e+17 2.4301415235746048e+17 2.342050371103884e+17 2.244245199938132e+17 2.1343771647273702e+17 2.0090354360807853e+17 1.939047707151576e+17 1.8630654176979334e+17 1.7799340317954995e+17 1.725996333293877e+17 1.688076688148681e+17 1.6278195324839485e+17 1.5850494486844704e+17 1.516127937540282e+17 1.466193751417224e+17 1.4397054081251099e+17 1.4119786374300379e+17 1.3827695043422272e+17 1.351731292566783e+17 1.3183498766255626e+17 1.2406273655201758e+17 1.1916821632626707e+17 1.1252393951136442e+17
14570.002041212096 2.5870149757844528e+17 2.5130991603477114e+17 2.432528314193961e+17 2.343956620765968e+17 2.2456143494681904e+17 2.135121687639238e+17 2.0090665055359562e+17 1.9386915043860438e+17 1.8623011800995494e+17 1.7787413929091114e+17 1.7245285734784272e+17 1.686425049740806e+17 1.625884459126173e+17 1.5829271306772848e+17 1.513733667625032e+17 1.4636278805868714e+17 1.4370585019079568e+17 1.4092532538997509e+17 1.3799682206731914e+17 1.3488561219966797e+17 1.315401926959587e+17 1.2375289426106397e+17 1.1885051558407803e+17 1.1220206114351418e+17
14620.002048216997 2.5949314126576483e+17 2.5204265302423062e+17 2.4390777851062493e+17 2.3495541721399232e+17 2.2500797892872064e+17 2.1381709242785712e+17 2.010311727237227e+17 1.9388632711298525e+17 1.8612589920245613e+17 1.7763420633912074e+17 1.7212442254482403e+17 1.682524706783463e+17 1.621027836154631e+17 1.577417800882483e+17 1.5072465779839248e+17 1.4565163272411158e+17 1.429651554856524e+17 1.4015698528380432e+17 1.3720326532633064e+17 1.3407024878621941e+17 1.3070751974810955e+17 1.2290492971453109e+17 1.1800637809848237e+17 1.1135549029964331e+17
14675.002055922298 2.5869101132871357e+17 2.5130566419197974e+17 2.4324183909946675e+17 2.3436493903648662e+17 2.2449159115294595e+17 2.133836911437145e+17 2.006837382115442e+17 1.9358274338617018e+17 1.858662331226064e+17 1.7741675984988496e+17 1.7193164307201917e+17 1.6807465903264816e+17 1.6194604447967603e+17 1.5759757150454378e+17 1.505961788251207e+17 1.4553057554933258e+17 1.4284657134616254e+17 1.4003972579593963e+17 1.3708590198771448e+17 1.3395089933593112e+17 1.3058355041461586e+17 1.2276030315905446e+17 1.1784416977868784e+17 1.1117783191980486e+17
14725.002062927097 2.5518626670870358e+17 2.479990244703352e+17 2.4015460829390816e+17 2.315248977595972e+17 2.219316849130243e+17 2.1113536105872413e+17 1.987911250128146e+17 1.918839664087508e+17 1.843729462029045e+17 1.761396812690116e+17 1.7078797552285728e+17 1.670210931040998e+17 1.6102781935651315e+17 1.5676893075453795e+17 1.4989842366790736e+17 1.449163848421303e+17 1.4227255245451752e+17 1.3950446841030696e+17 1.3658788147701243e+17 1.3348820684645989e+17 1.301540387150487e+17 1.2238991187784514e+17 1.1750150443656232e+17 1.1087385357619192e+17
14775.002069931998 2.5615807357146557e+17 2.4902046769837094e+17 2.4122323688070163e+17 2.3262361158664067e+17 2.2305286328253046e+17 2.1225995464175507e+17 1.9988657623074656e+17 1.9294726654907094e+17 1.8538620034961123e+17 1.7707987151962666e+17 1.7167021856535312e+17 1.6785753175934954e+17 1.61783249572047e+17 1.574612882404331e+17 1.5048129192553085e+17 1.4541546365869437e+17 1.4272638725749715e+17 1.3991086841144576e+17 1.369444795310757e+17 1.3379264538661443e+17 1.3040378161353862e+17 1.225223207937014e+17 1.1757218185399178e+17 1.108883711215749e+17
14825.002076936798 2.5671997429392e+17 2.4960733874673453e+17 2.4182367583739917e+17 2.332437247048916e+17 2.236797570285847e+17 2.1288665571044013e+17 2.004978906538269e+17 1.9354189946870736e+17 1.8595828751301898e+17 1.7761698661638813e+17 1.7217948187570544e+17 1.6834486219795174e+17 1.6223106948110093e+17 1.5787776611183424e+17 1.5084096642434006e+17 1.4572908884638973e+17 1.430139205929715e+17 1.40169895774666e+17 1.3717214844077194e+17 1.3398551320077016e+17 1.30557797167397e+17 1.2258290591170654e+17 1.1757782736602718e+17 1.1084314293454104e+17
14875.002083941697 2.469292111560148e+17 2.4029924482892346e+17 2.3306007405053795e+17 2.2508374227202618e+17 2.1621478060450576e+17 2.0620674402337853e+17 1.9472381847740048e+17 1.8827482645209776e+17 1.81233788891189e+17 1.7347902047858518e+17 1.6841204347339283e+17 1.648324571038048e+17 1.591115009777579e+17 1.5502572345339974e+17 1.483959736318814e+17 1.4355746693110454e+17 1.4097913389564146e+17 1.3827167227319186e+17 1.354101340032238e+17 1.3235936791435971e+17 1.2906700180927232e+17 1.2136077196656254e+17 1.1648828516232088e+17 1.0988449477777093e+17
14925.002090946498 2.5918362678209907e+17 2.521175779284838e+17 2.4437585061833373e+17 2.3581810209181165e+17 2.262558688387993e+17 2.1542789685801558e+17 2.0294413297099795e+17 1.9590599967163968e+17 1.8820434430705622e+17 1.7969962652383674e+17 1.7413487072590906e+17 1.7020020707240397e+17 1.6391053024497757e+17 1.5941988171777155e+17 1.52143505969533e+17 1.4684715684577507e+17 1.4403202078683794e+17 1.4108245984771392e+17 1.3797339347876922e+17 1.34669397089571e+17 1.3111768815096518e+17 1.2287202232254021e+17 1.17720234953295e+17 1.108444464296239e+17
14975.0020979514 2.5639211070584368e+17 2.4949038549359613e+17 2.4194024402047542e+17 2.3359479319327014e+17 2.2426916892224224e+17 2.137040985168274e+17 2.0151736263934333e+17 1.9464137961590938e+17 1.8711190824028438e+17 1.7878656138781302e+17 1.733312815269701e+17 1.6947031060588237e+17 1.632891039765895e+17 1.588687577868968e+17 1.5169240087141293e+17 1.4645698118662662e+17 1.4366988533017352e+17 1.4074622914443923e+17 1.3766091406342952e+17 1.3437791268890635e+17 1.3084403920133646e+17 1.2262247323225923e+17 1.1747695181830614e+17 1.106114491113952e+17
15025.002104956196 2.396373303219469e+17 2.3325638488594614e+17 2.2629798589277536e+17 2.18646192227422e+17 2.1014940846559485e+17 2.005835807276977e+17 1.8963295023864637e+17 1.8349158713758704e+17 1.7679731058408102e+17 1.6942983373928208e+17 1.646193493902019e+17 1.6122067958138435e+17 1.55788812597032e+17 1.5190812236744496e+17 1.4560585620398458e+17 1.4100019503233874e+17 1.3854297136447325e+17 1.3596006909875078e+17 1.3322681611107682e+17 1.3030835508792586e+17 1.2715278609088803e+17 1.1973674774346064e+17 1.1502213207733317e+17 1.0860159204650181e+17
15075.002111961097 2.471827321102181e+17 2.406589334738962e+17 2.335188526892345e+17 2.256410835265358e+17 2.1685497699708672e+17 2.069162395317681e+17 1.954640931523921e+17 1.8900715737231677e+17 1.819355654089776e+17 1.7411410684425232e+17 1.689859192210052e+17 1.6535325191509094e+17 1.5953116099814768e+17 1.553613630829092e+17 1.4857631966478624e+17 1.4361167539625832e+17 1.4096276767579269e+17 1.3817913847645563e+17 1.3523546386142306e+17 1.3209577248334598e+17 1.2870663819807915e+17 1.2077694598606213e+17 1.1577572383688558e+17 1.0904680775780712e+17
15125.002118965896 2.555699000159463e+17 2.487760008276203e+17 2.4132370088115386e+17 2.3307187153879248e+17 2.2383244950136787e+17 2.1334147514359494e+17 2.0120214018327472e+17 1.9433417195561046e+17 1.8679500966921558e+17 1.784364458889998e+17 1.7294731330645715e+17 1.690556662166358e+17 1.6281626096491184e+17 1.5834763257288336e+17 1.5108247704597466e+17 1.457770663237067e+17 1.4295166871022382e+17 1.3998787269210229e+17 1.3686043591251968e+17 1.335334233949796e+17 1.2995354107104085e+17 1.2163113644511624e+17 1.164273224823014e+17 1.0949323390066176e+17
15175.002125970797 2.558248128997525e+17 2.49101282296626e+17 2.4171683307994192e+17 2.335404922354388e+17 2.243723166517503e+17 2.1394715043554512e+17 2.0186342190322035e+17 1.9501362925600093e+17 1.8748211250919667e+17 1.7911594559172502e+17 1.7361018143439133e+17 1.69701330519409e+17 1.634238776204063e+17 1.58920003774208e+17 1.5158373721713866e+17 1.4621647265083898e+17 1.4335516270480867e+17 1.4035190759988008e+17 1.3718106707068051e+17 1.3380646330445976e+17 1.3017423008232522e+17 1.2172998811710246e+17 1.1645492992500406e+17 1.0944598824360128e+17
15225.002132975598 2.5305845209686618e+17 2.4653501841112317e+17 2.393693648690472e+17 2.3143250393754333e+17 2.225362662476012e+17 2.1241833822555546e+17 2.0067749651092202e+17 1.9401488287223408e+17 1.8668025814209808e+17 1.7851888814186726e+17 1.731381790508522e+17 1.6931254320799536e+17 1.631578626749632e+17 1.587325244968577e+17 1.515053852769397e+17 1.4620122711861533e+17 1.4336726573892994e+17 1.4038778389843214e+17 1.3723635354329499e+17 1.3387594614379816e+17 1.3025151838540803e+17 1.2179766095522062e+17 1.1650233037308427e+17 1.0947006276549651e+17
15275.002139980497 2.544060395421519e+17 2.4787065994736982e+17 2.4068016816190365e+17 2.3270101269898445e+17 2.237431755269549e+17 2.135259104525154e+17 2.016437637012503e+17 1.948859902378557e+17 1.8743498338672346e+17 1.7913098360429878e+17 1.7364962906087488e+17 1.6974976039489728e+17 1.634714064954142e+17 1.5895518111756352e+17 1.515785826386405e+17 1.4616684608192515e+17 1.43277268266765e+17 1.4024130718863648e+17 1.3703303734285443e+17 1.336157554563697e+17 1.2993501270539464e+17 1.2137119132693106e+17 1.1602017217124544e+17 1.089205497190478e+17
15325.002146985298 2.540836168007323e+17 2.476421023464179e+17 2.4055661333176285e+17 2.3269822906476323e+17 2.2386975196479354e+17 2.137994996861409e+17 2.0207711294041622e+17 1.9540189737254896e+17 1.8803330176531338e+17 1.798056601859381e+17 1.7436358339151555e+17 1.7048545807321194e+17 1.642305005553204e+17 1.5972078679704624e+17 1.5233445777193802e+17 1.4689818432863917e+17 1.439892935029585e+17 1.4092831995716163e+17 1.3768829742405861e+17 1.3423142215185558e+17 1.305016742464207e+17 1.218027922439617e+17 1.163608151978451e+17 1.091597404955807e+17
15375.002153990095 2.5400144398289136e+17 2.4761392675851686e+17 2.4058605698429984e+17 2.327759014025217e+17 2.239885760412257e+17 2.139463110837892e+17 2.0222685470114346e+17 1.955389331904466e+17 1.881430750278871e+17 1.7986886823691066e+17 1.743866967109442e+17 1.7047549882949965e+17 1.641590825848261e+17 1.595997820535285e+17 1.5212379800872646e+17 1.4661701095610512e+17 1.436697200992515e+17 1.4056848198708744e+17 1.372868103697813e+17 1.3378754435188405e+17 1.3001581269020934e+17 1.2124327740261992e+17 1.15778438899484e+17 1.0857283778729165e+17
15425.002160994996 2.5447316708793603e+17 2.4811809634672387e+17 2.4111363609739773e+17 2.3331646461488493e+17 2.2453493161191626e+17 2.1447793836541005e+17 2.0271542726490624e+17 1.9599256786271565e+17 1.885489676201572e+17 1.802099971608521e+17 1.7467950932715763e+17 1.7073113575956278e+17 1.6435134818301018e+17 1.5974384065427242e+17 1.5218671962813098e+17 1.4662011676889424e+17 1.436412803004998e+17 1.4050761939206672e+17 1.3719279483210312e+17 1.3365966068274859e+17 1.2985329675721752e+17 1.2100595058304501e+17 1.1549489015598752e+17 1.0822139184452362e+17
15475.002167999797 2.5478435118284333e+17 2.4852274058615693e+17 2.416280040623658e+17 2.3395432214956938e+17 2.253011909385421e+17 2.153959832843514e+17 2.0380074937736938e+17 1.97166363089875e+17 1.8981111274888102e+17 1.815567038715418e+17 1.760711740183125e+17 1.721484320818503e+17 1.657970564140155e+17 1.6119900434164102e+17 1.53634050175995e+17 1.480409391540848e+17 1.4504018406783283e+17 1.418773089680821e+17 1.385245209843802e+17 1.3494282539215197e+17 1.3107477557775995e+17 1.2204983851532792e+17 1.1641385412341827e+17 1.0900144003089291e+17
15525.002175004696 2.5120952923627542e+17 2.4501710626134048e+17 2.382031861855725e+17 2.3063547922296163e+17 2.2211367302802634e+17 2.1236813003131507e+17 2.009852638948769e+17 1.944810848313829e+17 1.8727638273448144e+17 1.791994968842846e+17 1.7383503692117222e+17 1.7000009557324e+17 1.6379216029749498e+17 1.5929791291335034e+17 1.5190209438853904e+17 1.4643113141489568e+17 1.4349448310030475e+17 1.4039767333442864e+17 1.371131494678029e+17 1.3360208031258898e+17 1.298072186910013e+17 1.209371505659953e+17 1.1538109050536115e+17 1.0803769518672346e+17
15575.002182009497 2.5100074411191072e+17 2.4489249968008042e+17 2.3816740726375645e+17 2.3068079347287222e+17 2.22251783147127e+17 2.1259609532897933e+17 2.0129553995669587e+17 1.9482764696014048e+17 1.87652425493873e+17 1.7959237718052858e+17 1.7422966802444134e+17 1.703908322649759e+17 1.6416594537529002e+17 1.5965195942918445e+17 1.5220812681276182e+17 1.4668936625963818e+17 1.4372277790708178e+17 1.4059135949306376e+17 1.3726677317163411e+17 1.3370931247081782e+17 1.298605398984464e+17 1.2085096505212933e+17 1.1519902902016598e+17 1.0771831850621435e+17
15625.002189014396 2.527027961833883e+17 2.4665984701824285e+17 2.400021139838258e+17 2.325817831487062e+17 2.2419577342832973e+17 2.1457662532731773e+17 2.0328380710288544e+17 1.9679967390076432e+17 1.8959229409377408e+17 1.8147157282760672e+17 1.760543061568672e+17 1.7216940758433888e+17 1.6585823963030195e+17 1.6127187359524618e+17 1.536919191210194e+17 1.480600967612608e+17 1.45029029973983e+17 1.4182713588187469e+17 1.3842548687011376e+17 1.3478353217944482e+17 1.3084155031302944e+17 1.216103050895431e+17 1.1582223821289309e+17 1.0818913816711941e+17
15675.002196019197 2.4832455651538067e+17 2.4238557685664502e+17 2.3585412719577472e+17 2.2858894932629187e+17 2.204073699238843e+17 2.1103874128499987e+17 2.0006998436802285e+17 1.9378624738336e+17 1.868117038871277e+17 1.789649423092918e+17 1.7373634295324714e+17 1.699885538869816e+17 1.6390104615149494e+17 1.5947726321210995e+17 1.5216383025171856e+17 1.4672404960394826e+17 1.4379322911305394e+17 1.4069418422963062e+17 1.3739771795555926e+17 1.3386314279001e+17 1.3003044339459442e+17 1.210239343143041e+17 1.1535382740898706e+17 1.0785505290676115e+17
15725.002203024098 2.4769458468909773e+17 2.418572689622375e+17 2.354125370645193e+17 2.2824032977436826e+17 2.2015931793147562e+17 2.108720877769944e+17 1.9997192208459504e+17 1.937129846246906e+17 1.86754136892997e+17 1.7890733490242928e+17 1.736698247817098e+17 1.6991139099234285e+17 1.6379975547156195e+17 1.5935293067768598e+17 1.5199264949441014e+17 1.4651368091492333e+17 1.4356089656118342e+17 1.4043841281854704e+17 1.371173416693739e+17 1.3355722637126064e+17 1.2969806452858344e+17 1.2063369758675776e+17 1.1492647458913629e+17 1.0736815651240826e+17
15775.002210028897 2.3498285051827936e+17 2.2946014661119418e+17 2.2341472056151414e+17 2.1671147564725702e+17 2.0917482076855392e+17 2.0057100169265558e+17 1.9052333594552346e+17 1.8478595122029763e+17 1.7842353218788307e+17 1.7127743456104502e+17 1.6651883278093126e+17 1.6310966413981888e+17 1.5757128468655466e+17 1.535444329866915e+17 1.468770472260646e+17 1.4190533501819224e+17 1.3922030942843624e+17 1.3637549420208902e+17 1.333418330524729e+17 1.3007894547535917e+17 1.2652729217011563e+17 1.1811287556864618e+17 1.1275078813718328e+17 1.0554007222475102e+17
15825.002217033798 2.4531573074378672e+17 2.3962152475945155e+17 2.3337420459067702e+17 2.2637630044021405e+17 2.1851629413197296e+17 2.094923786171591e+17 1.9888216995341952e+17 1.9279193395566483e+17 1.8600339829508883e+17 1.7834344735359597e+17 1.7322193486177875e+17 1.695410756759718e+17 1.6354130474797504e+17 1.59165232401983e+17 1.5189723660807686e+17 1.4646437666276512e+17 1.4352704992812837e+17 1.4041336528704808e+17 1.3709261236593006e+17 1.3352246107469638e+17 1.2964003477007051e+17 1.2047310658838024e+17 1.1467181383517594e+17 1.0697078765648632e+17
15875.002224038599 2.3849274785033398e+17 2.3301510892758762e+17 2.2703669103117974e+17 2.203525037339356e+17 2.128339393147425e+17 2.0420851983139357e+17 1.941131227682677e+17 1.883218862296723e+17 1.8187675207843904e+17 1.746015021962019e+17 1.697373864105755e+17 1.662416939033843e+17 1.605431206326734e+17 1.5638427503587027e+17 1.4947115144980688e+17 1.4429412850444093e+17 1.4149120628177914e+17 1.3851672741805587e+17 1.3534018563480954e+17 1.3191885165666888e+17 1.2819122248977912e+17 1.1935481381061734e+17 1.1373317627883768e+17 1.0622749070637218e+17
15925.002231043496 2.4448169571071114e+17 2.3887142973656326e+17 2.327105353360401e+17 2.2585613130189078e+17 2.1808992133296064e+17 2.0917029664598e+17 1.9869593956437952e+17 1.92676456069058e+17 1.8596401667525117e+17 1.783826573838189e+17 1.7330402056119018e+17 1.696528990553585e+17 1.6369513966417664e+17 1.5934578601474653e+17 1.5211208966167562e+17 1.4669416057402893e+17 1.4376112109130685e+17 1.4064949018742378e+17 1.3732776428689818e+17 1.337526491045861e+17 1.2986078952007744e+17 1.2065526972415701e+17 1.1481988667850794e+17 1.070764692136355e+17
15975.002238048297 2.442619201264049e+17 2.3881358205580618e+17 2.327493479248508e+17 2.2602510344057546e+17 2.183979370802606e+17 2.0963829325253872e+17 1.992997045998795e+17 1.9334650095971206e+17 1.8668492647971194e+17 1.7914338058590845e+17 1.7407755674659805e+17 1.7042486362423914e+17 1.6445218009127862e+17 1.6007857843771786e+17 1.5277665695939408e+17 1.472867846458658e+17 1.4430766797807158e+17 1.4114058002168006e+17 1.3775377073971189e+17 1.3410214810285491e+17 1.3012013587005896e+17 1.206779859740561e+17 1.146802434564638e+17 1.0671043195533832e+17
16050.002248555596 2.442356163243909e+17 2.3885535399162342e+17 2.3284626603646947e+17 2.2615666763344307e+17 2.186074538945648e+17 2.098651886464736e+17 1.9956738604633936e+17 1.9361274275053725e+17 1.8695751969752883e+17 1.793896297216245e+17 1.7430995530639232e+17 1.7064142229103827e+17 1.6463620154624874e+17 1.6023098895170582e+17 1.5287252059760032e+17 1.4733498424686246e+17 1.4432801177437962e+17 1.4113141176531043e+17 1.3771177940465464e+17 1.3402550350789882e+17 1.3000650459256494e+17 1.2048292690207315e+17 1.1443925823051141e+17 1.0641611241595152e+17
16150.002262565296 2.4064689676219014e+17 2.3531590150720803e+17 2.2951312920642346e+17 2.22999556858595e+17 2.1573712974963498e+17 2.0731123261418653e+17 1.9735215345521616e+17 1.9162115368113347e+17 1.8518895297894627e+17 1.7788967302529552e+17 1.7297425724404854e+17 1.6942287056405926e+17 1.6360418909454662e+17 1.5932937549136726e+17 1.5217111602356595e+17 1.467688329416714e+17 1.438290334253013e+17 1.4069926377504026e+17 1.373459031575952e+17 1.3372332332173645e+17 1.2976382374492227e+17 1.2034070552117667e+17 1.1432887507761302e+17 1.0631799524380531e+17
16250.002276574898 2.4066897862360134e+17 2.3535016029910346e+17 2.2968450468623958e+17 2.232323075627745e+17 2.1588541540906294e+17 2.074370091954782e+17 1.9746946964704614e+17 1.916894306691889e+17 1.8523055300714813e+17 1.7788796773288707e+17 1.7293595076345446e+17 1.6935467821467222e+17 1.6348455795251437e+17 1.591661483681874e+17 1.5192139612146243e+17 1.464445740953968e+17 1.4346121998580488e+17 1.4028275396058101e+17 1.3687296345862907e+17 1.3318759460412778e+17 1.2915810465091205e+17 1.1956853705571534e+17 1.1345788784713274e+17 1.053281124944865e+17
16350.002290584598 2.377144931684219e+17 2.3260289297107376e+17 2.2714919788377757e+17 2.209061934095923e+17 2.1398031353072614e+17 2.058710700978075e+17 1.9626079998327888e+17 1.907073297011075e+17 1.8445175446807363e+17 1.7733113619704682e+17 1.725174812305215e+17 1.6904134950979984e+17 1.6331088568762406e+17 1.5909429039553984e+17 1.519954801348126e+17 1.466165175433668e+17 1.4367901158449248e+17 1.4054523448824445e+17 1.3717814538522352e+17 1.335305356960503e+17 1.2953359489567506e+17 1.199806485085735e+17 1.138637124973572e+17 1.0570633967691e+17
16450.002304594298 2.3475048360287834e+17 2.298217580769296e+17 2.24403361454711e+17 2.1833313640409635e+17 2.1134770027109587e+17 2.0345452268750195e+17 1.940594196668058e+17 1.886077184582558e+17 1.824403426964366e+17 1.7540773984438672e+17 1.706530865136303e+17 1.6721007372956294e+17 1.615372513481223e+17 1.5736151380965485e+17 1.503192900819682e+17 1.4496916251593686e+17 1.420487168281128e+17 1.3892947239925384e+17 1.3557808855818322e+17 1.3194602708257488e+17 1.2796353351650762e+17 1.1844273963608907e+17 1.1234214989456267e+17 1.0419005242859029e+17
16550.002318603998 2.3484702845875523e+17 2.2984191878029824e+17 2.244721788308172e+17 2.1834871267259856e+17 2.1140030341883786e+17 2.0342599024699994e+17 1.940626241724469e+17 1.8855604284818746e+17 1.824233482796478e+17 1.754287098909513e+17 1.7071416879290074e+17 1.6729077852050925e+17 1.616581527922881e+17 1.575134097665284e+17 1.5052514393092413e+17 1.452200299638367e+17 1.4232295326004565e+17 1.3922725587694067e+17 1.3589912387604837e+17 1.3229136092574749e+17 1.283326539181332e+17 1.1885496237049134e+17 1.1277191997782816e+17 1.0464692664555046e+17
16650.002332613698 2.309439342203929e+17 2.2615810440138077e+17 2.2071805474556362e+17 2.1472768076038566e+17 2.0798767057508963e+17 2.0009538840618294e+17 1.907577456303514e+17 1.8535244562665933e+17 1.7928064643415686e+17 1.7237801819332368e+17 1.677025944725306e+17 1.6431725996022458e+17 1.5874737228738608e+17 1.546538021805277e+17 1.4775524058691424e+17 1.4252306053631893e+17 1.3966678036979654e+17 1.3661473798373874e+17 1.3333955116377302e+17 1.2979034389409075e+17 1.2590134015491074e+17 1.1660497341408045e+17 1.1065171025284267e+17 1.0270723305479946e+17
16750.002346623398 2.2429131780001072e+17 2.198934385955092e+17 2.1459283717129968e+17 2.0894897562461066e+17 2.023856966723354e+17 1.949114260035587e+17 1.8595956558820598e+17 1.807915872621593e+17 1.7498822741668963e+17 1.6838850364744848e+17 1.6391222840476112e+17 1.6068360234681987e+17 1.5537228323008118e+17 1.514575847998055e+17 1.448741639369146e+17 1.3988088190540096e+17 1.3715512587441259e+17 1.3424755513772963e+17 1.3112255125860195e+17 1.2773645855535262e+17 1.2402578029130736e+17 1.1514095693115302e+17 1.0943787710337528e+17 1.0180680915655333e+17
16850.002360633098 2.2238194662210675e+17 2.1776736633623664e+17 2.1294703048994442e+17 2.0728059912174147e+17 2.0096343549045146e+17 1.935938925575139e+17 1.8487319063247914e+17 1.7981452021739018e+17 1.7407573257369136e+17 1.6754956726872474e+17 1.631261081600639e+17 1.5992665623318714e+17 1.546479662998379e+17 1.5075089284340627e+17 1.44188319452253e+17 1.3919762131354874e+17 1.364697846751577e+17 1.3355487617627122e+17 1.304226359977026e+17 1.2702374964333293e+17 1.232959682942971e+17 1.1436630220208888e+17 1.0863444574318709e+17 1.0097392359282011e+17
16950.002374642798 2.2341867943121472e+17 2.1861294174722973e+17 2.1355966684409098e+17 2.0792850611596534e+17 2.0137803319191952e+17 1.9388698728526957e+17 1.850248674366939e+17 1.798745717864058e+17 1.7410420312362144e+17 1.6751174684735277e+17 1.6303665626487363e+17 1.5980971123271514e+17 1.544921168151524e+17 1.5056796653696544e+17 1.439617672638153e+17 1.3894826496706693e+17 1.3620799974454694e+17 1.3328260109507835e+17 1.3013779968039466e+17 1.2673035191415942e+17 1.2299505367159597e+17 1.1405516977902643e+17 1.0832425942316142e+17 1.0068216824941382e+17
17050.002388652498 2.1751182638540586e+17 2.129797469357561e+17 2.0779393705490557e+17 2.022583196806739e+17 1.9591017027901878e+17 1.8863403922248595e+17 1.8001245607405126e+17 1.7505733321694794e+17 1.694867070868079e+17 1.6313209337578954e+17 1.5884778440325216e+17 1.557451070041684e+17 1.506453577695571e+17 1.46892649280581e+17 1.4057123489971872e+17 1.3578002269776152e+17 1.331646495488869e+17 1.3037299539824902e+17 1.2736988507840936e+17 1.2411471741479998e+17 1.2054441707677413e+17 1.1199110790448422e+17 1.0649554961052387e+17 9.914521034732926e+16
17150.002402662198 2.1267246302805814e+17 2.0805509161669818e+17 2.03314981106684e+17 1.9786469593424266e+17 1.9178382860245046e+17 1.8463865013701494e+17 1.7630408988150595e+17 1.714694115372414e+17 1.660325932967204e+17 1.5985518458773456e+17 1.5571020199824502e+17 1.526976111654397e+17 1.4775158314900333e+17 1.4411090843923091e+17 1.3798940259178506e+17 1.3334850250860963e+17 1.3081794738839858e+17 1.2811304260762874e+17 1.2520858887297362e+17 1.2205944043334536e+17 1.1860445631927427e+17 1.1032391219940971e+17 1.0499909875681339e+17 9.786673890392864e+16
17250.002416671898 2.107345470450343e+17 2.0642800214756157e+17 2.0157992213136006e+17 1.9626137308251552e+17 1.9019307440846864e+17 1.8317506336959376e+17 1.7496549085155478e+17 1.7017742717073165e+17 1.6481174802784842e+17 1.5870560961420413e+17 1.5459718814029258e+17 1.5161259736393642e+17 1.4671695975609338e+17 1.4310769490501584e+17 1.3703909497101109e+17 1.3243821546296251e+17 1.2992801808712011e+17 1.2724523786093963e+17 1.243624628462534e+17 1.2123720708329258e+17 1.1780768276979234e+17 1.0958565161335784e+17 1.0430127166428149e+17 9.723532782514422e+16
17350.002430681598 2.0548128835125258e+17 2.0149787664250902e+17 1.9710706516203542e+17 1.921743300655129e+17 1.8652736418934493e+17 1.7997107408612736e+17 1.7215757363837174e+17 1.6760149763717187e+17 1.6245599666729126e+17 1.5657430326987187e+17 1.525767069148949e+17 1.4967877662167562e+17 1.4490087264784467e+17 1.4136574823607662e+17 1.3541247022299381e+17 1.3088653844201006e+17 1.2840993148465328e+17 1.2576343492364422e+17 1.2291654961031778e+17 1.1982662404373448e+17 1.1643465770750013e+17 1.0830098045750518e+17 1.0307555466515035e+17 9.609132286380794e+16
17450.002444691298 2.0474726335420272e+17 2.005857296505871e+17 1.960730314783372e+17 1.9090350883734573e+17 1.8519655335039312e+17 1.785012648229401e+17 1.705564663524532e+17 1.6597431098531098e+17 1.6084624426000106e+17 1.549617296074788e+17 1.5100449171661302e+17 1.4813125690181136e+17 1.4341097976565917e+17 1.3993031365769611e+17 1.3408032505999797e+17 1.2964043170999154e+17 1.2721540005076722e+17 1.246248553201077e+17 1.218404469950728e+17 1.1881979562883883e+17 1.1550450268508685e+17 1.0754738122144222e+17 1.0242531233437494e+17 9.556508263431125e+16
17550.0024587009 2.036450345757639e+17 1.9950150707209875e+17 1.948801341701403e+17 1.897320314957534e+17 1.8387869344764883e+17 1.7714913450469683e+17 1.6920010488156086e+17 1.6458753672436915e+17 1.5940839459991082e+17 1.535188419225597e+17 1.495408814806062e+17 1.466601683158611e+17 1.419299131768897e+17 1.3844876430622219e+17 1.3259601507148314e+17 1.2816228472273918e+17 1.2574311061287272e+17 1.2316048803611112e+17 1.2038575158072976e+17 1.1738003501200507e+17 1.1408459879806331e+17 1.0619584281685474e+17 1.0113426304338669e+17 9.43741676063264e+16
17650.0024727106 2.0075730351690714e+17 1.9667255835870634e+17 1.9219047601037693e+17 1.8721301185778742e+17 1.8153232456006534e+17 1.7498568624185258e+17 1.6720374751024016e+17 1.6271540879607722e+17 1.5765810521129155e+17 1.5189951653409213e+17 1.4800361568260544e+17 1.451897554418881e+17 1.4055828063980155e+17 1.3714828253362926e+17 1.3140681708954646e+17 1.2705079469550422e+17 1.2467226645659054e+17 1.2213264173128021e+17 1.1940293161962202e+17 1.1644223442952219e+17 1.1319325337962818e+17 1.0540468911339386e+17 1.0039958623234218e+17 9.371080491756107e+16
17750.002486720296 1.975012682184946e+17 1.9349614303638986e+17 1.8902280460727123e+17 1.840653491148242e+17 1.7846233270799574e+17 1.7196707224871776e+17 1.643116614321891e+17 1.598717314435788e+17 1.549114860613203e+17 1.492553811134165e+17 1.4544380142681597e+17 1.426896325454357e+17 1.3816928377503603e+17 1.3484110107887291e+17 1.2925629040607213e+17 1.2502693397558933e+17 1.2271974032074373e+17 1.2025712461299058e+17 1.1761183293020768e+17 1.1474429649721461e+17 1.1159804304055216e+17 1.0405269757802382e+17 9.919688338192942e+16 9.269373127425792e+16
17850.002500729996 1.9596282739269085e+17 1.9197484297863542e+17 1.8757521268976742e+17 1.8271113287366253e+17 1.7715011069081002e+17 1.7076833872468368e+17 1.6319418224909763e+17 1.5879728190920224e+17 1.5388510427703872e+17 1.4827573557750694e+17 1.444933626703169e+17 1.4175603264284926e+17 1.3725625335453062e+17 1.3394393024483597e+17 1.2837681820665856e+17 1.2415646470093517e+17 1.2185433370764349e+17 1.1939581854785952e+17 1.1675344571127206e+17 1.1388899275711086e+17 1.1074635069850464e+17 1.032119435887558e+17 9.836883922606106e+16 9.189437515977162e+16
17950.002514739695 1.9329645674651408e+17 1.894945945954397e+17 1.8521099039139744e+17 1.8042525591373834e+17 1.7496686851119648e+17 1.686730384217601e+17 1.6124606438596947e+17 1.5694631423987818e+17 1.5211852834738006e+17 1.46624775848006e+17 1.4291787956760872e+17 1.40234230560814e+17 1.3583028937169373e+17 1.325893912849033e+17 1.2714035356193827e+17 1.230099857672965e+17 1.2075502841055446e+17 1.1834750211191726e+17 1.1575870762752155e+17 1.1295054080459278e+17 1.0986724819939349e+17 1.0246164968977474e+17 9.768917416564795e+16 9.129829092276894e+16
18050.0025287494 1.8961933317638902e+17 1.857465708386359e+17 1.815192420864187e+17 1.7677137461585824e+17 1.7139403766843667e+17 1.6520910021762093e+17 1.5789381943419277e+17 1.53652453584198e+17 1.489038078475916e+17 1.4349724052882522e+17 1.3985412964110026e+17 1.3722029066609514e+17 1.328975237418268e+17 1.297188065572046e+17 1.2438507837214037e+17 1.203492648269561e+17 1.1814931049724082e+17 1.1580246245049533e+17 1.132820374967822e+17 1.1055188318277851e+17 1.075586098097977e+17 1.0038914911125525e+17 9.578261817451691e+16 8.961706554007429e+16
18150.002542759095 1.8582784218056813e+17 1.8237776523124726e+17 1.784828446529417e+17 1.741322299163024e+17 1.6917126982038557e+17 1.6338056281149034e+17 1.5648638990241376e+17 1.5244253980952963e+17 1.4790492560176403e+17 1.4269924447664922e+17 1.3916781089022547e+17 1.3660470132265106e+17 1.3238366201486131e+17 1.2926783046492917e+17 1.2401828091429352e+17 1.2002835520932566e+17 1.1784810639634402e+17 1.1551849566801702e+17 1.1301230295866293e+17 1.1029284281532274e+17 1.0730592303534296e+17 1.0013314918263912e+17 9.551447386233301e+16 8.933219762271275e+16
18250.002556768795 1.8378953667134845e+17 1.8009762481714304e+17 1.7606567618521866e+17 1.715583541607603e+17 1.6646468694646058e+17 1.6056073115287258e+17 1.5355355671221974e+17 1.4949665698105498e+17 1.4494915249780077e+17 1.3976790387277797e+17 1.3627064394784426e+17 1.337415125876876e+17 1.2959043947950918e+17 1.2653613058357466e+17 1.2140710035411934e+17 1.1752431921026021e+17 1.1540632810917317e+17 1.131460967490793e+17 1.1071814143783515e+17 1.08086630166551e+17 1.0519965112632957e+17 9.827899989448872e+16 9.382951968062186e+16 8.787472366345648e+16
18350.002570778495 1.8163242043459254e+17 1.779624816747888e+17 1.7392639680448598e+17 1.6941719723987216e+17 1.6432777589453277e+17 1.5848105762812278e+17 1.5155603860413005e+17 1.4755430037065072e+17 1.430721467418518e+17 1.3798260097837851e+17 1.3455568487006054e+17 1.3207804560755586e+17 1.2801551530417896e+17 1.2503047456748746e+17 1.2002271745261931e+17 1.1623642433094328e+17 1.1417203029531714e+17 1.1196951217596062e+17 1.0960345806977589e+17 1.0703893017664517e+17 1.042244463018911e+17 9.746745789163258e+16 9.31125430490796e+16 8.727119966009264e+16
18450.002584788195 1.765423344655235e+17 1.729961791242189e+17 1.690726334535361e+17 1.6471784282703782e+17 1.598067125999774e+17 1.5413251274893846e+17 1.474429268584816e+17 1.4359106786581832e+17 1.3928083752256547e+17 1.3439568710625827e+17 1.311089920718794e+17 1.2873712270915594e+17 1.248495796290772e+17 1.2199501733112718e+17 1.1721286866679614e+17 1.1359917781788496e+17 1.1162971978864818e+17 1.095288296290992e+17 1.072719784262822e+17 1.0482552304991898e+17 1.0213999165199238e+17 9.56887289168656e+16 9.152633304225203e+16 8.593135067060462e+16
18550.0025987979 1.768856829125318e+17 1.7335267351705014e+17 1.6943271045565523e+17 1.6508881397442515e+17 1.6016839151919616e+17 1.544955188150918e+17 1.477901318611329e+17 1.4391602090857781e+17 1.395760476924563e+17 1.3464183562648086e+17 1.3131600061269549e+17 1.2891411538705774e+17 1.2497299958121838e+17 1.2207564876609949e+17 1.1721646019402462e+17 1.1354106894743582e+17 1.1153693425254581e+17 1.093984591813407e+17 1.0710107935284232e+17 1.0461079303575942e+17 1.0187777149166518e+17 9.531829266529038e+16 9.109337788345333e+16 8.54293643223271e+16
18650.002612807595 1.7304691990756413e+17 1.6959854043317296e+17 1.6577731297533258e+17 1.6153679073711856e+17 1.567360213366909e+17 1.512158216710575e+17 1.4470936951587968e+17 1.4095337791307141e+17 1.3674959007541117e+17 1.3198170305873155e+17 1.2877396034318584e+17 1.2645856838671974e+17 1.2266326990354162e+17 1.1987778110034467e+17 1.1520977899238214e+17 1.1168027024064325e+17 1.0975631942402395e+17 1.0770297220111933e+17 1.054966074841139e+17 1.0310338413415914e+17 1.0047469082606227e+17 9.415085207009774e+16 9.006360587953034e+16 8.4563854284101e+16
18750.002626817197 1.6706116542739165e+17 1.6412357785923075e+17 1.6084321188673904e+17 1.5715129093849667e+17 1.528979697806936e+17 1.4794462826401622e+17 1.4200928118430422e+17 1.3853449624463342e+17 1.3461251401428026e+17 1.3011925085807091e+17 1.2707142047934107e+17 1.248602634875839e+17 1.2121515939859437e+17 1.1852478787097986e+17 1.1399177127137902e+17 1.1054521758965285e+17 1.0865992648261854e+17 1.0664384660778187e+17 1.0447302242378762e+17 1.0211404727296442e+17 9.951831444327195e+16 9.326154566627494e+16 8.921439809518413e+16 8.377218850094336e+16
18850.002640826897 1.6914210954360336e+17 1.6580954331599174e+17 1.621403855044682e+17 1.580371981916513e+17 1.5337197895203622e+17 1.4801197993352778e+17 1.416713582574205e+17 1.3800578173213669e+17 1.339036067154194e+17 1.292439955047472e+17 1.2610367587407963e+17 1.2383737487841038e+17 1.2012033638431222e+17 1.1738913478674357e+17 1.1281222961127243e+17 1.093523310270261e+17 1.0746633754474189e+17 1.0545399174216154e+17 1.0329263387762187e+17 1.009496152516108e+17 9.837789156107494e+16 9.22008169846137e+16 8.821682517706427e+16 8.286507656880997e+16
18950.002654836597 1.630676848479538e+17 1.598283746732962e+17 1.5626395321069453e+17 1.5228643971674925e+17 1.4780727800386234e+17 1.4267774798531102e+17 1.3663144670198021e+17 1.3315447160997179e+17 1.2927502369176597e+17 1.2488013818154104e+17 1.2193186893280166e+17 1.19805378871178e+17 1.1632761441556947e+17 1.1377851046810787e+17 1.0951388086432266e+17 1.0629499133981325e+17 1.0454111089981541e+17 1.0267040353408083e+17 1.0066045756008094e+17 9.848040855698405e+16 9.608481408767042e+16 9.031353334870117e+16 8.657206278835736e+16 8.151015238935848e+16
19050.002668846297 1.6534039498303302e+17 1.6207819402527206e+17 1.584587857475831e+17 1.544252507996441e+17 1.4987205721921482e+17 1.4462596712299846e+17 1.3844574462133246e+17 1.3486851816363709e+17 1.3087109653294106e+17 1.263345598713825e+17 1.2327763370060752e+17 1.2107140997809787e+17 1.1745577753116734e+17 1.1480208687093554e+17 1.1035494836251824e+17 1.0699458721335934e+17 1.0516331749630973e+17 1.0320993368656731e+17 1.0111193953713237e+17 9.883814934836531e+16 9.63427905446669e+16 9.035191852496912e+16 8.649115556834728e+16 8.131001656286128e+16
19150.002682855997 1.6251089059954803e+17 1.592946638381077e+17 1.557593618457244e+17 1.5181648577467984e+17 1.473611265733337e+17 1.4223340005275738e+17 1.3619361412180427e+17 1.3270288885606075e+17 1.2879959836962795e+17 1.2437144580952342e+17 1.2139176739212878e+17 1.1924257014339216e+17 1.1572049255254398e+17 1.131348965255297e+17 1.088048789008913e+17 1.0553296597401234e+17 1.0374990115205616e+17 1.018477303919867e+17 9.980424987642202e+16 9.758888363959586e+16 9.51564955972819e+16 8.931002840326136e+16 8.553555194496502e+16 8.045996928644024e+16
19250.002696865697 1.607664129116789e+17 1.5760637060417418e+17 1.541270243658977e+17 1.5024482084029344e+17 1.458538007521036e+17 1.408171238436697e+17 1.3486624100729784e+17 1.3143013669297594e+17 1.2758981476266365e+17 1.2323153600145878e+17 1.2030220774569643e+17 1.1818546807589538e+17 1.1471956256833077e+17 1.1217367725530866e+17 1.0791019044010931e+17 1.04688152870385e+17 1.0293156916843368e+17 1.0105720156774397e+17 9.904325736220202e+16 9.685890198634286e+16 9.445956536721394e+16 8.868683538291392e+16 8.495539214325986e+16 7.993373116325286e+16
19350.002710875397 1.5679545242490586e+17 1.536971262610184e+17 1.5028365819844026e+17 1.4646800801935334e+17 1.4218245127276656e+17 1.3723197712791432e+17 1.3141554802144672e+17 1.2805990820720168e+17 1.2431315012689835e+17 1.2006964391370653e+17 1.1721870370722013e+17 1.1516470649990226e+17 1.1180358312011949e+17 1.0933982580261526e+17 1.052209966218152e+17 1.0211463198006104e+17 1.0042373487490637e+17 9.86212712843217e+16 9.668640720682678e+16 9.458999089650214e+16 9.228983712029342e+16 8.676603275703698e+16 8.320149941096787e+16 7.840114498661683e+16
19450.002724885097 1.5220867202210003e+17 1.4945451989618102e+17 1.4639530846474326e+17 1.4294031903213469e+17 1.3900673469870331e+17 1.3443794242307035e+17 1.2899712204835742e+17 1.2583018392358566e+17 1.2226855881794571e+17 1.1820969896959424e+17 1.154712093733503e+17 1.1349078185006984e+17 1.1024151766305088e+17 1.078532141534913e+17 1.038493819470876e+17 1.0082175552660822e+17 9.917120038176074e+16 9.741025914891312e+16 9.551857591698264e+16 9.346748340381125e+16 9.121561220351562e+16 8.580470536834422e+16 8.231172654181035e+16 7.760685993345747e+16
19550.002738894796 1.539511032404524e+17 1.5092660926617664e+17 1.4762701050645613e+17 1.4393345334080928e+17 1.3976241754044797e+17 1.349598277964814e+17 1.2928695566234326e+17 1.260177388348533e+17 1.2235980580860427e+17 1.1820704444209728e+17 1.1541716299915365e+17 1.1340356126275867e+17 1.1010669189286658e+17 1.0768814248609294e+17 1.0363888529906022e+17 1.0058226488393534e+17 9.891700509495728e+16 9.714117780608694e+16 9.523422487127174e+16 9.316720423049307e+16 9.089831878097286e+16 8.544672827057093e+16 8.192763226212158e+16 7.719151585659733e+16
19650.002752904496 1.5203480207109888e+17 1.4906244344969005e+17 1.4577269098166678e+17 1.4210209760441048e+17 1.3798526532671314e+17 1.332426867891787e+17 1.2765698405983758e+17 1.2443977914090984e+17 1.2084134191735806e+17 1.1676261871632858e+17 1.1402047571969214e+17 1.120460236353772e+17 1.0881110523471867e+17 1.0644004652715613e+17 1.0247248940652571e+17 9.947804731017864e+16 9.78469442995157e+16 9.610709019109e+16 9.423863368541117e+16 9.221295590784053e+16 8.998866592975354e+16 8.463973740977813e+16 8.118315026310896e+16 7.65263472293421e+16
19750.002766914196 1.476404806293186e+17 1.4472220257046416e+17 1.4149205545708973e+17 1.3790328398254538e+17 1.338602553941417e+17 1.292172085410738e+17 1.2376424536359291e+17 1.2062800799927387e+17 1.1712947103538203e+17 1.1317651570504528e+17 1.105265719857084e+17 1.086189554304898e+17 1.0550203679046518e+17 1.0322280384770154e+17 9.942079324613466e+16 9.656105263641202e+16 9.500690851093176e+16 9.33521972494043e+16 9.157820030011338e+16 8.965834467487349e+16 8.755439760592205e+16 8.251040602207483e+16 7.925811016698762e+16 7.486948220671418e+16
19850.002780923896 1.4715321647768064e+17 1.4422983892424336e+17 1.4103633870147934e+17 1.3748708379235371e+17 1.3346965762232328e+17 1.28856436636578e+17 1.2343683877920898e+17 1.2030911318947011e+17 1.1682071088401328e+17 1.1287216851931016e+17 1.1022537877359325e+17 1.0831808787042917e+17 1.0520262565297914e+17 1.0292230230837291e+17 9.911664962861923e+16 9.625219043455464e+16 9.46951016891908e+16 9.303662054371869e+16 9.125801067616571e+16 8.933280654513861e+16 8.72224553297262e+16 8.216063262816184e+16 7.889653420457338e+16 7.449721349418493e+16
19950.002794933596 1.456172382122845e+17 1.427814672507372e+17 1.3962657182679709e+17 1.3612804028943509e+17 1.3218448574551435e+17 1.276538239373642e+17 1.2231901724498854e+17 1.1924415403167621e+17 1.1580936043133531e+17 1.1192326110679382e+17 1.093135536542444e+17 1.0743394165039571e+17 1.0435864312189811e+17 1.021074989397376e+17 9.834688980067925e+16 9.55131572352945e+16 9.397163742626077e+16 9.232901932146816e+16 9.056647922732307e+16 8.86575104732739e+16 8.65635650953711e+16 8.153572907179195e+16 7.82900363219677e+16 7.391250628786925e+16
20050.002808943198 1.4563773964622976e+17 1.4283305563140669e+17 1.3969505710519947e+17 1.3623783048708275e+17 1.323361440877679e+17 1.2782893526721814e+17 1.2251809014906646e+17 1.1945418271762829e+17 1.1602953947549934e+17 1.121425897617909e+17 1.0953083213218947e+17 1.0764625136064034e+17 1.0456291586664277e+17 1.0230119160997709e+17 9.851717356419845e+16 9.566201806030464e+16 9.41069289742687e+16 9.244877792694253e+16 9.06680475684202e+16 8.87378126181369e+16 8.661884885063267e+16 8.152561476906971e+16 7.823632342691506e+16 7.380900975770672e+16
20150.002822952894 1.4432971283830746e+17 1.4152989303209688e+17 1.3845117916831528e+17 1.3502375423116605e+17 1.3114272875044274e+17 1.2668357550778154e+17 1.2141873395557504e+17 1.1837887348461643e+17 1.1497618382118725e+17 1.1111439336937994e+17 1.0851950370556888e+17 1.066468444801009e+17 1.0358061338105133e+17 1.0133191623005061e+17 9.757149330609424e+16 9.4733908969527e+16 9.318898889318699e+16 9.154189190554107e+16 8.977369011891312e+16 8.785778274761586e+16 8.575536194918123e+16 8.070657359699598e+16 7.745007390831962e+16 7.307161925304323e+16
20250.002836962598 1.4104003631420987e+17 1.382937057605673e+17 1.3527187492583784e+17 1.318874683249209e+17 1.2810406444928555e+17 1.237415458606726e+17 1.186060495425706e+17 1.1564318183581986e+17 1.1234266598189333e+17 1.0859871049613827e+17 1.0608635258984622e+17 1.0427697411136446e+17 1.0131832417115573e+17 9.915097245710346e+16 9.553106261402682e+16 9.280386733788405e+16 9.132022859861032e+16 8.973853997514069e+16 8.804105511256518e+16 8.620220459769197e+16 8.41845492542014e+16 7.933808713962829e+16 7.620898997347538e+16 7.199024852222967e+16
20350.002850972298 1.3873847064863822e+17 1.3608261103774931e+17 1.3314311827637957e+17 1.2987954221872686e+17 1.2621467229150096e+17 1.2198670714402682e+17 1.1701796200793034e+17 1.1415007749469554e+17 1.109490610095513e+17 1.0732280217071549e+17 1.0488828546160352e+17 1.031327571720586e+17 1.0026137266097413e+17 9.815658281900555e+16 9.46361846740607e+16 9.197947718526622e+16 9.053236508811877e+16 8.898830891251179e+16 8.732927219114806e+16 8.552964999751861e+16 8.355202389873546e+16 7.878834585234261e+16 7.570310036737587e+16 7.15362084761516e+16
20450.002864981998 1.3874883481126357e+17 1.3608312265662226e+17 1.3315525194020906e+17 1.2987028271696958e+17 1.2617672389956856e+17 1.2191316781952862e+17 1.1688553958031632e+17 1.1399097850535189e+17 1.1075520296134032e+17 1.0708408451893419e+17 1.0461923168539851e+17 1.0284095412751458e+17 9.993317965651909e+16 9.780313178513486e+16 9.424261797004392e+16 9.155802170928365e+16 9.009703697172451e+16 8.85396969328048e+16 8.686763258933648e+16 8.50558453575357e+16 8.306720481250074e+16 7.828755241770709e+16 7.519995856603824e+16 7.104072442594838e+16
20550.002878991694 1.3643619215901397e+17 1.3381077384947293e+17 1.3090147607196467e+17 1.27680411396259e+17 1.240151299651949e+17 1.1982116197877864e+17 1.148706775687417e+17 1.1202018046084822e+17 1.0883109440334341e+17 1.0522510893992682e+17 1.0280741605000763e+17 1.0106410761867275e+17 9.82164162617197e+16 9.613246541086635e+16 9.265303928654624e+16 9.00334205607101e+16 8.86087038811631e+16 8.709062202599346e+16 8.54619101566025e+16 8.369789044414037e+16 8.176272979446906e+16 7.71154316665249e+16 7.411593629703034e+16 7.007464778462852e+16
20650.002893001398 1.3338070451433594e+17 1.3083306187170173e+17 1.2802306547155269e+17 1.2488657670390038e+17 1.2137447369645934e+17 1.1732263701366048e+17 1.1255529000385715e+17 1.0981125164845997e+17 1.0674954588036435e+17 1.0328436827491198e+17 1.0096031163851307e+17 9.928748387009798e+16 9.655532352222173e+16 9.45535149155515e+16 9.121130077318661e+16 8.869403817489843e+16 8.732399536975475e+16 8.586363931746978e+16 8.429550105485322e+16 8.259555521649902e+16 8.07286520205662e+16 7.623401464930344e+16 7.332221196380115e+16 6.938246918902849e+16
20750.002907011094 1.3291300374852531e+17 1.3038123803908077e+17 1.2757892485212806e+17 1.2444057992256358e+17 1.2092242219340051e+17 1.168732185169938e+17 1.1210220234112334e+17 1.0935817364576213e+17 1.0629184269528277e+17 1.0281826968838043e+17 1.0049022867099488e+17 9.881145920909445e+16 9.606847548558706e+16 9.40597456056375e+16 9.070638089051088e+16 8.818053152076358e+16 8.680575712455282e+16 8.534120205401755e+16 8.376866651168658e+16 8.206498094586576e+16 8.019486976929531e+16 7.569752675195074e+16 7.278913735508341e+16 6.8862623501057816e+16
20850.002921020798 1.3125168579275595e+17 1.2873507270184144e+17 1.2595313506594955e+17 1.2286270381977509e+17 1.193754302373381e+17 1.1536235883513112e+17 1.1064520446952294e+17 1.079263808039236e+17 1.048972470713229e+17 1.0146555289608205e+17 9.916522318996803e+16 9.750899496854349e+16 9.480245699504885e+16 9.282462122083221e+16 8.952167829655546e+16 8.703483831758851e+16 8.56824094447208e+16 8.424153410379373e+16 8.269508157677344e+16 8.101993257679789e+16 7.918172775722074e+16 7.476423548323413e+16 7.190995918187674e+16 6.805836921574977e+16
20950.002935030498 1.2827883484846976e+17 1.2580299951544923e+17 1.2312224764661642e+17 1.2011439365287533e+17 1.1673703046973304e+17 1.1284910575594922e+17 1.0827638623744826e+17 1.0564655284496258e+17 1.0271867739285797e+17 9.941182611331882e+16 9.719537008229653e+16 9.560027301347805e+16 9.299712447179138e+16 9.109558337585792e+16 8.792307940768578e+16 8.55361250157676e+16 8.423794999671315e+16 8.285489913653306e+16 8.137071760348592e+16 7.97623857216917e+16 7.799683707692842e+16 7.3748112713903e+16 7.0996360386368856e+16 6.726930615266974e+16
21050.002949040194 1.2818987271168368e+17 1.2575717258099862e+17 1.230652639787338e+17 1.2005350710389102e+17 1.1667634806969832e+17 1.127838671530054e+17 1.0820349221061179e+17 1.0556229252202342e+17 1.0262205013861683e+17 9.929093215689528e+16 9.705593605301872e+16 9.544762173080275e+16 9.28212756526809e+16 9.089867820581086e+16 8.76905275127736e+16 8.527560219347496e+16 8.396244848389629e+16 8.256341991287818e+16 8.106191834925936e+16 7.943530445122118e+16 7.765044137883464e+16 7.336066378987896e+16 7.058787378966558e+16 6.684399199094908e+16
21150.002963049898 1.2618839833664165e+17 1.2378813661331246e+17 1.2114794614496082e+17 1.182278768296699e+17 1.148949241382174e+17 1.1108401843626504e+17 1.065928376536186e+17 1.0400899239665635e+17 1.0112504679898171e+17 9.786826524818835e+16 9.568599134783227e+16 9.411390153743245e+16 9.154714338227835e+16 8.967001703577053e+16 8.653965113268851e+16 8.418351152038219e+16 8.290283265545502e+16 8.153791013368147e+16 8.007350960137595e+16 7.848696421526986e+16 7.674560111073888e+16 7.25582108245317e+16 6.984913374910988e+16 6.618603405635484e+16
21250.002977059594 1.249818884096996e+17 1.2259781072135768e+17 1.1997388812939106e+17 1.1708399803311411e+17 1.1378842846024538e+17 1.100171947241332e+17 1.055770075195024e+17 1.0301616784414154e+17 1.0015828444418427e+17 9.692937945494075e+16 9.476555897315842e+16 9.320875018571464e+16 9.06655894966156e+16 8.880672111652574e+16 8.5706484731799e+16 8.337421504540618e+16 8.210621309862762e+16 8.075502612975643e+16 7.930534738771408e+16 7.773509415829442e+16 7.601165946379646e+16 7.18681858581657e+16 6.918854289605464e+16 6.556667377642013e+16
21350.002991069196 1.2362169308948214e+17 1.2129190734735325e+17 1.1874421021439522e+17 1.1588424519937758e+17 1.1266975780749795e+17 1.0896102337968488e+17 1.0460190283244992e+17 1.0208621810643861e+17 9.927751979372395e+16 9.609951559960834e+16 9.39672033703465e+16 9.243112830534424e+16 8.992356278258062e+16 8.808897730878477e+16 8.50262330771288e+16 8.271901367966696e+16 8.146361005223298e+16 8.012590489179048e+16 7.868978323279398e+16 7.713344962049222e+16 7.54246064238295e+16 7.131359848502486e+16 6.865418790567113e+16 6.5061753513971704e+16
21450.0030050789 1.2236267354784728e+17 1.2001975971259227e+17 1.1746524217269149e+17 1.1462258370076618e+17 1.1143588710600125e+17 1.0774396704485997e+17 1.034094357659898e+17 1.0091503535222123e+17 9.813546324780336e+16 9.498829956908118e+16 9.288225860728325e+16 9.136447647151318e+16 8.888962646588533e+16 8.70787323938717e+16 8.406112856756298e+16 8.179030346128872e+16 8.055613641373594e+16 7.924088584545893e+16 7.782963469208453e+16 7.630073434819728e+16 7.462283131748989e+16 7.058755235242742e+16 6.797672856444852e+16 6.444708511839469e+16
21550.003019088595 1.2091326598226035e+17 1.1862768090906694e+17 1.161271934201256e+17 1.1336018225541386e+17 1.1018399564479344e+17 1.0656686323200312e+17 1.0229259081799445e+17 9.983060309814595e+16 9.708778852289707e+16 9.398420840725312e+16 9.190164824852595e+16 9.040316630578795e+16 8.795889855238808e+16 8.616903247181995e+16 8.31845510380149e+16 8.093960514056931e+16 7.971915457250171e+16 7.841851425440958e+16 7.702319566826651e+16 7.551133726399211e+16 7.385197897389552e+16 6.986309052661802e+16 6.728404500270381e+16 6.379969102496903e+16
21650.003033098295 1.1742474539860022e+17 1.1544049394642878e+17 1.1322202575613968e+17 1.1073999885246322e+17 1.0788469748549382e+17 1.0455256653520523e+17 1.0059847743779725e+17 9.828671299676261e+16 9.569512858460597e+16 9.274474650539402e+16 9.07551566047769e+16 8.931666762073846e+16 8.696157738637704e+16 8.52316244112242e+16 8.23373119505323e+16 8.015126067658637e+16 7.896029044369203e+16 7.76890472220232e+16 7.632294667908048e+16 7.484090244212986e+16 7.321189801447189e+16 6.928726557676183e+16 6.674426111778687e+16 6.330357280900744e+16
21750.003047107995 1.169233336532827e+17 1.1473997646668317e+17 1.1231978773031677e+17 1.096293610301714e+17 1.0660915769177733e+17 1.031440920944781e+17 9.90662408931129e+16 9.67212128285084e+16 9.410299566837744e+16 9.114742127810842e+16 8.91698848295486e+16 8.774754661494963e+16 8.542614469836773e+16 8.373078380583443e+16 8.090472718333259e+16 7.877887301093411e+16 7.762275746839794e+16 7.63907875474687e+16 7.506842503193541e+16 7.363511664855571e+16 7.206077265379662e+16 6.826859199846589e+16 6.580896238172065e+16 6.247096298387399e+16
21850.003061117695 1.1571578757139221e+17 1.135525409650315e+17 1.1120752197288683e+17 1.085500611371611e+17 1.0557069941277162e+17 1.021599259396207e+17 9.815391980355472e+16 9.584789910722512e+16 9.327266837764653e+16 9.036398938685805e+16 8.841387349459653e+16 8.70106415997051e+16 8.472224371636728e+16 8.304700296871942e+16 8.025431128848907e+16 7.815061297619248e+16 7.700635522402237e+16 7.578602532195064e+16 7.447562680495088e+16 7.305433198831702e+16 7.1492888610094536e+16 6.773028411366887e+16 6.529042355477995e+16 6.1983636985473336e+16
21950.0030751274 1.151330948318389e+17 1.1295038704397782e+17 1.1056456113715485e+17 1.0793391235028314e+17 1.0495830722129786e+17 1.0152781449368637e+17 9.748652111313718e+16 9.516916070890893e+16 9.258051155328534e+16 8.966137626198634e+16 8.770752524362842e+16 8.630256352661474e+16 8.401005701464883e+16 8.233488153138323e+16 7.95438258241401e+16 7.744583648319995e+16 7.630542270926274e+16 7.509078685767171e+16 7.378781030113899e+16 7.237587536220712e+16 7.0826352076707624e+16 6.709917056342393e+16 6.468653733635934e+16 6.141968998165963e+16
22050.003089137095 1.1158606827430552e+17 1.0952252990535917e+17 1.0722116225424752e+17 1.0465982257204702e+17 1.0177180085096525e+17 9.847778156160669e+16 9.461044977607805e+16 9.239056652594314e+16 8.992079181088525e+16 8.71350724901229e+16 8.527462607143579e+16 8.393967159057074e+16 8.176336616678741e+16 8.017584673707563e+16 7.75330679441832e+16 7.554792984696411e+16 7.446973745908326e+16 7.332155818687291e+16 7.20896179811348e+16 7.07549443456347e+16 6.928991958597229e+16 6.576193868278624e+16 6.347145643089467e+16 6.03504545338304e+16
22150.003103146795 1.126218178016921e+17 1.1051246994852637e+17 1.0823297973476619e+17 1.0569852209532e+17 1.0280834918858688e+17 9.947978635256456e+16 9.557406103600086e+16 9.333219268735282e+16 9.082467321010902e+16 8.799103871332765e+16 8.609330982914254e+16 8.472863098287867e+16 8.249948932968694e+16 8.087233988724958e+16 7.815803692267862e+16 7.611553523462829e+16 7.500506153662798e+16 7.382116224031106e+16 7.255022581595728e+16 7.1172907191037576e+16 6.966023172090258e+16 6.601793698025724e+16 6.365797916119454e+16 6.0462040735643544e+16
22250.003117156495 1.1031344294762234e+17 1.0824797371094434e+17 1.0595826943282846e+17 1.0339340160510131e+17 1.0054984468541706e+17 9.726889865494136e+16 9.34176581321003e+16 9.120689376215874e+16 8.875159119743947e+16 8.598369836665866e+16 8.41321140849087e+16 8.280419744445723e+16 8.063865909586112e+16 7.905967220711322e+16 7.64322066870596e+16 7.44586073369857e+16 7.338676750111666e+16 7.224548342549114e+16 7.102156481969877e+16 6.969520004974162e+16 6.823972689668168e+16 6.473599595945056e+16 6.246281562834717e+16 5.936889663924929e+16
22350.003131166195 1.0926875526473531e+17 1.0721715818177491e+17 1.0498439500318726e+17 1.0248145342832011e+17 9.967098207745205e+16 9.642943884985046e+16 9.263152219179954e+16 9.045424047856067e+16 8.803246757493606e+16 8.530328506221278e+16 8.347712896288429e+16 8.216649322038298e+16 8.002973391281381e+16 7.847028260030034e+16 7.587601234330829e+16 7.392733093831474e+16 7.286894043708912e+16 7.174142837738655e+16 7.053205875648509e+16 6.9221579314173416e+16 6.778326870430918e+16 6.432125668074617e+16 6.2076938834302296e+16 5.902914257162263e+16
22450.0031451759 1.0814938357068382e+17 1.061454523255394e+17 1.0391465629872581e+17 1.0147122639977275e+17 9.870222751165856e+16 9.550978136299072e+16 9.17704961284178e+16 8.962135531743363e+16 8.72305695183793e+16 8.453583345103808e+16 8.273364923033043e+16 8.143858225777085e+16 7.932930301776902e+16 7.778901394644674e+16 7.52253745696881e+16 7.329843972182362e+16 7.225144649286192e+16 7.113623757536439e+16 6.993977455944415e+16 6.864326420300126e+16 6.721992384689059e+16 6.37928317264021e+16 6.157046776303366e+16 5.855193478291335e+16
22550.003159185493 1.0700100027869014e+17 1.0502733086252187e+17 1.0286541539257658e+17 1.0046307407314078e+17 9.775294873419342e+16 9.462725239253531e+16 9.097408827393483e+16 8.886388557608728e+16 8.652193780922821e+16 8.387365123900427e+16 8.210000172806285e+16 8.082675247183688e+16 7.874894940389344e+16 7.723168328000533e+16 7.470051906233739e+16 7.279707327964672e+16 7.1761619437874584e+16 7.065800319145593e+16 6.947329098693431e+16 6.8188624577217e+16 6.6777212997377784e+16 6.337571077005955e+16 6.11687408868476e+16 5.817320209754534e+16
22650.003173195197 1.050229356938724e+17 1.0304229997425117e+17 1.0089619472358102e+17 9.85132412862173e+16 9.582263010963486e+16 9.273921692060062e+16 8.912934905324946e+16 8.70615436558157e+16 8.475918591871053e+16 8.216618884902768e+16 8.043468180891061e+16 7.9189857223825e+16 7.716810963973906e+16 7.569252130605979e+16 7.323810179197992e+16 7.139541461308907e+16 7.0394708082961144e+16 6.932905887217755e+16 6.818570412354689e+16 6.694673748316328e+16 6.558665556139128e+16 6.2312088326361544e+16 6.018748134738193e+16 5.7296417802375016e+16
22750.003187204897 1.0483637300765936e+17 1.0287792422237163e+17 1.0076405887255186e+17 9.840869210997218e+16 9.575189814861846e+16 9.270077650839955e+16 8.9107043073808e+16 8.704532349825171e+16 8.47498442866195e+16 8.215936841884277e+16 8.042687032262227e+16 7.91814595316171e+16 7.715146762875154e+16 7.566937557484035e+16 7.320148745829966e+16 7.1345329416957704e+16 7.033630539024238e+16 6.926115222008905e+16 6.81067320690569e+16 6.685567078472643e+16 6.5481242739793896e+16 6.217038813766256e+16 6.0023272706817736e+16 5.711022730752714e+16
22850.003201214597 1.0238749025503922e+17 1.0050537875819269e+17 9.843375774628531e+16 9.613316486053107e+16 9.35557784146923e+16 9.058775580282251e+16 8.711593427292434e+16 8.512771502392598e+16 8.291357866967317e+16 8.041745005969315e+16 7.87535108171092e+16 7.75581995595785e+16 7.56123859361578e+16 7.419279067397315e+16 7.183153743422984e+16 7.005643170662705e+16 6.909139551038181e+16 6.806319731154093e+16 6.695901586973323e+16 6.576151741721551e+16 6.444568534735711e+16 6.127090563200925e+16 5.920657120457946e+16 5.639395247911322e+16
22950.003215224297 9.7289186155712e+16 9.5315498528572e+16 9.315212800685374e+16 9.079423191904866e+16 8.81510727577176e+16 8.514678025148192e+16 8.168772471904816e+16 7.97397969326284e+16 7.758408593966808e+16 7.51887015444758e+16 7.360335291002986e+16 7.247102835967461e+16 7.063927801669056e+16 6.930979573732786e+16 6.710860960239288e+16 6.5460839734930424e+16 6.456594381618431e+16 6.361230889291238e+16 6.258772228557741e+16 6.147386613077536e+16 6.024466392115852e+16 5.723555890397713e+16 5.521821094146218e+16 5.231520016918499e+16
23050.003229233993 9.893347147359453e+16 9.704511915597954e+16 9.494945084929962e+16 9.265332121227091e+16 9.007220690940427e+16 8.712864550196454e+16 8.368962484029176e+16 8.172712699209246e+16 7.95570795821593e+16 7.711781001197797e+16 7.549408693460384e+16 7.433350745066278e+16 7.244430732303342e+16 7.1068746821425096e+16 6.8784445602934e+16 6.707103013500602e+16 6.6140338216746296e+16 6.51489097206669e+16 6.40845480716748e+16 6.29299701028644e+16 6.165949777016697e+16 5.85799232577636e+16 5.6553953175989624e+16 5.372615079674498e+16
23150.003243243696 9.823889785717037e+16 9.633976366670122e+16 9.43069028544984e+16 9.202952037295264e+16 8.94839322000942e+16 8.655846892776824e+16 8.316031926784494e+16 8.121713180697517e+16 7.906851465402645e+16 7.665015828194203e+16 7.504237017398142e+16 7.389019386213933e+16 7.2017261781405336e+16 7.065486658371734e+16 6.839113720956745e+16 6.66933452840226e+16 6.577144330046329e+16 6.478938546284247e+16 6.373505487766083e+16 6.259195970398321e+16 6.133495364088838e+16 5.829248919107388e+16 5.6296829942954536e+16 5.352374962571914e+16
23250.003257253396 9.191546464043258e+16 9.002044585406309e+16 8.798438501326789e+16 8.573725982727656e+16 8.323984574290646e+16 8.043800320369363e+16 7.721549757217688e+16 7.539439363660888e+16 7.339379970087653e+16 7.117495066971421e+16 6.97074343331905e+16 6.866060124207668e+16 6.6965401968152664e+16 6.573599386749317e+16 6.3698606819344984e+16 6.2172385721415176e+16 6.134260013881488e+16 6.045775289655834e+16 5.950530943309405e+16 5.846920791635833e+16 5.732317435402871e+16 5.450390930176755e+16 5.2596111770882056e+16 4.98049131973777e+16
23350.003271263096 9.349649644691794e+16 9.168672364179222e+16 8.968453385365931e+16 8.74998919390912e+16 8.505622305250794e+16 8.225857658535075e+16 7.902222594588222e+16 7.718458290004211e+16 7.515662587614752e+16 7.288931798835651e+16 7.1386809170546904e+16 7.031051807658373e+16 6.856763412498722e+16 6.730308195938748e+16 6.5205979675546024e+16 6.3636243405624104e+16 6.278441136334622e+16 6.187714960358467e+16 6.090323488374295e+16 5.984635792183427e+16 5.86826820049753e+16 5.5851485089566344e+16 5.3972412359797016e+16 5.1302839196717224e+16
23450.003285272796 9.448939735913648e+16 9.26945995511294e+16 9.069489656297277e+16 8.849785941686717e+16 8.604185196014494e+16 8.322549618226477e+16 7.993833377048382e+16 7.806680823067973e+16 7.599286792539608e+16 7.366770806567598e+16 7.212051451996069e+16 7.101249590703682e+16 6.9214208158141e+16 6.790577694437459e+16 6.573428912707561e+16 6.410707041722558e+16 6.322395054053066e+16 6.228382389151752e+16 6.127490245876939e+16 6.01809991063248e+16 5.897851287972711e+16 5.606575305480282e+16 5.4148121133207816e+16 5.145408877763471e+16
23550.003299282493 8.802011580389763e+16 8.617896412475325e+16 8.421731394786291e+16 8.20514446472654e+16 7.964621397393072e+16 7.6951461622204e+16 7.38598101051168e+16 7.212493571270936e+16 7.0222109246952376e+16 6.811478110428077e+16 6.672526783593388e+16 6.573609137823072e+16 6.413828610866938e+16 6.298143285753819e+16 6.106858015693049e+16 5.9638109283445096e+16 5.886138401354306e+16 5.803326988966875e+16 5.714273712853488e+16 5.617334263097002e+16 5.5101060722639896e+16 5.24574607326915e+16 5.0658295048077816e+16 4.799725731922099e+16
23650.003313292196 9.097761647340178e+16 8.920672656955426e+16 8.724378878656507e+16 8.510476733490438e+16 8.271010072705984e+16 7.997887360609477e+16 7.681114741669771e+16 7.501756683057594e+16 7.303540479612522e+16 7.0817763629264744e+16 6.934844686533152e+16 6.829890683987883e+16 6.659841828738552e+16 6.536310143065421e+16 6.3317841754457896e+16 6.17872679853323e+16 6.09566077177996e+16 6.007225166169959e+16 5.912270365874149e+16 5.809231563173697e+16 5.695746675729105e+16 5.419401972857587e+16 5.23558125202856e+16 4.973214207388493e+16
23750.003327301896 9.022394339181328e+16 8.849094640658109e+16 8.658475458380021e+16 8.446683851281691e+16 8.210774477994888e+16 7.942095991100389e+16 7.630117140730618e+16 7.452420372741e+16 7.256641175401426e+16 7.038100055958273e+16 6.892994516772619e+16 6.7893329195050504e+16 6.6214155989498856e+16 6.499568882051679e+16 6.297706774049086e+16 6.146605248502356e+16 6.064630137483451e+16 5.977337870501021e+16 5.883626039317736e+16 5.781961852691492e+16 5.670031953409737e+16 5.397872728399821e+16 5.217308366708881e+16 4.9604107797840824e+16
23850.003341311494 8.484954873334595e+16 8.309328037183893e+16 8.118576799069262e+16 7.908988769434138e+16 7.67734123199025e+16 7.41761999700779e+16 7.121195994733945e+16 6.9551535044561256e+16 6.773675370232558e+16 6.573246874668302e+16 6.441601792768035e+16 6.3478839729794696e+16 6.196783001034771e+16 6.087609481935895e+16 5.907311460930447e+16 5.7725581521694504e+16 5.699410492166322e+16 5.621422139010855e+16 5.53752224814937e+16 5.446167061383982e+16 5.345024673861042e+16 5.0951450212958776e+16 4.924499106644004e+16 4.671110464619767e+16
23950.003355321198 8.745578088947475e+16 8.570535827080827e+16 8.380953047997098e+16 8.17296590935568e+16 7.939929221194512e+16 7.675564126717966e+16 7.371224586557942e+16 7.198530445391594e+16 7.008687199681299e+16 6.797386931426762e+16 6.657662164174194e+16 6.557976778193642e+16 6.396882702151895e+16 6.280193658402054e+16 6.087231378989959e+16 5.943059102165101e+16 5.86489417612572e+16 5.781677517937018e+16 5.6923484587170264e+16 5.5953957043846824e+16 5.488573092031381e+16 5.22794118353925e+16 5.053774424597736e+16 4.8032076693188264e+16
24050.003369330894 8.747339375392824e+16 8.577832720707491e+16 8.393091486279808e+16 8.188944345453438e+16 7.96057079183875e+16 7.701391565561992e+16 7.400058879969618e+16 7.22896236589414e+16 7.0400844120073096e+16 6.82877813405739e+16 6.688765073230111e+16 6.58865583439082e+16 6.4262937470743784e+16 6.308469024901638e+16 6.113079082979346e+16 5.96675061185073e+16 5.887330557633005e+16 5.8027106224163304e+16 5.711845579250068e+16 5.613225064874574e+16 5.504617483602518e+16 5.2404357682856824e+16 5.0651669844864904e+16 4.815810642621074e+16
24150.003383340594 8.286355370948203e+16 8.117179518977293e+16 7.932152951769915e+16 7.729786215237112e+16 7.504242711039258e+16 7.251942510615029e+16 6.963391546296676e+16 6.8016412809912136e+16 6.625137995510185e+16 6.429826061200704e+16 6.301448956059576e+16 6.210226458867544e+16 6.063176184643575e+16 5.9568726291632e+16 5.781427518692431e+16 5.65040296338627e+16 5.57934899888914e+16 5.503603760633149e+16 5.422188707140281e+16 5.333615295172727e+16 5.2356719992679304e+16 4.994362154514734e+16 4.830249599689575e+16 4.587755201803005e+16
24250.003397350298 8.423994875573974e+16 8.25597208607127e+16 8.07328686916136e+16 7.871696959290467e+16 7.649376285964134e+16 7.396270588056794e+16 7.1045465920746584e+16 6.9397789096473464e+16 6.759163973908514e+16 6.558170965895925e+16 6.425503323580252e+16 6.331103585641512e+16 6.1785562974805224e+16 6.068056860078392e+16 5.885559453921146e+16 5.74923732159927e+16 5.6753170219405976e+16 5.596641014081746e+16 5.512162288691787e+16 5.4204758332100984e+16 5.319398281813627e+16 5.072525316664621e+16 4.907262527313391e+16 4.6688491283716424e+16
24350.003411359994 8.42215055502211e+16 8.259002691155147e+16 8.082931230060349e+16 7.885955126819971e+16 7.668624932988598e+16 7.42067117834555e+16 7.133322792082752e+16 6.9706478565291176e+16 6.79095330381331e+16 6.590459300406723e+16 6.4575207901846536e+16 6.362626340848578e+16 6.2089756933478616e+16 6.097402088570045e+16 5.9125524384722824e+16 5.7741586503774664e+16 5.699026523486924e+16 5.6189789494526904e+16 5.533035602885732e+16 5.439720957056732e+16 5.3369392290111544e+16 5.086746603594728e+16 4.9205134901229384e+16 4.683446522663724e+16
24450.003425369698 8.155808571257162e+16 7.991709131852792e+16 7.812338032722514e+16 7.614727273075315e+16 7.395199801137427e+16 7.148188646016991e+16 6.865337245490018e+16 6.706104500124676e+16 6.531827461261338e+16 6.338877566229518e+16 6.211858540855461e+16 6.121649638659521e+16 5.976042054909764e+16 5.870769759220053e+16 5.697174340866669e+16 5.567642341778452e+16 5.497429505342887e+16 5.42269582940469e+16 5.342449057024627e+16 5.255312233271632e+16 5.1591788760483944e+16 4.9236699123213096e+16 4.7649642423921144e+16 4.533333135578035e+16
24550.003439379398 8.017959454236067e+16 7.858613176212858e+16 7.684183070913381e+16 7.493330075043645e+16 7.280039695536978e+16 7.041568565753927e+16 6.7676311687592056e+16 6.61322174359825e+16 6.4444818814453016e+16 6.257793912810239e+16 6.134921908797739e+16 6.047584687920061e+16 5.906789132857285e+16 5.805071008476209e+16 5.6371788800516776e+16 5.511922562087757e+16 5.443985334790269e+16 5.371669155673534e+16 5.2940064457739176e+16 5.209603802579333e+16 5.1164409201019544e+16 4.8879570256727704e+16 4.733810796875724e+16 4.5087017754115016e+16
24650.003453389094 8.174831154953402e+16 8.02017898867588e+16 7.849192487270518e+16 7.659696955904214e+16 7.44760890218738e+16 7.207811226673643e+16 6.9302264627280584e+16 6.772394976812845e+16 6.598682826969678e+16 6.405105045661565e+16 6.276921754373527e+16 6.185356053520364e+16 6.037334366397992e+16 5.929898834977238e+16 5.7520698975138936e+16 5.619094313997815e+16 5.546939490621764e+16 5.470102566208137e+16 5.3876204142130056e+16 5.298136764267261e+16 5.199613369953124e+16 4.960035558578522e+16 4.801096137176556e+16 4.574873971018288e+16
24750.003467398798 7.96583278293145e+16 7.809881407679376e+16 7.640425460843947e+16 7.453191459562021e+16 7.245074159301314e+16 7.009619308263018e+16 6.738216196786971e+16 6.5854258537835064e+16 6.4175146140548776e+16 6.2311018206829544e+16 6.108162671729082e+16 6.020678938828791e+16 5.879326499007919e+16 5.7770307006363256e+16 5.608037045708712e+16 5.481742301671959e+16 5.413242145586175e+16 5.340300096851009e+16 5.261962956871209e+16 5.1768856729398824e+16 5.083055953731583e+16 4.85369738648011e+16 4.699978395902397e+16 4.477847637895723e+16
24850.003481408494 7.709542345671848e+16 7.55751439088674e+16 7.391757198927566e+16 7.210072794067824e+16 7.007498176047834e+16 6.779409382186388e+16 6.517672030674436e+16 6.3706271714085576e+16 6.209699020508257e+16 6.0321492793390136e+16 5.915563816435492e+16 5.83275299708795e+16 5.699433336397163e+16 5.603282287221139e+16 5.444947618965226e+16 5.3270638197674744e+16 5.263240824088612e+16 5.19533356041841e+16 5.122465485588378e+16 5.043369278662831e+16 4.956127261258676e+16 4.742327599494087e+16 4.597955898564742e+16 4.3862810487760616e+16
24950.003495418197 7.890619528481576e+16 7.739024058758891e+16 7.572844646296875e+16 7.39006284524614e+16 7.184600847911591e+16 6.952630535673479e+16 6.68418539945159e+16 6.532272524456384e+16 6.365397420152576e+16 6.179630062928628e+16 6.0570261636288104e+16 5.969593054140846e+16 5.8282250609842456e+16 5.725896097644625e+16 5.556675531570995e+16 5.430298444800801e+16 5.361781605550604e+16 5.288873499084179e+16 5.210657017738977e+16 5.125820191561645e+16 5.032435640994887e+16 4.805254710416866e+16 4.654198132773753e+16 4.438067595350321e+16
25050.0035094278 7.844065149948139e+16 7.695862716017043e+16 7.533208053132379e+16 7.352598356424203e+16 7.151664640286151e+16 6.9243453131920104e+16 6.6608309645296e+16 6.511205526214567e+16 6.34677746905615e+16 6.163386503298871e+16 6.04216640619191e+16 5.955715521090775e+16 5.815734056428479e+16 5.714265822642893e+16 5.546340524151546e+16 5.420724380601333e+16 5.352563469165126e+16 5.279983777077387e+16 5.202063471744042e+16 5.1175040448725576e+16 5.0243876598353064e+16 4.79791529291408e+16 4.647704483143582e+16 4.434164157862127e+16
25150.003523437495 7.613089793325562e+16 7.462938776065693e+16 7.298214280488725e+16 7.116356272966814e+16 6.914788259150702e+16 6.686741829472854e+16 6.424713008738882e+16 6.277370717165602e+16 6.116263373954189e+16 5.9380715209497256e+16 5.820981640647967e+16 5.737803021230335e+16 5.603886407013952e+16 5.507298954217853e+16 5.348300274634366e+16 5.22999894443435e+16 5.1659970420884616e+16 5.097973143644974e+16 5.0250498926034104e+16 4.945999989611907e+16 4.85896567346891e+16 4.646586883859757e+16 4.504102027620684e+16 4.296801023920163e+16
25250.003537447195 7.628637501390315e+16 7.479417218203243e+16 7.31718160818056e+16 7.13711356851571e+16 6.936502289889053e+16 6.708521126266742e+16 6.4454938978646664e+16 6.296724021623976e+16 6.133524148828673e+16 5.952518981126921e+16 5.83323619272199e+16 5.748402850508806e+16 5.611603909353123e+16 5.512830023408486e+16 5.350254241529393e+16 5.229365769596849e+16 5.164061840244189e+16 5.094747581916079e+16 5.020567016711207e+16 4.9403577707671496e+16 4.852346380275783e+16 4.639157578484758e+16 4.497574958359933e+16 4.2936010455338744e+16
25350.003551456895 7.591728965454603e+16 7.447494502337888e+16 7.289149327490682e+16 7.114587908841671e+16 6.919546530864254e+16 6.697834426498442e+16 6.441630180371532e+16 6.296548238124604e+16 6.1371276688988184e+16 5.9595930836898024e+16 5.842441957705173e+16 5.758931300992548e+16 5.62407474847557e+16 5.5264279629579976e+16 5.365202935906912e+16 5.244902605345022e+16 5.179748936555914e+16 5.110463116729736e+16 5.0361861548478936e+16 4.9557195747337336e+16 4.867252421304354e+16 4.6526246193236344e+16 4.5104321949520744e+16 4.307719712867086e+16
25450.003565466595 7.443505323855267e+16 7.301382147420389e+16 7.14596091654426e+16 6.974539457146428e+16 6.783130033697173e+16 6.5665278443427384e+16 6.316869337180307e+16 6.175634432016912e+16 6.021016301056613e+16 5.84940408352573e+16 5.736324086172851e+16 5.655902564670533e+16 5.52615281157747e+16 5.4322950263050696e+16 5.2775313362260776e+16 5.16214914913075e+16 5.099663207451909e+16 5.0332135488285256e+16 4.961958117789076e+16 4.884721653333724e+16 4.799745445095465e+16 4.593098059808849e+16 4.455607040260445e+16 4.258503278362334e+16
25550.0035794763 7.39923192880741e+16 7.25917851316759e+16 7.106283097939566e+16 6.935671797898484e+16 6.746156544990308e+16 6.531790482021407e+16 6.2837579432422616e+16 6.143185047739469e+16 5.989081779105526e+16 5.817838584202741e+16 5.7048745437238856e+16 5.624476340087384e+16 5.494738259301114e+16 5.4009046378886024e+16 5.2460969076887304e+16 5.130713916295302e+16 5.068257341876423e+16 5.00185211784718e+16 4.930681039850469e+16 4.853577839076336e+16 4.768819648306792e+16 4.563063074215359e+16 4.426493682326899e+16 4.231172244768532e+16
25650.003593485995 7.353759274459173e+16 7.215952402688677e+16 7.065232873227829e+16 6.898664767410074e+16 6.71316621761698e+16 6.503049232179831e+16 6.25934611565487e+16 6.121132522759358e+16 5.969251490162992e+16 5.8000521156335864e+16 5.6882668403087416e+16 5.608615250866911e+16 5.479839354240247e+16 5.386558748398105e+16 5.232418698508514e+16 5.117301829070637e+16 5.0549118461299256e+16 4.988525739432407e+16 4.917307858773101e+16 4.8401098821037144e+16 4.75519190126709e+16 4.549047310517545e+16 4.412521450231912e+16 4.218430743939676e+16
25750.003607495695 7.349300327047555e+16 7.213342003850698e+16 7.063033692140391e+16 6.897156447135535e+16 6.7117120947484856e+16 6.501232912950287e+16 6.256661213222357e+16 6.1181818959937144e+16 5.965515816225758e+16 5.795425742600779e+16 5.682959621661758e+16 5.6027925461159736e+16 5.4730144114326984e+16 5.37902155586963e+16 5.223607469688675e+16 5.1075388883301944e+16 5.044628167667525e+16 4.977707305564655e+16 4.905951531480788e+16 4.82820260157571e+16 4.742745133432042e+16 4.535736419397199e+16 4.399186319545176e+16 4.206236170767537e+16
25850.00362150539 7.121919467468449e+16 6.98814756981144e+16 6.840745461713856e+16 6.678194463265703e+16 6.497065039772191e+16 6.291809919299208e+16 6.0551181217731976e+16 5.921392873649213e+16 5.774949453056697e+16 5.612485304560043e+16 5.505485649799624e+16 5.429500376980836e+16 5.306859413455742e+16 5.218278933977138e+16 5.072365009767811e+16 4.9636725246314776e+16 4.904862885207831e+16 4.842360057787846e+16 4.77537126344746e+16 4.70280385889073e+16 4.623029116974789e+16 4.4292708434615944e+16 4.3004415806723896e+16 4.115483431146059e+16
25950.003635515095 7.162476856924371e+16 7.0288370093369096e+16 6.882488615310013e+16 6.72030718992624e+16 6.5386711828617416e+16 6.333197291168095e+16 6.095345104646406e+16 5.960484867648281e+16 5.812438533683692e+16 5.647789830553199e+16 5.539160798189365e+16 5.461860193688606e+16 5.336957460237094e+16 5.246603413864762e+16 5.097478413812944e+16 4.98628091465724e+16 4.926090419889189e+16 4.862092834780812e+16 4.793510250571625e+16 4.719235498361593e+16 4.637630420601815e+16 4.439934601267978e+16 4.309278845996057e+16 4.123732167962776e+16
26050.003649524795 7.125220368633594e+16 6.9929222677056344e+16 6.84823899878645e+16 6.688666550194007e+16 6.509420934193673e+16 6.305660610485664e+16 6.069817644176305e+16 5.936007400422295e+16 5.7886287312507304e+16 5.624764235823825e+16 5.516501812543588e+16 5.439297513365587e+16 5.314606584903596e+16 5.224321615225579e+16 5.0752762359308136e+16 4.964051568695393e+16 4.903828448618858e+16 4.839792898742477e+16 4.771168111659348e+16 4.696854173656793e+16 4.615218562620875e+16 4.417586265713544e+16 4.287197262510465e+16 4.102671681171745e+16
26150.003663534495 7.0559189164545736e+16 6.9265113541442136e+16 6.784722919441516e+16 6.627462802111288e+16 6.451257802646789e+16 6.251329816203159e+16 6.019221319148168e+16 5.8873143170910664e+16 5.7421519647884e+16 5.580586383424181e+16 5.4737939807096424e+16 5.397640950595543e+16 5.27462956448454e+16 5.1855957036617464e+16 5.038437449919865e+16 4.928657644366341e+16 4.8691944146808824e+16 4.805966147843732e+16 4.738191639055939e+16 4.664797677094807e+16 4.58416321228134e+16 4.389020988017681e+16 4.260393899927163e+16 4.078737013054438e+16
26250.003677544195 6.848840255688638e+16 6.733843393766916e+16 6.6063801067271064e+16 6.463407738766402e+16 6.301940794966634e+16 6.115650695917423e+16 5.897374712004752e+16 5.772790873211513e+16 5.634676140456396e+16 5.480264939396685e+16 5.377950899534998e+16 5.304791746400797e+16 5.186405732255969e+16 5.100545146075661e+16 4.958564102664087e+16 4.852527644913382e+16 4.795058694035166e+16 4.733927625103193e+16 4.668403449241925e+16 4.59741776101287e+16 4.519413821131447e+16 4.330500615954206e+16 4.2057368681073096e+16 4.0287083048069016e+16
26350.003691553797 6.874838193967332e+16 6.750117242732213e+16 6.614717424892122e+16 6.4624790466267064e+16 6.2937427883417736e+16 6.101312199831026e+16 5.877814013508353e+16 5.751404421815952e+16 5.6123308133746616e+16 5.457208507972622e+16 5.354763966033587e+16 5.2817595485480504e+16 5.163745302670079e+16 5.078332370469366e+16 4.937199967344487e+16 4.831861390956138e+16 4.77478728263871e+16 4.714082015909874e+16 4.648991038008555e+16 4.578452882026914e+16 4.5009248167896904e+16 4.3130590886185016e+16 4.189028743227634e+16 4.0136223898039416e+16
26450.003705563493 6.800676624678052e+16 6.677225618055442e+16 6.5436114881007944e+16 6.395155435779057e+16 6.229068887908347e+16 6.040228637672455e+16 5.821152347981608e+16 5.6970594529547656e+16 5.560552525696233e+16 5.408452321994691e+16 5.30798728245517e+16 5.236407648498067e+16 5.120612167001112e+16 5.036812864825509e+16 4.898335167309723e+16 4.79492541031528e+16 4.738896716013204e+16 4.6792883993390424e+16 4.6153878627379416e+16 4.5461434665426664e+16 4.470041209373737e+16 4.2857531623368616e+16 4.164236577180911e+16 3.992722967431762e+16
26550.003719573197 6.705978800871367e+16 6.5820046851693864e+16 6.4457213768755064e+16 6.296522472441352e+16 6.128605865072653e+16 5.937712212995545e+16 5.716934218068787e+16 5.592044457714106e+16 5.454840734988011e+16 5.3025724923504056e+16 5.202208883621004e+16 5.130784983786175e+16 5.015599833278074e+16 4.932444566288122e+16 4.795537416940957e+16 4.693764278202735e+16 4.638784130327474e+16 4.5804418227607384e+16 4.518029694292468e+16 4.4506028624712584e+16 4.3767017440000856e+16 4.198380130512201e+16 4.080797325613729e+16 3.913240405104372e+16
26650.003733582893 6.6095565346447816e+16 6.48968945369167e+16 6.358045209140164e+16 6.213734557577134e+16 6.051526820228864e+16 5.867450557700997e+16 5.654276126042098e+16 5.533693342684522e+16 5.401058902605861e+16 5.253626996214868e+16 5.156358485207866e+16 5.087145066160393e+16 4.975359433243607e+16 4.894548463119878e+16 4.761236159539139e+16 4.6618923827440344e+16 4.608120699591823e+16 4.550978414101669e+16 4.489768301506849e+16 4.4234917326617944e+16 4.350719831097386e+16 4.174554156575301e+16 4.058177418772585e+16 3.8927422748735544e+16
26750.003747592596 6.676536377522281e+16 6.5575784136327384e+16 6.426336748770459e+16 6.280830305030918e+16 6.118654188232388e+16 5.933002706766536e+16 5.717532183999592e+16 5.5951807638060776e+16 5.460326894659901e+16 5.309988379621304e+16 5.21043515230932e+16 5.139449866976736e+16 5.0247641747247864e+16 4.941636173969884e+16 4.804306939333068e+16 4.701800184282004e+16 4.6462766001258536e+16 4.5872400435056296e+16 4.523980564338532e+16 4.4554819843398424e+16 4.3802913099751656e+16 4.198711177196592e+16 4.079549602754192e+16 3.9124602844708456e+16
26850.003761602296 6.624694308393219e+16 6.5055122700577416e+16 6.374867210550753e+16 6.230275611806992e+16 6.068228623401147e+16 5.883922087397024e+16 5.669641504371774e+16 5.548278175739923e+16 5.414500167117555e+16 5.2651315819756376e+16 5.166385148838911e+16 5.0960497050925224e+16 4.9822264020110344e+16 4.899814380810342e+16 4.763651303536324e+16 4.662055037234484e+16 4.607037013992909e+16 4.5485457622625224e+16 4.48587229528302e+16 4.418005813062793e+16 4.3435145320996136e+16 4.163593290132623e+16 4.045455711862965e+16 3.879610517201984e+16
26950.003775611993 6.538854527215292e+16 6.420363157369023e+16 6.290931417301743e+16 6.14727182383333e+16 5.986217022415176e+16 5.804091701304627e+16 5.592575434584066e+16 5.472519773644663e+16 5.3403077740694376e+16 5.1931354999004936e+16 5.096018280937247e+16 5.02680375500488e+16 4.914920616629832e+16 4.833955196550347e+16 4.700335146790961e+16 4.600686519775176e+16 4.5467607885519336e+16 4.489432873049812e+16 4.428028641924145e+16 4.361582672029783e+16 4.288678503627427e+16 4.112722612395655e+16 3.997239094019914e+16 3.8348772449773256e+16
27050.003789621696 6.489806563640145e+16 6.3732097732656344e+16 6.2468044254972616e+16 6.104908644089083e+16 5.947750911746412e+16 5.767569820837333e+16 5.559358439285887e+16 5.441022186176809e+16 5.310626768494057e+16 5.165443332128437e+16 5.0694571244101576e+16 5.001041608673227e+16 4.89043871167682e+16 4.810336330041981e+16 4.677998981637989e+16 4.579237303069946e+16 4.525770698431017e+16 4.468928063581451e+16 4.408008500477046e+16 4.342080873029843e+16 4.2697310592049096e+16 4.095108885938276e+16 3.9806102786914296e+16 3.8201623288712744e+16
27150.003803631393 6.42750048781992e+16 6.3127158137393016e+16 6.187744298105395e+16 6.049082318460306e+16 5.893988638666321e+16 5.716899684554686e+16 5.511489432122601e+16 5.394861111687517e+16 5.266347196993609e+16 5.123091338148555e+16 5.028326248131371e+16 4.960715642984819e+16 4.8514235157448e+16 4.772213869616952e+16 4.6413088319967224e+16 4.5435569382474344e+16 4.490590125050358e+16 4.4342749324102296e+16 4.373929092891903e+16 4.308593409420229e+16 4.236873747314652e+16 4.063783788362959e+16 3.950317017824833e+16 3.791370199471027e+16
27250.003817641096 6.373436550023745e+16 6.261509841847402e+16 6.1380365811301944e+16 6.001025830221652e+16 5.848190008102066e+16 5.674273023230354e+16 5.472326327250949e+16 5.357239777190902e+16 5.230798780518063e+16 5.089577555343362e+16 4.996230288400981e+16 4.9295867432141304e+16 4.821830553718464e+16 4.743675328916334e+16 4.61445432568414e+16 4.517868633699646e+16 4.465510868722987e+16 4.409819848913137e+16 4.350109155864954e+16 4.285445730180859e+16 4.214432727110887e+16 4.043026084933069e+16 3.930791947404565e+16 3.774186390836135e+16
27350.003831650796 6.3092456566465224e+16 6.198191197159232e+16 6.076389361455807e+16 5.940363114676159e+16 5.788475269083147e+16 5.61604580176118e+16 5.415141306516264e+16 5.300992204170538e+16 5.175339160413885e+16 5.035198489032899e+16 4.942454318262633e+16 4.876333369973411e+16 4.769350355907835e+16 4.6917740532240184e+16 4.563575606250945e+16 4.467828603356965e+16 4.415972772724037e+16 4.360816135844124e+16 4.301713960561422e+16 4.23774044928235e+16 4.1675383519655576e+16 3.998312567949815e+16 3.887620902834234e+16 3.733008217988164e+16
27450.003845660493 6.2645892980839736e+16 6.153930483817053e+16 6.033221523143346e+16 5.8997443452673336e+16 5.749517048248664e+16 5.578532648367291e+16 5.37961531160185e+16 5.266662806766085e+16 5.142127546378983e+16 5.0031885006939096e+16 4.9113055440537336e+16 4.8457212672794184e+16 4.739572599444113e+16 4.662700690200695e+16 4.535559392357212e+16 4.44058057050616e+16 4.389129545172646e+16 4.3344234970808856e+16 4.275801055540045e+16 4.212347722257131e+16 4.142726835573596e+16 3.974897707337423e+16 3.865144433541471e+16 3.712004952040124e+16
27550.003859670094 6.199092077608278e+16 6.0923165133754744e+16 5.9746314935923736e+16 5.84475278224661e+16 5.69857709720451e+16 5.5315607881440376e+16 5.337224272610252e+16 5.226652864781943e+16 5.1046366285354504e+16 4.968254550302695e+16 4.877954126515414e+16 4.813439369788661e+16 4.708976669471994e+16 4.633185300949715e+16 4.507764375268012e+16 4.4139307526703624e+16 4.3630571571742056e+16 4.308923493273109e+16 4.250870632034572e+16 4.188010647750056e+16 4.118990186460564e+16 3.952535727121657e+16 3.84375080122229e+16 3.692399005676281e+16
27650.003873679794 6.1257798265947464e+16 6.0196322547895944e+16 5.903268065341847e+16 5.774371236463634e+16 5.629379421893403e+16 5.464540809058265e+16 5.27299392033479e+16 5.16416269116675e+16 5.044054212325872e+16 4.910143094054685e+16 4.821423472263714e+16 4.758139501090644e+16 4.655658222539678e+16 4.581329934671133e+16 4.458293289749724e+16 4.366303619433318e+16 4.316410472877961e+16 4.2633263008956536e+16 4.2063962624061256e+16 4.144740869604088e+16 4.077042170899504e+16 3.913724368355568e+16 3.806922071688694e+16 3.658118389087044e+16
27750.003887689494 6.071478339749831e+16 5.9656258496577624e+16 5.8497059571550264e+16 5.721424741375444e+16 5.577547399162316e+16 5.414057949683216e+16 5.224117796924953e+16 5.116211537289156e+16 4.997361171497252e+16 4.864869064924963e+16 4.7771944865535576e+16 4.7146121024695864e+16 4.613390622786648e+16 4.539995686900143e+16 4.4185469683417496e+16 4.327763748446482e+16 4.2785408716725976e+16 4.226152362712991e+16 4.1699892878301704e+16 4.109155681475919e+16 4.042357779283934e+16 3.8812077280950216e+16 3.775834379804564e+16 3.629065120026574e+16
27850.003901699198 6.019925591309893e+16 5.915438239121423e+16 5.800116626648793e+16 5.6737946615113864e+16 5.531371877944872e+16 5.369233513609577e+16 5.181249093540603e+16 5.074466915820087e+16 4.956762205861719e+16 4.825478046167738e+16 4.738619906764227e+16 4.676638540402259e+16 4.576322140751591e+16 4.5035734420112536e+16 4.383212136396916e+16 4.293227991317437e+16 4.2444414781171336e+16 4.192532744632984e+16 4.136883849601957e+16 4.076621582484232e+16 4.010474651842337e+16 3.851000274599042e+16 3.7468270983937144e+16 3.6018987954846284e+16
27950.003915708894 5.955427930783433e+16 5.850762640012163e+16 5.736096691036802e+16 5.60946787822981e+16 5.4675176159568184e+16 5.306021389292626e+16 5.118471372584255e+16 5.011940240685788e+16 4.894567460306379e+16 4.763826889294831e+16 4.6774014416526696e+16 4.61575113637266e+16 4.516095070636194e+16 4.443917773011369e+16 4.324655464705972e+16 4.2356703520179544e+16 4.187499398733385e+16 4.136309204876846e+16 4.08150563146673e+16 4.022249275087054e+16 3.957315272633069e+16 3.801179703044396e+16 3.699327485601721e+16 3.5571487982561292e+16
28050.003929718594 5.883924571139837e+16 5.780634194980127e+16 5.667256401533721e+16 5.541581247851761e+16 5.4010687969586856e+16 5.2410034144225416e+16 5.05550398769252e+16 4.9504184340567224e+16 4.8345522602096056e+16 4.7056274619155816e+16 4.620409052703399e+16 4.559662152235826e+16 4.461520045970491e+16 4.3904817168867416e+16 4.273152194963362e+16 4.185650837454174e+16 4.138278489283116e+16 4.087948534429994e+16 4.0340520256026584e+16 3.975761713422042e+16 3.911841542157773e+16 3.7578168400121384e+16 3.6568760734435976e+16 3.514836236666991e+16
28150.003943728298 5.8454694641336776e+16 5.743343033129569e+16 5.631824163696839e+16 5.508128303737404e+16 5.3695601211327144e+16 5.212035094599681e+16 5.029262021833788e+16 4.925431020072741e+16 4.811156603311998e+16 4.683765332781209e+16 4.599548570540025e+16 4.539448122370933e+16 4.442313536677431e+16 4.371940114803364e+16 4.255609936205806e+16 4.168744702449952e+16 4.121691108046796e+16 4.071665733010652e+16 4.018064551881375e+16 3.960066725692998e+16 3.8964489365560216e+16 3.743208838844376e+16 3.6430489045391064e+16 3.503088010119082e+16
28250.003957737994 5.800457924272192e+16 5.700579082053561e+16 5.590761163524407e+16 5.4693832401993e+16 5.333341427260133e+16 5.17848506968341e+16 4.998772403946514e+16 4.896751898350112e+16 4.7841939079032504e+16 4.658698878012316e+16 4.575676593079717e+16 4.516423701333156e+16 4.420516759415807e+16 4.350977752963948e+16 4.235889915061587e+16 4.149849874618458e+16 4.1031949966578456e+16 4.053559364538865e+16 4.000349825748267e+16 3.9427306154696744e+16 3.879486608709043e+16 3.727068384277293e+16 3.627529258484654e+16 3.488983482752476e+16
28350.003971747698 5.759745993139123e+16 5.660785870462593e+16 5.55270192988073e+16 5.432875482750337e+16 5.2986781530983544e+16 5.145725785992636e+16 4.968053117513976e+16 4.867151202033939e+16 4.755885798422358e+16 4.631708572980254e+16 4.549514686481181e+16 4.4908091962598616e+16 4.395784500087041e+16 4.326827719980676e+16 4.212647216225306e+16 4.127216740397116e+16 4.080872535137823e+16 4.0315553449427224e+16 3.978661112355536e+16 3.921365171586364e+16 3.858454047770354e+16 3.7067759318688184e+16 3.607768824422193e+16 3.4703156519729644e+16
28450.003985757394 5.686460506094814e+16 5.589449160582277e+16 5.483337217011554e+16 5.366096362309267e+16 5.234168369485849e+16 5.0843106709162136e+16 4.9102662896033624e+16 4.8114693278376376e+16 4.702528999944938e+16 4.581008202605098e+16 4.500567635604348e+16 4.443157735335573e+16 4.350213800838954e+16 4.282765354336705e+16 4.171058689394201e+16 4.087462360043145e+16 4.042109664932876e+16 3.993830749558557e+16 3.942043736179963e+16 3.88592878538187e+16 3.824301945086095e+16 3.675631714326618e+16 3.5785029065829044e+16 3.443561015928483e+16
28550.003999767094 5.638586501344522e+16 5.542025411308229e+16 5.436417402693298e+16 5.319163143906549e+16 5.188098800577386e+16 5.0386863785173144e+16 4.865557452866448e+16 4.76722342503612e+16 4.658865548248456e+16 4.5381140948991736e+16 4.4582295355560024e+16 4.401188537052286e+16 4.3089355113496104e+16 4.2420375671605096e+16 4.131307130530129e+16 4.048500930321667e+16 4.003594460097341e+16 3.9558091512936856e+16 3.904573143180851e+16 3.849075213048813e+16 3.788142509702365e+16 3.641192690629175e+16 3.5451672573308064e+16 3.4115448960806756e+16
28650.004013776797 5.583478699212696e+16 5.488566914870189e+16 5.38455284610753e+16 5.269100671364446e+16 5.139660656457319e+16 4.9929319654886184e+16 4.822289476044547e+16 4.725540826835947e+16 4.618762513160585e+16 4.499727345853186e+16 4.4209762405995096e+16 4.36478731167777e+16 4.273859008462783e+16 4.207889574929896e+16 4.098759546835443e+16 4.017141866981384e+16 3.972864758076582e+16 3.9257407416396424e+16 3.875195457749259e+16 3.8204284979642216e+16 3.760275072987198e+16 3.615030816373782e+16 3.5199773607698036e+16 3.3875896767735284e+16
28750.004027786395 5.530638650464371e+16 5.439059234881693e+16 5.337502560697951e+16 5.225181059917333e+16 5.0989706042104984e+16 4.9555578179802776e+16 4.788142555756634e+16 4.6930572975314184e+16 4.587952072935409e+16 4.470607723583563e+16 4.39290022084935e+16 4.337359681237241e+16 4.2474040452605064e+16 4.1820790414718776e+16 4.0738411590022584e+16 3.992810340923668e+16 3.948821265191207e+16 3.901988051079885e+16 3.851739547041954e+16 3.797290962446629e+16 3.737480667592384e+16 3.593188531234055e+16 3.4989630906778428e+16 3.3682347465664196e+16
28850.004041796095 5.486061789333238e+16 5.3933820901711624e+16 5.29181621391039e+16 5.179430756005173e+16 5.053236592005513e+16 4.909581490860083e+16 4.743121717077307e+16 4.648627088059198e+16 4.544509186644998e+16 4.428387626555953e+16 4.351557738565142e+16 4.2967218408930184e+16 4.207922497172424e+16 4.143503328009064e+16 4.036809578278927e+16 3.956949880212409e+16 3.9136112563374376e+16 3.867465094568202e+16 3.8179578086886216e+16 3.764298878758108e+16 3.705336640345248e+16 3.5629685411225036e+16 3.469855401344237e+16 3.3404115248622644e+16
28950.00405580579 5.438022999136538e+16 5.346179559466463e+16 5.245059427135452e+16 5.133702944774739e+16 5.008533118684775e+16 4.8666958107148936e+16 4.701872094787651e+16 4.608314848300679e+16 4.505205986932596e+16 4.390329089726398e+16 4.314277792025193e+16 4.260042851800354e+16 4.1722273494070536e+16 4.1085070819977896e+16 4.002983224366085e+16 3.924006769348879e+16 3.881158572734614e+16 3.835539819124247e+16 3.786601251703357e+16 3.733573522962121e+16 3.675332664005172e+16 3.5348242228245356e+16 3.4430732113296732e+16 3.31578721893476e+16
29050.004069815495 5.375509553749116e+16 5.285039225885959e+16 5.1851310719546904e+16 5.074975933207161e+16 4.951634396508044e+16 4.811329433245257e+16 4.648761483253557e+16 4.556573771131419e+16 4.4550600443964344e+16 4.342051064461153e+16 4.2673273039067176e+16 4.2139829812509064e+16 4.127666719148822e+16 4.065068668816439e+16 3.961402853565452e+16 3.883803937555164e+16 3.8416897944612504e+16 3.796844202132128e+16 3.7487129606231976e+16 3.696528577339273e+16 3.639165606227851e+16 3.5005101783349656e+16 3.4096823081005092e+16 3.2831484008491704e+16
29150.004083825195 5.3412137292874824e+16 5.251232439577089e+16 5.152686841196186e+16 5.044007440949487e+16 4.922316672365018e+16 4.783385081945516e+16 4.622662969483629e+16 4.53139062800641e+16 4.430837655560739e+16 4.3187570634318856e+16 4.244597170486656e+16 4.1916691644842056e+16 4.10597283422854e+16 4.043803692899164e+16 3.9408246324995336e+16 3.8637525850103224e+16 3.821927146517149e+16 3.77739418897605e+16 3.729605003195906e+16 3.677812970935056e+16 3.6209101999888376e+16 3.4835308350331084e+16 3.3937332331754064e+16 3.2691099564302776e+16
29250.004097834895 5.221471775148442e+16 5.132988618853615e+16 5.035993605706375e+16 4.9286090733978024e+16 4.808910781202095e+16 4.673187484284291e+16 4.5166632131013976e+16 4.428110747902603e+16 4.330851755096432e+16 4.22275146202445e+16 4.151440296761025e+16 4.100631881817368e+16 4.018511092085059e+16 3.959046117823809e+16 3.8607048172493896e+16 3.78719839886135e+16 3.7473364388637576e+16 3.70491136615538e+16 3.659399967796743e+16 3.610073854521405e+16 3.555864910113753e+16 3.4247749063190612e+16 3.3386989130379644e+16 3.2180949315771508e+16
29350.004111844595 5.2172002069851816e+16 5.128517670933802e+16 5.031817198718789e+16 4.924869061266031e+16 4.8052613373539064e+16 4.669424979720939e+16 4.512268368475463e+16 4.423212328095606e+16 4.325402287110226e+16 4.2164916561049944e+16 4.1445838553904776e+16 4.093305837309642e+16 4.0104175245262696e+16 3.9503300934184824e+16 3.850928738915218e+16 3.776609606806359e+16 3.7363020603717016e+16 3.693393700350181e+16 3.6473711291027e+16 3.597496360008202e+16 3.5426938786075984e+16 3.4102691812898116e+16 3.3234360436890996e+16 3.202070110426216e+16
29450.00412585429 5.161017975135789e+16 5.073865890388522e+16 4.978056683494948e+16 4.8723425593418344e+16 4.754118293811937e+16 4.619655856337477e+16 4.464090953888803e+16 4.375896039931818e+16 4.278882349481804e+16 4.1707978543904216e+16 4.0993943080626424e+16 4.0484816757375864e+16 3.9661158924292696e+16 3.906415530537722e+16 3.8076800395828696e+16 3.7338839094467576e+16 3.693880497404472e+16 3.651331126800275e+16 3.605726281452662e+16 3.5563574669485076e+16 3.5021909651600884e+16 3.3717090681876664e+16 3.2864648587245388e+16 3.1674276965427212e+16
29550.004139863995 5.134263845683236e+16 5.048464192781992e+16 4.954305992602645e+16 4.849506534707692e+16 4.732610372952545e+16 4.600067925351243e+16 4.4462013713561e+16 4.359040360236238e+16 4.263167834838671e+16 4.156369332311276e+16 4.085720255906082e+16 4.0353269376210104e+16 3.95378775924112e+16 3.894674901984537e+16 3.7968339125543384e+16 3.723617441117019e+16 3.683896546571197e+16 3.641621967793322e+16 3.596278573381734e+16 3.547148895876748e+16 3.493195830466967e+16 3.36304154822585e+16 3.2779925626181256e+16 3.1597232497266276e+16
29650.004153873695 5.065448812475008e+16 4.979789332632512e+16 4.885765211667925e+16 4.782925731455028e+16 4.667240403203991e+16 4.5358374138561096e+16 4.3840971256294696e+16 4.298137043316609e+16 4.203689873089327e+16 4.098620668509563e+16 4.0292590471990296e+16 3.9797781991041736e+16 3.899762469581118e+16 3.8417709406944456e+16 3.745809466701312e+16 3.674035505676504e+16 3.63509454636392e+16 3.5936519108284856e+16 3.549186895915103e+16 3.5010051956296e+16 3.4480688705819244e+16 3.320169279401084e+16 3.236299343929859e+16 3.1188815447244936e+16
29750.004167883395 5.041269687490911e+16 4.957002672159864e+16 4.864997453178827e+16 4.762948806092743e+16 4.648941257126742e+16 4.519149976168837e+16 4.369030064031581e+16 4.283940224017167e+16 4.190338797836092e+16 4.0860805776128616e+16 4.017179454407774e+16 3.968046270128595e+16 3.888510785258293e+16 3.830869291957011e+16 3.73544655052724e+16 3.6640377375805496e+16 3.625291902190294e+16 3.584048936222273e+16 3.5397977238604276e+16 3.491837908546605e+16 3.43913614116221e+16 3.311825094588321e+16 3.2284582400557564e+16 3.112273731516522e+16
29850.004181893095 4.9977733238198824e+16 4.91439338698239e+16 4.823105506685629e+16 4.7221754129330904e+16 4.609276011363001e+16 4.481217662452743e+16 4.332719608228774e+16 4.24858787669775e+16 4.155996506396559e+16 4.052805446200707e+16 3.984622829093573e+16 3.935981418990503e+16 3.857279013239619e+16 3.800201398265685e+16 3.705725921377763e+16 3.635011110905748e+16 3.596639346088082e+16 3.555794211931888e+16 3.5119748454937924e+16 3.4644882424942104e+16 3.4123326899326612e+16 3.2864765665112496e+16 3.2042289766053216e+16 3.089903963084469e+16
29950.0041959028 4.94020769101056e+16 4.85813270750716e+16 4.768102772624875e+16 4.668817602252011e+16 4.5578068757201816e+16 4.431476209544416e+16 4.285613465329575e+16 4.202943773779385e+16 4.112056587272406e+16 4.010962560475849e+16 3.9440975993843336e+16 3.896439007795349e+16 3.819367422461324e+16 3.763452831051617e+16 3.6708929121660504e+16 3.601634495735254e+16 3.564046898577243e+16 3.5240329380786324e+16 3.481092452323415e+16 3.4345493967828504e+16 3.3834006932634104e+16 3.259815044539221e+16 3.1788754268644756e+16 3.0661006047200748e+16
30050.004209912393 4.875708230435183e+16 4.79430987825136e+16 4.7048368084614376e+16 4.606619813511396e+16 4.496650439990056e+16 4.372051570411135e+16 4.228225714019029e+16 4.146778496568447e+16 4.0573480990529784e+16 3.957872253158252e+16 3.892160232308098e+16 3.845314344577059e+16 3.769535866310603e+16 3.714597027024465e+16 3.623635163096668e+16 3.5555577946375524e+16 3.518605605324549e+16 3.479258310026504e+16 3.437027280603235e+16 3.3912379499382136e+16 3.340891527033107e+16 3.2190704141842136e+16 3.1390371359412464e+16 3.026827732308464e+16
30150.004223922097 4.865411142547814e+16 4.784466333521371e+16 4.696745564505518e+16 4.598699799112108e+16 4.489984231333361e+16 4.366276979804576e+16 4.222953018964462e+16 4.141691075491986e+16 4.052333108957372e+16 3.952836653334454e+16 3.8871015594816504e+16 3.840198850145004e+16 3.764298090078121e+16 3.70926504186703e+16 3.618161143767567e+16 3.549967413041366e+16 3.5129636069460416e+16 3.473566488802474e+16 3.4312921741270932e+16 3.3854742344188256e+16 3.3351363300590616e+16 3.2135726787128596e+16 3.1340382655738084e+16 3.0233875898643576e+16
30250.004237931793 4.810121190365715e+16 4.7301743800025304e+16 4.6428923795103704e+16 4.546658926490671e+16 4.43893545197737e+16 4.316717267690033e+16 4.175556716105537e+16 4.0957236924989096e+16 4.007898669551693e+16 3.91018636449159e+16 3.845605152362251e+16 3.799581418745831e+16 3.7250733710823656e+16 3.671074871355005e+16 3.58169827848125e+16 3.5148076287769736e+16 3.4785079539172076e+16 3.4398519695210296e+16 3.3983703781072664e+16 3.353400702994203e+16 3.303973528400341e+16 3.1845188725652724e+16 3.1062687757339664e+16 2.9972381992556756e+16
30350.004251941496 4.757668382659954e+16 4.680678887384449e+16 4.596851469675147e+16 4.5036178643131384e+16 4.39895845665797e+16 4.280153719932943e+16 4.142258384802783e+16 4.0640479763909944e+16 3.977869288842982e+16 3.881827612518273e+16 3.818245577760865e+16 3.772907550851574e+16 3.699452342174098e+16 3.646157217321797e+16 3.557833442902135e+16 3.4916542802988956e+16 3.455716551568535e+16 3.417433903249643e+16 3.376339780199875e+16 3.331766847821227e+16 3.2827646856894284e+16 3.1643185973362916e+16 3.0867542989594176e+16 2.9788411734216556e+16
30450.004265951196 4.6875684770029784e+16 4.609993946587377e+16 4.525021060750412e+16 4.431463507701608e+16 4.326777012348914e+16 4.208125493991597e+16 4.071117147311744e+16 3.993645343813556e+16 3.908594997863493e+16 3.814025750460151e+16 3.751589140323754e+16 3.707145684416548e+16 3.63523221886769e+16 3.583135465607211e+16 3.49696093168448e+16 3.4324631587388276e+16 3.3974485731263056e+16 3.3601574500463544e+16 3.320113786851112e+16 3.276669652830384e+16 3.2288508220800188e+16 3.112821413208907e+16 3.0362225840358388e+16 2.928122796939794e+16
30550.004279960893 4.6876996943476904e+16 4.61109326327821e+16 4.5265974304433016e+16 4.433708045964834e+16 4.329668031873239e+16 4.21158750409421e+16 4.0749232034965176e+16 3.997725473594237e+16 3.912730106997086e+16 3.818124620919311e+16 3.755630870984061e+16 3.711061892022917e+16 3.638946711421092e+16 3.5866415036907108e+16 3.5000334053782256e+16 3.4351873909031452e+16 3.399992630851227e+16 3.3625024197961336e+16 3.3222677698557084e+16 3.278648963385545e+16 3.2307015704162836e+16 3.114846986559477e+16 3.039005411380588e+16 2.933487479484717e+16
30650.004293970596 4.632501491642195e+16 4.5563356386718296e+16 4.473497749649674e+16 4.381194489381216e+16 4.278743777796701e+16 4.162386942899759e+16 4.028075430280798e+16 3.952068379999807e+16 3.8685234410693304e+16 3.7755939480252e+16 3.714276909881029e+16 3.6705377669962984e+16 3.59982116837099e+16 3.5485610364407732e+16 3.463693628084705e+16 3.400187670434079e+16 3.3657159102013936e+16 3.329005920788641e+16 3.2896132329029828e+16 3.2468913046010684e+16 3.1999219674059708e+16 3.086303423017471e+16 3.011752104457817e+16 2.9076499403749944e+16
30750.004307980293 4.6041985827036536e+16 4.52842784128881e+16 4.445678116082442e+16 4.354262903435244e+16 4.252091035988015e+16 4.1361803867694056e+16 4.002337681929447e+16 3.926483572234976e+16 3.843177752216362e+16 3.750473921158428e+16 3.689280058552413e+16 3.6456594467194136e+16 3.5751219611297504e+16 3.5239791706585664e+16 3.439347590484357e+16 3.3760215981417244e+16 3.3416617332883656e+16 3.3050733773481776e+16 3.2658116690560756e+16 3.2232475677251668e+16 3.17646054204095e+16 3.0633513161892444e+16 2.9891941918190764e+16 2.8857174240031884e+16
30850.004321989993 4.531124276069336e+16 4.456697563525671e+16 4.374626237346405e+16 4.2846523620682296e+16 4.184300948729999e+16 4.070418050816123e+16 3.939300412950686e+16 3.8652227664143064e+16 3.783968169932487e+16 3.693722127612915e+16 3.634156172284998e+16 3.591754892211055e+16 3.5231598082265364e+16 3.4734426833987004e+16 3.391193329063643e+16 3.329649996065638e+16 3.2962469232975172e+16 3.260670455757357e+16 3.2224878558784924e+16 3.181076663457292e+16 3.1355354712000156e+16 3.0252574916933972e+16 2.952713335632556e+16 2.8508574620186384e+16
30950.004335999696 4.497137634541697e+16 4.423306860791002e+16 4.342458874893109e+16 4.2535132657388776e+16 4.154046473730991e+16 4.041637352757205e+16 3.911936063268672e+16 3.838594614572595e+16 3.758109957915086e+16 3.668686550836771e+16 3.609652324300986e+16 3.5675502570454748e+16 3.499470170893378e+16 3.4501125458394436e+16 3.3683502058051384e+16 3.3071235924597776e+16 3.27388030750224e+16 3.238471534536072e+16 3.2004504207772708e+16 3.1592010456798572e+16 3.1138296478162216e+16 3.003945175292863e+16 2.9316871487431444e+16 2.830336401444188e+16
31050.004350009393 4.4827243005305656e+16 4.409139011559234e+16 4.3289724669052856e+16 4.2406153397938e+16 4.14184122992905e+16 4.029505108663568e+16 3.8999459131525736e+16 3.8267068035027336e+16 3.7462356984836344e+16 3.656770185835867e+16 3.59770040608692e+16 3.555609824303883e+16 3.487539114743753e+16 3.438224849027445e+16 3.3565629259081532e+16 3.2954627922528412e+16 3.2623079095245984e+16 3.2270006849353628e+16 3.1891001280532612e+16 3.1480109506029504e+16 3.102832048131125e+16 2.99354339444805e+16 2.9218173016019956e+16 2.8216116866401028e+16
31150.004364019096 4.3785709957761464e+16 4.3076427543914264e+16 4.230742094142397e+16 4.1454970800947944e+16 4.0503244858389576e+16 3.942574949057775e+16 3.818578780087391e+16 3.748374878857069e+16 3.671395002110847e+16 3.5859079246906816e+16 3.5295012117334496e+16 3.4892816659115412e+16 3.4242359288146508e+16 3.3770952456040164e+16 3.2990588089543016e+16 3.2406320710943824e+16 3.2089189219888268e+16 3.1751410817371204e+16 3.1388719193837736e+16 3.0995368256873452e+16 3.0562670173166788e+16 2.9514529259436212e+16 2.882463923060101e+16 2.7854904985646956e+16
31250.00437802869 4.401523311202546e+16 4.329859575760758e+16 4.2509750558090984e+16 4.165043499169275e+16 4.068446774182561e+16 3.958865274359665e+16 3.8324433959719656e+16 3.760910178657259e+16 3.68233605954527e+16 3.594903946825214e+16 3.537183338623603e+16 3.496091793947709e+16 3.4295644455249068e+16 3.3813070788699624e+16 3.3014567400511164e+16 3.24167168023077e+16 3.20923360793519e+16 3.1746887814120556e+16 3.1376218385286332e+16 3.097438335512833e+16 3.053277780439907e+16 2.94658492648525e+16 2.876707790719468e+16 2.779281978436846e+16
31350.004392038394 4.322707325077542e+16 4.251206730970369e+16 4.1733321863469576e+16 4.088032404871927e+16 3.992485117452425e+16 3.884714027212014e+16 3.760604827998343e+16 3.6904960328691e+16 3.6137014291682e+16 3.5284656841956504e+16 3.4723006954106332e+16 3.432289407335168e+16 3.3676347093161044e+16 3.3208363586184476e+16 3.243408898789491e+16 3.1854883560199776e+16 3.1540590408213264e+16 3.1205828798791028e+16 3.0846463629996896e+16 3.0456588701944852e+16 3.002759793447379e+16 2.8986846814297184e+16 2.8299417413348484e+16 2.732692694811161e+16
31450.004406048094 4.319900661160657e+16 4.2496290636213496e+16 4.172341275692244e+16 4.087221615853336e+16 3.9924474559447736e+16 3.884918053842227e+16 3.7608808568321e+16 3.690846092079364e+16 3.613902171603215e+16 3.5284642578906196e+16 3.472124851644366e+16 3.431957588638132e+16 3.3670531183930736e+16 3.320026689560923e+16 3.2422246268755664e+16 3.184028523294135e+16 3.1524516642796748e+16 3.118826374249843e+16 3.0827452302923324e+16 3.0436284607706e+16 3.0006295234934556e+16 2.896607872615751e+16 2.8282917795396636e+16 2.7326004182148348e+16
31550.004420057794 4.260257110356322e+16 4.191061855596906e+16 4.116059215580023e+16 4.033418970570223e+16 3.941054518908455e+16 3.83647103653203e+16 3.715927664834731e+16 3.647806252718374e+16 3.5729958591137424e+16 3.489920460624529e+16 3.4351144451535772e+16 3.3960535071303892e+16 3.3328375734767772e+16 3.287026344252721e+16 3.211154375092016e+16 3.154335721908676e+16 3.1234896204768908e+16 3.0906263181936824e+16 3.0553372541992644e+16 3.0170518336839332e+16 2.974936382513074e+16 2.8729116533487416e+16 2.805794548569815e+16 2.7116615594407116e+16
31650.004434067494 4.24288018901237e+16 4.174117979317632e+16 4.099610557319168e+16 4.016534085371268e+16 3.924130624529023e+16 3.8192763931256056e+16 3.698653594996101e+16 3.6306416677455256e+16 3.5557840466941228e+16 3.4727106985324892e+16 3.41788958003273e+16 3.3788393772295676e+16 3.315676809081423e+16 3.2699086490685236e+16 3.1941546413824976e+16 3.1374467643806684e+16 3.106661012263146e+16 3.0738748324771e+16 3.0386851352013776e+16 3.0005280698033116e+16 2.958580293741705e+16 2.857118160333817e+16 2.7905452730792316e+16 2.697520096861579e+16
31750.004448077198 4.191591477709694e+16 4.123773793923996e+16 4.049154813269665e+16 3.968000032361281e+16 3.876890248242209e+16 3.7737953197850056e+16 3.655111154480066e+16 3.588060900731929e+16 3.5145166031826656e+16 3.432844192654344e+16 3.3790005925161184e+16 3.340602795262435e+16 3.2785115901429748e+16 3.2334947135600988e+16 3.158998026893033e+16 3.103191690926577e+16 3.072888122469413e+16 3.040603648452966e+16 3.005939174353795e+16 2.96833015342675e+16 2.9269500918232508e+16 2.8266678345251828e+16 2.7606412134918332e+16 2.667879319016168e+16
31850.004462086894 4.1543926149411144e+16 4.087217169606584e+16 4.013658620379106e+16 3.9330895286821176e+16 3.8426762940081736e+16 3.740704095040873e+16 3.623019260416128e+16 3.556845266737299e+16 3.484115476720256e+16 3.4033276155127876e+16 3.350064703367254e+16 3.312105890264624e+16 3.2507520730205424e+16 3.2062607894265036e+16 3.132595195386004e+16 3.0774385556816572e+16 3.047493305258045e+16 3.015591580809322e+16 2.9813418351419516e+16 2.9441780006504424e+16 2.9032882452575536e+16 2.8041992247102628e+16 2.7389392229320268e+16 2.6471765971189188e+16
31950.004476096594 4.1289330617854824e+16 4.061807410492383e+16 3.988208322805759e+16 3.907506800333502e+16 3.817633532363105e+16 3.715886100971764e+16 3.5987504634128948e+16 3.5327109387053948e+16 3.4601931508719708e+16 3.379750436752544e+16 3.3267447896168464e+16 3.2889778695985988e+16 3.2279508691280784e+16 3.1837374506487976e+16 3.1105925871073532e+16 3.0558625962136532e+16 3.02616205968249e+16 2.994531576247779e+16 2.9605742383787584e+16 2.9237567198973196e+16 2.88325758890074e+16 2.785151569055714e+16 2.7205502483831484e+16 2.6296905248196308e+16
32100.004497111095 4.082017468547553e+16 4.0166666670806664e+16 3.944873928471662e+16 3.866239604562697e+16 3.778749638307015e+16 3.6794411598920296e+16 3.5646747037673896e+16 3.5000675995227444e+16 3.4290260279210584e+16 3.350061081328727e+16 3.2979312873019844e+16 3.2608137000460136e+16 3.200761599354186e+16 3.1572259393411084e+16 3.085152556899199e+16 3.031172591243139e+16 3.001864335776371e+16 2.970639474329699e+16 2.937116371132588e+16 2.9007593960060936e+16 2.8607740573364776e+16 2.763995537930208e+16 2.7004469574790056e+16 2.611607444395035e+16
32300.00452513049 3.985102636138339e+16 3.9210397753031096e+16 3.850687304663647e+16 3.773510065225299e+16 3.6873152683777464e+16 3.5900135124466772e+16 3.4781316980393996e+16 3.41505665908348e+16 3.345919067643969e+16 3.269339809922341e+16 3.2188958174614676e+16 3.182971899657617e+16 3.1249227401075036e+16 3.0828907056712252e+16 3.0133317230370588e+16 2.9612931323760868e+16 2.933052592131853e+16 2.902975529852458e+16 2.8706789612378376e+16 2.8356480776582584e+16 2.7971006175560708e+16 2.7035555265457252e+16 2.6417467018937388e+16 2.55431215200281e+16
32500.004553149894 3.9405034288529464e+16 3.877557473585034e+16 3.808461278134647e+16 3.73293571993663e+16 3.648377950153997e+16 3.5525291724908324e+16 3.442652092857012e+16 3.380745589595121e+16 3.3127144928863616e+16 3.2372277464275204e+16 3.1874301391288004e+16 3.1519809624507348e+16 3.094669505909522e+16 3.0531574565017304e+16 2.98444342272504e+16 2.9329980710638864e+16 2.905073916295279e+16 2.8753357509385904e+16 2.8434083968954984e+16 2.8087819455066876e+16 2.7706969484850256e+16 2.6784748606817624e+16 2.617822920673872e+16 2.5327593823837668e+16
32700.004581169294 3.869555788636952e+16 3.806940007011277e+16 3.739862963993026e+16 3.665809700841121e+16 3.583309058563374e+16 3.489646718816289e+16 3.381721520809306e+16 3.3210620089955188e+16 3.2545321447580884e+16 3.1808270472656136e+16 3.132245927450889e+16 3.097635617397745e+16 3.041688825916899e+16 3.001149876374068e+16 2.934099266997884e+16 2.8839268927454788e+16 2.8566950371260416e+16 2.8276834341470476e+16 2.796553555809643e+16 2.762787889343134e+16 2.7256491188860396e+16 2.6356663472957216e+16 2.5764125390376776e+16 2.4931048885927776e+16
32900.00460918869 3.776254020203854e+16 3.716734909252842e+16 3.651971850036107e+16 3.580964428162167e+16 3.5011473195665932e+16 3.4111114343823492e+16 3.3072339973274156e+16 3.2488442991217092e+16 3.1847107951489716e+16 3.1135702048906484e+16 3.066685848677987e+16 3.0332763958508064e+16 2.979294013955986e+16 2.9401721863732276e+16 2.8754112526017844e+16 2.826920000826173e+16 2.8005948828595984e+16 2.7725337835706468e+16 2.742398144407898e+16 2.7096874954813372e+16 2.673658483662544e+16 2.5861058444525868e+16 2.5281344758770936e+16 2.4459543131689748e+16
33100.004637207996 3.7303878191681384e+16 3.671545699920875e+16 3.608136532349459e+16 3.536893804427364e+16 3.4584521001057036e+16 3.3697726589772164e+16 3.267529312626422e+16 3.2099494344071684e+16 3.146731848344214e+16 3.0767100468239304e+16 3.0305426101656116e+16 2.997660191220321e+16 2.9444783350041548e+16 2.9059890201073444e+16 2.8422291602568024e+16 2.794506554496499e+16 2.768598680670332e+16 2.7409988615308244e+16 2.7113653155806704e+16 2.679212429000988e+16 2.643843465847775e+16 2.558125347342971e+16 2.5016509461694016e+16 2.4221924816255904e+16
33300.004665227396 3.6477519386903064e+16 3.589422094704153e+16 3.526743425415594e+16 3.4577649710854416e+16 3.3806489967953292e+16 3.2939841741850748e+16 3.1945089078217e+16 3.1386976321413456e+16 3.0774957806456964e+16 3.0096886819999988e+16 2.965053999246368e+16 2.9333163482382748e+16 2.882001770184827e+16 2.8448467863040452e+16 2.78337615118478e+16 2.7373496424265544e+16 2.712349670182402e+16 2.6857279149428212e+16 2.6571242158210336e+16 2.6260730530710244e+16 2.591875428103015e+16 2.5087546461720652e+16 2.453694707241293e+16 2.3755663310757924e+16
33500.004693246796 3.610068716734133e+16 3.5527921388960576e+16 3.490771648484834e+16 3.4224470863035224e+16 3.346284639807145e+16 3.260340352977177e+16 3.161831486747708e+16 3.1062107731057692e+16 3.0454569770181868e+16 2.9781213246207176e+16 2.9337641778313772e+16 2.902225894328375e+16 2.8512213219076788e+16 2.814289413211578e+16 2.7531814470188424e+16 2.7074361704170056e+16 2.6825908405432996e+16 2.656129189665267e+16 2.627712403629026e+16 2.5968808994801496e+16 2.5629445721010556e+16 2.4805924102924964e+16 2.426208782222896e+16 2.349403432469401e+16
33700.004721266196 3.5553433962270996e+16 3.4998368413206996e+16 3.4394894776740252e+16 3.372252692122771e+16 3.297881554057229e+16 3.213710607339629e+16 3.1173399305588732e+16 3.0631370307290596e+16 3.0035176561450824e+16 2.9376133154381784e+16 2.894120894074656e+16 2.8631506220008104e+16 2.8131723264365572e+16 2.7769294984407116e+16 2.7169254214508348e+16 2.6720146185182356e+16 2.6476218213202516e+16 2.6216569017319516e+16 2.5937615719650864e+16 2.5635060554338436e+16 2.5302168200985212e+16 2.4495188617073116e+16 2.3963283636482576e+16 2.3214423772139104e+16
33900.004749285596 3.4608641971599868e+16 3.4070715385234456e+16 3.3473950092765356e+16 3.283179180316075e+16 3.2107201670660776e+16 3.1292130650601156e+16 3.036252915874889e+16 2.9841738243421516e+16 2.927021336283046e+16 2.8638051275998496e+16 2.822241589197221e+16 2.7926307836787084e+16 2.7448691573799984e+16 2.710273085279577e+16 2.6530106931988584e+16 2.6101156525960628e+16 2.5868288332205664e+16 2.5619976309522736e+16 2.5353163510148556e+16 2.5063349893413176e+16 2.474389365082994e+16 2.3965844812531284e+16 2.3448597982819264e+16 2.2710731549072244e+16
34100.004777304996 3.422095419055812e+16 3.3689983201046148e+16 3.3110489588069504e+16 3.2476903515340104e+16 3.176410540489058e+16 3.0962950766891624e+16 3.005016571745017e+16 2.953595639250595e+16 2.8971329147579692e+16 2.834722363515779e+16 2.7936833811751864e+16 2.764432430663816e+16 2.7171673636326964e+16 2.6829295822913092e+16 2.6262772073761532e+16 2.5838576501142204e+16 2.560823666553608e+16 2.5362835437410516e+16 2.50993477279458e+16 2.481340183794181e+16 2.449861270123262e+16 2.3734260827514804e+16 2.322880869848225e+16 2.251331841369954e+16
34300.004805324395 3.3887050138505164e+16 3.3367166609814916e+16 3.2790777277504556e+16 3.216308905801704e+16 3.145754468883752e+16 3.0667492773678836e+16 2.9758780434302708e+16 2.9248560731211216e+16 2.868833059655833e+16 2.806727640826224e+16 2.765860012420696e+16 2.7367413496138764e+16 2.6897520594657908e+16 2.6556785337805764e+16 2.5992434077815892e+16 2.5570033100970516e+16 2.534055567207825e+16 2.5096087439690732e+16 2.4833538310496016e+16 2.454866300034993e+16 2.423513840098194e+16 2.3474636137036788e+16 2.2973089322108388e+16 2.226669553945973e+16
34500.00483334369 3.3116682397081308e+16 3.2590331975196636e+16 3.202727836255898e+16 3.1409236282994892e+16 3.071890235974212e+16 2.9943315875486804e+16 2.905683664921424e+16 2.8559460631806136e+16 2.8014997160843924e+16 2.7413230463699868e+16 2.7017682258359276e+16 2.6736181999646228e+16 2.6281855482041236e+16 2.5952544634402116e+16 2.5409011073548772e+16 2.5001914708937188e+16 2.4780960007267116e+16 2.4545533291942816e+16 2.4292734835634056e+16 2.401827897196459e+16 2.371588215587228e+16 2.297991197759842e+16 2.24908668953207e+16 2.1792952618719824e+16
34700.00486136309 3.274834223653825e+16 3.2245705704678784e+16 3.168884174150037e+16 3.1083807348131804e+16 3.0406230320874024e+16 2.964467577277155e+16 2.8773211305148624e+16 2.8281601419671332e+16 2.7746046191428744e+16 2.715289691492741e+16 2.676155381255456e+16 2.6483140124560264e+16 2.603399549362128e+16 2.5708785818627108e+16 2.5170585436271776e+16 2.4767829067853884e+16 2.4549080346657028e+16 2.4316117858265564e+16 2.406588873865499e+16 2.379431681798393e+16 2.3495406124879884e+16 2.276957973820993e+16 2.2289619662857092e+16 2.1610361026952536e+16
34900.00488938249 3.227769941581369e+16 3.177926744714161e+16 3.123827161339965e+16 3.064380591994323e+16 2.9979313091135944e+16 2.923698122910427e+16 2.837900489762734e+16 2.7897503374503532e+16 2.736984097321385e+16 2.6787308062320556e+16 2.6402894875327484e+16 2.612955114922437e+16 2.568802714248163e+16 2.53680920524461e+16 2.4838485316482244e+16 2.444187590581175e+16 2.422654768942968e+16 2.399712734904e+16 2.3750732141155052e+16 2.3483332581512588e+16 2.3189077197456224e+16 2.247501185434154e+16 2.200352803681393e+16 2.1337752343681292e+16
35100.00491740189 3.1639158126095452e+16 3.115066675069724e+16 3.061550280856757e+16 3.0025388846549024e+16 2.937565869701483e+16 2.8644784885518464e+16 2.7807075417491996e+16 2.733668439509192e+16 2.6822592207702956e+16 2.6253966559431724e+16 2.5879690636654064e+16 2.56138677858673e+16 2.5184490645207364e+16 2.4873830391207204e+16 2.435999787877389e+16 2.3975362865491384e+16 2.3766675554812636e+16 2.354436221547367e+16 2.33056106221197e+16 2.3046455443879724e+16 2.2761126740517684e+16 2.2067423403403744e+16 2.1607225418015372e+16 2.095182627848274e+16
35300.00494542129 3.109066869672677e+16 3.0610233933850916e+16 3.008349336735323e+16 2.9509464588615604e+16 2.8874907427909496e+16 2.816493131430327e+16 2.7350876120590316e+16 2.689439409913636e+16 2.6393475982185636e+16 2.584059085097124e+16 2.547796944880266e+16 2.5219318976711276e+16 2.480112354836366e+16 2.449859574101534e+16 2.399775198680437e+16 2.362237131935732e+16 2.3418690151647068e+16 2.3201514800051444e+16 2.2968148744958984e+16 2.271475806074112e+16 2.243557433539485e+16 2.1756314584952892e+16 2.130541111914475e+16 2.066326680037774e+16
35500.00497344069 3.0742779262333972e+16 3.027638230611242e+16 2.976656438555316e+16 2.9198523023804324e+16 2.8576624732702788e+16 2.78748632713259e+16 2.706838064370635e+16 2.6615485375189696e+16 2.612045896302642e+16 2.5572253000527612e+16 2.521116270813325e+16 2.4954187786693784e+16 2.453937851914117e+16 2.4238967778751744e+16 2.3741526680459324e+16 2.3369301976846172e+16 2.3167092325988604e+16 2.2951792860264452e+16 2.272057350779518e+16 2.246960366553167e+16 2.2193421234035016e+16 2.152319451720934e+16 2.1080263851379636e+16 2.0453420809870356e+16
35700.00500145999 3.0102758544074936e+16 2.9638086449290868e+16 2.914245611102947e+16 2.858308329801119e+16 2.7973606397257536e+16 2.728585902329238e+16 2.649823323606222e+16 2.605680479922393e+16 2.557686679269252e+16 2.504515152515107e+16 2.4695388787030624e+16 2.4446628857131284e+16 2.4045468780121844e+16 2.3755457409929016e+16 2.3275180253071876e+16 2.291598907230746e+16 2.2721016409990108e+16 2.2513234371217944e+16 2.229010123268759e+16 2.204789677363986e+16 2.1781140126621452e+16 2.1131786697842144e+16 2.0700157516401516e+16 2.0083351917304532e+16
35900.00502947939 2.9629193942135016e+16 2.9175102847706452e+16 2.868698124522235e+16 2.814961458014887e+16 2.754843944216113e+16 2.6876160488830444e+16 2.610824592175096e+16 2.567786475809245e+16 2.520627807202169e+16 2.4685724586390708e+16 2.434403912862348e+16 2.4100802937617948e+16 2.3707722928141456e+16 2.342304311149394e+16 2.2952465804251424e+16 2.259980591550894e+16 2.240828994445181e+16 2.220429005651337e+16 2.1985070492279616e+16 2.174708807585112e+16 2.1484887316262356e+16 2.0846718425660756e+16 2.042264435789725e+16 1.9817145060331596e+16
36100.0050574988 2.9354590291918732e+16 2.8912320834975984e+16 2.8423560031746188e+16 2.7902090803028084e+16 2.7305153626609708e+16 2.6641706038296896e+16 2.588190193328123e+16 2.5455135949424676e+16 2.4987986117967724e+16 2.447104084033e+16 2.4130942027740384e+16 2.388923685210746e+16 2.349847077177578e+16 2.321534369032626e+16 2.274700286135707e+16 2.2396237571842556e+16 2.2205749673896868e+16 2.2002857082995748e+16 2.1784945442445668e+16 2.1548385808956012e+16 2.1287956303168676e+16 2.0655481241878212e+16 2.023707005439641e+16 1.9644217411982996e+16
36300.00508551819 2.8790317453188852e+16 2.835376102264682e+16 2.7872334387577764e+16 2.734715246075575e+16 2.6768078525711244e+16 2.611802158405827e+16 2.5373536709160932e+16 2.4956716714323508e+16 2.450161785401488e+16 2.3998145061329584e+16 2.3667289048103464e+16 2.343152415577869e+16 2.30521877691489e+16 2.277750805432568e+16 2.232302428689935e+16 2.1983121189358464e+16 2.179857734705428e+16 2.1601965937521804e+16 2.139078759714527e+16 2.116150849160729e+16 2.0909031816350216e+16 2.029471574109755e+16 1.9886533034116708e+16 1.9303519056457372e+16
36500.00511353759 2.8272512702620292e+16 2.7853651449754104e+16 2.7387711121464068e+16 2.6877723894785924e+16 2.631648824576159e+16 2.568196369305724e+16 2.4959541354638284e+16 2.4553638997499596e+16 2.4111524161081904e+16 2.3623572343070976e+16 2.3302755393642344e+16 2.307445613374513e+16 2.2705857414531696e+16 2.243907597187313e+16 2.19974712210396e+16 2.1666871152601184e+16 2.148725299306285e+16 2.129594078143851e+16 2.1090399879633164e+16 2.086723700926986e+16 2.0621410926380836e+16 2.002304247542932e+16 1.9625455380321108e+16 1.905779395453566e+16
36700.00514155699 2.779484458344577e+16 2.738039736577526e+16 2.692860320301809e+16 2.64309808028508e+16 2.5880325479203548e+16 2.5268494254743748e+16 2.4566618502146676e+16 2.4173141619131736e+16 2.374346552823999e+16 2.3267869029941944e+16 2.2955430224873956e+16 2.2733389558990684e+16 2.2374101335510036e+16 2.2113815439144548e+16 2.168307083994676e+16 2.1360431013283944e+16 2.1185012508916612e+16 2.099805904198443e+16 2.0797177851154572e+16 2.0578908608047068e+16 2.0338358024721136e+16 1.975225683729151e+16 1.9362366692183828e+16 1.880543418708306e+16
36900.005169576296 2.7292404809476336e+16 2.6892642187875384e+16 2.645234359530035e+16 2.5966161027312044e+16 2.5429325341285732e+16 2.4836240939207308e+16 2.415397455952625e+16 2.377218237924559e+16 2.3354475497889604e+16 2.2892978466230172e+16 2.258933722843827e+16 2.2373041144785436e+16 2.202375878470564e+16 2.177089329065462e+16 2.1352099706101156e+16 2.1038246419472976e+16 2.086766684164448e+16 2.068591335209419e+16 2.0490394732229124e+16 2.027803599622606e+16 2.0043940172092676e+16 1.947334339100705e+16 1.9093445003883224e+16 1.8549899612708852e+16
37100.005197595696 2.6847632747737092e+16 2.644265891003036e+16 2.6011512665907136e+16 2.5533782779708972e+16 2.5007568241469544e+16 2.441330745415372e+16 2.3740333938951436e+16 2.3365178301264372e+16 2.2955749885344216e+16 2.25035610520945e+16 2.220583809645134e+16 2.1994531727426084e+16 2.1652633257463136e+16 2.1405256370181964e+16 2.0995912787482764e+16 2.0689182851510084e+16 2.0522569847285404e+16 2.034498896635423e+16 2.015408231779068e+16 1.994670628265843e+16 1.9718002751254576e+16 1.9159942907700956e+16 1.878733978525906e+16 1.825128840126236e+16
37300.005225615096 2.6563573169444636e+16 2.616514023366721e+16 2.5729589558176844e+16 2.52666149648615e+16 2.474772312738369e+16 2.416462896942023e+16 2.3498357224979216e+16 2.312436203863373e+16 2.271804472130521e+16 2.2268124352763876e+16 2.1972227812853064e+16 2.176171777583295e+16 2.1421968265308104e+16 2.117608798754375e+16 2.0768744515343704e+16 2.0463556598732904e+16 2.029782017395119e+16 2.0121166080938084e+16 1.9931271565077016e+16 1.9725046270255336e+16 1.949762927241841e+16 1.894333360004678e+16 1.857400129416785e+16 1.8044569259155228e+16
37500.005253634496 2.607833478740414e+16 2.5701745098409184e+16 2.529099337368831e+16 2.4837892890457464e+16 2.433691305563508e+16 2.3778409617183388e+16 2.3139498632646584e+16 2.2779551042501704e+16 2.2388198802027524e+16 2.1953131290283824e+16 2.166702617677191e+16 2.146411010359491e+16 2.1134420066103924e+16 2.0895713734862092e+16 2.050001188414047e+16 2.020322391365762e+16 2.0041843330835324e+16 1.986977525042978e+16 1.968473140272701e+16 1.94836280634156e+16 1.9261861915436264e+16 1.8721337683826556e+16 1.836157610040145e+16 1.7847270239480986e+16
37700.00528165389 2.5758931560731176e+16 2.53739280001169e+16 2.4951434150780344e+16 2.4499256495941708e+16 2.3992562738872052e+16 2.342725284048096e+16 2.2784366790077604e+16 2.2425488408887076e+16 2.2032707356506924e+16 2.1599476282518588e+16 2.131516290225104e+16 2.1112885412798644e+16 2.078651974292651e+16 2.0550269892201212e+16 2.015964611230706e+16 1.9867412068493184e+16 1.970861661521558e+16 1.953953258467637e+16 1.9357819398830624e+16 1.916051390962277e+16 1.8943007595347044e+16 1.8412564017992892e+16 1.805843808914184e+16 1.7548465040072238e+16
37900.005309673295 2.5460727496033816e+16 2.507747237520418e+16 2.466817258637393e+16 2.42300534295804e+16 2.373441817635134e+16 2.318007095831341e+16 2.2550090994950056e+16 2.219738485672371e+16 2.1813349321396136e+16 2.138779568743081e+16 2.1107590003943576e+16 2.0908564494458156e+16 2.0586985855562604e+16 2.035361600199444e+16 1.9967660398204456e+16 1.9678412649668336e+16 1.952135333280837e+16 1.935388663676865e+16 1.917389583022115e+16 1.8978386357656616e+16 1.876293302400382e+16 1.8238101933935028e+16 1.7889003188199376e+16 1.7389908992532916e+16
38100.00533769259 2.5015774274374972e+16 2.4642888328186236e+16 2.4245973078334468e+16 2.3811835762085308e+16 2.3325231638077708e+16 2.2781345404214564e+16 2.2161560784549828e+16 2.1816158353592644e+16 2.1439674243973376e+16 2.1023198360500756e+16 2.074951196552022e+16 2.0555022262000452e+16 2.024093959841877e+16 2.001315867158671e+16 1.963669731069705e+16 1.935462308331797e+16 1.920137477358784e+16 1.903814346744765e+16 1.8862564835285024e+16 1.8671837611664504e+16 1.846153065843158e+16 1.7948563025395944e+16 1.7606243009077638e+16 1.7114127451593328e+16
38300.00536571199 2.4726803559491376e+16 2.437054731951785e+16 2.3973271481908596e+16 2.353995177035877e+16 2.3058376560070556e+16 2.252316696363726e+16 2.190947975465655e+16 2.156614668690785e+16 2.119249899737444e+16 2.077903636051647e+16 2.0507168583786716e+16 2.0314019528556092e+16 2.000242097841781e+16 1.977652140596466e+16 1.9403349959287504e+16 1.91239693593959e+16 1.897231186727127e+16 1.881071103857996e+16 1.863714882701262e+16 1.8448670236532076e+16 1.824099630702425e+16 1.7735237238697136e+16 1.7398355361799828e+16 1.6914946861996372e+16
38500.00539373139 2.4360867474642076e+16 2.3997968588144452e+16 2.361236320986629e+16 2.3192244103436404e+16 2.2719303523045584e+16 2.2187574991375516e+16 2.15865697467235e+16 2.124921748889902e+16 2.088182122815401e+16 2.047714822510694e+16 2.021101280520371e+16 2.0021995055033092e+16 1.9716687333611624e+16 1.949569167090234e+16 1.9130322749151636e+16 1.8856731058456384e+16 1.8708144694997812e+16 1.854982452568906e+16 1.837978205991246e+16 1.8195012556672304e+16 1.799141848742023e+16 1.7495028685188526e+16 1.7163998383275942e+16 1.6688218091771646e+16
38700.00542175079 2.394906470194181e+16 2.360043258475299e+16 2.3217453754496916e+16 2.2807931545343136e+16 2.23488295190474e+16 2.18352617383381e+16 2.1252455823808464e+16 2.0925975294340576e+16 2.0568474608915228e+16 2.0175491304179124e+16 1.9916902062610404e+16 1.973318114481049e+16 1.943618664291545e+16 1.922138624013789e+16 1.8865464965286748e+16 1.8599062908382116e+16 1.8454312301560596e+16 1.8300036333644588e+16 1.813431182615851e+16 1.7954230963421608e+16 1.7755734614065888e+16 1.7271694252597066e+16 1.6948847015739724e+16 1.6485006190193998e+16
38900.00544977019 2.358321017657108e+16 2.3246130430108532e+16 2.2868651386578268e+16 2.245706104848415e+16 2.200614527368461e+16 2.150064392294859e+16 2.0926700194022316e+16 2.0606565528925296e+16 2.025776119367355e+16 1.987181227296799e+16 1.961831733646985e+16 1.9438206486389324e+16 1.914737563925854e+16 1.8936927496703416e+16 1.8588433320615772e+16 1.832744257765072e+16 1.8185724693064404e+16 1.8034626826712216e+16 1.7872172526918538e+16 1.7695623082411752e+16 1.7500978930489224e+16 1.7025662261899328e+16 1.670794088299868e+16 1.6249855847964862e+16
39100.00547778959 2.3322259207951644e+16 2.298288670763101e+16 2.2621184056394116e+16 2.2221525458515064e+16 2.177446820130922e+16 2.1271262871387304e+16 2.069930131065344e+16 2.038142333254164e+16 2.003303588152932e+16 1.9649506769658556e+16 1.939766887701991e+16 1.9218233387809612e+16 1.892899866461636e+16 1.871961086460841e+16 1.8373256346475204e+16 1.8114079993721724e+16 1.7973418856097516e+16 1.7823466008040972e+16 1.7662410264055972e+16 1.7487490338487352e+16 1.729479086993585e+16 1.6825084267802528e+16 1.6511729303490336e+16 1.6060790076529724e+16
39300.00550580899 2.297846971516e+16 2.2639813053508076e+16 2.2275916609282944e+16 2.1879109923535376e+16 2.144212142019714e+16 2.0951741643219096e+16 2.0394275756608784e+16 2.008240301303766e+16 1.9741872249724904e+16 1.936607855492247e+16 1.9119348628357584e+16 1.8944226316953812e+16 1.8661249223446756e+16 1.845670358836395e+16 1.81181241365234e+16 1.78645898385342e+16 1.7726933775188952e+16 1.758009925978504e+16 1.7422453952147934e+16 1.7251101626587944e+16 1.706222371578046e+16 1.6601425151305736e+16 1.6293638985876618e+16 1.5850118972748706e+16
39500.00553382829 2.260560155008734e+16 2.2277018690174572e+16 2.1916337968768836e+16 2.1534315639788188e+16 2.1106503888016556e+16 2.0631814843173628e+16 2.0089374551846824e+16 1.9786699314939344e+16 1.945626376694361e+16 1.9091121775852504e+16 1.885161930644668e+16 1.8681437483813396e+16 1.8406224876980132e+16 1.8207147467280948e+16 1.7877502780069866e+16 1.7630595135145448e+16 1.749640255758256e+16 1.7353448164908682e+16 1.7199799594242872e+16 1.703291167732031e+16 1.6848907802868388e+16 1.6400036788187984e+16 1.6100420651517038e+16 1.5669351179550932e+16
39700.0055618477 2.233348628564068e+16 2.2009841564200868e+16 2.166503898035158e+16 2.127595597522628e+16 2.0854187124299324e+16 2.0384219668765476e+16 1.9847335875796304e+16 1.9546711059176204e+16 1.921979131364618e+16 1.885773991883142e+16 1.862015618865812e+16 1.845138174344994e+16 1.8178693238522884e+16 1.7981116934432784e+16 1.7654613572961904e+16 1.7410095968622746e+16 1.7277184555016848e+16 1.713562423833783e+16 1.6983518536159966e+16 1.6818298123802794e+16 1.6636159510612852e+16 1.6191978812435846e+16 1.5895484323911248e+16 1.5468576323655688e+16
39900.00558986709 2.1792336542774972e+16 2.1478051411948016e+16 2.1141542909010004e+16 2.076868277437351e+16 2.036075163063557e+16 1.9904113936045324e+16 1.938776276788059e+16 1.909857808524558e+16 1.878459723838136e+16 1.8438477879081364e+16 1.8211255798884996e+16 1.8049934076193016e+16 1.7789516077221728e+16 1.7601232129411564e+16 1.7289862852523846e+16 1.7056672772797914e+16 1.6929971820235872e+16 1.6795022569679358e+16 1.6649948038551364e+16 1.6492210987208758e+16 1.6318152198972068e+16 1.5891961838582948e+16 1.5605330770008434e+16 1.5187537887165964e+16
40100.00561788649 2.1649983640046164e+16 2.1345085693239676e+16 2.1006409084112932e+16 2.064587429830005e+16 2.0238184427284324e+16 1.978464394324799e+16 1.927103661275526e+16 1.898340818276669e+16 1.867011931053616e+16 1.832357198159359e+16 1.809605317368097e+16 1.7934344903182286e+16 1.7672924177522154e+16 1.7483536405283862e+16 1.7170032873341092e+16 1.6935156594635162e+16 1.6807505894126888e+16 1.66713793164906e+16 1.6524983474074056e+16 1.6365846411697946e+16 1.6190221007850234e+16 1.5760605759356892e+16 1.5472095818738256e+16 1.5051795784841078e+16
40300.00564590589 2.139177448539685e+16 2.1086718505105364e+16 2.0750709971426464e+16 2.0387818397826224e+16 1.998956222261416e+16 1.9543260668201524e+16 1.90340493956642e+16 1.8749021616543776e+16 1.8439914338906076e+16 1.8097292458453852e+16 1.7872598165427158e+16 1.7712887751138748e+16 1.7454751139940062e+16 1.726802502121634e+16 1.695893482446543e+16 1.672739817213657e+16 1.660160525338002e+16 1.646747929900418e+16 1.6323372280708358e+16 1.6166693430958752e+16 1.59938177027301e+16 1.5571266078167218e+16 1.528797778721626e+16 1.487690078463921e+16
40500.00567392529 2.0943191713409476e+16 2.0653492509322468e+16 2.0340678328524716e+16 1.9998075093965836e+16 1.9616745763297264e+16 1.9188525100661664e+16 1.8700252948869144e+16 1.842739451072972e+16 1.812903078890395e+16 1.7799221260028646e+16 1.7582020601396378e+16 1.7427442753393612e+16 1.7177671269480966e+16 1.699649795374701e+16 1.6696238446394918e+16 1.6470977045986376e+16 1.6348470655493318e+16 1.6217757021330636e+16 1.6077054427835406e+16 1.5923974494840576e+16 1.575475679307816e+16 1.5339295512649146e+16 1.5058266920036226e+16 1.4643403758148986e+16
40700.005701944596 2.069867219692129e+16 2.0402403990857324e+16 2.008324968981541e+16 1.973292813606997e+16 1.9349275655018824e+16 1.8919751705302816e+16 1.8432021210019024e+16 1.8159943711198396e+16 1.7863726386115246e+16 1.7537264323300742e+16 1.7323195606363606e+16 1.7170830533446446e+16 1.692521157122597e+16 1.6747300635976472e+16 1.6452872944190602e+16 1.6232385750189834e+16 1.6112625587793816e+16 1.598490085375077e+16 1.5847599304763996e+16 1.5698249574215292e+16 1.5533296744716538e+16 1.5128848482618902e+16 1.485590636133379e+16 1.445512077859669e+16
40900.005729963996 2.0503296382398916e+16 2.0215974391680456e+16 1.9903036440194868e+16 1.9560434428347764e+16 1.918185505928656e+16 1.8757587211664732e+16 1.8275856038750024e+16 1.8006825804775824e+16 1.771373122271779e+16 1.7389517369352406e+16 1.7176221999386244e+16 1.7024391429104212e+16 1.677921351217665e+16 1.6601415227013492e+16 1.6306719160032292e+16 1.6085695684605496e+16 1.5965448966108532e+16 1.5837166310398926e+16 1.5699097425097068e+16 1.5548816899096062e+16 1.5382705763399736e+16 1.4974657880184336e+16 1.4698441551936588e+16 1.4289679795835974e+16
41100.00575798339 2.0185208402176616e+16 1.989935279729156e+16 1.958959779658167e+16 1.9251753408877284e+16 1.8877782669787748e+16 1.84617041449446e+16 1.7989162157941232e+16 1.7725311761898586e+16 1.7438146112856826e+16 1.7121451962090626e+16 1.6913328177701902e+16 1.676546230315108e+16 1.6526677157577692e+16 1.635369973172358e+16 1.6067494067037422e+16 1.5853059937213036e+16 1.5736516596247294e+16 1.5612206691289798e+16 1.5478525536969012e+16 1.5333131351899212e+16 1.5172535579160868e+16 1.4778736066912104e+16 1.451306617823364e+16 1.4123034828890162e+16
41300.005786002796 1.9962899684255864e+16 1.9678030866107396e+16 1.937504677088523e+16 1.9039773806945444e+16 1.867072403600091e+16 1.8259263163075276e+16 1.7790059814517436e+16 1.7528558441996216e+16 1.7243531861652236e+16 1.6929020033273836e+16 1.6722123495697154e+16 1.6575025511226054e+16 1.6337388834771452e+16 1.616508693627606e+16 1.5879830360934796e+16 1.5665930861951288e+16 1.5549620534884016e+16 1.5425524604297994e+16 1.5292002315889056e+16 1.5146680415279074e+16 1.49860615089817e+16 1.4591305193374068e+16 1.432359415741775e+16 1.392579422560302e+16
41500.00581402219 1.964286467593715e+16 1.9369975162827852e+16 1.9070155891682916e+16 1.8743120391213732e+16 1.8383516755319308e+16 1.7981940280924826e+16 1.7525056778697916e+16 1.7270405577662418e+16 1.6992941060028962e+16 1.6686458451921694e+16 1.6485346448754336e+16 1.6342116176812502e+16 1.6110906751077884e+16 1.594346841629818e+16 1.5666175506035794e+16 1.545842666181874e+16 1.534545303302099e+16 1.522498738277081e+16 1.50954013688837e+16 1.4954469084227066e+16 1.4798789584958174e+16 1.4416919876488076e+16 1.4159050461890768e+16 1.3779427056353106e+16
41700.005842041595 1.9369183040904748e+16 1.909733373627225e+16 1.8800614469563252e+16 1.8477871353239332e+16 1.8121852263764132e+16 1.7724954773399928e+16 1.727402552591555e+16 1.7022259201028694e+16 1.674843066918019e+16 1.6446371104345718e+16 1.624788660665369e+16 1.6106879172975782e+16 1.5879084258446138e+16 1.5714112878292916e+16 1.5440891642287864e+16 1.5236132669161898e+16 1.51247861970899e+16 1.5005976615562286e+16 1.4878111994820876e+16 1.473891377794535e+16 1.458496178777306e+16 1.4205876475082538e+16 1.3947871825710174e+16 1.356243536835898e+16
41900.00587006089 1.9077002020100436e+16 1.881105510178778e+16 1.8522924151921644e+16 1.8210197265977348e+16 1.786499801241675e+16 1.7479970228631694e+16 1.7042397818652212e+16 1.6798226916095352e+16 1.6532149831255134e+16 1.6238655826458754e+16 1.6045913367657064e+16 1.5908746488916358e+16 1.568724439706105e+16 1.5526734870101228e+16 1.5260868266783434e+16 1.5061530188730114e+16 1.4953112205772382e+16 1.4837417453873536e+16 1.4712921902434632e+16 1.4577421733236528e+16 1.4427636864837598e+16 1.4059553421051452e+16 1.3810313757534442e+16 1.3442065483813164e+16
42100.00589808029 1.864295856096817e+16 1.838754562502587e+16 1.811093391625497e+16 1.7809748184686616e+16 1.7478351446505976e+16 1.7109155890184622e+16 1.6690382919449608e+16 1.6456927616119304e+16 1.6202355643682e+16 1.592160720954797e+16 1.573711635074095e+16 1.5605876457635272e+16 1.5393867720039526e+16 1.5240177015139256e+16 1.498532511129477e+16 1.4794019055337278e+16 1.4689857623914882e+16 1.4578620326087542e+16 1.4458774150227848e+16 1.4328156784431536e+16 1.4183477184203824e+16 1.3826127735381394e+16 1.3581903737473696e+16 1.3215553148857966e+16
42300.00592609969 1.8654828260430084e+16 1.8393293535210056e+16 1.8112019407283996e+16 1.7804453302409648e+16 1.746443392947626e+16 1.708651879576669e+16 1.6656650421335368e+16 1.6416874366466722e+16 1.6155740785055964e+16 1.5867507564408574e+16 1.5678101594643262e+16 1.5543502491068928e+16 1.5326083130972884e+16 1.5168549694120256e+16 1.4907747907610226e+16 1.471223412314142e+16 1.4605936978072862e+16 1.449254928574762e+16 1.4370579426515792e+16 1.4237875679513378e+16 1.4091251760470226e+16 1.3731214733518246e+16 1.3487542039601264e+16 1.312711136811473e+16
42500.005954119086 1.833049094511331e+16 1.807645395551053e+16 1.7799681475650468e+16 1.749943995274225e+16 1.7167856176290932e+16 1.6798986115214156e+16 1.6380169612496704e+16 1.614668928869858e+16 1.5892163975208456e+16 1.5611901222058022e+16 1.5427740693103774e+16 1.5296793342673488e+16 1.5085272428530826e+16 1.4932112043187992e+16 1.4678423542022726e+16 1.4488239809760764e+16 1.4384817407791118e+16 1.427445490385467e+16 1.4155678185446792e+16 1.4026370036595916e+16 1.3883363310246578e+16 1.3531280763793032e+16 1.329176833834199e+16 1.2934423601913898e+16
42700.00598213849 1.8129770626647816e+16 1.7877396914822426e+16 1.7605889480923592e+16 1.7307670055616798e+16 1.6980273333207212e+16 1.6614681337605426e+16 1.6200107557038354e+16 1.5968779835371472e+16 1.571730983331923e+16 1.5439800878057212e+16 1.5257544518535458e+16 1.5128001899094164e+16 1.4918854338940978e+16 1.4767365732791832e+16 1.4516508408551422e+16 1.4328524992859136e+16 1.4226292724832878e+16 1.41172443962788e+16 1.3999906609090104e+16 1.3872197401954362e+16 1.3730997472894874e+16 1.3383718774559128e+16 1.3147922237597616e+16 1.2797411378326314e+16
42900.00601015789 1.7291167122270678e+16 1.7055372326341822e+16 1.6803109536129348e+16 1.6527712165881092e+16 1.6225804076297384e+16 1.5890146225285086e+16 1.5510721855468048e+16 1.5299379514685244e+16 1.5069240455225828e+16 1.4815736673221986e+16 1.4648967690874726e+16 1.4530160021122192e+16 1.433798140382656e+16 1.4198440548232218e+16 1.396638591300568e+16 1.3791370716006476e+16 1.3695744867815224e+16 1.3593260834677998e+16 1.3482355662991628e+16 1.3360816884634032e+16 1.32252239399597e+16 1.2884469128734848e+16 1.2644929698979618e+16 1.2270857409781294e+16
43100.00603817729 1.6592752892362704e+16 1.6365166484109582e+16 1.6120089175701888e+16 1.585379350969898e+16 1.5563526243230692e+16 1.5242983283821352e+16 1.4882502736143708e+16 1.4682772289751438e+16 1.4466044554730846e+16 1.4227755988643904e+16 1.4071434904569468e+16 1.3960235024977434e+16 1.3780555160716648e+16 1.3650039670854618e+16 1.3432745381506466e+16 1.3268299283324912e+16 1.3178061092766636e+16 1.3080974194223842e+16 1.2975319429632622e+16 1.2858592033042448e+16 1.2726874770672222e+16 1.2385489830330504e+16 1.2132542095460402e+16 1.171032192308927e+16
43300.00606619659 1.6677102737941498e+16 1.6447777119709374e+16 1.6201430087564132e+16 1.5932812991320624e+16 1.5639347339376436e+16 1.531443862893027e+16 1.4947754140344656e+16 1.474431216959358e+16 1.452322387245677e+16 1.427964296649457e+16 1.4119726562649304e+16 1.4006007749301666e+16 1.3822109240265102e+16 1.3688571364017072e+16 1.3466295950195282e+16 1.3298273503691694e+16 1.3206186030295582e+16 1.3107205345383296e+16 1.2999657141989822e+16 1.288110021949039e+16 1.2747749695493296e+16 1.2405694450468576e+16 1.2158311557833258e+16 1.1766560226236256e+16
43500.00609421599 1.586883611932426e+16 1.5658871704831234e+16 1.5432890432647282e+16 1.518826015071359e+16 1.4921084960239958e+16 1.462518291244982e+16 1.429174369772476e+16 1.4106546564581576e+16 1.3905108346664318e+16 1.368269159706332e+16 1.3536202988476136e+16 1.3431665084991026e+16 1.32619682932204e+16 1.31380869581477e+16 1.293042811744989e+16 1.2771930612844006e+16 1.2684395584479578e+16 1.2589741913167594e+16 1.2486169004243762e+16 1.2371062184730502e+16 1.2240383847358712e+16 1.1899661480454622e+16 1.1649145004148942e+16 1.1242729309350378e+16
43700.00612223539 1.5501541221859838e+16 1.529484506306758e+16 1.5072845990131068e+16 1.4832815377259888e+16 1.4571059896794298e+16 1.4281609508709302e+16 1.395632179570213e+16 1.3775808602499724e+16 1.3579497019809568e+16 1.3362757842042342e+16 1.3219913085914244e+16 1.3117959146203574e+16 1.2952265652815416e+16 1.2831095346755264e+16 1.2627453778582746e+16 1.247145077518598e+16 1.2385039070382666e+16 1.2291378044034928e+16 1.2188609659846608e+16 1.2074043123234424e+16 1.1943537722996494e+16 1.1601086495304962e+16 1.134663301334494e+16 1.0926643565794324e+16
43900.0061502548 1.5382767071144496e+16 1.5172419837401294e+16 1.494676054549751e+16 1.4702942078338324e+16 1.4437266681814428e+16 1.4144073938022916e+16 1.3814880092396608e+16 1.3632341618854442e+16 1.3434099169096084e+16 1.3215531716447052e+16 1.3071619942883868e+16 1.296891526416702e+16 1.2802154149376012e+16 1.2680326823209266e+16 1.2475855531182436e+16 1.2319492221103284e+16 1.2233025738834386e+16 1.2139435465912894e+16 1.2036948394611646e+16 1.1922993345165232e+16 1.1793641662968862e+16 1.1456995830712592e+16 1.12097474709251e+16 1.0810606011726006e+16
44100.00617827419 1.459167983146512e+16 1.440302793932811e+16 1.4201347093003698e+16 1.3984240866885742e+16 1.374849033033527e+16 1.3488766261467632e+16 1.3197007248286748e+16 1.3034973256943946e+16 1.2858431663145876e+16 1.266274003687932e+16 1.2533166538441696e+16 1.2440269265398934e+16 1.2288503963438484e+16 1.217680430295186e+16 1.1987492022737182e+16 1.1840964512477968e+16 1.1759220733921666e+16 1.1670143267777672e+16 1.1571848263031194e+16 1.1461615464144716e+16 1.1335258601240042e+16 1.1000247363835224e+16 1.0748880269405866e+16 1.0336343665003112e+16
44300.00620629359 1.454848323819846e+16 1.4354836151647332e+16 1.4148012411558984e+16 1.392508823334504e+16 1.3682903265130854e+16 1.3416184978590724e+16 1.311701322890887e+16 1.2951145292071956e+16 1.2770733671705548e+16 1.2571218335594978e+16 1.2439400482937916e+16 1.2345030395220832e+16 1.2191165039845618e+16 1.207816324635034e+16 1.1887145505921816e+16 1.1739791202372244e+16 1.1657781134784136e+16 1.1568572031181384e+16 1.1470337739402758e+16 1.1360420309698966e+16 1.123470809089419e+16 1.0902202232474598e+16 1.0652628165877472e+16 1.0242956808435548e+16
44500.00623431289 1.4384690140457894e+16 1.4190815287588042e+16 1.398336712991399e+16 1.3759664601750156e+16 1.3516345134594692e+16 1.3248374723450472e+16 1.2947500582090548e+16 1.278048793684619e+16 1.259870828166817e+16 1.2397474851956742e+16 1.2264391835022978e+16 1.2169064420142218e+16 1.2013504096514234e+16 1.189916699476845e+16 1.1705744765847964e+16 1.1556422819218934e+16 1.1473291442528834e+16 1.1382848008716594e+16 1.1283237328723364e+16 1.1171756482731106e+16 1.1044235095283222e+16 1.0706885945452566e+16 1.0454271519609132e+16 1.0041433289560148e+16
44700.00626233229 1.376172715654953e+16 1.3584511913704424e+16 1.3395266133389494e+16 1.3192041216198974e+16 1.29711303421543e+16 1.272796355720346e+16 1.2454629195739076e+16 1.230257074631052e+16 1.2136549940388674e+16 1.19520231246145e+16 1.1829450895551772e+16 1.1741384744541272e+16 1.1597040315428344e+16 1.1490466124644936e+16 1.1309153632878334e+16 1.1168272949111144e+16 1.1089483625229236e+16 1.1003464003233924e+16 1.0908348808738308e+16 1.0801381854618652e+16 1.0678287855793354e+16 1.0348182770077192e+16 1.0096617574122718e+16 9677433531438006.0
44900.006290351695 1.3884271159041802e+16 1.3699264083782464e+16 1.3501185725637314e+16 1.3287933952914284e+16 1.305632606495584e+16 1.2801403354742196e+16 1.2515175979185216e+16 1.2356290210252272e+16 1.218329771996996e+16 1.199165051833282e+16 1.1864779754594874e+16 1.1773829148274854e+16 1.1625258132161208e+16 1.1515936736731662e+16 1.133072657641045e+16 1.1187512011920878e+16 1.1107699579248346e+16 1.1020798922829254e+16 1.092501131955094e+16 1.0817704356428706e+16 1.0694802400336116e+16 1.036871174502714e+16 1.012351379328078e+16 9719057011078022.0
45100.00631837109 1.3571417314848962e+16 1.3390842575714348e+16 1.319786768390419e+16 1.2990245623576928e+16 1.2764731708502668e+16 1.2516612602768958e+16 1.2237906272621946e+16 1.2082979665596402e+16 1.191399848844549e+16 1.1726322075095776e+16 1.1601739408451862e+16 1.1512241943463196e+16 1.1365674234946518e+16 1.1257506173073564e+16 1.1073638473790598e+16 1.0930945271430706e+16 1.085124083059463e+16 1.076432920270559e+16 1.0668394215737474e+16 1.0560795527223678e+16 1.0437469005664538e+16 1.0110540113007722e+16 9865347249888058.0 9458084079533228.0
45300.006346390495 1.3133834436737146e+16 1.2966308376204492e+16 1.2787925944374086e+16 1.2596559355547618e+16 1.2389079647987224e+16 1.2160996908922208e+16 1.1904794911323934e+16 1.176218501677648e+16 1.1606342955531876e+16 1.1432763383461272e+16 1.1317193532981958e+16 1.12339623702164e+16 1.109722335174986e+16 1.0995937405437252e+16 1.0822913671105982e+16 1.0687791099641162e+16 1.0611949973151094e+16 1.052891686904937e+16 1.0436815250810266e+16 1.0332888819757486e+16 1.0212846083618256e+16 9889031559053648.0 9640939964579120.0 9223385566230162.0
45500.006374409895 1.3208068715419838e+16 1.3036395155845154e+16 1.2852980367713552e+16 1.2656195408793088e+16 1.2442125796000008e+16 1.2206442361603466e+16 1.194142723516025e+16 1.1793935898501448e+16 1.163296377044063e+16 1.1453907015527036e+16 1.1334879558486432e+16 1.1249297540866636e+16 1.1108971187127538e+16 1.1005249189482552e+16 1.0828559632435102e+16 1.0691044774492186e+16 1.0614056848641484e+16 1.0529937589705924e+16 1.0436853703791024e+16 1.0332126755665748e+16 1.021160172381732e+16 9888979079932338.0 9643839254780594.0 9233572307414514.0
45700.00640242919 1.3175682053042474e+16 1.3003036792550416e+16 1.281846691514373e+16 1.2619753129806758e+16 1.2403806934902152e+16 1.2166061501126258e+16 1.1898921498758878e+16 1.1750381543976128e+16 1.158835373297464e+16 1.140839439692574e+16 1.1288936393409096e+16 1.1203110741169576e+16 1.1062519219434458e+16 1.0958701171676662e+16 1.0781983451904956e+16 1.064450623841268e+16 1.0567540239090358e+16 1.0483441848844086e+16 1.0390377934953964e+16 1.0285682847343304e+16 1.0165254758189672e+16 9843763429524098.0 9600576611976642.0 9195127349626452.0
45900.00643044859 1.2638439940105734e+16 1.247954454721635e+16 1.2310184651225938e+16 1.212848436502465e+16 1.1931428798119856e+16 1.1714685389999054e+16 1.14708162505142e+16 1.133480930553041e+16 1.1185924492920934e+16 1.1019635682110206e+16 1.0908573455552398e+16 1.0828378242680274e+16 1.0696181661814814e+16 1.059782178903485e+16 1.0428744544012452e+16 1.0295627237403436e+16 1.0220446844371328e+16 1.0137742874236694e+16 1.0045524213506158e+16 9940897485451188.0 9819396892462838.0 9489368733556044.0 9234949181937974.0 8804211264394382.0
46100.006458467986 1.2767111373643428e+16 1.2603742783403792e+16 1.2429139663683902e+16 1.2241375881806664e+16 1.2037197581262394e+16 1.1812308448575272e+16 1.1559208641753278e+16 1.1418237886342154e+16 1.1264207420291284e+16 1.1092691954737622e+16 1.0978528661906726e+16 1.089632055709003e+16 1.0761289481538512e+16 1.0661236907932654e+16 1.0490140896112668e+16 1.0356233521267514e+16 1.0280919365113606e+16 1.0198328030951234e+16 1.0106553583247616e+16 1.0002843714894178e+16 9882986005037730.0 9561113005143252.0 9317256935681600.0 8911399109804801.0
46300.00648648739 1.2591493907519976e+16 1.2429989621456116e+16 1.2257385605236814e+16 1.2071696334185986e+16 1.186995026766678e+16 1.1647801928696296e+16 1.1397818322899926e+16 1.1258554613046296e+16 1.1106400441531792e+16 1.0936926534332906e+16 1.0824081392942808e+16 1.0742789328668934e+16 1.0609125958060064e+16 1.0509970504800252e+16 1.0340058512030098e+16 1.0206644772897336e+16 1.013138623154036e+16 1.0048640858940024e+16 9956393735044106.0 9851718536336710.0 9730121271689950.0 9400198769625960.0 9147571110160606.0 8724723052303416.0
46500.00651450679 1.2529586227691906e+16 1.237113263910519e+16 1.2201923667650208e+16 1.2019843310851322e+16 1.1822059146415112e+16 1.1604423120256708e+16 1.1359981689706674e+16 1.1224154671821154e+16 1.1076072880378656e+16 1.0911654488714548e+16 1.0802523174896002e+16 1.072410065485603e+16 1.0595575075433692e+16 1.0500555947863042e+16 1.0338369215878362e+16 1.021154843207061e+16 1.0140181674053294e+16 1.0061815292734908e+16 9974526424493242.0 9875493185011236.0 9760329729293652.0 9445913157644618.0 9202312667703910.0 8791724574031791.0
46700.00654252619 1.2473482466350416e+16 1.2315416433191316e+16 1.2146981009564188e+16 1.1965051136249716e+16 1.1767434747740576e+16 1.1549768113811812e+16 1.130517859638308e+16 1.116911244034725e+16 1.1020763663024334e+16 1.0856053456418386e+16 1.07467946422301e+16 1.06683154420894e+16 1.0539777961285108e+16 1.0444844327877156e+16 1.0283048453891286e+16 1.0156754097179508e+16 1.0085769323370856e+16 1.0007888833792674e+16 9921205475289122.0 9822920359656532.0 9708656478689966.0 9396385986840638.0 9153941366341280.0 8745232816764589.0
46900.00657054549 1.234861632683804e+16 1.2190576456640722e+16 1.2021591484903306e+16 1.1839656730243796e+16 1.1641651030059152e+16 1.1423405545646082e+16 1.1177882089384476e+16 1.104128381537673e+16 1.089225076299039e+16 1.0726775052178906e+16 1.0616956494356996e+16 1.0538054956308042e+16 1.0408797521425078e+16 1.0313271108416458e+16 1.0150340434097544e+16 1.0022993957854036e+16 9951328829685906.0 9872607797318200.0 9784856100221160.0 9685159434887918.0 9568947981994988.0 9249617414382570.0 9000658557522832.0 8583672291806730.0
47100.00659856489 1.2156220812156118e+16 1.2001690692942538e+16 1.1837097848168396e+16 1.1660018775460736e+16 1.1468205997898882e+16 1.1257192033040816e+16 1.1020800488091988e+16 1.088962909350749e+16 1.0746769251214868e+16 1.058845805639143e+16 1.0483550186479304e+16 1.0408257774453444e+16 1.0285023637530742e+16 1.0194063794214912e+16 1.0039093843183916e+16 9918131097340660.0 9850111342141986.0 9775431438239148.0 9692228585108082.0 9597731681844924.0 9487583584223934.0 9184229459799042.0 8945579314452841.0 8537240305688545.0
47300.00662658429 1.2223892404896628e+16 1.206772791253191e+16 1.1900620542647384e+16 1.1720858727641436e+16 1.152538175424939e+16 1.1310619267923198e+16 1.106957489957708e+16 1.0935924266904652e+16 1.0790527732577842e+16 1.0629637088582152e+16 1.0523292992678658e+16 1.0447112679222868e+16 1.0322829994970868e+16 1.0231448549901216e+16 1.007662213908837e+16 9956675511620002.0 9889627358074178.0 9816384254530038.0 9735258941199602.0 9643775245314642.0 9538048161024692.0 9251931424874908.0 9031186329352886.0 8656320496900983.0
47500.0066546037 1.1987386883321698e+16 1.1835909631082194e+16 1.1673631186584826e+16 1.1499153217674538e+16 1.130931108472349e+16 1.1100366561634436e+16 1.0865495254320666e+16 1.073498937501192e+16 1.059271095722075e+16 1.0434897194512522e+16 1.0330272866168522e+16 1.0255197748562484e+16 1.0132348916100284e+16 1.0041721331956504e+16 9887539766295076.0 9767437592150054.0 9700037998102732.0 9626169273576936.0 9544053393037606.0 9451061061670800.0 9343073135066400.0 9048200881784456.0 8818756611232894.0 8429350753126275.0
47700.00668262309 1.186581739292347e+16 1.1716315861338728e+16 1.1556410640808526e+16 1.13842096336278e+16 1.119723754377861e+16 1.0991375173064874e+16 1.0760270457365118e+16 1.063187003369274e+16 1.0492073669773516e+16 1.0337170543724466e+16 1.0234591858237628e+16 1.0161043467749786e+16 1.0040889784175352e+16 9952411041121046.0 9802268654616164.0 9685749039567122.0 9620566849000606.0 9549327106136740.0 9470405468701134.0 9381413881874242.0 9278630545029400.0 9000930403272472.0 8786357118328734.0 8416749968402429.0
47900.00671064249 1.1775263610704532e+16 1.162755581878383e+16 1.1469103097943728e+16 1.129913066557292e+16 1.1114249415295298e+16 1.0910824829730312e+16 1.0682614522356762e+16 1.0555875498241866e+16 1.0417791829430358e+16 1.0264877728673052e+16 1.0163684435819328e+16 1.0091193857188698e+16 9972773048932038.0 9885661671504564.0 9738113182949126.0 9623925597854148.0 9560210620599060.0 9490744954200516.0 9414024927663040.0 9327862483414928.0 9228862111532840.0 8964262715775306.0 8761791554323793.0 8412180188277766.0
48100.00673866189 1.1521130483710708e+16 1.1377729356017772e+16 1.122434783395222e+16 1.105941315650644e+16 1.0879904401713034e+16 1.0682408803352428e+16 1.0460387726795794e+16 1.0336873519672604e+16 1.020216765741403e+16 1.0052521586286392e+16 9953268101748826.0 9882018740004568.0 9765379985723624.0 9679338200604138.0 9533012669111408.0 9419256409621912.0 9355570249381692.0 9285946659562752.0 9208819686145074.0 9121881245530154.0 9021533255696372.0 8750333241262295.0 8538996205172202.0 8167548712708244.0
48300.00676668119 1.1626439491542846e+16 1.1479874355698182e+16 1.1322948653257422e+16 1.1153800390796012e+16 1.0969875758297414e+16 1.0766444800000244e+16 1.0537750214138508e+16 1.0410407979114582e+16 1.0271696684494406e+16 1.0117906442395588e+16 1.0016118734067904e+16 9943199244812142.0 9824205952692152.0 9736774340212164.0 9588992292122078.0 9475058225440854.0 9411705604970904.0 9342839885599694.0 9267086713070712.0 9182411413373442.0 9085677892374460.0 8829641367890989.0 8634868478283660.0 8299687950790161.0
48500.006794700595 1.145045236761831e+16 1.1306176490423126e+16 1.1151748525258244e+16 1.0985662977811404e+16 1.0804892982047042e+16 1.0605678173389458e+16 1.0381667783726464e+16 1.0257188945290636e+16 1.0121569206499138e+16 9971296391413998.0 9871862334409464.0 9800621475762670.0 9684371279814732.0 9598939092442442.0 9454483521205046.0 9343032794302628.0 9281014331624308.0 9213559710671902.0 9139288147311708.0 9056179219029028.0 8961098855826211.0 8708597297018861.0 8515813294928974.0 8184923001782766.0
48700.00682271999 1.1236785414013358e+16 1.1096846714161026e+16 1.0947392762440336e+16 1.0786622752593188e+16 1.061153651914102e+16 1.0418693406197036e+16 1.0201927831907156e+16 1.0081367328594596e+16 9949878908004090.0 9804091833644326.0 9707452146485590.0 9638136369594336.0 9524869735876442.0 9441502965549268.0 9300230747752958.0 9190971138971968.0 9130064569023644.0 9063731688465072.0 8990576116198015.0 8908570145265627.0 8814532964084546.0 8563410909267896.0 8370008328530198.0 8034969041099784.0
48900.006850739395 1.1148702478056702e+16 1.1009502720709892e+16 1.0860614033491374e+16 1.0699965890208454e+16 1.0525307574517974e+16 1.033299452229177e+16 1.0116726576338746e+16 9996516675567020.0 9865465407774150.0 9720151280190526.0 9623882386886250.0 9554890554852254.0 9442199598103970.0 9359300857022608.0 9218984356329450.0 9110582657871542.0 9050217780382684.0 8984524217600000.0 8912142690338841.0 8831094749659862.0 8738286565874909.0 8491344394528638.0 8302695837834793.0 7982507785257724.0
49100.006878758795 1.1056767761569724e+16 1.0918768219287476e+16 1.0771798340785454e+16 1.0613788181832588e+16 1.0441893656921924e+16 1.0252491044288182e+16 1.0039900313384538e+16 9921768109477010.0 9793055421226850.0 9650462174857446.0 9556083675150306.0 9488459531565026.0 9378053589295000.0 9296881512570438.0 9159511988421856.0 9053391411772642.0 8994275763260887.0 8929918557545852.0 8858999104776771.0 8779552434874961.0 8688574875552067.0 8446933615775904.0 8262904668889944.0 7946073388567639.0
49300.00690677819 1.0902016382992706e+16 1.0766100524385752e+16 1.062100706045516e+16 1.0464810056942268e+16 1.0294926871193522e+16 1.010803950817043e+16 9897670527332914.0 9780714996503562.0 9653131645221656.0 9511599331252164.0 9417802451733146.0 9350522332708386.0 9240540657567536.0 9159596825602058.0 9022422248823878.0 8916326367652735.0 8857195184066020.0 8792810149259593.0 8721834046338472.0 8642312933181803.0 8551213539561175.0 8308848183441636.0 8124438559510235.0 7815732014831270.0
49500.00693479749 1.0764849774039632e+16 1.0632257249938254e+16 1.0490798574817074e+16 1.0338376496261756e+16 1.0172982571049932e+16 9990878788157090.0 9786268044523444.0 9672601324060580.0 9548713930119020.0 9411342969432614.0 9320356153345372.0 9255123849910862.0 9148557853811940.0 9070133900932224.0 8937278710947408.0 8834534460840001.0 8777259399403341.0 8714877348513693.0 8646082810358452.0 8568971527086666.0 8480583191449713.0 8245202962199462.0 8065267563524740.0 7757227925391692.0
49700.006962816886 1.0690067245099214e+16 1.0558576136606318e+16 1.0417765737783774e+16 1.0266455056181444e+16 1.0101758208261616e+16 9920174275620880.0 9715788820521216.0 9601916668124352.0 9477740772306064.0 9339780140262170.0 9248284221371962.0 9182616151747580.0 9075225240969588.0 8996133794597576.0 8862055182661693.0 8758313052248233.0 8700483738675294.0 8637519186384240.0 8568114792861479.0 8490386095240673.0 8401418768376654.0 8165656339714536.0 7987928309946972.0 7695014683297289.0
49900.00699083629 1.0599011617975356e+16 1.0468384967616628e+16 1.0329307487534836e+16 1.0179565687433168e+16 1.0017501553904166e+16 9838990641760002.0 9638646713120276.0 9527438338566580.0 9406302556738830.0 9272072257141400.0 9183280294605210.0 9119620149250714.0 9015662633344844.0 8939225454092112.0 8809851194358805.0 8709889291578463.0 8654194847335357.0 8593560174526825.0 8526724923586874.0 8451848410886941.0 8366105937831875.0 8138697948550479.0 7966394314176055.0 7672719817184184.0
50100.00701885569 1.0360005804133636e+16 1.023332213339161e+16 1.00980028873585e+16 9952787891046242.0 9795140503648286.0 9621658173519156.0 9426924029739604.0 9318757308379158.0 9200838447771494.0 9070024607603788.0 8983323255255242.0 8921092935923727.0 8819354890334259.0 8744383368487616.0 8617121598801014.0 8518445038545655.0 8463325966517362.0 8403197850999426.0 8336769743949969.0 8262157771103785.0 8176446787730303.0 7947591383781068.0 7773271421395700.0 7481558529284270.0
50300.00704687509 1.040635980357394e+16 1.0278353502125554e+16 1.0142103571026866e+16 9995058743389602.0 9835716709500840.0 9660272694421304.0 9463390078130296.0 9354116307496300.0 9235188158265094.0 9103546563141812.0 9016507571595824.0 8954188846685515.0 8852524905357516.0 8777829894714210.0 8651471024754686.0 8553859213979784.0 8499455336456330.0 8440189531777880.0 8374796571041411.0 8301432791707261.0 8217248764279059.0 7993224939965280.0 7823759229245386.0 7538192737366260.0
50500.00707489449 1.0195665178259104e+16 1.0071535259907868e+16 9939214468176892.0 9796520644800626.0 9641665354634284.0 9470783363622354.0 9278577034764984.0 9171508750864530.0 9054632075669896.0 8924827238274066.0 8838627321986638.0 8776697325756697.0 8675300763040908.0 8600496039014708.0 8473300468009060.0 8374503146148137.0 8319250609829245.0 8258931988800207.0 8192237734935757.0 8117284344438056.0 8031183448957575.0 7802171591351288.0 7630102028946127.0 7348835655688766.0
50700.00710291379 1.0137567113983874e+16 1.0013881686012664e+16 9881903586982674.0 9739888839925898.0 9585774235080140.0 9415982474176538.0 9225183242258476.0 9118970993858680.0 9003217305551265.0 8874719073630642.0 8789551269393947.0 8728436325571688.0 8628507858968903.0 8554888587536316.0 8429971498630860.0 8333153878555050.0 8279087363414362.0 8220117421661965.0 8154979154677251.0 8081836986906363.0 7997862484930684.0 7774321287334860.0 7605299129607408.0 7324331829604115.0
50900.00713093319 1.0065967347464662e+16 9943147831361278.0 9812047385263064.0 9671152746737678.0 9518529751991670.0 9350866629984672.0 9163085519358742.0 9058950403939922.0 8945704634550571.0 8820474487004857.0 8737743731848946.0 8678525814577338.0 8581935295423437.0 8511005444129962.0 8391042357807232.0 8298355367844957.0 8246683832810659.0 8190366840362602.0 8128192749892596.0 8058372555929240.0 7978152584209963.0 7764047953651133.0 7601631194529130.0 7327108768770979.0
51100.0071589526 9879318332956678.0 9760291637065672.0 9633090816107418.0 9496758679794240.0 9349048567883114.0 9186690920981360.0 9004571508625537.0 8903402557558050.0 8793306197387564.0 8671259531332549.0 8590425057908718.0 8532451939805047.0 8437692006770105.0 8367891160882912.0 8249435047916756.0 8157539993717348.0 8106164969849156.0 8050064760084633.0 7988007867152534.0 7918186596738140.0 7837828987737284.0 7622954242766160.0 7459943109398271.0 7188358934375575.0
51300.00718697199 9876952372497700.0 9757477888195664.0 9629871561215184.0 9492766401548788.0 9343517080068006.0 9179162473792922.0 8994690463348437.0 8892171833796212.0 8780572484319076.0 8656972774180013.0 8575213506635112.0 8516658814630865.0 8421076567954134.0 8350809596440543.0 8231858464130570.0 8139838844454935.0 8088481073554409.0 8032454537557635.0 7970521672943680.0 7900859533493217.0 7820645230275475.0 7605572874662172.0 7441964149179580.0 7168524237006916.0
51500.00721499139 9727106155034684.0 9610119969450648.0 9485285569697982.0 9351032344493236.0 9205491612287708.0 9045494551472778.0 8865863389184986.0 8766148530536577.0 8657581349601180.0 8537340247972906.0 8457785750614861.0 8400768808464710.0 8307685485400333.0 8239200515891826.0 8123146486392955.0 8033241341793300.0 7983021115561659.0 7928198059585765.0 7867548397647539.0 7799278159567392.0 7720619253255481.0 7509541323294625.0 7348808079366080.0 7079707038881087.0
51700.00724301078 9729335874365640.0 9611247388387140.0 9485075394034264.0 9349696958079434.0 9202909443906438.0 9041583996154194.0 8860733793915868.0 8760540031573883.0 8651651432884269.0 8531409752969744.0 8452128212273520.0 8395458338348864.0 8303241688786168.0 8235707451801144.0 8121914903434435.0 8034433832009991.0 7985856936067322.0 7933093288433594.0 7875062159490360.0 7810199504088190.0 7736101167181092.0 7540754860319619.0 7394931479176452.0 7150801289900097.0
51900.00727103009 9552203804240024.0 9437897552282186.0 9315692692682410.0 9184388551078542.0 9041934612844880.0 8885032658000544.0 8709080227639632.0 8611424474114245.0 8505081447977919.0 8387368201585487.0 8309465093925103.0 8253660090106194.0 8162594070380009.0 8095639538481023.0 7982252357738398.0 7894492047101445.0 7845490008426120.0 7792010312061479.0 7732853400846024.0 7666253490222770.0 7589474263830597.0 7383027771741924.0 7225491558089088.0 6962264695232077.0
52100.007299049495 9479436830392066.0 9366662427001428.0 9245538011676496.0 9115306199236752.0 8974124925337669.0 8818538531459723.0 8643717563584606.0 8546698913696436.0 8441046676379363.0 8323970340670313.0 8246551049301848.0 8191116541027486.0 8100666454403822.0 8034208084264477.0 7921725617260497.0 7834738960965517.0 7786196749353697.0 7733230589659341.0 7674652163866776.0 7608710702240937.0 7532671694727690.0 7327874229807788.0 7171211780359667.0 6909923069801137.0
52300.00732706889 9352523323530762.0 9241990556327738.0 9123610585134594.0 8996517186689508.0 8858807281576200.0 8707365946246689.0 8537595603868578.0 8443412217080620.0 8341044886477330.0 8227801451516527.0 8153029689167072.0 8099511032087927.0 8012255056454734.0 7948220907221907.0 7839966889971063.0 7756338025859777.0 7709689394720381.0 7658816241396645.0 7602566771447364.0 7539237688279059.0 7466171174459088.0 7268767548438359.0 7116651362563762.0 6860124094032670.0
52500.00735508829 9322737382630252.0 9211493558705058.0 9092641026570420.0 8964786659172893.0 8826298534218910.0 8673744508876580.0 8502826658702907.0 8408056210277778.0 8304988367361660.0 8191200075174645.0 8116128294125449.0 8062466630610191.0 7975152891108337.0 7911157327962030.0 7803274205239154.0 7720233382410481.0 7674038115483228.0 7623765037061626.0 7568319836860263.0 7506092405149246.0 7434546143746250.0 7242632854894988.0 7096015254800292.0 6850307653938347.0
52700.007383107695 9286089220744800.0 9176170077771260.0 9058372083899754.0 8931491714338286.0 8793668057862220.0 8642136342314265.0 8472041502601846.0 8377699571972350.0 8275135937987113.0 8161814455376478.0 8087083336176463.0 8033677996595798.0 7946828549826687.0 7883254379532101.0 7776193384384898.0 7693968331109287.0 7648310254094518.0 7598709379862260.0 7544106431685791.0 7482971476135078.0 7412886045231157.0 7226006729185551.0 7084288044017701.0 6848816351112024.0
52900.00741112709 9077342707043138.0 8971409956827589.0 8857700809350572.0 8736031303992882.0 8603800541080180.0 8458294492165837.0 8294938689574007.0 8204323737535081.0 8105709440577740.0 7996584111053433.0 7924518116435285.0 7872964991044304.0 7788924154551887.0 7727244399350165.0 7623055629317021.0 7542610719124709.0 7497766761858815.0 7448867030783443.0 7394809586073339.0 7333945309404481.0 7263681230842314.0 7073186339831712.0 6925200831191708.0 6673737326704866.0
53100.00743914639 9024575131331878.0 8918355279134248.0 8804886897342645.0 8682864913957176.0 8550863681660618.0 8405610589255073.0 8242786907027147.0 8152594145796135.0 8054596344470994.0 7946304957880507.0 7874889266517130.0 7823860100441716.0 7740828186154006.0 7680008523512540.0 7577492250327509.0 7498596671630458.0 7454729003336830.0 7406987791350674.0 7354341574956057.0 7295245384696120.0 7227271948326569.0 7044432438983252.0 6903755253863561.0 6665826209490708.0
53300.007467165786 8954004946178356.0 8849190071104684.0 8737181386997353.0 8616618982300663.0 8485680140250700.0 8341344038034964.0 8179433109672826.0 8089581261461998.0 7991841011843320.0 7883771557516765.0 7812434632451852.0 7761437691657267.0 7678465827117430.0 7617658502615940.0 7515170411736513.0 7436310823337653.0 7392456133158322.0 7344735693475890.0 7292105264575471.0 7233007297854448.0 7164984960191230.0 6981494622140489.0 6839497164669358.0 6598551663515315.0
53500.00749518519 8881651111963951.0 8777267352654286.0 8665861362542661.0 8546420739151722.0 8416470393326479.0 8273822578064263.0 8113848731879602.0 8025252773755758.0 7928956168486261.0 7822649591278168.0 7752594516889234.0 7702565021696596.0 7621253605916666.0 7561785641566190.0 7461749030408696.0 7384983281293100.0 7342387793850399.0 7296111813806244.0 7245178703647811.0 7188129631723908.0 7122658998525285.0 6947060791788592.0 6811888505642934.0 6582142410644353.0
53700.00752320459 8805488731087070.0 8702911019270755.0 8593438906252983.0 8475734729358018.0 8347851305439245.0 8207151497194431.0 8049290776322108.0 7961840098253633.0 7866805028516896.0 7761820453654533.0 7692626402472669.0 7643225164022514.0 7562932128514213.0 7504201206144121.0 7405466584778028.0 7329749400138770.0 7287756454440428.0 7242164276958922.0 7192009308360374.0 7135873172666417.0 7071501200693178.0 6899122347809791.0 6766666167898904.0 6542174606504571.0
53900.007551223986 8737170993652854.0 8635279398309375.0 8526663894852675.0 8409832482686681.0 8282681947352987.0 8142926371450560.0 7986231901506561.0 7899357057522937.0 7805023186619628.0 7700902453669147.0 7632329674381951.0 7583370679851026.0 7503879312961407.0 7445805028674388.0 7348304447910916.0 7273669708227552.0 7232335866664415.0 7187514274425055.0 7138274986975005.0 7083250369307200.0 7020271034112658.0 6852115390555185.0 6723049337391801.0 6503116614712067.0
54100.00757924339 8651094839387918.0 8550825396086633.0 8443697473852640.0 8328377675585810.0 8203246747473431.0 8065558125033919.0 7911161360736704.0 7825597023990198.0 7732513363124219.0 7629877120746959.0 7562243162827496.0 7513978165837284.0 7435584396595883.0 7378310457637659.0 7282168863234596.0 7208598909934997.0 7167872183938246.0 7123720968947026.0 7075241713329300.0 7021099182037767.0 6959173994645008.0 6794106893134581.0 6667611023503002.0 6452036977972398.0
54300.007607262785 8495827054282177.0 8399190893621861.0 8295854362932338.0 8184719947150282.0 8064132505090666.0 7931390809191222.0 7782268217916696.0 7699555779429868.0 7609557245949744.0 7510098187171372.0 7444493772126070.0 7397645836555325.0 7321452482155200.0 7265698428653169.0 7171905370290283.0 7099944411439899.0 7060019870452292.0 7016664848383591.0 6968960894350587.0 6915545923892252.0 6854256991438355.0 6689656970230234.0 6562055650218615.0 6341063868150109.0
54500.00763528209 8496741046708217.0 8399331707090520.0 8294902155124641.0 8182410982431161.0 8060137183655991.0 7925614872012152.0 7774719828533215.0 7691067334101797.0 7600210557693784.0 7499959066347994.0 7433931875289497.0 7386851677591274.0 7310409349292169.0 7254625419456470.0 7161093115672474.0 7089658101927539.0 7050178311927291.0 7007432198088334.0 6960579201988924.0 6908356572694434.0 6848774332186538.0 6690672943832217.0 6569944503746391.0 6363325212602554.0
54700.00766330149 8400906758123111.0 8304546518874960.0 8201173595365094.0 8090150536719117.0 7969681810670941.0 7837071576478904.0 7688369251667012.0 7605968679305753.0 7516479484335638.0 7417790999471782.0 7352838288598457.0 7306484330002268.0 7231298268438398.0 7176413928321376.0 7084432575462181.0 7014185645775652.0 6975358131102548.0 6933316847751583.0 6887223393679213.0 6835829643067685.0 6777170075731504.0 6621355505062960.0 6502217369218362.0 6298176088536887.0
54900.00769132089 8308311093363384.0 8213639642600343.0 8112420268888276.0 8003538471860483.0 7885169282382560.0 7754947977694255.0 7608815632082275.0 7527674393481045.0 7439632272100318.0 7342414929940100.0 7278357750358248.0 7232670449735647.0 7158469178720981.0 7104289913207871.0 7013472610191822.0 6944085251641170.0 6905734072095753.0 6864209291722897.0 6818689743253405.0 6767946979682850.0 6710048680107753.0 6556342309622359.0 6438756189807060.0 6236223806630633.0
55100.00771934029 8250159279064615.0 8155440584924873.0 8054453036241807.0 7945585354216602.0 7827535724505860.0 7697621011261473.0 7551965675985638.0 7471347292886807.0 7383759486009081.0 7287175204938875.0 7223643668485169.0 7178329580744130.0 7104881789932741.0 7051314204303900.0 6961632575314781.0 6893253672106304.0 6855507303114412.0 6814688222038833.0 6769997592335454.0 6720264405296716.0 6663627537205681.0 6513920318708971.0 6400037102255101.0 6204620218992269.0
55300.00774735968 8254776882701470.0 8160095489592708.0 8059550034976883.0 7950746716958003.0 7832288065742794.0 7701791521783026.0 7555382779234518.0 7474070568594314.0 7385793468492392.0 7288441356257283.0 7224378234277647.0 7178727310113872.0 7104724699030275.0 7050848401861204.0 6960830391761395.0 6892430898160582.0 6854792566080717.0 6814193183687478.0 6769896179479169.0 6720805358970377.0 6665211947345234.0 6520126605297813.0 6411761193495058.0 6229525781260067.0
55500.00777537909 8063882143098826.0 7972774365186685.0 7875417684878655.0 7770684810073362.0 7657045725914390.0 7531963970617045.0 7391586265245564.0 7313732143982860.0 7229103026026622.0 7135771401829621.0 7074283897641411.0 7030430241931503.0 6959246712501355.0 6907315716918633.0 6820287442198791.0 6753881228155596.0 6717209072274111.0 6677541237197978.0 6634107372256845.0 6585759948780671.0 6530702525784588.0 6385212742569032.0 6274581733053491.0 6084352935931492.0
55700.007803398395 8084590561800810.0 7992492194729439.0 7893917388273002.0 7787861965254776.0 7672427727186740.0 7545255396421211.0 7402601643497151.0 7323488248744125.0 7237601020070671.0 7142962184468256.0 7080684836329834.0 7036359588568900.0 6964535654439031.0 6912255730612773.0 6824950531089390.0 6758661096061494.0 6722189426990300.0 6682871460353390.0 6639987722503825.0 6592483109838722.0 6538713589764480.0 6398531081444732.0 6293939624351166.0 6117938284789518.0
55900.00783141779 7954642934091032.0 7865658661619220.0 7770051604227313.0 7667474572883928.0 7555756627225647.0 7432652631192099.0 7294553128068892.0 7217986862218080.0 7134706293249813.0 7042822450016186.0 6982367358898884.0 6939252999248662.0 6869354458722952.0 6818409858112714.0 6733193638461783.0 6668331771812669.0 6632579641498059.0 6593981236805431.0 6551804304862118.0 6504987548671330.0 6451851855405761.0 6312512642847395.0 6207706642141405.0 6029772854347060.0
56100.00785943719 7896895786136557.0 7808455951175758.0 7713749050696744.0 7611906531568935.0 7501057786010338.0 7378995639776337.0 7241878930419441.0 7165721252011470.0 7082987798972442.0 6991694501653748.0 6931616040566976.0 6888739823933906.0 6819274600417318.0 6768645805236381.0 6684005484814392.0 6619641806200019.0 6584205717232614.0 6545978128361383.0 6504260064713902.0 6458020021636336.0 6405651884906109.0 6269021820378023.0 6167017264247825.0 5995035799413835.0
56300.007887456595 7798045835720603.0 7710425179568003.0 7617075499488640.0 7516655528426562.0 7407366079959652.0 7287239090029056.0 7152272201502959.0 7077477078670684.0 6996189154591192.0 6906554743065654.0 6847614561957197.0 6805569738636826.0 6737451542231178.0 6687825334875112.0 6604852108768519.0 6541736260473272.0 6506979063682032.0 6469458375661054.0 6428489334590043.0 6383049627825000.0 6331531318284614.0 6196794142745153.0 6095855585011533.0 5925002824061121.0
56500.00791547599 7779653284510102.0 7691860326937297.0 7598245856423378.0 7497509241461331.0 7387810951062748.0 7267063528949000.0 7131672181367000.0 7056536979977192.0 6974977648360421.0 6885144500145249.0 6826079580296835.0 6784003103745388.0 6715886902482761.0 6666320585711763.0 6583617259179241.0 6520892084130681.0 6486415851967916.0 6449287308048665.0 6408842511439737.0 6364116930519427.0 6313603657960581.0 6182678278934204.0 6085928999456744.0 5924959833424053.0
56700.007943495395 7708912442610565.0 7622734845724124.0 7530006099193948.0 7430030696495798.0 7321633072266380.0 7202151630856560.0 7068017303638464.0 6993693339406109.0 6912919008368593.0 6823923776832451.0 6765390621679725.0 6723705393529935.0 6656191554878953.0 6607070814616681.0 6525101607750615.0 6462936736723476.0 6428778107991070.0 6391985180338977.0 6351914620733273.0 6307610101875777.0 6257589345953168.0 6128049764430560.0 6032468584941193.0 5873764894721848.0
56900.007971514686 7584679913301346.0 7500334495969916.0 7410383249979732.0 7313578700655590.0 7208399032855455.0 7092481267661423.0 6962405796074523.0 6890271539103493.0 6811879111979733.0 6725425329643436.0 6668551286828798.0 6627986748485044.0 6562269363307702.0 6514420418533960.0 6434440442653451.0 6373663220436287.0 6340217560622799.0 6304152418423353.0 6264815519830812.0 6221245405593530.0 6171951334205258.0 6043691901957010.0 5948430605183267.0 5788971984697495.0
57100.00799953409 7577837448201453.0 7493331375371930.0 7402486026828081.0 7305063705418383.0 7199065972612935.0 7082004716097601.0 6950776381393475.0 6877988899976594.0 6798865002019427.0 6711679782572031.0 6654326899100985.0 6613462851450946.0 6547307743240547.0 6499179352993538.0 6418920759408512.0 6358096549728309.0 6324698374095521.0 6288758870657576.0 6249648982761790.0 6206460401643296.0 6157783126125435.0 6032228897023573.0 5940175709945414.0 5788548226782949.0
57300.00802755349 7497824486659506.0 7414744172860758.0 7325474600147699.0 7229478682461656.0 7124770429981862.0 7009826152038728.0 6880561160596294.0 6808901225964771.0 6731023158308221.0 6645179061275208.0 6588711309578636.0 6548498292737951.0 6483381180240504.0 6435997600282215.0 6356991911606564.0 6297109376012354.0 6264234550472522.0 6228854921637002.0 6190351468720116.0 6147837787805655.0 6099924405780875.0 5976403072223290.0 5885939634242393.0 5737202544208977.0
57500.008055572885 7433428444367825.0 7351035253457841.0 7262886527303886.0 7167827984114580.0 7064413777431131.0 6950558716979462.0 6822494785718066.0 6751380824068213.0 6674094791616773.0 6588869833276459.0 6532831135284212.0 6492891105099550.0 6428219154778761.0 6381188969377531.0 6302730892347807.0 6243273799235811.0 6210631242101057.0 6175509062561975.0 6137297261127405.0 6095116043449486.0 6047592900092749.0 5925187099193584.0 5835653715459030.0 5688636970423592.0
57700.00808359229 7350844339535514.0 7269576048232225.0 7182407574295232.0 7088792094940870.0 6987069653560520.0 6874981246576885.0 6749209044136936.0 6679505701451169.0 6603784965916151.0 6520357041406669.0 6465482011762500.0 6426407448993364.0 6363134987384165.0 6317120535243036.0 6240397690655476.0 6182255978509869.0 6150343818892791.0 6116000559683993.0 6078632174384512.0 6037380847224061.0 5990903915635946.0 5871201154399413.0 5783723061531524.0 5640551931546425.0
57900.008111611685 7318734603959233.0 7237688908822235.0 7151337255023262.0 7057898356222492.0 6956150477324310.0 6844051411447667.0 6718180728876653.0 6648254690332183.0 6572253909894602.0 6488541136510552.0 6433488243452214.0 6394290515663850.0 6330849302409742.0 6284741300330973.0 6207931489015949.0 6149819551333178.0 6117961014836212.0 6083716596311784.0 6046511896870167.0 6005512847886906.0 5959422612142432.0 5841302459069663.0 5755580826313611.0 5616382076643896.0
58100.00813963109 7218317256653621.0 7139024741489632.0 7054096990067174.0 6962614683027454.0 6863406617263197.0 6753853736263098.0 6631019780160057.0 6562982499639258.0 6488947928795916.0 6407392055085093.0 6353783401415193.0 6315586640721885.0 6253772263024120.0 6208813569194449.0 6133860614211233.0 6077092619545485.0 6045942105255344.0 6012431861991616.0 5975989345959842.0 5935782933411861.0 5890524743262245.0 5774228518210400.0 5689580735260201.0 5551892042621875.0
58300.00816765039 7162616140222903.0 7084103039846938.0 6999706078218813.0 6908866225393911.0 6810020482916353.0 6701358625693770.0 6579299987760216.0 6511608641277822.0 6438060092670974.0 6356976213009229.0 6303693581543503.0 6265750161953141.0 6204335867151211.0 6159687499263416.0 6085274047095659.0 6028956184699204.0 5998063618447054.0 5964848522831547.0 5928746959095039.0 5888939872517039.0 5844171125505887.0 5729321947017111.0 5645928939411793.0 5510659152293660.0
58500.00819566979 7112263905552932.0 7034067318554659.0 6950117727980685.0 6859755701199019.0 6761775953742038.0 6653725518722991.0 6532431809696897.0 6465202338240431.0 6392207440699892.0 6311772388340050.0 6258888569627309.0 6221240775237798.0 6160358851286621.0 6116107739855004.0 6042428636352839.0 5986709181008410.0 5956169898987800.0 5923351659561515.0 5887712142741746.0 5848451438368735.0 5804341859737799.0 5691497883106002.0 5609907438081808.0 5478404709768000.0
58700.00822368919 7023785030418938.0 6946661216915504.0 6864608483208514.0 6775856164583873.0 6679685149046593.0 6573780877738834.0 6454808855310336.0 6388915172143482.0 6317307027803697.0 6238426398782028.0 6186553725172869.0 6149633684474651.0 6089874456431314.0 6046421509235048.0 5974012417546094.0 5919209041403308.0 5889157926096138.0 5856842150285142.0 5821721544655652.0 5782996196826615.0 5739438133658498.0 5627709736839675.0 5546617174076468.0 5415321670525067.0
58900.00825170858 6960861228409719.0 6885068660131761.0 6804163614895911.0 6717091216108663.0 6622337393760551.0 6517877334483230.0 6400705449138652.0 6335711665223433.0 6265128946921732.0 6187296893643836.0 6136121154772428.0 6099683522125742.0 6040719029727021.0 5997855092409678.0 5926451129232386.0 5872419906981465.0 5842795637607871.0 5810951513380908.0 5776352359501618.0 5738220962671788.0 5695360833840976.0 5585587831404495.0 5506104021284018.0 5377818198146263.0
59100.00827972799 6916656893866973.0 6841083406296908.0 6760594481366195.0 6673406051948508.0 6578776571254023.0 6474471162891482.0 6357425224804890.0 6292468385241291.0 6221931001849024.0 6144209604511738.0 6093134103598101.0 6056778650953983.0 5997965121258424.0 5955235084257919.0 5884100468570146.0 5830334142783850.0 5800870292085296.0 5769220625256162.0 5734860489067340.0 5697023364579978.0 5654536603143333.0 5545980019153322.0 5467658302736789.0 5341886083122446.0
59300.008307747295 6852819912696347.0 6778394506646520.0 6698369787948287.0 6612365897890323.0 6518707153580595.0 6415746289420527.0 6300108072283361.0 6235999644443756.0 6166246096838675.0 6089478935979123.0 6038990253169309.0 6003051739900585.0 5944907948284320.0 5902657104885254.0 5832282076798272.0 5779076670297431.0 5749920493287757.0 5718596636745976.0 5684584360573261.0 5647133553537252.0 5605084250530912.0 5497694706881264.0 5420286657388806.0 5296145172886616.0
59500.00833576669 6777592200889550.0 6704253070913687.0 6625769931737091.0 6541431571901984.0 6449637366972457.0 6348518335112986.0 6234914711312204.0 6171920913931845.0 6103488367654653.0 6028038005276515.0 5978465845537911.0 5943161991927200.0 5886020165180271.0 5844493137361736.0 5775337039393323.0 5723026165262692.0 5694358074245315.0 5663551842073835.0 5630094200423003.0 5593244726678593.0 5551849612956953.0 5446019812119154.0 5369618427821091.0 5246893071962424.0
59700.00836378609 6742029557175826.0 6668489622175568.0 6590348836816698.0 6505632490044607.0 6413602433544374.0 6312451607075646.0 6198732897073424.0 6135645514711322.0 6067187875531385.0 5991721990575794.0 5942174060190024.0 5906907231798215.0 5849841971632148.0 5808415924362319.0 5739490640696443.0 5687438537362599.0 5658938273256930.0 5628340399943676.0 5595147654544586.0 5558636486812757.0 5517695186530268.0 5413405808281832.0 5338511255698970.0 5218975577645540.0
59900.008391805495 6680068784680764.0 6607801021895735.0 6530017298901447.0 6446284599308827.0 6355548385300967.0 6255512810142819.0 6143095054685021.0 6080773480435283.0 6013071838904369.0 5938500962821837.0 5889530408966228.0 5854680701081277.0 5798325028180486.0 5757400312798005.0 5689326663538721.0 5637912813244421.0 5609769955163694.0 5579559717226433.0 5546786900992730.0 5510744484526036.0 5470332857025630.0 5367439478824263.0 5293603616337351.0 5175921734662548.0
60100.00841982489 6617484476073731.0 6546076046996743.0 6469411085804349.0 6387035106416400.0 6297373380607826.0 6198659859668884.0 6087817571845915.0 6026407340821043.0 5959703003271602.0 5886188170884877.0 5837915123163265.0 5803580548677877.0 5748032087448552.0 5707706056808674.0 5640608437906774.0 5589949937604631.0 5562222703674335.0 5532453651830763.0 5500167051616962.0 5464656961716726.0 5424845882145289.0 5323509060263794.0 5250824259957743.0 5135069833048083.0
60300.008447844295 6557982674900061.0 6487090201546405.0 6410955072202220.0 6329183733409773.0 6240349905427959.0 6142461097366425.0 6032604880065217.0 5971672822050504.0 5905541349594308.0 5832689960835596.0 5784853068223645.0 5750808381937559.0 5695764341087953.0 5655798833242384.0 5589305160751950.0 5539111149507237.0 5511635766608241.0 5482146258868097.0 5450159054690223.0 5414983996367990.0 5375552042204732.0 5275185574874198.0 5203200677026352.0 5088557874478505.0
60500.00847586369 6484766399707692.0 6414838511877811.0 6339819766806131.0 6259239783214732.0 6171739438609451.0 6075376470227746.0 5967217261251731.0 5907317719448621.0 5842265245504865.0 5770630247737751.0 5723591548806945.0 5690103964401810.0 5635959094934192.0 5596628248533891.0 5531198291440488.0 5481769206954512.0 5454694193137134.0 5425621929444609.0 5394070532046450.0 5359347925031957.0 5320385348204561.0 5221005936964081.0 5149518403589100.0 5035316563292784.0
60700.00850388299 6428686552115072.0 6359593069805570.0 6285559619112817.0 6205996550403489.0 6119576200592748.0 6024348663341786.0 5917473673486791.0 5858265277188344.0 5793937959754331.0 5723102131363887.0 5676568329447540.0 5643466043353383.0 5589929774082286.0 5551054469348120.0 5486365477437522.0 5437502460775677.0 5410750889624515.0 5382028152654836.0 5350866259318981.0 5316582762321914.0 5278130120513940.0 5180154598669126.0 5109797988492031.0 4997665998462937.0
60900.00853190239 6364221961997026.0 6296037914613809.0 6223270994509680.0 6144940901762917.0 6059838410410456.0 5966252016034057.0 5861238427965720.0 5803020102596279.0 5739817441905891.0 5670211523023877.0 5624512506377063.0 5592014670146208.0 5539423934456961.0 5501239769992626.0 5437711061337273.0 5389731938638058.0 5363461989977138.0 5335257328028790.0 5304653722918850.0 5270985622832914.0 5233220150794732.0 5136981706464177.0 5067853736153323.0 4957685128756853.0
61100.008559921785 6295918784743998.0 6229087637948075.0 6157612749578061.0 6080760568173041.0 5997230479136933.0 5905166566346724.0 5801925878941541.0 5744644593055651.0 5682485327283687.0 5614006971229206.0 5569046586726917.0 5537036505814484.0 5485262365409800.0 5447652147915296.0 5385061199641378.0 5337766776303135.0 5311858254153501.0 5284036572327679.0 5253836994496382.0 5220596985362188.0 5183290958716847.0 5088114901372503.0 5019653918982920.0 4910405364594672.0
61300.00858794119 6260473925613836.0 6193452250235323.0 6121791204797075.0 6044511213101702.0 5960813729942750.0 5868558299121709.0 5765072975228153.0 5707698157837418.0 5645416237609201.0 5576894268025570.0 5531879773627628.0 5499861679320960.0 5448110385977014.0 5410552454287818.0 5348089912008529.0 5300943256396085.0 5275139249656373.0 5247441003589263.0 5217400714224739.0 5184367200722794.0 5147335386689906.0 5053084291780998.0 4985510799963995.0 4878100482406896.0
61500.008615960585 6211243046380983.0 6144691246105346.0 6073259866853612.0 5996821677287400.0 5913633970551498.0 5822031876343977.0 5719352702895302.0 5662393951565579.0 5600582643483868.0 5532555485054353.0 5487880055002526.0 5456106931660995.0 5404752518288093.0 5367461662042419.0 5305482084135110.0 5258721938634285.0 5233137700501955.0 5205684367467313.0 5175921804374696.0 5143205682886469.0 5106550944427639.0 5013371270989328.0 4946682813119829.0 4840881626595169.0
61700.008643979985 6158644105056654.0 6092907593195607.0 6022807452650429.0 5946920666734371.0 5864666341802149.0 5774165655626066.0 5672477721072686.0 5616151315497206.0 5554958462090797.0 5487617110465057.0 5443425819022447.0 5411980985175405.0 5361177191781898.0 5324288743672277.0 5263006599521861.0 5216780302833142.0 5191490832172962.0 5164363857567041.0 5134961343922085.0 5102653264278183.0 5066473187826501.0 4974612032846745.0 4908988636555919.0 4805123729760166.0
61900.00867199929 6108339480968684.0 6042994708284767.0 5973189496503021.0 5898224678261699.0 5816651598796060.0 5726742771169120.0 5625919872441517.0 5570035739641438.0 5509409756158696.0 5442647727038492.0 5398864038193749.0 5367709242015041.0 5317357219339728.0 5280836506056295.0 5220153713036968.0 5174406401898321.0 5149390013106433.0 5122561250850263.0 5093489637507876.0 5061559176848555.0 5025813032965336.0 4935106770810692.0 4870340848735109.0 4767841375273852.0
62100.00870001868 6055456855777495.0 5990720044296710.0 5921929461731435.0 5847985553388475.0 5767255337331145.0 5678348801469989.0 5578636186187296.0 5523371636118123.0 5463384529377745.0 5397323775689370.0 5353983019784401.0 5323134785837445.0 5273312917556660.0 5237149424162188.0 5177065673980816.0 5131766802221973.0 5106997104480912.0 5080434655414486.0 5051653709375693.0 5020044676626434.0 4984666027366401.0 4894949942448286.0 4830960228341782.0 4729841654208653.0
62300.00872803809 5981431443705622.0 5918812869859575.0 5851660030348130.0 5779446408057952.0 5700822699202963.0 5614468210132169.0 5517421223372545.0 5463632971481887.0 5405177590031445.0 5340806872875776.0 5298550724108005.0 5268473488694147.0 5219859892725773.0 5184571737708148.0 5125916463083269.0 5081661686039481.0 5057449863107357.0 5031478568621469.0 5003322793030762.0 4972380827008409.0 4937726160977734.0 4849702929605988.0 4786782846981238.0 4687143575635823.0
62500.00875605748 5923663417471485.0 5861358343042208.0 5794761101152435.0 5723450170236935.0 5645569584661670.0 5559949477506867.0 5463852887285424.0 5410563958830949.0 5352761021735807.0 5289094861382107.0 5247316087796926.0 5217583341474392.0 5169528484103337.0 5134653677271406.0 5076663483184307.0 5032903456159375.0 5008960282709334.0 4983265338015758.0 4955402299940282.0 4924771613509705.0 4890442270775389.0 4803116917095732.0 4740554599156962.0 4641215023943519.0
62700.00878407689 5871259094922177.0 5809487835514515.0 5743706857063737.0 5672713588330537.0 5595663219439611.0 5510973639611258.0 5415892783925523.0 5363233678580226.0 5306073272741456.0 5243146968797845.0 5201866090161753.0 5172482428669428.0 5125021838744302.0 5090585192478366.0 5033338459409549.0 4990148906024847.0 4966521679945925.0 4941169318437067.0 4913681194743368.0 4883465525838383.0 4849605893551041.0 4763500629910039.0 4701837299087000.0 4603975109897047.0
62900.00881209629 5836981169691721.0 5775518334326227.0 5709569855772026.0 5638589092329327.0 5561414511232012.0 5476643879337302.0 5381350281228193.0 5328531298555417.0 5271195037901440.0 5208098502316367.0 5166691396014481.0 5137228287544929.0 5089647058906410.0 5055126976319540.0 4997785341289764.0 4954552974418827.0 4930912823776394.0 4905562955381960.0 4878095428077214.0 4847921939670166.0 4814139877353009.0 4728389084821983.0 4667124869167855.0 4570124104759555.0
63100.00884011568 5775902454271752.0 5715239847565139.0 5650566695540874.0 5580644934686657.0 5504959135265905.0 5421507515821256.0 5327933369760501.0 5276036752945482.0 5219695276534389.0 5157709044090678.0 5117026735363070.0 5088102704934523.0 5041364436091231.0 5007463177139798.0 4951124809296634.0 4908650741726917.0 4885421716243383.0 4860507882282391.0 4833508621397413.0 4803844681748435.0 4770623677732672.0 4686236841365077.0 4625875684469795.0 4530162649846330.0
63300.00886813499 5743896518042673.0 5683288041481344.0 5618591682284637.0 5549144161846281.0 5473408451594655.0 5389961674459896.0 5296198561629243.0 5244332655239629.0 5188012246425655.0 5126000376499419.0 5085316461158421.0 5056381630089173.0 5009643781152967.0 4975746622194199.0 4919455223734342.0 4877050925083593.0 4853879447238315.0 4829042447715195.0 4802145520968411.0 4772622305712300.0 4739600512442039.0 4655954481860249.0 4596362242780203.0 4502281162929703.0
63500.008896154395 5682410435198589.0 5622774169125948.0 5559174142188717.0 5490492033324568.0 5415779132743743.0 5333619460407323.0 5241437268639467.0 5190313962034150.0 5134872614533452.0 5073803094166700.0 5033757882575238.0 5005254211276997.0 4959247876853635.0 4925866101000690.0 4870411825943997.0 4828607881899358.0 4805753863628482.0 4781244636952327.0 4754688889809308.0 4725516778968441.0 4692858037956338.0 4609949544972874.0 4550698165337379.0 4456836349826509.5
63700.00892417379 5639916534957652.0 5581366531384524.0 5518317384206854.0 5450659586887691.0 5377029209189567.0 5295924243180679.0 5204811003085068.0 5154289129100267.0 5099449925932032.0 5039043224184118.0 4999403299254485.0 4971213868688208.0 4925675107147622.0 4892639266428270.0 4837778496333906.0 4796448245216607.0 4773864882270533.0 4749658622980288.0 4723446413849048.0 4694679752593092.0 4662512194283961.0 4581082968232846.0 4523136591750065.0 4431795308229848.0
63900.00895219319 5580121959815867.0 5522040387328279.0 5459655807526092.0 5392741113455976.0 5319927026109107.0 5239788697611494.0 5149854086614739.0 5099969474283685.0 5045852468281373.0 4986301718483698.0 4947207305266777.0 4919404883822876.0 4874487881022774.0 4841895215960292.0 4787760956891982.0 4746947056549917.0 4724634140522322.0 4700705123293993.0 4674774516094621.0 4646291919631268.0 4614404381002083.0 4533458308504780.0 4475618520938336.5 4384027316340195.0
64200.008994222284 5515965742921770.0 5458570725477791.0 5397014200188204.0 5330997896560884.0 5259126418718392.0 5179841433583178.0 5090933027633681.0 5041614101938076.0 4988119594982352.0 4929207227771921.0 4890574843871305.0 4863082858222391.0 4818690477939116.0 4786490340748589.0 4733026344510953.0 4692746047339196.0 4670734683024548.0 4647139588352853.0 4621587867364064.0 4593542392574194.0 4562170130802299.0 4482680107480930.0 4426016941632166.0 4336486276261311.5
64600.00905026098 5413090338769231.0 5357296127370669.0 5297420048991250.0 5233009065468141.0 5162967999065640.0 5085807154387445.0 4999150747339605.0 4951079736089976.0 4898928396160707.0 4841517668100520.0 4803832494742020.0 4777044355424092.0 4733757979461562.0 4702360141060226.0 4650222015853311.0 4610939409303419.0 4589468082498700.0 4566448371120260.0 4541515899850495.0 4514141498309234.0 4483509444827115.5 4405821873571142.5 4350348865974409.0 4262484017085212.0
65000.00910629979 5315947336984341.0 5261472921378646.0 5203224654242636.0 5140625974288058.0 5072467197161884.0 4997327957989051.0 4912972663611824.0 4866182160298044.0 4815364350617238.0 4759411896380882.0 4722683623241617.0 4696563279403357.0 4654351184396067.0 4623734922233828.0 4572876513456614.0 4534547255093277.0 4513600649907527.0 4491142189955002.5 4466816198775709.0 4440106256603449.0 4410220407334191.5 4334433619747450.5 4280332601711284.0 4194662950052159.5
65400.00916233859 5231699015927122.0 5177749637941933.0 5120366147245295.0 5058461935663448.0 4991179552453686.0 4917001446156530.0 4833783670315370.0 4787598325001814.0 4737473360620809.0 4682315455806203.0 4646100179528786.0 4620356316661460.0 4578761944394787.0 4548599877401334.0 4498512785374215.0 4460784141046633.0 4440166757829059.0 4418068188960499.0 4394139303733926.5 4367874157438108.5 4338491453902088.5 4264012603227818.0 4210857865399670.5 4126674378553380.0
65800.0092183773 5143270867877761.0 5090624543940290.0 5034475240320987.0 4973901255780608.0 4907998394287245.0 4835498765772404.0 4753955966345358.0 4708765233108580.0 4659669470959031.0 4605641639803563.0 4570181417327312.0 4544958241557215.0 4504223468782551.0 4474677003073299.0 4425628721618650.5 4388685765833375.0 4368499872818226.0 4346864866543079.0 4323441141469031.5 4297734940418987.5 4268984941133164.0 4196147008611042.5 4144198069998636.5 4061960033936888.5
66200.00927441608 5051215197397795.0 4999858581970010.0 4944917718022227.0 4885827845003041.0 4821575748220130.0 4750712879074358.0 4671084984346824.0 4626944242555905.0 4579000215146118.0 4526237754541706.0 4491604461777809.5 4466973544970242.0 4427175951189166.0 4398312844617623.0 4350386485946588.0 4314275952688328.5 4294543288886101.5 4273390616744929.0 4250482441326901.5 4225335028334791.5 4197197826877115.5 4125843633490262.5 4074872467404951.5 3994020008961357.5
66600.00933045488 4966843291731785.0 4916641718288772.0 4862957245617606.0 4805021482046338.0 4742077640225642.0 4672712268397473.0 4594765540011628.0 4551541992649818.0 4504609351535721.0 4452926768009942.0 4419003291017608.0 4394881038053081.5 4355913673043391.0 4327647975763103.0 4280714488015021.0 4245358456397250.5 4226037215447419.5 4205327791709604.0 4182901723640550.5 4158286676270804.0 4130752081647674.0 4060966843908039.5 4011167681252235.5 3932287331168815.0
67000.00938649359 4880008029677295.0 4830980357483646.0 4778581508426824.0 4722073399020158.0 4660607152486858.0 4592893763224012.0 4516832005154238.0 4474647706264716.0 4428815538571409.0 4378360134077249.5 4345233895307931.0 4321686910856283.0 4283625129796346.5 4256019691915341.5 4210175204999549.5 4175636485330103.0 4156761677902753.5 4136528532579801.0 4114617412693718.5 4090565628644351.0 4063658982006875.5 3995449339663101.0 3946757777830108.5 3869593149238176.0
67400.00944253239 4793017994427756.0 4745185454852681.0 4694009696827345.0 4638920242259282.0 4579097587597164.0 4513088992162480.0 4438928576408891.5 4397756839756960.5 4353064124786813.0 4303862557929069.5 4271559511913270.5 4248585728552942.0 4211459230091698.0 4184520803891509.5 4139780343806372.0 4106061361700883.0 4087631638535894.0 4067872020839581.0 4046467952379258.0 4022965246880747.5 3996662614359572.5 3929927207172467.5 3882230844748226.0 3806553042269002.5
67800.00949857119 4715082858254090.0 4668130427667833.0 4617899227103932.0 4563799091706150.0 4505017622492024.0 4440145142229299.0 4367305902928941.0 4326897633824313.0 4283016104822532.0 4234688540725708.5 4202965694109777.5 4180408247245005.5 4143956931971748.5 4117517283053138.5 4073607003931414.5 4040515242949738.0 4022431098327953.0 4003042093670477.0 3982042334312700.5 3958984298887473.0 3933182705264994.0 3867725584914890.0 3820943659025299.0 3746697677901445.0
68200.00955460989 4634360230141194.0 4588438567133973.0 4539263441892979.0 4486391201421590.0 4428791031281242.0 4365399138331901.0 4294129876126545.5 4254610416671887.5 4211688688818511.5 4164433150948511.0 4133414814692204.0 4111354922169362.0 4075711846202833.5 4049859925832075.0 4006912084218067.5 3974548614567200.5 3956859563377153.5 3937892199773756.5 3917347445690540.5 3894785704827835.5 3869532528981777.0 3805431031826110.5 3759575312462047.5 3686714158103679.5
68600.00961064869 4557580386370656.0 4512690285806447.0 4464619563564857.0 4412883558544186.5 4356516896228845.5 4294541152693199.5 4224843486438612.0 4186175695637744.5 4144202290001501.0 4097964609373279.5 4067612842660047.0 4046024552426388.0 4011146720347287.5 3985839798621253.0 3943806721802242.0 3912127769400796.0 3894809230311766.0 3876240642944482.5 3856125636906681.0 3834035786068261.5 3809311739272047.0 3746564997808006.0 3701704879291963.0 3630510110536193.5
69000.00966668749 4479909274293186.5 4435890330757129.5 4388968339502484.5 4338336709080909.5 4283335292506222.5 4222680158650436.5 4154528668365196.5 4116731324425222.0 4075672563365931.5 4030456235727479.0 4000778125844747.0 3979665479488284.5 3945553538267526.0 3920801066520346.0 3879679552997284.0 3848679751645836.5 3831731107439792.0 3813556945433382.5 3793864231927684.0 3772234327247792.0 3748018029440312.5 3686515402298099.0 3642495911835275.0 3572541724111063.0
69400.00972272619 4403102558065229.0 4360175434449194.5 4314205314296975.5 4264862347239798.5 4211100206937519.5 4151892614685568.5 4085334898112821.5 4048417085874209.5 4008340432476082.0 3964174016868067.5 3935179578383007.0 3914559336021881.5 3881234851530039.0 3857050506991693.0 3816868558868887.5 3786569210285699.0 3770001708894405.5 3752231816381782.5 3732975353890145.5 3711819649681979.5 3688125570143537.5 3627907420824435.0 3584763077699616.5 3516122780547477.0
69800.00977876499 4333445084843195.0 4291265583907675.0 4246267603400992.5 4197723343297226.5 4144940107513548.5 4086806204840428.5 4021481501938294.0 3985242632073648.5 3945890104453274.5 3902547439430212.0 3874094416948698.5 3853854002380810.5 3821143927081608.0 3797409304301110.5 3757973826979051.0 3728240703224424.5 3711982266693268.5 3694544067380403.0 3675648875418198.5 3654890541387597.0 3631645105109635.0 3572586092798236.0 3530297128706406.5 3463080197565421.5
70200.00983480379 4254641709973944.0 4213796487590813.5 4170065271379368.0 4122929007149503.0 4071736384078236.5 4015269009115821.5 3951850055988326.5 3916687974917915.0 3878458504768501.5 3836349863657089.5 3808703689483742.5 3789030059554768.0 3757233891644471.0 3734156936472731.0 3695792621490936.5 3666851746628735.0 3651020716210005.0 3634035419781226.0 3615621737892619.5 3595382240298742.0 3572703784107204.5 3514997871063253.0 3473587792092238.5 3407600730060797.0
70600.00989084248 4190354746198183.0 4149919929776012.5 4106864765270346.0 4060421531794036.0 4009922538553314.0 3954259782409085.0 3891712901148309.5 3857032827040264.0 3819370165670315.5 3777875875293596.0 3750639882534627.5 3731262000044106.5 3699948333023418.0 3677221865349893.0 3639459000688531.0 3610978351163322.5 3595399659222335.5 3578689273449107.5 3560576529654790.0 3540670519761054.5 3518369799031900.5 3461647801046886.5 3420962677047509.0 3356163077938083.5
71000.00994688128 4121833339676941.5 4082241824206033.5 4040046509327787.5 3994641408255054.5 3945178930939054.5 3890668828156959.0 3829464425072032.5 3795488048413850.0 3758606123350095.0 3717975625462958.0 3691299817438632.0 3672325440675374.5 3641652111271372.5 3619394312353267.5 3582404719751140.0 3554502420883017.0 3539239348935382.0 3522864929021443.0 3505113987015579.0 3485602464190211.5 3463739068039645.5 3408102196719729.0 3368168302933153.0 3304519455963851.0
71400.01000292008 4054420649235438.5 4015792471796354.5 3974440467252195.5 3929933243689711.5 3881557087233906.0 3828279849964339.0 3768389257854455.0 3735157880867669.5 3699083367598651.0 3659327989890129.5 3633228636543850.5 3614665443161993.5 3584656309138703.5 3562872273209017.0 3526667870307798.5 3499354558398246.0 3484412065355085.0 3468378870950266.0 3450995869322475.5 3431887259410830.0 3410469788921246.5 3355948481972938.0 3316797619721518.0 3254375700780809.5
71800.01005895888 3988121295613375.0 3950167468417725.5 3909765563510364.5 3866194008967440.5 3818842861098303.0 3766664371524233.5 3708040638741952.0 3675534864884799.5 3640213971531030.0 3601315175392013.5 3575767374514275.0 3557593697188273.5 3528223145120463.5 3506902021924809.0 3471461453781954.0 3444716633690709.0 3430083679464959.5 3414381694933535.0 3397353878340976.0 3378630942040482.0 3357640864197185.0 3304171859893518.0 3265739770435468.5 3204402872513170.0
72200.0101149976 3924162110769937.5 3887027264285446.5 3847498909253092.0 3804836266520276.0 3758430706287536.0 3707332061094943.5 3649876743470994.0 3618011526020498.5 3583402799554386.5 3545276218286223.0 3520240795270823.0 3502429902722009.0 3473641381581952.5 3452740644620881.5 3417995581312811.5 3391776661888266.5 3377428416979906.0 3362030014005785.0 3345331894536154.0 3326968971761486.0 3306378956138605.5 3253907115181376.0 3216167337695791.5 3155883931529270.0
72600.01017103638 3860294132533922.5 3823916675803838.5 3785171401516144.0 3743394081002936.5 3698044194083769.5 3648058464384641.0 3591861184674237.0 3560682411249495.5 3526821119581463.0 3489530880901445.0 3465042007894375.5 3447613254389098.5 3419444646836625.0 3398995560171943.0 3364996404429313.0 3339333064208665.5 3325287242206549.0 3310212614985125.0 3293859461472752.0 3275873442607664.0 3255699803955226.0 3204256037352286.5 3167221677961031.5 3108009317864039.5
73000.01022707518 3799714535924372.0 3764071411781893.5 3726079564884273.0 3685131871403728.5 3640654508109646.5 3591601203924958.0 3536494849180649.0 3505917923512498.0 3472726273689629.0 3436162567012088.5 3412146018063408.0 3395056585388096.0 3367438005791426.5 3347383164950312.5 3314036350029156.0 3288865759097833.0 3275088724288248.5 3260300898760160.0 3244259607040004.0 3226612873108012.5 3206818449125525.0 3156328926372593.0 3119971850830825.0 3061836809675305.0
73400.01028311388 3736603945159314.0 3701782137872315.5 3664595219267224.0 3624613858176142.5 3581151194977270.5 3533279373015514.5 3479453914575396.5 3449619948178356.0 3417204355948569.0 3381494141592886.5 3358039421247130.5 3341351950481370.5 3314376539649631.5 3294788700299598.0 3262215539324743.5 3237619419249780.5 3224153253664131.5 3209696146405918.5 3194007681060081.5 3176744038513458.5 3157369292915729.5 3107893806274288.5 3072204814693956.5 3015019546918648.5
73800.0103391527 3679583970760578.0 3645416168308732.0 3608925485000419.0 3569607702149280.5 3526949299984203.5 3479907417039200.5 3427054231335713.0 3397745581971636.0 3365914676921718.0 3330847019752377.0 3307818420074987.0 3291426855338113.5 3264938234915749.0 3245702015740019.0 3213709520936723.5 3189551711037263.5 3176327252832181.0 3162126972962437.0 3146718199666947.0 3129761075237805.5 3110730227799971.0 3062132502257287.5 3027078059932025.5 2970922090355100.0
74200.0103951915 3618795927189900.5 3585369860116303.5 3549655836531646.5 3511305063198522.0 3469557749011260.0 3423556063538511.0 3371914871814615.0 3343272733555966.0 3312151008861151.5 3277891061185574.0 3255382906149326.0 3239371519710445.0 3213485080534654.5 3194692470344794.5 3163425603548909.0 3139811170449030.0 3126881307068435.0 3112994964681170.5 3097923013648677.5 3081330349769127.0 3062699667341800.5 3015064289493631.5 2980638280921044.5 2925360930406107.5
74600.01045123019 3560089488808690.5 3527597498158651.0 3492890600713652.5 3455457693544368.5 3414784920595881.5 3369930953999703.5 3319513550066821.0 3291528051503284.5 3261126950432167.5 3227654179639031.0 3205658722565925.0 3189997391576693.0 3164683671492199.5 3146300436030201.5 3115709054705368.5 3092596874156388.0 3079937296044528.5 3066338638412054.0 3051574302303882.0 3035316046590936.0 3017053568910342.5 2970323563872354.0 2936518768271732.5 2882193668096207.5
75000.01050726899 3508210397004001.5 3476130493925640.5 3441917517013353.0 3405042647757770.5 3364967870591740.5 3320784482154315.5 3271138657929703.0 3243607914568840.0 3213678569356703.0 3180719012985575.0 3159071205244464.0 3143667936768533.0 3118760759597368.5 3100667073529317.5 3070571723651361.5 3047831790045496.0 3035377772596460.5 3022000263997148.0 3007477693190468.5 2991486358038640.0 2973525092101431.5 2927577025943851.5 2894349366674022.0 2840975563933338.5
75400.01056330778 3453097525806091.0 3421569390794085.5 3387982123132847.0 3351738755552470.0 3312399215456585.0 3269027986649606.5 3220301554031608.5 3193251646952493.0 3163886155011235.0 3131519523116716.0 3110254114750658.5 3095117842847937.0 3070638636112275.0 3052846697218001.5 3023228259961298.0 3000828007353504.0 2988548205455910.5 2975348274052127.0 2961003747464405.0 2945187240514501.5 2927390822537288.5 2881651879930485.5 2848307330374947.0 2794062745338045.5
75800.01061934649 3398573108946022.5 3367589111580635.5 3334439127636609.0 3298836893134994.0 3260078370230935.5 3217333778169538.5 3169290994100663.0 3142618456562458.0 3113607641212327.5 3081615520787028.5 3060574189044388.5 3045585924056355.0 3021308994438928.0 3003642171795315.5 2974163918462312.0 2951795324244857.5 2939499140181299.0 2926248001543732.0 2911801661554133.5 2895807466725372.0 2877710955141425.5 2830546248454413.5 2795353981530565.5 2736161689597468.0
76200.01067538529 3344655794479853.0 3314216024304019.5 3281683881637985.5 3246670128907773.5 3208568847577576.5 3166564996415203.0 3119292706577609.0 3093042750068121.5 3064487554884807.0 3032974315414610.5 3012233639303028.5 2997445736236728.0 2973478114887168.0 2956016069012901.5 2926830212005233.5 2904633726655141.0 2892406500075158.5 2879206984513338.5 2864786748461118.5 2848776867155130.0 2830597204904705.0 2782808805218360.0 2746692104614012.5 2684984949282107.5
76600.01073142409 3291315769543071.0 3261338848829390.0 3229328966339499.0 3194853404246650.5 3157334315945100.0 3115948282616754.5 3069341549876344.0 3043437473845306.0 3015239613094893.5 2984087199361156.0 2963555957822507.5 2948904307695233.0 2925125712230797.0 2907771906472680.5 2878689192080574.5 2856490429537188.5 2844224990647810.5 2830948422171713.0 2816395794632597.5 2800171862487117.0 2781650097895783.0 2732352428998243.0 2694417945794957.0 2628208461168029.5
77000.01078746279 3237715390068306.5 3208335667516904.5 3176920812867252.5 3143097259258000.5 3106310144467071.5 3065704103599754.0 3019947295114560.5 2994503619793029.0 2966806019396537.0 2936174185776327.5 2915969278708132.5 2901543700712963.0 2878102364488136.0 2860974776629947.0 2832216977789313.5 2810209352975711.0 2798023106549386.0 2784808520324784.0 2770291908002680.0 2754063745816971.0 2735475100017985.5 2685642769728831.5 2646934475133249.5 2578665952969725.5
77400.01084350159 3187888971517135.0 3158895698510660.0 3127903145520443.0 3094540940994829.5 3058197529160979.0 3018066486908648.5 2972841747383490.0 2947660460237291.0 2920222483800452.0 2889856886450004.0 2869803396121349.5 2855466778184554.5 2832145098975916.0 2815072947889646.5 2786339519712180.0 2764272265904396.0 2752017722603987.0 2738695872637588.0 2724016598800228.5 2707544505649180.0 2688586074421480.0 2637216569099677.5 2596717014636313.0 2524036610375144.5
77800.01089954039 3138251125991805.5 3109747906968835.5 3079304927533923.5 3046484448598349.0 3010733225676797.5 2971254924277859.0 2926737721624831.0 2901947471739726.5 2874918224366214.0 2844982559345937.0 2825199264252585.0 2811045751818308.5 2788001937325617.5 2771113426534386.0 2742640537100655.5 2720722989797716.0 2708529004317278.0 2695252875597374.5 2680596970915905.0 2664115807413320.0 2645097239868770.5 2593289886192856.0 2552172795563234.5 2477835328174756.5
78200.01095557908 3090296291916985.5 3062317503069559.0 3032402179369610.5 3000151643024292.0 2965032352920643.0 2926229080955842.0 2882475461570274.5 2858103515647032.5 2831522035050062.0 2802060304348632.0 2782579959490788.5 2768639365984095.5 2745922184650022.0 2729260799018393.5 2701135644852487.5 2679450883752222.5 2667369796129556.5 2654201190567806.5 2639643925674600.0 2623244816963703.0 2604279796687384.5 2552363871878364.0 2510874120053375.5 2435237740215690.5
78600.01101161788 3042221348723335.5 3014686203069454.0 2985261953100282.0 2953515584987120.0 2918944537567159.5 2880741142714199.0 2837625254375120.5 2813591941155864.5 2787364522182085.0 2758271998861414.5 2739018057978102.0 2725226702997604.5 2702730363040741.5 2686206543757446.0 2658257256079943.0 2636648451779528.0 2624583295939942.0 2611407778883661.0 2596810189818967.0 2580321838680683.0 2561190889772469.5 2508453352274329.5 2465920236802163.5 2387593099566515.0
79000.01106765668 2997207958198574.5 2970222676586863.5 2941382873932422.5 2910292019585045.5 2876439844378994.5 2839027057611626.0 2796823517345044.5 2773300561942069.5 2747634489966215.5 2719172081210658.5 2700338823086198.0 2686851307587603.5 2664855427057943.5 2648702807472528.5 2621391501889982.5 2600286689400136.5 2588508388634932.0 2575650918850208.5 2561413062073179.0 2545341488372102.5 2526709779313848.5 2475440028363447.5 2434174437714766.5 2358302689881894.5
79400.0111236954 2951892454095424.5 2925381339956250.5 2896979801371771.0 2866400053803968.0 2833083998753478.5 2796240059966254.5 2754642710500152.0 2731443535157749.5 2706109499309081.5 2677987270294636.5 2659357682954999.0 2646003387866430.5 2624200177426180.5 2608164299211898.0 2580992842260320.0 2559933112895082.5 2548151064299833.5 2535262794662354.0 2520953820283184.0 2504750473044772.5 2485890415138563.5 2433533221242710.5 2390906341805356.0 2311597191303393.5
79800.01117973418 2909052395244555.0 2883050948514324.0 2855233839294836.5 2825239384527814.5 2792577068373467.0 2756459837994985.0 2715692326526939.5 2692965345514618.0 2668144945429738.0 2640601565636699.5 2622360561110359.5 2609288250639424.0 2587949542192099.0 2572260407995934.0 2545689904398453.0 2525110152763402.0 2513602782855980.5 2501020607651948.0 2487059522936375.5 2471260765159286.5 2452887427654107.5 2401978135625334.0 2360634414972431.5 2283928735074695.0
80200.01123577298 2865197673518326.5 2839756310677301.5 2812534098674948.5 2783206014511535.0 2751262165066151.0 2715956810810952.0 2676112706396765.0 2653900543427249.5 2629655766892393.0 2602753630028199.0 2584940200317905.0 2572177691778758.5 2551346448459384.5 2536034151123942.5 2510105313547793.0 2490026962967189.0 2478801450280283.5 2466528479210562.0 2452911894734687.0 2437504509478706.5 2419587929297709.5 2369952442696873.0 2329656584349252.5 2254950354437957.5
80600.01129181168 2824056969788309.5 2799156873272682.5 2772527183383356.5 2743823920160239.5 2712553250365115.5 2677997007573563.0 2638998986218402.0 2617261300374568.5 2593529162430293.5 2567198109030003.5 2549765104498135.5 2537273820020034.0 2516892416236662.0 2501912512811534.5 2476556801477167.5 2456930280098006.5 2445961370714700.5 2433972301290271.5 2420674392171095.5 2405632065223082.0 2388144212906291.0 2339697685289468.0 2300336764032583.0 2227251296539290.5
81000.0113478505 2785391400863650.5 2760888123244697.0 2734700852523182.5 2706494336278970.0 2675757242050981.5 2641796215816463.0 2603480627657228.5 2582123777865528.5 2558822531391900.5 2532980568340858.0 2515877259890943.5 2503627060042923.5 2483645948682415.0 2468969005328033.5 2444143894820720.0 2424947648388116.5 2414227571256518.5 2402517768437203.5 2389539348639392.0 2374871116466412.5 2357835828390184.0 2310741532036573.5 2272575829674408.5 2201897705885049.5
81400.0114038893 2744441312591671.5 2720556808094008.5 2695054357901599.5 2667565716866121.5 2637644558327647.5 2604593145732333.5 2567319027168998.5 2546557595907726.5 2523911715500350.0 2498813473659100.5 2482214804687858.0 2470333309146762.5 2450969591925162.5 2436761656514322.5 2412766375909633.0 2394251028531916.5 2383928924873739.0 2372670941856908.0 2360215594506925.5 2346169549837961.5 2329901446058127.5 2285191962647324.5 2249233807405075.8 2183176814409715.8
81800.0114599281 2707758539002197.5 2684258262994833.0 2659136074885030.0 2632084145733976.0 2602617839549246.5 2570064047509052.0 2533356199777919.0 2512904381860019.5 2490593190779602.5 2465863510703876.5 2449508401301926.5 2437801639675435.5 2418721512724528.0 2404719974000660.5 2381071787989081.5 2362822420979726.5 2352647239457013.5 2341547747648526.5 2329265155480436.0 2315409279764186.0 2299353010597445.5 2255150923431815.5 2219488160582392.5 2153682754518840.0
82200.01151596678 2670410048716260.0 2647344955365334.0 2622702173656980.0 2596154508247454.5 2567254034739832.0 2535337075844290.5 2499365976399123.5 2479333988347533.5 2457493839004011.0 2433301315446792.5 2417311971461925.5 2405871033951981.0 2387237856812043.5 2373576894118088.5 2350532229248377.5 2332777619272796.0 2322891788677448.5 2312120302174477.0 2300217075601310.0 2286811677174656.0 2271309494239364.0 2228825735307476.8 2194755997233702.0 2132329258647642.5
82600.01157200559 2632739409418323.5 2610120915175637.0 2585968953950608.5 2559942363915840.0 2531607395185830.5 2500324690704258.5 2465057201269759.0 2445420679641748.0 2424011770729055.0 2400290211659900.0 2384611261357751.0 2373393110120164.5 2355120047663276.5 2341722165860370.5 2319118667237709.5 2301702510296259.5 2292004337212714.5 2281436692821278.0 2269757661200820.5 2256603612103514.5 2241390156252208.0 2199680516078414.8 2166205837123962.5 2104809581914581.2
83000.01162804438 2595280702517030.5 2573061400811131.5 2549329314880100.5 2523766413680066.5 2495935882266769.5 2465203370987828.5 2430556196267441.0 2411262674592115.0 2390226031706282.0 2366917434828233.0 2351509258783450.0 2340482763285020.5 2322519645179095.5 2309346254495385.5 2287114753132225.0 2269977959254979.0 2260432327219333.0 2250027919389163.5 2238525966570358.5 2225566732714580.2 2210572709228916.5 2169439256654825.2 2136414219987681.0 2075848103880115.2
83400.01168408307 2557773773430604.5 2536030684364215.5 2512803677555967.5 2487791962624332.5 2460560358166492.0 2430495768471482.0 2396608049967668.0 2377738642418788.0 2357166976554393.0 2334376817850860.0 2319314643497955.5 2308535888072364.0 2290978952196417.0 2278105410579847.0 2256384492198065.5 2239646992465524.8 2230326263701942.0 2220169907460645.8 2208945834565674.2 2196305420322179.8 2181689392963349.2 2141657490375628.2 2109600420666502.5 2051016435155772.0
83800.01174012189 2521640370952786.5 2500292270210264.5 2477489966076783.0 2452939983509188.5 2426219571409653.0 2396719525870150.5 2363479572435885.5 2344977341595574.5 2324806905163367.0 2302466014309172.5 2287700511974853.0 2277136915959876.0 2259932135616519.5 2247318030145039.0 2226039265725921.0 2209645966601416.2 2200518692936805.5 2190574760727694.5 2179587807375448.8 2167217883094920.2 2152920098757568.5 2113797022390622.8 2082511130981390.2 2025407679152349.5
84200.01179616069 2487312974663559.0 2466271876493102.0 2443789283700525.5 2419575145573690.0 2393207197483392.5 2364092899740589.0 2331261286833478.5 2312970199145286.0 2293019038742403.5 2270902891332793.5 2256271867667055.5 2245796083224737.2 2228718141984575.8 2216181309715711.2 2194997257303673.0 2178640287688117.0 2169517121855138.2 2159563080701907.2 2148546349336693.8 2136117332193726.8 2121715937318905.5 2082108499985782.8 2050231533631784.8 1991652716547668.2
84600.01185219939 2452890377518989.5 2432249165064252.5 2410185774520088.5 2386431695778099.0 2360580105499426.0 2332037846962513.5 2299865523986644.5 2281949829696014.0 2262415643309784.5 2240769998321271.8 2226457549642463.8 2216213770540225.8 2199522135648216.5 2187276425198107.2 2166600391653251.2 2150652947577788.8 2141765994355623.0 2132076809969642.2 2121362382099866.5 2109287593028185.8 2095315046842840.5 2056996893044459.2 2026271214237629.2 1970016018586176.2
85000.01190823817 2418760906713096.5 2398458018228934.0 2376768178462316.0 2353408591263977.5 2327968726625737.5 2299886741229700.5 2268221185918604.0 2250584306775878.8 2231345506772817.2 2210020424713583.5 2195914246085903.2 2185815041514086.2 2169351438351520.5 2157266449437931.2 2136846932121664.2 2121082809621220.0 2112291931610026.2 2102702675425284.8 2092092995618742.0 2080129632759966.8 2066279130729172.2 2028283606287417.8 1997847138467536.2 1942291718443169.2
85400.01196427699 2385829813067701.0 2365898887642540.0 2344597130507846.5 2321669749283732.0 2296707531989014.5 2269140636888091.5 2238062693637892.0 2220755306903809.2 2201876233511991.5 2180950868681876.2 2167109300377863.0 2157199674533010.8 2141044772513169.5 2129187162127009.5 2109153682119004.5 2093688826322057.2 2085065660116614.0 2075660147773297.8 2065254764572086.8 2053523095816206.2 2039942492143650.0 2002692203477084.5 1972843376833997.5 1918273570239872.2
85800.01202031568 2353058370472142.5 2333459557135077.5 2312524038766074.0 2289972288638971.0 2265429918826652.0 2238319265815529.0 2207754052424080.8 2190727603429614.0 2172153092513605.2 2151560434899828.5 2137935281029554.8 2128178833127113.8 2112268852079875.0 2100586348762281.5 2080839157699681.0 2065585069561290.0 2057075181113781.8 2047789099158948.0 2037510955708692.0 2025916024264572.8 2012484541208548.2 1975594599637633.0 1945989734146085.2 1891794157194189.2
86200.01207635448 2320944497359453.0 2301701563462951.0 2281141053972699.5 2259006776994748.0 2234905910681901.0 2208290425370673.2 2178283048581240.5 2161565680882554.8 2143327320522559.5 2123107070945628.0 2109728110766129.5 2100146592274497.2 2084521565727109.5 2073046909203872.2 2053648268410788.2 2038661205463597.0 2030299202879690.0 2021173833983019.0 2011072849001682.5 1999677221052673.2 1986476482614786.0 1950228377389288.5 1921159994751020.5 1868019973513338.0
86600.01213239328 2288948705187020.0 2269999291777221.5 2249751454085404.5 2227945249273249.8 2204203179511576.0 2177974239350143.8 2148387590649272.5 2131901061813024.5 2113907752117236.2 2093944901343686.5 2080728066723329.2 2071257322283799.0 2055802000373526.8 2044441461452989.2 2025210207354802.0 2010326167575815.2 2002009873435415.2 1992923542354644.5 1982851439552651.8 1971468840976484.2 1958255632018138.8 1921812473464142.8 1892421506602983.5 1838367944244624.5
87000.01218843198 2258157029065853.0 2239544098831621.2 2219675864569814.5 2198265725089801.5 2174962973258375.5 2149224676726968.2 2120198791320065.2 2104025924331787.8 2086378249553652.5 2066805246068930.5 2053848895401897.5 2044565749082549.8 2029419423982982.2 2018288827537957.5 1999453550647356.0 1984882684294639.8 1976745206665245.2 1967857420993579.8 1958010183985019.8 1946888827366264.5 1933990145742432.2 1898492189830343.5 1869961605178617.5 1817727069803151.2
87400.01224447078 2228582395934113.2 2210329824533157.0 2190840903085182.0 2169845074177528.2 2147005579835107.8 2121778949882026.5 2093345267872897.2 2077509819641230.5 2060237717995525.8 2041091432419899.8 2028426461409445.0 2019357874481412.2 2004572599308228.2 1993718510059153.2 1975374581666533.5 1961210095459875.5 1953310636028380.5 1944693493019197.2 1935159695233919.2 1924410976639235.2 1911970583142810.2 1877886771610924.8 1850654072267730.5 1801125585688853.0
87800.0123005096 2197662860065930.2 2179689078219761.2 2160482344055040.8 2139800485759874.8 2117281669508621.0 2092407556448318.0 2064354712254424.0 2048719848837355.0 2031655935058661.2 2012723412715131.8 2000186467169809.0 1991202056402953.5 1976536807643915.5 1965754264315428.0 1947494975710073.0 1933356281484254.5 1925453696857992.2 1916817124342416.8 1907240884335779.5 1896415731834899.8 1883846578057411.0 1849175603975350.2 1821231963664350.2 1769943480744560.2
88200.0123565483 2167413263790867.5 2149783829735249.2 2130952730916421.5 2110667705012174.8 2088587824193849.8 2064197133348520.8 2036689305219502.0 2021356923054903.5 2004623974079611.2 1986057620129105.0 1973761366889375.0 1964948918522035.8 1950562737005084.0 1939983972200779.5 1922066112286376.2 1908187777647126.0 1900429043967148.8 1891948048437957.0 1882542204840601.0 1871906991865096.0 1859554610247406.2 1825461969555333.5 1797968853205139.2 1747494830763005.2
88600.01241258708 2138206874971905.8 2120963908867053.5 2102549575502009.0 2082718689008761.5 2061128755604236.8 2037287821966767.2 2010404541894272.2 1995427326260211.5 1979083317810054.2 1960955000042414.0 1948955422611207.2 1940358212296638.8 1926330141684636.8 1916021319191339.5 1898576389969288.0 1885081835497969.8 1877545715143541.8 1869315691507488.8 1860198382971354.2 1849903466390177.2 1837966745515996.5 1805140639994236.0 1778788072445658.2 1730617491996434.0
89000.01246862588 2110468163570664.8 2093514661207490.8 2075396632562741.2 2055894616657613.2 2034665900050632.0 2011233304611515.2 1984807122221896.2 1970085245276290.8 1954023579275178.2 1936209064868555.2 1924418228004356.0 1915971185144589.5 1902190576804615.0 1892064850302391.8 1874932034909648.0 1861681036297175.0 1854281667802583.8 1846201253351161.2 1837250198714183.2 1827143256766732.8 1815424380929517.8 1783197222003180.0 1757332408083981.8 1710107662489234.5
89400.0125246647 2083437204745373.5 2066674898915358.0 2048794657218069.2 2029514680868633.5 2008536332564039.0 1985361656675556.8 1959232756400495.5 1944672578449477.2 1928783112813077.5 1911155715491640.5 1899483642802907.8 1891118702178791.8 1877466237386621.0 1867428224481720.8 1850428507661295.0 1837265159868754.0 1829907640533993.0 1821866681663266.5 1812950812131142.2 1802872195324196.8 1791170515568839.8 1758905478332959.5 1732934299577143.8 1685416604714801.0
89800.01258070339 2055028531830654.2 2038612675589767.5 2021092424150672.8 2002225558484474.2 1981684141117795.0 1958998660200652.0 1933424814566254.2 1919176124258984.8 1903629514913109.8 1886385725834330.5 1874969061066095.2 1866789262737464.5 1853439375778957.2 1843626188168547.2 1827012310255006.0 1814151537538737.2 1806964656046147.8 1799111525496504.5 1790405315770618.5 1780565572555114.2 1769143172904296.0 1737654776978198.0 1712312159193996.2 1665956858842257.5
90200.01263674218 2030004481688280.0 2013848572130904.2 1996600275590204.2 1978027581742824.5 1957819552520947.0 1935511982965426.0 1910372960512970.8 1896367865844858.2 1881094576769648.0 1864160403965326.5 1852955372983694.2 1844930606023317.5 1831841329745247.2 1822227522457646.8 1805969329867153.5 1793403471506537.5 1786390521220585.0 1778735843728757.5 1770260986290756.5 1760698702785933.8 1749621401553002.8 1719222830426090.8 1694902509520143.5 1650688246947179.8
90600.01269278087 2004234523319712.0 1988332762335029.8 1971365023894796.0 1953091630021170.0 1933215804916412.0 1911275384067164.0 1886546680169921.8 1872778413564549.0 1857761807751050.8 1841115478149310.0 1830102553758536.0 1822216814583136.0 1809357636877095.0 1799914724846094.5 1783951695829253.0 1771620554225393.8 1764741305838899.5 1757235377913832.0 1748929216836650.5 1739562571059136.0 1728720189646628.0 1699022170238767.5 1675334206304304.5 1632466155611661.8
91000.01274881969 1976330627781292.5 1960762670314422.2 1944155256720384.2 1926269514057183.5 1906808050570141.0 1885328372952078.0 1861127472859050.8 1847653492444252.0 1832957758980071.5 1816666209172400.5 1805887240549825.8 1798168018099537.2 1785577155655934.8 1776329251597196.2 1760688418721270.0 1748598868586676.0 1741850553114024.8 1734484074521056.0 1726327374100712.8 1717122424255916.2 1706457199120372.2 1677184043448239.0 1653774466451495.0 1611313843606218.0
91400.01280485849 1950404550007626.0 1935072961397283.8 1918708668841611.8 1901083671076530.0 1881915800098455.5 1860771151606081.2 1836930756770905.8 1823657027455261.8 1809179086293423.8 1793128162450541.0 1782504257813691.2 1774894845146296.8 1762479550327684.8 1753355913221832.8 1737916133595138.8 1725970271055476.2 1719297369606673.0 1712008298631815.2 1703930901608321.8 1694806584632995.5 1684221931095823.2 1655093121707854.2 1631716891389471.5 1589158184374602.5
91800.01286089727 1927091038723421.0 1912017680219002.5 1895929564527738.5 1878620721012175.2 1859793924834778.0 1839020438754411.2 1815621597433200.5 1802597718271676.0 1788398675583475.5 1772667523096205.0 1762264122099276.5 1754816071034218.8 1742675686619203.8 1733764691390274.5 1718708591017593.2 1707084988129865.5 1700603625172413.8 1693533987240219.2 1685713456994471.0 1676897570476940.8 1666696573322409.5 1638773043524805.2 1616519231082209.5 1576323533947232.8
92200.01291693597 1902815967900037.5 1887973254640916.0 1872122044437608.0 1855059705802586.8 1836503767135020.0 1816025242730358.0 1792953262427762.2 1780107054109521.2 1766099975460394.5 1750574117346932.0 1740303198473621.5 1732948637365903.2 1720955302749058.8 1712147534866621.2 1697255532730469.8 1685747942935016.8 1679326145020301.2 1672316910235949.2 1664556744842196.8 1655800317094065.0 1645655016493980.0 1617801287051147.0 1595507199917599.0 1555024047964116.2
92600.01297297479 1878580529328350.8 1864006615059299.5 1848444366600061.2 1831699981166158.5 1813491649886945.8 1793400757669559.8 1770772156614529.0 1758180816313463.8 1744452193911601.5 1729244458190846.5 1719188128250643.0 1711989630359252.5 1700256356318341.5 1691644662066179.5 1677095990962199.8 1665866364492021.2 1659605470795091.0 1652777509408256.8 1645225669969088.8 1636714864643981.2 1626870626030464.8 1599950441971941.8 1578534600076533.5 1539967577831140.5
93000.01302901359 1856174065079063.0 1841805850597126.5 1826475430511331.0 1809969381574993.8 1792018724474075.5 1772211870793747.8 1749894683106433.2 1737471015630447.0 1723925039844155.0 1708916701093587.5 1698990392182055.8 1691885220342486.8 1680302222897502.8 1671800799955652.2 1657438350469503.2 1646353352591373.8 1640173354768559.5 1633434108319349.2 1625980745300764.2 1617581611188416.2 1607867005533857.2 1581302034656501.8 1560166621172415.5 1522105666688116.0
93400.01308505228 1831114034483477.0 1817035749926822.5 1801992126403527.0 1785820168127189.5 1768237100912573.2 1748843219756890.8 1727002180647121.8 1714851272506494.8 1701605535175499.8 1686931698796751.8 1677230301288573.8 1670286660874384.0 1658968417844937.2 1650662682763817.2 1636632810803070.8 1625805398569692.2 1619769664373867.8 1613188214506048.8 1605910150964670.8 1597709681310092.0 1588226714403768.0 1562310393168126.5 1541712958822418.2 1504683652497825.0
93800.01314109108 1807655449129880.5 1793796075585761.2 1779002417195112.0 1763089566375210.2 1745795066354305.5 1726713318058866.5 1705228705891773.2 1693273473079634.8 1680239266637206.0 1665798541331360.2 1656248523481881.5 1649411100851323.2 1638264170434641.0 1630080976510345.5 1616250493014297.0 1605568791163837.5 1599610608728795.2 1593110118408450.0 1585916919892981.5 1577805392436602.8 1568415571757527.8 1542692008277093.2 1522176648497886.5 1485142356081842.8
94200.01319712988 1787763133588034.8 1774105999411458.5 1759534645986018.0 1743853614676589.0 1726799106835915.2 1707988475689099.2 1686798696083886.5 1675008007018985.8 1662156730280128.5 1647922676829004.8 1638513133938330.2 1631781027881552.2 1620811726334225.8 1612766317412668.5 1599187228555580.0 1588720153319221.0 1582890891624611.0 1576539559819138.8 1569522652680780.2 1561625432733680.8 1552505505711907.5 1527647428413914.2 1507951408922589.0 1472644528715232.5
94600.01325316858 1762590383867386.5 1749223373738166.0 1734961647117984.2 1719622525881601.0 1702948185875693.8 1684567698013498.0 1663877728218381.0 1652370789511062.0 1639830377434462.2 1625944362898171.0 1616765409620125.8 1610197421090654.2 1599495397369110.2 1591644266493271.8 1578388919338769.0 1568166194580410.5 1562470748797035.0 1556263032347270.0 1549402045499780.0 1541676697345321.8 1532750717311034.5 1508398833294485.8 1489087495094331.5 1454461865948796.2
95000.0133092074 1743637987594450.2 1730435055897343.5 1716344243753279.0 1701180137812764.2 1684696432860065.5 1666512150742148.5 1646038599632280.0 1634647177191947.5 1622235897820154.2 1608492299134070.0 1599410820322217.2 1592913912518591.5 1582331804964562.2 1574573243478045.2 1561486834774923.5 1551407222854420.8 1545797505017257.5 1539688890950090.5 1532945237339794.0 1525362717812540.0 1516617236622825.0 1492855025506542.2 1474122739334721.0 1440786820105988.2
95400.01336524618 1722635892567924.5 1709658000881178.2 1695806487773850.5 1680916333165621.8 1664720294070530.8 1646854436520571.2 1626741610700988.5 1615555453758761.5 1603367741231007.2 1589876587231706.8 1580963406424909.8 1574588658382163.2 1564209385991733.8 1556603027186528.5 1543779698848660.2 1533911955398335.5 1528424169239811.5 1522451838071546.0 1515863449408502.2 1508462082670557.5 1499934830529288.8 1476818063817205.5 1458645518745482.8 1426397330123315.8
95800.01342128488 1698086102597082.0 1685375423947479.0 1671817082287869.5 1657233025346378.5 1641387125592976.8 1623921937336227.8 1604269526205508.5 1593338903941920.2 1581430306350999.0 1568244844474581.0 1559531189259046.8 1553296484244489.0 1543140180204752.2 1535691124606948.0 1523119642769279.5 1513430235872905.5 1508034765356016.5 1502156862227380.5 1495664404274802.8 1488359823522788.2 1479928860711469.0 1456987603872322.0 1438869756435520.0 1406577743765305.8
96200.01347732368 1680702187194408.5 1668149504591964.0 1654745004886225.8 1640326412560337.2 1624646788207525.8 1607356251445240.5 1587893668757706.0 1577069770486861.2 1565277146512506.2 1552223221272179.5 1543600950387196.2 1537433929188671.0 1527393965751216.8 1520036842890862.0 1507636515814424.8 1498096244607997.0 1492791394449527.2 1487019403450617.2 1480653134733355.8 1473503233015449.8 1465268514859584.5 1442962962742105.5 1425450115806743.8 1394428445308549.2
96600.0135333625 1656073929901321.8 1643807006665081.5 1630727651903150.2 1616664760233869.2 1601380265862579.8 1584538742187370.2 1565590958206851.0 1555058656518238.2 1543581851487934.5 1530878032985456.5 1522485076485723.8 1516480825517045.8 1506700912150565.0 1499530386217660.2 1487434375774556.0 1478117266757687.0 1472932033945041.0 1467286174239071.0 1461054149291433.5 1454048892684689.5 1445972964693490.2 1424063276847877.5 1406840465597977.8 1376327983268984.2
97000.01358940119 1639790957761465.2 1627633012126449.0 1614663814519670.8 1600715106903151.2 1585547439996129.5 1568830350620699.0 1550023915860279.5 1539567819526862.5 1528180793621695.0 1515579325424052.0 1507258416901526.0 1501309432473519.5 1491627569420983.8 1484536215468248.5 1472589724229882.8 1463405586096513.2 1458301910926192.0 1452751605263110.8 1446633892676643.2 1439768739678108.5 1431870369563610.8 1410532000673658.8 1393849145163163.2 1364480552284651.8
97400.01364543998 1617847101383286.0 1605962404180868.2 1593283886645457.8 1579652298351654.5 1564835730639306.0 1548500034136843.8 1530119079293604.8 1519897789945097.5 1508762661319483.5 1496438784752422.2 1488298138661865.2 1482475560855532.0 1472994827911842.5 1466046882155004.8 1454333719514455.5 1445319366476571.2 1440306076457985.5 1434850403931958.8 1428832186248825.2 1422072265055534.5 1414285944494801.0 1393197340939105.5 1376652924289865.5 1347406167625216.5
97800.01370147879 1596025259467135.0 1584392972684685.5 1571988916786948.0 1558654736718232.5 1544164736074355.2 1528196302646022.5 1510233304969150.2 1500244688832583.2 1489365631526220.0 1477322263185439.5 1469365180078922.2 1463673431459322.5 1454404088126278.2 1447609282739679.0 1436150535815570.5 1427330003558581.8 1422424079721443.2 1417085077334860.2 1411195969849723.5 1404582268859387.0 1396967442383984.8 1376375240761157.8 1360272625874389.0 1331960404683592.8
98200.01375751749 1581604644863205.0 1570017297383313.2 1557653879294893.2 1544355702829783.0 1529908594931190.5 1513981866334819.8 1496062299161156.2 1486101394970030.0 1475253151241136.0 1463250370803155.5 1455325840234503.8 1449660249042131.0 1440441122812414.2 1433689461896252.2 1422319108199046.8 1413581197909201.8 1408727238122091.8 1403450352038069.0 1397636426651562.0 1391115662536231.8 1383619033456934.2 1363401184352998.2 1347634979547513.5 1319964519693948.5
98600.01381355629 1562426680141193.0 1551022015585817.2 1538854659065157.0 1525773592106416.0 1511559663669811.0 1495890609192249.8 1478266869559547.5 1468471192778423.5 1457803171103424.2 1446002342737055.8 1438211232662553.0 1432641640401116.0 1423578057364924.8 1416940409866105.5 1405762437517477.5 1397172278464297.2 1392400595227512.5 1387213096983747.5 1381497923664989.5 1375088288429998.0 1367720196796533.0 1347857134576808.0 1332382359118411.2 1305276096131541.0
99000.01386959507 1542110132247939.2 1530947993419976.0 1519034735642148.5 1506221273732969.5 1492305597530905.5 1476968494245935.0 1459715601486146.8 1450124510356687.8 1439678197284533.8 1428117445991829.8 1420481964304076.0 1415022196558722.8 1406134458756946.2 1399623089919168.8 1388651303773890.5 1380214873100107.0 1375526654937217.5 1370428436517317.8 1364809922726724.0 1358507148326355.0 1351260239657402.8 1331724008755312.0 1316515895360776.5 1289931730560105.0
99400.01392563377 1522538353804142.5 1511567895307011.5 1499872495959272.8 1487296387137799.0 1473639641215017.8 1458591313633607.5 1441665277797583.5 1432256124832811.2 1422008797983030.8 1410666204034300.8 1403173992943147.5 1397816038673237.5 1389091715694300.8 1382697594991837.0 1371917938744703.8 1363622876854784.5 1359010291118536.0 1353991762846313.8 1348457687022635.5 1342244817214097.0 1335094767627960.8 1315781551025620.2 1300708070860240.0 1274283244674842.5
99800.01398167259 1508450778413349.8 1497562689226176.0 1485944957949048.5 1473452160871929.0 1459876820555436.5 1444912167453724.2 1428078348235419.0 1418721511861626.5 1408533199323157.2 1397262916271271.5 1389822987128020.8 1384504471340354.0 1375852488779289.2 1369518131431727.5 1358855245636614.2 1350667179222413.8 1346121775485462.5 1341183018474959.0 1335745762610243.5 1329653567370118.0 1322658793641736.0 1303857423847341.5 1289275223468232.5 1263880801727532.0
100200.014037711 1490703278498218.5 1479974255111015.0 1468536939842336.5 1456235496895492.5 1442864915918300.5 1428126571514427.0 1411548790889937.2 1402334082845888.8 1392298847909154.2 1381197321803972.5 1373868517190772.2 1368628628752012.0 1360104084538175.2 1353862469101914.2 1343354247013637.2 1335283003904532.2 1330801717342354.8 1325931995353455.2 1320569837130940.2 1314560616677420.2 1307659646577245.2 1289102323538676.5 1274702194985073.8 1249615061758502.8
200000.028019384 190920375302030.22 190156040222658.62 189337558976773.12 188452439237070.03 187482581016277.9 186400455530326.25 185159964146113.03 184456189027015.47 183674910160056.66 182788277678786.0 182187386031603.88 181748993799267.56 181017768349929.53 180466482793708.3 179503584046289.0 178730733796500.9 178288003196600.94 177795325215799.25 177238508622168.53 176596444345035.44 175835817557457.72 173678117896035.38 171916131803548.72 168752712058390.38
400000.056038768 23973315873015.062 23911752238163.93 23844492199494.938 23769992341229.457 23685964575177.668 23588815840757.594 23472422263174.688 23403736611833.07 23325070487268.273 23232592781251.863 23167949355131.965 23119788934396.918 23037626681512.465 22974229778996.18 22860736000161.367 22767386676965.574 22713130856732.91 22652175293442.516 22582650988366.176 22501795996758.473 22405283950585.79 22129295118434.85 21903723579033.285 21502080653719.887
600000.0840581519 7084011082602.416 7067872896662.543 7049985788714.525 7029862204406.947 7006780539026.7295 6979609457443.142 6946429073454.748 6926563913665.259 6903586728962.426 6876312041408.758 6857105484801.308 6842733289761.938 6818112169126.826 6799044101844.677 6764801893351.05 6736575874133.197 6720159030996.407 6701713080308.553 6680679480123.233 6656234796696.761 6627091962481.675 6544027247166.995 6476432400954.159 6356515167540.449
800000.112077536 2975898976402.88 2969293190729.678 2961920622594.363 2953567872153.165 2943919879874.5903 2932483891646.643 2918426387298.8545 2909972449796.1846 2900167688917.0557 2888502283765.5977 2880275888225.0396 2874116158240.0557 2863559941172.166 2855384053222.766 2840707474084.141 2828619696188.869 2821594664171.61 2813706571541.205 2804718784579.595 2794282363016.357 2781851649294.452 2746473179959.1875 2717715110309.9404 2666666642985.458
1000000.1400969197 1516739443614.0432 1513366255716.7832 1509589702589.976 1505298109196.6394 1500326904619.5073 1494419235854.5718 1487141714986.4116 1482759948613.61 1477675509844.026 1471625157583.117 1467359094262.1157 1464165580084.9875 1458694969686.792 1454460260430.0361 1446864074761.2283 1440613026605.3792 1436982083360.635 1432906562277.258 1428264511187.3755 1422876004896.049 1416459517880.9363 1398200288818.6833 1383347645632.0613 1356894014522.5352
1200000.1681163 873825139553.5557 871862081506.5255 869661194899.309 867156991769.0 864253106749.5052 860799397452.5256 856543000404.6841 853980213725.0276 851007072091.285 847470540916.1046 844978111612.9414 843112985822.11 839919279940.5128 837448163400.5773 833017494660.8866 829372878637.5614 827256303714.0599 824880800440.153 822175231647.917 819034581689.1421 815294393933.1758 804643882577.9471 795962758271.5933 780416391781.6224
1400000.1961356897 547936917543.40045 546691189381.31525 545293747086.9274 543703020483.26355 541857907691.53503 539663316299.06244 536959258918.5024 535331718842.041 533444250614.88995 531200105217.7712 529619117379.2031 528436333501.5176 526411514151.97107 524845155269.2764 522037159512.3113 519727507894.27563 518386170015.0581 516880644856.654 515165725807.1802 513174611983.73914 510802540286.464 504038732842.57904 498508166767.3919 488534328264.38196
1600000.2241550698 365599358115.8636 364758444409.6556 363814979819.81976 362740978887.38684 361495333559.7262 360014101948.8949 358189736183.9577 357092098096.8905 355819544557.77386 354306979905.68805 353241625604.22687 352444697115.4078 351080548202.48737 350025318770.4097 348133569377.3901 346577354813.08606 345673431388.0045 344658683718.1738 343502503124.16943 342159595390.1884 340558787053.35944 335985269786.4995 332230447984.4624 325403517907.4483
