mps-atlas-1 MH = -0.15  Teff = 4100 K  logg = 4.7
 1.0 0.9 0.8 0.7 0.6 0.5 0.4 0.35 0.3 0.25 0.22 0.2 0.17 0.15 0.12 0.1 0.09 0.08 0.07 0.06 0.05 0.03 0.02 0.01
90.90001426068909 0.0 0.0 0.0 0.0 0.0 0.0 0.0 0.0 0.0 0.0 0.0 0.0 0.0 0.0 0.0 0.0 0.0 0.0 0.0 0.0 0.0 0.0 0.0 0.0
93.50001691375978 0.0 0.0 0.0 0.0 0.0 0.0 0.0 0.0 0.0 0.0 0.0 0.0 0.0 0.0 0.0 0.0 0.0 0.0 0.0 0.0 0.0 0.0 0.0 0.0
96.10001003008598 0.0 0.0 0.0 0.0 0.0 0.0 0.0 0.0 0.0 0.0 0.0 0.0 0.0 0.0 0.0 0.0 0.0 0.0 0.0 0.0 0.0 0.0 0.0 0.0
97.7000182651065 0.0 0.0 0.0 0.0 0.0 0.0 0.0 0.0 0.0 0.0 0.0 0.0 0.0 0.0 0.0 0.0 0.0 0.0 0.0 0.0 0.0 0.0 0.0 0.0
99.60001433512298 0.0 0.0 0.0 0.0 0.0 0.0 0.0 0.0 0.0 0.0 0.0 0.0 0.0 0.0 0.0 0.0 0.0 0.0 0.0 0.0 0.0 0.0 0.0 0.0
102.00001238253698 0.0 0.0 0.0 0.0 0.0 0.0 0.0 0.0 0.0 0.0 0.0 0.0 0.0 0.0 0.0 0.0 0.0 0.0 0.0 0.0 0.0 0.0 0.0 0.0
103.80001568646998 0.0 0.0 0.0 0.0 0.0 0.0 0.0 0.0 0.0 0.0 0.0 0.0 0.0 0.0 0.0 0.0 0.0 0.0 0.0 0.0 0.0 0.0 0.0 0.0
105.60001899040198 0.0 0.0 0.0 0.0 0.0 0.0 0.0 0.0 0.0 0.0 0.0 0.0 0.0 0.0 0.0 0.0 0.0 0.0 0.0 0.0 0.0 0.0 0.0 0.0
107.70001966607597 0.0 0.0 0.0 0.0 0.0 0.0 0.0 0.0 0.0 0.0 0.0 0.0 0.0 0.0 0.0 0.0 0.0 0.0 0.0 0.0 0.0 0.0 0.0 0.0
110.40001508522998 0.0 0.0 0.0 0.0 0.0 0.0 0.0 0.0 0.0 0.0 0.0 0.0 0.0 0.0 0.0 0.0 0.0 0.0 0.0 0.0 0.0 0.0 0.0 0.0
114.00001215635099 0.0 0.0 0.0 0.0 0.0 0.0 0.0 0.0 0.0 0.0 0.0 0.0 0.0 0.0 0.0 0.0 0.0 0.0 0.0 0.0 0.0 0.0 0.0 0.0
117.80001383312899 0.0 0.0 0.0 0.0 0.0 0.0 0.0 0.0 0.0 0.0 0.0 0.0 0.0 0.0 0.0 0.0 0.0 0.0 0.0 0.0 0.0 0.0 0.0 0.0
121.30001813816598 0.0 0.0 0.0 0.0 0.0 0.0 0.0 0.0 0.0 0.0 0.0 0.0 0.0 0.0 0.0 0.0 0.0 0.0 0.0 0.0 0.0 0.0 0.0 0.0
124.80001290645798 0.0 0.0 0.0 0.0 0.0 0.0 0.0 0.0 0.0 0.0 0.0 0.0 0.0 0.0 0.0 0.0 0.0 0.0 0.0 0.0 0.0 0.0 0.0 0.0
127.10001818778797 0.0 0.0 0.0 0.0 0.0 0.0 0.0 0.0 0.0 0.0 0.0 0.0 0.0 0.0 0.0 0.0 0.0 0.0 0.0 0.0 0.0 0.0 0.0 0.0
128.400019514324 0.0 0.0 0.0 0.0 0.0 0.0 0.0 0.0 0.0 0.0 0.0 0.0 0.0 0.0 0.0 0.0 0.0 0.0 0.0 0.0 0.0 0.0 0.0 0.0
130.50002018999697 0.0 0.0 0.0 0.0 0.0 0.0 0.0 0.0 0.0 0.0 0.0 0.0 0.0 0.0 0.0 0.0 0.0 0.0 0.0 0.0 0.0 0.0 0.0 0.0
132.40001626001398 0.0 0.0 0.0 0.0 0.0 0.0 0.0 0.0 0.0 0.0 0.0 0.0 0.0 0.0 0.0 0.0 0.0 0.0 0.0 0.0 0.0 0.0 0.0 0.0
133.90002219220597 0.0 0.0 0.0 0.0 0.0 0.0 0.0 0.0 0.0 0.0 0.0 0.0 0.0 0.0 0.0 0.0 0.0 0.0 0.0 0.0 0.0 0.0 0.0 0.0
136.60001761136 0.0 0.0 0.0 0.0 0.0 0.0 0.0 0.0 0.0 0.0 0.0 0.0 0.0 0.0 0.0 0.0 0.0 0.0 0.0 0.0 0.0 0.0 0.0 0.0
139.80001500791198 0.0 0.0 0.0 0.0 0.0 0.0 0.0 0.0 0.0 0.0 0.0 0.0 0.0 0.0 0.0 0.0 0.0 0.0 0.0 0.0 0.0 0.0 0.0 0.0
143.30001931294896 0.0 0.0 0.0 0.0 0.0 0.0 0.0 0.0 0.0 0.0 0.0 0.0 0.0 0.0 0.0 0.0 0.0 0.0 0.0 0.0 0.0 0.0 0.0 0.0
147.200023292555 0.0 0.0 0.0 0.0 0.0 0.0 0.0 0.0 0.0 0.0 0.0 0.0 0.0 0.0 0.0 0.0 0.0 0.0 0.0 0.0 0.0 0.0 0.0 0.0
151.00002496933297 0.0 0.0 0.0 0.0 0.0 0.0 0.0 0.0 0.0 0.0 0.0 0.0 0.0 0.0 0.0 0.0 0.0 0.0 0.0 0.0 0.0 0.0 0.0 0.0
155.20002632067897 0.0 0.0 0.0 0.0 0.0 0.0 0.0 0.0 0.0 0.0 0.0 0.0 0.0 0.0 0.0 0.0 0.0 0.0 0.0 0.0 0.0 0.0 0.0 0.0
158.80002339179998 0.0 0.0 0.0 0.0 0.0 0.0 0.0 0.0 0.0 0.0 0.0 0.0 0.0 0.0 0.0 0.0 0.0 0.0 0.0 0.0 0.0 0.0 0.0 0.0
162.00003032509696 0.0 0.0 0.0 0.0 0.0 0.0 0.0 0.0 0.0 0.0 0.0 0.0 0.0 0.0 0.0 0.0 0.0 0.0 0.0 0.0 0.0 0.0 0.0 0.0
166.00002707078698 0.0 0.0 0.0 0.0 0.0 0.0 0.0 0.0 0.0 0.0 0.0 0.0 0.0 0.0 0.0 0.0 0.0 0.0 0.0 0.0 0.0 0.0 0.0 0.0
170.30003072496197 0.0 0.0 0.0 0.0 0.0 0.0 0.0 0.0 0.0 0.0 0.0 0.0 0.0 0.0 0.0 0.0 0.0 0.0 0.0 0.0 0.0 0.0 0.0 0.0
173.40002581868498 0.0 0.0 0.0 0.0 0.0 0.0 0.0 0.0 0.0 0.0 0.0 0.0 0.0 0.0 0.0 0.0 0.0 0.0 0.0 0.0 0.0 0.0 0.0 0.0
176.80002782089397 0.0 0.0 0.0 0.0 0.0 0.0 0.0 0.0 0.0 0.0 0.0 0.0 0.0 0.0 0.0 0.0 0.0 0.0 0.0 0.0 0.0 0.0 0.0 0.0
180.20002982310197 0.0 0.0 0.0 0.0 0.0 0.0 0.0 0.0 0.0 0.0 0.0 0.0 0.0 0.0 0.0 0.0 0.0 0.0 0.0 0.0 0.0 0.0 0.0 0.0
181.70002621855 0.0 0.0 0.0 0.0 0.0 0.0 0.0 0.0 0.0 0.0 0.0 0.0 0.0 0.0 0.0 0.0 0.0 0.0 0.0 0.0 0.0 0.0 0.0 0.0
186.10003217555297 0.0 0.0 0.0 0.0 0.0 0.0 0.0 0.0 0.0 0.0 0.0 0.0 0.0 0.0 0.0 0.0 0.0 0.0 0.0 0.0 0.0 0.0 0.0 0.0
191.00003057320998 0.0 0.0 0.0 0.0 0.0 0.0 0.0 0.0 0.0 0.0 0.0 0.0 0.0 0.0 0.0 0.0 0.0 0.0 0.0 0.0 0.0 0.0 0.0 0.0
193.90002106127596 0.0 0.0 0.0 0.0 0.0 0.0 0.0 0.0 0.0 0.0 0.0 0.0 0.0 0.0 0.0 0.0 0.0 0.0 0.0 0.0 0.0 0.0 0.0 0.0
198.40002932110795 0.0 0.0 0.0 0.0 0.0 0.0 0.0 0.0 0.0 0.0 0.0 0.0 0.0 0.0 0.0 0.0 0.0 0.0 0.0 0.0 0.0 0.0 0.0 0.0
201.80003132331694 0.0 0.0 0.0 0.0 0.0 0.0 0.0 0.0 0.0 0.0 0.0 0.0 0.0 0.0 0.0 0.0 0.0 0.0 0.0 0.0 0.0 0.0 0.0 0.0
205.00002871986896 0.0 0.0 0.0 0.0 0.0 0.0 0.0 0.0 0.0 0.0 0.0 0.0 0.0 0.0 0.0 0.0 0.0 0.0 0.0 0.0 0.0 0.0 0.0 0.0
210.50002186100596 0.0 0.0 0.0 0.0 0.0 0.0 0.0 0.0 0.0 0.0 0.0 0.0 0.0 0.0 0.0 0.0 0.0 0.0 0.0 0.0 0.0 0.0 0.0 0.0
216.20003868128896 0.0 0.0 0.0 0.0 0.0 0.0 0.0 0.0 0.0 0.0 0.0 0.0 0.0 0.0 0.0 0.0 0.0 0.0 0.0 0.0 0.0 0.0 0.0 0.0
219.80002621566598 0.0 0.0 0.0 0.0 0.0 0.0 0.0 0.0 0.0 0.0 0.0 0.0 0.0 0.0 0.0 0.0 0.0 0.0 0.0 0.0 0.0 0.0 0.0 0.0
223.00002361221797 0.0 0.0 0.0 0.0 0.0 0.0 0.0 0.0 0.0 0.0 0.0 0.0 0.0 0.0 0.0 0.0 0.0 0.0 0.0 0.0 0.0 0.0 0.0 0.0
226.80003482573997 0.0 0.0 0.0 0.0 0.0 0.0 0.0 0.0 0.0 0.0 0.0 0.0 0.0 0.0 0.0 0.0 0.0 0.0 0.0 0.0 0.0 0.0 0.0 0.0
230.00003222229196 0.0 0.0 0.0 0.0 0.0 0.0 0.0 0.0 0.0 0.0 0.0 0.0 0.0 0.0 0.0 0.0 0.0 0.0 0.0 0.0 0.0 0.0 0.0 0.0
234.00002896798097 0.0 0.0 0.0 0.0 0.0 0.0 0.0 0.0 0.0 0.0 0.0 0.0 0.0 0.0 0.0 0.0 0.0 0.0 0.0 0.0 0.0 0.0 0.0 0.0
240.00003362326098 0.0 0.0 0.0 0.0 0.0 0.0 0.0 0.0 0.0 0.0 0.0 0.0 0.0 0.0 0.0 0.0 0.0 0.0 0.0 0.0 0.0 0.0 0.0 0.0
246.50003071919295 0.0 0.0 0.0 0.0 0.0 0.0 0.0 0.0 0.0 0.0 0.0 0.0 0.0 0.0 0.0 0.0 0.0 0.0 0.0 0.0 0.0 0.0 0.0 0.0
252.40003307164395 0.0 0.0 0.0 0.0 0.0 0.0 0.0 0.0 0.0 0.0 0.0 0.0 0.0 0.0 0.0 0.0 0.0 0.0 0.0 0.0 0.0 0.0 0.0 0.0
256.80003902864695 0.0 0.0 0.0 0.0 0.0 0.0 0.0 0.0 0.0 0.0 0.0 0.0 0.0 0.0 0.0 0.0 0.0 0.0 0.0 0.0 0.0 0.0 0.0 0.0
260.00003642519897 0.0 0.0 0.0 0.0 0.0 0.0 0.0 0.0 0.0 0.0 0.0 0.0 0.0 0.0 0.0 0.0 0.0 0.0 0.0 0.0 0.0 0.0 0.0 0.0
264.00003317088897 0.0 0.0 0.0 0.0 0.0 0.0 0.0 0.0 0.0 0.0 0.0 0.0 0.0 0.0 0.0 0.0 0.0 0.0 0.0 0.0 0.0 0.0 0.0 0.0
268.50004143072096 0.0 0.0 0.0 0.0 0.0 0.0 0.0 0.0 0.0 0.0 0.0 0.0 0.0 0.0 0.0 0.0 0.0 0.0 0.0 0.0 0.0 0.0 0.0 0.0
273.50004213120496 0.0 0.0 0.0 0.0 0.0 0.0 0.0 0.0 0.0 0.0 0.0 0.0 0.0 0.0 0.0 0.0 0.0 0.0 0.0 0.0 0.0 0.0 0.0 0.0
278.50004283168994 0.0 0.0 0.0 0.0 0.0 0.0 0.0 0.0 0.0 0.0 0.0 0.0 0.0 0.0 0.0 0.0 0.0 0.0 0.0 0.0 0.0 0.0 0.0 0.0
284.00003597282694 0.0 0.0 0.0 0.0 0.0 0.0 0.0 0.0 0.0 0.0 0.0 0.0 0.0 0.0 0.0 0.0 0.0 0.0 0.0 0.0 0.0 0.0 0.0 0.0
290.00004062810694 0.0 0.0 0.0 0.0 0.0 0.0 0.0 0.0 0.0 0.0 0.0 0.0 0.0 0.0 0.0 0.0 0.0 0.0 0.0 0.0 0.0 0.0 0.0 0.0
296.000045283386 0.0 0.0 0.0 0.0 0.0 0.0 0.0 0.0 0.0 0.0 0.0 0.0 0.0 0.0 0.0 0.0 0.0 0.0 0.0 0.0 0.0 0.0 0.0 0.0
301.0000459838709 0.0 0.0 0.0 0.0 0.0 0.0 0.0 0.0 0.0 0.0 0.0 0.0 0.0 0.0 0.0 0.0 0.0 0.0 0.0 0.0 0.0 0.0 0.0 0.0
308.0000355204559 0.0 0.0 0.0 0.0 0.0 0.0 0.0 0.0 0.0 0.0 0.0 0.0 0.0 0.0 0.0 0.0 0.0 0.0 0.0 0.0 0.0 0.0 0.0 0.0
318.00003692142496 0.0 0.0 0.0 0.0 0.0 0.0 0.0 0.0 0.0 0.0 0.0 0.0 0.0 0.0 0.0 0.0 0.0 0.0 0.0 0.0 0.0 0.0 0.0 0.0
328.0000383223939 0.0 0.0 0.0 0.0 0.0 0.0 0.0 0.0 0.0 0.0 0.0 0.0 0.0 0.0 0.0 0.0 0.0 0.0 0.0 0.0 0.0 0.0 0.0 0.0
338.00003972336293 0.0 0.0 0.0 0.0 0.0 0.0 0.0 0.0 0.0 0.0 0.0 0.0 0.0 0.0 0.0 0.0 0.0 0.0 0.0 0.0 0.0 0.0 0.0 0.0
348.00004112433294 0.0 0.0 0.0 0.0 0.0 0.0 0.0 0.0 0.0 0.0 0.0 0.0 0.0 0.0 0.0 0.0 0.0 0.0 0.0 0.0 0.0 0.0 0.0 0.0
357.00005764399594 0.0 0.0 0.0 0.0 0.0 0.0 0.0 0.0 0.0 0.0 0.0 0.0 0.0 0.0 0.0 0.0 0.0 0.0 0.0 0.0 0.0 0.0 0.0 0.0
366.00003601668095 0.0 0.0 0.0 0.0 0.0 0.0 0.0 0.0 0.0 0.0 0.0 0.0 0.0 0.0 0.0 0.0 0.0 0.0 0.0 0.0 0.0 0.0 0.0 0.0
375.0000525363449 0.0 0.0 0.0 0.0 0.0 0.0 0.0 0.0 0.0 0.0 0.0 0.0 0.0 0.0 0.0 0.0 0.0 0.0 0.0 0.0 0.0 0.0 0.0 0.0
385.0000539373139 0.0 0.0 0.0 0.0 0.0 0.0 0.0 0.0 0.0 0.0 0.0 0.0 0.0 0.0 0.0 0.0 0.0 0.0 0.0 0.0 0.0 0.0 0.0 0.0
395.00005533828295 0.0 0.0 0.0 0.0 0.0 0.0 0.0 0.0 0.0 0.0 0.0 0.0 0.0 0.0 0.0 0.0 0.0 0.0 0.0 0.0 0.0 0.0 0.0 0.0
405.00005673925295 0.0 0.0 0.0 0.0 0.0 0.0 0.0 0.0 0.0 0.0 0.0 0.0 0.0 0.0 0.0 0.0 0.0 0.0 0.0 0.0 0.0 0.0 0.0 0.0
414.0000732589159 0.0 0.0 0.0 0.0 0.0 0.0 0.0 0.0 0.0 0.0 0.0 0.0 0.0 0.0 0.0 0.0 0.0 0.0 0.0 0.0 0.0 0.0 0.0 0.0
422.0000667502959 0.0 0.0 0.0 0.0 0.0 0.0 0.0 0.0 0.0 0.0 0.0 0.0 0.0 0.0 0.0 0.0 0.0 0.0 0.0 0.0 0.0 0.0 0.0 0.0
430.0000602416759 0.0 0.0 0.0 0.0 0.0 0.0 0.0 0.0 0.0 0.0 0.0 0.0 0.0 0.0 0.0 0.0 0.0 0.0 0.0 0.0 0.0 0.0 0.0 0.0
441.0000465239509 0.0 0.0 0.0 0.0 0.0 0.0 0.0 0.0 0.0 0.0 0.0 0.0 0.0 0.0 0.0 0.0 0.0 0.0 0.0 0.0 0.0 0.0 0.0 0.0
451.00004792491995 0.0 0.0 0.0 0.0 0.0 0.0 0.0 0.0 0.0 0.0 0.0 0.0 0.0 0.0 0.0 0.0 0.0 0.0 0.0 0.0 0.0 0.0 0.0 0.0
460.0000644445829 0.0 0.0 0.0 0.0 0.0 0.0 0.0 0.0 0.0 0.0 0.0 0.0 0.0 0.0 0.0 0.0 0.0 0.0 0.0 0.0 0.0 0.0 0.0 0.0
470.00006584555194 0.0 0.0 0.0 0.0 0.0 0.0 0.0 0.0 0.0 0.0 0.0 0.0 0.0 0.0 0.0 0.0 0.0 0.0 0.0 0.0 0.0 0.0 0.0 0.0
480.00006724652195 0.0 0.0 0.0 0.0 0.0 0.0 0.0 0.0 0.0 0.0 0.0 0.0 0.0 0.0 0.0 0.0 0.0 0.0 0.0 0.0 0.0 0.0 0.0 0.0
490.00006864749093 0.0 0.0 0.0 0.0 0.0 0.0 0.0 0.0 0.0 0.0 0.0 0.0 0.0 0.0 0.0 0.0 0.0 0.0 0.0 0.0 0.0 0.0 0.0 0.0
500.00007004845986 0.0 0.0 0.0 0.0 0.0 0.0 0.0 0.0 0.0 0.0 0.0 0.0 0.0 0.0 0.0 0.0 0.0 0.0 0.0 0.0 0.0 0.0 0.0 0.0
506.0000556302499 0.0 0.0 0.0 0.0 0.0 0.0 0.0 0.0 0.0 0.0 0.0 0.0 0.0 0.0 0.0 0.0 0.0 0.0 0.0 0.0 0.0 0.0 0.0 0.0
512.000079359019 0.0 0.0 0.0 0.0 0.0 0.0 0.0 0.0 0.0 0.0 0.0 0.0 0.0 0.0 0.0 0.0 0.0 0.0 0.0 0.0 0.0 0.0 0.0 0.0
520.0000728503979 0.0 0.0 0.0 0.0 0.0 0.0 0.0 0.0 0.0 0.0 0.0 0.0 0.0 0.0 0.0 0.0 0.0 0.0 0.0 0.0 0.0 0.0 0.0 0.0
530.0000742513679 0.0 0.0 0.0 0.0 0.0 0.0 0.0 0.0 0.0 0.0 0.0 0.0 0.0 0.0 0.0 0.0 0.0 0.0 0.0 0.0 0.0 0.0 0.0 0.0
540.0000756523369 0.0 0.0 0.0 0.0 0.0 0.0 0.0 0.0 0.0 0.0 0.0 0.0 0.0 0.0 0.0 0.0 0.0 0.0 0.0 0.0 0.0 0.0 0.0 0.0
550.000077053306 0.0 0.0 0.0 0.0 0.0 0.0 0.0 0.0 0.0 0.0 0.0 0.0 0.0 0.0 0.0 0.0 0.0 0.0 0.0 0.0 0.0 0.0 0.0 0.0
560.0000784542749 0.0 0.0 0.0 0.0 0.0 0.0 0.0 0.0 0.0 0.0 0.0 0.0 0.0 0.0 0.0 0.0 0.0 0.0 0.0 0.0 0.0 0.0 0.0 0.0
570.0000798552438 0.0 0.0 0.0 0.0 0.0 0.0 0.0 0.0 0.0 0.0 0.0 0.0 0.0 0.0 0.0 0.0 0.0 0.0 0.0 0.0 0.0 0.0 0.0 0.0
580.0000812562139 0.0 0.0 0.0 0.0 0.0 0.0 0.0 0.0 0.0 0.0 0.0 0.0 0.0 0.0 0.0 0.0 0.0 0.0 0.0 0.0 0.0 0.0 0.0 0.0
590.0000826571829 0.0 0.0 0.0 0.0 0.0 0.0 0.0 0.0 0.0 0.0 0.0 0.0 0.0 0.0 0.0 0.0 0.0 0.0 0.0 0.0 0.0 0.0 0.0 0.0
600.0000840581519 0.0 0.0 0.0 0.0 0.0 0.0 0.0 0.0 0.0 0.0 0.0 0.0 0.0 0.0 0.0 0.0 0.0 0.0 0.0 0.0 0.0 0.0 0.0 0.0
610.0000854591209 0.0 0.0 0.0 0.0 0.0 0.0 0.0 0.0 0.0 0.0 0.0 0.0 0.0 0.0 0.0 0.0 0.0 0.0 0.0 0.0 0.0 0.0 0.0 0.0
620.0000868600898 0.0 0.0 0.0 0.0 0.0 0.0 0.0 0.0 0.0 0.0 0.0 0.0 0.0 0.0 0.0 0.0 0.0 0.0 0.0 0.0 0.0 0.0 0.0 0.0
630.0000882610599 0.0 0.0 0.0 0.0 0.0 0.0 0.0 0.0 0.0 0.0 0.0 0.0 0.0 0.0 0.0 0.0 0.0 0.0 0.0 0.0 0.0 0.0 0.0 0.0
640.0000896620288 0.0 0.0 0.0 0.0 0.0 0.0 0.0 0.0 0.0 0.0 0.0 0.0 0.0 0.0 0.0 0.0 0.0 0.0 0.0 0.0 0.0 0.0 0.0 0.0
650.0000910629979 0.0 0.0 0.0 0.0 0.0 0.0 0.0 0.0 0.0 0.0 0.0 0.0 0.0 0.0 0.0 0.0 0.0 0.0 0.0 0.0 0.0 0.0 0.0 0.0
658.0001227013558 0.0 0.0 0.0 0.0 0.0 0.0 0.0 0.0 0.0 0.0 0.0 0.0 0.0 0.0 0.0 0.0 0.0 0.0 0.0 0.0 0.0 0.0 0.0 0.0
665.0000931644519 0.0 0.0 0.0 0.0 0.0 0.0 0.0 0.0 0.0 0.0 0.0 0.0 0.0 0.0 0.0 0.0 0.0 0.0 0.0 0.0 0.0 0.0 0.0 0.0
675.0000945654209 0.0 0.0 0.0 0.0 0.0 0.0 0.0 0.0 0.0 0.0 0.0 0.0 0.0 0.0 0.0 0.0 0.0 0.0 0.0 0.0 0.0 0.0 0.0 0.0
685.00009596639 0.0 0.0 0.0 0.0 0.0 0.0 0.0 0.0 0.0 0.0 0.0 0.0 0.0 0.0 0.0 0.0 0.0 0.0 0.0 0.0 0.0 0.0 0.0 0.0
695.0000973673589 0.0 0.0 0.0 0.0 0.0 0.0 0.0 0.0 0.0 0.0 0.0 0.0 0.0 0.0 0.0 0.0 0.0 0.0 0.0 0.0 0.0 0.0 0.0 0.0
705.0000987683289 0.0 0.0 0.0 0.0 0.0 0.0 0.0 0.0 0.0 0.0 0.0 0.0 0.0 0.0 0.0 0.0 0.0 0.0 0.0 0.0 0.0 0.0 0.0 0.0
716.0000850506029 0.0 0.0 0.0 0.0 0.0 0.0 0.0 0.0 0.0 0.0 0.0 0.0 0.0 0.0 0.0 0.0 0.0 0.0 0.0 0.0 0.0 0.0 0.0 0.0
726.0000864515729 0.0 0.0 0.0 0.0 0.0 0.0 0.0 0.0 0.0 0.0 0.0 0.0 0.0 0.0 0.0 0.0 0.0 0.0 0.0 0.0 0.0 0.0 0.0 0.0
735.0001029712358 0.0 0.0 0.0 0.0 0.0 0.0 0.0 0.0 0.0 0.0 0.0 0.0 0.0 0.0 0.0 0.0 0.0 0.0 0.0 0.0 0.0 0.0 0.0 0.0
745.0001043722049 0.0 0.0 0.0 0.0 0.0 0.0 0.0 0.0 0.0 0.0 0.0 0.0 0.0 0.0 0.0 0.0 0.0 0.0 0.0 0.0 0.0 0.0 0.0 0.0
755.0001057731748 0.0 0.0 0.0 0.0 0.0 0.0 0.0 0.0 0.0 0.0 0.0 0.0 0.0 0.0 0.0 0.0 0.0 0.0 0.0 0.0 0.0 0.0 0.0 0.0
765.0001071741439 0.0 0.0 0.0 0.0 0.0 0.0 0.0 0.0 0.0 0.0 0.0 0.0 0.0 0.0 0.0 0.0 0.0 0.0 0.0 0.0 0.0 0.0 0.0 0.0
775.0001085751129 0.0 0.0 0.0 0.0 0.0 0.0 0.0 0.0 0.0 0.0 0.0 0.0 0.0 0.0 0.0 0.0 0.0 0.0 0.0 0.0 0.0 0.0 0.0 0.0
785.0001099760818 0.0 0.0 0.0 0.0 0.0 0.0 0.0 0.0 0.0 0.0 0.0 0.0 0.0 0.0 0.0 0.0 0.0 0.0 0.0 0.0 0.0 0.0 0.0 0.0
795.0001113770509 0.0 0.0 0.0 0.0 0.0 0.0 0.0 0.0 0.0 0.0 0.0 0.0 0.0 0.0 0.0 0.0 0.0 0.0 0.0 0.0 0.0 0.0 0.0 0.0
805.0001127780208 0.0 0.0 0.0 0.0 0.0 0.0 0.0 0.0 0.0 0.0 0.0 0.0 0.0 0.0 0.0 0.0 0.0 0.0 0.0 0.0 0.0 0.0 0.0 0.0
815.0001141789899 0.0 0.0 0.0 0.0 0.0 0.0 0.0 0.0 0.0 0.0 0.0 0.0 0.0 0.0 0.0 0.0 0.0 0.0 0.0 0.0 0.0 0.0 0.0 0.0
825.0001155799589 0.0 0.0 0.0 0.0 0.0 0.0 0.0 0.0 0.0 0.0 0.0 0.0 0.0 0.0 0.0 0.0 0.0 0.0 0.0 0.0 0.0 0.0 0.0 0.0
835.0001169809279 0.0 0.0 0.0 0.0 0.0 0.0 0.0 0.0 0.0 0.0 0.0 0.0 0.0 0.0 0.0 0.0 0.0 0.0 0.0 0.0 0.0 0.0 0.0 0.0
845.0001183818969 0.0 0.0 0.0 0.0 0.0 0.0 0.0 0.0 0.0 0.0 0.0 0.0 0.0 0.0 0.0 0.0 0.0 0.0 0.0 0.0 0.0 0.0 0.0 0.0
855.0001197828668 0.0 0.0 0.0 0.0 0.0 0.0 0.0 0.0 0.0 0.0 0.0 0.0 0.0 0.0 0.0 0.0 0.0 0.0 0.0 0.0 0.0 0.0 0.0 0.0
865.0001211838357 0.0 0.0 0.0 0.0 0.0 0.0 0.0 0.0 0.0 0.0 0.0 0.0 0.0 0.0 0.0 0.0 0.0 0.0 0.0 0.0 0.0 0.0 0.0 0.0
875.0001225848048 0.0 0.0 0.0 0.0 0.0 0.0 0.0 0.0 0.0 0.0 0.0 0.0 0.0 0.0 0.0 0.0 0.0 0.0 0.0 0.0 0.0 0.0 0.0 0.0
885.0001239857738 0.0 0.0 0.0 0.0 0.0 0.0 0.0 0.0 0.0 0.0 0.0 0.0 0.0 0.0 0.0 0.0 0.0 0.0 0.0 0.0 0.0 0.0 0.0 0.0
895.0001253867429 0.0 0.0 0.0 0.0 0.0 0.0 0.0 0.0 0.0 0.0 0.0 0.0 0.0 0.0 0.0 0.0 0.0 0.0 0.0 0.0 0.0 0.0 0.0 0.0
905.0001267877128 0.0 0.0 0.0 0.0 0.0 0.0 0.0 0.0 0.0 0.0 0.0 0.0 0.0 0.0 0.0 0.0 0.0 0.0 0.0 0.0 0.0 0.0 0.0 0.0
915.0001281886819 0.3532911223282196 0.3041840092946603 0.2565401630803577 0.21075859435683209 0.1673169041608601 0.12678500027368086 0.0898471353823679 0.07298242022507825 0.05735373837699181 0.0431161670509664 0.03531961851636383 0.030462734156879896 0.02373091690143607 0.01963983741395715 0.014151030703433501 0.010956102326765098 0.00950602229187994 0.00815728675220151 0.006911493724400072 0.005769030411225704 0.004727799233050957 0.0029032605985842633 0.0020314317249137447 0.0009586504060019198
925.0001295896509 0.6978766918494634 0.6039614189004464 0.5125000507678467 0.424077668553209 0.3394426229282615 0.259573013845249 0.18577928772170288 0.151699867544768 0.11986944935655365 0.09063854753001716 0.07452267549830939 0.06443728392306869 0.05038801980892713 0.041800282322158766 0.030198310083338703 0.023386630619666993 0.02027566446134727 0.017368525244862498 0.014669406407359992 0.012180294077896617 0.00989858539340936 0.0058791841042048236 0.0039870843200392105 0.0017900815193688437
935.0001309906198 0.7091727016711437 0.6140988563541756 0.5217279797651884 0.4326105081650199 0.34743589865625546 0.2670783380142969 0.19267103021734577 0.15815634781752186 0.12575085793731794 0.0957633697773105 0.07909218890229636 0.06859178612892021 0.053853277613834676 0.04476409840919781 0.032356265626411904 0.024980451808137332 0.02158268201081519 0.018387774778851448 0.015402330074077134 0.012631869527709368 0.010079303038432375 0.005593777014352982 0.0035606175444212857 0.001418118903231529
945.0001323915889 0.8317829709500822 0.7177493790850438 0.6075685460463216 0.50186267440256 0.40140022367704664 0.3071562107882513 0.22041626971096429 0.18039063491902904 0.142965143192364 0.10849680064223853 0.08941530443056983 0.07742868917148436 0.060644185391446094 0.050312408817835184 0.03621803027418069 0.027833583295459347 0.023966698587003347 0.020327395472445282 0.01692410512179728 0.013764988457156496 0.01085618947889064 0.005766389156110222 0.003488156587967606 0.001191654078787837
955.0001337925579 0.8400964079744754 0.7250263969087409 0.6139570054826518 0.507463636286096 0.406269398564493 0.3113090816694279 0.2238262935251804 0.18339628587124315 0.14551744329993643 0.11050660534848489 0.09103104878812075 0.07874238258629701 0.06143183938986651 0.050694160135680066 0.03590667207808692 0.02701605666864329 0.022890853743707425 0.018996369425518887 0.015348665997501872 0.011967039357470672 0.00887507888979953 0.0036932691513889395 0.0017191872427204892 0.0003436463862809534
965.0001351935279 1.8293157399207163 1.5770657519184266 1.3340533818534015 1.101611709177783 0.8813820763932411 0.6754473579578124 0.48655014550061104 0.39961108329229383 0.318444246108092 0.24376170988260829 0.20240998990995673 0.1764078877117823 0.13991871729885655 0.11737214323169207 0.08641116982508115 0.0677925851388015 0.05911926166791162 0.05088066143373823 0.043080568344175334 0.03571446568189044 0.028760402114329044 0.0157830137886429 0.009369180501979832 0.00274837466717503
975.0001365944969 1.2847951526875865 1.1072137858255031 0.9369099867253762 0.7747874895154916 0.6219499695581813 0.4797567545262776 0.3498874373305008 0.2902036371677806 0.234411524132654 0.18284578930632098 0.15408995704188494 0.1358841349418139 0.11009435736436676 0.0939572618220941 0.07140313972725758 0.057485926973862546 0.050854729210521324 0.044426926871574554 0.03817932839987447 0.03207224988084119 0.026040102449103604 0.013734893267550266 0.007197042493518626 0.0012534644098112344
985.0001379954657 3.0658734583106786 2.6467611460084393 2.242562159399507 1.855335442281321 1.487646347308864 1.1427708973141195 0.8249951845047164 0.6779874616896333 0.54004408228009 0.4122078687329256 0.34086385809721464 0.29572192557101246 0.23190678707248447 0.19214603826138163 0.13707433963073817 0.1037124681196245 0.08814050498246033 0.07336763054419429 0.0594494418824 0.046453809753096646 0.034467365956279104 0.014082038812878788 0.006270428369003722 0.001072647260394204
995.0001393964347 4.818762884188747 4.156641094256434 3.5196276568044897 2.9108586177799536 2.3341822605184146 1.7944308336144852 1.2978242747081112 1.0681672173047585 0.852580519496038 0.6525696094422174 0.5407806472787825 0.46995926666378535 0.3696884443873283 0.30709806182392496 0.22020842998804963 0.16741838181967042 0.14272249644599982 0.11925033595045993 0.09708576746229691 0.07632968647425101 0.05710699354112731 0.024009352351931818 0.010910911755165653 0.001835608458639679
1005.0001407973998 4.915881954572223 4.247993573315009 3.6051465026906206 2.9904399583100707 2.4076631636438464 1.8615094326000894 1.3578575974839706 1.1242233869548661 0.9041663472844517 0.6989902710166882 0.5836683935370053 0.5102754742260794 0.4057766050567204 0.3400888925019545 0.24805706075124162 0.19142479123262077 0.16464560131696984 0.13895424392739072 0.11440580408546211 0.09106664402389088 0.06902726869788135 0.02960399109514735 0.013293050813358454 0.0019226502045929159
1015.0001421983698 6.573293345134512 5.669789446755935 4.803217259171449 3.97794941856695 3.199222581845909 2.47334013011171 1.8079106832112204 1.500674943020074 1.2121695246473456 0.9439103845955763 0.79338992929739 0.6976495820552303 0.5612911319087444 0.4754277843893726 0.35452554258860686 0.2793050849535889 0.2433026526085062 0.208342946414532 0.1743836500753887 0.14136644984491933 0.10923290200524076 0.04795107814316843 0.02063471210404277 0.0021976683940766566
1025.0001435993397 7.989843346699747 6.890118200662451 5.8356496564449065 4.831159865263163 3.882246295863439 2.9956070983197716 2.1793805323834365 1.8007600674054245 1.443828362185457 1.110505750012725 0.9228458226365521 0.8032824762379157 0.6328700496511843 0.5256648010667135 0.37545411971417786 0.2831687933167959 0.23966280154719347 0.19809427615017178 0.15865498429387756 0.12161880340968885 0.08740159714489038 0.030536790935864536 0.010881642567302254 0.0008381214934873321
1035.0001450003099 19.628351762445575 16.97508317420689 14.422560426628708 11.98226334500916 9.667970993262225 7.496411400397004 5.488181593241707 4.5531672812177515 3.6693257641313237 2.841377626464692 2.3738290257732846 2.075243515817294 1.6484313893406275 1.378924130741164 0.9993512899947044 0.7644043355450231 0.6529219306606215 0.5457798425679119 0.44333929129386507 0.34611336161480616 0.25489324021932735 0.09689185706751544 0.03747824170861832 0.003598764785319344
1045.0001464012798 26.163411875058372 22.72937277672866 19.410353768989264 16.21993314301877 13.174510031823711 10.294153535565282 7.603854074623337 6.339639574345722 5.135785524458164 3.998363519345563 3.350960878896859 2.9352452890910983 2.3374838969020306 1.957650256974389 1.4192577216050253 1.0839924680838766 0.9244572510146327 0.7709631482195888 0.6241880182726471 0.48508129768175795 0.3550519022281045 0.13265702786613068 0.0509990829166812 0.005112660864076009
1055.0001478022498 29.40256146198193 25.573604791292833 21.8676542023143 18.300032870650206 14.88922361222792 11.657725867387953 8.63328670732365 7.209334600853577 5.851217670336882 4.565562620720895 3.8324182980322425 3.3610031633992974 2.682085256524807 2.2498817984601303 1.6358025845461268 1.2521488129793705 1.069081323545721 0.892522607991768 0.7231914111479405 0.5621289967121517 0.4109616568942948 0.15141466724551347 0.05697239052606086 0.00527205058564476
1065.0001492032197 75.83076579682286 66.01394101477946 56.50234019840524 47.33448941926943 38.55720714870944 30.22828205994426 22.420484053769428 18.74043460230632 15.228542935327809 11.902644888382522 10.005530268631874 8.785421915237471 7.027660442142392 5.9080004790733645 4.3154012014690455 3.3184260858586336 2.841773288869734 2.381211870396654 1.9383805813097577 1.5156501712462604 1.1167476726059746 0.4216541878202349 0.16165621952348053 0.015941739892419152
1075.00015060419 96.44993195139317 84.11285326648581 72.1383128305631 60.572546615181274 49.47192817737742 38.90624895970347 28.963551583768467 24.260217500430397 19.758458268468246 15.479931862005271 13.031179432315222 11.452507767958195 9.1721862344905 7.715548961267722 5.637658816919012 4.333471019521128 3.709242359047625 3.1059037675843686 2.5259357567892584 1.9728852914568888 1.4521659120954398 0.5497835583528909 0.21307102995454436 0.021686342506650885
1085.0001520051599 202.92231103289166 176.69618372383727 151.27767513381593 126.7680858400206 103.29082476786907 80.99893940510007 60.08642994885923 50.223688732078315 40.80759895435024 31.88631828456928 26.79582522712003 23.521319743122653 18.80333592911252 15.798199339175987 11.52569614264902 8.854566982510402 7.5795018047509775 6.349447122552188 5.169283578066322 4.045790147762961 2.9890032362291383 1.1519587263177102 0.4561475097843651 0.04938789747426871
1095.0001534061298 266.8146060578169 232.2495163834587 198.75958860543764 166.4804553762325 135.57819959233342 106.26007195225024 78.79018333895596 65.85218659035417 53.51441660697565 41.84088981327474 35.18782140385917 30.911245737198275 24.75317749811239 20.832274878189285 15.256879568850142 11.767120606040804 10.098524352795625 8.485888804928148 6.934556476088239 5.452106942673042 4.050255124195063 1.5855415221155669 0.6369556354515303 0.0711922614712066
1105.0001548070998 346.4142488524634 302.4959197475123 259.81015585637334 218.51979750885104 178.82435149928037 140.97230469549956 105.27924442490958 88.36620066389229 72.15789260907663 56.731523129782175 47.89032348900955 42.18441140291766 33.931010467736 28.64898283194896 21.09291331912242 16.329347720255416 14.040062456602103 11.819105895980442 9.673669793234449 7.614288370610405 5.657776941724218 2.197659521972379 0.8664452987883614 0.08967329697921875
1115.00015620807 453.31980854375615 395.730073584464 339.777623987211 285.67321750416716 233.67582292204432 184.10926126784548 137.38632525042547 115.25346839712898 94.04751996932208 73.8693508114967 62.30722510445411 54.84653221916116 44.057608987608184 37.15583105179598 27.291333892625556 21.083445689075663 18.105706770838797 15.222264922499626 12.443916894156883 9.78596120068938 7.271561092927983 2.853751894811746 1.1503039531014463 0.12720078795071113
1125.0001576090297 1089.670745239345 951.8129414438539 817.7614160894668 688.0334319687084 563.2665708608914 444.2611383133639 332.0419055571115 278.88137780733183 227.95584130712217 179.51556073458877 151.77031655925265 133.8719634399579 107.994176402882 91.43957524400717 67.76240246111713 52.82998791688168 45.6469759656231 38.66917657477806 31.913288290571803 25.402886112368797 19.175147359363045 7.902052992939754 3.3100812801307615 0.385996749072024
1135.0001590099998 1799.9851051196704 1574.4489396267968 1354.9036578768792 1142.1620760018318 937.2261632548565 741.3538708401761 556.156560968569 468.1969792982989 383.75333382282196 303.21946517090225 256.9740284292054 227.08516241642394 183.77705531481342 156.00131940668848 116.15225917462435 90.92422123737585 78.75404886369053 66.904918046961 55.40219394958008 44.28141973467214 33.59841233647644 14.058397135829972 5.946062971426574 0.6939037272759722
1145.0001604109698 2888.2969868949203 2528.5152531827107 2178.0215631341653 1838.1185013320683 1510.4173749379495 1196.9471210122574 900.3104319279491 759.3304231481303 623.9214627838803 494.7077422104344 420.4616879472734 372.44845973660796 302.8195194502317 258.1042207728771 193.80287840603512 152.92379722074404 133.11967364702338 113.75814878309309 94.85676565673351 76.44168136043263 58.563025009385775 25.075947660159397 10.703473454673832 1.2245010338590165
1155.0001618119397 4073.439033495302 3569.4860262562042 3078.243481547613 2601.516959745083 2141.5394878520524 1701.1189070948192 1283.8455692493358 1085.2970424980656 894.3985637871239 711.9898061361581 607.0272559823483 539.0700555277077 440.3641434676892 376.84127066448036 285.2009352131467 226.64833249079794 198.151836214687 170.17552814764687 142.7158322174702 115.7718724984647 89.36536201807635 38.888203510984084 16.636998558092465 1.836503352844191
1165.0001632129097 4842.076771928213 4252.404090334632 3676.756022152625 3117.1210319399925 2575.9493699362997 2056.303475372767 1562.0634754230125 1325.9752961546244 1098.21604846729 879.6531479712396 753.3393106008713 671.2846036496219 551.6162987856607 474.21534465972087 361.8144745607114 289.3597593743873 253.85170950049687 218.7958080213169 184.16212160736495 149.92065928613715 116.06861020825048 50.402002767264015 21.1427521674036 2.1163273070334703
1175.0001646138799 7672.806156845976 6737.487767318714 5825.432956666964 4939.897185540799 4084.8723630615723 3265.308343706989 2487.3903198925527 2116.396950601348 1758.8522898366023 1415.9983355503127 1217.8808524261717 1089.1365192815201 901.1861192737989 779.3766557176473 601.7748252310573 486.4520217381048 429.5271399190277 372.9447461840728 316.5438315782102 260.12285003299166 203.47247710992414 89.95308087508857 37.46445656029107 3.4221961389556683
1185.0001660148498 9315.133139906957 8178.342271749774 7066.5755488691375 5983.4903998063955 4933.591210792216 3922.512885757046 2957.4603404429818 2495.0602068594044 2048.03425782084 1618.2903036314592 1369.7528280552556 1208.3562405894913 973.3546348967769 821.9014265791022 603.6733474901382 465.12460144444236 398.3024096615485 333.3711624328037 270.6186339610534 210.47158948423322 153.6021061777205 55.1291551623771 19.5312487931583 1.4754626475123989
1195.0001674158198 9109.548492816797 7972.441968656743 6864.295440299915 5788.8624122357205 4750.647078564623 3755.153962912853 2809.3333598453873 2357.829080920709 1922.526964874203 1505.3468646832775 1264.7673217216463 1108.8597794323696 882.3889622527498 736.8518743011621 528.0002629509984 396.3095765698949 333.2586856147194 272.46964139124356 214.40794491723562 159.76671391003893 109.60722723835909 30.338559954094045 7.654646098459051 0.1997483714728345
1205.0001688167897 4266.915130454531 3711.3724078517785 3173.523561793364 2655.207974691908 2158.633729567588 1686.5369773719904 1242.43048324814 1032.2740485508484 830.9911180475698 639.4768576720047 529.7323997856973 458.9264379554935 356.6168103214148 291.3309620280499 198.71906613819957 141.5307866983812 114.7485815892443 89.5023144833398 66.15537390226034 45.21007326395551 27.35077515210719 4.440363414350463 0.5626467045396956 0.0018332409616829634
1215.00017021776 0.0 0.0 0.0 0.0 0.0 0.0 0.0 0.0 0.0 0.0 0.0 0.0 0.0 0.0 0.0 0.0 0.0 0.0 0.0 0.0 0.0 0.0 0.0 0.0
1225.0001716187298 6657.462813947036 5785.568134612079 4942.1632962718495 4130.040645134283 3352.5475414633233 2613.810696106 1919.061477212261 1590.2363317371405 1275.1545561589016 975.1686763469295 803.1948895235377 692.2510608217144 532.0946575079305 430.1446515812139 286.37498409619303 198.6819492479008 158.1633439913146 120.48686005690345 86.31250152698905 56.50198184111495 32.12995196055861 4.038502994802636 0.37056633869978656 0.0004567058226964465
1235.0001730196998 35498.08954060267 31053.09077145863 26724.39182043774 22526.509219133277 18476.720946782178 14596.068320635239 10911.182641759684 9152.827302026717 7457.895522644129 5833.526288424187 4896.477280314311 4288.9140104423495 3405.577196786043 2837.15224003401 2019.940673543792 1503.6970122912594 1256.4134821302878 1018.1457200876464 791.0438732272294 578.365537693725 385.14545595583525 92.37502597239173 19.008208803861688 0.26427961175532916
1245.0001744206697 58383.87641898519 51447.41289664365 44678.42024325289 38098.1585273415 31731.44828671624 25607.066537690513 19757.550242615725 16946.511938356412 14216.31036926675 11568.738484910755 10018.95898387269 9000.725810262684 7492.530272701002 6496.493304428471 5006.9349513782945 4008.0975663208046 3504.0271575359825 2995.57209662165 2482.290508924547 1965.1194784034587 1448.4055272680807 484.82010701267296 138.6190751679481 4.079147906884227
1255.0001758216297 85685.76030522847 75479.1023680014 65499.80678497978 55778.70678650921 46352.59611818859 37265.56280495205 28570.50828639628 24389.229596177818 20330.199922522057 16402.073781638348 14111.068458882099 12611.68737214362 10404.025510645472 8958.569370595207 6824.814280621826 5420.013410473401 4721.168014870832 4024.0477595685047 3328.7733898542765 2636.922870310333 1953.587498245983 686.1880505739641 213.9458731450804 8.505497028382836
1265.0001772225999 117583.63881122944 103378.69464008138 89504.94853151437 76004.96743547027 62929.4946197567 50339.48434638153 38308.95835153422 32531.249453460547 26929.43079215226 21518.69954196513 18370.904281208543 16315.790784046112 13300.978409011004 11337.8555580053 8466.004920597223 6602.668241925046 5688.010655041066 4786.506123804655 3900.982293050178 3036.7575273015 2204.0537342425655 734.9755728397386 222.86105617736968 8.936987051599244
1275.0001786235698 154110.10738254766 135655.42255705217 117602.57622587375 100005.61878472313 82929.65963909907 66453.79588024349 50675.14251214848 43083.98507264163 35714.961653496175 28588.523765725775 24438.534269605152 21727.5243045105 17748.302983936584 15155.760448316329 11360.617119917575 8895.503018979472 7683.942061609154 6488.161526693775 5311.143746688802 4158.817177544506 3043.1494641827603 1048.0976823500173 330.9233992556968 14.876575058611898
1285.0001800245398 162868.00260742346 142985.55119214754 123592.22811195793 104747.41944394063 86522.1384490181 69002.25321071736 52293.196604513956 44282.81893587694 36527.69361026361 29050.975659472217 24709.707688406386 21879.915726311578 17737.417757830663 15047.714560687326 11129.964404626226 8604.92660032242 7372.849626714291 6164.997092797745 4986.7042705564345 3847.063859778386 2762.0949907161735 897.5485472623294 270.5789310883383 11.289204210410482
1295.0001814255097 203682.87397131685 179234.57752743378 155322.22411926946 132013.52706255775 109389.72605086157 87549.18834163582 66612.5696776968 56529.05314084482 46731.6755523862 37247.37414662287 31720.34825069381 28108.85012038711 22808.69120083181 19358.58178516272 14321.264726999874 11068.181465921853 9479.603945127834 7921.912662527287 6402.492184403822 4933.664543983483 3536.710478994332 1142.1762188316602 341.04272391319853 13.732445430262615
1305.0001828264797 266055.37695033156 233729.78024737362 202173.40188071982 171478.27133209226 141754.05244055873 113132.90353120673 85776.92076216733 72635.25438602288 59891.44784656661 47582.387800914104 40423.83397225599 35752.90325465613 28908.72215584082 24461.43024353976 17982.20679285843 13810.184373143005 11778.080300888132 9790.28365305728 7857.762472172857 5998.5743693242075 4243.3601153731615 1299.3703725052685 364.1335927778054 12.404897495381872
1315.0001842274498 323539.5522695662 284642.66322857107 246615.52473828208 209560.96575712366 173601.13698722483 138882.7893189091 105585.36559012947 89537.81692143991 73935.4231685884 58818.7601109447 50002.03735859271 44237.50641125652 35772.34045755272 30258.997557370665 22208.47034384308 17015.207096683087 14484.45016106462 12009.466096505283 9605.59830201055 7297.716666925904 5127.202695140729 1529.7150929852028 416.66361994497385 13.182948830506641
1325.0001856284198 356348.8447951111 313713.0572950467 271991.9292696739 231297.1572138768 191761.5933211388 153545.12116408965 116843.91643083967 99136.61864037317 81907.23846499468 65200.719297289215 55449.9655741923 49071.723291563685 39700.25915282677 33592.689642976424 24666.832050068402 18902.170948878324 16090.3571700592 13338.4833177549 10663.496213429084 8093.160983868831 5674.1754758578345 1669.3861655021992 443.93793857651156 12.999472668013937
1335.0001870293897 410536.0103568592 361452.7612957532 313416.7929820889 266550.9273038608 221000.81755540453 176941.02297945137 134584.29262594733 114125.41284754965 94198.91210030382 74853.92905349597 63551.405750833714 56153.62763811974 45279.875824594645 38193.55594103475 27849.367205593488 21190.343258934634 17954.864681329494 14801.01797488598 11752.315711969959 8845.336456584326 6138.183610838623 1755.4511524538757 456.64225063527516 12.564886883057179
1345.0001884303597 548848.3452715537 483723.8926116104 419915.9065682785 357583.8444690558 296916.4589331321 238139.66125830574 181529.06248566147 154141.12135293335 127433.243478473 101468.36174677301 86277.47834202081 76324.16572153688 61674.19797225311 52109.65579040129 38110.73433093399 29063.673539835185 24653.419023672956 20342.63989628244 16162.189598570187 12161.593578148368 8422.059607823638 2355.268658609801 586.5602877410574 13.92548729201246
1355.0001898313299 751262.8875019687 662328.9140442633 575154.8325735743 489946.4894807091 406946.2784810079 326442.6289069398 248785.20558715722 211156.5579003485 174414.8677316993 138641.98045357913 117686.25425191547 103945.58720203878 83710.63006320901 70498.90693798494 51182.64989591589 38739.05058867879 32696.64964138732 26814.44438285806 21142.33576162222 15756.963701165405 10778.004241390252 2898.2968632699185 696.4287640829104 15.341513191360226
1365.0001912322998 813822.5120933836 717811.8770724027 623660.1968426469 531586.9726971532 441850.05474475474 354755.2137975361 270671.437642753 229897.9444120636 190060.37418543306 151242.37281512236 128483.95641197177 113551.26450469614 91541.83324714466 77155.29208867332 56088.1847491209 42487.174657283904 35871.51205080105 29422.687857021734 23195.17369425392 17273.72232127512 11792.320055469054 3124.0342806288677 730.236765564677 14.465592838184053
1375.0001926332598 914903.1303410344 806997.1890828889 701163.4515680232 597633.8387469469 496678.8137083282 398617.39974270493 303833.33348029916 257814.89587028994 212806.18603231196 168895.85115554728 143124.6522290956 126204.80849363595 101256.76571289828 84951.00555724757 61107.21515939404 45775.03508440503 38353.975373022695 31157.926981647313 24261.07559931287 17774.49995879021 11865.78112551635 2896.5242148364546 620.2486701944198 9.92553920534293
1385.00019403423 1030580.0788775454 910035.4187246099 791673.8164420875 675755.3318873992 562583.3219333832 452515.58404084796 345982.66620263783 294203.67551173863 243519.99183749032 194024.55379301016 164943.4854204352 145831.19247555285 117606.77884405034 99115.59703141217 71964.708015051 54384.66122677581 45819.74692463027 37464.637774323084 29395.08992117608 21730.11475923879 14658.98001644496 3663.372169818364 789.1928571447913 12.191346418188145
1395.0001954351999 1200382.0095644246 1060265.9225555903 922632.1489307769 787767.975061745 656007.6256444334 527743.4968006689 403443.433849435 342953.65429383464 283680.9204220901 225725.34705677515 191636.2563712309 169218.06284675293 136095.83868851187 114393.70035009479 82555.67672334064 61995.453159814366 52011.248051297174 42304.79253538702 32974.93415586241 24172.272630886953 16128.020647429614 3886.1530020727196 806.666628062635 11.191289015894945
1405.0001968361698 1602632.791149117 1417232.2034527308 1234903.3288986015 1056016.1718710705 880999.1537859257 710352.5815126859 544670.3602674286 463910.38800700865 384674.91955892555 307082.44490965735 261371.9938609873 231272.67161044618 186724.56837354088 157465.63924894136 114381.39312340642 86398.02120331986 72739.45696180886 59401.034952369446 46508.208650400906 34259.100163884745 22969.891476349516 5548.608191294417 1130.4635984883032 14.149751713127037
1415.0001982371398 2282718.28719201 2018410.9163497814 1758483.27096949 1503438.3453047003 1253854.3129251983 1010400.6963615429 773864.3654686256 658478.6627796134 545195.2325395665 434176.14154042024 368735.95930898085 325635.21108842525 261849.74743508734 219983.0879423889 158456.31447361296 118669.04061379343 99342.05561912789 80558.19880625019 62520.297365936436 45536.44399899311 30077.47920131941 6894.441581363577 1327.3704271317654 14.47872368202688
1425.00019963811 2285810.7278944356 2022778.2406903803 1763915.5667907288 1509696.5418587734 1260661.5298814957 1017431.9308673975 780731.6813943235 665090.1785807458 551409.2602952042 439814.5106645107 373917.547121821 330452.9372504835 266010.2946583184 223614.72253287068 161126.7037835769 120573.55748314067 100828.25476281135 81609.48358836264 63132.99686016313 45731.63564431113 29920.510460239093 6525.451954581213 1173.2599474852464 10.522357745787906
1435.00020103908 3507572.8745144187 3107123.603477561 2712510.4877019287 2324415.4812661377 1943614.5134982637 1570992.271487709 1207562.8567950341 1029654.2311418396 854496.5012212505 682269.6161457133 580431.0008824401 513204.7240577577 413458.19447822863 347796.37681472464 250976.1710499272 188129.4434088049 157526.93419326702 127736.23864350449 99085.0796776744 72074.68902368101 47475.23940997269 10689.400120337601 1994.6165166026133 19.156052823594848
1442.0001715021797 5199385.238242934 4607293.695536532 4023717.2000104208 3449679.3896544334 2886343.008002145 2335032.72677569 1797269.5475056 1534006.1843437068 1274802.3810027984 1019902.1764763001 869132.4317129619 769564.2089640115 621715.2612848071 524257.75820750155 380199.6121997556 286296.2698379834 240390.4751458246 195543.41235112687 152218.68257752157 111147.16677390813 73488.65413041876 16577.223354735288 3055.6187530426923 27.83223671145362
1447.0001722026598 4341425.603423905 3848296.766583362 3361980.0442993524 2883247.268665873 2412967.485392189 1952120.815637394 1501814.5997780391 1280996.8615739907 1063288.252275668 848865.1908385655 721878.5735614548 637961.7105478687 513313.959651884 431176.504386421 309987.4401390526 231348.210985427 193101.73999244673 155930.7208127545 120276.52809470573 86806.6961371383 56531.847923263034 12138.898978511152 2134.9129600197334 17.35920979750678
1455.0002038410196 5021274.397238097 4449585.130010566 3886011.368389667 3331442.94646423 2786875.726779693 2253421.816615577 1732318.5533044867 1476819.1672085796 1224927.206740497 976842.2852481991 829929.549149222 732856.5172375857 588706.9755163376 493770.1502535781 353852.9345026246 263250.7227249123 219278.93258924104 176629.6291017174 135830.05319259156 97666.64952107478 63310.776176788706 13424.79438546692 2343.1597233811344 18.8712065553508
1465.0002052419895 6967781.909531394 6187200.046660333 5416079.386204635 4655580.682940666 3906998.9815196763 3171772.379156304 2451487.5816984125 2097475.8712869333 1747825.268894633 1402700.432543596 1197842.7782311244 1062207.4434668184 860207.936777945 726606.1194812582 528336.248704258 398500.6176948919 334832.2935857913 272496.6563850386 212143.91450152083 154809.80624910342 102152.98107946946 22652.22090969184 4039.4316281805045 32.22289198887558
1475.0002066429597 6418031.47300339 5699461.478503746 4989556.702137001 4289307.393976279 3599802.2065454638 2922227.222594721 2257848.9798899745 1931005.1518568394 1607906.981793996 1288636.871470918 1098926.3718265335 973233.4078001748 785930.343439463 662011.5068686889 478213.72220844415 358129.1922954993 299423.12403294304 242140.33022154646 186955.36554858647 134915.96193226555 87650.03227441019 18323.75007764242 3065.2864709745913 21.09426846400883
1485.0002080439297 8923066.641303811 7927251.799622873 6942750.6304253 5970761.33294587 5012573.471678017 4069543.4206391578 3143024.955049618 2686335.409152679 2234168.9231843255 1786582.0391128906 1520266.7870293944 1343705.4341865655 1080547.6625998444 906544.5957880754 649059.6077107759 481714.0068018231 400371.0335180071 321447.0276723513 245990.35408455794 175562.57405689106 112476.14015037275 22576.33777671684 3658.342467803558 23.48822696886587
1495.0002094448996 13837725.355588311 12309335.874251457 10796288.856438532 9300315.810786141 7823261.472331453 6367031.248021044 4933461.983122152 4225646.970843107 3523933.134061831 2828250.3163569714 2413659.4448113427 2138432.5523167257 1727477.5695631874 1455061.5845509148 1050339.767541169 785640.0246737597 656233.3266753772 530019.2355171716 408539.3774432835 294162.76673392125 190526.1899150918 39359.65850522888 6460.955205835643 40.61721202556145
1505.0002108458598 20336300.38652659 18111287.419079803 15905962.799936881 13722632.355690561 11563707.383183153 9431593.385863766 7328446.810965717 6288195.1946664 5255488.099592758 4229997.598359743 3617893.7391211083 3211051.697929803 2602633.092984996 2198501.862947445 1596301.3057138668 1200671.2812985885 1006481.3378603802 816402.5486463584 632610.0455217545 458518.0075620731 299494.14505600743 63449.73536680343 10585.726045841491 66.0954883191385
1512.0001813089598 9453640.396698607 8410315.76932419 7377372.003746536 6355927.531148709 5347151.2913035415 4352217.331100045 3372191.544852431 2887998.0581055614 2407684.2500682133 1931103.5264420756 1646841.798263802 1458014.4977170255 1175878.37969414 988741.8074868476 710652.9329347742 528902.230089369 440177.6417027034 353804.67740098067 270924.46796321584 193274.61115037499 123485.50688088259 24100.268584489124 3697.882530820634 19.414234941778336
1517.0001820094396 19569293.460024968 17429732.417355206 15308498.8719294 13207436.978693455 11128385.244574588 9072995.421994425 7042314.2908811 6036174.844456277 5035780.876913855 4040513.8823183295 3445510.3242385653 3049705.667841023 2457581.6597514465 2064489.3649238164 1480311.1360034982 1098991.4089000958 913188.435442214 732664.0309335374 559903.3862824272 398619.20778783446 254310.14495166665 50112.97359079512 7992.033137023293 51.46483136966909
1525.0002136477997 35246455.755288646 31380563.732011512 27549993.46195547 23760079.22291581 20016872.89311858 16327008.791265175 12697182.486578183 10906575.38086111 9132729.492449643 7375585.550881953 6329111.1260050405 5634631.985197554 4597708.779263219 3909924.1681257077 2885518.301552314 2211077.631056135 1878608.0086483383 1551349.6582381746 1231996.9614490252 924899.501858772 637153.0004644905 173149.41143695652 41644.120015470864 929.3404252944084
1535.0002150487696 82625578.59759934 73382465.83230259 64225810.82557427 55178891.001595005 46270894.8305234 37538913.92674374 29030598.79137895 24878828.579933707 20807044.535295416 16825077.391148683 14483260.22533504 12943131.51248869 10666102.029964052 9171058.371771593 6964632.221114691 5519458.210798642 4805555.261218931 4098420.940732157 3399538.043487777 2711677.540229141 2040208.597638255 801908.4049887848 309200.7728367886 28413.014448229656
1545.0002164497398 55173001.43745501 48976628.123117544 42842118.436638676 36785524.82205723 30826804.557652067 24991089.260293484 19310363.24474347 16540434.943879474 13825175.743235849 11170933.511518454 9610349.84068188 8584094.096795999 7066795.793935251 6070468.181457316 4599762.380787132 3636309.678278153 3160410.7176392875 2689162.874786382 2223727.5231431033 1766257.9628634604 1320870.2088087895 507438.3724957737 191241.58436209435 16690.82039833094
1555.0002178507098 100011633.06597215 88674231.97181676 77463745.45376211 66411737.52871967 55557320.438155085 44949513.92878954 34650233.57623275 29639902.4577729 24737089.454539675 19953775.041134562 17146204.617199402 15302064.726796724 12578970.0092543 10793310.034517355 8161484.090828578 6440369.498881573 5591225.796698005 4751124.597390526 3922216.4069637633 3108464.0759062753 2317404.9050310506 878323.5005319697 324894.01659071166 27236.1401764888
1565.0002192516797 86770933.83272251 76874187.24249075 67105479.71334687 57491787.78582692 48065869.58850392 38867771.84419542 29946411.634720366 25607415.774796333 21360084.376335073 17212461.488648295 14774885.580615819 13171970.611986728 10801732.587263687 9244909.972554903 6946466.291181955 5441586.12455311 4699256.352477941 3965609.078148353 3243459.5161761064 2537784.1563082486 1857579.841536352 654980.081673961 222906.80058500843 14821.580694560498
1575.0002206526497 175260312.49919742 155852605.59021032 136589546.8770117 117518581.56456679 98699372.92185202 80207855.80655934 62141841.78638375 53306693.433650374 44628140.57996949 36127565.77725692 31122330.789041948 27828418.1532672 22956079.005223762 19756224.100359812 15035082.039080217 11946373.581603657 10422805.192643689 8915921.441261595 7429515.091291935 5969966.843288676 4548420.516790823 1920040.9371110252 836311.5453073314 123652.34740334534
1585.0002220536198 178433420.81374702 158530091.14254358 138817645.6858682 119343269.89934222 100164736.5658558 81353329.79687966 62997386.383172795 54023309.95188015 45205400.54342937 36560069.891462915 31462666.768416516 28104041.56745398 23128398.01018065 19854888.99223814 15016174.719719365 11846432.86110277 10283119.869721465 8738553.208077757 7218577.229197911 5732831.581208011 4297574.405108318 1712901.224715873 705465.6741899314 91144.88108916093
1595.0002234545898 167707894.121028 148783030.9157853 130085313.93150407 111661148.15194419 93566117.42023169 75866972.65268245 58643504.548863396 50238745.21130713 41988438.59672139 33904816.30899267 29139285.44442164 25998824.958280545 21344482.87306994 18280407.125684198 13747601.956115676 10776417.501510674 9311237.589482248 7864643.842514291 6443378.995364747 5058621.9709699275 3729204.664946756 1388520.7444732243 527524.7567950981 54047.10602199156
1605.0002248555597 172331965.667063 152893705.6129168 133693655.26389045 114775841.18127802 96192216.96208054 78004036.6775206 60282775.93339116 51622122.96699469 43108621.95452191 34752231.438242786 29817676.293259624 26562292.69938649 21732961.19902945 18551743.380737726 13847687.44916395 10771950.06071442 9260467.466749987 7773793.652983951 6321009.245460775 4916213.645782295 3581556.66276724 1284262.770819945 467928.1828437477 41164.27790992119
1615.0002262565297 161990796.7108365 143612172.6063124 125489225.66134499 107663614.15356208 90183428.4510699 73103647.87922905 56485336.931368895 48368917.97476019 40390521.51047724 32555230.941976674 27923777.169177506 24865249.13911603 20321423.568860773 17322590.53962002 12877175.764028646 9962061.478031252 8527071.359442892 7114531.867370824 5734131.267261849 4401370.916000039 3141248.675638924 1024156.1553661952 327750.8338543435 18957.698873146866
1625.0002276574996 146438308.9482806 129781123.82121344 113369725.64297274 97241242.14277093 81437935.52322595 66007099.269351974 50999292.10419096 43669272.33439076 36461587.50694711 29378364.877466384 25187757.32150111 22418271.332327683 18300031.701411113 15579170.59490888 11541298.701160025 8891146.266921697 7586519.133775306 6302910.438452086 5050017.799722223 3843371.192991303 2707968.616595964 833745.8456626217 246904.2153416375 10923.307700793848
1635.0002290584598 211266738.1772748 187458559.37206477 163961889.4883531 140825972.86860618 118106892.18045615 95867568.66223972 74175866.84306012 63556263.154815935 53096754.39513604 42801333.65757133 36703266.0657583 32670891.418630134 26672875.27408698 22710429.491958577 16835289.208428763 12987415.726373345 11097225.168035565 9240959.964002058 7432915.743139458 5695041.080811027 4061145.131259664 1338716.926028615 440227.8647546298 27335.409159296458
1645.0002304594298 285260734.81167513 253392718.85950345 221900981.23439538 190853624.1791493 160329512.645756 130418838.54559639 101221235.61071743 86921405.4166499 72835376.61191122 58969275.86722613 50754958.96149975 45321594.97043004 37233898.09948546 31883180.839558885 23924348.981023747 18679021.1902262 16085346.664387746 13521683.465713147 11002562.262692783 8551931.949061412 6209611.40111176 2161187.2877053753 747268.3987683279 54831.13864013004
1655.0002318603997 214211414.34324571 190206824.17471388 166514740.59434474 143178870.70139715 120247323.51593237 97771305.40610456 75800649.43163906 65017136.807478435 54370663.346454084 43858233.26567185 37612066.28854851 33472343.055076055 27299274.32840546 23210581.47863444 17133407.674213666 13146059.014028883 11186824.406182682 9263813.876079455 7393563.93589725 5601362.921296794 3925976.865129413 1191431.166246325 345391.4175021813 13677.686394735952
1665.0002332613699 392777629.0077042 349345080.85715985 306352753.1759554 263887219.04509073 222049030.55931798 180953405.62784818 140727755.1840904 120981584.13454169 101498497.99151456 82286746.91245224 70890189.86629865 63345953.246105574 52108542.298158996 44670306.7727332 33604831.02620674 26314346.218041163 22710968.360333357 19150394.694631018 15652140.5420803 12247400.421572194 8986551.10892799 3280193.6428228747 1202847.9460541974 102901.6615210378
1672.0002037244697 262662525.1253621 233579253.1438137 204809754.91925174 176413265.98178717 148457790.4762958 121019932.24382605 94181572.26768646 81011275.83498554 68015702.98075955 55194623.179086246 47581687.17709949 42536808.96257854 35010132.560278445 30016445.84364251 22561195.88852315 17624291.070879202 15174394.345474796 12746230.133673642 10353246.988875778 8018513.412807773 5781805.025503481 1926408.2059980289 616737.7749359581 32429.222503333334
1677.0002044249497 510651484.8283458 454739487.04843277 399311832.0586478 344477330.1746338 290363464.4496738 237117595.15529275 184903940.53467536 159236397.98212653 133885343.76746596 108859555.65382734 93998244.44369194 84152076.31813124 69469015.7624307 59734302.78413836 45214710.15694246 35608274.060181685 30841929.191179167 26115912.613777574 21452381.154394634 16888673.250575617 12488076.310594108 4685088.346148115 1782684.4622802217 174350.833731646
1685.0002360633098 691231620.9996786 616172566.7818722 541593448.4106886 467648084.34332275 394524299.14044297 322450520.4032734 251700002.63312134 216917215.7514523 182582145.26759255 148728959.49342287 128657352.76374112 115376659.69938229 95602344.21528889 82513136.37019446 63013628.68118431 50110425.31210365 43697500.89414852 37322744.7875083 31005362.84498991 24780061.457173247 18709684.413514815 7592223.560522117 3163658.7243490913 409541.42739269044
1695.0002374642797 1019872620.2777829 910654602.6293514 801897372.0879048 693804990.3029064 586630555.3168217 480686945.72838646 376354533.6007346 324928311.11243033 274070779.556867 223831815.51924944 193999175.20972565 174241043.33708158 144794276.4629895 125283967.09441729 96187878.57918535 76906923.50778478 67311398.99924895 57760016.21427551 48275724.60255241 38901087.63738107 29714844.959322773 12630145.215760002 5571270.570025993 865618.3612845086
1705.00023886525 1054782203.450076 942108690.2980094 829831939.7120124 718166292.485677 607380826.5666625 497812813.41426677 389879417.93001914 336677810.75521153 284073370.26244664 232127106.15175104 201294286.1919028 180881050.526283 150470339.04515553 130329587.4466576 100301625.31419387 80401009.65003324 70492196.33288635 60622158.25056726 50810441.06168722 41094992.824699245 31548485.785176523 13654693.76238286 6136472.365640178 985954.0450111162
1715.0002402662196 1142950226.534101 1021146345.5409048 899764220.4554741 779024819.5107418 659202686.6618782 540637108.3942715 423738954.66709304 366060529.6430023 308975099.43914 252532869.42555824 218988522.43212673 196758910.2888532 163606658.96455684 141624942.0826393 108815764.33951935 87054280.8330446 76217924.39003165 65427070.07801316 54707532.05026368 44107057.70073425 33713550.43816739 14348881.232562084 6313169.487639267 948805.5157572847
1725.0002416671896 1648728732.052783 1474269184.3822227 1300230347.5948205 1126913060.4996862 954694239.5310624 784043826.7508465 615535938.9586977 532289839.05363977 449827194.74611694 368217923.3954157 319678015.6978454 287493805.42972636 239467520.63408127 207601983.9540679 159998230.57258913 128382526.06728934 112620088.00014642 96905707.76302667 81270623.77622867 65775181.18303034 50534282.29369906 21906952.02657105 9842067.082363985 1587153.3815870287
1735.0002430681595 1866764235.8984184 1670392711.39127 1474326271.261098 1278880403.637473 1084451398.9168048 891533707.2457854 700729012.068115 606330684.8198977 512714054.7133086 419944702.6740514 364701229.4658966 328042289.16973066 273291025.23016614 236930775.84536913 182565407.00650996 146434279.71397853 128417491.7386514 110457535.36337253 92595179.05334489 74907028.81813133 57535296.378061526 25033530.2086873 11381897.997536277 1923463.9348871175
1745.0002444691295 2726846350.9006295 2440921280.1277013 2155284603.760852 1870409725.5504096 1586895566.9269514 1305495942.527056 1027139265.887797 889433519.5892587 752888743.1385905 617611778.7062563 537072767.8573122 483633605.4365508 403820473.46168536 350804887.21607316 271472866.54641366 218646226.98801014 192243951.5156197 165861876.91238555 139534267.96080858 113339145.0551583 87442292.45581469 38306339.537677504 17368388.670463912 2928678.996695395
1755.0002458700897 2792899308.840553 2498695718.8089423 2205062661.922807 1912473768.6123123 1621518122.3700485 1332921984.367531 1047554048.7536092 906378694.4175769 766360750.218372 627580765.4668688 544915750.0280249 490048340.5017813 408083305.02804375 353639285.6260417 272228022.0137959 218129313.81360903 191159699.3554734 164281889.75349197 137557977.12765425 111102196.4186996 85124664.82064481 36547046.29704559 16277376.88396106 2612505.452712065
1765.0002472710596 3320410311.723647 2977233367.875924 2633606495.596896 2290036901.551928 1947181624.8719487 1605886778.3193932 1267218713.2074037 1099258798.9234042 932430233.0144615 766864915.89234 668155949.2630435 602602678.2052774 504605712.0367603 439444504.9819205 341809426.9244904 276669941.0793407 244055820.05555943 211410789.74952954 178756031.96597347 146155581.61550516 113764151.62159842 51436007.08971271 24076397.683868576 4313572.452793658
1775.0002486720296 3108086843.24548 2783314611.8397937 2458914530.846928 2135360781.073275 1813237816.313572 1493253493.0157862 1176224233.070142 1019079323.3524988 862960882.6955273 707896816.7544324 615337849.1269124 553805777.5461276 461710636.76031476 400401503.61956173 308478246.13086116 247206705.77675125 216603131.21913567 186069280.8660607 155685696.20552528 125602306.32972339 96093894.7182424 41231010.39953929 18527986.914986227 3056643.0886908867
1785.0002500729997 6110456413.974382 5489722931.261216 4866347148.971856 4241042942.8121686 3614775307.515008 2988843389.708922 2364969379.0967293 2054467548.5984058 1745316441.8274686 1437793093.2766385 1254140974.8991766 1132069896.8453355 949471995.9516433 828027333.9975885 646132437.05946 524922620.8289069 464305942.9079723 403686041.7809946 343095756.728594 282622728.45912325 222468619.13605937 105479682.77463116 52222930.64633941 10874256.6231076
1795.0002514739697 4913237229.776241 4406467013.520911 3899153389.7752295 3391933086.8277264 2885608890.4079638 2381178287.530292 1879828163.6851823 1630702612.0660913 1382791109.909332 1136153647.620666 988755543.661232 890701458.041811 743863289.5312304 646072544.2092303 499427334.3966641 401680896.6885454 352855932.96059513 304129724.77365166 255610604.68269488 207497274.3065501 160150437.13905692 70972781.60170813 32886173.165965494 5826696.669075761
1805.0002528749396 8596872495.071323 7741623715.85337 6879885748.510883 6012320158.077723 5139896233.894634 4264012069.803214 3386640986.2844176 2948199690.205405 2510423052.6103187 2073689072.5045571 1812273683.045555 1638273972.3127515 1377661260.3919106 1204123257.0804846 943937635.1217407 770397502.7560482 683559012.1735017 596669343.5142646 509751690.5347311 422882179.60892445 336248435.644396 165989575.6812258 86085093.75015678 20016844.35130435
1815.0002542759096 5930608326.237316 5326507988.651875 4720558379.369521 4113440824.1796494 3506036763.7846966 2899468829.3830566 2295108231.2000165 1994224016.4378731 1694426606.2962255 1395795806.6926472 1217145439.6294818 1098223671.5420475 920006449.1255395 801214060.116995 622847855.156965 503710516.20996356 444078007.8763869 384444700.0313913 324895653.1711868 265603624.71226513 206905409.30101988 94553759.01686382 45056945.4465314 8439567.413676824
1825.0002556768798 9726789403.967443 8760860461.421604 7787597732.016175 6807814466.502567 5822680954.928645 4833844394.286523 3843546545.353573 3348716541.2452717 2854599442.7036963 2361506911.2618265 2066193232.4087927 1869511244.103049 1574641225.2309787 1378005406.1918945 1082488525.0683863 884655580.1069632 785343674.3647001 685700703.0726398 585697744.7975256 485363054.94018096 384864115.56579083 186224625.5263633 93281235.97401124 19163151.34432039
1835.0002570778497 8435178153.632317 7583574941.983583 6728166343.689602 5869883915.570708 5009960565.313279 4150001804.3826036 3292014498.43472 2864460824.963734 2438207151.116463 2013373697.8745396 1759096274.4206452 1589761761.4887028 1335839017.9034941 1166419636.5120149 911576168.8370792 740793180.0961022 655023717.2742981 568976154.1383688 482681125.248373 396269735.8372389 310089020.80325854 142742482.23557726 67957141.79530899 12632978.701506356
1845.0002584788197 12660085376.994547 11426404450.70401 10180533342.021832 8923041090.068771 7654830813.677676 6377252457.172082 5092193312.657393 4447574064.445858 3801930077.269167 3155390490.7373157 2766955171.179491 2507683422.6765466 2118030369.708184 1857488496.6691592 1464720814.2328038 1200836428.275203 1068027565.4718425 934512596.4416416 800213398.0621345 665118048.9201698 529392877.0988107 259688331.17576873 132657626.69351159 29641712.688068498
1855.0002598797896 10174870217.92106 9149050522.286278 8119500229.509458 7087124281.855461 6053040004.46006 5018562294.267609 3985052560.5123253 3468972733.86501 2953319249.514393 2437773189.743068 2128183059.1943898 1921500976.1973178 1610709301.2379699 1402740562.0491529 1089091992.0368695 878612316.514435 772976955.2126778 667181026.7749012 561424007.7307435 456099896.1945295 351961304.75273067 154396975.83824843 69885001.81474636 11381928.803629862
1865.0002612807598 17306330078.914276 15622723086.975964 13922494846.731533 12206251838.618519 10474975454.349016 8730131995.519365 6973720698.251245 6091888114.91691 5207942108.309098 4321869767.315181 3789011095.91025 3433106210.1698976 2897880001.9939475 2539806981.235741 1999917337.700761 1637405698.2895825 1455161106.7017674 1272183289.9706903 1088472439.721046 904144111.178185 719564260.8801515 354673450.0025231 182818493.58748204 41577670.27961989
1875.0002626817297 15913677314.59077 14349854918.726587 12773698443.492188 11186100303.722078 9588308523.93064 7981979109.944038 6369096713.8195 5560784280.278837 4751353997.197007 3940532140.5701933 3452997546.9562793 3127293193.3057613 2637188200.836727 2308951921.8736186 1813167695.5677006 1479431909.1361516 1311346850.381566 1142380992.6340947 972575271.1580894 802154442.3598043 631731890.763258 298474764.9871258 146755755.35509798 29756005.808283217
1885.0002640826897 20002278860.787346 18064205181.06432 16106464198.42852 14129795798.115374 12135375810.779453 10124921565.244171 8100682722.685184 7084129961.76403 6064847552.167775 5042596934.390569 4427412798.542281 4016233845.161883 3397221897.937536 2982434464.0168366 2355399042.077015 1932634582.8964155 1719319932.1351233 1504463977.2247412 1287914384.5852735 1069649137.8356663 849991601.0960771 413379814.2884086 208987451.9058572 45503044.49106351
1895.0002654836599 25395597525.050835 22933875195.528877 20448041043.590263 17939133972.34711 15408738171.71254 12859084081.87678 10292952846.591516 9004537193.676134 7712704541.729768 6416943624.852172 5636933273.615455 5115414183.779244 4329882177.794067 3803112012.531449 3005843333.315567 2467345800.344977 2195225922.174524 1920790679.6684415 1643772544.4053378 1364063861.4769495 1082013832.2561986 520120715.5995713 258068336.72541878 53175276.41660001
1905.0002668846298 26634583918.001213 24072156275.522903 21481989736.39071 18864564831.230072 16220757374.259483 13551872398.614372 10859436315.119257 9504689682.47548 8144042667.494887 6776655869.183149 5952182539.608151 5400369873.984523 4568431247.426059 4010143465.022092 3165071005.2030954 2594846851.55189 2307151490.91929 2017517146.9781144 1725870264.5945454 1432337459.0076656 1137495693.6591837 552750527.2184352 278248899.5575248 58154178.23355536
1915.0002682855998 38117446719.25961 34499923052.919975 30835053861.839447 27122925029.47395 23364231904.05099 19560428135.79588 15713637224.822575 13774735615.801586 11825454517.405384 9864961699.7946 8682344417.957592 7890688485.966523 6697004719.99379 5895841518.827113 4682607883.771726 3862949848.8788214 3448714531.6628137 3030877454.404299 2608883477.41297 2182212325.2436943 1750590181.9969194 877514603.5577127 452608125.1478426 97592724.7696443
1925.0002696865697 33448390944.66848 30225869020.26323 26972037186.848534 23687521413.989544 20373225515.427734 17030152178.349375 13658699793.976725 11961785578.235147 10256276950.07536 8540061282.424012 7503540102.061947 6808811927.960506 5759483025.970499 5053730041.962608 3982513475.9328294 3257476993.7289214 2890991342.5954556 2521617847.278849 2149336350.394029 1774452639.5359693 1397977890.6424732 654586446.9138781 312341625.91623884 54639535.28951053
1935.0002710875397 23440849425.09299 21166410163.117355 18877380244.025116 16573795890.536787 14255269147.894554 11920367836.545753 9565144223.838793 8377160832.299758 7179350179.929207 5967732599.914552 5231524109.092379 4735645975.055563 3982190699.522715 3471982703.342743 2691922192.1594024 2160652423.632614 1891655371.9619734 1620830553.8171966 1349012703.040421 1077866057.7024488 810565685.1900935 316770667.0270982 123407239.60922469 12960393.723877272
1945.0002724885098 46294172654.53948 41917189940.80012 37484393541.27726 32995310124.583027 28449765747.286896 23847731575.407585 19188568637.568993 16836611377.896124 14468232291.824194 12080758705.405909 10637017592.907478 9668698332.245773 8205290781.945701 7220531976.555476 5724954345.7442465 4711666673.79865 4198858744.217491 3681291647.5442276 3158517307.36854 2630271642.575639 2096811875.5191271 1025020704.4266673 512371201.197954 100550007.49636234
1955.0002738894798 63920304902.449585 57997918287.4243 51978771707.09854 45860510802.610146 39641306617.27958 33319974779.701496 26895646986.722145 23644218996.31282 20365478616.837505 17057070869.081352 15055729428.920275 13713493402.45498 11685563742.01284 10321525502.197065 8250701988.4979 6847228911.004062 6136125478.869371 5417194448.704263 4688909932.671421 3949454624.9394464 3196835686.6448255 1649023934.7821326 872479628.8950347 197964353.36197394
1967.0002450530596 70372766206.43002 63814413526.6859 57158927245.25421 50404491541.73353 43549714530.043465 36593490901.73664 29534047238.080868 25964060335.129738 22364963489.51019 18732694666.62919 16534141043.336258 15058607484.14846 12826867955.117756 11323453973.684063 9036067855.783504 7481429178.785947 6692158917.44357 5893107411.510328 5082663345.927338 4259143048.231956 3421221817.5268674 1709970192.3283832 872765454.5100965 182491771.8434809
1976.0003378666797 80240246083.36801 72849909964.94865 65336191290.57016 57695167239.80929 49923104507.93281 42016307688.00913 33970136230.679287 29892229165.87545 25774891987.584587 21613488465.1145 19091914490.96482 17398590530.7149 14836265959.856522 13109666028.456182 10482776383.30623 8698115214.718693 7792490816.854216 6876002503.931424 5946798912.9175005 5002786697.563468 4041880299.911958 2069584464.2529218 1086182384.8711505 241786779.35860237
1984.0002169171196 100471883279.16618 91369692349.37663 82090943964.5598 72628363324.43134 62974834023.54543 53123452702.652374 43066874204.723785 37958469861.782455 32793561950.243168 27567313090.1521 24398304068.249683 22269598442.809547 19047955958.29977 16876918401.801039 13573364047.046236 11327564409.602217 10186733611.60055 9030660154.126484 7855976561.500505 6658351238.959662 5432350113.416769 2873310351.1039114 1554177749.6447163 365520335.61214936
1995.0002794933596 91326583707.9355 82952886219.88007 74437443700.1226 65775391553.66661 56961844056.74321 47991511661.47141 38857112589.82787 34224343171.77675 29543494309.734604 24807846370.54687 21935102206.643124 20004140485.101753 17078607192.186934 15104093967.927933 12093307572.193487 10041632285.956707 8998054753.728487 7939991208.440022 6865023200.358365 5770500059.223054 4653982801.9462385 2358919650.734775 1220212589.2609656 259440751.23786443
2005.0002808943195 107650056119.12178 97883303587.65887 87937327101.8984 77805018457.96295 67479116754.28217 56951760022.43316 46212617243.48847 40758286793.488144 35241993078.225716 29655550083.40174 26263879259.510883 23982835463.465885 20524674513.89987 18188803343.00988 14622713880.678411 12187860317.922752 10947020573.496136 9686643800.153193 8402940024.318175 7091396506.089225 5747068039.8671055 2951165811.9201403 1537448186.1669567 322961814.2752252
2015.0002822952895 124363986913.61584 113080723731.67545 101594007133.0264 89895463099.73912 77976222398.43262 65826111253.523865 53430897257.27153 47133869495.05411 40763029270.67884 34307441254.161182 30385444787.470512 27746270286.632206 23742426222.233902 21035784421.550865 16899813173.984211 14073174775.50056 12631973368.195662 11167769795.972042 9676395690.42136 8153019982.375159 6592616520.454645 3356735470.7134633 1732632619.90823 356323413.0199695
2025.0002836962597 116220849604.77731 105739966401.92978 95064733922.28224 84185718136.44902 73092263879.16232 61771251201.00907 50203631505.551926 44317545427.90024 38353997108.99053 32300316281.741734 28616043061.614655 26133659401.399036 22362261272.322765 19808808340.600826 15900786555.589827 13226336869.941359 11862057418.717377 10475921509.095238 9064412248.98364 7623552306.789188 6149358432.910463 3101056224.2473335 1579417879.4729335 310568313.4548236
2035.0002850972296 146520952101.78333 133300850511.35219 119838149227.85745 106122774491.10399 92143834909.13588 77888333074.88934 63337242588.99525 55940620907.83763 48453033024.07512 40859669792.38325 36242098151.18804 33132314602.049522 28409210275.55574 25211461981.691383 20313942671.24208 16955658937.5097 15238461533.96092 13489426904.549812 11702211975.18191 9869084421.315397 7981252251.72474 4023027589.289725 2019188995.9515214 366519404.2032242
2045.0002864981996 156646007065.64032 142436196749.64047 127984895462.58568 113282286897.92148 98317115680.94643 83074739429.93161 67531693727.00298 59634154263.804474 51639131576.25188 43527329992.20105 38590400026.36241 35262798933.67439 30203061559.054356 26772286635.36674 21507676898.4098 17889462145.815525 16036777329.496489 14148307742.298706 12217898477.041632 10238851683.094051 8205363837.3988495 3996555739.225554 1942800555.7510626 343094226.40637386
2055.0002878991695 183347581253.18375 166915190560.97916 150170833844.78094 133099791243.64272 115685540655.65852 97907790843.59764 79736894598.36281 70488525297.00296 61116541882.63598 51599898840.161514 45805473462.67036 41899458475.455376 35960523065.62126 31934461462.637733 25758677947.381332 21515748953.45443 19343171703.9811 17127947963.229702 14861724601.790956 12534448418.169527 10135024347.804495 5102816600.50907 2566028673.992409 482192323.7484783
2065.0002893001397 177352242711.00632 161347920075.47385 145068201851.52994 128500893471.17552 111631508424.14784 94440520661.63168 76896075894.77287 67973398188.66068 58932513820.67182 49748190713.48091 44150906141.34482 40374008389.99886 34622908279.3946 30716341267.802757 24707167586.463917 20564236997.899853 18437840255.429474 16266393026.492847 14042252484.853804 11757229496.882605 9404559178.820694 4529005241.85126 2163300722.8093557 359259852.4736491
2074.0002295258496 165334501544.12357 150224081389.52747 134898332879.28073 119348365049.9996 103561891513.93448 87519170046.951 71182985008.2618 62882426239.8054 54470716087.42981 45915952677.17556 40692350026.636665 37160992343.16472 31769928086.934467 28095980635.779488 22421841182.661877 18493111830.523914 16472256971.319395 14406988029.50678 12292356709.436155 10125199197.018536 7908192127.663303 3445286420.977446 1449055003.58657 165828859.5714315
2078.0003216389796 220421394502.8623 200800924439.55667 180797541536.8496 160390299099.2588 139554723637.00763 118259610327.00784 96458593599.93384 85344452170.6471 74065418417.8008 62591085975.173386 55591725060.61093 50866908405.426796 43671388292.91985 38784489641.24823 31272290090.944324 26099237732.875336 23446681877.18431 20739797574.886234 17968885189.93184 15122855939.499056 12190715278.65995 6073082597.939567 3030787189.02648 572870365.5645621
2085.0002921020796 258412196428.39755 236075476681.1577 213200918213.31284 189748334112.0638 165670275647.99094 140908130984.6695 115383073631.6254 102298894917.2978 88970905484.79785 75363130642.56099 67040781714.71706 61415350345.85971 52840170325.559044 47013929148.084335 38062682066.45155 31909584990.0669 28760404939.4876 25552067210.787296 22274209413.221695 18914457323.20525 15459106540.63632 8229807658.854083 4527827431.412788 1178501303.1387246
2095.0002935030498 342168485137.67334 313846853190.2197 284667350182.0073 254546261319.4839 223382605447.26392 191050467525.1322 157384563206.58066 139981945592.04752 122148193475.26901 103828187126.35666 92570654834.9985 84940508394.89977 73282585739.97365 65348421757.243004 53151829179.38978 44776498379.587296 40497542156.59849 36146242609.99644 31711308150.1492 27178775866.43397 22531937843.00415 12829354497.945465 7784631236.626058 2821542224.209367
2105.0002949040195 371455975693.35864 340857101982.9895 309322475310.1436 276755384207.3926 243038817121.73724 208026327684.12283 171524474707.59238 152633005389.30377 133253422658.74986 113320117027.915 101056473367.31076 92737412938.25275 80015660339.1667 71349974203.19511 58019407487.82921 48862476221.73085 44185190599.07593 39431025660.58587 34589518214.48404 29648181377.356236 24592746610.762184 14088555246.866522 8656827299.375753 3308120628.0201073
2115.0002963049897 380737076840.2518 348731309732.1262 315835804500.9831 281969130708.8388 247033506847.493 210906801071.868 173426351210.00516 154108135937.75824 134350608045.87115 114093374509.36317 101662787089.0282 93243780237.63113 80387658512.33185 71640626535.95247 58192574438.11691 48951384126.55176 44226351521.93675 39418084133.8097 34513500826.4341 29496945805.639347 24350774402.079975 13617839614.189392 8086086720.979675 2792504135.9605255
2125.00029770596 436901762796.7724 401053679295.9984 364122236471.43225 325991140631.8282 286517597486.1459 245519510288.5402 202750562471.01584 180595014151.44452 157843961102.41815 134408394965.6837 119966635761.29715 110157249674.96643 95132189767.65544 84877658765.64789 69064820493.71298 58171466975.94894 52596222364.90291 46921338957.13131 41133897644.25239 35218975870.2718 29160494650.39097 16570286312.929066 10090316981.954964 3792753356.139724
2135.0002991069196 535046733111.5091 492239817593.1623 447989879706.54346 402133200323.4593 354469311356.11707 304744566619.03577 252621524730.70822 225517484820.36508 197612452269.7387 168793756798.70734 150999624098.5944 138899103213.5769 120344638868.96744 107668739793.74582 88104089784.21385 74612841911.0641 67702393275.65946 60662698454.30118 53474494810.35488 46113363697.519745 38548443861.596565 22650426496.33203 14248684923.758747 5690485198.426329
2145.0003005078897 433430740134.353 397258766253.4304 360063681188.8082 321741884712.5497 282166242993.19867 241173899973.3106 198542075711.89374 176513201315.04175 153933310093.35184 130718900259.49641 116436832259.5125 106746473817.71294 91921159786.77567 81816054105.30916 66258406286.96421 55563953826.28601 50100766846.83602 44549525467.86549 38901008548.40231 33145537560.618904 27274303009.01032 15183884306.010176 9047486075.630863 3201378571.848792
2155.00030190886 522428867893.5405 480440768825.9538 437084377388.1998 392200480140.0069 345591605764.4607 297003550462.9266 246090179326.63058 219611055282.53546 192336574160.90988 164144383902.16187 146718763707.44937 134858815081.17616 116655401677.66783 104206541872.49518 84975445582.90767 71710394228.75928 64919409466.239265 58008072862.50827 50962891450.19498 43768099814.228195 36405636814.23891 21102045663.134808 13151489237.443739 5183580828.526765
2165.0003033098296 506717581580.7109 465925364009.9168 423803723210.25134 380200882662.39307 334928871134.71484 287745798843.50714 238322021370.2787 212626392811.98892 186166260561.1403 158824230106.48166 141928255655.4438 130430281504.33887 112783701693.11311 100715255440.92107 82067252701.87646 69197550396.58981 62605710867.87754 55894454450.43726 49050679726.98976 42059871768.12437 34906997024.95902 20071285980.921562 12412625775.427652 4808513414.085751
2175.0003047108 549308618843.4063 505356028083.32153 459951169666.2184 412924698974.1181 364066061268.2072 313103187051.23474 259663518812.91684 231851908256.338 203188386251.08426 173538469365.96585 155197720290.5008 142707259396.56723 123521082331.4467 110387101435.17389 90069989911.60995 76030405536.68732 68833017747.96652 61500434436.19946 54017664351.075424 46367941657.59446 38533513106.30169 22251833477.703854 13818694275.44475 5415632144.798351
2185.0003061117695 523318242906.4724 480657327103.2283 436690550175.71014 391271984613.13086 344219415824.6979 295295110394.24457 244168156929.36688 217631271031.1225 190331418146.41495 162143627600.13452 144732550761.82877 132885936235.03297 114705518817.2729 102272068841.06921 83060557983.15906 69805391516.26941 63019391288.96603 56114771789.20631 49080848979.862755 41906974417.71309 34584257689.28174 19498501685.80583 11825109450.14321 4412111619.226241
2195.0003075127397 820665476178.708 758146205603.2922 693213434446.5708 625546377534.839 554743359270.0242 480284528057.0595 401463917608.6159 360114460425.0186 317246455372.6895 272620872384.6512 244866976559.92233 225898609146.42657 196653347275.09048 176556180417.2422 145341011919.94565 123676394720.23149 112537054573.41736 101161952704.18855 89520893493.17012 77576017007.89616 65279223366.10314 39362424930.02013 25556005124.11442 11113555474.713541
2205.00030891371 710544540501.7935 654526135690.5651 596577782482.9019 536463514678.7097 473888533160.76416 408470272739.1233 339682750702.01624 303794586605.6491 266733838663.941 228309198012.9554 204490004818.84048 188244338678.30844 163248782608.44528 146107512732.32764 119539480545.19623 101140570465.43562 91694195185.49478 82058877635.2937 72211819432.70404 62125671384.896996 51767866824.6397 30089117655.54117 18742919500.550724 7415877511.436246
2215.0003103146796 817367738026.1821 755593671620.6263 691414116254.8099 624501253458.9601 554441733028.0946 480696241696.6239 402525201672.64636 361458903248.1191 318830573890.3883 274381883230.57004 246692018390.54257 227743357513.14435 198484239287.63376 178342213494.8078 146991730670.89084 125180907723.05922 113948502695.83464 102465547972.02068 90700870434.82956 78616061591.48665 66163585766.35821 39907810273.69967 25954697541.66189 11451538083.855053
2225.00031171565 733340287792.0356 676002290118.454 616640747129.0082 554997813323.8026 490749632388.23236 423473483553.42444 352584780888.8971 315527936471.6185 277198730635.0653 237382778202.18817 212656689036.4117 195770821977.60153 169753047044.76068 151883157175.00272 124140688756.41103 104899974281.46312 95015667169.65576 84933369004.66931 74634718548.59135 64101259256.58351 53317503447.29544 30995619925.29532 19534017824.080635 8114285680.367304
2235.00031311662 1177336670267.9395 1090918969703.9214 1000977616274.9022 906971197588.257 808208070438.48 703773510835.8673 592399658009.6969 533558323833.11633 472201049444.2728 407890563385.7813 367640359445.9661 340007852658.49884 297190008566.52924 267602939430.93314 221362000333.20822 189053979660.72125 172373352620.9965 155293535789.21094 137769668398.08612 119747421003.8264 101160062209.02821 61936072846.29834 41063861011.04385 19183141505.938503
2245.0003145175897 1346528424817.3499 1247461137285.483 1144216116673.2544 1036187323175.7349 922609600040.0153 802484816442.4984 674449968516.5905 606880028770.6841 536507664920.8456 462877363507.6884 416880679077.882 385349950522.8527 336580275590.24817 302953018353.21893 250535174864.60416 214019601032.63922 195201301846.51486 175954624263.5267 156225862540.93442 135946046780.99292 115023423857.61946 70676089662.9853 46764740985.41752 21241088367.950314
2255.0003159185494 1559650769600.1045 1450250690035.109 1335871494859.2456 1215697892960.084 1088686041253.5978 953453360898.196 808082458128.733 730761516760.5156 649730142951.3835 564338427682.8125 510648313593.31635 473678036088.0482 416210507797.66785 376370313393.0702 313880952472.07153 270039710873.59042 247335735377.54837 224030529253.60065 200046459269.81317 175283629119.851 149608473580.36447 94668681086.62643 64622075644.438255 31718225071.78174
2265.0003173195196 919991455729.1917 848677892393.1979 774745380885.4563 697877931827.4211 617681206108.3105 533643276063.57245 445058939238.4436 398751550448.5253 350863187513.9351 301134889034.6207 270264697610.87427 249187749630.35382 216716154052.2791 194410059279.12973 159748890107.1083 135652872622.45428 123239572326.01598 110540275570.07906 97514129268.5091 84111202037.93828 70271225362.31862 41000462728.21685 25487983818.073807 9835877413.738071
2275.0003187204893 1714213704544.825 1594209515793.011 1468711388416.2097 1336857647305.2236 1197536784961.5889 1049262241305.3015 889944426611.8112 805220573858.7596 716419214793.1173 622789807624.4968 563869176644.1222 523262582631.98627 460067065727.7259 416187667417.2666 347220773654.1526 298712585061.9515 273547702329.0801 247684135484.40103 221033666607.87054 193485433501.43018 164896273478.81058 103749196898.74203 70504885433.26193 34597537787.78197
2285.0003201214595 1707263868090.4702 1581506487182.9465 1450440060833.1418 1313322032996.7825 1169215322861.0945 1016896227283.867 854686604030.2777 769145617663.0953 680103155219.2213 586981401685.9169 528823513055.9077 488958652163.46826 427292760674.5254 384760499298.2443 318412839224.7744 272128567349.6033 248242806937.9462 223781769657.89426 198666974733.30295 172798189924.191 146044647631.77292 89112064121.64748 58329404431.03882 25508431446.648052
2295.0003215224297 2578619932457.0073 2403861651625.3325 2220495826863.504 2027092459697.1462 1821810592772.0557 1602196773842.796 1364823720055.566 1237976605495.0725 1104565361439.1501 963406248312.708 874330305028.618 812839416821.4257 716989852713.6637 650336717450.7981 545416429261.87537 471491995136.80035 433088119375.74835 393566865927.7961 352770677922.7296 310491552109.2439 266443148917.29202 171134293101.71756 118068477353.95732 58663555590.48853
2305.0003229233994 1115453472477.6426 1028230607348.6956 937911175934.8251 844126869564.4308 746415314955.9482 644170333076.936 536544558118.3188 480335025765.11145 422233376157.1169 361914448646.1419 324468714946.67456 298897745583.9995 259489028821.00897 232403806480.1668 190288632719.15787 160993750347.58698 145901545345.92923 130466927237.8208 114649086014.11617 98403009094.22047 81682991706.48222 46712572229.342545 28595837941.41602 10812141358.600586
2315.0003243243696 3235506921684.4756 3022634732064.1304 2799191374798.319 2563251005615.214 2312304204212.71 2042963304362.9985 1750426026233.1687 1593325759094.0222 1427387536213.7246 1250892922724.4143 1138964791785.4214 1061421844726.0674 940061293106.0535 855289583482.7186 721163914274.6873 626121202633.4641 576559683288.9387 525419142267.6479 472481891801.80365 417464613827.14636 359983047633.8496 235092488849.41266 165217977853.3815 86291594047.13945
2325.0003257253397 2748330895117.7905 2554060223737.3813 2350948342636.8057 2137658336424.565 1912479177743.4053 1673143096190.7087 1416495744744.382 1280299767772.984 1137817073278.2515 987942532666.6567 893844928002.1709 829105415816.7041 728547847041.2755 658876340977.6841 549629979344.5597 472971069178.7475 433249024581.5404 392443461571.1291 350396029074.6894 306894812245.2337 261644169936.50885 163944452364.72864 109837973000.74504 50636183079.39465
2335.0003271263095 3980007261087.649 3716031923533.732 3439057430702.5654 3146760205700.8286 2836123079794.604 2503088555231.1064 2141928999148.6726 1948267016079.98 1743965272359.8096 1526984193179.889 1389562369597.5854 1294443242708.9714 1145716410923.7224 1041929869562.2301 877876438129.3075 761725156861.9788 701178896998.2532 638711530731.4397 574047306183.9486 506823153598.27527 436540869573.4254 283494667062.48615 197585309697.47083 100664463705.95534
2345.0003285272796 2504693649266.8843 2330983014526.5093 2149383512327.9158 1958597533450.808 1756949055789.217 1542191047429.646 1311153278415.4446 1188122451997.1946 1059011380016.0704 922665333206.3224 836725894059.6387 777425278609.1168 684995782748.1349 620698570595.1938 519392670084.7582 447912020042.6312 410739245968.685 372460079086.8032 332928076587.38245 291959233597.3603 249316932323.29358 157634597996.0804 107486111154.96684 52945690651.53232
2355.0003299282494 2389717778427.2095 2215329687998.532 2033658578652.9697 1843664593103.9355 1644016066377.5674 1432940742569.5325 1207945163666.56 1089115096305.6105 965205482461.5161 835277329617.7008 753888575852.3127 697961559568.5256 611178560061.4396 551094242720.8668 456915626271.50714 390837543398.26996 356601701277.10004 321442033455.7195 285238543453.3958 247844049164.51352 209076832627.7089 126472099577.40138 82057475418.39828 35616241476.47727
2365.0003313292195 3053895217991.4043 2842739285245.294 2621816180646.6313 2389534967648.905 2143835099377.3486 1881946223705.2214 1599949150869.0063 1449667125458.2822 1291866650197.1821 1125117369531.1187 1019958446587.1865 947372015236.5913 834201884738.7279 755461456098.5255 631403916665.4287 543909877234.455 498438446342.85925 451645026547.013 403363811991.52655 353385762943.5099 301437546994.91113 189947109983.42752 128954907747.22229 62590972472.49729
2375.0003327301797 3050562867876.8687 2835581267824.8135 2610791708997.9897 2374703183627.295 2125397529381.3242 1860314128089.4644 1575852895545.8794 1424759107236.675 1266537691880.5007 1099872220260.5103 995067204169.231 922868164768.8925 810543917933.2705 732570244758.4337 610019812457.3715 523801628249.12177 479057448923.74396 433053843160.64734 385627381914.2168 336573132142.9193 285627807847.88275 176521000090.71182 117128969609.1862 53350227464.9998
2385.0003341311494 4834995021335.037 4518593241985.179 4187021201155.2134 3837412939267.425 3465992251342.385 3067594679181.3823 2634782117487.7334 2402109908036.2124 2156000323338.1138 1893647322834.033 1726841683968.098 1611035184960.4258 1429306198870.6982 1301956823947.8606 1099642694537.4272 955574446664.1428 880188981585.7305 802206378072.8406 721273174010.977 636941060219.9495 548622992183.9035 356390642714.3743 249183737077.982 129611165451.45055
2395.0003355321196 4693469322663.06 4380563120769.799 4052559494059.6533 3706786828215.64 3339754315100.3647 2946725273323.323 2520930492290.5063 2292710026331.879 2051946470286.97 1796132493595.4412 1633994592511.759 1521683446028.2854 1345889141547.9749 1223044381294.0117 1028512321807.1283 890489493398.6022 818449393675.7538 744070076808.1483 667042265178.2291 586976309198.8373 503365117482.78107 322393491511.3584 222263596105.79382 111638155125.43245
2405.00033693309 7707740940082.162 7225809481438.043 6720240209646.355 6186045763406.509 5616610073824.777 5002799334822.402 4331341567891.5293 3967965598976.706 3581486935455.7554 3166834138976.879 2901626147482.476 2716732292556.982 2425238696128.148 2219935961776.4336 1891915365700.5437 1656833632699.8792 1533280913243.4243 1405037766747.4033 1271419949950.3645 1131529772786.203 984141108352.0323 658783808290.7739 473071895817.3123 259084572076.17114
2415.0003383340595 5023570870133.35 4692587676688.183 4345024349672.722 3977947879593.733 3587537679250.9424 3168628958138.995 2713875610679.3857 2469777954028.312 2212028920985.2964 1937940069785.5618 1764119364585.8662 1643679646538.502 1455119583127.4204 1323337000630.9263 1114656236725.7695 966621206718.5347 889366812184.6542 809607956277.4858 727001736092.163 641102648822.2229 551306158038.5769 356065314133.0106 246999134033.04965 125173549638.56033
2425.0003397350297 6191305966597.115 5795729196122.678 5380214973336.317 4941017386367.891 4473195324617.656 3969980987278.0835 3421606067002.7407 3126059351714.531 2812848300481.3467 2478251722246.146 2265100081429.695 2116911285040.966 1883988385349.3345 1720452095509.6052 1460003650019.178 1273921434324.8203 1176286471839.1348 1075049503449.0074 969671308688.7435 859450626558.3531 743445220136.9802 488120951769.4555 343538039258.71515 180589949497.62732
2435.000341136 8810815645465.492 8270021959703.011 7700500368431.263 7096471144241.3955 6450274144592.453 5751372142733.155 4984527304278.611 4568730890735.183 4126026398008.472 3650648181438.86 3346455132079.855 3134341702026.2354 2799903318453.562 2564351695199.254 2188029181825.293 1918360520229.529 1776636456031.706 1629530746702.4543 1476247453597.9958 1315732379860.9685 1146522382043.4414 771950039313.7429 556321801361.6423 304173299313.19507
2445.0003425369696 11448888990322.428 10768363301625.473 10053148081372.451 9295288192688.494 8484152599683.937 7604926800843.698 6635834897374.92 6107591859051.774 5542405244082.101 4931734221491.671 4538601039897.929 4263250597697.3857 3826880663797.5903 3517767077043.832 3020598596401.422 2661618433464.8887 2471990794865.9956 2274431820213.9453 2067765535321.9636 1850446580228.4036 1620354669373.4248 1107657274887.0676 811026381124.8148 462571369362.6694
2455.0003439379398 13123105929199.984 12345856723723.47 11530792640829.857 10668714570724.758 9747339074325.775 8749524285100.502 7649961760850.774 7050341791960.327 6408318746764.346 5713812953004.057 5266114479284.822 4952208181444.374 4454065995369.331 4100621988427.8354 3530973057274.781 3118592383411.3926 2900336055862.101 2672603119443.4883 2433951422282.5854 2182479547677.364 1915572466929.2593 1317995355235.2302 970360600415.2676 560702552286.2112
2465.0003453389095 9379793919879.414 8788022289937.121 8166483133310.811 7509437306830.853 6809273576400.694 6055504869167.642 5232905207180.6875 4788859591633.867 4317581833444.199 3813160899289.603 3491196593483.843 3267021973648.113 2914024148463.8896 2665648856030.1016 2269008315365.4585 1984656542205.3362 1835079234557.1638 1679665904824.189 1517509015969.1196 1347422495388.8894 1167809656586.0015 770033687187.1439 543395780488.85223 287108743420.87836
2475.0003467398797 15108369381355.854 14232034045401.734 13311291396631.371 12335574693583.832 11290659635446.031 10156528384277.111 8903345275987.268 8218214367053.182 7483059627263.974 6685727264510.762 6170453950847.152 5808503561345.398 5232898751639.573 4823511682100.555 4161816334981.5063 3681223757572.937 3426290386481.9126 3159844084864.503 2880121860799.231 2584805327329.9653 2270717526613.0806 1565166960084.3513 1153411554023.7249 667318653992.6279
2485.00034814085 7155979912805.239 6682900291995.692 6185417833097.782 5659626940649.377 5100458852171.852 4501081709007.377 3851789292963.088 3504080365302.32 3137652223957.316 2748863638132.3154 2502757405082.3057 2332417420841.6675 2065975544809.5227 1879865251325.732 1585079537948.4905 1375614563883.4167 1266055225285.571 1152669645730.5168 1034836253994.3933 911731524424.8605 782232483655.5483 497004492590.28467 335516853272.4969 155756335800.1788
2495.0003495418196 7694508541149.436 7203921683843.564 6687500648002.021 6140732394497.416 5557672202606.785 4930173335764.258 4246455084716.294 3878165168386.405 3488097815546.154 3071705020728.1333 2806609099677.4155 2622370886629.7295 2332858922002.8203 2129614513481.8418 1805892963081.9744 1574530062775.9368 1453101363377.7505 1327162826916.6672 1196034520465.1628 1058823634211.154 914306253919.3474 595253466966.9336 413333055942.3997 207481438713.6486
2505.0003509427793 13847999432696.375 13034169889939.133 12174888433244.1 11260790423912.045 10279315538081.963 9212947617656.344 8035957057071.753 7394160192332.728 6707570317961.14 5966024720618.442 5488867014112.415 5154784698528.088 4625535042759.892 4250756739885.97 3648115312343.6743 3212975753339.2876 2983066298636.3774 2743466554623.05 2492701972005.252 2228829640429.4146 1949181589322.0789 1324737925498.2183 962434809639.0846 536665824188.098
2513.0003825811395 10609880113738.348 9952342092065.43 9259170702478.613 8523670477533.365 7736964049945.796 6886818228048.626 5955454410954.214 5451214491130.081 4914963764822.835 4339817876351.695 3972109235306.6284 3715826944795.276 3311885578996.8125 3027428447520.3794 2572924793157.1597 2247118870298.767 2075848925149.8533 1898061400159.9192 1712832513983.2688 1518976211783.5195 1314912392373.6025 866066165913.1659 611825998322.3053 322222465516.3446
2518.0003832816296 11753147426645.693 11051477010132.035 10308610901077.396 9516910917188.055 8666222366706.516 7742496977093.966 6725222011020.119 6172116770139.349 5582032854096.661 4946934845075.858 4539642862905.626 4255167129386.8784 3805728698604.0146 3488409199255.658 2979854221317.0493 2613990044957.071 2421157742715.067 2220568472470.0317 2011067411052.0 1791147102990.2397 1558757338934.9634 1042981396271.9635 746213509920.7646 400375759843.2114
2525.0003537447196 13820032536460.023 13023166899953.064 12179070163823.967 11278440879973.658 10308797982655.367 9252718058709.219 8084509695572.94 7446484273645.027 6763143079188.829 6024126457762.6045 5547986486276.424 5214289031979.371 4685002861100.991 4309632650191.1143 3704805964562.054 3266906009742.178 3035051388331.6577 2793016746527.1133 2539216053547.6704 2271569381757.303 1987246859237.8064 1350128411531.8096 979877249014.5243 545845209212.5478
2535.0003551456894 24406351591333.816 23064337941167.92 21658301098125.984 20171218070372.773 18579819163381.656 16850827135110.154 14933591485738.67 13880203772314.512 12743976680175.875 11502607034385.283 10694148243197.752 10122801928089.002 9207459765411.684 8550727583317.982 7477524553437.237 6687528992011.532 6264359941603.785 5818714485076.111 5346840018673.098 4843753992142.811 4302555123846.9834 3059343571913.8916 2312154464688.8833 1404649847904.7312
2545.0003565466595 29532055022454.996 27916466996392.527 26231312660197.965 24456026207961.08 22562223774295.465 20509027374470.625 18233891543670.355 16983086264164.188 15632219055683.91 14153185401097.275 13187543219543.145 12503724079178.906 11405427774060.26 10615084098494.64 9318778022453.943 8360373776060.337 7845406388981.827 7301814704647.422 6724736247835.628 6107704026750.008 5441739476601.49 3902193846543.337 2968922510029.7124 1824887849618.9539
2555.0003579476297 32424622107437.457 30583406709431.152 28673815994615.586 26672065504637.035 24545888255878.24 22249550764098.215 19714223293177.457 18324394134183.65 16826813061552.164 15191711151680.316 14127092223693.092 13374741231424.04 12169366636055.928 11304475549381.07 9890986611023.146 8850451796720.945 8293083716243.2705 7706131048226.849 7084671410605.749 6422170955199.295 5709574567201.801 4072738920428.3364 3087610931606.7075 1883646885472.0688
2565.0003593486 20875062063205.32 19648582344777.65 18357811966818.426 16988606015050.848 15522032334616.674 13931619564118.473 12178232071509.129 11222324187268.43 10199338666180.426 9093512711817.547 8381121447526.184 7881820067686.249 7089733837183.077 6527846011299.686 5622193819278.828 4966257785476.582 4618875911486.075 4256168965485.4473 3875724408205.9697 3474348076791.9897 3047633639477.1846 2088706286960.4749 1527724526541.3223 862610634502.0387
2575.0003607495696 29049107976709.773 27392806820607.754 25671242328318.312 23863694488080.758 21942231118626.758 19867420510086.516 17579926839628.63 16328274539793.219 14981819525339.922 13514567298534.195 12560853460153.459 11887625208831.477 10810227597454.305 10037997047762.742 8777189703379.807 7849817545724.292 7353262999070.605 6830468338059.866 6277049565106.162 5687202661073.829 5052914730694.459 3597127662481.389 2722672837263.596 1657968118814.9883
2585.00036215054 24825528032007.707 23371744813603.047 21841371655152.57 20217124650766.14 18475967506656.004 16585832744539.887 14499533382522.295 13361098082664.139 12142093421812.656 10823781359223.838 9974315627038.729 9378919480033.713 8434463832028.263 7764626437030.535 6685398822166.714 5904182509347.074 5490624965442.038 5058954774022.107 4606314782581.626 4128911669239.1245 3621498917809.722 2481472346576.8027 1814547850163.4673 1022975290080.1119
2595.0003635515095 28084061797461.88 26458103838389.727 24759632974990.293 22968861282384.566 21059341228902.855 18993994550264.324 16717346491218.104 15473644641931.023 14138664301659.98 12688772352040.344 11749818835979.607 11088957051786.041 10035144512938.678 9282999853101.479 8061379731932.473 7168428104685.562 6692432883101.304 6192993595825.973 5666310853102.564 5107372375595.289 4509291454422.354 3149977558748.3174 2344910544462.37 1381859558457.725
2605.0003649524797 36307329671695.26 34234856510332.73 32083007191817.984 29824769071177.996 27424052703781.758 24830314810560.52 21968149244681.41 20400912298618.695 18714259592137.348 16875781597442.143 15680704345288.902 14837163344946.797 13487483252957.953 12520423755677.775 10942384019623.795 9782530989829.701 9161829776109.959 8508580194901.711 7817326327989.394 7080812969002.796 6288970029745.312 4471122760726.761 3378099670127.5264 2046499845270.6511
2615.0003663534494 34628745640656.895 32665972720319.375 30609438565484.816 28434136605177.625 26106649732610.027 23580202928635.504 20785107848864.195 19254178887267.633 17608254518540.12 15818222242726.068 14658044215140.107 13841204932716.998 12538479503364.188 11608728111432.219 10099113493572.709 8996190787679.883 8408445284348.783 7791821406476.71 7141518167577.951 6451095420458.719 5711508107738.913 4022304375673.012 3009771879072.3 1774914876829.656
2625.0003677544096 48385232631267.01 45578297739097.31 42695009281323.43 39698721878789.484 36540811550331.94 33153098998138.582 29433611326930.715 27401434179646.133 25215513460854.203 22831746934305.87 21280309718561.293 20183785632227.258 18425961723324.31 17163270904600.775 15095599917915.025 13568919688033.264 12749047076508.582 11883746335502.168 10965094904941.873 9982493323822.303 8921126838885.883 6460425168985.52 4958720494348.268 3092247765367.3896
2635.0003691553793 70000141895809.51 65323564776853.86 60736749388296.25 56165248220703.586 51525637367134.18 46711948001987.76 41571545396379.69 38807194019890.49 35855220536266.33 32649047709671.043 30563485400229.957 29087657858329.984 26715180213422.715 25003462499588.06 22181432313607.227 20078514159875.215 18941219365305.207 17734249317543.44 16444848976000.477 15055954278849.73 13543742287947.229 9986805056434.576 7780553683156.138 5004517703169.216
2645.0003705563495 59927973231720.055 56210396941044.664 52474882838157.586 48665768477398.586 44715716246623.375 40534719664228.46 35990743650269.65 33520837112094.258 30869209435665.0 27979393681802.89 26097642660582.926 24766509500301.375 22629662559775.746 21091905036623.527 18567728173831.71 16698659409923.188 15692989560070.305 14630159378096.379 13500245649931.736 12290030247590.367 10981140923844.098 7942757567837.244 6090458037633.745 3803133399912.2773
2655.000371957319 77980148540083.38 72168840407179.62 66660828511649.305 61309856883048.12 55983481714822.26 50543937414533.89 44817086516784.2 41768387910656.0 38534240397467.49 35044244112473.98 32785492648695.703 31192104525551.723 28638619402438.82 26801834859826.94 23782018057860.188 21536771770303.516 20323625885907.062 19036591238460.46 17661725534796.36 16180297387523.762 14566059884820.201 10759906557236.734 8391379238357.962 5407378085999.687
2665.0003733582894 71604482795365.05 67203553685612.25 62794751060346.08 58305867443567.164 53651668556894.2 48720092060475.734 43347881381956.586 40420194139568.26 37269920249786.484 33827239063452.594 31579838618936.848 29987278120220.496 27425923831279.887 25579000835009.89 22540835346792.72 20286208370418.17 19071460449130.68 17786537026701.438 16419369219314.84 14953946364358.232 13368126628001.135 9686191880170.559 7443149223246.561 4671723213358.686
2675.000374759259 62464769796171.836 58579150076025.55 54659791135559.48 50654999874688.65 46501190249035.43 42112229021614.12 37360441734793.516 34788393470203.832 32037048559101.016 29051149440651.285 27113966183112.1 25746850571594.61 23557203722342.117 21984518091586.8 19406290348338.51 17497499087961.078 16469642447983.67 15382133415251.977 14223952362133.18 12980265886567.643 11630256538387.42 8468935019354.208 6517491618378.858 4080604831021.8145
2685.0003761602297 81877131654935.55 76668073390209.53 71514001264468.44 66321828427252.234 60989308198337.45 55388270439888.86 49335774395146.51 46054997037655.266 42535764096804.516 38699847555385.836 36199655994650.55 34429074527149.594 31581956671950.84 29528234065636.49 26145445364296.496 23628766352628.273 22269616240789.023 20828880384199.6 19291826809112.3 17638746763562.414 15842137145193.309 11630957580584.887 9030362957369.309 5769753118989.202
2695.0003775611995 62812612377595.66 59308666174630.75 55672181188748.89 51854987074897.39 47792933181813.66 43396115495938.85 38530224495706.72 35858132512965.195 32975559285059.773 29824689278371.055 27771228109882.836 26319155921197.9 23991042924559.51 22319142904234.45 19583712520105.688 17566992241445.82 16485372408052.547 15345093614674.477 14136108108027.234 12844960535090.059 11452797244993.09 8235160027583.024 6277349735463.744 3846897979880.1914
2705.0003789621696 93244233969813.44 87120015519758.69 81078008995518.14 75029632216513.12 68872864264194.54 62475637883643.53 55645101006256.484 51975902489804.54 48062599585934.39 43819262079512.56 41063328418443.45 39115227013698.805 35987069762096.766 33732512500873.918 30018338835596.875 27250908333287.6 25753458343429.715 24163044885691.848 22461926199791.574 20626128540426.586 18621801900834.38 13872584426395.418 10890022469416.658 7077233633972.049
2715.0003803631394 91186997535712.94 85929256178023.44 80590144265568.72 75103378526512.48 69379526872202.03 63290108418966.47 56637221380418.04 53003960032101.3 49087610344872.62 44797683190851.1 41990023773900.54 39996220962071.25 36780592007864.1 34453659862383.887 30607133795250.41 27734123039062.92 26178398335179.758 24526031022572.13 22759393214202.992 20854842232538.344 18779272686090.57 13887795396219.734 10843530234123.285 6989948794203.509
2725.0003817641095 82704654476957.28 78282256474154.83 73697254563501.19 68890417091888.125 63779675950798.78 58246185956693.35 52107489941859.39 48723604095132.19 45058259297227.74 41029000257128.5 38387416344502.97 36510784202175.98 33485011476522.742 31297775007140.88 27690121288180.215 25004731820897.43 23554718964186.117 22018228545823.1 20379954062474.895 18619389547411.26 16707831269302.672 12234310778208.875 9472848334527.79 5996199608272.027
2735.0003831650793 86633794725829.2 81886491939571.0 76987143824444.11 71872018903590.39 66454341669171.01 60609882090660.7 54149421196213.45 50597832945597.73 46758231296035.836 42546016934605.03 39789219627549.164 37832932488160.234 34682401979305.08 32407662732334.3 28660225008385.055 25874135450544.934 24370819075057.016 22778590872992.957 21081653500103.297 19258826433130.76 17280436125097.79 12652571256720.637 9795994350095.486 6195937128757.584
2745.0003845660494 113673615145558.77 107285872023989.7 100788972971003.06 94105794919898.16 87128855483669.22 79700412219582.16 71573732455541.72 67128062613480.72 62327368291701.46 57055167232331.48 53595024598736.875 51132457174573.15 47150065744098.49 44259108658178.234 39461266444401.2 35860687572458.23 33904394545109.21 31821214160744.617 29587595207480.848 27171902645294.152 24529788161372.027 18262003597316.613 14332191662547.701 9328233363353.334
2755.0003859670096 112178792315572.06 105564719998998.25 98881867392499.7 92049336116864.17 84958368887347.47 77452978128393.48 69292438520392.445 64849916945945.04 60069822879351.67 54841437591908.93 51422706672378.8 48996015285027.85 45083348631301.13 42252322261694.03 37571576325052.984 34073398818369.305 32177936983796.074 30163509313612.22 28008097238358.83 25682102640301.29 23143995011518.71 17145959660485.648 13399398149674.512 8637368279261.474
2765.0003873679793 144209295758780.38 134929758561130.88 125733473305924.23 116520313120100.75 107161703518658.33 97477618634266.12 87190255721425.69 81683562365218.89 75819557724386.98 69462643068489.12 65329392897406.305 62403195948829.47 57693107046014.53 54287198367566.18 48649974486343.484 44423555984862.78 42125666991656.61 39675690156438.78 37043506826693.766 34188291729577.77 31052232507382.234 23534505152698.016 18742615725431.09 12516582430517.615
2775.0003887689495 181022796070138.97 169075286866226.56 157302837188459.5 145599053230690.12 133820599694361.9 121758781880221.25 109081583935483.52 102345295939243.73 95200854642498.19 87477543373631.56 82460553957683.11 78907713407281.98 73182046604545.23 69032665316430.89 62139621469607.96 56944641125916.12 54108462676786.836 51074474109760.984 47802372184234.164 44237489897520.8 40302457825658.95 30784426925763.906 24658457689579.75 16646719179060.33
2785.0003901699192 128225863207162.16 121275019167074.27 114140909630789.73 106739305234989.0 98952200840737.55 90606066754464.84 81429574657850.19 76397634288840.53 70960097795312.0 64989307814655.94 61073537502088.555 58288830037876.75 53789997033294.9 50527906694360.625 45120964426345.46 41068014228673.67 38867119623366.79 36523955141479.45 34011603090312.2 31293678647956.203 28318795362265.707 21240751513440.293 16772635659142.86 11007895000678.248
2795.00039157089 158501310690091.34 149525624204370.28 140376648667218.94 130975445953727.66 121206693259150.6 110893060821211.47 99743355025039.9 93706758457769.25 87235056038341.6 80176663239944.38 75566892651799.72 72294604290554.05 67013149012331.984 63183351900978.09 56824290014362.91 52038911429471.484 49430095940493.91 46642686142440.85 43640614854547.016 40374760762719.19 36775198602278.15 28083679918439.12 22488671431965.37 15143943227111.396
2805.0003929718596 163173158890563.62 154424855252045.25 145466086243109.06 136202976504184.05 126498920325119.08 116146022174587.58 104808821101294.17 98603410287522.55 91898154447487.92 84525307832333.55 79678356095525.97 76223308690922.81 70623253480835.14 66545630477276.61 59748587389684.96 54617033787017.82 51815648065813.45 48820897619830.234 45595117365460.8 42087327449858.52 38225473189916.9 28939303040476.566 23009234950795.34 15310053164582.78
2815.0003943728298 170444685984212.72 161201342878259.03 151765565459055.5 142038503692285.38 131878285792092.98 121071144558694.47 109274706693520.64 102835254870001.66 95891436189769.42 88274096410062.97 83276801431897.61 79719580764953.38 73962356355947.4 69776259118827.79 62807172386420.984 57550110742681.55 54680553030835.48 51612316102004.49 48305706905688.47 44706647859547.97 40738104648466.125 31150202726422.11 24971800607325.47 16831815246246.494
2825.0003957737995 178467873129005.56 169395484233979.8 160065134488194.47 150365833209651.88 140138204235117.64 129142932064936.55 116997885609067.55 110303975413285.5 103034631088920.84 94998754914801.02 89691823268964.06 85897353305196.6 79727075649385.61 75218973570440.53 67676864402288.04 61961130033049.17 58833344764923.38 55484038741380.53 51870060024204.74 47933012840346.48 43590396605176.24 33115864981104.03 26403580526245.707 17649745084091.902
2835.0003971747697 159695220190626.44 152675737246202.38 145256051596095.1 137323286284062.42 128717702328503.11 119201853082516.42 108398837630162.92 102327786922168.39 95652989125028.3 88189681269371.23 83220928468619.56 79652675153587.81 73829061476399.5 69562580980374.83 62414161820700.06 56996722633539.86 54034864819999.85 50866806914526.67 47453843630317.445 43743771306860.45 39663070668898.94 29881509901365.055 23667839962948.883 15642463107660.502
2845.0003985757394 131262308845566.61 125949065971124.5 120208382604112.92 113937938062139.39 106994079977933.84 99165785321569.64 90123568680203.7 84986598118235.9 79305760685828.42 72926484001536.11 68670531412638.37 65612504829713.77 60622674971404.9 56970695211019.6 50865056037989.414 46253644269242.25 43739721053999.54 41057308175914.43 38175871922827.766 35054402297427.56 31635388635338.27 23508786471463.29 18400056711715.69 11843016642382.271
2855.0003999767096 77400207020941.34 73939780664362.66 70193836571915.766 66101755121460.74 61580107205887.664 56508885008008.695 50704885216861.55 47440589360509.516 43863515128213.25 39892442066883.31 37272374238473.16 35405063488467.164 32386736553226.79 30200878233877.598 26591670797560.934 23904245241288.45 22453416808793.6 20916566391448.477 19278725154204.492 17519863290781.67 15611998616828.87 11157474149134.44 8417001885449.329 4979847969791.537
2865.0004013776793 181924097906751.8 174683533798328.1 166950694820164.3 158595630781340.8 149433008980899.03 139184955414076.56 127406503783860.73 120721172356984.98 113316713740524.62 104970412141598.08 99374263435767.12 95335690425139.9 88708281630530.34 83823711012589.02 75582154704930.55 69286160073237.13 65824877449850.59 62107136482821.39 58083500879796.1 53687028875408.266 48823084817634.375 37036215461133.33 29451758138597.6 19555824566678.156
2875.00040277865 202487005322492.66 193303336344118.8 183681363079597.78 173483410613759.6 162514161975099.7 150483238245503.8 136930112048290.2 129354255946133.19 121052362141723.28 111796008646380.89 105644149347128.81 101229372769405.34 94026175648490.47 88747838561339.55 79895387151806.17 73173977218239.44 69492794602918.78 65549219401337.06 61292632509920.57 56654488638012.42 51537863148417.8 39195460246189.35 31286263703145.707 20968299930053.875
2885.000404179609 279088394720662.4 264075084922747.2 248848154453379.75 233269844563575.94 217138097172891.78 200140273292052.34 181759151990093.72 171784494637925.25 161056969571031.38 149298926550828.38 141576596321173.66 136069433796061.38 127128561387498.66 120598666358104.08 109655158240815.45 101324308919128.47 96743844180651.53 91817021482702.69 86470369159006.19 80603001949958.47 74070041138983.25 57975404016794.77 47339489927720.69 32979981802182.78
2895.0004055805794 322288051607772.2 302487716115058.2 282791203298265.75 263050401330510.78 243055178951605.75 222484096280601.34 200802927372423.97 189268965417877.25 177029810326678.72 163789989368995.66 155181010060423.78 149077960118428.06 139225624633513.42 132067569034999.67 120127816914653.33 111074162739771.64 106105305835313.89 100765417982820.1 94973656236888.94 88618694721636.05 81540315141862.81 64070219014890.38 52487691808146.12 36790412375337.266
2910.000407682039 395992120510621.4 366935987129227.3 338794412024865.6 311312677467480.6 284197184051239.9 257065087870176.7 229341818095488.3 214972943022810.22 200017392310685.06 184169680155836.2 174039187961413.12 166934655564602.8 155589217836040.78 147433201987635.62 133970819772881.45 123865288191408.12 118351672760854.98 112448908988844.94 106069689594466.89 99092888736886.66 91342694048178.3 72252268229822.2 59571096475360.625 42266313966048.086
2930.000410483979 453011739891571.7 418278636202778.56 384997102059875.06 352821716596327.2 321376551160895.94 290196752996719.25 258608977761949.5 242332285973794.06 225447803013055.84 207604136613923.25 196214733196563.4 188231528176652.72 175484483152306.56 166318186881595.25 151175060439008.94 139791368246749.3 133572840444870.31 126908868829483.73 119699078045922.02 111804516887682.39 103024114563710.3 81362103711308.73 66968946876123.664 47377352522479.586
2950.0004132859094 443817516337869.94 412921630957443.0 382896910566724.44 353474507800946.1 324326803066689.75 295006088890486.4 264818170152204.72 249048564578100.12 232521933225348.94 214861500726589.84 203482684680877.38 195458022886872.0 182563745670157.2 173232661354622.6 157717370868081.0 145979634890021.8 139543676873468.88 132629722751387.98 125131649840742.73 116902874357399.27 107731765357185.89 85046176389582.84 69944589892444.25 49374867744264.1
2970.0004160878498 438001299014634.6 409352694696361.4 381416286194135.0 353880079718246.3 326370700543756.1 298387737624647.5 269170361341516.8 253720558613873.2 237382746503216.34 219757697892750.84 208313445549335.3 200203366915042.0 187109141307637.75 177590099823946.16 161695798201950.16 149628817880682.47 143001193928847.7 135875082765473.12 128141950262416.92 119652130208172.52 110189946951560.94 86808028017687.17 71282162431822.19 50211299499896.01
2990.0004188897897 508223268156085.56 473576900019063.4 439799622893699.2 406609612786115.3 373656787055679.44 340456632637033.6 306251067924943.8 288385476033068.8 269670757505145.28 249684119534367.66 236811838261550.06 227734984635789.53 213148145707947.75 202587366151111.3 185008813730675.4 171685824737360.25 164368376526192.34 156495555760925.5 147941295669631.84 138530571124411.88 128009344516132.83 101803632627682.73 84194218680041.33 59981294823081.4
3010.0004216917296 533738934847825.4 499304373498977.5 465345742302276.8 431616166462674.75 397791018529864.6 363399838474905.3 327681848051107.94 308930651566680.4 289232084533236.56 268144798843643.03 254542546920516.4 244942939432615.66 229504034089960.7 218317797019101.66 199681878552588.4 185542337521627.9 177770017440626.53 169402131505534.8 160302618037110.62 150282234358509.16 139065700787415.62 111050523060786.64 92140246586907.1 65949195187484.125
3030.0004244936695 665692936787595.0 614727163032664.0 565944103570530.9 518827986010964.25 472817679086688.56 427236586228432.8 381144266451095.9 357461931219512.7 332978737434851.94 307234681256536.9 290889224493353.9 279476255911395.6 261327284763273.66 248327468397931.84 226919074573392.34 210853055279941.4 202076303461664.9 192664446215584.2 182468423763143.66 171280375950210.03 158796117003770.56 127705723138446.98 106702163279480.52 77446904370121.75
3050.00042729561 785221077942576.9 725522529289889.8 667884616997435.0 611895880019143.4 557085343600132.75 502847788912919.5 448280730318020.44 420420364914296.6 391771263446009.4 361820017918123.7 342888422413035.75 329703130951886.9 308780629594587.1 293818643051940.1 269200934215328.56 250725249334552.6 240624272284568.34 229781012870748.78 218015275947383.4 205073861267369.8 190583777786365.9 154201812973136.25 129338367032124.55 94320904106825.73
3070.0004300975393 867288088948225.9 790596591853186.8 719176032803700.0 652077532251650.2 588335694478446.6 526912191710680.8 466551158644929.75 436233455720873.44 405393794585827.5 373515040979024.5 353558318733640.5 339748121684797.94 317982791766516.8 302526615530366.6 277277424134893.0 258458169839294.66 248209479270919.56 237234799889383.72 225353943202122.0 212313218480527.5 197737612252005.22 161187734082533.78 136166053912087.33 100690835626008.42
3090.0004328994796 785649662479022.5 729112890883031.5 674719705635981.1 621930351755133.9 570138582629084.4 518592532325772.9 466223369662503.06 439216898830058.5 411221835332338.75 381693958476048.56 362890915570174.06 349733086946183.9 328754049203647.75 313680033830486.44 288756391738341.0 269957936779209.72 259648850970689.25 248558646119479.62 236498655021569.56 223203172595780.28 208278905163354.5 170601451039973.94 144618020483885.75 107511876615541.72
3110.0004357014195 1276779871115035.5 1142352054365791.5 1020399117288358.2 909226020861787.9 807037404343814.8 711909975032815.5 621674030172213.2 577563034275114.9 533529726986470.44 488919211201652.25 461475621276123.25 442708336837314.1 413507990035350.3 393051990512317.9 360115629874997.4 335919682466989.06 322852878389221.4 308934805666518.25 293942605285811.44 277562119150572.6 259328341501726.22 213809079892507.9 182646700884666.6 138142914523125.19
3130.0004385033594 1262595634945589.5 1138125463798767.0 1023860631441712.9 918430273296485.4 820340940225967.2 727918408398239.9 639149714426949.4 595318351813728.2 551240830696315.0 506221311825749.6 478329123714912.5 459164959263953.6 429200457634165.3 408105242698380.25 373973783830022.06 348787103597284.6 335152970553558.75 320610678603525.56 304928293159440.8 287779761084592.94 268684048928618.3 221054978035163.7 188540067305314.72 142270310548479.28
3150.0004413052993 1899960473834721.0 1678871662607108.0 1477716128680679.5 1294960448818533.2 1128745482854079.0 976817499576234.9 836376142471168.6 769351345424463.4 703671463971115.6 638511479479935.6 599184597021018.6 572651754816222.5 531996152860588.25 504001820305052.5 459831699675798.0 428120924323934.6 411254418528130.7 393480554082021.75 374542370058412.25 354073384204020.8 331526323386128.9 276064887814418.47 238529257718280.12 185023735805725.06
3170.0004441072397 2864390498078625.0 2507462519901652.5 2179850640710230.5 1880553511718169.8 1608182046323922.2 1360834483628252.0 1135854485309378.2 1030594810907977.4 929284024969420.8 830981165418173.2 772895247547045.2 734297912232349.0 676165656253545.5 636903175707830.9 576336099724326.2 533970796432697.8 511835577671323.44 488813249151476.75 464623207429906.1 438860022720947.6 410908796555715.56 343708373070914.4 299123955376675.94 236307109687865.22
3190.000446909169 2297775089881836.0 2035644691158349.8 1794194453860617.5 1572267033297664.0 1368399102683129.5 1180716145046457.5 1006715592289368.6 923778491782535.6 842746694225143.4 762736707827242.4 714693096418152.1 682404038411192.8 633146856493993.0 599395993012785.8 546435624216887.56 508637953039302.9 488607954497769.56 467552881678513.4 445173121897323.94 421039656412185.6 394508631956128.44 329347080260924.4 285171110849461.6 221816579719355.97
3210.000449711109 2706060536834849.0 2408959901215305.5 2131184830236178.5 1871713156405654.5 1629336099299715.2 1402562751791893.5 1189396492098637.5 1087030332176895.6 986770480125764.8 887798127041878.8 828525025121287.1 788815159184927.1 728526078295093.0 687485615854061.4 623683249992130.8 578713567916174.4 555110968327070.75 530487960372790.4 504537238335856.94 476813748396943.4 446640896010157.44 373719401006881.44 325052648691013.2 256062398339639.03
3230.0004525130494 2678851920162051.5 2403254566571664.5 2143205348344207.2 1897808783720043.8 1665952871203578.8 1446197122467683.2 1236535895758666.8 1134584649912832.8 1033829004849856.9 933429375740115.0 872840293403165.4 832055456847312.5 769845227638086.5 727306559255935.5 660894281977688.4 613901023087061.8 589182078208717.5 563358122390863.9 536104766012743.06 506952220210231.25 475186829440785.56 398304390544883.8 346917990302752.4 273830085328470.44
3250.0004553149893 4597051034418134.0 4021286007701360.0 3489293720839856.5 2999942685653812.5 2551584141432014.5 2141921879380522.0 1767758859539501.0 1592612882635481.2 1424400183999376.0 1262024968398595.0 1166766035476010.8 1103876329119957.5 1009968231069716.4 947233554216588.2 851840947054619.8 786313179581621.6 752522343938400.1 717725094090473.2 681558274469986.6 643490440627683.0 602703481668367.1 506512700894235.25 443641959159570.06 355372205283325.4
3270.000458116929 6700947783113247.0 5798226437889253.0 4966827212325276.0 4206463876369884.5 3516069059356079.5 2893588589473389.0 2335630678811457.0 2079252540914724.5 1836701182025328.2 1606627839026362.0 1473794662829332.0 1387065416122235.5 1259125531357343.5 1174793762567538.8 1048512716550352.2 963298213603106.0 919900964268025.1 875633068460339.4 830107477237131.5 782757562010491.8 732707555121039.2 617497861218568.8 544093346145403.75 442863898523285.1
3290.000460918869 7987027413043302.0 6964872907477414.0 6011606534039432.0 5127490688697894.0 4312097582373444.5 3564152800807129.0 2881273209737496.0 2563050889374364.0 2259352016205067.5 1969097629091396.0 1800753983959747.8 1690651320061306.5 1528175413901492.5 1421221189506616.0 1261723449799627.5 1154931735502791.5 1100945021147414.2 1046235487274648.4 990427430718712.8 932962913794071.0 872965615194686.8 738172700767521.8 654667444050165.1 541721856291117.3
3310.0004637208094 6119755148471878.0 5401819712218909.0 4728429877155834.0 4098934949770168.0 3512214338346409.0 2966549498213088.0 2459355791304844.5 2218987667019292.0 1986473767690269.0 1760693528320053.8 1627765497096399.2 1539878912827303.8 1408561914608096.0 1320865334769568.8 1187773791275010.0 1096725196442702.2 1049967848353834.8 1002002376966508.5 952391933806212.2 900493567559187.8 845307492517377.4 716997518781090.0 634284226757879.1 518748363402348.2
3330.0004665227398 6404592247178800.0 5695470985930731.0 5025779154833362.0 4394009531872546.5 3798113521346207.0 3235384496715679.5 2702213700086434.0 2445201310204998.0 2193459102345269.8 1945792070706654.0 1798447411456358.2 1700421990179679.8 1553130996445626.2 1454301061488282.8 1303856143279675.2 1200866585675679.2 1148048613181711.5 1093973847717033.8 1038214406858588.5 980135218661316.2 918739724271775.5 777827510825142.4 688419546155528.9 564815874883401.9
3350.0004693246797 5645176837764354.0 5053037065743313.0 4492708725512546.0 3962390592498300.5 3459796574143369.0 2982015995697655.0 2525205597161717.0 2303037983529279.5 2083809646987703.2 1866183911877891.0 1735582701653625.8 1648139013578603.2 1515764731272566.5 1426171453574044.5 1288343005140199.5 1192785537023978.8 1143334948663882.2 1092361728316115.4 1039405616511558.2 983790145208243.6 924462859056858.5 786120357500092.2 696824866174514.0 571804145475126.5
3370.0004721266196 3282829605851885.0 3034495928427158.5 2790712829023094.0 2550180277007651.0 2311348479980591.5 2072251849516664.5 1830152242031282.0 1706717746193668.8 1580661178118289.8 1450752794607033.2 1370182775800883.5 1315003687951654.2 1229362179687928.2 1169781863502227.5 1075161504380410.8 1007102377916977.2 970967097484170.9 932990083743184.2 892678335292448.0 849310659352345.9 801775410577996.4 685373656172679.6 606168243169448.5 490756515038360.5
3390.0004749285595 4607336313135826.0 4217340365513555.5 3837933359014505.5 3467349644590705.0 3103517240692020.0 2743897961394235.0 2385151264074569.0 2204664459114095.5 2022323936873659.5 1836869187496986.0 1723327097606429.0 1646319781466479.5 1528173388090054.0 1447082318205492.0 1320409409296685.2 1231065969717795.2 1184277578476723.8 1135607068890867.0 1084518444697700.9 1030220809487854.8 971484314366072.8 830788810938444.6 737022113965272.5 601694090783083.8
3410.0004777305 5274750968067167.0 4830061397106515.0 4396068528307072.5 3970827282108283.0 3552008780064430.0 3136706692049624.5 2721043404945732.0 2511399697478094.5 2299267061827465.0 2083224290915658.5 1950870835966067.8 1861105585790805.5 1723466965413761.0 1629129453730320.0 1482192405964111.0 1379071333231978.5 1325311482969879.8 1269610811063569.2 1211426118748456.0 1149951040186255.8 1083923314318479.0 927945194259307.4 825650870934611.9 679809841362650.6
3430.0004805324393 6384285527252473.0 5802838162201717.0 5239526188978270.0 4692507126250262.0 4159591711622230.5 3638085453724326.5 3124447271288700.0 2869057777634722.0 2613452197005438.0 2356307976358527.0 2200471749579024.0 2095550998534265.2 1935926248369624.5 1827414156461745.8 1659860487327417.8 1543311755518368.0 1482874832626446.2 1420473473994978.5 1355505156701173.0 1287070500332043.0 1213754095372614.0 1040883575473863.4 927301321415089.5 764451792163783.5
3450.0004833343696 5643040639526165.0 5131485721581597.0 4639373229221423.0 4164741638178468.5 3705202022455439.0 3257748929707381.5 2818348256347891.5 2599904302221059.5 2380927928666760.0 2159869071319232.0 2025292521772971.0 1934326901474347.2 1795224973962306.5 1700064870327782.5 1551936454884675.0 1447874634954751.5 1393530338500091.5 1337119797454945.2 1278044028100317.5 1215413721775570.8 1147835371010084.8 986484376973765.6 879060080310963.4 723622802902697.5
3470.0004861363095 5681136470767354.0 5187681448086028.0 4711288312692750.0 4249811439039339.5 3800706675783093.5 3360832962280738.0 2926032109312973.5 2708734598557260.5 2490116383213245.0 2268604489664928.0 2133345076297042.8 2041737130121789.0 1901349934022065.5 1805073528901867.8 1654731885180555.0 1548663304269534.8 1493078376244888.8 1435211193554067.5 1374397899951532.0 1309656852858117.2 1239458736080770.2 1070338625794657.6 956611055775123.9 790496241079253.0
3490.0004889382494 8231235541445509.0 7408546825558611.0 6624744990574050.0 5877120462879041.0 5162274198330184.0 4475901639189851.0 3812336425742699.0 3486725539551831.0 3163471459249292.0 2840691459030125.5 2646155256677096.0 2515608034701161.5 2317642202564671.5 2183521654622386.5 1977239934913883.2 1834474540530305.2 1760745146382304.5 1684887428343845.8 1606253939403514.2 1523877424175148.8 1436228821101277.5 1232454612855831.2 1100847542922226.4 914779361219796.6
3510.0004917401893 1.1260756331945146e+16 1.010442306341158e+16 8997500310376784.0 7937407600997139.0 6920745669209842.0 5943055368946794.0 4998289599362445.0 4535643076738799.0 4077514977505765.5 3621766674660409.5 3348223229856859.0 3165275380040862.0 2889060320494020.0 2702994701255504.0 2419193322230124.5 2225174308128930.0 2126039717469733.8 2025003532473642.0 1921511613988791.0 1814730468171134.8 1703319262195550.2 1455043746663298.0 1303431467763194.5 1099651470786535.6
3530.0004945421297 1.0710959027560054e+16 9638882580106754.0 8606236699863051.0 7611159764993153.0 6651110970008517.0 5722642924719848.0 4820885142589837.0 4377828099443076.5 3938249566497527.5 3500175651244440.0 3236864613572759.0 3060584769969475.5 2794111626022053.0 2614322294215288.5 2339439833483013.0 2150837580211800.2 2054164567753080.5 1955364162154865.0 1853820907249247.8 1748628800313211.5 1638372097389066.8 1390955567647766.0 1239171787388542.5 1035011127098443.6
3550.0004973440696 1.5816603915710674e+16 1.4196615915641082e+16 1.2634200135774956e+16 1.1126691943196228e+16 9670434147436116.0 8260529938217635.0 6890271089776546.0 6217092806557487.0 5549657408882765.0 4885523070064945.0 4487202020719623.0 4221088873784955.5 3820014289684703.5 3550530569516908.0 3141122363912696.5 2862923898640983.0 2721550645778612.0 2578187642563225.5 2432312740930706.0 2283159998175668.5 2129513828078791.0 1798086149477399.2 1606023275060245.8 1362065219420532.5
3570.0005001459995 6474610006062017.0 5974812133186806.0 5482663021350328.0 4996017599822501.0 4512244640621565.0 4027912809710442.5 3538154597073599.5 3289003878903803.5 3035203421028744.0 2774669763401064.0 2613839713818319.5 2504142198287068.0 2334812918658982.0 2217841727139185.0 2033867570098101.2 1903194966570230.8 1834468938178815.5 1762770192446432.2 1687286819961640.8 1606819019858297.2 1519497571886729.5 1309172057640157.8 1167956492521651.2 961739845395547.1
3590.0005029479394 5960434530271242.0 5493582050790242.0 5039187843703958.0 4594959357367228.0 4158017229238181.5 3724578564252671.5 3289301378251088.0 3068538290300078.0 2843741924398762.5 2612659519116154.0 2469606020413445.0 2371748625040193.5 2220055879131896.8 2114662626688097.5 1947507656250417.2 1827398658217827.8 1763641214808782.8 1696620081557803.5 1625436322125704.8 1548772968306451.5 1464599598705004.8 1257542825758459.8 1115396602007949.5 904549974630412.1
3610.0005057498793 9346420236162424.0 8508508757892223.0 7697306808740529.0 6910330575106671.0 6144255394700926.0 5394520061485824.0 4654532033902220.0 4285176311284813.0 3913857425261737.5 3537887641718571.5 3308473213479839.5 3153207035582774.5 2915570622118223.0 2752967283652398.5 2500163953075555.5 2323204103496198.5 2231178135489382.0 2136060553650876.0 2037026508841492.0 1932853140235707.5 1821615628894890.0 1562005647972444.8 1394017578831149.2 1155907854320365.2
3630.000508551819 1.1902124813612884e+16 1.0844276014755426e+16 9814669126802988.0 8810216434910651.0 7826718770699708.0 6858340202020866.0 5896572323675149.0 5414263356301541.0 4927924768555982.0 4434127967279429.5 4132261814687010.5 3927797370652564.0 3614776342517602.0 3400699923050587.5 3068581607849614.0 2837211416251787.0 2717512589794735.5 2594431693175603.5 2467188189171472.0 2334644058330634.5 2195024127129263.8 1879730580692621.5 1685369836234348.5 1423496481769359.5
3640.00050995279 1.315113740844259e+16 1.1968219289883172e+16 1.0815086001076366e+16 9688900767061628.0 8585771324699320.0 7500200378497949.0 6423983882743654.0 5885534822008375.0 5343770879718691.0 4795220682599193.0 4460791451729706.0 4234721890753735.5 3889417668042310.5 3653875309369117.5 3289569557536497.5 3036681471473496.0 2906181235172433.0 2772255573920923.0 2634108565089625.5 2490579792426284.5 2339856694358431.0 2001634907153514.8 1794887989489135.2 1518322805235624.2
3650.0005113537595 1.6502691886887766e+16 1.4846469567995352e+16 1.3247277503409156e+16 1.170440093692687e+16 1.021587042478053e+16 8777929861485292.0 7384026770488338.0 6700263830059307.0 6022496127340095.0 5347476144770060.0 4941836405717568.0 4670271893026101.0 4259739067541000.5 3982753081652653.5 3559418772255236.0 3269326791140358.5 3120889171652391.5 2969483869430319.5 2814335439394109.5 2654322637095494.5 2487710829585017.5 2120235840749885.5 1900832354014438.2 1613507761348020.0
3670.0005141556994 2.1822720278156356e+16 1.9648885449045496e+16 1.7540300346600754e+16 1.5495381415230396e+16 1.3510963769526982e+16 1.1581630939898314e+16 9698448592730336.0 8769767680765412.0 7846066914554514.0 6923193570210458.0 6367400887765028.0 5994912994614648.0 5431421725394342.0 5051177639348737.0 4470580401476915.0 4073838596935487.0 3871517939984174.5 3665895194070053.0 3456278115177364.0 3241713359347880.5 3020784465156349.5 2548186940619835.0 2280942393712717.0 1954453210066097.8
3690.0005169576293 1.6417504173547e+16 1.4892277931538404e+16 1.3408538013000584e+16 1.1963560923295636e+16 1.0553270813938496e+16 9171617074105462.0 7809346063303531.0 7131096926187514.0 6451235297147247.0 5765767615867716.0 5349445397033688.0 5068753237814199.0 4641260625956765.0 4350599599060763.5 3902777081369515.0 3593376301927337.0 3434275912157640.5 3271468066446300.5 3104111063396269.5 2930995555923530.5 2750258990026509.0 2350441169930334.5 2111552870384538.2 1800081364862002.8
3710.000519759569 1.2756091558140734e+16 1.1637795433495876e+16 1.0555046506480904e+16 9503841801694230.0 8478916204448978.0 7473206268426394.0 6476778103721060.0 5977610294928030.0 5474372738384094.0 4963278774774681.0 4650634884506726.0 4438721149344954.0 4113948416458842.0 3891489392053140.0 3545501716510084.0 3303510601574688.0 3177856726127528.5 3048209709332087.5 2913569722020630.5 2772457926848557.5 2622543749012272.0 2276828576306766.0 2056731163040633.8 1749202590840582.0
3730.000522561509 5290312576632145.0 4999246704540390.0 4706095953112073.0 4408997365560957.0 4105496606024252.0 3792148933801841.0 3463705577425085.5 3291265193791608.0 3111178378129268.0 2920819940083696.5 2799999591155484.0 2715887430250156.5 2582870640515158.5 2488331465981507.0 2334195589904265.5 2219713490661641.0 2157492266203708.0 2090906961432813.2 2018793000798499.5 1939466169874209.0 1850360740774497.2 1622521527581485.0 1459467779018641.0 1208630546292829.5
3750.000525363449 6770218832204160.0 6359640315342377.0 5948380405553390.0 5534091097836632.0 5113734305380731.0 4683121906601243.0 4235987213965482.5 4003218002461041.0 3761803025096970.0 3508743411390290.0 3349431835327118.5 3239207481264353.5 3066210612056495.5 2944382476813169.0 2748160155321712.5 2604690587676386.5 2527631210594482.0 2445925293061585.0 2358338148504764.0 2263065690602248.5 2157328517628688.8 1892215881256220.8 1706071022780294.8 1423138022534368.8
3770.0005281653894 1.6797648094457796e+16 1.5371231954873908e+16 1.3972895035822604e+16 1.2598423242161144e+16 1.1242003885720208e+16 9895462401018446.0 8546697431421342.0 7865844622547565.0 7176165978374638.0 6472581141213446.0 6040758802130696.0 5747510162075908.0 5297337092359278.0 4988569524886547.0 4508004000514358.0 4172000663816693.5 3997743353542351.0 3818250509658764.0 3632367967784408.5 3438452268128909.0 3234008081768819.0 2773257184061425.5 2491260730387858.5 2113506356863342.0
3790.0005309673293 1.9015903208307148e+16 1.738399036279348e+16 1.5784784845318422e+16 1.4213367420087876e+16 1.2662985750126138e+16 1.1124181497874392e+16 9582926745789260.0 8804790270511720.0 8016297085997445.0 7211317939477682.0 6716753933117602.0 6380570458222559.0 5863799082185295.0 5508750005006003.0 4954968270280402.0 4566866739902026.0 4365334107133350.0 4157627654735620.5 3942503798865075.0 3718247631007643.5 3482346780802679.5 2956177010478350.5 2642094304274077.0 2237992770160743.8
3810.0005337692596 1.641203238980744e+16 1.5138072942929634e+16 1.3874485184768818e+16 1.2615947755466024e+16 1.1355595171033022e+16 1.0084180873469674e+16 8788408351797812.0 8125276098379574.0 7447107845389346.0 6748392746812134.0 6316014777747277.0 6020796174241175.0 5564969726960832.0 5250366815656967.0 4757213100180206.0 4409562486041238.5 4228235835377222.0 4040669988108883.0 3845536110547281.0 3640960715701459.5 3424131061737083.0 2931230744060790.0 2627130592143777.0 2218470202894822.2
3830.0005365711995 6478349653454951.0 6175308100197037.0 5862187823091238.0 5536715228355489.0 5195754436236229.0 4834744815826369.0 4446550215070012.0 4238724327629886.0 4018725488479425.0 3782888676864154.5 3631457146263451.0 3525246455725800.0 3356009620006355.0 3234839490714433.0 3035925439861067.5 2887350241025576.0 2806403445410887.5 2719688579230022.0 2625722914581886.5 2522356401990934.5 2406301250130408.5 2110032651513573.0 1898568945550895.0 1573983388665854.2
3850.0005393731394 1.1910221785916524e+16 1.1140279500323202e+16 1.0363014683892482e+16 9574237831427348.0 8768404793435137.0 7937733856984475.0 7070464800308518.0 6617488726071109.0 6147015834221830.0 5653742921344107.0 5343643091891137.0 5129568584453711.0 4794964192481807.0 4560909927203590.0 4188368557329578.0 3921151630219761.5 3780089347916325.0 3632812947715828.0 3477941668318862.5 3313461120140777.5 3136239106126115.0 2717795333034526.5 2444747840765667.5 2056141396085396.2
3870.0005421750793 1.167025216867486e+16 1.0922386788635398e+16 1.0166663166009534e+16 9398807643517976.0 8613239672842617.0 7802282791586735.0 6954640945672137.0 6511791359241413.0 6052007343492909.0 5570433148062084.0 5268106198013034.0 5059643004890267.0 4734273589815668.0 4507037527066119.0 4145923520769998.5 3887220681923332.5 3750688571507455.0 3608107100373631.5 3458060923159800.0 3298471120081888.0 3126094807957916.0 2716398406958221.0 2446515090984005.5 2058594089122584.2
3890.0005449770197 1.313952226423846e+16 1.2200226662840628e+16 1.126679671873118e+16 1.0335101808510724e+16 9399722593873860.0 8453210213656958.0 7484639730754423.0 6987011337706579.0 6476432658645916.0 5948315250249955.0 5620286090659296.0 5395703666559996.0 5047829088202119.0 4806812858323126.0 4427050620848564.0 4157308100157979.5 4015638688572232.0 3868117073038161.5 3713239422433979.5 3548777145062062.0 3371239909735354.0 2948367839812703.0 2668079253231661.0 2261270809090699.5
3910.0005477789596 1.896397901344374e+16 1.7419420907997986e+16 1.5899633588005762e+16 1.4400294375501294e+16 1.2915273780109168e+16 1.1435574318621602e+16 9947259088660086.0 9193168801099964.0 8427010677280267.0 7642639036697294.0 7159664577998020.0 6830934975167485.0 6325051155219189.0 5977168905692857.0 5434243224743766.0 5053583685561037.0 4855822981695364.0 4651850135772545.0 4440260943591065.5 4218981523396181.5 3984724373222606.0 3449243348085565.5 3112260851144948.0 2644808805908999.5
3930.0005505808995 6920471755464827.0 6579423403527252.0 6231894031329082.0 5875620270438037.0 5507488183848628.0 5122944153757027.0 4714753430570594.0 4498128285117381.0 4269934741183487.5 4026153128842093.0 3869781742072935.5 3760035963310314.0 3584777499443776.0 3458781692538546.5 3250460612279045.5 3093209229521186.0 3006807225635373.5 2913616869455348.0 2811855737256009.0 2698949424773448.0 2570973758939751.0 2238721219440873.5 1997318644309349.2 1622973075839087.0
3950.0005533828294 1.398120749844446e+16 1.2949425795799326e+16 1.193250859404043e+16 1.0926441296026054e+16 9925855608610934.0 8923285338910471.0 7907729331239547.0 7389963438548652.0 6861418498301376.0 6317347867296497.0 5980543910476821.0 5750325537055571.0 5394031099659687.0 5147129461248900.0 4757205621912317.0 4478785759674763.0 4331757386715042.0 4177859820326655.5 4015197429291892.0 3840951085768715.0 3650688951669369.5 3185658115069643.5 2866095789961245.0 2384299327549991.0
3970.0005561847693 1.0120837976983722e+16 9497228996562372.0 8873089209751027.0 8245190178672521.0 7609127708516283.0 6958567529340742.0 6283679800916031.0 5932257226697894.0 5567360328374160.0 5183945360829666.0 4941817945450801.0 4773846258470543.0 4509327502203842.0 4322315949112922.0 4019742572660954.0 3797459541535390.5 3677721387801150.0 3550511411725300.5 3413863026582889.0 3264888770610906.0 3099118554744997.0 2681362217216117.5 2386615110742772.5 1938699512491039.5
3990.000558986709 3.1853464425110496e+16 2.8959292173668068e+16 2.6132692773600524e+16 2.337020755054646e+16 2.066570755309596e+16 1.800890389454498e+16 1.5382393627796524e+16 1.407165497851388e+16 1.2755120594730896e+16 1.142411671691522e+16 1.0613395952206794e+16 1.006555546003203e+16 9228900811280080.0 8658191566503733.0 7775457500807964.0 7162902276224579.0 6847065663963994.0 6523338789189578.0 6190128874753097.0 5845205918180212.0 5485183463941126.0 4691157874853808.0 4218568863273698.0 3599501778507253.0
4010.0005617886495 4.241061505747007e+16 3.855930802515759e+16 3.4777138407459024e+16 3.1060627521152716e+16 2.7403017214669044e+16 2.3792494193519372e+16 2.0208747440833644e+16 1.8416474953207696e+16 1.6614959405829676e+16 1.4793522185589192e+16 1.368457258256359e+16 1.2935591317282748e+16 1.1792542007683538e+16 1.1013467830635104e+16 9809624210810258.0 8975233373062407.0 8545428689242890.0 8105288628861064.0 7652877642638141.0 7185658265923955.0 6700144541450484.0 5649518634516536.0 5054407623452600.0 4334682318082068.5
4030.0005645905894 3.328809999931801e+16 3.025882205346918e+16 2.730277484003294e+16 2.4416600201782012e+16 2.159404331440857e+16 1.8824459693074256e+16 1.6089913898002786e+16 1.4726718302253188e+16 1.3358588020806758e+16 1.197657827062661e+16 1.113531306111697e+16 1.0567002442621678e+16 9699205664349904.0 9107184917068622.0 8190917113161985.0 7554205126100427.0 7225434194709200.0 6887985534369049.0 6540045067457240.0 6179112095577959.0 5801509028504018.0 4967169623383465.0 4473042749238887.5 3834675045285307.0
4050.0005673925293 3.526951776547278e+16 3.225734705285857e+16 2.929424040631354e+16 2.6373994628502764e+16 2.348705187531257e+16 2.0618622266942012e+16 1.7745122721894156e+16 1.6294903805009296e+16 1.4826098916962524e+16 1.3327612320023016e+16 1.2407632245045596e+16 1.1782625073836626e+16 1.0822578457623802e+16 1.0163590203187526e+16 9137130759832954.0 8419203665160119.0 8047060945248831.0 7664139163674911.0 7268383430664083.0 6857005718204787.0 6425982912929446.0 5474011780120579.0 4914009233183120.0 4200994899890690.0
4070.000570194459 3.1638118671822136e+16 2.9101392132607988e+16 2.660013396021602e+16 2.4126709952305944e+16 2.1670062683381456e+16 1.9213771622937884e+16 1.6732163490960994e+16 1.546935291365619e+16 1.4181473348775092e+16 1.285642617374234e+16 1.2036225468419286e+16 1.1475585435804784e+16 1.0608115729727636e+16 1.0007501208069278e+16 9061579488653554.0 8390622050419788.0 8039108364855675.0 7674338685168354.0 7293659495663823.0 6893489708524718.0 6468756300114143.0 5508897864273029.0 4931347557502334.0 4187279561321781.0
4090.000572996399 4.70510269135439e+16 4.277819723244738e+16 3.858785980724204e+16 3.447667823020105e+16 3.0437068347157228e+16 2.6454961977693092e+16 2.2505667355083976e+16 2.053063541116473e+16 1.854450770754065e+16 1.6534484377527468e+16 1.5309214591807926e+16 1.4480803797029172e+16 1.3214851029980478e+16 1.2350607560025426e+16 1.1012418460304966e+16 1.0082556506585804e+16 9602672245832116.0 9110512483102524.0 8603746945139187.0 8079307307606916.0 7532985403922431.0 6345660833220568.0 5671187869345243.0 4857188536779620.0
4110.000575798339 3.097498649321563e+16 2.814604625583385e+16 2.5418088642544836e+16 2.2785824423816388e+16 2.0240308104738024e+16 1.7767313684518728e+16 1.5344241762303826e+16 1.4140524815786134e+16 1.2933130067861998e+16 1.1711902802804132e+16 1.0966468753233302e+16 1.0461492977020192e+16 9687372088958742.0 9156504977507462.0 8328899064536700.0 7748110033936810.0 7445848074333961.0 7133563014797102.0 6808992903747358.0 6468948189052399.0 6108635702005793.0 5288868854364268.0 4781510117291406.0 4094731638129758.0
4130.000578600279 3.5936069423360544e+16 3.275687163323697e+16 2.9655966190263784e+16 2.662799228251228e+16 2.366406750941294e+16 2.075009014749617e+16 1.7863329200318968e+16 1.6418960797020884e+16 1.4964584567171702e+16 1.3489282394606134e+16 1.2587435182840626e+16 1.1976238926427666e+16 1.1039336418828018e+16 1.0397206644431958e+16 9397506463699156.0 8697592681786137.0 8334124658308025.0 7959350010476432.0 7570842551339880.0 7165238455481474.0 6737587882377032.0 5777745291959489.0 5198270138744408.0 4437665465196277.0
4150.000581402219 3.3185688434957628e+16 3.0414029575414668e+16 2.770141088717842e+16 2.5040137406813496e+16 2.241910716890546e+16 1.982218006183111e+16 1.722490189552933e+16 1.5914477389600746e+16 1.4586608308275456e+16 1.3230109755075574e+16 1.2395650307993852e+16 1.1827645751262058e+16 1.0952694006705242e+16 1.0349755196239634e+16 9405059424898806.0 8738689051153729.0 8390815191430588.0 8030692255385525.0 7655734638437581.0 7262372654441027.0 6845385362280735.0 5900398619370231.0 5323272409342172.0 4557808113032215.0
4170.000584204159 3.4456334098504812e+16 3.147941778448668e+16 2.858320061070604e+16 2.5759986376279064e+16 2.2998278040914856e+16 2.0281086636339924e+16 1.758254150813265e+16 1.6228059255589878e+16 1.486026451665693e+16 1.3467979766217904e+16 1.2614188031325742e+16 1.2034308516179608e+16 1.114334160837709e+16 1.0531173111750028e+16 9575443429158630.0 8904118802535860.0 8554651896232990.0 8193595296148889.0 7818391133902269.0 7425436939847293.0 7009335213614834.0 6064684856326483.0 5482089700802029.0 4693546293421741.0
4190.000587006089 3.5858628839676588e+16 3.2910966246793012e+16 3.0014493880142268e+16 2.7161448826824656e+16 2.434036135754397e+16 2.1534113080671588e+16 1.8716145080143024e+16 1.728999536905673e+16 1.5841951395072602e+16 1.4360041196692496e+16 1.3447490045434166e+16 1.2826151736837236e+16 1.1869254762588216e+16 1.1210432736970196e+16 1.018033393094914e+16 9456393216173778.0 9079728287355660.0 8690926167323516.0 8287492023428826.0 7865909332320200.0 7420869389433216.0 6417199056904664.0 5803058993217648.0 4976610161627796.0
4210.000589808029 3.092602931515609e+16 2.8307845840452548e+16 2.575396255383188e+16 2.3258959407256136e+16 2.0814623715909812e+16 1.8408594187669412e+16 1.6021693847046108e+16 1.4826231605526402e+16 1.3621943611628806e+16 1.2400275861731378e+16 1.1653819296550032e+16 1.1148261124741652e+16 1.0374092042113846e+16 9844243456066344.0 9020803159776670.0 8445204777213850.0 8146363213805564.0 7837987208680857.0 7517608721195087.0 7181549607887857.0 6823963348459767.0 5994487076980514.0 5458832867433320.0 4688594432783488.0
4230.000592609969 1.7847311211052424e+16 1.6504019747067224e+16 1.520363455054371e+16 1.3941355772121422e+16 1.2710646906844958e+16 1.1502347732934408e+16 1.0302800456067548e+16 9699794550672868.0 9089183042760676.0 8464389330714639.0 8078512207707409.0 7814643958807346.0 7405174592527746.0 7119862714754079.0 6664616710586215.0 6334177743681770.0 6157178733256109.0 5969640076892829.0 5768506655518104.0 5549274856610509.0 5304944592017656.0 4684266326363435.0 4238681579656076.5 3541777284483319.5
4250.000595411909 3.3610231806124804e+16 3.079097260044707e+16 2.8030017381609388e+16 2.5323567029872684e+16 2.2664801409594144e+16 2.0042164688635136e+16 1.7436092990991438e+16 1.6129387029681564e+16 1.4811954140885798e+16 1.3474240273011874e+16 1.2656176404474566e+16 1.2101805911788476e+16 1.1252419796829578e+16 1.0670812275740182e+16 9766694936660730.0 9134828693807956.0 8806972919828961.0 8468934910195681.0 8118206582248610.0 7751076011414374.0 7361655277226909.0 6465454156872466.0 5893073507682709.0 5078518071568162.0
4270.000598213849 3.268777572845774e+16 3.0162946483442584e+16 2.7667288482440224e+16 2.5195152867852332e+16 2.2737683642842644e+16 2.0280810509282252e+16 1.7801347915134826e+16 1.6541506072061128e+16 1.5258480209994614e+16 1.3940919320597138e+16 1.31269862524735e+16 1.2571529783420288e+16 1.1713843653491842e+16 1.1121520751252206e+16 1.0191753808178174e+16 9534868020868214.0 9191590491254696.0 8835883670233491.0 8464975066084557.0 8074874272384532.0 7659433146415439.0 6701375134286086.0 6092546054154391.0 5233310024646132.0
4290.0006010157895 3.1997949186120164e+16 2.962872796844489e+16 2.7268200098624196e+16 2.4909955867797964e+16 2.254452489681397e+16 2.0157429641082776e+16 1.7725407715767844e+16 1.6481044578882432e+16 1.5208200140389312e+16 1.3895795814896358e+16 1.3082713480582936e+16 1.252696481609652e+16 1.1667680481360286e+16 1.1073628399254836e+16 1.0140582397799396e+16 9481373801216586.0 9137022297262722.0 8780377846183376.0 8408732033420991.0 8018147895748582.0 7602490565129015.0 6644343940097953.0 6035188900403002.0 5176776210634692.0
4310.00060381772 3.5672271676173772e+16 3.318598905192016e+16 3.068314948302426e+16 2.8155296505209988e+16 2.559001130057298e+16 2.2968391725503996e+16 2.0260058162018476e+16 1.8858259545582764e+16 1.7411989797369244e+16 1.590637027181136e+16 1.4965503903756166e+16 1.4318541584127126e+16 1.3311554349972916e+16 1.2610329562042418e+16 1.1500025953105398e+16 1.0708818420948712e+16 1.0293362227991196e+16 9861682828641090.0 9410637632587352.0 8935873570677033.0 8430972379966954.0 7280383254931412.0 6571068522483221.0 5610865928736241.0
4330.000606619659 5.282258869995918e+16 4.857253654671899e+16 4.435708592798055e+16 4.016828026240656e+16 3.5993041808200348e+16 3.1809956409205576e+16 2.7582804145822084e+16 2.543403301512721e+16 2.3245642994026588e+16 2.0998291789835764e+16 1.960968904113964e+16 1.866174755448392e+16 1.7197194400564574e+16 1.6184988867434492e+16 1.4594857365540916e+16 1.3471241606382378e+16 1.2884627708939046e+16 1.2277855452931122e+16 1.1647291522543362e+16 1.0988163291089892e+16 1.029388048610445e+16 8752635559685544.0 7848013486660429.0 6699245946201271.0
4350.0006094216 5.7203821246518424e+16 5.257901020138904e+16 4.796380138286892e+16 4.335039782743051e+16 3.872664009619174e+16 3.4073139286072548e+16 2.935740888201973e+16 2.6959482385146972e+16 2.4520384152923904e+16 2.2022872071701536e+16 2.0485810612894132e+16 1.9440258828764604e+16 1.783259492890602e+16 1.6728258507328656e+16 1.5007648715647786e+16 1.3804757180515454e+16 1.3181783135502444e+16 1.254143937245134e+16 1.188067172238178e+16 1.1195398275408308e+16 1.0479794978332698e+16 8912322374306949.0 8000294567886356.0 6837913207923353.0
4370.000612223539 6.136667984468536e+16 5.63902056076351e+16 5.1426214137159336e+16 4.646590242623334e+16 4.149572700705409e+16 3.649438036213801e+16 3.1426527368156436e+16 2.884953854338255e+16 2.622815400062785e+16 2.35436265706746e+16 2.1891158613135224e+16 2.076692285644474e+16 1.903794739231268e+16 1.785005772111334e+16 1.5999033870191368e+16 1.4704999833781106e+16 1.4034928573478868e+16 1.3346319526445904e+16 1.2635981446957228e+16 1.1899672060889106e+16 1.1131380695868994e+16 9452560511990228.0 8480551429579002.0 7249932911883808.0
4390.000615025479 5.03937998482348e+16 4.654660362191968e+16 4.2699130702648264e+16 3.8841332900141176e+16 3.4958528733175612e+16 3.1028466974844484e+16 2.7015384446465104e+16 2.495983798744501e+16 2.285649576850048e+16 2.0687605736997716e+16 1.934408828714852e+16 1.842599557741646e+16 1.7007114948625266e+16 1.6027021009306052e+16 1.4490401069491524e+16 1.3408656436054262e+16 1.2845811961475038e+16 1.226527300047383e+16 1.1663895225120606e+16 1.1037362818449932e+16 1.0379297144975214e+16 8916712290174755.0 8043005742863711.0 6891808625167585.0
4410.00061782742 5.389165659404071e+16 4.967622551440583e+16 4.547795471626596e+16 4.1287063457507224e+16 3.7088572531151624e+16 3.285899005985823e+16 2.855950072995036e+16 2.6363715094633452e+16 2.412013100176698e+16 2.180832920856434e+16 2.037602002674628e+16 1.939661811519917e+16 1.7881125466064884e+16 1.6832354243705288e+16 1.518353448613538e+16 1.4018603617471734e+16 1.3410892120661602e+16 1.2782889162494092e+16 1.213110740623452e+16 1.1450893345259098e+16 1.073560769720306e+16 9148354039523446.0 8208690177038005.0 6987266834519789.0
4430.000620629359 5.739088551888208e+16 5.255953518775068e+16 4.778667795678936e+16 4.3066689779673976e+16 3.838874355681542e+16 3.3733633335455056e+16 2.906755576682361e+16 2.6712750353768372e+16 2.432817700610118e+16 2.189576715133942e+16 2.0402420186184652e+16 1.9387792291480796e+16 1.7828971581520616e+16 1.675869398615893e+16 1.5091090999602098e+16 1.3924457643381204e+16 1.331969148721766e+16 1.2697416035358376e+16 1.2054300643202498e+16 1.1385769521349278e+16 1.0685082714559568e+16 9132945024538492.0 8209141392420466.0 6992669540263462.0
4450.00062343129 6.0003227313334376e+16 5.506686934973602e+16 5.017582712322975e+16 4.532257972425847e+16 4.049372209085501e+16 3.566638088444713e+16 3.0801204069665624e+16 2.833414542485428e+16 2.582673686794939e+16 2.325855355873317e+16 2.1676170930873612e+16 2.059844196300965e+16 1.8938406892395612e+16 1.7795568146476406e+16 1.6009889122351092e+16 1.475712700526564e+16 1.4106668613278566e+16 1.3436739835952986e+16 1.2743851059544888e+16 1.2023293784991836e+16 1.126827443548583e+16 9601272843080212.0 8617586622854253.0 7336596352303417.0
4470.000626233229 7.045243235470269e+16 6.451833702444676e+16 5.863262351096947e+16 5.278833937932923e+16 4.69717281326284e+16 4.115812539491243e+16 3.530420804792745e+16 3.233973595843175e+16 2.9331156567989884e+16 2.6256135003169956e+16 2.4365830154226536e+16 2.308075378645849e+16 2.110584988892316e+16 1.9749999910424816e+16 1.7639102441383196e+16 1.616512375067607e+16 1.5402630077329602e+16 1.4619719073397976e+16 1.3812960168905704e+16 1.2977778154060136e+16 1.2107625543154776e+16 1.021055251320648e+16 9112027845295854.0 7706019332085556.0
4490.000629035169 7.380027762080202e+16 6.757481171182346e+16 6.140335356157642e+16 5.527926693713149e+16 4.918877482420309e+16 4.3106574921846696e+16 3.6987518044367656e+16 3.389058723646771e+16 3.074847869930231e+16 2.7537459840914924e+16 2.556355658793542e+16 2.422157698439098e+16 2.215906826318277e+16 2.0742984555715776e+16 1.8538330826751896e+16 1.6999097202523252e+16 1.6202989499853046e+16 1.5385711148396862e+16 1.4543744152166174e+16 1.3672417587053198e+16 1.2765093278882946e+16 1.0790301595295528e+16 9650644923155598.0 8198775695111770.0
4510.000631837109 8.793035385175517e+16 8.031444523855094e+16 7.276165971123475e+16 6.526844170538545e+16 5.782336546754622e+16 5.040208102152975e+16 4.295786898832511e+16 3.920190206128578e+16 3.5401268821843444e+16 3.152978321695381e+16 2.9157105403162324e+16 2.7547519596356628e+16 2.507978790269107e+16 2.3390145607994024e+16 2.0768233492890656e+16 1.8945060070607228e+16 1.8004994383454294e+16 1.7042385650665288e+16 1.6053776034694942e+16 1.5034710872271596e+16 1.3979053357491344e+16 1.171051227609079e+16 1.042872940808783e+16 8830121220428508.0
4530.000634639049 6.880269391084664e+16 6.298719603715443e+16 5.723621793105578e+16 5.154430190167641e+16 4.58991793739927e+16 4.027764613649704e+16 3.463783269917015e+16 3.178916095651525e+16 2.8902528372867184e+16 2.595593045637078e+16 2.414599094184096e+16 2.2915968766893732e+16 2.102604103862754e+16 1.9728586656151616e+16 1.7708249696533978e+16 1.6296858634476604e+16 1.556636003946144e+16 1.4815883515306718e+16 1.4041903855479156e+16 1.3239610883388376e+16 1.2401918563660644e+16 1.0562025556727832e+16 9478702694694454.0 8058426867436919.0
4550.0006374409895 8.0045146767777e+16 7.320449654560707e+16 6.642711443590734e+16 5.970807098771413e+16 5.303487883491854e+16 4.638278904930475e+16 3.970597922158302e+16 3.633398246559911e+16 3.2918574664352028e+16 2.9435079119849616e+16 2.7297538570709744e+16 2.5846179629970944e+16 2.3618846147671052e+16 2.2092167010783784e+16 1.972018737328423e+16 1.8068262250835468e+16 1.7215434356958282e+16 1.6341181303911108e+16 1.5441983094015424e+16 1.4513148777116216e+16 1.3547932847545402e+16 1.1453318405039028e+16 1.0244478245209414e+16 8692609923714492.0
4570.000640242919 8.79429063385726e+16 8.047244526864576e+16 7.306021369248378e+16 6.570099719048837e+16 5.838117041327916e+16 5.107337884924672e+16 4.372663493626692e+16 4.001149716431417e+16 3.62449642559119e+16 3.239922286110754e+16 3.003699976704864e+16 2.8431850111905376e+16 2.5966178169477896e+16 2.4274197165228944e+16 2.164155686773461e+16 1.9804889779455104e+16 1.8855568367501252e+16 1.7881615331893576e+16 1.687912584638868e+16 1.5843030633605628e+16 1.4766332997944522e+16 1.243819117229366e+16 1.1112920879182644e+16 9453567712390486.0
4590.000643044859 8.33840234787017e+16 7.637861324413402e+16 6.941754447932949e+16 6.249360937461911e+16 5.559138052752963e+16 4.868209399842604e+16 4.1714068719959784e+16 3.818102794352426e+16 3.459222237420817e+16 3.09208171209055e+16 2.8662422670387068e+16 2.7126681188907216e+16 2.4766490918574012e+16 2.3146750149883684e+16 2.062815879424957e+16 1.8874005279789216e+16 1.7968915105154216e+16 1.704181560147582e+16 1.6089388014827166e+16 1.5107185291957262e+16 1.4088680083563894e+16 1.1886261984751968e+16 1.0615740343310558e+16 8967411420597293.0
4610.000645846799 8.763901085352408e+16 8.032036251646554e+16 7.304015543503987e+16 6.5790461769889176e+16 5.855462984702624e+16 5.130183954364308e+16 4.397691252845713e+16 4.025860949119915e+16 3.64784659131429e+16 3.260780056220434e+16 3.022489775601722e+16 2.860355289847416e+16 2.6110144710144296e+16 2.4397664364070036e+16 2.1732381877104284e+16 1.98740143208804e+16 1.8914432636065616e+16 1.79309963852411e+16 1.6920168364032018e+16 1.5877279227480544e+16 1.4795630817613624e+16 1.2460212380295936e+16 1.1121970312124256e+16 9407341056928540.0
4630.000648648739 8.874490948535112e+16 8.128299912448091e+16 7.385750973740326e+16 6.6460529531478696e+16 5.907560062104093e+16 5.167248878657552e+16 4.4197511064796744e+16 4.0405315257650664e+16 3.655316118905892e+16 3.2614007762295724e+16 3.0192860617495024e+16 2.854779589436732e+16 2.602256272605315e+16 2.429227729060679e+16 2.160767630730478e+16 1.9743290061515444e+16 1.8783418503679612e+16 1.7801862713591738e+16 1.679536051319743e+16 1.5759454271944462e+16 1.4687425521124644e+16 1.2374575558538772e+16 1.1039253445439438e+16 9295450982421572.0
4650.0006514506795 8.398523278816822e+16 7.692409910573541e+16 6.991173615726933e+16 6.294094247659019e+16 5.599622276799216e+16 4.9048708586900344e+16 4.204676032719412e+16 3.8498583361339976e+16 3.4896260238158704e+16 3.121373521714489e+16 2.8950447967736652e+16 2.7412523430902936e+16 2.5051296036272044e+16 2.343284084252163e+16 2.092019065630671e+16 1.917333048451682e+16 1.827300763677792e+16 1.7351401060990168e+16 1.640506259863814e+16 1.5429210714956318e+16 1.4416557551174296e+16 1.2215698257245758e+16 1.0929098045731708e+16 9228988644523396.0
4670.000654252619 9.326158781221957e+16 8.54000188324537e+16 7.757846663158282e+16 6.978995007795335e+16 6.20188976659929e+16 5.4235797296739976e+16 4.638722731170793e+16 4.241041852640924e+16 3.837471013496592e+16 3.425244299776491e+16 3.1721235010392908e+16 3.0002535211746096e+16 2.736617337397928e+16 2.5561148537130348e+16 2.2763032756027864e+16 2.0821735290039452e+16 1.982295269701242e+16 1.880214144732862e+16 1.7756001316502542e+16 1.668000804758222e+16 1.5567277605024898e+16 1.316837501009902e+16 1.1782194299835526e+16 9965297956477602.0
4690.000657054549 8.97180927851892e+16 8.216051769975938e+16 7.464881143209893e+16 6.717673844893278e+16 5.972993783464634e+16 5.228084303595083e+16 4.477918908449258e+16 4.098222980935128e+16 3.713192005093612e+16 3.3202094393065004e+16 3.0790618396782892e+16 2.915390377503026e+16 2.664436755710535e+16 2.4926879956186744e+16 2.2265372203130276e+16 2.0419154390973016e+16 1.946919587778851e+16 1.8498050724220076e+16 1.7502336166426026e+16 1.6477317644298722e+16 1.5415639012145544e+16 1.311392145641053e+16 1.176770807394201e+16 9977355690370904.0
4710.000659856489 8.327747197394774e+16 7.637837962419562e+16 6.953390091735456e+16 6.273763686135918e+16 5.597516089946962e+16 4.921896430439913e+16 4.241898577070679e+16 3.897629748397072e+16 3.5482731073915364e+16 3.1912434775456972e+16 2.9718235768361536e+16 2.8227117659105516e+16 2.593720019550523e+16 2.4366954358761316e+16 2.192731530617593e+16 2.022917555403942e+16 1.93530119931232e+16 1.8455237563753764e+16 1.7532125967641556e+16 1.6578371208263466e+16 1.5585634527314504e+16 1.3407039524245328e+16 1.210904274050074e+16 1.03566283021395e+16
4730.000662658429 8.302474182852619e+16 7.597534671510638e+16 6.900871127290863e+16 6.212123612096152e+16 5.53017458548938e+16 4.852671992566644e+16 4.175140050193977e+16 3.833965587681136e+16 3.489121513947438e+16 3.138218830040195e+16 2.9233650709327136e+16 2.7777190411756148e+16 2.554641507229166e+16 2.4020988704561428e+16 2.1658025397683224e+16 2.0018268728625308e+16 1.917373894184382e+16 1.83093161492076e+16 1.7421278237688254e+16 1.6504190771125236e+16 1.5549292491297416e+16 1.344430151418644e+16 1.217451880927958e+16 1.0431045766144302e+16
4750.0006654603685 8.111631935871354e+16 7.42508982072223e+16 6.748433576637418e+16 6.081329917269319e+16 5.422647877051797e+16 4.769966417019377e+16 4.118669413580762e+16 3.79107667534441e+16 3.460078218443412e+16 3.1232418666003196e+16 2.9169092017351424e+16 2.776965330879825e+16 2.562446654809524e+16 2.4155870859767244e+16 2.187697176291955e+16 2.0291543252440056e+16 1.9473256590667216e+16 1.863416967125094e+16 1.7770242186090698e+16 1.687561108286613e+16 1.5940956735143818e+16 1.386742373469596e+16 1.2609373203446108e+16 1.0883604969400882e+16
4770.000668262309 6.875051520935253e+16 6.270565271668376e+16 5.680369712651531e+16 5.104236301969697e+16 4.541206735360474e+16 3.989220942418089e+16 3.4445002766192696e+16 3.1729547316063076e+16 2.900415485512619e+16 2.625217565948395e+16 2.4578888813393476e+16 2.3450187698238764e+16 2.1730962904421504e+16 2.0562379585440504e+16 1.87633569289157e+16 1.752123594885302e+16 1.68821867257099e+16 1.6227196350646664e+16 1.5551477174406084e+16 1.4847478018869626e+16 1.4102538391582768e+16 1.237532212300267e+16 1.1238592644589862e+16 9524907255068374.0
4790.000671064249 7.546902883017187e+16 6.89035117723234e+16 6.246048603276472e+16 5.6139196606511656e+16 4.993205668993026e+16 4.38206920071091e+16 3.7768999361646904e+16 3.4746324332847296e+16 3.170959575142252e+16 2.8640591799158856e+16 2.6773192960123724e+16 2.5512884569716656e+16 2.359197403985598e+16 2.2285362818248292e+16 2.0272487830019316e+16 1.8882461517965616e+16 1.8167779876348344e+16 1.7436152635663072e+16 1.6683068585374028e+16 1.5901537261536574e+16 1.507992929891216e+16 1.3210299159640262e+16 1.2016096114344576e+16 1.0268680640017678e+16
4810.00067386618 9.082689134769904e+16 8.305919255200566e+16 7.534714157478514e+16 6.768645550716824e+16 6.006572961579331e+16 5.2462224795651224e+16 4.4834375394840296e+16 4.098985114236544e+16 3.710715314936784e+16 3.31666230306143e+16 3.076351060717925e+16 2.9140674895590424e+16 2.666820384972758e+16 2.4989264870860684e+16 2.241326900329071e+16 2.0647616313611416e+16 1.9746368307588516e+16 1.88299460724834e+16 1.789481952992482e+16 1.693523117550792e+16 1.5940957906923938e+16 1.3745144101352184e+16 1.2389825563342902e+16 1.0445974922055438e+16
4830.000676668119 9.053730719673542e+16 8.290170726890106e+16 7.532409879054624e+16 6.779945535644499e+16 6.0315126539322664e+16 5.284619559172572e+16 4.534698174842216e+16 4.156216068647249e+16 3.773378126421037e+16 3.383914189995492e+16 3.1457512151812268e+16 2.9845504372550704e+16 2.7382302697718416e+16 2.5703488731662468e+16 2.3115168164232784e+16 2.133011666287235e+16 2.04148715601494e+16 1.9481096037035816e+16 1.852489607888201e+16 1.7540241872472028e+16 1.6516912340645158e+16 1.4255208959700716e+16 1.2870728519368988e+16 1.0916375391858984e+16
4850.000679470059 9.634589470839922e+16 8.851583302146024e+16 8.070149817865536e+16 7.289211301856477e+16 6.506759369949878e+16 5.7192978517123976e+16 4.9208178926701096e+16 4.5144059815749144e+16 4.100692566094583e+16 3.676844353616555e+16 3.4160449742199784e+16 3.238781361805112e+16 2.966700891344637e+16 2.780391403982117e+16 2.491759535380868e+16 2.2917964173906492e+16 2.189041802619921e+16 2.0841072420814024e+16 1.9766308683263452e+16 1.866070964915038e+16 1.751523653473429e+16 1.5015049507059318e+16 1.3520833127115354e+16 1.1461777299912604e+16
4870.000682272 9.167647696996189e+16 8.465024913783411e+16 7.760186710608189e+16 7.051634496244404e+16 6.3368616720955496e+16 5.6117363117264424e+16 4.869346737397896e+16 4.4882140801158456e+16 4.0975829344837576e+16 3.694196118140288e+16 3.4441482935801628e+16 3.2732900332739788e+16 3.0094499246315172e+16 2.8275401334725344e+16 2.54341905329225e+16 2.3446914011468324e+16 2.241892033546474e+16 2.1363976195213236e+16 2.027784429347222e+16 1.915449292490062e+16 1.7984422446638194e+16 1.5416169929795178e+16 1.3884898056823242e+16 1.1803621029878916e+16
4890.000685073939 9.458670226063026e+16 8.72768188391375e+16 7.99711497332532e+16 7.265476987703531e+16 6.530206759180103e+16 5.787022428768006e+16 5.028696267606154e+16 4.640209123424964e+16 4.2424628638524e+16 3.831983483177103e+16 3.5775499044620196e+16 3.4036449785641244e+16 3.1349257614199004e+16 2.9494521453355628e+16 2.6592478174935596e+16 2.4557317166289384e+16 2.3502320887631104e+16 2.2417844786137016e+16 2.1299244465458524e+16 2.0140096323613104e+16 1.8930623829883264e+16 1.6273671930478962e+16 1.4696398910715834e+16 1.2576726602350942e+16
4910.0006878758795 9.561316096568149e+16 8.819480452788278e+16 8.07936209093736e+16 7.339632606339544e+16 6.597926706991986e+16 5.850196850386031e+16 5.089487927817181e+16 4.700710813746902e+16 4.303318296540521e+16 3.893852359610112e+16 3.64033701741779e+16 3.4671640372775868e+16 3.199695491565624e+16 3.0151287117533916e+16 2.7263043302620256e+16 2.523626619215473e+16 2.418482132472421e+16 2.3103194153483136e+16 2.1986443267106384e+16 2.0827732729513412e+16 1.961669716462497e+16 1.6946852954351094e+16 1.5355681819474494e+16 1.3216506277141696e+16
4930.000690677819 8.735249101417272e+16 8.074218359902635e+16 7.415933763040256e+16 6.759081247116175e+16 6.101337828936917e+16 5.438750449860157e+16 4.764558315945423e+16 4.419665032835249e+16 4.066668591366358e+16 3.702211841875045e+16 3.476043648709987e+16 3.3212571736669308e+16 3.0816024419751532e+16 2.9157182839085156e+16 2.655033616949436e+16 2.4710532530221244e+16 2.3751677378552696e+16 2.2761480111195436e+16 2.173435472544559e+16 2.0662560712127308e+16 1.9534504476105516e+16 1.70130218627848e+16 1.5487396322207434e+16 1.3425746149920634e+16
4950.000693479749 8.666548679478219e+16 7.997993522960717e+16 7.334100167477282e+16 6.6736392836860056e+16 6.014379891510136e+16 5.352502904604918e+16 4.681518841684993e+16 4.3393457691951544e+16 3.990006141765481e+16 3.630411479001253e+16 3.4079185753776064e+16 3.255983932473797e+16 3.0213562354223356e+16 2.859435267604394e+16 2.605858601303598e+16 2.4275569048392336e+16 2.3348293883718824e+16 2.2391838302243144e+16 2.140045110880209e+16 2.036589857453211e+16 1.927547836222708e+16 1.6819167391129504e+16 1.5307155646107924e+16 1.3217255618472674e+16
4970.000696281689 7.97950690290445e+16 7.337078406877797e+16 6.7017094905664104e+16 6.072230387358129e+16 5.446593115076453e+16 4.821439158782763e+16 4.191360309581882e+16 3.871904403522053e+16 3.547499102499682e+16 3.2160080842855188e+16 3.0125266889953284e+16 2.8744623499043708e+16 2.662954134108275e+16 2.5183945455194536e+16 2.29470596259145e+16 2.139572796044499e+16 2.0595898007989012e+16 1.9775274879072444e+16 1.8928177119891124e+16 1.8045604897821356e+16 1.7112333641731898e+16 1.4953213140156862e+16 1.3534627853462978e+16 1.1397566396243614e+16
4990.000699083629 7.067501551498191e+16 6.535877582394877e+16 6.009743917212615e+16 5.487669404208599e+16 4.9673764785351224e+16 4.445312990587902e+16 3.915877462970969e+16 3.645726465533688e+16 3.369827570980473e+16 3.0858335817990124e+16 2.9101958864912884e+16 2.7903262472278584e+16 2.6053700605883356e+16 2.477854689427578e+16 2.2783250728068076e+16 2.1379982858394348e+16 2.0649078561395784e+16 1.989336598596702e+16 1.9106753140306064e+16 1.8280034428361812e+16 1.7398321468041594e+16 1.5338883509980724e+16 1.3985158854970736e+16 1.196473080592097e+16
5010.0007018855695 6.056770877837603e+16 5.615945831752174e+16 5.180022311849249e+16 4.74749855491304e+16 4.316155622242337e+16 3.88272669271677e+16 3.4423029222173504e+16 3.217209578486879e+16 2.9871044727894284e+16 2.750066912765111e+16 2.60340366667033e+16 2.5032832875382944e+16 2.3487438050577372e+16 2.242126264152532e+16 2.075022378374587e+16 1.9570792867718636e+16 1.8953979058419836e+16 1.831352566979288e+16 1.7642884453152236e+16 1.693204046754957e+16 1.6164703940156584e+16 1.431788424206598e+16 1.3049176522682212e+16 1.107139507135858e+16
5030.000704687509 6.653107547193117e+16 6.161010847430295e+16 5.675372250753195e+16 5.194723775035466e+16 4.7167994740558296e+16 4.23814191588673e+16 3.75338200332297e+16 3.506176099942707e+16 3.2537363379200652e+16 2.9938297916708104e+16 2.8330035118399024e+16 2.7231773033007744e+16 2.5535598241100424e+16 2.436457682566425e+16 2.2528093173505148e+16 2.1231963007209548e+16 2.055473023901441e+16 1.985252264511959e+16 1.9118958172607948e+16 1.8344380241427564e+16 1.7513171070686826e+16 1.5543825686061214e+16 1.4222499325543826e+16 1.2208551964619602e+16
5050.000707489449 6.178558685966918e+16 5.740638250669168e+16 5.307844650370595e+16 4.8786859263819496e+16 4.450944046635705e+16 4.021305864739108e+16 3.5846721733037244e+16 3.3613187333657e+16 3.1326722147757944e+16 2.89655608161102e+16 2.750013666316603e+16 2.6497090525235788e+16 2.4943479290743204e+16 2.3867033253431784e+16 2.217077896687318e+16 2.0966105567900868e+16 2.0333634653181544e+16 1.9675335104911176e+16 1.8984654953794772e+16 1.8251801642773896e+16 1.7461167684329058e+16 1.5572541358433192e+16 1.429839334142653e+16 1.235818295969936e+16
5070.000710291379 5.91938581105824e+16 5.513773865560192e+16 5.113870692802341e+16 4.71809852931046e+16 4.324166267488308e+16 3.928713114723822e+16 3.526632036641772e+16 3.320702112734581e+16 3.1095828472121012e+16 2.8910904305593396e+16 2.7551536110188064e+16 2.661920629826705e+16 2.5171395956822316e+16 2.4165005683046504e+16 2.257222168957137e+16 2.1434529792364484e+16 2.083457597370715e+16 2.0207899492744844e+16 1.9547708513154668e+16 1.884392161398035e+16 1.8080606175044864e+16 1.6240376075402216e+16 1.4987926460615286e+16 1.3072244326579298e+16
5090.000713093319 5.692746849950356e+16 5.31510307369208e+16 4.9422785962093416e+16 4.5727517879324936e+16 4.204327964156517e+16 3.833785855965446e+16 3.456194249307644e+16 3.2624082660471692e+16 3.0633883300300716e+16 2.8569489444235336e+16 2.728207140599431e+16 2.6397435828568044e+16 2.502047432431992e+16 2.4060582118187988e+16 2.2535681606807684e+16 2.144130117837087e+16 2.0862166625097704e+16 2.02556048379038e+16 1.961469400186551e+16 1.892920895528581e+16 1.818306828946355e+16 1.6373499228456862e+16 1.5135549590442014e+16 1.3240507144141158e+16
5110.000715895259 5.816704361599079e+16 5.437290547657414e+16 5.06217165751244e+16 4.689826451767284e+16 4.318029234153838e+16 3.943462775092646e+16 3.5609677715316956e+16 3.364260268990529e+16 3.1618724878269692e+16 2.9514526898554504e+16 2.819925371292817e+16 2.7293922977033816e+16 2.5881952037071164e+16 2.48954871868732e+16 2.332457788362184e+16 2.2194488148587748e+16 2.1595727740850416e+16 2.0968259776170676e+16 2.0305128250752536e+16 1.9596154150458544e+16 1.8825470993101916e+16 1.696680822181234e+16 1.5709560513111566e+16 1.3814529843717956e+16
5130.0007186972 5.538894610488272e+16 5.1906374126201096e+16 4.846124783849438e+16 4.503800296571568e+16 4.161443530273903e+16 3.815813972972274e+16 3.4619521692128756e+16 3.2795642441226704e+16 3.091598408071782e+16 2.895811395816173e+16 2.773221433479703e+16 2.688732641590122e+16 2.5567541500315628e+16 2.464363954252898e+16 2.316818166857558e+16 2.210251105304857e+16 2.153602729226847e+16 2.09407497133249e+16 2.0309582635508076e+16 1.9632167501067584e+16 1.8892414523971044e+16 1.7092625380592218e+16 1.5862819423794788e+16 1.3995194656780382e+16
5150.000721499139 5.163869632405507e+16 4.855909498910594e+16 4.550310193288185e+16 4.245575228791029e+16 3.939577166920546e+16 3.629200761082364e+16 3.3096400617760164e+16 3.1440983166872096e+16 2.9728025633918772e+16 2.7935237081934104e+16 2.6807624980092948e+16 2.6027932820682092e+16 2.480542009532638e+16 2.394601127084702e+16 2.2566834280048216e+16 2.1565217366236784e+16 2.1030812311543576e+16 2.0467711605008188e+16 1.9868874831814452e+16 1.922399244323223e+16 1.851699987989955e+16 1.6783576601434476e+16 1.5588965181869532e+16 1.3767941469022622e+16
5170.00072430108 4.846371085701329e+16 4.591972232802185e+16 4.3344718137472536e+16 4.0722942281868184e+16 3.803239584152207e+16 3.5241018962251004e+16 3.2299082256405376e+16 3.0747430489911956e+16 2.912175791179683e+16 2.7398218652727212e+16 2.6302408470407356e+16 2.553928926383807e+16 2.4333582328862692e+16 2.3478998089108572e+16 2.2094567012007176e+16 2.1078054354859344e+16 2.053145557883055e+16 1.9952026695176572e+16 1.9331632682858264e+16 1.8658372103231216e+16 1.791373871374691e+16 1.6057221290798816e+16 1.4750805603889082e+16 1.271711379064662e+16
5190.000727103009 5.456597115703627e+16 5.149795808246411e+16 4.839335066176251e+16 4.5233572825375864e+16 4.199290023341112e+16 3.863436933119785e+16 3.510185266081725e+16 3.3243686159527504e+16 3.1302602341465956e+16 2.9253873213245404e+16 2.795812987556697e+16 2.7059826729329636e+16 2.564897112237374e+16 2.4656590758533216e+16 2.30656777958418e+16 2.1913404239092504e+16 2.1300126840497252e+16 2.0655145618924576e+16 1.997051688585681e+16 1.9234337746369548e+16 1.8427587691621584e+16 1.6439120064477824e+16 1.5044967322092688e+16 1.2857334315885796e+16
5210.000729904949 6.721925872806017e+16 6.287635933631889e+16 5.852123618129323e+16 5.413626959109462e+16 4.969559902005822e+16 4.516026515446101e+16 4.046877430025799e+16 3.803445979822993e+16 3.551630539723789e+16 3.288575698952048e+16 3.123637406038031e+16 3.009944849297492e+16 2.8324904110631504e+16 2.708524566262182e+16 2.5114431418363644e+16 2.370216119112699e+16 2.2956921501382716e+16 2.2178950141351332e+16 2.1360836166519244e+16 2.049171190771737e+16 1.9554488576600464e+16 1.7329459019928188e+16 1.5847424029805744e+16 1.3625225468402562e+16
5230.000732706889 1.0606258003369013e+17 9.867927414802434e+16 9.123655297672907e+16 8.37088086431721e+16 7.60570570457484e+16 6.822080809337565e+16 6.010240149046101e+16 5.588911538485011e+16 5.153309314162128e+16 4.698864278406875e+16 4.414468491625685e+16 4.218806199040827e+16 3.914294305802468e+16 3.702476115922075e+16 3.3681032147284796e+16 3.1312050186750584e+16 3.007505442480583e+16 2.8796262928893868e+16 2.7468561377623956e+16 2.6081999607450536e+16 2.462149293278639e+16 2.1350020594013016e+16 1.9358127435559844e+16 1.6626085015666052e+16
5250.000735508829 1.1544769754929861e+17 1.070345520983042e+17 9.856518603784682e+16 9.001635711337867e+16 8.135129956470344e+16 7.251155855568733e+16 6.340162130781409e+16 5.8698066484841496e+16 5.385650795156301e+16 4.883292842587655e+16 4.570584054046421e+16 4.356296810311983e+16 4.024361046678127e+16 3.7947271562568136e+16 3.4346807706903092e+16 3.181715582896542e+16 3.0504385691154052e+16 2.9153802655254324e+16 2.775923181565315e+16 2.6311863351521624e+16 2.4797872457214884e+16 2.1444065773600788e+16 1.9417266309547468e+16 1.6624248848419034e+16
5270.000738310769 9.296091456245286e+16 8.686039008782531e+16 8.069954501226277e+16 7.445462053064157e+16 6.808984727740272e+16 6.154968983209131e+16 5.4743438913283096e+16 5.1194919486929096e+16 4.751094312973005e+16 4.3646684461784904e+16 4.121485823535083e+16 3.953455642913552e+16 3.690586704481802e+16 3.506616569100924e+16 3.2140159667597268e+16 3.004844400208764e+16 2.894926646507064e+16 2.7807475553531876e+16 2.6615694889453284e+16 2.5363651750565456e+16 2.40358657198377e+16 2.102269890792362e+16 1.9156351449682724e+16 1.6548785363234304e+16
5290.000741112709 1.1921552700944917e+17 1.1087037202767469e+17 1.0245211056898821e+17 9.393450079888522e+16 8.527644724849314e+16 7.64126407448266e+16 6.723542020747924e+16 6.247517840710949e+16 5.755500549480297e+16 5.242217118301537e+16 4.9209023281014296e+16 4.699740040221363e+16 4.3552777284946264e+16 4.115402809924085e+16 3.736140008458472e+16 3.4669293425273776e+16 3.3262003795914144e+16 3.1806370960800396e+16 3.029483850198064e+16 2.871728877609975e+16 2.705909348080422e+16 2.3381384695483044e+16 2.1191911795838188e+16 1.8270569293196348e+16
5310.000743914648 1.3157087260590314e+17 1.2227268779684968e+17 1.128908752850715e+17 1.0339844638057917e+17 9.37524027189711e+16 8.388349911125064e+16 7.367640871930101e+16 6.838769788881861e+16 6.292624162830162e+16 5.723474488138622e+16 5.3675280306818056e+16 5.1226894263057304e+16 4.7416209866241336e+16 4.4764527045124104e+16 4.0575376415452776e+16 3.760445647158938e+16 3.605242248897071e+16 3.4447975478963416e+16 3.278319209985786e+16 3.1047702138916988e+16 2.9226925403147484e+16 2.5213813561809936e+16 2.285540306414264e+16 1.9760920338011764e+16
5330.000746716579 1.1235472995274006e+17 1.04843683308169e+17 9.724670353463082e+16 8.953637151691141e+16 8.16711227306777e+16 7.358606451393022e+16 6.5174681141990264e+16 6.07928075983118e+16 5.624778004159025e+16 5.148611383267106e+16 4.849307248352027e+16 4.6426724066708104e+16 4.319708769359272e+16 4.093909679278859e+16 3.7352177805380296e+16 3.4792168359581504e+16 3.34488795969206e+16 3.205554094460909e+16 3.0604249117797184e+16 2.908441837501483e+16 2.748073377683386e+16 2.3896860034528624e+16 2.1740231800668044e+16 1.8832005122466324e+16
5350.000749518518 1.2283847418465362e+17 1.1433914582202123e+17 1.0576665302931277e+17 9.709511644900715e+16 8.828371823186822e+16 7.926711871928315e+16 6.9936746948658984e+16 6.5098944746973544e+16 6.009953889105175e+16 5.488428046905403e+16 5.161904480136072e+16 4.937100992608403e+16 4.586805261567634e+16 4.3426846076293704e+16 3.956206675126372e+16 3.681312635430717e+16 3.5373579231695468e+16 3.3882345506803324e+16 3.233110836711891e+16 3.0708818931596028e+16 2.8999706160842976e+16 2.5195260011591744e+16 2.2924553651778052e+16 1.990179030080115e+16
5370.0007523204595 1.2296606483279418e+17 1.1456102711520894e+17 1.0606793565673725e+17 9.745870926739898e+16 8.869011027816806e+16 7.969406328022341e+16 7.0358643840374984e+16 6.550731684415505e+16 6.04859961532347e+16 5.523934262218494e+16 5.1950183924608024e+16 4.968391808441161e+16 4.615010843080292e+16 4.3686104553717096e+16 3.978461997609146e+16 3.701083013664174e+16 3.5559389219378276e+16 3.4057096995158904e+16 3.2496143049277988e+16 3.0866107407917784e+16 2.9151903548881204e+16 2.534573918056716e+16 2.3071691335168308e+16 2.0011653339906656e+16
5390.000755122399 1.2049248240993781e+17 1.1227910518527611e+17 1.0398974861582016e+17 9.559746635603568e+16 8.706047974402245e+16 7.831276269344014e+16 6.924566175635264e+16 6.453769975219136e+16 5.9667404788023016e+16 5.458123974181761e+16 5.139393177944735e+16 4.919827188649908e+16 4.577489229746423e+16 4.3387702047174456e+16 3.960602731033186e+16 3.691431946106986e+16 3.5504042609142384e+16 3.404252551964325e+16 3.2521389724123764e+16 3.0929385060887188e+16 2.9250233762833556e+16 2.5498548207395668e+16 2.3241723897156116e+16 2.0204296799238564e+16
5410.000757924339 1.1836339150086502e+17 1.1050769123791762e+17 1.0256465263423942e+17 9.450615046452314e+16 8.628916400928736e+16 7.784619343414502e+16 6.9066411434992e+16 6.449440571055301e+16 5.9753786706782264e+16 5.47894336562051e+16 5.167035066345978e+16 4.951760667378569e+16 4.6153773292965e+16 4.380226965838879e+16 4.006619073126938e+16 3.739800071030815e+16 3.5996870636228484e+16 3.4542437347205156e+16 3.3026018284933252e+16 3.1435984366978096e+16 2.9755571600307628e+16 2.5989083456853244e+16 2.3717717520836896e+16 2.066241810418471e+16
5430.000760726279 1.1904568383489038e+17 1.1105720857937602e+17 1.0299558719537685e+17 9.483343541813995e+16 8.65284472036453e+16 7.801388891268059e+16 6.917991771695471e+16 6.458778908713367e+16 5.983206075518078e+16 5.4858046296713896e+16 5.17360570898744e+16 4.958271383514538e+16 4.622023254609694e+16 4.3871333758421096e+16 4.014222743831988e+16 3.748117622688361e+16 3.608452736732053e+16 3.4635287363192504e+16 3.3124877391672884e+16 3.1541797459544856e+16 2.9869430370696388e+16 2.6122513606254116e+16 2.3861633920508976e+16 2.081470960261102e+16
5450.000763528209 1.1947763086626323e+17 1.112446619132875e+17 1.0293917053326955e+17 9.453472568777058e+16 8.599028432456066e+16 7.724103939266558e+16 6.8180849243476e+16 6.348125909754503e+16 5.86247340677918e+16 5.356123289025003e+16 5.039452711157054e+16 4.821703409791468e+16 4.4830564233959864e+16 4.247706950783274e+16 3.8766533623247816e+16 3.614210541050818e+16 3.477351448224709e+16 3.3360114782241816e+16 3.1894223306568932e+16 3.036484092522878e+16 2.875474086701591e+16 2.5138437637395692e+16 2.29107263731642e+16 1.978445694551742e+16
5470.000766330149 1.242512809969758e+17 1.1552970491833387e+17 1.0671808012339643e+17 9.778875652793734e+16 8.869928993835157e+16 7.938354188028646e+16 6.973501655127374e+16 6.4733858936568264e+16 5.957233559619234e+16 5.4203157949440616e+16 5.0854904579570616e+16 4.855835987572552e+16 4.499867574004653e+16 4.253539352863544e+16 3.867434690965169e+16 3.5964174402353284e+16 3.4558975173188956e+16 3.3114252590946004e+16 3.1623287667047628e+16 3.0076047348398356e+16 2.845596864392214e+16 2.4837822597270396e+16 2.2599516167386668e+16 1.9397531110951772e+16
5490.000769132089 1.2768857234962384e+17 1.188136503817282e+17 1.0984513813335147e+17 1.0075487699773011e+17 9.149947824381541e+16 8.201092863029675e+16 7.217875175126851e+16 6.707919054503577e+16 6.181228365637323e+16 5.632710037904094e+16 5.290161914470757e+16 5.054913687410616e+16 4.689651781542773e+16 4.436330722717156e+16 4.0380556302877576e+16 3.757396575793186e+16 3.611461257864073e+16 3.461106535548139e+16 3.3056088129382132e+16 3.1439280506303336e+16 2.974414630410008e+16 2.596619898303597e+16 2.365518649563769e+16 2.0411582558108276e+16
5510.000771934028 1.2202019483692437e+17 1.1354900254671334e+17 1.0499627646178907e+17 9.633436167330578e+16 8.752075473180165e+16 7.848912082098198e+16 6.913239388206715e+16 6.42795869905066e+16 5.926754216196989e+16 5.404815856100626e+16 5.078929036579151e+16 4.855176206281807e+16 4.5078969040836264e+16 4.267181199124339e+16 3.889027823868107e+16 3.6228164222154744e+16 3.4844834735795024e+16 3.3420139760118176e+16 3.1946991226273364e+16 3.0414925408330572e+16 2.880688103850162e+16 2.5201158190204596e+16 2.2962486918255772e+16 1.975520720993253e+16
5530.000774735969 1.3445603978327963e+17 1.2529995369819928e+17 1.1602394624468981e+17 1.0659545469995246e+17 9.696510886769811e+16 8.70563377201998e+16 7.674551225794842e+16 7.137832434694831e+16 6.581960133613434e+16 6.001223727613161e+16 5.637518551579173e+16 5.387241070707558e+16 4.997781622472566e+16 4.7270264574755736e+16 4.300204209363662e+16 3.998591866927887e+16 3.841509551376987e+16 3.679521462681672e+16 3.51188466856091e+16 3.3375614421023256e+16 3.1549478867676636e+16 2.750183730951945e+16 2.5057161526129708e+16 2.1674751290305996e+16
5550.000777537908 1.385352626150757e+17 1.2905876562711246e+17 1.1946761696705514e+17 1.0973044532475909e+17 9.979894497695024e+16 8.959724120439115e+16 7.900146674384304e+16 7.349413134985792e+16 6.7795854865867656e+16 6.184800145934699e+16 5.812509283146167e+16 5.556385308201443e+16 5.157864276686794e+16 4.880782349129613e+16 4.443807220955413e+16 4.1347762792708184e+16 3.973714636163754e+16 3.80752369090163e+16 3.635423423231802e+16 3.456340035314725e+16 3.268646379958062e+16 2.8529439230968868e+16 2.6031331159703668e+16 2.2609730673849376e+16
5570.0007803398385 1.3381575161031856e+17 1.249472239855046e+17 1.1595432353727494e+17 1.068034395986748e+17 9.744394082086374e+16 8.77975330472286e+16 7.773767335535766e+16 7.2489963958407e+16 6.704487444013458e+16 6.1342534588396904e+16 5.7762311776485064e+16 5.529373735094104e+16 5.144272105822569e+16 4.87571207254716e+16 4.450587095898007e+16 4.1485444138679e+16 3.990589715191666e+16 3.82717484609959e+16 3.657449242930256e+16 3.480254160288906e+16 3.2938655368448428e+16 2.8786898949892376e+16 2.6281817526928284e+16 2.2854901538020736e+16
5590.00078314178 1.2137372073720778e+17 1.134572001588194e+17 1.054435731636014e+17 9.730271158241242e+16 8.898932892880437e+16 8.043356981346638e+16 7.1522806625934776e+16 6.687856306947847e+16 6.206207713457715e+16 5.7020136514868424e+16 5.385523142028073e+16 5.167308199007644e+16 4.826841207154784e+16 4.589312023383231e+16 4.212938002812062e+16 3.9450092307157656e+16 3.804606613620081e+16 3.6590524734993144e+16 3.507448244636563e+16 3.348538759380606e+16 3.1804198045941932e+16 2.8002259488162892e+16 2.565077987442042e+16 2.2353758031942116e+16
5610.000785943719 1.3062610923557752e+17 1.2165352979841272e+17 1.1255192171485014e+17 1.0328784945725109e+17 9.381175801342354e+16 8.404875328385526e+16 7.388182442279346e+16 6.859122810518964e+16 6.3118489283889944e+16 5.741600225989016e+16 5.3857760303567976e+16 5.141764294857606e+16 4.763870499428731e+16 4.5028100108267816e+16 4.094836169209843e+16 3.8097506203561576e+16 3.662468263353126e+16 3.5114694127265976e+16 3.3561083915029388e+16 3.195367031243023e+16 3.027472695397985e+16 2.6522879764243624e+16 2.4176625829857424e+16 2.075422793700897e+16
5630.0007887456595 1.3969002510055725e+17 1.3009619511913912e+17 1.203521629694015e+17 1.104209486601342e+17 1.0024793669573429e+17 8.975069373740454e+16 7.880032059677064e+16 7.30937367888768e+16 6.718404464845811e+16 6.101822288092377e+16 5.716619828623348e+16 5.452233016319982e+16 5.0423911247637704e+16 4.7589696790001144e+16 4.315595152585835e+16 4.005520634740674e+16 3.845303188696794e+16 3.681081373040895e+16 3.5122348361534996e+16 3.3378025196771e+16 3.1561214004573156e+16 2.7538880220108656e+16 2.5063723234647908e+16 2.1504219802135676e+16
5650.000791547599 1.4593519927666253e+17 1.3611175441513603e+17 1.2611891745088782e+17 1.1591520415834942e+17 1.0543929729399424e+17 9.459827747064453e+16 8.324570397949214e+16 7.730700805328707e+16 7.113655743132179e+16 6.467171317874095e+16 6.061602326585328e+16 5.782362255345165e+16 5.347892879573201e+16 5.0461648575090856e+16 4.571801308093024e+16 4.238234112375479e+16 4.065296990582394e+16 3.887669092500745e+16 3.704732657788166e+16 3.5155833349655464e+16 3.3187154116070676e+16 2.8863042464602144e+16 2.6253478964380064e+16 2.2584859720385736e+16
5670.000794349539 1.4189047221283298e+17 1.324172540842334e+17 1.2278076565765963e+17 1.1294085992141246e+17 1.0283822819305787e+17 9.23829618317829e+16 8.143314823362578e+16 7.570421752835706e+16 6.975053345291394e+16 6.3510694456495576e+16 5.959445523449179e+16 5.6896980243885784e+16 5.269757889097863e+16 4.97789194111613e+16 4.5185021123207176e+16 4.194931267041841e+16 4.0269478238969464e+16 3.854208675661368e+16 3.676057923241074e+16 3.4915393039353508e+16 3.2990756418255844e+16 2.8743504853961916e+16 2.616326783040737e+16 2.2514339581993804e+16
5690.000797151469 1.4496429047650605e+17 1.3548350587296234e+17 1.2583987564763987e+17 1.1599221235178752e+17 1.0587927359074515e+17 9.540742885523533e+16 8.442710869227165e+16 7.867296512584837e+16 7.268259256506122e+16 6.6387870837482584e+16 6.242533299793518e+16 5.968907881884421e+16 5.54152834193455e+16 5.243253961624779e+16 4.771144082117659e+16 4.436212928228537e+16 4.261406122184849e+16 4.080929705071939e+16 3.8940088636230584e+16 3.6995866361348616e+16 3.496050585269652e+16 3.0465804496926264e+16 2.77669197808973e+16 2.403887354161396e+16
5710.000799953409 1.4009120905152122e+17 1.3100749867861787e+17 1.2177018927537534e+17 1.1233939242798272e+17 1.026558672315614e+17 9.262907201181992e+16 8.211422150381538e+16 7.660265784061749e+16 7.086303396630562e+16 6.48287464726791e+16 6.102779899836925e+16 5.840168216871403e+16 5.429678846057138e+16 5.142897906825099e+16 4.6882858785224776e+16 4.365050573107945e+16 4.1960289420395416e+16 4.02123925105961e+16 3.839842250204114e+16 3.6506911849599144e+16 3.4520518762793788e+16 3.0106318411788016e+16 2.7436765745790748e+16 2.3735931198644344e+16
5730.000802755349 1.536398525483033e+17 1.4359805256273443e+17 1.333895380812553e+17 1.2297282343552554e+17 1.1228532458409954e+17 1.012300481745211e+17 8.964986551125282e+16 8.358488155349814e+16 7.727158002492309e+16 7.063523236061521e+16 6.645424537246365e+16 6.356450255592464e+16 5.904458275359384e+16 5.588372878923615e+16 5.086566162342606e+16 4.7290693519030424e+16 4.5418643110106984e+16 4.348076642155872e+16 4.146782295904651e+16 3.936771792706188e+16 3.716318668698683e+16 3.2294975892839764e+16 2.9406574075082252e+16 2.5515006937053704e+16
5750.000805557289 1.549218382519682e+17 1.449969483706043e+17 1.3489338793736726e+17 1.2456755054459917e+17 1.1395424787581069e+17 1.029530438342195e+17 9.140166013189072e+16 8.533900204550712e+16 7.901762196420085e+16 7.235970501126723e+16 6.8157214099534456e+16 6.5248516781502776e+16 6.069126842173097e+16 5.749790982763474e+16 5.241520733988452e+16 4.878244317389855e+16 4.68755161064717e+16 4.4897791355119016e+16 4.283908694515416e+16 4.068620605304322e+16 3.84207201956712e+16 3.3403923846705388e+16 3.0432331068030204e+16 2.6465594204200696e+16
5770.000808359228 1.555156593341068e+17 1.454763313709846e+17 1.3525227760947106e+17 1.2479868719053058e+17 1.1404880762223709e+17 1.0290024664779654e+17 9.118858583554742e+16 8.504049716280882e+16 7.863042649470568e+16 7.188179907791681e+16 6.762522907679875e+16 6.468148452262424e+16 6.007511344558298e+16 5.685318548539541e+16 5.173943310629395e+16 4.809945556837154e+16 4.619523315519884e+16 4.4225895635100376e+16 4.2182675126317224e+16 4.005397562296351e+16 3.782284433402441e+16 3.29027244981519e+16 2.997466619603509e+16 2.5986645910751136e+16
5790.00081116117 1.492989137544946e+17 1.3985225212482182e+17 1.3023734009301042e+17 1.2041106075080102e+17 1.1030935020461669e+17 9.983405799021314e+16 8.882742513571243e+16 8.30467978305232e+16 7.701631817241626e+16 7.066127409453336e+16 6.664822785007163e+16 6.386995890397427e+16 5.9516080271205176e+16 5.646460471627374e+16 5.160669039985241e+16 4.813351157980078e+16 4.630974539685336e+16 4.4417548235092904e+16 4.244666714881543e+16 4.038350095814915e+16 3.8208481873796264e+16 3.336073818983916e+16 3.0449387306842144e+16 2.6494474048227816e+16
5810.000813963109 1.5654560884980474e+17 1.4657556227675283e+17 1.3642340693425851e+17 1.2604467924751934e+17 1.15372987014633e+17 1.0430612985297035e+17 9.267910933922176e+16 8.657361334930902e+16 8.020508330922747e+16 7.349477464502949e+16 6.925791318337823e+16 6.632495952583861e+16 6.172924167744023e+16 5.850888252385629e+16 5.338396898896404e+16 4.9722369462867576e+16 4.780100165896369e+16 4.580891803463158e+16 4.373597306945727e+16 4.156887220992e+16 3.928870107238863e+16 3.423242935752586e+16 3.1220820281931812e+16 2.7160881081729908e+16
5830.000816765039 1.6131804001861258e+17 1.5105014766729613e+17 1.4058884116427152e+17 1.298881243385102e+17 1.1887929997676147e+17 1.0745659366997998e+17 9.544922224131602e+16 8.914149421048094e+16 8.256030711517496e+16 7.562417880381784e+16 7.1243897990289096e+16 6.8211326330406296e+16 6.3459052697756984e+16 6.0128748322424936e+16 5.48287899849449e+16 5.104250423046953e+16 4.9056062396246584e+16 4.699696658315342e+16 4.485505092859751e+16 4.261713081697061e+16 4.026465466520882e+16 3.506303813143921e+16 3.198072858476848e+16 2.7846227486810504e+16
5850.000819566979 1.538164409769639e+17 1.4408809421034928e+17 1.3417842980606656e+17 1.2404291253825141e+17 1.136153539565233e+17 1.0279433425605149e+17 9.141693446291891e+16 8.543911145351118e+16 7.920174476319042e+16 7.26283994374376e+16 6.847813655353655e+16 6.560559366731403e+16 6.11060615320076e+16 5.7954835432618136e+16 5.2944388884448136e+16 4.936906291489811e+16 4.749477221554769e+16 4.555289453912956e+16 4.353363518915036e+16 4.142386713660847e+16 3.92042732512639e+16 3.426726731192934e+16 3.1292834101709588e+16 2.720123917991005e+16
5870.000822368919 1.4926557763872166e+17 1.3962547517920486e+17 1.2981619615329978e+17 1.1979614322563931e+17 1.095037289117801e+17 9.884522547804442e+16 8.767167798231168e+16 8.181915165689546e+16 7.573016227015974e+16 6.933817203528633e+16 6.531913420868537e+16 6.254663656788613e+16 5.822182100281113e+16 5.520826975295765e+16 5.044794517358345e+16 4.707849671979342e+16 4.532234316278297e+16 4.351061711920438e+16 4.163497189990151e+16 3.96833754905988e+16 3.7636361948376424e+16 3.3066007193797764e+16 3.024596355067934e+16 2.620564185418502e+16
5890.000825170859 7.770339913387931e+16 7.346880407083638e+16 6.9202412559395896e+16 6.488717048972926e+16 6.049826069972723e+16 5.599833521028902e+16 5.13280213672722e+16 4.889958793936928e+16 4.638419063422602e+16 4.37524710449734e+16 4.209945870779296e+16 4.095813680298942e+16 3.917215783146682e+16 3.7919668469268744e+16 3.5915236375667816e+16 3.446314912852304e+16 3.368897621182187e+16 3.2872920858851696e+16 3.200362564129789e+16 3.106386561727827e+16 3.0025775585201348e+16 2.7411687065414144e+16 2.5514515060397364e+16 2.239967363186267e+16
5910.000827972799 1.3724172273839952e+17 1.2823276712294456e+17 1.1909451089529285e+17 1.0979172354189611e+17 1.0027231938092589e+17 9.045761486460741e+16 8.022439308015614e+16 7.489195689835573e+16 6.936871706436382e+16 6.360346320784109e+16 5.999930302493304e+16 5.7523947931313304e+16 5.368296226866577e+16 5.102287213185856e+16 4.685115561798676e+16 4.3921466614581016e+16 4.2401509027936696e+16 4.083737033972585e+16 3.922032986573331e+16 3.753660238113208e+16 3.5762301805086796e+16 3.170556998514067e+16 2.907349884683291e+16 2.5077623840565744e+16
5930.0008307747385 1.5313989392187776e+17 1.4326468123122168e+17 1.3319007265368733e+17 1.2286897399138827e+17 1.1223263832572315e+17 1.011778774526917e+17 8.954326414024011e+16 8.34311380551881e+16 7.706049392330816e+16 7.036339432566547e+16 6.615017590138048e+16 6.3244099603662056e+16 5.8714364733854e+16 5.556299736382383e+16 5.059996730576726e+16 4.710408301133528e+16 4.528968149549251e+16 4.342445585397649e+16 4.150130085201574e+16 3.950936742562423e+16 3.742980350010387e+16 3.2807191921488852e+16 2.993902040306672e+16 2.575093465541148e+16
5950.000833576669 1.5561006824039773e+17 1.4560932499642822e+17 1.3540391367208384e+17 1.2494603366371403e+17 1.1416571476635602e+17 1.0295756690260403e+17 9.11559888294958e+16 8.495291234106888e+16 7.848410360527171e+16 7.167875968383396e+16 6.739391219422699e+16 6.443642579669993e+16 5.982257499276675e+16 5.660926514555281e+16 5.154170073265195e+16 4.796614572151479e+16 4.610821255524582e+16 4.4196657082906136e+16 4.2224166490331224e+16 4.017981424068425e+16 3.804498004938732e+16 3.33080168280652e+16 3.0386856694699228e+16 2.615770494507926e+16
5970.000836378609 1.5914597006449754e+17 1.490129770121605e+17 1.3866303771162418e+17 1.2804594533566714e+17 1.1708834565797592e+17 1.0567983022484083e+17 9.364680334692717e+16 8.731235620465797e+16 8.06983755583648e+16 7.373015475945592e+16 6.933679501323701e+16 6.63014920926262e+16 6.156119698011281e+16 5.825607177008605e+16 5.3037535109801896e+16 4.935144905640875e+16 4.743514766947271e+16 4.5463233682442696e+16 4.342861857310054e+16 4.1320841937681176e+16 3.91221432688432e+16 3.4262606282075804e+16 3.128681583528905e+16 2.700314611392305e+16
5990.000839180549 1.600002404584898e+17 1.4992996239878422e+17 1.3964411392979322e+17 1.2909280293016942e+17 1.1820301861723686e+17 1.0686451242325418e+17 9.490294176385382e+16 8.860375524420736e+16 8.202321945639582e+16 7.508396415163477e+16 7.070369343471566e+16 6.767412286193856e+16 6.293548955622804e+16 5.962464912523166e+16 5.438133083719163e+16 5.0662363500617656e+16 4.872265398974894e+16 4.672146619877664e+16 4.465065374145905e+16 4.249871056910057e+16 4.024718076481697e+16 3.5260927462673144e+16 3.2225044644902836e+16 2.7916325502041096e+16
6010.00084198249 1.5912385861169555e+17 1.492587121946371e+17 1.3917462204178837e+17 1.2882050694649742e+17 1.1812186812380741e+17 1.0696649870590906e+17 9.517724525017053e+16 8.895882510556893e+16 8.245431507705024e+16 7.55848975786934e+16 7.12425945965244e+16 6.823621116877782e+16 6.3528255156818104e+16 6.023433497576499e+16 5.500896831415329e+16 5.129502398599383e+16 4.935499136441016e+16 4.7351133200307864e+16 4.527488993729162e+16 4.311431247969199e+16 4.085055254610029e+16 3.5829165023604464e+16 3.27729394030447e+16 2.8448305210125776e+16
6030.000844784429 1.6409963684236106e+17 1.540788354529704e+17 1.438271887821987e+17 1.3329188233657211e+17 1.2239573428933789e+17 1.1102202352037877e+17 9.898520570899037e+16 9.262717236477027e+16 8.596770319562851e+16 7.892145606261642e+16 7.44580989991536e+16 7.136254191281459e+16 6.650397887920381e+16 6.309494326088125e+16 5.766596665159389e+16 5.378787409236037e+16 5.175448667948099e+16 4.9648190042702504e+16 4.745913469665506e+16 4.517419584748483e+16 4.277397251928249e+16 3.7452837087053416e+16 3.4253972823765532e+16 2.983371050556108e+16
6050.000847586369 1.6761229524624077e+17 1.5736869722207232e+17 1.4689890329169776e+17 1.3615053213659856e+17 1.2504650108888648e+17 1.1346948608611747e+17 1.0123176792544664e+17 9.477255700309336e+16 8.800960613370832e+16 8.0854917655087e+16 7.632223269355598e+16 7.317771061943352e+16 6.823974033573219e+16 6.4772204288701944e+16 5.924291773245561e+16 5.528567472387241e+16 5.3207564236049256e+16 5.105222409502947e+16 4.880900812398685e+16 4.64639533891147e+16 4.399696828501977e+16 3.852384880115395e+16 3.5247127657765572e+16 3.0766183579518268e+16
6070.000850388299 1.670960434752394e+17 1.570241293230429e+17 1.467281366292141e+17 1.3615564298897214e+17 1.2522946224904718e+17 1.138319404059277e+17 1.0177429086811222e+17 9.540443730132834e+16 8.872925509138888e+16 8.165885896569696e+16 7.717359558007715e+16 7.405853821342253e+16 6.91598247389554e+16 6.571359065711316e+16 6.020450108396281e+16 5.624847882306132e+16 5.4165536223891304e+16 5.200056502586662e+16 4.974175184324275e+16 4.737370935310334e+16 4.487476017842504e+16 3.9307410989882216e+16 3.5975189265508456e+16 3.146073819934279e+16
6090.0008531902395 1.6454027469538614e+17 1.5475279582786448e+17 1.4474814601564454e+17 1.3447494133444902e+17 1.2385769913689654e+17 1.1278149455059678e+17 1.0106183429304146e+17 9.486915523730022e+16 8.837791803908262e+16 8.149925718587826e+16 7.71330320325114e+16 7.409893178959307e+16 6.932356338857217e+16 6.596014689778967e+16 6.0573575437258824e+16 5.669495525530765e+16 5.4648007300834e+16 5.251619785572608e+16 5.02866169244322e+16 4.794243749409251e+16 4.546016411485418e+16 3.9896991387424024e+16 3.6553140225382936e+16 3.2039661652148016e+16
6110.000855992179 1.6365415274232925e+17 1.5398070515613984e+17 1.4409124162260874e+17 1.3393479485306322e+17 1.2343647806562197e+17 1.1248223465754387e+17 1.0088889190284109e+17 9.476164725681974e+16 8.833791553498776e+16 8.152952536859435e+16 7.720724275735405e+16 7.420339868560171e+16 6.947524600966624e+16 6.61448416923681e+16 6.081084345117595e+16 5.696991664646146e+16 5.494280598613e+16 5.283159414642026e+16 5.0623440576920056e+16 4.83015556293283e+16 4.58423809638706e+16 4.032567593016993e+16 3.700096663323739e+16 3.2493230927736244e+16
6130.000858794119 1.5162357886383456e+17 1.4288111812632181e+17 1.3394610663470762e+17 1.2477110531898378e+17 1.1528666497930176e+17 1.0538727423372344e+17 9.490365082833061e+16 8.935867745211997e+16 8.354104177311259e+16 7.736862390502622e+16 7.344557879470446e+16 7.071656605248035e+16 6.6415520720362264e+16 6.338092200529235e+16 5.850910997415269e+16 5.498922729576776e+16 5.3126342656609944e+16 5.118143242528764e+16 4.9140978324383016e+16 4.698693572160736e+16 4.4693525103447016e+16 3.948565753491464e+16 3.629385482724463e+16 3.191353517490188e+16
6150.000861596059 1.6410852428467344e+17 1.545224717270774e+17 1.4471697396322854e+17 1.3464063882514443e+17 1.2421812685038666e+17 1.133348225505367e+17 1.018066194850445e+17 9.570917946543774e+16 8.931272355370216e+16 8.25279530922793e+16 7.821718029637622e+16 7.52193750621544e+16 7.0496716215273144e+16 6.7166546909132024e+16 6.1824680788017704e+16 5.796982557435512e+16 5.593177876514198e+16 5.380600046009276e+16 5.157856732555901e+16 4.923118039273063e+16 4.673817123475032e+16 4.11164495773723e+16 3.771247259248264e+16 3.3098898552561164e+16
6170.000864397999 1.3739273944023646e+17 1.2938784214781189e+17 1.2120186304039045e+17 1.1278961807724491e+17 1.0408589863591069e+17 9.499333240865747e+16 8.535928834383979e+16 8.026546958115064e+16 7.492726698311949e+16 6.927773479133021e+16 6.569991183673447e+16 6.3219590304116744e+16 5.932949852933093e+16 5.66026487713122e+16 5.226471824427362e+16 4.916766884534482e+16 4.7542796943233e+16 4.585720477183346e+16 4.410013997609345e+16 4.225567681552116e+16 4.029781822440461e+16 3.579609949441028e+16 3.288793261874269e+16 2.8519708626565292e+16
6190.0008671999285 1.624349056229813e+17 1.5251689935929888e+17 1.4235446389615123e+17 1.3189207243404363e+17 1.2104974779849106e+17 1.0970857858776714e+17 9.768365002175454e+16 9.13263761428027e+16 8.466845003652718e+16 7.763214256669194e+16 7.318480948666083e+16 7.010744230814578e+16 6.529392201173157e+16 6.193237035249793e+16 5.661519427176492e+16 5.285089804615611e+16 5.0890167326164696e+16 4.886890223666425e+16 4.677823248998968e+16 4.460477564635236e+16 4.232578018053451e+16 3.721770927600295e+16 3.401817816237772e+16 2.931329712413411e+16
6210.000870001869 1.6080923331413475e+17 1.509366699955098e+17 1.4082798227372893e+17 1.3042918654701022e+17 1.1966249141027541e+17 1.0841230694180562e+17 9.649922728892157e+16 9.020857695601758e+16 8.362695142096136e+16 7.667972222679029e+16 7.229388089809634e+16 6.9261727152015864e+16 6.452378647139252e+16 6.121886497284432e+16 5.5998290365741336e+16 5.23076424225325e+16 5.038680102586178e+16 4.8407445471399496e+16 4.6360468596589544e+16 4.423189989246135e+16 4.199779521147733e+16 3.696942652302448e+16 3.3795756075780444e+16 2.9099179963385624e+16
6230.000872803808 1.5542997071537152e+17 1.45814212508602e+17 1.35957146199384e+17 1.2580479658981206e+17 1.1528058487772448e+17 1.042727715420319e+17 9.261197588470403e+16 8.645814502784048e+16 8.002803291492542e+16 7.325787965869251e+16 6.899809740836197e+16 6.606200993740984e+16 6.149302687840105e+16 5.832284558123362e+16 5.3350741578144904e+16 4.9867001924757784e+16 4.806510425010763e+16 4.621633005691245e+16 4.431213153550666e+16 4.233814716456326e+16 4.026800671483784e+16 3.5562025476023384e+16 3.2504106777563584e+16 2.78211967133092e+16
6250.00087560575 1.5219406532163363e+17 1.429867242633258e+17 1.3355137783329843e+17 1.238360095210894e+17 1.1376617357611917e+17 1.0323192388169738e+17 9.206364917920333e+16 8.61613768445166e+16 7.99832968652931e+16 7.34601961849963e+16 6.934198743515247e+16 6.649519119866559e+16 6.204803605549945e+16 5.894719749348168e+16 5.405179226976516e+16 5.059319455820391e+16 4.879362251984912e+16 4.693921520022726e+16 4.502078045111171e+16 4.302383221844869e+16 4.092303567494041e+16 3.615114498049458e+16 3.308441164206209e+16 2.8461137888201996e+16
6270.000878407689 1.6034771011977568e+17 1.5068931721774323e+17 1.4079827442503706e+17 1.3062102068875602e+17 1.20080191613104e+17 1.0906030187512501e+17 9.738069623773762e+16 9.120651735311835e+16 8.473918612319725e+16 7.790079377626258e+16 7.357516734983768e+16 7.0579725298452744e+16 6.588919109267394e+16 6.260861850495727e+16 5.740821713718507e+16 5.371549117597643e+16 5.178743659925042e+16 4.979600879310812e+16 4.7731618643455096e+16 4.558005071019455e+16 4.331764149067464e+16 3.82236559121604e+16 3.502217084645033e+16 3.031768979698823e+16
6290.000881209629 1.65935930971187e+17 1.5604859362529462e+17 1.459154808790657e+17 1.3548003903981806e+17 1.2466038989664643e+17 1.1333391337806557e+17 1.0130791165037781e+17 9.49392966376007e+16 8.825777390659203e+16 8.117856041766557e+16 7.669136806781582e+16 7.357912710691107e+16 6.8696451964581064e+16 6.527397585080531e+16 5.983446338541095e+16 5.596091361999757e+16 5.39349907604522e+16 5.1840389767541784e+16 4.966751155115575e+16 4.740257502818688e+16 4.502322059642301e+16 3.969912114824218e+16 3.639998457705892e+16 3.162668972848467e+16
6310.000884011569 1.637755597608217e+17 1.5427384586999667e+17 1.4452893767841635e+17 1.3448457129663834e+17 1.240594453159245e+17 1.1313178921282277e+17 1.0150966267281014e+17 9.534472301095898e+16 8.886727081501005e+16 8.199068438100629e+16 7.762267744768638e+16 7.458785418071147e+16 6.98159829373696e+16 6.6461685194439096e+16 6.110975044056929e+16 5.727873169456406e+16 5.5266953954709016e+16 5.318027431526001e+16 5.1007740621779144e+16 4.873412074652264e+16 4.633583346878265e+16 4.094593001855751e+16 3.761460471472917e+16 3.2852633386199852e+16
6330.000886813499 1.6760209002982115e+17 1.579767580605318e+17 1.4809903233021728e+17 1.379105970647809e+17 1.273271630562572e+17 1.1622232349942944e+17 1.043963282939931e+17 9.811532714585346e+16 9.150871113167267e+16 8.448529170869253e+16 8.001780845578869e+16 7.691055697594818e+16 7.2018458594187016e+16 6.857431354775853e+16 6.306816932323799e+16 5.911722604623682e+16 5.703893875267642e+16 5.488063718971207e+16 5.263080954184099e+16 5.027379537649663e+16 4.778597125870355e+16 4.220377717133405e+16 3.877818498120541e+16 3.3935255543979676e+16
6350.000889615439 1.710377386327331e+17 1.612248592430224e+17 1.5115673258044803e+17 1.4077466470709986e+17 1.2999369579845325e+17 1.1868622071697192e+17 1.0665022760548707e+17 1.0026016148136883e+17 9.354050288081995e+16 8.639836470548512e+16 8.185578240696862e+16 7.869628820101411e+16 7.372153431346928e+16 7.021857521766129e+16 6.4616505197691544e+16 6.059459371616407e+16 5.847803410209159e+16 5.627919366430697e+16 5.39861961284585e+16 5.158300042142176e+16 4.904569062384427e+16 4.335605183463749e+16 3.987755953365983e+16 3.499549809604108e+16
6370.000892417379 1.7099426427982262e+17 1.6119454719616224e+17 1.5113874524090678e+17 1.4076814362088106e+17 1.2999783017248528e+17 1.187003669661868e+17 1.0667413690915613e+17 1.0028911121974315e+17 9.357486638400158e+16 8.643891066803358e+16 8.190069496297654e+16 7.8744536192057e+16 7.377570256478504e+16 7.0277531118068536e+16 6.468443910816132e+16 6.067008982277674e+16 5.855786659085972e+16 5.636372508248027e+16 5.4075702369695416e+16 5.167751061283521e+16 4.914464379159369e+16 4.345547607014714e+16 3.99641229417185e+16 3.5040306637755896e+16
6390.000895219318 1.739557628879172e+17 1.6409434430454986e+17 1.5396654024327363e+17 1.4351150717507885e+17 1.3264120542110274e+17 1.2122335015608158e+17 1.0904825031126954e+17 1.0257390478595678e+17 9.575667958575813e+16 8.849944236058805e+16 8.387672195930555e+16 8.065794228992386e+16 7.558331443072131e+16 7.200474896907273e+16 6.627149645460478e+16 6.214659827310049e+16 5.997253624441163e+16 5.7711352475116664e+16 5.535037135919549e+16 5.287259804347167e+16 5.025304748481241e+16 4.43722686426391e+16 4.078380981415307e+16 3.577464044286705e+16
6410.000898021259 1.7083971345706566e+17 1.6130035144423088e+17 1.5149675129216797e+17 1.413688931378121e+17 1.3083023429765912e+17 1.1975105967447509e+17 1.0792600291930976e+17 1.0163304078017187e+17 9.500305777921915e+16 8.794050506635214e+16 8.343889221614757e+16 8.030284321519882e+16 7.535537363699122e+16 7.186346116380946e+16 6.626194507791682e+16 6.2224484073682296e+16 6.009326983664537e+16 5.787379667377292e+16 5.5552798094860504e+16 5.311251655089195e+16 5.052703448017162e+16 4.470069002769455e+16 4.113432095858413e+16 3.616072990717098e+16
6430.000900823198 1.691718055239353e+17 1.5963287714931546e+17 1.498388290748367e+17 1.3973060588175288e+17 1.292229361573311e+17 1.1818802169509093e+17 1.0642396061316102e+17 1.001698711366275e+17 9.358657127709758e+16 8.658181368435598e+16 8.212262995035864e+16 7.9019383737384e+16 7.41303999442238e+16 7.068586256689671e+16 6.51738420436091e+16 6.121370890194424e+16 5.912843347138304e+16 5.69609032762085e+16 5.469882022766245e+16 5.2325302246906744e+16 4.981475689750534e+16 4.4152825726472456e+16 4.065331835186226e+16 3.5679469205829584e+16
6450.000903625129 1.629011472131734e+17 1.538715804665705e+17 1.4460528396622915e+17 1.3504697872315152e+17 1.2511673662789718e+17 1.146945020046912e+17 1.0358994565570336e+17 9.768843481116738e+16 9.147688554026306e+16 8.486700576386277e+16 8.06578176697047e+16 7.77273634452585e+16 7.310749907680507e+16 6.984924848091009e+16 6.462655648856447e+16 6.086451082945515e+16 5.88789845573317e+16 5.6810942701039944e+16 5.464722648616983e+16 5.23697472760539e+16 4.995132453047284e+16 4.445568150555519e+16 4.10330707149463e+16 3.615680526177495e+16
6470.000906427069 1.6465046929432416e+17 1.5561585721543702e+17 1.4634399692332576e+17 1.3677912066577714e+17 1.2684053836198536e+17 1.1640689587416427e+17 1.0528533682774936e+17 9.937165336481931e+16 9.314381225001325e+16 8.65110783851445e+16 8.228327610991002e+16 7.933746107751682e+16 7.468840826613781e+16 7.140513158705002e+16 6.613273465946496e+16 6.2325997209926264e+16 6.031338713581004e+16 5.8214334652070584e+16 5.601498500278867e+16 5.3696500616762456e+16 5.1231057128284056e+16 4.562489806736219e+16 4.214784921098591e+16 3.7247766506667496e+16
6490.000909229008 1.6479247386434582e+17 1.5573730747021946e+17 1.4643239297408218e+17 1.3681977923364616e+17 1.2681597758502578e+17 1.1629598653502651e+17 1.0506221677664493e+17 9.908096195649621e+16 9.277696662903488e+16 8.605913044148117e+16 8.177618301071808e+16 7.879219725851314e+16 7.408463926475747e+16 7.076247243255732e+16 6.543495325387439e+16 6.159688640395211e+16 5.957160095389055e+16 5.746276912863979e+16 5.525740722299951e+16 5.29376618467743e+16 5.047659451928755e+16 4.4893566744039416e+16 4.142031452766667e+16 3.646509783302764e+16
6510.00091203095 1.7403693043375235e+17 1.6438704376551846e+17 1.5447333383964525e+17 1.4423557967426003e+17 1.3358675808680154e+17 1.2239623253639077e+17 1.1045699445348501e+17 1.0410504654342192e+17 9.741413139688467e+16 9.02879474719452e+16 8.574643338145117e+16 8.258288251143898e+16 7.759250455429603e+16 7.407063329250754e+16 6.8421446507632184e+16 6.43495860718616e+16 6.219999175557674e+16 5.996101533004391e+16 5.761895606504519e+16 5.5155346394440936e+16 5.254305841663753e+16 4.6642071619284056e+16 4.301510652755737e+16 3.793745241451902e+16
6530.000914832889 1.804701045622201e+17 1.7051844543553494e+17 1.6028824257767952e+17 1.4971685269707987e+17 1.3871361641111968e+17 1.271421178062635e+17 1.1478546289822024e+17 1.0820587576814634e+17 1.0126995159177045e+17 9.387544516630496e+16 8.915796218112414e+16 8.586907334574136e+16 8.06755422029482e+16 7.700565365598987e+16 7.110956395548924e+16 6.685151746619191e+16 6.460065916961077e+16 6.2254054323149816e+16 5.9797288065237464e+16 5.7211312234752296e+16 5.446890056252668e+16 4.829191045707067e+16 4.453280088324455e+16 3.935257348347679e+16
6550.000917634829 1.7686181591114752e+17 1.6715489822320176e+17 1.571709438846438e+17 1.4684870872167766e+17 1.360994644235461e+17 1.2478964439333229e+17 1.1270696130921301e+17 1.0627134533867706e+17 9.948614819602192e+16 9.225170256802344e+16 8.763634649548378e+16 8.441882219235037e+16 7.933850959135965e+16 7.574917647641643e+16 6.998371471834029e+16 6.582091880691031e+16 6.362061367117286e+16 6.132671000436409e+16 5.892486538880761e+16 5.6395927632708936e+16 5.371215322264879e+16 4.764941494768481e+16 4.393468961969231e+16 3.876881652899463e+16
6570.000920436759 1.767501818881524e+17 1.6728840965234666e+17 1.5750902429223325e+17 1.473506821845609e+17 1.367247021450478e+17 1.2549743130324754e+17 1.1345577047471624e+17 1.070243741667689e+17 1.0023174812753754e+17 9.29772071145316e+16 8.834310173330718e+16 8.511003192898098e+16 8.00014617572898e+16 7.638977147181642e+16 7.058517844416062e+16 6.639252493607057e+16 6.417621289175155e+16 6.1865645113004216e+16 5.944655018843703e+16 5.689986318765237e+16 5.419792647957504e+16 4.8097391142518504e+16 4.436093391362697e+16 3.916046834539758e+16
6590.000923238699 1.7904480338823888e+17 1.6931902387248458e+17 1.5931049844290845e+17 1.489557180317657e+17 1.3816296723791714e+17 1.2679447253941094e+17 1.1463147526641213e+17 1.0814441608668334e+17 1.0129759333175398e+17 9.39882430411652e+16 8.931971705576525e+16 8.606249444034816e+16 8.091491331628184e+16 7.727458328323282e+16 7.1421191937928e+16 6.719053345271995e+16 6.4953040584193544e+16 6.261954792423116e+16 6.0175549551651304e+16 5.760176480236136e+16 5.487040137632361e+16 4.870452695938807e+16 4.493264617679246e+16 3.969102618746182e+16
6610.000926040639 1.8056003827340733e+17 1.7069669237217456e+17 1.6055180020904717e+17 1.5006200268588346e+17 1.391357221006523e+17 1.2763527923505146e+17 1.1534186955889638e+17 1.0879006310702384e+17 1.0187862790713763e+17 9.450454173176571e+16 8.979695112183224e+16 8.651352449020726e+16 8.13263084976948e+16 7.765929591033926e+16 7.176549701652271e+16 6.750776052437835e+16 6.525676639304034e+16 6.290986613500036e+16 6.0452627897612456e+16 5.786585249610449e+16 5.5121784222448296e+16 4.892983698158323e+16 4.5140170175166664e+16 3.9862499798917656e+16
6630.000928842579 1.812348766001049e+17 1.7134890987376822e+17 1.6117220829168243e+17 1.506395081679522e+17 1.3965682284819405e+17 1.2808338904175472e+17 1.15696490961147e+17 1.0908884626747843e+17 1.0211482525595987e+17 9.46712609657505e+16 8.991896223959357e+16 8.660476762949138e+16 8.13707507586548e+16 7.767294105082757e+16 7.173616464059078e+16 6.745470227342196e+16 6.5194485179976744e+16 6.2840904027395544e+16 6.0380298265787176e+16 5.779436620377426e+16 5.5056210290643464e+16 4.888992751574882e+16 4.510861077786523e+16 3.979635844156011e+16
6650.0009316445185 1.79830427245227e+17 1.6994325370976048e+17 1.597612863661739e+17 1.4921866191572477e+17 1.3822090290288811e+17 1.2662724340316934e+17 1.1421657323509634e+17 1.0759741928006664e+17 1.006144342196706e+17 9.316823209923053e+16 8.842027153666435e+16 8.511299484718157e+16 7.98984391942989e+16 7.622231641189157e+16 7.033811429859999e+16 6.61112570982576e+16 6.388636708548472e+16 6.15746139258415e+16 5.916316744409128e+16 5.663423612200801e+16 5.396048390801325e+16 4.792858287427953e+16 4.418767602857181e+16 3.8827381101615736e+16
6670.000934446459 1.767881712293347e+17 1.6707313715293328e+17 1.5706428216796074e+17 1.4669587010109686e+17 1.3587391656663773e+17 1.2445894993744888e+17 1.122330765886508e+17 1.057108438380488e+17 9.883027043791446e+16 9.14956225299877e+16 8.682159678750098e+16 8.356787817802186e+16 7.844259998609277e+16 7.483409772350952e+16 6.906888541999499e+16 6.4937646230417576e+16 6.276698228988794e+16 6.051451042972863e+16 5.816792694491669e+16 5.570970689383379e+16 5.3112076044509224e+16 4.723645878100263e+16 4.3555819745825016e+16 3.820220913749684e+16
6690.000937248398 1.7651787178045718e+17 1.665485570277519e+17 1.5627523630573885e+17 1.456313168690129e+17 1.345224640611227e+17 1.228104632272443e+17 1.1028336494337976e+17 1.0361410861578144e+17 9.65952993073061e+16 8.914125457780858e+16 8.441206373945138e+16 8.113234108904117e+16 7.599163295482578e+16 7.23948421279015e+16 6.669603511165861e+16 6.265498980090664e+16 6.054761199912207e+16 5.837274961690622e+16 5.611953015547901e+16 5.377104407869418e+16 5.129804433010311e+16 4.568129570566052e+16 4.207956779364686e+16 3.6651612701185704e+16
6710.000940050329 1.7262176581825715e+17 1.6299925246380605e+17 1.5308633467476352e+17 1.4281905497558235e+17 1.3210674617946864e+17 1.2081631613683333e+17 1.087428796271214e+17 1.0231526625843443e+17 9.554954498304107e+16 8.83607826867195e+16 8.379641270350669e+16 8.06285336456593e+16 7.565733385952387e+16 7.217338382928536e+16 6.6639372167123976e+16 6.270078093651693e+16 6.064061314565654e+16 5.850912702998877e+16 5.6294356346886664e+16 5.397815789160653e+16 5.153009971291261e+16 4.594088187006555e+16 4.235028418030286e+16 3.6961982158881144e+16
6730.000942852268 1.7519096896327706e+17 1.651231685893855e+17 1.5473940778660538e+17 1.4397260946186683e+17 1.3272887934958118e+17 1.2087278454830302e+17 1.082012145807552e+17 1.0146632117885386e+17 9.43940253797881e+16 8.691015353564112e+16 8.218255887117216e+16 7.891612880303638e+16 7.382114182925277e+16 7.027801923112706e+16 6.470854919036543e+16 6.0796811839376696e+16 5.87699183535665e+16 5.668707931036563e+16 5.453748834801805e+16 5.230303634108352e+16 4.995081217592919e+16 4.455429731659081e+16 4.100196698932509e+16 3.5494550297658504e+16
6750.000945654209 1.729417484981491e+17 1.6309599396582608e+17 1.529461552456687e+17 1.424272967029745e+17 1.3144826819984373e+17 1.1987709847650632e+17 1.075147579804787e+17 1.0094480382483232e+17 9.404456968783736e+16 8.673913428652107e+16 8.21206268634589e+16 7.892704366613798e+16 7.39398650942316e+16 7.046607073051644e+16 6.499236245356376e+16 6.113486026178538e+16 5.9130718919156456e+16 5.706689930771803e+16 5.493195870874991e+16 5.27072888936227e+16 5.035993772347441e+16 4.496555362385196e+16 4.1424595455820744e+16 3.5971221345787124e+16
6770.000948456149 1.777764330125141e+17 1.6784517291334595e+17 1.5760133881278557e+17 1.4697771535490957e+17 1.3587952171177544e+17 1.2416852422496926e+17 1.1163376769397262e+17 1.049583469888444e+17 9.793285968265874e+16 9.047304485203318e+16 8.574170914550232e+16 8.246147556547645e+16 7.732187215875138e+16 7.372729609374933e+16 6.80339378177158e+16 6.399703964049386e+16 6.1891235061043976e+16 5.97169893856753e+16 5.7462637764905304e+16 5.511007556587342e+16 5.2628309887954616e+16 4.696962062647165e+16 4.332786008786972e+16 3.784101059161071e+16
6790.000951258089 1.750368483511805e+17 1.65132230267185e+17 1.549166866225863e+17 1.4432407865168278e+17 1.332617651152426e+17 1.2159588698341885e+17 1.0912496296150872e+17 1.0249453481034368e+17 9.552905662714803e+16 8.81530273858042e+16 8.348932441219034e+16 8.026433206401014e+16 7.52279943601356e+16 7.171997991717807e+16 6.619259144667893e+16 6.229757544688546e+16 6.027408453226998e+16 5.819045210207631e+16 5.6035136744953816e+16 5.378934957098161e+16 5.141979451348061e+16 4.597417209822838e+16 4.239853469195109e+16 3.688586704871458e+16
6810.000954060029 1.774156280270766e+17 1.6756982643143213e+17 1.574087980502893e+17 1.4686468910633786e+17 1.3584195074276382e+17 1.2420143225053666e+17 1.1173117078191693e+17 1.0508551005984387e+17 9.808817363446984e+16 9.065530417832506e+16 8.594000208557171e+16 8.267069347490338e+16 7.754848257084856e+16 7.396679362232606e+16 6.829647830565883e+16 6.427910085456745e+16 6.218491257652791e+16 6.002384646883292e+16 5.778445998896954e+16 5.544874397781798e+16 5.298544754764225e+16 4.7362330132530936e+16 4.372749816035914e+16 3.821544980011613e+16
6830.000956861959 1.8145702777969104e+17 1.714923291144876e+17 1.6120658156408512e+17 1.5053027674654845e+17 1.3936505512960294e+17 1.2756673643231742e+17 1.1491369444102997e+17 1.0816163611385664e+17 1.0104244718787208e+17 9.346513620474306e+16 8.864769473380645e+16 8.530165589031114e+16 8.004764372490744e+16 7.636405396922576e+16 7.051334390509809e+16 6.6352694290515544e+16 6.4178748273474984e+16 6.19321426423073e+16 5.960148704117878e+16 5.716941094160732e+16 5.460640339670855e+16 4.879198953088973e+16 4.508541400339981e+16 3.954615941294295e+16
6850.000959663898 1.8051582479681482e+17 1.7080389345893174e+17 1.607717834317393e+17 1.5034952282664157e+17 1.3943806884426526e+17 1.2789196013967701e+17 1.1548663073360174e+17 1.0885467683374128e+17 1.0185073688933552e+17 9.438025424339182e+16 8.96202720857425e+16 8.630841784176325e+16 8.109693681068173e+16 7.74337047889333e+16 7.159608945988924e+16 6.7427960125515144e+16 6.52438978888921e+16 6.298216043142441e+16 6.0630829708615464e+16 5.817221854380384e+16 5.5577045616173256e+16 4.9689792329625176e+16 4.595607934368951e+16 4.042370392308927e+16
6870.000962465839 1.8108096956225014e+17 1.7133524751153725e+17 1.6127581677552704e+17 1.5083385718573613e+17 1.3991158720386411e+17 1.2836481922509614e+17 1.159699190580395e+17 1.0934726727830421e+17 1.0235484605199162e+17 9.48969811382026e+16 9.014416122729877e+16 8.683638904205389e+16 8.162897314360024e+16 7.796621407318914e+16 7.212381433056216e+16 6.7947121429202216e+16 6.575664513669496e+16 6.348684692187792e+16 6.112569619899459e+16 5.86555136050904e+16 5.604726333227179e+16 5.013276169338418e+16 4.638912626335803e+16 4.085738012825745e+16
6890.000965267778 1.8377316267805683e+17 1.7401920688998717e+17 1.639516006700539e+17 1.5350127867115773e+17 1.4256984042549149e+17 1.3101159742814459e+17 1.1859917688524074e+17 1.1196285494838294e+17 1.0495050678889523e+17 9.746197401156992e+16 9.2682330878933e+16 8.935144554950757e+16 8.409819275332752e+16 8.039454315675278e+16 7.446768098758962e+16 7.021235664095878e+16 6.797337789720649e+16 6.5647537332974344e+16 6.322165475037359e+16 6.067705525960327e+16 5.7984390012395464e+16 5.188221552913222e+16 4.805920110830743e+16 4.251622679680933e+16
6910.0009680697185 1.8598953451458227e+17 1.7628754175559942e+17 1.662740776926211e+17 1.55880272713571e+17 1.4500760173717766e+17 1.3350933673089979e+17 1.2115450713837669e+17 1.145431791815544e+17 1.0754977008825853e+17 1.0006859833589195e+17 9.528369401376754e+16 9.19430677241927e+16 8.666158037981424e+16 8.292630742320091e+16 7.69230266159981e+16 7.258863599605208e+16 7.029853164496515e+16 6.79120437880344e+16 6.541452293664824e+16 6.278598008307721e+16 5.999650836572684e+16 5.367380192411252e+16 4.9753343194695656e+16 4.4187188213126104e+16
6930.000970871649 1.852780575064955e+17 1.7564952025424346e+17 1.6571076385407763e+17 1.5539276463906224e+17 1.4459678323467824e+17 1.3317578687906075e+17 1.208983600776553e+17 1.1432559380724971e+17 1.0737053406802242e+17 9.992742560828582e+16 9.516522114672488e+16 9.183969174780998e+16 8.658087649471195e+16 8.286084125433208e+16 7.688101317840539e+16 7.256320681514914e+16 7.02819555513188e+16 6.7904909112907224e+16 6.5417649028131784e+16 6.280046781979296e+16 6.002372133727917e+16 5.372951640363461e+16 4.981973730148213e+16 4.4244465685002376e+16
6950.000973673588 1.8660185593504077e+17 1.7703580389401734e+17 1.671639160962135e+17 1.56918005978571e+17 1.4620030256163018e+17 1.3486473600828634e+17 1.2268025794674189e+17 1.1615624536992104e+17 1.0925025617868949e+17 1.0185407089937445e+17 9.711686155892957e+16 9.380542034832488e+16 8.856121061832933e+16 8.48440778509107e+16 7.885130326843282e+16 7.450644273672906e+16 7.220345686081325e+16 6.979752707075153e+16 6.7272690315248776e+16 6.4607567989432376e+16 6.177108910334708e+16 5.532566627639691e+16 5.134391874838414e+16 4.576181892339143e+16
6970.00097647553 1.9047479099065424e+17 1.808338364495156e+17 1.7088126510782314e+17 1.605476302155986e+17 1.497332082826682e+17 1.382886890505e+17 1.2597703969970555e+17 1.1937913351166421e+17 1.1238893900599494e+17 1.0489352485093403e+17 1.0008632766762677e+17 9.672223568668589e+16 9.138699851373429e+16 8.759852746924691e+16 8.147586444251432e+16 7.702276322695435e+16 7.465674062775368e+16 7.2180334721166e+16 6.95762150825467e+16 6.682154044940408e+16 6.388404321575764e+16 5.720656434154131e+16 5.311277633872298e+16 4.7479202971537256e+16
6990.000979277469 1.8778532350263837e+17 1.783321304697262e+17 1.6858014274298403e+17 1.5846243128931696e+17 1.4788279501505024e+17 1.3669705971758626e+17 1.2467608713620416e+17 1.1823921642227907e+17 1.1142346571101576e+17 1.0411899133187406e+17 9.943588744335549e+16 9.615908781058024e+16 9.096234533672818e+16 8.727156221786006e+16 8.130346626899818e+16 7.695792964233158e+16 7.464644279807053e+16 7.222451241183746e+16 6.967410139435063e+16 6.697131110155298e+16 6.4082350431344744e+16 5.748389280586455e+16 5.341894177192565e+16 4.782161760898921e+16
7010.000982079409 1.8933472479546323e+17 1.7995019936758547e+17 1.7025670030308195e+17 1.601857098012083e+17 1.4963898377633696e+17 1.3846943145586467e+17 1.264431928023321e+17 1.1999315513767682e+17 1.1315492696368458e+17 1.058157326764893e+17 1.0110400311135117e+17 9.780394125157099e+16 9.256435544969115e+16 8.883830641731014e+16 8.280364111127336e+16 7.840132071958816e+16 7.605648577348763e+16 7.359714044663298e+16 7.1004539694089176e+16 6.825399688869175e+16 6.531098237120064e+16 5.858584760900528e+16 5.4454994918813544e+16 4.8811533147126424e+16
7030.000984881349 1.9161266299727917e+17 1.8214324431505568e+17 1.7236678166998298e+17 1.6221490122812035e+17 1.5158930199852422e+17 1.4034241740712883e+17 1.282389322255966e+17 1.2174922254536422e+17 1.1486939454773611e+17 1.07484815100638e+17 1.027426733675177e+17 9.942028710658474e+16 9.414272317344072e+16 9.038710949780222e+16 8.429833202303963e+16 7.985021406813418e+16 7.747833390160722e+16 7.498841294712578e+16 7.236099400558408e+16 6.957059657068528e+16 6.658194416603381e+16 5.974854092897732e+16 5.556242271108899e+16 4.988998668593188e+16
7050.000987683289 1.906987085532413e+17 1.8113291855458605e+17 1.7125333057644115e+17 1.6099130195296854e+17 1.5024880630929942e+17 1.3887991944857675e+17 1.2665451914320296e+17 1.2010779010021475e+17 1.1317796935153342e+17 1.0575681080934674e+17 1.0100358527922062e+17 9.768052972095704e+16 9.241594976450758e+16 8.868142449119984e+16 8.265007921749198e+16 7.82626680452847e+16 7.592924243276603e+16 7.348357468930376e+16 7.090609283840453e+16 6.817043474554846e+16 6.5238916615473e+16 5.8499218366027784e+16 5.431285854999703e+16 4.852915801045135e+16
7070.000990485219 1.8269352989784634e+17 1.731370531657463e+17 1.6326048038029472e+17 1.5299469836259674e+17 1.4224220669552797e+17 1.308602886333107e+17 1.1862930698303869e+17 1.120908927895059e+17 1.0518678673580242e+17 9.782436603067608e+16 9.313385879455213e+16 8.987025593333614e+16 8.473330455303872e+16 8.111990707230685e+16 7.535167009826082e+16 7.121855734526213e+16 6.904480176833082e+16 6.67855324016871e+16 6.442531753416691e+16 6.194145376362862e+16 5.9297530114369144e+16 5.3197630877630536e+16 4.926178351275476e+16 4.3398435125691944e+16
7090.000993287159 1.7940529447991414e+17 1.698442910426014e+17 1.5996370112088787e+17 1.4969650632508666e+17 1.3894919225616966e+17 1.2758680215410344e+17 1.1540550816721928e+17 1.0891272895504144e+17 1.0207731503562968e+17 9.481849222928323e+16 9.021438079330483e+16 8.702188357692446e+16 8.201740362344042e+16 7.851356210890142e+16 7.29496933143251e+16 6.8984336034085944e+16 6.690472325283594e+16 6.4746253938821976e+16 6.2492644478306104e+16 6.0119230133199576e+16 5.758568372207028e+16 5.167079841500896e+16 4.777123315066173e+16 4.184814249404325e+16
7110.000996089098 1.804836923754303e+17 1.7082440578911104e+17 1.6084256669904845e+17 1.504704141951321e+17 1.3961334876323754e+17 1.2813487654214098e+17 1.1582911661100136e+17 1.0927022931746422e+17 1.02365814709297e+17 9.503515996349198e+16 9.038687258951629e+16 8.716471218497235e+16 8.211600515968256e+16 7.858344936976453e+16 7.297945347672554e+16 6.8991171174567544e+16 6.690202125045988e+16 6.4735829953437176e+16 6.247685414407016e+16 6.010108767978491e+16 5.756889333391342e+16 5.16676092027087e+16 4.777230195872072e+16 4.181951812145867e+16
7130.000998891039 1.7345934736136624e+17 1.6393654201632547e+17 1.54088160353701e+17 1.4384927841321118e+17 1.3313148217719154e+17 1.2181120552817755e+17 1.0970989517453795e+17 1.0328723021233294e+17 9.655796572479522e+16 8.946240286398102e+16 8.499722493928466e+16 8.192071337977378e+16 7.7135691526514e+16 7.381621881674485e+16 6.860228619430438e+16 6.492962385709047e+16 6.301647079418327e+16 6.103816526770684e+16 5.8977607828805496e+16 5.680761559257283e+16 5.448221878749092e+16 4.894144982950149e+16 4.514150896196672e+16 3.914435024138889e+16
7150.001001692978 1.6836682948363514e+17 1.5930704113481133e+17 1.4994294199296944e+17 1.4021142960520664e+17 1.3002581377137032e+17 1.1926359822393347e+17 1.0774525258169512e+17 1.0162176578630933e+17 9.519465461354944e+16 8.840109350810838e+16 8.411501474671232e+16 8.115612201785227e+16 7.654349898324614e+16 7.33354260050867e+16 6.8282170515171416e+16 6.4712492467280136e+16 6.285004472735085e+16 6.0922435346811864e+16 5.891323710924417e+16 5.679626368253204e+16 5.4526941384409976e+16 4.911502218011628e+16 4.5391947874496744e+16 3.94752669056687e+16
7170.0010044949195 1.7841846206759344e+17 1.688805420890029e+17 1.590083456119949e+17 1.4873308365794736e+17 1.3795963757102566e+17 1.2655228736456235e+17 1.1430922816098704e+17 1.0778194835805296e+17 1.0091334843296904e+17 9.362875818757322e+16 8.90173197593464e+16 8.582574350649965e+16 8.083594996676734e+16 7.735467655256243e+16 7.185378965832872e+16 6.795846318426207e+16 6.5925245620959736e+16 6.3822344856604216e+16 6.163464990322716e+16 5.933828516637113e+16 5.689250300266185e+16 5.116347315125503e+16 4.732068062748902e+16 4.132292348854029e+16
7190.001007296848 1.7836791586186874e+17 1.6923902372505552e+17 1.597798661716792e+17 1.4992000667690694e+17 1.3956122181947254e+17 1.2856155646081448e+17 1.1670579803592246e+17 1.1035602384957378e+17 1.0364545004330786e+17 9.648750787184674e+16 9.192906601049118e+16 8.875941982518906e+16 8.377577302856296e+16 8.027556479326544e+16 7.469985625782656e+16 7.0714924691379624e+16 6.862253042233779e+16 6.64499629897737e+16 6.418189536071076e+16 6.179516240260652e+16 5.925164696079406e+16 5.333920994196834e+16 4.945761497409525e+16 4.355249518015104e+16
7210.001010098789 1.7703728184156106e+17 1.6792272860048317e+17 1.5848919840078506e+17 1.4866764075265574e+17 1.3836120199033018e+17 1.274291145167766e+17 1.1565681956227768e+17 1.0935464007172411e+17 1.0269531414608269e+17 9.559201222317525e+16 9.106798783861658e+16 8.792209610236056e+16 8.297583897886477e+16 7.950245596444549e+16 7.397257836695019e+16 7.002524234499229e+16 6.7955217417259736e+16 6.580838352584484e+16 6.357034558063167e+16 6.1218944872536504e+16 5.87168842051079e+16 5.290309639746919e+16 4.906716449732877e+16 4.316681135715989e+16
7230.001012900729 1.8711196262583846e+17 1.776358036028189e+17 1.6782071956808182e+17 1.575933095935433e+17 1.468498977413979e+17 1.3543829877641829e+17 1.2312321874207886e+17 1.1651430342523262e+17 1.095138036161473e+17 1.0202099966726922e+17 9.723119829052227e+16 9.389059918151528e+16 8.861890077472008e+16 8.490080749551352e+16 7.89497674350812e+16 7.467640983917571e+16 7.24272586343553e+16 7.008965742751105e+16 6.764907654637784e+16 6.508426253604966e+16 6.2360899829917864e+16 5.611631558732191e+16 5.2114723749489864e+16 4.61592707759979e+16
7250.001015702669 1.8678990966535667e+17 1.7747904662787997e+17 1.6784453700621738e+17 1.5781543190566835e+17 1.472908969097599e+17 1.3612177697231938e+17 1.24075054420943e+17 1.1760975260047238e+17 1.1075762331985725e+17 1.0341447642807224e+17 9.871206209471318e+16 9.542695144221098e+16 9.023068616443269e+16 8.655438193641718e+16 8.064428571159328e+16 7.637540598622842e+16 7.41186010238068e+16 7.176499329447661e+16 6.929860087420827e+16 6.669687058548406e+16 6.392496966607231e+16 5.756161261787894e+16 5.3521249760756744e+16 4.762984143338191e+16
7270.0010185046085 1.914108988252352e+17 1.820281871794625e+17 1.7231641034341962e+17 1.6220324254412163e+17 1.5158558601754986e+17 1.4031022462087622e+17 1.2813605379091362e+17 1.2159409968495267e+17 1.1465158015604949e+17 1.0719710616796458e+17 1.0241283765169352e+17 9.906434409404018e+16 9.37550717158938e+16 8.998752064211883e+16 8.390670476510803e+16 7.949287189911717e+16 7.715131466403669e+16 7.470320274483726e+16 7.213137604815848e+16 6.941241224513174e+16 6.6511587325887e+16 5.987120997631437e+16 5.571163586439183e+16 4.977688696497942e+16
7290.001021306549 1.920842242323363e+17 1.829136480512691e+17 1.7340778033986928e+17 1.634927687603753e+17 1.5306346445114253e+17 1.419635914779984e+17 1.2994672203949571e+17 1.2347355940327717e+17 1.1659023650295733e+17 1.0918115336196182e+17 1.0441454902679184e+17 1.0107233230537578e+17 9.576136590276059e+16 9.198282177402355e+16 8.58642848852049e+16 8.140532022222331e+16 7.903306998960048e+16 7.654759377453419e+16 7.393065060311354e+16 7.115775759895899e+16 6.81935183315657e+16 6.1404303152038696e+16 5.717813916245493e+16 5.1236022499073096e+16
7310.001024108488 1.9346422608700522e+17 1.8423719509064266e+17 1.7468617944971494e+17 1.6473944539754883e+17 1.542944371503968e+17 1.4319808077806187e+17 1.3120780216027547e+17 1.247578377223153e+17 1.17904749287812e+17 1.1053262560934182e+17 1.0579075104717432e+17 1.0246555784105757e+17 9.71796294627649e+16 9.341611509844894e+16 8.731353309012736e+16 8.285650348867392e+16 8.048083214480322e+16 7.798783113755075e+16 7.535811462464405e+16 7.256587876669734e+16 6.957444840040511e+16 6.270828507283739e+16 5.844694857244471e+16 5.252718347255456e+16
7330.001026910419 1.9034380729386723e+17 1.8143565603454662e+17 1.7221815686642806e+17 1.6262201924364205e+17 1.5254801105287178e+17 1.4184762567993394e+17 1.3028463840101757e+17 1.240626740665283e+17 1.1744881286878354e+17 1.103283448482507e+17 1.0574370878029686e+17 1.0252585752433544e+17 9.740417022361888e+16 9.375156202626368e+16 8.781475420022314e+16 8.346466813102907e+16 8.113999096512712e+16 7.869535102661e+16 7.611036538705117e+16 7.335801974048998e+16 7.040034598454326e+16 6.358221892339674e+16 5.9346564842526264e+16 5.350781953093574e+16
7350.001029712358 1.9225518391569366e+17 1.8323463783101e+17 1.7390650975240288e+17 1.6420210342269344e+17 1.540229001163873e+17 1.4322121283153374e+17 1.3156173391274715e+17 1.2529358195901634e+17 1.1863493158476986e+17 1.1147083702992192e+17 1.06860281371265e+17 1.0362504556461906e+17 9.847662227405066e+16 9.48052455396754e+16 8.883729692401904e+16 8.446276510299614e+16 8.212404026688565e+16 7.966364607955566e+16 7.70607125400868e+16 7.428765332228138e+16 7.130593825351534e+16 6.4430287535650904e+16 6.016840253691379e+16 5.4336044456242856e+16
7370.0010325142985 1.9635531973513805e+17 1.872083216774028e+17 1.7774624048807418e+17 1.6789926509958138e+17 1.575672627985088e+17 1.46600050026881e+17 1.34757946719374e+17 1.2838965195869627e+17 1.2162265345929792e+17 1.1433889348496086e+17 1.0964897385339976e+17 1.0635659447446254e+17 1.0111405944823381e+17 9.73725774001513e+16 9.128371851279016e+16 8.681369398836197e+16 8.442109097130581e+16 8.190169352837162e+16 7.923366436568144e+16 7.638833430559894e+16 7.332616062637918e+16 6.626623445527781e+16 6.191284450664969e+16 5.603287147111529e+16
7390.001035316238 1.9586643624561085e+17 1.8690198910165642e+17 1.7761723418781338e+17 1.679416300241606e+17 1.5777435688518262e+17 1.4696445298821456e+17 1.3527134511615117e+17 1.2897400626911867e+17 1.2227522835936144e+17 1.1505642567463397e+17 1.1040353799206573e+17 1.0713483293532429e+17 1.0192587492317534e+17 9.820510010209019e+16 9.21436324181133e+16 8.768815531167218e+16 8.53011419563477e+16 8.278578580041232e+16 8.011977628966131e+16 7.727380544828738e+16 7.420753065856422e+16 6.7126772973039416e+16 6.276073373459366e+16 5.6889553390318264e+16
7410.001038118179 1.9444667467833216e+17 1.856413538543243e+17 1.7651809920146672e+17 1.6700732765929376e+17 1.5700941287698214e+17 1.4637528056732848e+17 1.3486707982269834e+17 1.2866685911756734e+17 1.2206914981253931e+17 1.1495613220039555e+17 1.103692885521969e+17 1.0714576181705346e+17 1.0200629159129166e+17 9.833290129559992e+16 9.234356667815739e+16 8.793607070614547e+16 8.557257750023053e+16 8.308005703226504e+16 8.043574891900131e+16 7.76096814883965e+16 7.456056854088904e+16 6.7501193213399336e+16 6.31393232409972e+16 5.728118064387457e+16
7430.001040920119 1.9738657409393517e+17 1.8838858729470848e+17 1.7907108396751114e+17 1.693643445941126e+17 1.591684505838501e+17 1.4833361605990515e+17 1.3662078802090526e+17 1.3031608064877277e+17 1.2361186757192224e+17 1.1638963575154966e+17 1.1173555038498562e+17 1.0846629884140006e+17 1.0325656786401776e+17 9.953494550144334e+16 9.34704640328997e+16 8.901034901148538e+16 8.661955089101336e+16 8.409892627620109e+16 8.142560295047989e+16 7.856951323140642e+16 7.548933789155917e+16 6.8365883893350456e+16 6.397403886634869e+16 5.809814441024421e+16
7450.001043722049 1.964544809199779e+17 1.875549015577611e+17 1.783415467744638e+17 1.6874507767186144e+17 1.586664629293753e+17 1.4795703221670832e+17 1.3637971296308293e+17 1.3014754671361266e+17 1.2351986676234928e+17 1.1637907672207582e+17 1.1177667741809008e+17 1.085432159059033e+17 1.0338935166478322e+17 9.97064838871673e+16 9.370227555362408e+16 8.92834018927169e+16 8.691331038304176e+16 8.441324056005832e+16 8.176005826564902e+16 7.892329612815211e+16 7.586104176087419e+16 6.876607850769935e+16 6.4384935465505256e+16 5.852754894879765e+16
7470.001046523989 1.9838532699722093e+17 1.893903173834784e+17 1.8008017457314333e+17 1.7038538986690374e+17 1.6020614411361696e+17 1.49392862654969e+17 1.3770636772329643e+17 1.3141639685397704e+17 1.2472757387543411e+17 1.1752061876887526e+17 1.1287497110079029e+17 1.0961062799897898e+17 1.0440631654823538e+17 1.0068617550073517e+17 9.461827043457522e+16 9.014954396488157e+16 8.775144672382058e+16 8.522074962361517e+16 8.253374705014427e+16 7.96592647388873e+16 7.655457035173794e+16 6.935783717114001e+16 6.4918082357990136e+16 5.9002274743445144e+16
7490.001049325929 1.9844469101913808e+17 1.8952686331123277e+17 1.802895444065601e+17 1.706624976937947e+17 1.6054507949097498e+17 1.4978649898228563e+17 1.3814613119642904e+17 1.3187535658545371e+17 1.2520271822621138e+17 1.1800846012802936e+17 1.1336849021056872e+17 1.1010699832521442e+17 1.0490535199745701e+17 1.0118572051817061e+17 9.511614115716531e+16 9.064414541920006e+16 8.824354778522478e+16 8.570962045817054e+16 8.301849536954422e+16 8.013877914763342e+16 7.702744916519802e+16 6.9811898203809496e+16 6.5359863320015256e+16 5.943162128796118e+16
7510.001052127869 1.9998230729677766e+17 1.910486022195988e+17 1.8179092787611686e+17 1.7213805734872416e+17 1.6198812999999382e+17 1.5118851798015267e+17 1.3949550444269362e+17 1.3319256457156989e+17 1.2648247001646258e+17 1.1924385681996147e+17 1.1457292814593944e+17 1.1128850660716392e+17 1.0604814860595597e+17 1.0229911446706658e+17 9.617813212306043e+16 9.166520182958898e+16 8.924144148780018e+16 8.66821168175182e+16 8.39629539492743e+16 8.105212025910702e+16 7.790620446955702e+16 7.061147749297279e+16 6.611824240066744e+16 6.015780033617766e+16
7530.001054929809 2.0175622849497613e+17 1.927180170169556e+17 1.833543568710467e+17 1.735940861472064e+17 1.6333507676370016e+17 1.5242425256500893e+17 1.4061679877839891e+17 1.3425473086318822e+17 1.2748355876320365e+17 1.2018099862256803e+17 1.154697264362577e+17 1.1215730830793091e+17 1.0687284821171102e+17 1.0309266227690294e+17 9.692157455299944e+16 9.237240570178869e+16 8.992947425187786e+16 8.735014551174238e+16 8.461000548801491e+16 8.167701961046096e+16 7.850749852499194e+16 7.115997509804601e+16 6.663813204067241e+16 6.065182671766039e+16
7550.001057731749 2.0231282920274973e+17 1.9325368149904525e+17 1.8386906479412598e+17 1.7408792058164848e+17 1.6380825330817946e+17 1.5287704491431456e+17 1.4104957339773795e+17 1.34677591154937e+17 1.2789655540115877e+17 1.205840630945037e+17 1.1586674038615565e+17 1.1255020899371626e+17 1.0725938879727054e+17 1.0347475128792283e+17 9.729644104405342e+16 9.274185488871293e+16 9.029593678661218e+16 8.771337425667955e+16 8.496969171460005e+16 8.203277811010115e+16 7.885884800105067e+16 7.15004664907384e+16 6.697144314556991e+16 6.0975048136469864e+16
7570.001060533678 2.0222280808449114e+17 1.9323487092842352e+17 1.839189212668382e+17 1.742031875769446e+17 1.6398474117343584e+17 1.5310936701224138e+17 1.413305499319806e+17 1.3497941935561277e+17 1.2821626900914406e+17 1.2091796170964083e+17 1.1620694154427258e+17 1.1289349363647386e+17 1.0760527929595949e+17 1.0382076861185502e+17 9.763957240820774e+16 9.308043605545998e+16 9.063123776593424e+16 8.804458644723603e+16 8.529586498872675e+16 8.235277831859205e+16 7.91712949446591e+16 7.17921112088419e+16 6.724823751046489e+16 6.122961371485037e+16
7590.001063335619 2.0045865259278666e+17 1.914992355818623e+17 1.8221002562465962e+17 1.725185477439017e+17 1.6232122568976304e+17 1.5146282380426176e+17 1.3969578209086486e+17 1.3334832173382787e+17 1.265874256206814e+17 1.1929054508329803e+17 1.145805981171007e+17 1.1126837181192597e+17 1.0598369597220726e+17 1.0220361988997397e+17 9.603505980125267e+16 9.149141857575357e+16 8.90534154165144e+16 8.648118276194741e+16 8.375104910773176e+16 8.083185514877272e+16 7.768067660831946e+16 7.037802539761663e+16 6.585767834996827e+16 5.975953492298348e+16
7610.001066137558 2.0040843604562192e+17 1.914385105520026e+17 1.821339582798856e+17 1.724213939073058e+17 1.6219582563085978e+17 1.5130019915594285e+17 1.394841768755025e+17 1.3310658480332494e+17 1.2631092957033328e+17 1.1897385365652797e+17 1.1423687257802562e+17 1.1090536335954789e+17 1.0558998684419478e+17 1.0178852307029923e+17 9.558768962693405e+16 9.102403525390341e+16 8.857727750350851e+16 8.599773918059725e+16 8.326242476594674e+16 8.034106067008237e+16 7.71917663718034e+16 6.990651736583583e+16 6.539195432168873e+16 5.9248761370122776e+16
7630.001068939499 2.011720220307102e+17 1.921196350572342e+17 1.8272734008882224e+17 1.7292055821832288e+17 1.6259267400414883e+17 1.5158413618063917e+17 1.3964080842648989e+17 1.3319245326917997e+17 1.2632005430987061e+17 1.1889909534655646e+17 1.1410785941936835e+17 1.1073841863479955e+17 1.0536349320053432e+17 1.0152072088123946e+17 9.525642838683224e+16 9.065080257371518e+16 8.818381770500254e+16 8.558505290401058e+16 8.28320348340017e+16 7.989512925347062e+16 7.673308873514374e+16 6.942898452274425e+16 6.48955133676335e+16 5.8672091710744984e+16
7650.001071741439 2.0072281779501238e+17 1.9170385419812666e+17 1.823438501382096e+17 1.72568010444274e+17 1.6226944465250326e+17 1.5128832883525514e+17 1.3937034144884261e+17 1.3293391186872976e+17 1.2607309258369787e+17 1.1866373035412776e+17 1.138797790362951e+17 1.1051552227200856e+17 1.0514927993096696e+17 1.0131329722120949e+17 9.506185497055202e+16 9.046778236423267e+16 8.800797110574128e+16 8.54176468570625e+16 8.267466507291643e+16 7.974976917295942e+16 7.660205849894045e+16 6.933262790905644e+16 6.481370908427775e+16 5.858176538076332e+16
7670.001074543379 1.8784148745352746e+17 1.7945477227798115e+17 1.7075174903869126e+17 1.6166239692950352e+17 1.520870449669888e+17 1.4187731959076694e+17 1.3079849481420022e+17 1.248175007738656e+17 1.1844546975273128e+17 1.1157014394931979e+17 1.0713598164574946e+17 1.0402081407473296e+17 9.905858023902974e+16 9.551757189926475e+16 8.976075637095971e+16 8.554352618660117e+16 8.329081651945442e+16 8.092279416203776e+16 7.841977101520243e+16 7.575504392253677e+16 7.288966562510598e+16 6.624197885806705e+16 6.202800630672358e+16 5.599888911878458e+16
7690.001077345319 1.9825005816937862e+17 1.892329307153452e+17 1.7986993704153114e+17 1.700854794909105e+17 1.5977179327658806e+17 1.4876829407097446e+17 1.3682073945309248e+17 1.3036767784241133e+17 1.2349056943033218e+17 1.1606834819738136e+17 1.112809606831612e+17 1.079177467297972e+17 1.0256136533403955e+17 9.874059495421424e+16 9.25339974839859e+16 8.799380606974509e+16 8.557196656382043e+16 8.30295393976691e+16 8.034692003655846e+16 7.74978245177797e+16 7.444424605825595e+16 6.741452626681399e+16 6.3004096456879096e+16 5.673751434700328e+16
7710.001080147249 1.9247689426126528e+17 1.8378390493840733e+17 1.7476032351537782e+17 1.653332289140045e+17 1.5539868836973747e+17 1.4480188083870765e+17 1.332978989684315e+17 1.2708517594760594e+17 1.2046481797343382e+17 1.1332053255112717e+17 1.0871294055515691e+17 1.0547629138988082e+17 1.0032186815939317e+17 9.664534069150418e+16 9.067285611331117e+16 8.630297079723277e+16 8.397122080688101e+16 8.152242966606418e+16 7.893707986753099e+16 7.61887720182375e+16 7.323898824796291e+16 6.641973814835797e+16 6.2109332211517176e+16 5.593028315445707e+16
7730.0010829491885 1.9922227322299827e+17 1.9025085152749766e+17 1.809317663008941e+17 1.7118877310868042e+17 1.609131949184855e+17 1.499430844674363e+17 1.3802192725958744e+17 1.3157819907706317e+17 1.2470664984508907e+17 1.1728457379778731e+17 1.1249352719531203e+17 1.091257170045124e+17 1.0375804738266306e+17 9.9925785193266e+16 9.369308306569274e+16 8.912663625002189e+16 8.668780433933405e+16 8.412499633940347e+16 8.141780312141038e+16 7.853899371320765e+16 7.544961757216586e+16 6.833026471313013e+16 6.387491036627175e+16 5.7594945066938904e+16
7750.001085751129 1.965396699787232e+17 1.8773947698785574e+17 1.7859233210222112e+17 1.6902222211950518e+17 1.5892096490186752e+17 1.481276280588937e+17 1.3638783153151344e+17 1.3003784512043506e+17 1.2326346930003403e+17 1.1594395758352923e+17 1.1121840881030253e+17 1.078966209441799e+17 1.0260288166286856e+17 9.882437540682086e+16 9.268233025392478e+16 8.81862234633025e+16 8.578678437024466e+16 8.326696037131344e+16 8.060703518861517e+16 7.778047398357189e+16 7.474878198243762e+16 6.775711297694903e+16 6.336015951926885e+16 5.710170550622179e+16
7770.001088553068 2.0092156150867747e+17 1.918206898465808e+17 1.823660501831216e+17 1.724804640517916e+17 1.6205380629576118e+17 1.5092185018889494e+17 1.3882446998824718e+17 1.3228556223895224e+17 1.2531289954243974e+17 1.1778267814887997e+17 1.1292294204653656e+17 1.0950768402296152e+17 1.040664945700733e+17 1.00183967380099e+17 9.387540193583662e+16 8.925993586113653e+16 8.679794269894672e+16 8.421351773363669e+16 8.14869287001315e+16 7.859178567784202e+16 7.54900508334932e+16 6.8358422038618904e+16 6.38941868316722e+16 5.756393284058674e+16
7790.001091355009 2.0051195424632278e+17 1.914957592439728e+17 1.82127059163126e+17 1.7232867258925997e+17 1.6199051883225658e+17 1.509484747412631e+17 1.3894254137792069e+17 1.324499314375817e+17 1.2552385649948651e+17 1.1804026275801403e+17 1.1320828022886768e+17 1.0981127925754243e+17 1.043967679279278e+17 1.0053122457018821e+17 9.42459480731062e+16 8.964353699767166e+16 8.718692106664778e+16 8.460684624813811e+16 8.18833438467467e+16 7.898978417355344e+16 7.588797448864118e+16 6.875277860219984e+16 6.428971574502402e+16 5.797737417885131e+16
7810.001094156948 2.019354708417542e+17 1.9295504357037462e+17 1.836226124903885e+17 1.7386127996360243e+17 1.6356134453195206e+17 1.5255911415509162e+17 1.4059478231930251e+17 1.3412338649002707e+17 1.2721819174118648e+17 1.1975384897862722e+17 1.1493148571709608e+17 1.1153939791472312e+17 1.061285021096559e+17 1.0226143394011765e+17 9.596378303037398e+16 9.134214666063645e+16 8.887090218044893e+16 8.627172578382363e+16 8.352356201161525e+16 8.059855092175714e+16 7.745738595724373e+16 7.022269982959958e+16 6.571710520692457e+16 5.942978884840322e+16
7830.001096958878 1.9903416425870467e+17 1.902692325236935e+17 1.811556807825e+17 1.7161687200032493e+17 1.6154357376604874e+17 1.5077292847529942e+17 1.390467307566427e+17 1.3269781086294424e+17 1.259183216729929e+17 1.1858422671679018e+17 1.1384308702103442e+17 1.1050687406569566e+17 1.051831995685046e+17 1.0137724663314024e+17 9.517756625449267e+16 9.062721211474429e+16 8.819410296493507e+16 8.563518379379898e+16 8.292983818253118e+16 8.005069137318802e+16 7.695883501060573e+16 6.98311330972001e+16 6.537555589988587e+16 5.911268540714433e+16
7850.001099760818 2.0037908683536413e+17 1.915249289713414e+17 1.823212292036242e+17 1.7269180951804298e+17 1.625280872819049e+17 1.5166814000571034e+17 1.3985511204488827e+17 1.3346427029054802e+17 1.2664422650560352e+17 1.192712308578692e+17 1.1450763238546734e+17 1.1115681296140394e+17 1.0581169043938208e+17 1.0199160230472042e+17 9.577034997359024e+16 9.120453105158858e+16 8.876294725276549e+16 8.619473189240986e+16 8.347890026079187e+16 8.058757558220083e+16 7.74812030554485e+16 7.0314927975788264e+16 6.583619161427373e+16 5.955801224068567e+16
7870.001102562758 2.037009332687766e+17 1.9473385049776304e+17 1.8541384471413696e+17 1.756635347759201e+17 1.65372411656827e+17 1.5437535097849424e+17 1.4240981377107373e+17 1.3593381202304699e+17 1.290197374295146e+17 1.2154002220093574e+17 1.1670378460828592e+17 1.1329972692076992e+17 1.0786532005518154e+17 1.0397760287476811e+17 9.763815362565922e+16 9.297832941601078e+16 9.048372936221643e+16 8.785764650497597e+16 8.507838171138685e+16 8.211738371948926e+16 7.893474839914472e+16 7.1601776878716504e+16 6.7046549445132904e+16 6.073270827994376e+16
7890.001105364698 2.0364531704535248e+17 1.9476978738503402e+17 1.8554652682070723e+17 1.7589885172655402e+17 1.6571722345018986e+17 1.5483792525840982e+17 1.4300050849271989e+17 1.365933661228896e+17 1.297519424139253e+17 1.2234906717584954e+17 1.1756096212040853e+17 1.1418973107771702e+17 1.0880524966075898e+17 1.0495074245998157e+17 9.865907396085448e+16 9.40274366600176e+16 9.154477456330915e+16 8.892842371024328e+16 8.615586717849592e+16 8.319750668039235e+16 8.001222628848149e+16 7.265602711298258e+16 6.808916701245566e+16 6.180887801111911e+16
7910.001108166639 2.019052526469709e+17 1.9315923039639786e+17 1.8406792313655568e+17 1.745548930592052e+17 1.6451109144993354e+17 1.5377374030259325e+17 1.4208420393867446e+17 1.3575426232599032e+17 1.289931726584392e+17 1.2167494592913846e+17 1.1694042633474318e+17 1.1360640534317016e+17 1.0828047916111554e+17 1.044671983329823e+17 9.824139187407053e+16 9.365681508009688e+16 9.119874181862504e+16 8.860771651622048e+16 8.58612130121888e+16 8.292955915493102e+16 7.977141323508096e+16 7.246742852473701e+16 6.7920101230502584e+16 6.164197065683994e+16
7930.001110968578 2.0113064893271235e+17 1.925867232046594e+17 1.836929898370117e+17 1.7437231084933734e+17 1.6451483528480026e+17 1.5395680032593728e+17 1.424381735402997e+17 1.3618983651670893e+17 1.2950715884823942e+17 1.22263319104349e+17 1.175709219813409e+17 1.1426363398424261e+17 1.0897518486720858e+17 1.0518460040106973e+17 9.898788801481634e+16 9.441791249658379e+16 9.196510562890168e+16 8.937760240904459e+16 8.663250077743462e+16 8.369969497177906e+16 8.053742887289179e+16 7.321702381597302e+16 6.866352557924391e+16 6.240374547890345e+16
7950.001113770509 1.99084512278638e+17 1.9064563735905142e+17 1.818670595715691e+17 1.7267344141549498e+17 1.629574376581546e+17 1.525590454368442e+17 1.412241322690424e+17 1.350795592941023e+17 1.2851091897558554e+17 1.2139399441914776e+17 1.167854156665578e+17 1.1353783526105434e+17 1.0834568299809979e+17 1.046245046751161e+17 9.854121769552184e+16 9.405404666641054e+16 9.164500864760666e+16 8.91028658680813e+16 8.64046082761896e+16 8.351983089786493e+16 8.040615709586162e+16 7.317987311248891e+16 6.866974069862601e+16 6.245915802129641e+16
7970.001116572449 2.0523912172561325e+17 1.964822384889529e+17 1.873792465140179e+17 1.7785386081865485e+17 1.6779711206056454e+17 1.5704595824245507e+17 1.45340534713299e+17 1.3900075605594101e+17 1.322271384633458e+17 1.2489134563469566e+17 1.2014204980605368e+17 1.1679540085659435e+17 1.1144431660790866e+17 1.0760823936832592e+17 1.0133383917403635e+17 9.670184007900622e+16 9.421330900398315e+16 9.158580929021822e+16 8.879527920781709e+16 8.581017771662155e+16 8.258717514791474e+16 7.511853417365403e+16 7.049112590784023e+16 6.421581464918805e+16
7990.0011193743885 2.038673257438351e+17 1.9518070074733485e+17 1.861534703800922e+17 1.7671026994249952e+17 1.6674342678104314e+17 1.560918733724463e+17 1.4449892938196986e+17 1.3822183973479555e+17 1.315165955513722e+17 1.242564956762184e+17 1.1955710835732754e+17 1.1624604200274718e+17 1.1095249981985688e+17 1.0715808773441864e+17 1.0095228429492109e+17 9.637089713554491e+16 9.390936272176717e+16 9.13100730027285e+16 8.854899229815317e+16 8.559452495843283e+16 8.24031075253295e+16 7.499716908506699e+16 7.039615771559408e+16 6.413476123820766e+16
8010.001122176329 2.037460954846071e+17 1.9518036051634848e+17 1.8627028470868294e+17 1.7694008527770976e+17 1.6708165790494288e+17 1.5653342093334352e+17 1.4503796651650272e+17 1.3880703919253016e+17 1.3214582896346586e+17 1.2492702720235104e+17 1.2025064658135958e+17 1.1695392168015483e+17 1.1167986542266338e+17 1.0789659097402358e+17 1.0170324921709162e+17 9.71258387583755e+16 9.466437603591714e+16 9.206346786546686e+16 8.929866995921131e+16 8.633790131123914e+16 8.31370987266524e+16 7.570309090867974e+16 7.108849295769712e+16 6.483517293917313e+16
8030.001124978268 2.0451442209354704e+17 1.9589698089815437e+17 1.8693728191474624e+17 1.7756023922275565e+17 1.6765867563510342e+17 1.5707234920529712e+17 1.4554572810028154e+17 1.3930265668803403e+17 1.3263223979324459e+17 1.2540779086067586e+17 1.2073005177349902e+17 1.1743338109097707e+17 1.1216098911089275e+17 1.0837994090350117e+17 1.0219159717958755e+17 9.761840516601731e+16 9.515915194295411e+16 9.256035641338478e+16 8.9797360926204e+16 8.683775626911542e+16 8.363700183234982e+16 7.619751745834406e+16 7.157832777748002e+16 6.533130217025993e+16
8050.001127780209 2.0359786372496368e+17 1.951304765444619e+17 1.8632220006023795e+17 1.770982010082939e+17 1.673515685949717e+17 1.5692260379892912e+17 1.4555659669315562e+17 1.3939533252969125e+17 1.328077782405582e+17 1.2566706370051854e+17 1.2103971671916778e+17 1.177765120443648e+17 1.12553668880165e+17 1.0880476365159403e+17 1.0266193303559155e+17 9.811582787695946e+16 9.566852841687331e+16 9.308020056188056e+16 9.032574077647242e+16 8.737216617357746e+16 8.417424786387834e+16 7.672896679242966e+16 7.210458148884806e+16 6.58717832737792e+16
8070.001130582138 2.0410516239974957e+17 1.9553029107341248e+17 1.8661841168116874e+17 1.7729544657430656e+17 1.6745568385286218e+17 1.5694092214687306e+17 1.4549889747345114e+17 1.3930453084502653e+17 1.3268829060209237e+17 1.2552474663141504e+17 1.2088742645929624e+17 1.176195540014848e+17 1.1239342770275093e+17 1.0864541176004712e+17 1.0250997427389781e+17 9.797403661300976e+16 9.553378428229037e+16 9.295400143408779e+16 9.020969332082011e+16 8.726788308069678e+16 8.40830964038667e+16 7.666385021757432e+16 7.2046063272826584e+16 6.580145320173552e+16
8090.0011333840785 2.036929065045248e+17 1.9529331286148723e+17 1.8655247006686672e+17 1.7739512358629597e+17 1.6771401646232336e+17 1.573489611207853e+17 1.460449535820848e+17 1.3991403233200483e+17 1.3335662965205797e+17 1.2624636487385368e+17 1.216378183609093e+17 1.1838757554281082e+17 1.1318518682335482e+17 1.0945089315993058e+17 1.0333211929067168e+17 9.880398448587317e+16 9.636638739592128e+16 9.378828712732928e+16 9.104458555015488e+16 8.810225058350813e+16 8.491591174013922e+16 7.749379729876875e+16 7.28817318228148e+16 6.667094291634904e+16
8110.001136186018 2.0519035270639395e+17 1.96708710208133e+17 1.8788727959905536e+17 1.78650932147753e+17 1.688921519567632e+17 1.584503594647126e+17 1.4706966145679344e+17 1.4089993310325002e+17 1.343028822777202e+17 1.2715149786108178e+17 1.2251710775533678e+17 1.192489050950694e+17 1.1401805489802765e+17 1.102633680013246e+17 1.0411076027301875e+17 9.955674827732384e+16 9.710472067420622e+16 9.45108445031881e+16 9.174964893165659e+16 8.878762457318589e+16 8.557882858626427e+16 7.810177948963106e+16 7.345875920715035e+16 6.72238762169659e+16
8130.001138987959 2.0700101768839053e+17 1.984409423306481e+17 1.8953891369950058e+17 1.802194952336281e+17 1.703750493718729e+17 1.5984456522878243e+17 1.483712098274354e+17 1.421529979069577e+17 1.3550542068777557e+17 1.2830049542981077e+17 1.2363189513862269e+17 1.203396955775906e+17 1.1507043671524469e+17 1.1128803077166328e+17 1.0508932112272074e+17 1.0050030396368542e+17 9.802900323253358e+16 9.541435175662856e+16 9.263055692436901e+16 8.964371106192877e+16 8.640742658557091e+16 7.886697341135997e+16 7.419228541361848e+16 6.7943118807776616e+16
8150.001141789899 2.0721875095160794e+17 1.986886116612704e+17 1.8981583395233136e+17 1.805248765971612e+17 1.7070812591489357e+17 1.6020429522658093e+17 1.4875624150080653e+17 1.4255001457758848e+17 1.3591372872795195e+17 1.2871911379642938e+17 1.2405599195261782e+17 1.2076702200977034e+17 1.1550173029416464e+17 1.1172116447348243e+17 1.055233963962831e+17 1.0093321195749373e+17 9.846056115283613e+16 9.584390588797614e+16 9.305732118489043e+16 9.006675495097808e+16 8.68256866098987e+16 7.927261404930202e+16 7.459165213246181e+16 6.834299708144843e+16
8170.001144591839 2.066533055429542e+17 1.9816808977892883e+17 1.8934319742452576e+17 1.801035346362625e+17 1.7034256612046346e+17 1.5990060225338976e+17 1.4852281959346566e+17 1.4235605609935866e+17 1.357631477371126e+17 1.2861700415011584e+17 1.239860754656676e+17 1.2072016321308835e+17 1.1549230533634576e+17 1.1173892427641784e+17 1.0558597359041173e+17 1.0102886099129875e+17 9.857384861606006e+16 9.597562988354013e+16 9.320831532806238e+16 9.023785821440573e+16 8.701768979772946e+16 7.950808197837326e+16 7.484937598544669e+16 6.862614209948226e+16
8190.001147393778 1.893949644466873e+17 1.8191249154632557e+17 1.7412947538034166e+17 1.6597841487956627e+17 1.5736337241390464e+17 1.481408273073557e+17 1.3808238377042024e+17 1.326260079331038e+17 1.267887128880739e+17 1.204570891019926e+17 1.1635168420361035e+17 1.1345540298978147e+17 1.0881774859631752e+17 1.054871863305562e+17 1.0002623665057382e+17 9.598119871055365e+16 9.380202399989389e+16 9.149570728052813e+16 8.903909356882795e+16 8.640132709595846e+16 8.35391706383885e+16 7.682689285154056e+16 7.259315646011267e+16 6.677354316950722e+16
8210.001150195709 2.0205259506932707e+17 1.9383966743989062e+17 1.8528230431014326e+17 1.763047388914248e+17 1.6679931244772826e+17 1.566054303525573e+17 1.4546798303677933e+17 1.3941873297712827e+17 1.3294215285303922e+17 1.2591228189345515e+17 1.213520572325914e+17 1.1813421947155189e+17 1.129810261986554e+17 1.0928020950567712e+17 1.032135554109238e+17 9.872244048952498e+16 9.630448252201853e+16 9.374707951513672e+16 9.102541126896147e+16 8.810667904244526e+16 8.494542205347966e+16 7.756897703030106e+16 7.295442153287054e+16 6.664331523287636e+16
8230.001152997647 2.038406374959118e+17 1.956324280462618e+17 1.8707692427391427e+17 1.7809788627509565e+17 1.68586670244494e+17 1.583813103157298e+17 1.4722400198302336e+17 1.411602286180282e+17 1.3466468744111387e+17 1.2760960618280995e+17 1.2303005576323173e+17 1.1979699036266675e+17 1.1461634322900866e+17 1.1089320635990685e+17 1.0478450237022397e+17 1.0025720392799346e+17 9.781775218167334e+16 9.523597846426429e+16 9.248649613899669e+16 8.953589933970184e+16 8.633826899657898e+16 7.88790288744799e+16 7.42309836690387e+16 6.793565121132346e+16
8250.00115579959 2.0488548635854134e+17 1.9650455627594502e+17 1.8778114175711082e+17 1.7864043033673674e+17 1.6897582795245088e+17 1.5862797361525936e+17 1.473431159749517e+17 1.4122305643712491e+17 1.3467779171016938e+17 1.2758139366842778e+17 1.229822423962262e+17 1.1973880884718915e+17 1.1454760286465667e+17 1.1082150590039226e+17 1.0471630299400978e+17 1.0019807970031867e+17 9.77656409269481e+16 9.519273916847811e+16 9.245410615668125e+16 8.951636436170998e+16 8.633341799092477e+16 7.890608676535677e+16 7.42718942144602e+16 6.798542191468064e+16
8270.001158601528 2.0730767576654774e+17 1.9882848711845686e+17 1.90001262908289e+17 1.8074970677263414e+17 1.7096485753060317e+17 1.6048381943609206e+17 1.4904675347296883e+17 1.4284025873931475e+17 1.361988887826437e+17 1.2899335024966698e+17 1.2432038613992182e+17 1.2102333931542064e+17 1.1574354887145483e+17 1.1195177080530458e+17 1.0573543982162995e+17 1.0113272408442363e+17 9.86543205693156e+16 9.603271459263853e+16 9.32425053610577e+16 9.025031999199197e+16 8.701036745582734e+16 7.946560749584168e+16 7.477461619808078e+16 6.842894519158693e+16
8290.001161403468 2.062895036087565e+17 1.9784582476806298e+17 1.8905291296642794e+17 1.7983407784381453e+17 1.7007990148010893e+17 1.5962682612565773e+17 1.4821419392702528e+17 1.4201837863004568e+17 1.3538662848616531e+17 1.2818988326004992e+17 1.2352210571090371e+17 1.2022869187890766e+17 1.149551450322529e+17 1.1116860361722627e+17 1.0496349112364498e+17 1.0037246856074154e+17 9.79020488988631e+16 9.529047452238784e+16 9.251299339744088e+16 8.953704326194056e+16 8.631771750769424e+16 7.882783990169626e+16 7.416197249982587e+16 6.779905589863375e+16
8310.001164205409 2.0372284653295926e+17 1.954449617297167e+17 1.8682167447948378e+17 1.7777702188613718e+17 1.68202824916982e+17 1.5793764065460506e+17 1.4672464278161334e+17 1.4063514332898051e+17 1.3411593256644773e+17 1.2704024275320592e+17 1.2245057894690915e+17 1.1921214828315947e+17 1.140264262218093e+17 1.1030272873126024e+17 1.0419985755162378e+17 9.968337436045352e+16 9.725242259285198e+16 9.468187847259038e+16 9.194699509626867e+16 8.901507072927646e+16 8.584073570533014e+16 7.843759649810387e+16 7.380520835727798e+16 6.745496097516552e+16
8330.001167007338 1.989865281271342e+17 1.910845055463916e+17 1.8285075828980054e+17 1.7421108813343328e+17 1.6505978260164912e+17 1.5523885856311325e+17 1.4449675179507306e+17 1.3865513243438512e+17 1.3239405093828451e+17 1.2558892237649043e+17 1.2116882632553467e+17 1.1804699811469096e+17 1.130423691842414e+17 1.0944414706683536e+17 1.0353792320125307e+17 9.915908204343998e+16 9.679917741254714e+16 9.430128706723283e+16 9.164075737745949e+16 8.878499437160398e+16 8.568880497322506e+16 7.845067892592912e+16 7.391204586316365e+16 6.769166372616414e+16
8350.001169809279 2.0348204347384035e+17 1.9525485585280166e+17 1.8668294127768157e+17 1.77690322521607e+17 1.6816881854319754e+17 1.5795688835281296e+17 1.4679748302257824e+17 1.4073476492778218e+17 1.34242202448845e+17 1.2719290737827462e+17 1.2261890811914416e+17 1.193908342312558e+17 1.1422052264711146e+17 1.1050704653490477e+17 1.0441961889234536e+17 9.991381764669283e+16 9.748849663292186e+16 9.492392622560643e+16 9.219554024800696e+16 8.927089981764418e+16 8.610500080557141e+16 7.872389757752688e+16 7.410509329064176e+16 6.776653889813783e+16
8370.001172611219 2.0325035319769894e+17 1.950171311437493e+17 1.8644316303295946e+17 1.7745345741656557e+17 1.6794101535180186e+17 1.5774594000499754e+17 1.466133179725887e+17 1.405685879344886e+17 1.3409766782635432e+17 1.2707423966865747e+17 1.2251807689665997e+17 1.193029805544105e+17 1.1415396843831846e+17 1.1045607786129974e+17 1.0439453850118674e+17 9.99080632164275e+16 9.749316965323371e+16 9.493962073028267e+16 9.222292533150942e+16 8.93107308612885e+16 8.615814129703688e+16 7.880722396749589e+16 7.420728498189954e+16 6.7897871472769736e+16
8390.001175413157 1.9139599588304995e+17 1.8384134284460125e+17 1.7597243089536294e+17 1.677185320903415e+17 1.589788241853132e+17 1.496027139013646e+17 1.3935045316041803e+17 1.3377659429123147e+17 1.2780357766107733e+17 1.2131284608378894e+17 1.1709767603100803e+17 1.1412088732565064e+17 1.0934917279267475e+17 1.0591854182823453e+17 1.0028701800991902e+17 9.611079792473184e+16 9.385939307751797e+16 9.147554114830755e+16 8.89351925770189e+16 8.620626404402101e+16 8.324363140543854e+16 7.628382079906846e+16 7.1870007173083624e+16 6.571325009333586e+16
8410.001178215098 2.0356329596986944e+17 1.953555128818773e+17 1.8680768419441514e+17 1.7784523410664448e+17 1.6836172699415197e+17 1.5819792356066422e+17 1.4709986316778464e+17 1.4107404323824142e+17 1.3462335670098357e+17 1.276216267825504e+17 1.2307920472401117e+17 1.1987353604209989e+17 1.1473894886091691e+17 1.1105071595946058e+17 1.0500317809277323e+17 1.0052502702778293e+17 9.811365800661805e+16 9.556294729714304e+16 9.284810732837355e+16 8.9936383738614e+16 8.678238029542029e+16 7.94217433349629e+16 7.481654915134032e+16 6.851785532080316e+16
8430.001181017038 1.9547167462651715e+17 1.87635368546513e+17 1.794763466894916e+17 1.7092348487845853e+17 1.6187524879984656e+17 1.521797150944456e+17 1.4159453907947277e+17 1.3584771812093994e+17 1.296960829893217e+17 1.2301949030173936e+17 1.1868841113651389e+17 1.1563215564055213e+17 1.107374773043926e+17 1.0722214198106626e+17 1.0145942787547586e+17 9.71934372525219e+16 9.489674907595734e+16 9.246758553884291e+16 8.988214752128067e+16 8.71086608369156e+16 8.410234863086139e+16 7.705881280217992e+16 7.260376957691221e+16 6.639819707431568e+16
8450.001183818968 2.034847073479787e+17 1.9527105629227123e+17 1.8671069668494512e+17 1.7772759670056566e+17 1.6821336890137946e+17 1.580061125505878e+17 1.4684809667506806e+17 1.4078449629920125e+17 1.3428974388230685e+17 1.2723675021579178e+17 1.2265977329205752e+17 1.1942943615434325e+17 1.1425549746891712e+17 1.1053969463349304e+17 1.04449836681236e+17 9.994422864175776e+16 9.752003543388635e+16 9.495760839531131e+16 9.22326862366615e+16 8.931312799785368e+16 8.615402762282589e+16 7.878583505301558e+16 7.415522713410478e+16 6.7720638636294824e+16
8470.00118662091 2.01701735124413e+17 1.9366675298120746e+17 1.852860652951766e+17 1.764831157251617e+17 1.6714874909794848e+17 1.571198969683552e+17 1.4613678976851328e+17 1.4015824240085662e+17 1.3374596921884549e+17 1.2677170585090994e+17 1.2223945943476731e+17 1.190375882388543e+17 1.139038304531161e+17 1.1021279823961416e+17 1.041564338344761e+17 9.967040470326818e+16 9.725515959951402e+16 9.470117250619526e+16 9.198428142583283e+16 8.907250938194491e+16 8.592116487311014e+16 7.856839855745733e+16 7.39424731787913e+16 6.74971440105708e+16
8490.001189422848 2.0134482397446294e+17 1.9339295125777197e+17 1.8509456988287302e+17 1.76373736030878e+17 1.6712228880708102e+17 1.571787497552161e+17 1.4628606209549837e+17 1.403560678803014e+17 1.3399585411402443e+17 1.2707873894615112e+17 1.2258421194126334e+17 1.1940936966788806e+17 1.143197376924967e+17 1.1066108881688568e+17 1.0465905218421618e+17 1.0021406681511198e+17 9.782109740215136e+16 9.52907065698447e+16 9.259884415668635e+16 8.971363006916606e+16 8.659044228197798e+16 7.929933031008894e+16 7.470956587561701e+16 6.8321086011765336e+16
8510.001192224789 1.922830108332646e+17 1.8490534934750637e+17 1.7719742588323248e+17 1.6908631426546384e+17 1.6046820858158192e+17 1.511881343344795e+17 1.4099919606895069e+17 1.3544110610383635e+17 1.2947020032612693e+17 1.22964437529253e+17 1.1873005685199814e+17 1.1573541922547726e+17 1.1092824014497285e+17 1.0746748112447786e+17 1.0177999728003022e+17 9.75590543396589e+16 9.528318581082677e+16 9.287365111931221e+16 9.030663319706136e+16 8.755034157520723e+16 8.455987486285038e+16 7.753902316697011e+16 7.30761799020457e+16 6.678720351532937e+16
8530.001195026729 1.9981219296959712e+17 1.920333984528678e+17 1.839101362363488e+17 1.7536685606183027e+17 1.662960562158259e+17 1.5653732116250848e+17 1.458352228431667e+17 1.4000343573942426e+17 1.3374392817726158e+17 1.2693057594563557e+17 1.2250003898733051e+17 1.193686552059747e+17 1.1434543997545347e+17 1.1073183220841331e+17 1.047981560926546e+17 1.0039886524738322e+17 9.802863952491475e+16 9.552087245133384e+16 9.285151360134752e+16 8.998874742559347e+16 8.688811206361784e+16 7.964341578965182e+16 7.507806291676232e+16 6.872122507885602e+16
8550.00119782867 1.7267763984607837e+17 1.6666050814636022e+17 1.6034782491381498e+17 1.5367445556794483e+17 1.465481489731605e+17 1.388317676770783e+17 1.3030780338849858e+17 1.2563518776023482e+17 1.2059798436508254e+17 1.1508938857615189e+17 1.1149293682944402e+17 1.0894418919830963e+17 1.0484349987981402e+17 1.018840029269628e+17 9.700577409820352e+16 9.337212817759678e+16 9.140735960358928e+16 8.93221507223664e+16 8.709381742737272e+16 8.469130928879525e+16 8.206940128789771e+16 7.581538553657178e+16 7.173473598786907e+16 6.584490983459373e+16
8570.001200630599 2.0611429584584416e+17 1.9796283314042198e+17 1.894602140583186e+17 1.805297505560256e+17 1.7106211672940506e+17 1.608939061806526e+17 1.4976454091661206e+17 1.4370968338534346e+17 1.3721826055080139e+17 1.3016085724580704e+17 1.255759165810226e+17 1.2233724357829026e+17 1.1714473403080592e+17 1.1341118836394632e+17 1.0728314546163168e+17 1.0274103871276358e+17 1.0029400492339254e+17 9.770487993871691e+16 9.494867224127027e+16 9.199246801622653e+16 8.879077813977797e+16 8.132394663944322e+16 7.66542441106991e+16 7.0250786572581144e+16
8590.00120343254 2.051690862917262e+17 1.9712707300364342e+17 1.8873454406935584e+17 1.7991503632122938e+17 1.705596255322353e+17 1.6050564533355306e+17 1.494938936692795e+17 1.434998382003699e+17 1.3707117740897493e+17 1.3007920327092586e+17 1.2553519588804488e+17 1.2232466348562904e+17 1.1717583464564235e+17 1.1347248001452814e+17 1.0739131675631446e+17 1.0288124158051962e+17 1.0045025216796469e+17 9.787700003545797e+16 9.5136259253587e+16 9.219477968436168e+16 8.900662547695238e+16 8.15616830556179e+16 7.690186023599466e+16 7.051960961381455e+16
8610.001206234478 2.046519001894445e+17 1.9665548721690138e+17 1.8831210205175568e+17 1.7954612647313034e+17 1.7024981828470618e+17 1.6026226420139357e+17 1.4932697715197757e+17 1.4337624375176534e+17 1.3699534873178949e+17 1.3005671010446429e+17 1.2554796781872262e+17 1.2236252773458222e+17 1.1725400663832443e+17 1.1357947350364918e+17 1.075447144912271e+17 1.030677471799819e+17 1.0065392934447758e+17 9.809820109509669e+16 9.53752398761607e+16 9.245162532762803e+16 8.928114457040427e+16 8.186980061435517e+16 7.722797066409302e+16 7.0881042780854424e+16
8630.001209036418 2.059538982825895e+17 1.979033103477011e+17 1.8950671789456422e+17 1.806887181818275e+17 1.7134181866464186e+17 1.6130534943684045e+17 1.5032296301404346e+17 1.4434930493860115e+17 1.3794576835070277e+17 1.309844982549524e+17 1.2646197464155923e+17 1.232671491078942e+17 1.1814399992971474e+17 1.1445910333716962e+17 1.0840708425213877e+17 1.0391652688301706e+17 1.0149485576942627e+17 9.893025242467896e+16 9.619706808009934e+16 9.32614919268329e+16 9.007693838046773e+16 8.26320971509642e+16 7.797739128119739e+16 7.164616606239662e+16
8650.001211838358 2.0507692584525146e+17 1.9718077076659517e+17 1.8893679270675456e+17 1.8026937842909088e+17 1.7107089870762672e+17 1.6118040612025482e+17 1.5034096953130038e+17 1.444372641401846e+17 1.3810224564801347e+17 1.3120748943643954e+17 1.267235217702467e+17 1.2355364348673141e+17 1.1846643771625702e+17 1.1480422968337659e+17 1.0878365354490075e+17 1.0431183428147131e+17 1.0189874900417064e+17 9.934219667550026e+16 9.661657919750373e+16 9.368823353482838e+16 9.051088464966451e+16 8.308302108870798e+16 7.844076965060555e+16 7.21323122697347e+16
8670.001214640299 1.758319952962652e+17 1.69760019334241e+17 1.633941827347906e+17 1.566691534566766e+17 1.4949209164507738e+17 1.4172469178819766e+17 1.3314677975471483e+17 1.2844430855695586e+17 1.2337342821747893e+17 1.1782463688845309e+17 1.1419905902894357e+17 1.1162785564606752e+17 1.0748712501908166e+17 1.0449515492298765e+17 9.955547092464683e+16 9.58685861459594e+16 9.387210851063075e+16 9.175095581927874e+16 8.948172118669712e+16 8.703268165014437e+16 8.435835183071579e+16 7.799095841661786e+16 7.387475845177877e+16 6.805467633973349e+16
8690.001217442239 1.9457879077008986e+17 1.8729785359316317e+17 1.7969912962926406e+17 1.7171164662695152e+17 1.6323432013800243e+17 1.5411601019783027e+17 1.4411545306714778e+17 1.386639424921638e+17 1.328094461980899e+17 1.2643105172380131e+17 1.2227858667848368e+17 1.1934073302267302e+17 1.1462139650397138e+17 1.1122019145622587e+17 1.056206906712152e+17 1.0145410199855542e+17 9.920256757157029e+16 9.681434186695978e+16 9.426442169014734e+16 9.151955279861674e+16 8.853334400755563e+16 8.15031400812382e+16 7.705702661739438e+16 7.093554150743674e+16
8710.001220244169 2.0655788921253334e+17 1.986402522197816e+17 1.903755115877506e+17 1.816879566773054e+17 1.7246986848332566e+17 1.6256029073428067e+17 1.517024121139813e+17 1.4578978909935456e+17 1.394460970739237e+17 1.3254282882204464e+17 1.2805367585272203e+17 1.248801989343873e+17 1.197870689142996e+17 1.1612026350517891e+17 1.1009078568969179e+17 1.056104626651848e+17 1.0319175248275915e+17 1.0062817642610026e+17 9.789356572967e+16 9.495345142588218e+16 9.17605081549916e+16 8.42871607756711e+16 7.962214331197515e+16 7.332947834672771e+16
8730.001223046109 2.0606186851116323e+17 1.981743817983163e+17 1.8994047652218982e+17 1.8128506912993994e+17 1.7210138994244736e+17 1.6222972522347626e+17 1.5141547578540173e+17 1.4552794085316096e+17 1.3921249452135378e+17 1.3234180257497389e+17 1.2787500583267638e+17 1.24717907536218e+17 1.1965208163273194e+17 1.1600563340123626e+17 1.1001059456033976e+17 1.0555613430699413e+17 1.0315123581257432e+17 1.0060199032409755e+17 9.788210845910528e+16 9.495689426858882e+16 9.177862658958826e+16 8.433092674026408e+16 7.967413495142374e+16 7.338443310484515e+16
8750.00122584805 2.0642521973284944e+17 1.9853896438246432e+17 1.9030571336746304e+17 1.8165064943546246e+17 1.7246743295306515e+17 1.625967458624264e+17 1.5178457983883853e+17 1.4589865323970874e+17 1.3958522479634762e+17 1.3271681986576288e+17 1.2825132273133067e+17 1.2509494154762662e+17 1.2002966426208766e+17 1.1638298079636437e+17 1.103859464358474e+17 1.0592837962111866e+17 1.0352112512489544e+17 1.0096881588050405e+17 9.824498474150486e+16 9.531471585410504e+16 9.213004863330858e+16 8.466544774692098e+16 8.000080801493189e+16 7.371363735544181e+16
8770.001228649988 2.0515830998058266e+17 1.973108776859837e+17 1.8912531655392605e+17 1.8052825744031968e+17 1.7141490453043526e+17 1.6162846522397446e+17 1.5091862394908742e+17 1.450924867487791e+17 1.3884610377070469e+17 1.320538061829803e+17 1.2763940008746965e+17 1.2451983465233232e+17 1.19514763760216e+17 1.1591221777794622e+17 1.0998906989890184e+17 1.0558734270839056e+17 1.0321049647777594e+17 1.0069054420363694e+17 9.800124957355187e+16 9.510790863378557e+16 9.196266469503885e+16 8.458313958842626e+16 7.996202304396181e+16 7.371778479362045e+16
8790.001231451928 2.072960010723237e+17 1.9941090856311552e+17 1.9117839072052557e+17 1.8252341823515622e+17 1.7333898481454646e+17 1.6346512108023533e+17 1.526467767303884e+17 1.46756076213859e+17 1.4043631697132142e+17 1.3355956713326448e+17 1.2908781540684854e+17 1.2592663466449626e+17 1.2085311072405851e+17 1.1720011135849658e+17 1.1119223132535528e+17 1.0672638774275408e+17 1.043146250317167e+17 1.0175751832579371e+17 9.902854829535339e+16 9.609273564775642e+16 9.290206839811549e+16 8.54251179961949e+16 8.075814637336013e+16 7.448697085771646e+16
8810.00123425386 1.992096039845072e+17 1.9196097766348963e+17 1.8437709089998678e+17 1.763838751023125e+17 1.6787630580859462e+17 1.5869736042054646e+17 1.4859712152683376e+17 1.430770502628126e+17 1.3713811506966176e+17 1.306555597586297e+17 1.264287253762677e+17 1.2343523722318064e+17 1.1862130862980147e+17 1.1514793534906523e+17 1.0942189396547413e+17 1.051542931731107e+17 1.0284545578081014e+17 1.0039419820721365e+17 9.777432841920366e+16 9.495118074562816e+16 9.18769158435976e+16 8.464161389348314e+16 8.009430321854365e+16 7.393384727642896e+16
8830.001237055798 2.01873821528691e+17 1.9432946061296685e+17 1.8645381896109658e+17 1.7817451446342864e+17 1.6938718137570912e+17 1.5993675668836112e+17 1.495750000350385e+17 1.4392856344981221e+17 1.3786660795815523e+17 1.3126461881281994e+17 1.26967938234921e+17 1.2392867186821843e+17 1.1904731540386944e+17 1.1552988728657475e+17 1.0973939792025163e+17 1.0543030172002858e+17 1.0310134622530325e+17 1.0063053579269373e+17 9.799184119956894e+16 9.515082361128758e+16 9.205997799820803e+16 8.479776017144464e+16 8.02430075711236e+16 7.40864829754522e+16
8850.001239857738 2.0636587936151888e+17 1.9853554312315747e+17 1.9036276903817133e+17 1.8177423389248794e+17 1.7266440041298448e+17 1.6287570339352253e+17 1.5215703770465e+17 1.463234211903633e+17 1.4006715385799266e+17 1.3326194486644837e+17 1.2883801848864243e+17 1.257111864923917e+17 1.206935364608606e+17 1.1708119483705822e+17 1.1114046069839782e+17 1.0672426793922214e+17 1.0433901529234896e+17 1.0180964179054675e+17 9.910965938068858e+16 9.620406580476845e+16 9.304467757612757e+16 8.563094662576346e+16 8.09930223476711e+16 7.474818090971597e+16
8870.001242659679 2.0283841206869667e+17 1.9503726201060813e+17 1.8687696261145347e+17 1.782795339622065e+17 1.6913401759346288e+17 1.59275218704775e+17 1.4844080664652496e+17 1.4252781040151136e+17 1.3617504406790365e+17 1.2925465362223374e+17 1.2475265073683309e+17 1.2157053178087238e+17 1.1646688090017526e+17 1.1279734400360878e+17 1.0677873486771392e+17 1.0232509620576064e+17 9.992967412613437e+16 9.739889228500797e+16 9.470951722089154e+16 9.183061724571776e+16 8.871843210696038e+16 8.145995902944014e+16 7.687311833270029e+16 7.040342479570635e+16
8890.001245461619 2.0613587002515917e+17 1.9811034601462397e+17 1.8972455009887795e+17 1.8090037818413245e+17 1.715266934070018e+17 1.614376514800386e+17 1.5036951738806413e+17 1.443374335551043e+17 1.3786312448986088e+17 1.3081738185263706e+17 1.262374195614995e+17 1.230017259202363e+17 1.1781448638506302e+17 1.1408638503859768e+17 1.0797392447559954e+17 1.0345213345496734e+17 1.0102037113048891e+17 9.845138384294206e+16 9.572162257259064e+16 9.279984302930738e+16 8.964210263705755e+16 8.22872055318202e+16 7.765732252062616e+16 7.117236655300847e+16
8910.00124826356 2.0655243749973642e+17 1.9854832172782835e+17 1.9018792654654502e+17 1.8139427071038778e+17 1.7205762260763242e+17 1.6201417682096717e+17 1.510029974661088e+17 1.4500486604007274e+17 1.3856896642473698e+17 1.3156676743752216e+17 1.2701562423548874e+17 1.2380028155998349e+17 1.1864513065943138e+17 1.1493921559664563e+17 1.0886019646397226e+17 1.0435949998742589e+17 1.0193731546635829e+17 9.93768153261282e+16 9.665399646881506e+16 9.373707382087003e+16 9.058161176770987e+16 8.322602723399043e+16 7.860611907067243e+16 7.219135396530309e+16
8930.001251065489 2.0482710032784138e+17 1.9697231338433965e+17 1.887625068892076e+17 1.8012108856201613e+17 1.7093897726830086e+17 1.610535913913737e+17 1.502063971261496e+17 1.4429383035034294e+17 1.3794708903856306e+17 1.3103917310369141e+17 1.2654798486484198e+17 1.2337443714947352e+17 1.1828540512746594e+17 1.1462634596007774e+17 1.0862282394203403e+17 1.0417661703665067e+17 1.0178307314723749e+17 9.925215736222547e+16 9.655979435420574e+16 9.36739975228705e+16 9.05499025153542e+16 8.325431884417797e+16 7.866115673741683e+16 7.227614806535355e+16
8950.00125386743 2.032529597239751e+17 1.954797460978101e+17 1.8735570694094992e+17 1.788045107855113e+17 1.6971747229662707e+17 1.5993254633266333e+17 1.4919196288123386e+17 1.4333534321053682e+17 1.3704658572551573e+17 1.3019892026812016e+17 1.2574509377623755e+17 1.2259700780576432e+17 1.1754706642631914e+17 1.1391474907300139e+17 1.0795266818005214e+17 1.0353540733555891e+17 1.0115696301710402e+17 9.864175623610493e+16 9.596593022367437e+16 9.309779046337091e+16 8.999280915692397e+16 8.273974683087786e+16 7.816483991419702e+16 7.177060569360298e+16
8970.00125666937 2.045398288184893e+17 1.9671028066729485e+17 1.8852952880983203e+17 1.7992123258285747e+17 1.7077679998227027e+17 1.6093412988879622e+17 1.501352491137913e+17 1.4424907545983805e+17 1.379302881571841e+17 1.3105180917609152e+17 1.2657891564504995e+17 1.2341777037088821e+17 1.1834750584682318e+17 1.1470094934935269e+17 1.0871583356324254e+17 1.0428139329647533e+17 1.0189350803321589e+17 9.936809232809272e+16 9.668110644562285e+16 9.380068132123336e+16 9.068222815999646e+16 8.340124631493637e+16 7.881878179068483e+16 7.244486187519029e+16
8990.001259471308 2.0596651542139466e+17 1.981106938669127e+17 1.8990460267022752e+17 1.812723236085578e+17 1.7210577071327974e+17 1.6224354170618173e+17 1.5142845997203523e+17 1.45535665625372e+17 1.3921118565503685e+17 1.3232758617596242e+17 1.278514543253374e+17 1.2468777819070026e+17 1.1961243934035376e+17 1.1596091479600922e+17 1.0996365633086518e+17 1.0551544722339349e+17 1.0311786393491664e+17 1.005800878427309e+17 9.787726576986698e+16 9.49765239892411e+16 9.183218129409992e+16 8.448197676808912e+16 7.986633588024846e+16 7.3505265826078e+16
9010.001262273248 1.978525390081086e+17 1.905571867007551e+17 1.8292742900227178e+17 1.7489007235000045e+17 1.6634110513512118e+17 1.571251220249621e+17 1.469947520521668e+17 1.4146363952316506e+17 1.3551790980421469e+17 1.2903494343167822e+17 1.2481254220968582e+17 1.2182482154495045e+17 1.1702556752887125e+17 1.1356761703858686e+17 1.0787805539257243e+17 1.0364877342926768e+17 1.0136546622725824e+17 9.894548562321958e+16 9.636416087826384e+16 9.358864863043085e+16 9.05729337446783e+16 8.348436849418955e+16 7.899561531756662e+16 7.275997918876675e+16
9030.001265075189 2.0424482131736045e+17 1.9652989428506605e+17 1.8847152088180067e+17 1.7999524592222496e+17 1.7099496394308755e+17 1.613120795372169e+17 1.5069373525937574e+17 1.4490778489943494e+17 1.3869729323789309e+17 1.3193630342631138e+17 1.2753861805263574e+17 1.2442953393485858e+17 1.1943982923044722e+17 1.1584803664621115e+17 1.0994441896971643e+17 1.0556113774316616e+17 1.031966058178657e+17 1.0069210657106626e+17 9.802256292278571e+16 9.515474133061298e+16 9.204241570325994e+16 8.475101718258293e+16 8.016403196755814e+16 7.38488256934959e+16
9050.001267877129 2.0786709725168835e+17 1.9999339344326294e+17 1.9176849212899094e+17 1.831168014741768e+17 1.7393055747596646e+17 1.6404842391886285e+17 1.5321295155399898e+17 1.4730931014495632e+17 1.4097289204654242e+17 1.340750375137429e+17 1.2958830415027822e+17 1.2641617578615235e+17 1.2132499738387552e+17 1.1765982463311739e+17 1.1163468105520213e+17 1.0716014805374034e+17 1.0474594157514942e+17 1.021884639208924e+17 9.94620854176332e+16 9.65329891112972e+16 9.33544948261759e+16 8.5918654309696e+16 8.126316419659134e+16 7.491188284314085e+16
9070.001270679059 2.0799410548631747e+17 2.00183254304388e+17 1.920207896068308e+17 1.8343136582227766e+17 1.7430757736822544e+17 1.644889029153055e+17 1.5371858925026595e+17 1.478484156106343e+17 1.4154610296210933e+17 1.3468289477778354e+17 1.3021701888813614e+17 1.2705868098988437e+17 1.219876561360292e+17 1.1833519759208069e+17 1.123268596314947e+17 1.0786072689231594e+17 1.0544931865565653e+17 1.0289331084099806e+17 1.0016667448385818e+17 9.723510210810509e+16 9.405140483853229e+16 8.659725270973923e+16 8.193530786906085e+16 7.56081104048693e+16
9090.001273480999 2.021600799981473e+17 1.9470019769365936e+17 1.8690191715623206e+17 1.7869244861781702e+17 1.6996774019149075e+17 1.6057240165100896e+17 1.5025827844909136e+17 1.4463289639043568e+17 1.3859032077924085e+17 1.3200629088100125e+17 1.2772001142563645e+17 1.2468768506376038e+17 1.198171592164409e+17 1.1630757444409946e+17 1.1053088085908043e+17 1.062333609290831e+17 1.0391130873220376e+17 1.0144839264224886e+17 9.881880294136227e+16 9.598831528833947e+16 9.290949189921443e+16 8.567107737538403e+16 8.111257646517987e+16 7.487844125164102e+16
9110.001276282937 2.0357815731201306e+17 1.9605827498797568e+17 1.8820078329556982e+17 1.7993234023051267e+17 1.711488141553533e+17 1.6169459559770282e+17 1.5132127442094592e+17 1.456660479025736e+17 1.3959334485435734e+17 1.329786914541253e+17 1.2867359540107866e+17 1.256284327578148e+17 1.2073800405683672e+17 1.172145239899703e+17 1.1141564236858866e+17 1.0710217884081475e+17 1.047717557094796e+17 1.0230019790014e+17 9.966171863692125e+16 9.682215187859526e+16 9.37342093461988e+16 8.647999531966866e+16 8.192053840656054e+16 7.570798304750902e+16
9130.001279084878 2.0673827541820384e+17 1.9906411035292928e+17 1.9104617083034886e+17 1.826103787640447e+17 1.7365102526260298e+17 1.6400990280002166e+17 1.5343443131122557e+17 1.4767016903853693e+17 1.4148112521917701e+17 1.347404409837303e+17 1.3035354796076691e+17 1.2725056784233966e+17 1.2226721173957352e+17 1.186766154185852e+17 1.1276655877849923e+17 1.083693891228982e+17 1.0599321654431166e+17 1.0347265064726678e+17 1.0078125733032768e+17 9.788412067334682e+16 9.473318658599533e+16 8.733603756973339e+16 8.270161747603123e+16 7.642973639623158e+16
9150.001281886818 2.0628292734203366e+17 1.986911937550704e+17 1.9075800353036784e+17 1.824082654494754e+17 1.735357045481119e+17 1.639805496380144e+17 1.534883120194759e+17 1.4776394181884013e+17 1.4161310855014083e+17 1.3490842633294654e+17 1.3054187225381072e+17 1.2745183787247126e+17 1.2248683273793362e+17 1.1890771590054272e+17 1.1301366955929514e+17 1.0862644508353626e+17 1.0625510692220811e+17 1.0373936155074995e+17 1.0105288865802122e+17 9.816092838039648e+16 9.50156614332454e+16 8.763288773527333e+16 8.300933040633141e+16 7.67594013586979e+16
9170.001284688758 2.058852594867535e+17 1.983601323939265e+17 1.9049500238413424e+17 1.822152240377998e+17 1.7341378830262678e+17 1.6393075989026397e+17 1.5351147299855446e+17 1.4782379320322205e+17 1.4170981086190949e+17 1.3504213407172405e+17 1.3069782273023685e+17 1.2762262741621598e+17 1.2267987616470064e+17 1.1911552138206546e+17 1.1324328760911693e+17 1.0887007486722296e+17 1.0650542519658066e+17 1.039960404103186e+17 1.0131545531874858e+17 9.842871957061211e+16 9.528776398634906e+16 8.791010025004317e+16 8.328858636815048e+16 7.704832619873653e+16
9190.001287490688 2.069737348067035e+17 1.994178020037574e+17 1.9152110996437827e+17 1.8320839306363168e+17 1.7437241965817338e+17 1.6485255575408934e+17 1.5439293337911568e+17 1.486830435375597e+17 1.4254480173143098e+17 1.3584996946242022e+17 1.314873985454269e+17 1.2839890348046637e+17 1.2343399479488669e+17 1.1985288850532026e+17 1.1395123210074915e+17 1.0955420235869634e+17 1.0717584420059749e+17 1.0465116488005523e+17 1.019533300462763e+17 9.904691677708634e+16 9.588333834699064e+16 8.8450738169852e+16 8.380008004296504e+16 7.754277370664605e+16
9210.001290292628 2.0461204334402493e+17 1.9723023705786592e+17 1.895097594781201e+17 1.8137532376017853e+17 1.7272017506464317e+17 1.6338509890477667e+17 1.531160939978391e+17 1.4750491155429757e+17 1.4146875506740107e+17 1.3488082979238949e+17 1.3058561006081098e+17 1.2754378509672862e+17 1.2265227050488267e+17 1.1912293090459893e+17 1.133045578921307e+17 1.089679278003145e+17 1.0662161020689251e+17 1.0413041757569867e+17 1.014676896583879e+17 9.859817327205243e+16 9.547335695687954e+16 8.812208529930965e+16 8.350905080208696e+16 7.727297162195979e+16
9230.001293094569 2.061762735489954e+17 1.9870882682731542e+17 1.9089758471386026e+17 1.826673260142003e+17 1.7391090946907277e+17 1.6446801095804314e+17 1.540827305296145e+17 1.484090229616447e+17 1.4230626802824387e+17 1.3564613377795674e+17 1.3130393363683485e+17 1.2822881386602749e+17 1.2328357134279802e+17 1.1971528612041752e+17 1.1383234592383358e+17 1.0944741613251096e+17 1.07074991744204e+17 1.045561880252662e+17 1.0186416867545371e+17 9.896350420689398e+16 9.580550367719878e+16 8.838093446553701e+16 8.372629499427917e+16 7.743547951408016e+16
9250.001295896509 2.033908488158362e+17 1.9614129800559168e+17 1.8855036051873888e+17 1.8054292694546003e+17 1.720120828234639e+17 1.627985875649193e+17 1.5264876807341514e+17 1.4709641395015382e+17 1.4111871580083782e+17 1.345890484756041e+17 1.3032879338191248e+17 1.2731032858968075e+17 1.2245399757453312e+17 1.1894828001525232e+17 1.1316577867280293e+17 1.0885358880911538e+17 1.0651975220568616e+17 1.0404129229145227e+17 1.0139160897003074e+17 9.85354991088966e+16 9.542441539427104e+16 8.80992841982289e+16 8.349322182036048e+16 7.724137062616925e+16
9270.001298698447 2.050608209593328e+17 1.976515397594862e+17 1.8990260197332714e+17 1.8173948589112627e+17 1.7305614400596723e+17 1.6369402768415267e+17 1.5340046400678582e+17 1.4777847126919994e+17 1.4173284314052757e+17 1.351370911398661e+17 1.3083814622283014e+17 1.2779430569133984e+17 1.2290054727998966e+17 1.193703328445971e+17 1.1355180975645891e+17 1.0921611482567848e+17 1.068706639878819e+17 1.0438065024737827e+17 1.0171941921862195e+17 9.885167346978978e+16 9.572872573891832e+16 8.837894487850435e+16 8.376171029763962e+16 7.750689427184365e+16
9290.001301500388 2.0392854892177978e+17 1.9658305848670246e+17 1.8890307840213206e+17 1.8081461669162115e+17 1.722122088544479e+17 1.6293830403978867e+17 1.5274144876774147e+17 1.4717151298552986e+17 1.4118073284673894e+17 1.3464289135740181e+17 1.3038021763257426e+17 1.2736118401460222e+17 1.22505494874116e+17 1.1900112261315091e+17 1.1322171913853213e+17 1.0891198515388938e+17 1.0657935521454293e+17 1.0410199084778496e+17 1.0145318745108088e+17 9.859760492501234e+16 9.548650756815597e+16 8.81586702500232e+16 8.354902522024336e+16 7.728984630490904e+16
9310.001304302328 2.0674340370133046e+17 1.992590516246239e+17 1.9143268129039107e+17 1.8318916132120026e+17 1.74421628561231e+17 1.6496993559790784e+17 1.545785486029309e+17 1.489029373802692e+17 1.4279905013847862e+17 1.3613851453594384e+17 1.3179631913404178e+17 1.2872122790356254e+17 1.2377594287263256e+17 1.2020743582147514e+17 1.1432350803096637e+17 1.0993711246556555e+17 1.0756355148220584e+17 1.0504321967079584e+17 1.0234913630460862e+17 9.944566179331152e+16 9.628380128689283e+16 8.884647373432603e+16 8.418134611569557e+16 7.787169717838982e+16
9330.001307104258 2.066537084025345e+17 1.9919661798116797e+17 1.9139697342399037e+17 1.8317968862623648e+17 1.7443794150891085e+17 1.6501190081731027e+17 1.546464354970779e+17 1.489841012578915e+17 1.4289384800453518e+17 1.3624747771671317e+17 1.3191412287423211e+17 1.288450992347584e+17 1.2390923043420104e+17 1.2034723422121005e+17 1.144734774518798e+17 1.100941519865574e+17 1.0772420982085146e+17 1.0520754598505259e+17 1.0251716825236813e+17 9.961742059989843e+16 9.645929484344798e+16 8.902976476374442e+16 8.436999862084515e+16 7.807242375218792e+16
9350.001309906198 2.0596052087938394e+17 1.9856590059729555e+17 1.9083060219928973e+17 1.8267980602944362e+17 1.740072423304696e+17 1.6465340677821914e+17 1.5436426529955616e+17 1.4874214733674016e+17 1.426939950432805e+17 1.3609214759007346e+17 1.3178704731363453e+17 1.2873766890595949e+17 1.2383275230900314e+17 1.2029259059906384e+17 1.1445390482153302e+17 1.1009994748474912e+17 1.0774344657425472e+17 1.0524082693406582e+17 1.0256519278694635e+17 9.968099244065216e+16 9.653933750066667e+16 8.914604297384123e+16 8.450700623483515e+16 7.823797101791778e+16
9370.001312708138 2.0386818979257472e+17 1.965393853412493e+17 1.888755462869598e+17 1.8080347509707898e+17 1.7221842586135696e+17 1.6296431842913206e+17 1.52791852666178e+17 1.47236891903951e+17 1.4126384848426522e+17 1.3474757285133141e+17 1.3050032145115389e+17 1.274928908415467e+17 1.2265709878640528e+17 1.1916804532170138e+17 1.1341566170003597e+17 1.0912743187987563e+17 1.0680685661314413e+17 1.0434253014221872e+17 1.0170779956262034e+17 9.886729066922424e+16 9.577205025705483e+16 8.8475478880841e+16 8.387840415124162e+16 7.76247387511374e+16
9390.001315510079 2.0606491321351203e+17 1.986785167678204e+17 1.9095216514178266e+17 1.8281091367320666e+17 1.7414814610574186e+17 1.6480429966523968e+17 1.5452504331104554e+17 1.4890762514425597e+17 1.4286391498002822e+17 1.3626611652735914e+17 1.3196319021196754e+17 1.2891513323879378e+17 1.2401196135869326e+17 1.2047278687089506e+17 1.1463524442793758e+17 1.1028175421627885e+17 1.0792536580494512e+17 1.0542275271723467e+17 1.027469878711158e+17 9.98624804580867e+16 9.672028135582963e+16 8.932474433794342e+16 8.46833048378568e+16 7.840798984036957e+16
9410.001318312019 2.0249967554474013e+17 1.9546417393116848e+17 1.8808566060349328e+17 1.8028935736983286e+17 1.719687187015926e+17 1.6296495100204643e+17 1.530250400632537e+17 1.4757792309691254e+17 1.4170574127231675e+17 1.3528177559373426e+17 1.3108492086661517e+17 1.2810862889721197e+17 1.2331519816201472e+17 1.1985102212587758e+17 1.1412980545316515e+17 1.098574400026197e+17 1.0754309350631949e+17 1.0508378240564744e+17 1.024528546713945e+17 9.961505873401579e+16 9.652181473618354e+16 8.92318899785777e+16 8.464688163916493e+16 7.843349222766454e+16
9430.00132111396 2.0562734220809754e+17 1.9834303150536707e+17 1.9071736022818058e+17 1.8267527426498912e+17 1.741098125162944e+17 1.648612265501825e+17 1.5467482264481306e+17 1.4910291376320934e+17 1.4310399581960472e+17 1.3655029908294229e+17 1.3227342301584907e+17 1.2924252241045472e+17 1.2436466188304968e+17 1.2084196284292605e+17 1.1502814139405336e+17 1.1068933611817464e+17 1.083397375597662e+17 1.0584338473811008e+17 1.0317317842969162e+17 1.0029330363097632e+17 9.715454770675472e+16 8.976204961745069e+16 8.512288977513315e+16 7.886320694213635e+16
9450.001323915889 2.0218466730410288e+17 1.9508073540205357e+17 1.8764401757910406e+17 1.7980062441633338e+17 1.7144599084485885e+17 1.6242391559421994e+17 1.5248516650323446e+17 1.4704787174101174e+17 1.4119321208065578e+17 1.3479624011483045e+17 1.3062112110155173e+17 1.2766204518023008e+17 1.228992132615453e+17 1.1945906436535755e+17 1.1378031682254552e+17 1.0954121467867645e+17 1.0724515914057866e+17 1.0480530320145706e+17 1.0219500896087131e+17 9.937897591319069e+16 9.630846061378669e+16 8.906487139000989e+16 8.450092063080688e+16 7.83031694546634e+16
9470.00132671783 2.0584921154099494e+17 1.9853052359352512e+17 1.9087359702226605e+17 1.828036644226923e+17 1.7421501733140726e+17 1.6494932768176758e+17 1.5475392159791574e+17 1.4918144657427258e+17 1.4318529818947014e+17 1.3663846123854645e+17 1.3236812197008006e+17 1.2934276175612426e+17 1.2447529917699557e+17 1.2096114779885552e+17 1.1516310934659046e+17 1.1083725337931546e+17 1.0849501405063774e+17 1.0600670533354566e+17 1.0334531005365325e+17 1.0047511420298134e+17 9.734701985458802e+16 8.997949517496437e+16 8.535573819294669e+16 7.911810435293933e+16
9490.001329519768 2.063585989107704e+17 1.9902616296586662e+17 1.9135514783399338e+17 1.8327144555559174e+17 1.7466887151945626e+17 1.6538891880939165e+17 1.5517861804249824e+17 1.495982866551691e+17 1.4359375495011176e+17 1.3703771885474677e+17 1.327612745724223e+17 1.297314968009645e+17 1.2485670267199314e+17 1.2133702543515733e+17 1.1552929198806226e+17 1.1119556507172245e+17 1.0884876174698314e+17 1.0635531351388702e+17 1.0368803451950872e+17 1.0081097569918504e+17 9.767475262558709e+16 9.028650592888915e+16 8.565212052516598e+16 7.941319579169725e+16
9510.001332321708 2.0604493706059702e+17 1.9872580260175142e+17 1.910681343433854e+17 1.8299795729937245e+17 1.7441027928166394e+17 1.6514759191869232e+17 1.549586297346276e+17 1.4939131651011584e+17 1.4340204070414192e+17 1.3686421493461038e+17 1.3260050131334258e+17 1.2958015519541277e+17 1.2472120664898843e+17 1.212134788779075e+17 1.1542632038887422e+17 1.1110860853134938e+17 1.0877070945793366e+17 1.0628689637752728e+17 1.036301196479158e+17 1.0076459986632234e+17 9.764113537983315e+16 9.028256062657822e+16 8.56646380359799e+16 7.944210166535082e+16
9530.001335123648 2.0522315118176816e+17 1.9796859854749978e+17 1.9037779054292854e+17 1.8237699880331818e+17 1.7386109183600886e+17 1.6467343534994058e+17 1.545633844682767e+17 1.490374174220346e+17 1.4309135773600816e+17 1.365991237608713e+17 1.3236432348761286e+17 1.2936409275981838e+17 1.2453691193779498e+17 1.2105168993225478e+17 1.15300952237771e+17 1.1100990558389152e+17 1.0868628949026536e+17 1.0621755743483066e+17 1.0357681654672909e+17 1.0072849567201157e+17 9.762365361511842e+16 9.030767521003042e+16 8.571408440095637e+16 7.951916791336653e+16
9550.001337925589 2.0236454397082675e+17 1.9520572652160717e+17 1.877166449853682e+17 1.7982609211303315e+17 1.7143248027820458e+17 1.6238326962473606e+17 1.5243460566637533e+17 1.4700115812328496e+17 1.4115792255024358e+17 1.3478192376004827e+17 1.3062505435705557e+17 1.276809929468609e+17 1.2294577716434661e+17 1.1952805894032542e+17 1.1389045440290883e+17 1.0968496613602306e+17 1.0740794964200886e+17 1.049888097144906e+17 1.0240104157271285e+17 9.960944962478538e+16 9.65653378207651e+16 8.938082955192147e+16 8.485241029612066e+16 7.870921535638021e+16
9570.001340727518 2.0363439322245734e+17 1.9646836374769514e+17 1.8897031191598352e+17 1.8106805658543904e+17 1.7265846776481107e+17 1.6358734297966938e+17 1.5360820610585354e+17 1.4815514161903005e+17 1.4228853442000318e+17 1.3588406372597573e+17 1.3170694710570694e+17 1.2874766419688338e+17 1.2398631960319336e+17 1.2054839061939998e+17 1.1487462759909542e+17 1.1063957606317765e+17 1.0834552677667064e+17 1.059074506684157e+17 1.0329843572864875e+17 1.0048278933371541e+17 9.741126516142157e+16 9.016077603323744e+16 8.55966585688056e+16 7.942842634196978e+16
9590.001343529459 2.0635649038850237e+17 1.990710981760599e+17 1.9144790948955046e+17 1.8341326676906096e+17 1.7486230471774144e+17 1.6563846852632563e+17 1.5549115829738378e+17 1.499460952823179e+17 1.4398029058723173e+17 1.3746739087690219e+17 1.3321940863047851e+17 1.3020989718600302e+17 1.2536768451977613e+17 1.2187136988947538e+17 1.1610141651302122e+17 1.1179482059716614e+17 1.09462150655482e+17 1.0698316607397024e+17 1.0433060316386274e+17 1.0146838305383546e+17 9.83469473027769e+16 9.098817767377589e+16 8.637193582010434e+16 8.017031323775235e+16
9610.001346331397 2.0309866260607296e+17 1.9595322550825312e+17 1.8847775904324582e+17 1.8060060139284416e+17 1.72218963408857e+17 1.631806082076704e+17 1.5324051560114813e+17 1.4781017677761386e+17 1.4196893411430091e+17 1.3559309314473054e+17 1.314350593530537e+17 1.284894285415274e+17 1.2375027548896602e+17 1.203284295622324e+17 1.1468132834507117e+17 1.1046617147360837e+17 1.0818288604282509e+17 1.0575623904687037e+17 1.0315943292861784e+17 1.0035695565891949e+17 9.72998007520436e+16 9.008330037668619e+16 8.554065561092048e+16 7.940290508482147e+16
9630.00134913334 2.0514882652543757e+17 1.9796413401805504e+17 1.9044238657771955e+17 1.8251127578061488e+17 1.7406639976494848e+17 1.649524344833274e+17 1.5492119916606358e+17 1.49437689406692e+17 1.4353663590320386e+17 1.3709296849828638e+17 1.3288937022178984e+17 1.2991094749388451e+17 1.2511816668219317e+17 1.2165708782774683e+17 1.1594441385099203e+17 1.1167984454191195e+17 1.093696989423322e+17 1.0691448622929597e+17 1.0428719130968808e+17 1.0145208491337867e+17 9.836004395017179e+16 9.106912161858827e+16 8.64924058762018e+16 8.03369786071432e+16
9650.001351935278 1.9707368527776867e+17 1.9017956845886115e+17 1.829706000500371e+17 1.7537744534162906e+17 1.6730307720662342e+17 1.5860096083784218e+17 1.4903791775042506e+17 1.4381707231161077e+17 1.382044607404925e+17 1.320823763760289e+17 1.2809234957682549e+17 1.2526706076953154e+17 1.2072380182991994e+17 1.1744520481545896e+17 1.1203782029172325e+17 1.0800425822580198e+17 1.058202470152348e+17 1.0349971427086243e+17 1.0101699146287726e+17 9.83378077587407e+16 9.541433469672206e+16 8.849510873409907e+16 8.41028550759333e+16 7.807743160289126e+16
9670.001354737218 1.9862587728915165e+17 1.916676979086626e+17 1.843907061026322e+17 1.767246925194511e+17 1.685703804283219e+17 1.597802513143269e+17 1.5011804149089264e+17 1.4484211519695782e+17 1.3916963956723253e+17 1.3298208906661453e+17 1.2894956188461854e+17 1.2609444048222816e+17 1.2150389052932854e+17 1.1819191693215029e+17 1.1273121453118091e+17 1.0865952927412405e+17 1.064555152482063e+17 1.0411427330126354e+17 1.016100860428047e+17 9.890869042457413e+16 9.596247173702371e+16 8.900030837518992e+16 8.459535776587205e+16 7.858001636412418e+16
9690.001357539148 2.0332810456919933e+17 1.9620369389920566e+17 1.8874905901233933e+17 1.808930729566971e+17 1.7253395357000854e+17 1.6351919646589005e+17 1.536051898359765e+17 1.4818911856686797e+17 1.4236317852012166e+17 1.3600415986263302e+17 1.3185704206224294e+17 1.2891913515762283e+17 1.2419221958563733e+17 1.2077903860916646e+17 1.151456806569274e+17 1.1094010763535202e+17 1.0866168501091917e+17 1.0623986445766931e+17 1.0364780199109096e+17 1.0084987019422808e+17 9.779695839611006e+16 9.058824829176181e+16 8.605118808149118e+16 7.992842274173157e+16
9710.001360341088 2.0148714972456893e+17 1.9444250039428352e+17 1.8707128761465846e+17 1.7930416697477517e+17 1.7104077779608022e+17 1.6213039922093994e+17 1.5233282018888528e+17 1.469811629946326e+17 1.4122557050726029e+17 1.3494457359917957e+17 1.3084923534009555e+17 1.2794858449713304e+17 1.2328272019293248e+17 1.1991459155786466e+17 1.1435775157784651e+17 1.1021141958521507e+17 1.0796596087436834e+17 1.0557992568602442e+17 1.0302703603406368e+17 1.0027238364693437e+17 9.72676915691271e+16 9.017329291498578e+16 8.570236613315907e+16 7.964904297312078e+16
9730.001363143028 1.9951286316060403e+17 1.9254435475499568e+17 1.852548023185845e+17 1.7757424944968704e+17 1.694032188052093e+17 1.605926761328926e+17 1.5090501077098896e+17 1.4561329015609338e+17 1.3992199908416013e+17 1.3371098588678643e+17 1.2966116558683504e+17 1.2679257693114074e+17 1.2217792508738722e+17 1.188463574518582e+17 1.1334855281574024e+17 1.0924465220894384e+17 1.0702135361579891e+17 1.0465807456281574e+17 1.0212843003455014e+17 9.939729566768267e+16 9.641588854398482e+16 8.936071883122107e+16 8.48934676810779e+16 7.879277487215694e+16
9750.001365944969 2.006211351115033e+17 1.936402644341187e+17 1.8633228267765238e+17 1.7862578581754765e+17 1.7041944680615158e+17 1.6156130687602138e+17 1.518088188004941e+17 1.4647600373299456e+17 1.4073578634062826e+17 1.3446581583509971e+17 1.3037454151268488e+17 1.2747526768650526e+17 1.2280919818501366e+17 1.1943930894428594e+17 1.1387714422969648e+17 1.0972551638588843e+17 1.0747695333094299e+17 1.0508758128152802e+17 1.0253118453737864e+17 9.977290214873147e+16 9.676438836280253e+16 8.965801584830072e+16 8.516794549218634e+16 7.903922616301802e+16
9770.001368746907 2.0241537483917773e+17 1.953669554805824e+17 1.879874713182827e+17 1.8020565084006848e+17 1.719191524023493e+17 1.6297512755002307e+17 1.5312901270696637e+17 1.4774534436989424e+17 1.4195061282569251e+17 1.3562106243055158e+17 1.3149067231769037e+17 1.2856347054020533e+17 1.2385190305041925e+17 1.2044850299560267e+17 1.1482933267700925e+17 1.1063332275826997e+17 1.0835991958499195e+17 1.0594346711102872e+17 1.0335729581433163e+17 1.0056601328451275e+17 9.752070418756237e+16 9.032844691034746e+16 8.579253785145541e+16 7.963146621736296e+16
9790.001371548848 1.973183746528443e+17 1.904843293689401e+17 1.8333309886655277e+17 1.7579573346713293e+17 1.677742639744948e+17 1.591214075235212e+17 1.4960197657546038e+17 1.4439949809333613e+17 1.3880161259408392e+17 1.326888776567829e+17 1.2870075116034686e+17 1.258745868668037e+17 1.213258081448088e+17 1.180398921163369e+17 1.1261374624176435e+17 1.0856036809940373e+17 1.0636341280526435e+17 1.0402736363305542e+17 1.0152602262792571e+17 9.88244718364682e+16 9.587416993495696e+16 8.888581798538683e+16 8.445168697459526e+16 7.837528274270629e+16
9810.001374350779 2.0486141310403114e+17 1.9772731419775168e+17 1.9025577114628608e+17 1.8237323772625152e+17 1.739754968586006e+17 1.6490722672142886e+17 1.549195609858757e+17 1.4945662155082544e+17 1.4357521653662189e+17 1.3714979608183203e+17 1.3295632093171384e+17 1.299842496132243e+17 1.2520036168497365e+17 1.2174482464876184e+17 1.1604022604704082e+17 1.1178137947341931e+17 1.0947444606999586e+17 1.070228646663779e+17 1.0439981435705432e+17 1.0156978858020923e+17 9.848388818379688e+16 9.120760278051614e+16 8.663372405506496e+16 8.044818422835237e+16
9830.001377152717 2.028036167390583e+17 1.9572563908346762e+17 1.8831460283052627e+17 1.8049874596457107e+17 1.7217557732467578e+17 1.6319202494618736e+17 1.5330351007039552e+17 1.4789776309381795e+17 1.4208045803370362e+17 1.3572833075734501e+17 1.3158468542347795e+17 1.2864892722890675e+17 1.2392530456312286e+17 1.2051472916736318e+17 1.1488700182957027e+17 1.1068768036486784e+17 1.0841372148350936e+17 1.0599772361978854e+17 1.0341330100003546e+17 1.0062545141202862e+17 9.758574794577118e+16 9.041264933771677e+16 8.588737868373874e+16 7.971878599816158e+16
9850.00137995466 2.0515661478396723e+17 1.9801445701299523e+17 1.905333818505832e+17 1.8264044543570592e+17 1.74231597861739e+17 1.651507784086238e+17 1.5514919054190544e+17 1.496784757255032e+17 1.4378851823632557e+17 1.373534385296025e+17 1.331534350651665e+17 1.3017657338111654e+17 1.2538470534076189e+17 1.2192316712208248e+17 1.1620820943956629e+17 1.119412702326717e+17 1.0962982547308584e+17 1.0717335000345163e+17 1.0454495962090317e+17 1.0170904962223781e+17 9.861661807165726e+16 9.132493314567754e+16 8.674180112145074e+16 8.054200506906955e+16
9870.001382756598 2.0441818623110045e+17 1.9734990614181322e+17 1.8994352386613354e+17 1.8212643342192874e+17 1.7379490130581587e+17 1.647940791890065e+17 1.548760363700329e+17 1.494492100514357e+17 1.4360506079445008e+17 1.3721843761343518e+17 1.3304918632255222e+17 1.3009367268464582e+17 1.2533539895704603e+17 1.2189750304480341e+17 1.1622033363719376e+17 1.1198047441546533e+17 1.0968324789226934e+17 1.0724150810055322e+17 1.0462841329439158e+17 1.0180840153892971e+17 9.873250050694747e+16 9.147605824880403e+16 8.69133611430185e+16 8.074652663497558e+16
9890.001385558538 2.044731878653505e+17 1.9740250481956973e+17 1.899935393463234e+17 1.8217390033451504e+17 1.73840958438088e+17 1.648399673288013e+17 1.5492380315132352e+17 1.494990990933371e+17 1.4365820057463077e+17 1.3727623001740718e+17 1.3311062903860413e+17 1.301580490681957e+17 1.2540495386690731e+17 1.2197114437861717e+17 1.1630128891913515e+17 1.1206727815949222e+17 1.0977331117212054e+17 1.0733506054799899e+17 1.0472568683914666e+17 1.0190960598937544e+17 9.883779074454096e+16 9.158976587713824e+16 8.703208780596686e+16 8.087521903766931e+16
9910.001388360479 2.0428350319507267e+17 1.9721930236957606e+17 1.898161579408241e+17 1.8200158041512768e+17 1.7367196808769802e+17 1.646722664734753e+17 1.5475472116463414e+17 1.4932783687802547e+17 1.4348347422248515e+17 1.3709635902894085e+17 1.3292666967312771e+17 1.2997086618598088e+17 1.2521213150841413e+17 1.2177400293735003e+17 1.1609682345339514e+17 1.1185751308805586e+17 1.0956088268540957e+17 1.0712006910039237e+17 1.045083668191152e+17 1.0169040783639731e+17 9.861746845297907e+16 9.137048762318568e+16 8.681277914349256e+16 8.064055425371358e+16
9930.001391162408 2.044112501087193e+17 1.9731315214960563e+17 1.898791076293347e+17 1.8203656406117078e+17 1.7368286421525184e+17 1.6466377624133952e+17 1.5473280404356403e+17 1.4930214707641933e+17 1.434564705002706e+17 1.3707116716726042e+17 1.3290441663775246e+17 1.299514982992946e+17 1.2519879904579486e+17 1.2176603498513163e+17 1.1609942187456152e+17 1.1186923163206645e+17 1.095778918683429e+17 1.071429001916849e+17 1.0453755631974272e+17 1.0172644926137616e+17 9.866073629129664e+16 9.142827271712482e+16 8.687745827980261e+16 8.071324973389568e+16
9950.001393964349 2.043409147809384e+17 1.972654027350931e+17 1.8985382652704365e+17 1.8203472764555085e+17 1.737054155692494e+17 1.6471192949151462e+17 1.5480845154144208e+17 1.493924754196519e+17 1.435623066573455e+17 1.3719360601715352e+17 1.3303750658043707e+17 1.3009203365266886e+17 1.2535106762341382e+17 1.2192657563361952e+17 1.162730890790006e+17 1.1205214139772174e+17 1.0976556251095326e+17 1.0733541796011205e+17 1.0473498160450918e+17 1.0192883921246131e+17 9.886814586468688e+16 9.164662573684253e+16 8.710423395471979e+16 8.096182613868622e+16
9970.001396766289 2.044611952164354e+17 1.973983430125005e+17 1.90000092766067e+17 1.8219534470752147e+17 1.738811823744469e+17 1.6490473118728634e+17 1.5502048566240893e+17 1.496153778397426e+17 1.4379708704898277e+17 1.374414867159399e+17 1.332939433503985e+17 1.3035443439506114e+17 1.2562286141424571e+17 1.2220484803647062e+17 1.165612912176871e+17 1.123468201028047e+17 1.1006331572743032e+17 1.0763604610387795e+17 1.0503819958977621e+17 1.0223425183351968e+17 9.917527475453509e+16 9.195648017915467e+16 8.741836010128056e+16 8.129599641627354e+16
9990.001399568227 2.0467461171394832e+17 1.976304658025215e+17 1.9025015856651978e+17 1.8246080320186432e+17 1.7415996948333686e+17 1.6519370610584074e+17 1.5531552969181578e+17 1.4991126907465168e+17 1.4409190103646886e+17 1.3773262106537318e+17 1.3358110268735155e+17 1.306380539857075e+17 1.2589935187943189e+17 1.2247507964032453e+17 1.16818967434446e+17 1.125932268565276e+17 1.1030289236099046e+17 1.078677670115568e+17 1.0526081227419738e+17 1.0244619637797438e+17 9.937461665675958e+16 9.212333609764142e+16 8.756537239697491e+16 8.142147175506637e+16
10025.001404471599 2.035419906486779e+17 1.965205514048446e+17 1.891660174626017e+17 1.8140676324836957e+17 1.7314163106177594e+17 1.642182788158294e+17 1.5439382132771798e+17 1.49021961542523e+17 1.4324012891793155e+17 1.3692517265296749e+17 1.3280462821520101e+17 1.298845299394422e+17 1.251846726912778e+17 1.217899250941749e+17 1.1618530976716843e+17 1.1200019683130274e+17 1.0973259048286059e+17 1.0732209853666136e+17 1.047419377268649e+17 1.0195653031735083e+17 9.891674946694114e+16 9.173548133984734e+16 8.721103732897163e+16 8.108504256168029e+16
10075.001411476498 2.030803266173736e+17 1.9610818810525555e+17 1.888029219905129e+17 1.8109435824263117e+17 1.7288122284446675e+17 1.6401338354697427e+17 1.5424909573169683e+17 1.4891005419203117e+17 1.4316341906107128e+17 1.368868391253893e+17 1.3279127061808038e+17 1.298888203193556e+17 1.25217226374982e+17 1.2184269677727158e+17 1.1627091764831637e+17 1.1210965098389931e+17 1.0985461748045488e+17 1.0745716441434662e+17 1.048905021133692e+17 1.0211903199172789e+17 9.909355828611478e+16 9.194168148885782e+16 8.743334033381622e+16 8.133243420702152e+16
10125.001418481299 2.0359522364941808e+17 1.9664930346363818e+17 1.8937052440137056e+17 1.81687209881327e+17 1.7349768889384797e+17 1.6465074428673667e+17 1.5490339656013792e+17 1.4957052626821325e+17 1.4382790084843424e+17 1.3755224539241242e+17 1.3345514210863568e+17 1.3055053504654411e+17 1.2587340016346818e+17 1.224933026021302e+17 1.1690932688279651e+17 1.1273656557767277e+17 1.1047453542668635e+17 1.0806909191844314e+17 1.0549335914826403e+17 1.0271164279375533e+17 9.967474465705362e+16 9.249864301771046e+16 8.798342246523e+16 8.189885583637149e+16
10175.001425486198 2.0276116086836147e+17 1.958883148332299e+17 1.8868155060295574e+17 1.8107034931981037e+17 1.7295359311886435e+17 1.641807366634343e+17 1.5450984851014157e+17 1.4921680436715306e+17 1.4351569699031771e+17 1.3728393053335837e+17 1.3321471098055546e+17 1.303295392004419e+17 1.2568321710956206e+17 1.2232499161563893e+17 1.1677654549309696e+17 1.1262987195549283e+17 1.103818046444633e+17 1.0799107694551186e+17 1.0543090769879338e+17 1.0266572444919088e+17 9.964643924947486e+16 9.250892151610192e+16 8.80144263894157e+16 8.195141183804906e+16
10225.001432490999 2.025122541107638e+17 1.9567811373135613e+17 1.8851487337803872e+17 1.809510354753068e+17 1.7288735996642506e+17 1.6417352798309978e+17 1.5456971120669514e+17 1.493139163750444e+17 1.436532411329043e+17 1.3746558173675213e+17 1.3342491418750838e+17 1.3055976577015043e+17 1.2594508220256586e+17 1.226090737798151e+17 1.1709564402636974e+17 1.1297325327853846e+17 1.1073745367326955e+17 1.0835895086245477e+17 1.0581077859830682e+17 1.0305709306731395e+17 1.0004841576109026e+17 9.29281358150212e+16 8.844265669269389e+16 8.240416797410928e+16
10275.001439495898 2.0327301094005843e+17 1.964110585432263e+17 1.8921827147090957e+17 1.8162430829659523e+17 1.735290965623672e+17 1.6478259927653504e+17 1.5514459645584352e+17 1.498708301266423e+17 1.4419116042051795e+17 1.3798314780713762e+17 1.3392925522384978e+17 1.3105464753426784e+17 1.2642446166605949e+17 1.2307692271517837e+17 1.1754345207870205e+17 1.1340500792168203e+17 1.111600268943844e+17 1.087713177311942e+17 1.0621167453076624e+17 1.0344494061643784e+17 1.004212868749782e+17 9.32643048184321e+16 8.875857330694013e+16 8.2705539461394e+16
10325.001446500699 2.003376142840027e+17 1.9364627831934182e+17 1.866313002940607e+17 1.7922559950035328e+17 1.713302817439752e+17 1.627992919817075e+17 1.53397624980972e+17 1.4825244536811456e+17 1.427104031962606e+17 1.3665150801978174e+17 1.3269404235919526e+17 1.2988726945748058e+17 1.2536512041410595e+17 1.2209460181009778e+17 1.1668595339477494e+17 1.126382569987565e+17 1.1044136973839808e+17 1.0810281899121718e+17 1.055955918240177e+17 1.028837218754593e+17 9.991746290396856e+16 9.288155773039192e+16 8.843680065123592e+16 8.24426773286367e+16
10375.001453505498 2.0078405762918794e+17 1.940897024246745e+17 1.8707093821376947e+17 1.796581000994326e+17 1.7175373595168026e+17 1.6321080830958672e+17 1.5379369160416387e+17 1.486394170152005e+17 1.4308725101805266e+17 1.3701702683358478e+17 1.3305197480063635e+17 1.3023968914580778e+17 1.257084187930061e+17 1.2243100277754421e+17 1.170101160191182e+17 1.1295232852984232e+17 1.1074951024666936e+17 1.0840420354593434e+17 1.0588912943877485e+17 1.0316794038901526e+17 1.00190358142477e+17 9.312319158638435e+16 8.865819424925195e+16 8.264432738261506e+16
10425.001460510399 2.023213634862953e+17 1.955602830801831e+17 1.8847073324236774e+17 1.809838952737751e+17 1.730009198309006e+17 1.6437394418782246e+17 1.5486542133705283e+17 1.4966161813711725e+17 1.4405655905049422e+17 1.379290061478254e+17 1.3392692298688483e+17 1.3108867397118507e+17 1.2651606756517227e+17 1.232093362618182e+17 1.1774133086802557e+17 1.1364976041615906e+17 1.1142927694919085e+17 1.0906576421078304e+17 1.0653194957373616e+17 1.037915394179968e+17 1.0079439438869035e+17 9.36894606855387e+16 8.921102711544224e+16 8.320061311437298e+16
10475.0014675152 2.005671975402813e+17 1.9390960982184963e+17 1.8692852818043222e+17 1.7955414804508074e+17 1.716914251248956e+17 1.6319351590878192e+17 1.5382643639350662e+17 1.487001202683171e+17 1.4317848018968174e+17 1.3714181935730046e+17 1.3319878473755872e+17 1.3040211239352186e+17 1.2589590037254627e+17 1.2263640606317083e+17 1.172445758872976e+17 1.1320777042505051e+17 1.1101594920691117e+17 1.0868194666789494e+17 1.061784598137055e+17 1.0346903706531853e+17 1.0050323784290946e+17 9.34594742337501e+16 8.900859301521784e+16 8.302287251034166e+16
10525.001474520097 2.0182966431564723e+17 1.951342713300509e+17 1.8811190454339085e+17 1.8069264999891242e+17 1.7278056008360477e+17 1.6422641216694182e+17 1.5479520409174912e+17 1.4963191964958314e+17 1.4406954200348867e+17 1.3798686942464674e+17 1.3401306039237634e+17 1.3119436970821256e+17 1.2665221901896322e+17 1.2336660684202429e+17 1.1793158190958218e+17 1.1386287600403746e+17 1.1165404119648518e+17 1.0930227541444064e+17 1.0678022241461597e+17 1.0405143858454824e+17 1.0106560335211942e+17 9.398179384690005e+16 8.951535770877618e+16 8.35296819030086e+16
10575.001481524898 1.99985571069259e+17 1.933978476706422e+17 1.864855278285118e+17 1.791824650242394e+17 1.7138957710940192e+17 1.6296361425250234e+17 1.5367104081634022e+17 1.485831455394405e+17 1.4310149323101264e+17 1.371070762575681e+17 1.331909795706651e+17 1.3041305469831598e+17 1.2593659560385078e+17 1.2269828890310475e+17 1.1734085341037637e+17 1.1332922421053229e+17 1.1115080322488282e+17 1.0883085759770952e+17 1.0634209627655174e+17 1.0364813411304707e+17 1.0069855316436742e+17 9.368951181213579e+16 8.925835274360302e+16 8.330077153972907e+16
10625.001488529797 2.0048407616101584e+17 1.9391205569483437e+17 1.8701218381789904e+17 1.7971889910529142e+17 1.7193302416453683e+17 1.6350938701806486e+17 1.5421337253525597e+17 1.491212116930308e+17 1.4363229171523653e+17 1.3762715409816858e+17 1.3370231124549792e+17 1.3091740000014654e+17 1.2642831690436826e+17 1.231797840909299e+17 1.1780396271122584e+17 1.137775475110878e+17 1.1159088394636762e+17 1.0926201102789678e+17 1.0676362458630173e+17 1.0405925803732354e+17 1.0109842868292102e+17 9.406525609031504e+16 8.962443249842904e+16 8.366961812826994e+16
10675.001495534598 1.9847412670965866e+17 1.9199816984781357e+17 1.8519820057906144e+17 1.7800829735414374e+17 1.703337282530112e+17 1.62029328420635e+17 1.5286635466995107e+17 1.478475920987193e+17 1.4243892595995485e+17 1.3652258908499986e+17 1.3265630938429066e+17 1.2991316667762171e+17 1.2549148373370013e+17 1.2229188598264294e+17 1.1699628693577774e+17 1.1302915979885806e+17 1.1087418596963826e+17 1.0857859764651522e+17 1.0611525401806795e+17 1.0344785147852474e+17 1.0052607539019098e+17 9.357653197397342e+16 8.917737234205381e+16 8.325708294717371e+16
10725.001502539499 1.988383811451491e+17 1.9232429760652547e+17 1.8548943658313834e+17 1.7826699108372707e+17 1.7056085249319885e+17 1.6222913410965603e+17 1.530417694101548e+17 1.4801232789994934e+17 1.4259423332416216e+17 1.3666972862716803e+17 1.3279943216439362e+17 1.3005405592952021e+17 1.2562975159103562e+17 1.2242897500619891e+17 1.1713283956566352e+17 1.131662297603384e+17 1.110118415663574e+17 1.087171046620498e+17 1.0625483869788182e+17 1.0358884391912005e+17 1.0066885832017315e+17 9.372520910442139e+16 8.933221558037035e+16 8.3425539071929e+16
10775.001509544298 1.9829700469838048e+17 1.9188702827822563e+17 1.8515275733085328e+17 1.7803009368781056e+17 1.7042173586058602e+17 1.621846315353236e+17 1.5308658663290205e+17 1.4809961914340413e+17 1.4272194993626312e+17 1.3683537373397597e+17 1.3298632343289814e+17 1.3025440757142754e+17 1.2584920492856696e+17 1.2266025748596181e+17 1.1738049355706534e+17 1.1342376384502509e+17 1.1127399519805136e+17 1.0898357429077992e+17 1.0652534105486062e+17 1.0386293399815986e+17 1.0094597335564699e+17 9.40060751464217e+16 8.961517142007093e+16 8.371790618400494e+16
10825.001516549199 1.948726432465672e+17 1.886918263603246e+17 1.8219393111422134e+17 1.7531117800297226e+17 1.6794942185912083e+17 1.5996700975293072e+17 1.511364881089156e+17 1.4628991146762093e+17 1.4105886042250552e+17 1.3532740984713566e+17 1.3157704334501402e+17 1.2891389966820818e+17 1.2461752968423547e+17 1.2150583468183491e+17 1.1635111020273837e+17 1.124859988467682e+17 1.1038527493480453e+17 1.0814660322932192e+17 1.0574331131921014e+17 1.0313972125474059e+17 1.0028621158358678e+17 9.348955683362848e+16 8.917720296541662e+16 8.33578620153182e+16
10875.001523553998 1.972071551092614e+17 1.9091008742325565e+17 1.8429276011646544e+17 1.772851551482612e+17 1.6979314989671427e+17 1.6167181996192573e+17 1.5269188534528106e+17 1.4776444182401072e+17 1.4244689945823923e+17 1.3662140521058795e+17 1.3280951896483736e+17 1.301026047850898e+17 1.2573538796405594e+17 1.2257211188449115e+17 1.1733148639236712e+17 1.1340146666362336e+17 1.1126532315589011e+17 1.0898879197907051e+17 1.0654477049953658e+17 1.0389702899482707e+17 1.009953486343389e+17 9.408938137741701e+16 8.97198036026578e+16 8.385533040929434e+16
10925.001530558799 1.9802615263750912e+17 1.9165096988886355e+17 1.8495539255570947e+17 1.7787477544309206e+17 1.703124251784838e+17 1.621261000640633e+17 1.5308590252087424e+17 1.4813040117875286e+17 1.4278576703690517e+17 1.3693428919597672e+17 1.331072627518868e+17 1.3039048906416002e+17 1.2600852252843005e+17 1.2283533715962688e+17 1.1757952395343893e+17 1.136387457775319e+17 1.114968318366991e+17 1.0921413452877805e+17 1.0676339580498125e+17 1.0410811425176752e+17 1.0119772453726285e+17 9.426928818891358e+16 8.988678673883626e+16 8.401464455938544e+16
10975.0015375637 1.9503796444339907e+17 1.8896341337148227e+17 1.8257634877004182e+17 1.7580492042017536e+17 1.685538949493911e+17 1.606773964465732e+17 1.5194300419515046e+17 1.471371881383901e+17 1.4194016053066875e+17 1.3623318573563142e+17 1.324911282811142e+17 1.2983011608461806e+17 1.2553049492293099e+17 1.2241131257213818e+17 1.1723488829281043e+17 1.1334588914136122e+17 1.112295235328979e+17 1.08972182834649e+17 1.0654662196501435e+17 1.0391649824627643e+17 1.0103143488254126e+17 9.415561227902474e+16 8.980112377859942e+16 8.395871620219885e+16
11025.001544568497 1.953954340912283e+17 1.892548576882036e+17 1.828038758428872e+17 1.7597389845524416e+17 1.686678159868161e+17 1.6074128735396643e+17 1.5196166048509782e+17 1.4713565455170966e+17 1.419196141646891e+17 1.3619540302794246e+17 1.3244400761926627e+17 1.2977723147159512e+17 1.254698112892706e+17 1.2234608321570597e+17 1.1716406867874738e+17 1.1327247929550546e+17 1.1115526484026624e+17 1.0889742257323624e+17 1.0647181406495026e+17 1.0384217524559402e+17 1.0095827406072918e+17 9.408767497897426e+16 8.973781714422578e+16 8.390040826618363e+16
11075.001551573398 1.961429401532588e+17 1.8993436457271526e+17 1.8341332599914464e+17 1.765116779242695e+17 1.691337450058709e+17 1.61133994221652e+17 1.5228001417757136e+17 1.4741642870943373e+17 1.421625399527975e+17 1.3639959922566734e+17 1.3262437415177624e+17 1.2994138079685272e+17 1.2560897447515182e+17 1.2246795441239363e+17 1.1725872665700429e+17 1.1334776218998117e+17 1.1122035391200568e+17 1.0895191332684725e+17 1.0651518809313085e+17 1.0387378864597419e+17 1.0097731698996086e+17 9.407842770187051e+16 8.971277583208293e+16 8.385667232199003e+16
11125.001558578197 1.9545800810097674e+17 1.8930834444272208e+17 1.8284822099373114e+17 1.7600794787956938e+17 1.6869405481392746e+17 1.6076085040088336e+17 1.519776805112889e+17 1.4715198784585837e+17 1.4193775554747691e+17 1.3621704054238573e+17 1.3246876994811755e+17 1.2980447554215051e+17 1.2550141883462766e+17 1.2238101033139245e+17 1.1720453282137781e+17 1.1331688436944533e+17 1.1120164421415262e+17 1.0894571920120163e+17 1.065218951579968e+17 1.0389373411415725e+17 1.0101074986360146e+17 9.413896208199994e+16 8.978777440754619e+16 8.395483803828333e+16
11175.001565583098 1.9496312832194304e+17 1.8882125392120266e+17 1.8236823876313507e+17 1.7553602437579485e+17 1.682301973448382e+17 1.603080876324425e+17 1.5154098151010893e+17 1.467260259260324e+17 1.4152581220325784e+17 1.3582329397961565e+17 1.3208856763744658e+17 1.2943476849852262e+17 1.2515018838987547e+17 1.2204429076480069e+17 1.1689399109506936e+17 1.1302755116550698e+17 1.1092435037875014e+17 1.0868157549151078e+17 1.0627211726891179e+17 1.0365964059642456e+17 1.0079373243068274e+17 9.396014068318622e+16 8.962996488253579e+16 8.381973456376014e+16
11225.001572587898 1.9560539606951075e+17 1.8944413798872394e+17 1.829711681086991e+17 1.7611917469096778e+17 1.6879247924305875e+17 1.608494715349496e+17 1.520605683487512e+17 1.4723412961918045e+17 1.4202143285238698e+17 1.3630543289497678e+17 1.3256179706198189e+17 1.299015499050743e+17 1.2560604541010747e+17 1.2249182216695682e+17 1.1732641562434486e+17 1.134474075120066e+17 1.1133682036165328e+17 1.0908574016464314e+17 1.0666679496440843e+17 1.0404340843211238e+17 1.0116484990246749e+17 9.43000043163204e+16 8.995364089105885e+16 8.414043528837766e+16
11275.001579592797 1.9203798964402115e+17 1.860947419159259e+17 1.7984701673211907e+17 1.7322798470779542e+17 1.6614452500069254e+17 1.5845885732627606e+17 1.499454877581173e+17 1.452661766387171e+17 1.4020950227915504e+17 1.3466034920799275e+17 1.310232087156829e+17 1.2843747688967422e+17 1.2425986674032146e+17 1.2122913205291395e+17 1.1619834901241381e+17 1.1241698763760267e+17 1.1035819639986003e+17 1.081612611872463e+17 1.0579921418996442e+17 1.0323591357890557e+17 1.0042112495486472e+17 9.369635866164163e+16 8.942516133776968e+16 8.36872905409922e+16
11325.001586597598 1.941018800857796e+17 1.8800408813545696e+17 1.8159761883743306e+17 1.7481602546681446e+17 1.6756519841087898e+17 1.5970602338432688e+17 1.5101389073214938e+17 1.4624304569056954e+17 1.410927763076725e+17 1.3544793635438074e+17 1.3175238080924581e+17 1.2912707135928698e+17 1.2488921420283512e+17 1.2181762795999102e+17 1.167242391062889e+17 1.1289991535997814e+17 1.1081914064025347e+17 1.0859972202149594e+17 1.062145236366147e+17 1.0362714077423627e+17 1.0078697792243034e+17 9.400613190835306e+16 8.970573576114117e+16 8.394659041914762e+16
11375.0015936025 1.911396417843759e+17 1.8520017243356778e+17 1.78961277077322e+17 1.723606105208618e+17 1.6530208051812096e+17 1.5765244099971418e+17 1.4918997073979744e+17 1.4454379596552314e+17 1.3952643508585512e+17 1.3402478933899362e+17 1.3042153913589357e+17 1.278608992859319e+17 1.2372586285376482e+17 1.2072753426397022e+17 1.1575277464080866e+17 1.1201516503548538e+17 1.0998071224255632e+17 1.0781005112894182e+17 1.0547650512853525e+17 1.0294421939040181e+17 1.0016329731801032e+17 9.351607823848506e+16 8.92905007829733e+16 8.361280432608651e+16
11425.001600607298 1.893651258539061e+17 1.8353253218298752e+17 1.7740130203416208e+17 1.709121382353454e+17 1.6397144581668234e+17 1.5644628995257955e+17 1.4811921317886016e+17 1.4354675711830939e+17 1.3860836008058912e+17 1.3319290166769435e+17 1.2964574158761941e+17 1.271247921527532e+17 1.2305364775691966e+17 1.2010119731048733e+17 1.1520191473090374e+17 1.1152011806328509e+17 1.0951552536933274e+17 1.0737620900851651e+17 1.0507558500962997e+17 1.0257790780296549e+17 9.983330549667432e+16 9.326411462848971e+16 8.908176806923826e+16 8.345660640997251e+16
11475.0016076122 1.940449961918672e+17 1.8797194363141734e+17 1.8159225109245142e+17 1.748346964274686e+17 1.6761333818444394e+17 1.5978588725882365e+17 1.511302323944052e+17 1.463793821580828e+17 1.4125122184604915e+17 1.3563009942395923e+17 1.3194974525800763e+17 1.2933505676031058e+17 1.251136145498696e+17 1.2205317980927179e+17 1.1697652547634661e+17 1.131629760251295e+17 1.110872841270153e+17 1.0887257394239147e+17 1.0649149689890483e+17 1.039072295757216e+17 1.0106850741678242e+17 9.428178225859166e+16 8.997541950094235e+16 8.422760092217267e+16
11525.001614616996 1.9476244070907382e+17 1.8866322927447875e+17 1.822527826532936e+17 1.7546631259329312e+17 1.6820756832377936e+17 1.603417665130404e+17 1.516425050844035e+17 1.4686879813415875e+17 1.4171529469668435e+17 1.3606703067157485e+17 1.323688630775588e+17 1.2974149880356286e+17 1.2549958605739118e+17 1.2242422340992219e+17 1.1732217322002486e+17 1.1348892276060312e+17 1.1140218022008328e+17 1.091754482256058e+17 1.0678111893778386e+17 1.0418208891364829e+17 1.0132679250766133e+17 9.450039001970776e+16 9.017237119344619e+16 8.441107772809048e+16
11575.001621621797 1.9306253495273443e+17 1.8706297516872563e+17 1.8075781256512192e+17 1.74076992749121e+17 1.669325559470793e+17 1.5918596652582458e+17 1.5061597285264502e+17 1.4591102022261258e+17 1.4083084035149331e+17 1.3526157296774654e+17 1.3161473122958926e+17 1.290233489381282e+17 1.2483900561295328e+17 1.2180486065920552e+17 1.167705541336068e+17 1.1298730751854162e+17 1.1092748163608245e+17 1.087290873683109e+17 1.0636470624840278e+17 1.0379743765000094e+17 1.0097582077990406e+17 9.422210796026256e+16 8.993181285046109e+16 8.420693037362866e+16
11625.001628626698 1.8969736911656176e+17 1.838796745406695e+17 1.777602057652053e+17 1.712813983191809e+17 1.6435026989919747e+17 1.5683255806390698e+17 1.485119017033392e+17 1.4394194267217334e+17 1.3900502924617936e+17 1.3358933365098832e+17 1.300406317654112e+17 1.2751806951559907e+17 1.2344206648402342e+17 1.2048445625996622e+17 1.155727953526799e+17 1.1187790231317445e+17 1.0986472266049117e+17 1.0771491185326024e+17 1.0540145866894058e+17 1.0288782761399515e+17 1.0012306797337578e+17 9.34943610153018e+16 8.927156391908357e+16 8.36169055078002e+16
11675.001635631497 1.913038546926888e+17 1.8538317663139475e+17 1.791565788280669e+17 1.7256494008267155e+17 1.6551923412037795e+17 1.5788077961176906e+17 1.494357560254373e+17 1.4480113815868906e+17 1.397978404679802e+17 1.3431424905921694e+17 1.3072337025021306e+17 1.2817171533054859e+17 1.2405110808684774e+17 1.2106250471703562e+17 1.1610174264993882e+17 1.1237151067651974e+17 1.103394783784961e+17 1.0816984354182077e+17 1.058352246333569e+17 1.0329874349871304e+17 1.0050890633855466e+17 9.38210404307926e+16 8.956457636091773e+16 8.387983786484325e+16
11725.001642636398 1.938774671711525e+17 1.878293135519185e+17 1.814739342066652e+17 1.7473971450586378e+17 1.6754030678782778e+17 1.5973787564159126e+17 1.5111257414066416e+17 1.463803969628102e+17 1.4127410587761029e+17 1.3567935328263971e+17 1.320172813691217e+17 1.2941576251612795e+17 1.2521580851483678e+17 1.2217084483237965e+17 1.1711868526092779e+17 1.1332156795057802e+17 1.1125381721662208e+17 1.0904658265805707e+17 1.066721112022463e+17 1.0409307354982904e+17 1.0125730232745245e+17 9.4464581630574e+16 9.015062992967243e+16 8.441845026936707e+16
11775.001649641197 1.8981403266321283e+17 1.8396713643146627e+17 1.7781880693361872e+17 1.713066675077052e+17 1.643420752111533e+17 1.5679340510844275e+17 1.4844749992373315e+17 1.4386836346873614e+17 1.389252226694349e+17 1.3350790540834243e+17 1.2996128344030274e+17 1.2744127275087242e+17 1.233720532553238e+17 1.204211062346863e+17 1.1552347669111974e+17 1.1184112322005158e+17 1.0983532977456358e+17 1.0769378694808845e+17 1.0538946807991941e+17 1.0288586008745394e+17 1.0013188799088814e+17 9.352607025447918e+16 8.931650942297306e+16 8.368822612119178e+16
11825.001656646098 1.885173724570507e+17 1.8285730913954326e+17 1.7689538515382157e+17 1.7057219350639123e+17 1.6379628229478925e+17 1.564341391643892e+17 1.4827063692984304e+17 1.4378022962053133e+17 1.3892372125939394e+17 1.3359034719426763e+17 1.3009201364585245e+17 1.2760328680239915e+17 1.2357891936175797e+17 1.2065612693559042e+17 1.1579672491458178e+17 1.121360549681234e+17 1.101393861690724e+17 1.0800542532066475e+17 1.0570671265689248e+17 1.0320613135600373e+17 1.0045178843841574e+17 9.38304271665299e+16 8.960411823141432e+16 8.39590273807264e+16
11875.001663650899 1.8790552197521728e+17 1.8218623384555194e+17 1.761674101961535e+17 1.6979268538241296e+17 1.629700517135499e+17 1.5556938042824397e+17 1.4737969704881738e+17 1.4288191402787475e+17 1.3802378649160554e+17 1.3269556848028395e+17 1.2920455867211696e+17 1.267227393322133e+17 1.2271285723405304e+17 1.1980300812741918e+17 1.1496974831957736e+17 1.1133242697009038e+17 1.0934984071692672e+17 1.0723197475987664e+17 1.0495167652348298e+17 1.0247233031640829e+17 9.97424782736056e+16 9.318178393752427e+16 8.899253797821776e+16 8.339055729733914e+16
11925.001670655798 1.9275089837207907e+17 1.8676860408968454e+17 1.8047406942111363e+17 1.7380872528729904e+17 1.6667765373910317e+17 1.5894873665125107e+17 1.5040459619630595e+17 1.4571761962851194e+17 1.406600547528715e+17 1.3511871037553048e+17 1.3149202495947933e+17 1.289157027366278e+17 1.2475623650715213e+17 1.2174028273839662e+17 1.167351321006488e+17 1.1297207832297723e+17 1.109222803784195e+17 1.0873359448287293e+17 1.0637825108276795e+17 1.038187289446828e+17 1.0100255653323565e+17 9.424642279024395e+16 8.994938199986072e+16 8.42475809424588e+16
11975.001677660599 1.845554959394969e+17 1.7908563423463318e+17 1.7332165081536986e+17 1.6720551980566666e+17 1.60647916358399e+17 1.535191455427561e+17 1.4561084894122816e+17 1.4125956006374134e+17 1.3655280573908834e+17 1.313826168305045e+17 1.2799078473087709e+17 1.2557742436049758e+17 1.2167452697002214e+17 1.1883955549817632e+17 1.1412509178964357e+17 1.1057241580392234e+17 1.0863404843329498e+17 1.0656181782751512e+17 1.0432870755838042e+17 1.0189820680650618e+17 9.921897660422246e+16 9.276505725531931e+16 8.86315323875431e+16 8.3087672453861e+16
12025.001684665496 1.903319715527523e+17 1.8456177588399005e+17 1.7848469096964298e+17 1.7203340355086784e+17 1.6511919053304595e+17 1.5760683068767158e+17 1.492811174355606e+17 1.447046127296874e+17 1.3975854097324829e+17 1.3433151367766563e+17 1.3077460694917998e+17 1.2824544047278731e+17 1.2415835124612382e+17 1.2119166688722856e+17 1.1626294992484453e+17 1.1255280320963339e+17 1.1053007876687931e+17 1.083689991587538e+17 1.0604185253744838e+17 1.0351111123574218e+17 1.0072427349624974e+17 9.4027299921684e+16 8.9759404716959e+16 8.40920403160116e+16
12075.001691670297 1.8823139999058637e+17 1.826164838102744e+17 1.7669779217818282e+17 1.7040926618417226e+17 1.636649022082005e+17 1.563296203736506e+17 1.4818799858322787e+17 1.437076574385033e+17 1.3886114727749144e+17 1.3353799764752546e+17 1.3004623276731614e+17 1.2756223191430216e+17 1.2354547943626464e+17 1.2062811395209944e+17 1.157775261395383e+17 1.1212279085090091e+17 1.1012901432476998e+17 1.0799769576841885e+17 1.057011670286975e+17 1.0320190633756402e+17 1.004472689167328e+17 9.381586870515069e+16 8.958048517131494e+16 8.394719756915099e+16
12125.001698675198 1.909159412896507e+17 1.8508423560437955e+17 1.7893912850414547e+17 1.7242156281167165e+17 1.65440789038833e+17 1.5786823987627165e+17 1.4948410957706013e+17 1.448804222283458e+17 1.3990888325403382e+17 1.3445862705064872e+17 1.3088917050614926e+17 1.2835219698040192e+17 1.2425463763068467e+17 1.2128165432568774e+17 1.1634423098012048e+17 1.1262854138682176e+17 1.1060299704744517e+17 1.0843894050031958e+17 1.0610835576920976e+17 1.0357347494135678e+17 1.0078121705226968e+17 9.406564863994978e+16 8.978303664407243e+16 8.41056464051964e+16
12175.001705679997 1.9143921679662858e+17 1.855392859294274e+17 1.793271534388937e+17 1.727429855176072e+17 1.6570154073759856e+17 1.5806683308343277e+17 1.4962569634081398e+17 1.449948656597681e+17 1.3999823410256957e+17 1.3452451893485613e+17 1.3094177021803062e+17 1.2839686524161678e+17 1.2428738699596918e+17 1.2130724086070342e+17 1.1635977752814538e+17 1.1263794101658939e+17 1.1060943472100706e+17 1.0844242705158934e+17 1.0610892699080662e+17 1.0357099874742238e+17 1.0077532145817395e+17 9.404997857136592e+16 8.976000006412418e+16 8.407686284854155e+16
12225.001712684798 1.910871560150178e+17 1.852079909063112e+17 1.7902000702436867e+17 1.724579803261154e+17 1.6543879002888877e+17 1.5782617665212262e+17 1.4940993579448906e+17 1.447930175697251e+17 1.3981131125055027e+17 1.3435329124702227e+17 1.3078122964295885e+17 1.282433280764995e+17 1.241454894706251e+17 1.211736084640459e+17 1.1623945213035155e+17 1.1252720189121541e+17 1.1050369912267205e+17 1.0834187416815056e+17 1.0601363831181094e+17 1.0348106756017469e+17 1.0069071810524797e+17 9.397493706944589e+16 8.968869406190485e+16 8.401172968203254e+16
12275.001719689699 1.902340335457957e+17 1.844215079957952e+17 1.782999091430805e+17 1.71810217570649e+17 1.648587243465047e+17 1.5731573523315984e+17 1.4896981973150467e+17 1.4438957092802698e+17 1.3944511819321336e+17 1.3402635948277232e+17 1.3047838222394226e+17 1.279571266123908e+17 1.2388547745204598e+17 1.2093163588029315e+17 1.1602600879498896e+17 1.1233383162190157e+17 1.103207486476507e+17 1.0816959358147754e+17 1.0585233011816824e+17 1.0333098747394283e+17 1.00552112717184e+17 9.3859317386188e+16 8.958403900413178e+16 8.391991879896827e+16
12325.001726694498 1.9015182027630058e+17 1.8431734695573286e+17 1.7817505069033898e+17 1.7166140593401008e+17 1.646921165228135e+17 1.571357870224706e+17 1.487791318910182e+17 1.44194599295592e+17 1.3924803033471811e+17 1.3382972482778048e+17 1.3028344892162032e+17 1.2776417275006e+17 1.236963338011547e+17 1.2074621803836918e+17 1.1584811158906064e+17 1.1216254952883627e+17 1.1015343689604939e+17 1.0800673661466402e+17 1.0569450737958539e+17 1.0317887062637808e+17 1.0040644051451176e+17 9.372898075707694e+16 8.946286256422733e+16 8.381171595574314e+16
12375.001733699399 1.9015896310512157e+17 1.843344577938344e+17 1.7819702619129094e+17 1.7169125092826528e+17 1.6472399213295478e+17 1.5717007936915667e+17 1.488153594826971e+17 1.442321495437051e+17 1.392865695295603e+17 1.3386858278814267e+17 1.303225226799805e+17 1.2780331293184688e+17 1.2373550381092456e+17 1.2078507751629792e+17 1.1588590072672515e+17 1.121988673533543e+17 1.1018867147599504e+17 1.0804049101150234e+17 1.0572625498047582e+17 1.0320783233444728e+17 1.0043148172936946e+17 9.373973084809522e+16 8.946139540026851e+16 8.379785504795934e+16
12425.001740704198 1.888887141196431e+17 1.831386401373876e+17 1.7708551307247856e+17 1.7065932486383754e+17 1.6377997348766554e+17 1.563161191503012e+17 1.4805729727041514e+17 1.4352458600330901e+17 1.386319082808256e+17 1.3327013107107994e+17 1.2975959926778898e+17 1.2726498736527045e+17 1.232360264515244e+17 1.2031318797779869e+17 1.1545831895875552e+17 1.1180374465228816e+17 1.0981077882028798e+17 1.0768070924055232e+17 1.0538569360171666e+17 1.0288776208060718e+17 1.0013338555850186e+17 9.34908744654643e+16 8.923947913935363e+16 8.360412657292046e+16
12475.001747709099 1.8977674174905878e+17 1.8396686723340835e+17 1.7784498947671936e+17 1.7135135278132634e+17 1.6440262142507862e+17 1.5686211569427056e+17 1.485262375473925e+17 1.439525316467269e+17 1.3901731897905853e+17 1.3361174446246069e+17 1.3007361405867694e+17 1.2756004357282016e+17 1.2350118874689229e+17 1.2055711660533614e+17 1.1566807233957315e+17 1.1198786699719814e+17 1.0998095292704658e+17 1.0783598229391365e+17 1.0552473333009408e+17 1.0300886113255523e+17 1.0023428300991829e+17 9.354049643905294e+16 8.925565498114149e+16 8.358342728368795e+16
12525.0017547139 1.883242399262106e+17 1.825836725206975e+17 1.7652999706978493e+17 1.701123906198046e+17 1.632427218151317e+17 1.557923187315891e+17 1.4755443592965098e+17 1.4303653187112814e+17 1.3816224837846349e+17 1.328243442327538e+17 1.293311056533164e+17 1.2684981448904008e+17 1.2284391571961851e+17 1.1993850254145158e+17 1.151136074344475e+17 1.1148168953816362e+17 1.0950076414365842e+17 1.0738319000258269e+17 1.0510087476480488e+17 1.0261549030215648e+17 9.987288535368245e+16 9.324564039073347e+16 8.899251515010878e+16 8.33491654132123e+16
12575.001761718797 1.891918405981882e+17 1.8341213493944048e+17 1.7732056340956314e+17 1.7085720285488784e+17 1.639371680451258e+17 1.5642893429762742e+17 1.4812721552640387e+17 1.4357290053924869e+17 1.386583858829101e+17 1.3327548392804491e+17 1.297525452580541e+17 1.2724973264013533e+17 1.2320846995135072e+17 1.2027694006037624e+17 1.1540822000325686e+17 1.1174283659160974e+17 1.0974366628082645e+17 1.0760665799435317e+17 1.0530348526282328e+17 1.0279574971267037e+17 1.0002904385679957e+17 9.334730258026971e+16 8.906384212803923e+16 8.33927909096138e+16
12625.001768723598 1.885633584627975e+17 1.82819036167873e+17 1.7676405950580362e+17 1.7033686996611862e+17 1.63456239297293e+17 1.5599090192160035e+17 1.4773313329264138e+17 1.43201993567642e+17 1.3831304116890778e+17 1.3295712140783024e+17 1.2945161909493416e+17 1.2696121742457419e+17 1.2293964499776754e+17 1.20022494850401e+17 1.1517718499882482e+17 1.1152910470466902e+17 1.0953915903595534e+17 1.074117926982123e+17 1.0511883448546314e+17 1.0262182663112376e+17 9.986636019880365e+16 9.320785231532773e+16 8.893533735230638e+16 8.327697058839205e+16
12675.001775728497 1.8719740001442208e+17 1.8153086237210998e+17 1.7555552123896557e+17 1.6921324625070448e+17 1.6242256078409434e+17 1.55052084620076e+17 1.4689594714990666e+17 1.4242116750382605e+17 1.3759247168280835e+17 1.3230201367562293e+17 1.2883916760137195e+17 1.2637897908082462e+17 1.224060952104423e+17 1.1952396908480752e+17 1.1473651334096957e+17 1.1113122591305554e+17 1.0916433441621347e+17 1.0706119057979306e+17 1.0479372165932824e+17 1.0232357298035947e+17 9.959633006893142e+16 9.29973758768876e+16 8.87552432677452e+16 8.312868008569995e+16
12725.001782733298 1.883614153376528e+17 1.8262189938219488e+17 1.7657085977544064e+17 1.701513105809919e+17 1.6327382385333162e+17 1.5581207912923216e+17 1.4756149970769414e+17 1.4303551085618802e+17 1.3815268901316434e+17 1.3280461416916021e+17 1.2930497328638325e+17 1.2681903012882358e+17 1.2280541272116496e+17 1.1989419407896498e+17 1.150586588073176e+17 1.1141768282474917e+17 1.0943144187686078e+17 1.0730773198920986e+17 1.0501823940047552e+17 1.0252429168353074e+17 9.977100155086738e+16 9.310955949505517e+16 8.882788862956371e+16 8.315830700023403e+16
12775.001789738199 1.8857059011123862e+17 1.8282842452092336e+17 1.767671976013334e+17 1.703358816847531e+17 1.6344831568856064e+17 1.5597378159354272e+17 1.477083305567292e+17 1.4317439269719366e+17 1.38283170045701e+17 1.3292638452634317e+17 1.2942135602740904e+17 1.2693155222879342e+17 1.2291157578473048e+17 1.19995642702866e+17 1.1515202282882614e+17 1.1150443533484059e+17 1.0951431928412114e+17 1.0738625539105776e+17 1.0509161739062664e+17 1.0259163754571054e+17 9.983104296421811e+16 9.314914837882867e+16 8.885402993580885e+16 8.317549834491283e+16
12825.001796742998 1.8387895011741533e+17 1.7836007181247533e+17 1.7252974575506515e+17 1.6633523506610685e+17 1.596982549935703e+17 1.5249323594591584e+17 1.445218475850476e+17 1.401489553833722e+17 1.3543080336276013e+17 1.3026410424408062e+17 1.2688339197799725e+17 1.2448230952462549e+17 1.2060547670167613e+17 1.1779361839897874e+17 1.1312343317468086e+17 1.096066606885615e+17 1.0768783051654624e+17 1.0563584671825746e+17 1.034229932829052e+17 1.0101144824277902e+17 9.834726344446387e+16 9.188745860314912e+16 8.771783028294202e+16 8.216164915217306e+16
12875.001803747798 1.867546194961614e+17 1.8108919287335315e+17 1.7512213103214678e+17 1.687836359057961e+17 1.6199237419386688e+17 1.5462269028111834e+17 1.4647252040947072e+17 1.4200211069602549e+17 1.3718038242388197e+17 1.3189937737857646e+17 1.2844387898615278e+17 1.2598999856190902e+17 1.2202796130557862e+17 1.1915404993705952e+17 1.1438052899386218e+17 1.1078524873754294e+17 1.0882319234329285e+17 1.0672466829266214e+17 1.0446116753652723e+17 1.0199382266903987e+17 9.92672438894658e+16 9.265396882598594e+16 8.83879080890658e+16 8.272945176711186e+16
12925.001810752696 1.8465766275089485e+17 1.7908289628299043e+17 1.7320989838417373e+17 1.669714229023686e+17 1.6029326695976307e+17 1.5304833250117232e+17 1.450361092418207e+17 1.4064234994825726e+17 1.3590293661485054e+17 1.3071340603604584e+17 1.2731764515220139e+17 1.2490592904774262e+17 1.21011483315542e+17 1.1818649437559162e+17 1.1349313942821701e+17 1.0995741494320637e+17 1.0802751728192325e+17 1.0596316657448456e+17 1.0373616101775853e+17 1.0130828576432418e+17 9.862476021764856e+16 9.211191332494936e+16 8.790405331511718e+16 8.23071476910663e+16
12975.001817757497 1.8724980419324758e+17 1.8157440425946762e+17 1.7559470059883696e+17 1.6923746785934947e+17 1.624266836521007e+17 1.550320404374294e+17 1.468525847773917e+17 1.4236482725481789e+17 1.3752375972023666e+17 1.3222179811573851e+17 1.2875297257150005e+17 1.2628895532689269e+17 1.2231023507315136e+17 1.194242155584667e+17 1.1462943445244189e+17 1.1101747468930816e+17 1.0904606782528509e+17 1.0693723242921333e+17 1.0466237403985974e+17 1.0218233419187667e+17 9.944129334366923e+16 9.279006646045e+16 8.849760784897488e+16 8.281568606363136e+16
13025.001824762398 1.8656972248967856e+17 1.809341458819979e+17 1.7498274881929053e+17 1.6865862333422538e+17 1.6188008801644477e+17 1.5452033526593533e+17 1.463759587625611e+17 1.4190770788839587e+17 1.3708665273777899e+17 1.3180756228170278e+17 1.2835330825914026e+17 1.2589954878795886e+17 1.219384638999286e+17 1.1906524627944386e+17 1.1429251558719403e+17 1.1069742805307402e+17 1.0873547961791192e+17 1.0663681515343395e+17 1.0437304234712616e+17 1.0190510119219061e+17 9.917730421271784e+16 9.25562356171433e+16 8.828008088440022e+16 8.261493106638485e+16
13075.001831767197 1.871896617210466e+17 1.8152472981564995e+17 1.7553043986752106e+17 1.6916692776570736e+17 1.6234296857757187e+17 1.5493456867056845e+17 1.4673684203925498e+17 1.4224007268380592e+17 1.373897077889043e+17 1.320788049705601e+17 1.2860447360136485e+17 1.2613666579886534e+17 1.2215359739481197e+17 1.1926467863391042e+17 1.1446613928844125e+17 1.1085179783251848e+17 1.0887921415736366e+17 1.0676919186883587e+17 1.0449298262526477e+17 1.0201139884168373e+17 9.926831926917245e+16 9.26091487553225e+16 8.830859470924098e+16 8.26194576245583e+16
13125.001838772097 1.811309182010638e+17 1.7577491688219174e+17 1.7012082500985626e+17 1.641165321613918e+17 1.5767563818424096e+17 1.5068713546778032e+17 1.4295042227627418e+17 1.3870288827494067e+17 1.341180211282576e+17 1.2909463896288515e+17 1.2580519738281306e+17 1.2346756933154282e+17 1.1969093599089387e+17 1.16949450167681e+17 1.1239077842982358e+17 1.0895271056911614e+17 1.0707463941817075e+17 1.0506424009132352e+17 1.0289386797926106e+17 1.005254291970025e+17 9.790455072366256e+16 9.152699503797486e+16 8.739176337737877e+16 8.188302106633091e+16
13175.001845776898 1.8309054169974032e+17 1.77656623117691e+17 1.719185778112854e+17 1.658134410708162e+17 1.592640051828898e+17 1.5215063135196995e+17 1.4427253225040294e+17 1.3994614399476258e+17 1.3527709959780782e+17 1.3016087404354782e+17 1.2681134778816086e+17 1.244309082137769e+17 1.2058560346204536e+17 1.1779477162794066e+17 1.1315425676064782e+17 1.0965455923919882e+17 1.077427166023029e+17 1.0569609653018125e+17 1.034863742343389e+17 1.0107466187037774e+17 9.840531884504981e+16 9.190701469687851e+16 8.76928132894358e+16 8.209260007737926e+16
13225.001852781797 1.8636800050563997e+17 1.8074067956350694e+17 1.747930384459791e+17 1.684706674141451e+17 1.6168938970048032e+17 1.5432352312047155e+17 1.4617247274215366e+17 1.4169944548783651e+17 1.3687469416158717e+17 1.3159205332162971e+17 1.2813646213356693e+17 1.256821526463247e+17 1.2172040748325776e+17 1.1884707089601522e+17 1.1407365248893192e+17 1.1047731475280411e+17 1.0851423071914997e+17 1.0641380900536272e+17 1.0414726866260872e+17 1.0167516419258894e+17 9.894095176335774e+16 9.229221798598382e+16 8.798662736580565e+16 8.228574617060726e+16
13275.001859786598 1.8434161376628995e+17 1.788287707078136e+17 1.7299933835069594e+17 1.66799071423728e+17 1.6014240235800544e+17 1.5290791586921786e+17 1.4489602767719347e+17 1.4049798974849218e+17 1.3575049738297242e+17 1.3055008028360024e+17 1.271464957199888e+17 1.2472871101307027e+17 1.2082451315580949e+17 1.1799180496258469e+17 1.1328507879454822e+17 1.0973765801257306e+17 1.078006499750983e+17 1.057277601181099e+17 1.034903399220534e+17 1.0104922170869269e+17 9.834827511040677e+16 9.177540868036922e+16 8.75141063536766e+16 8.18616226701471e+16
13325.001866791497 1.8402408346552406e+17 1.784914033763034e+17 1.7265014956460227e+17 1.664355821510325e+17 1.5976519673044813e+17 1.5251259190963843e+17 1.444823276679622e+17 1.4007262923562626e+17 1.3531568759079877e+17 1.3010450064975174e+17 1.2669494471924507e+17 1.2427287654348662e+17 1.2036234163149024e+17 1.1752586589268568e+17 1.1281328403289098e+17 1.0926286316894571e+17 1.0732476838305203e+17 1.0525139746578323e+17 1.0301452819745597e+17 1.0057548733810334e+17 9.787915801576378e+16 9.133200536820517e+16 8.710199621330374e+16 8.151007120483757e+16
13375.001873796298 1.8504084679326003e+17 1.7946187620840205e+17 1.7355773519006992e+17 1.6727025886565558e+17 1.60512642583802e+17 1.5315843690108787e+17 1.4500178198193162e+17 1.4051978709897907e+17 1.356787755207609e+17 1.3037284375593133e+17 1.2689898551424597e+17 1.244307816357058e+17 1.204445131961188e+17 1.1755278253567688e+17 1.1274927957111549e+17 1.0913216643030851e+17 1.0715902027202787e+17 1.050494260615945e+17 1.027755741910584e+17 1.0029938061671066e+17 9.756694398234859e+16 9.096299048410504e+16 8.672776815788622e+16 8.116986591097402e+16
13425.0018808012 1.854233498412446e+17 1.7978451561606227e+17 1.738172502985699e+17 1.674656906829504e+17 1.606370853696134e+17 1.532117968570507e+17 1.449817405629155e+17 1.404620314784195e+17 1.3558450728358718e+17 1.3024150024141547e+17 1.2674554577691318e+17 1.2426316037045138e+17 1.2025598133996202e+17 1.1735087594549168e+17 1.1252874440216582e+17 1.0890064157270698e+17 1.0692266927598947e+17 1.0480895057562917e+17 1.0253176929333509e+17 1.0005339095410198e+17 9.732037387980333e+16 9.072236775856792e+16 8.649483195283827e+16 8.095010766962038e+16
13475.001887805996 1.8551037847663792e+17 1.7990748374381427e+17 1.739702349649068e+17 1.6765081305544634e+17 1.6085760127319523e+17 1.534656828850364e+17 1.452705467435523e+17 1.4076910025816142e+17 1.3591046006488314e+17 1.3058634463352915e+17 1.2710251984837291e+17 1.2462806019160293e+17 1.2063252031553046e+17 1.177349170837559e+17 1.1292277008943518e+17 1.0929911639641589e+17 1.0732208030523845e+17 1.0520806129447198e+17 1.0292865239015506e+17 1.0044514884100864e+17 9.770265006700771e+16 9.106013484010157e+16 8.678520793051864e+16 8.116771264267325e+16
13525.001894810797 1.852711395391321e+17 1.7965857964086355e+17 1.7371448565677718e+17 1.6737977351770944e+17 1.605688411366383e+17 1.531607716165603e+17 1.449471124494089e+17 1.4043482977364562e+17 1.3556486809334328e+17 1.3023051628633557e+17 1.267396519915808e+17 1.2426024281984414e+17 1.2025793840102122e+17 1.1735557514684453e+17 1.1253662072845688e+17 1.0890878298639462e+17 1.0693001486961014e+17 1.0481439484437322e+17 1.0253385498878822e+17 1.000500791410097e+17 9.730850749976928e+16 9.06758364389124e+16 8.641458176167381e+16 8.082511622670106e+16
13575.001901815696 1.839408503967335e+17 1.784483425229716e+17 1.726299518275567e+17 1.664208687898488e+17 1.5974106578729808e+17 1.5246190024257664e+17 1.4438173805137923e+17 1.3993673819238995e+17 1.3513495657048146e+17 1.2986864940292213e+17 1.2641909777490171e+17 1.239676865357978e+17 1.2000725919571456e+17 1.1713313432142678e+17 1.1235644668378272e+17 1.087566310561011e+17 1.0679165686472363e+17 1.0468952664380003e+17 1.0242211466119238e+17 9.995063330812925e+16 9.722011326918669e+16 9.060119243571594e+16 8.633768779650522e+16 8.073681919942654e+16
13625.001908820497 1.8279566003778797e+17 1.7730199870117414e+17 1.714820954075205e+17 1.652812757977589e+17 1.586133002840661e+17 1.513559223305622e+17 1.4331066358381802e+17 1.3889048562508957e+17 1.3411994429009848e+17 1.2889350177138566e+17 1.254732717554657e+17 1.230437614974811e+17 1.191212978144964e+17 1.1627640896835344e+17 1.1155005641894462e+17 1.0798947966690098e+17 1.0604616392977626e+17 1.039673296149846e+17 1.017248365126753e+17 9.928025160303576e+16 9.657871897723565e+16 9.002417573307669e+16 8.57941084536727e+16 8.022183984095877e+16
13675.001915825398 1.848322487636959e+17 1.7929153638268592e+17 1.734153076773748e+17 1.671459036876034e+17 1.6039702327459386e+17 1.5304299831933706e+17 1.4488296916954262e+17 1.4039798817990107e+17 1.3555373344376294e+17 1.302444330321953e+17 1.2676878583295709e+17 1.242996384069107e+17 1.203126751530447e+17 1.174203869590752e+17 1.1261481959288797e+17 1.0899379387302878e+17 1.0701703253915246e+17 1.0490204426628325e+17 1.0262004781127098e+17 1.0013162402722877e+17 9.738046162495749e+16 9.069883899034683e+16 8.638205804276272e+16 8.070706732484128e+16
13725.001922830197 1.8552897337626694e+17 1.7995802240777306e+17 1.7404469768683504e+17 1.6773520196471734e+17 1.609432233145365e+17 1.5354085661655312e+17 1.453258938359369e+17 1.4081168702700597e+17 1.3593759693142234e+17 1.305967625794592e+17 1.2710130488858437e+17 1.246185883914664e+17 1.2061008142624098e+17 1.1770233842163917e+17 1.128717205287025e+17 1.0923173759940166e+17 1.0724444574878734e+17 1.0511787938694696e+17 1.0282298108827267e+17 1.00319744482526e+17 9.755116409607883e+16 9.082054195103496e+16 8.646642845012611e+16 8.07440864798392e+16
13775.001929835098 1.8486806844008394e+17 1.7934034566647533e+17 1.734677854688347e+17 1.6720443110327738e+17 1.6046031846600016e+17 1.5310307525131984e+17 1.4493717714722858e+17 1.4044918414897784e+17 1.356022120993863e+17 1.3028997586747301e+17 1.2681258170465197e+17 1.2434198219679778e+17 1.2035271435176176e+17 1.1745895100800523e+17 1.1265024699701917e+17 1.0902609077536536e+17 1.0704704614753302e+17 1.0492903871606782e+17 1.0264289262490928e+17 1.0014859890473827e+17 9.738897391499474e+16 9.067426504186091e+16 8.632333358114426e+16 8.059487798278283e+16
13825.001936839897 1.8533488413830288e+17 1.7979260597887264e+17 1.7390453454826035e+17 1.676182856762797e+17 1.608465814411524e+17 1.5346289160578662e+17 1.452634334475673e+17 1.4075506230046059e+17 1.3588629591610006e+17 1.305495770602736e+17 1.2705665141505686e+17 1.2457506256373038e+17 1.2056819824154512e+17 1.1766138407173565e+17 1.1283107172633755e+17 1.0919029988777262e+17 1.0720198040355118e+17 1.0507387604789298e+17 1.0277644297723658e+17 1.0026941574549906e+17 9.749497391637795e+16 9.073990541206912e+16 8.635899629826843e+16 8.059289121506027e+16
13875.001943844798 1.834309551394742e+17 1.779377653581333e+17 1.721121524042559e+17 1.658831136007007e+17 1.5917855035614435e+17 1.5186648704832333e+17 1.4375363006120928e+17 1.3929360393441752e+17 1.3447820551612784e+17 1.2920220439101478e+17 1.2574942655329406e+17 1.2329719420563277e+17 1.1933820000952549e+17 1.1646690489035115e+17 1.1169694899967259e+17 1.0810282861498035e+17 1.0614046337286374e+17 1.040403903851049e+17 1.017738128417849e+17 9.930096273676816e+16 9.656515974395e+16 8.990802954231781e+16 8.559249867587035e+16 7.990485194915126e+16
13925.001950849599 1.8027189076392845e+17 1.7465472402714128e+17 1.6869251347975738e+17 1.6233307242826864e+17 1.5548277681012618e+17 1.4802789112539725e+17 1.3977904041417766e+17 1.3526096028182869e+17 1.304001509878712e+17 1.2509964929771182e+17 1.2164818235481451e+17 1.1920616941165517e+17 1.1528252524307298e+17 1.1245260471184635e+17 1.0778403698307114e+17 1.0429549808207918e+17 1.0240209257380678e+17 1.003849070898837e+17 9.821830577274874e+16 9.58670352684841e+16 9.328026436223626e+16 8.703861573651806e+16 8.30084072429241e+16 7.76299264519201e+16
13975.001957854496 1.824612812925139e+17 1.7689210735291517e+17 1.7097771055473725e+17 1.6465352676526794e+17 1.578427673399221e+17 1.5041483868859462e+17 1.4217586190922192e+17 1.376524396103618e+17 1.3277533437483995e+17 1.2744265777764424e+17 1.239607772925549e+17 1.214917907449695e+17 1.175143305061392e+17 1.1463689924424966e+17 1.0987169239347662e+17 1.0629468671273766e+17 1.0434698463313866e+17 1.0226691741794277e+17 1.0002694305550858e+17 9.758929545543582e+16 9.489988528651008e+16 8.83860538290917e+16 8.417849377865507e+16 7.861984764229722e+16
14025.001964859297 1.8163133709067158e+17 1.7617184133052794e+17 1.7037335921586954e+17 1.641704882512321e+17 1.5748087452858432e+17 1.5018088079478778e+17 1.4207284258218411e+17 1.3761611347032525e+17 1.3280525431879826e+17 1.2753847126821346e+17 1.2409508876730811e+17 1.2165153181396912e+17 1.1771108067293384e+17 1.1485710472008563e+17 1.1012407485369936e+17 1.0656489050304054e+17 1.0462430095034051e+17 1.0254972552406118e+17 1.0031296750391885e+17 9.787540981100146e+16 9.51815879812826e+16 8.86353681080299e+16 8.43899707876279e+16 7.877209162770538e+16
14075.001971864098 1.8352395379805114e+17 1.780121215413205e+17 1.721519705154789e+17 1.6587825050276496e+17 1.5911227082605075e+17 1.5172675723885293e+17 1.4351673190715894e+17 1.3900102340745608e+17 1.3412311414482709e+17 1.2877808044729798e+17 1.2528022693793371e+17 1.2279661781619909e+17 1.1878795867519405e+17 1.1588212965034382e+17 1.1105809896970611e+17 1.0742671865070533e+17 1.0544538109215194e+17 1.0332642649288963e+17 1.0104092251128275e+17 9.854954308051176e+16 9.57959367005831e+16 8.910836051884402e+16 8.478148034262155e+16 7.908937149866158e+16
14125.001978868997 1.8185683024577232e+17 1.764632319604188e+17 1.7071908909426858e+17 1.6457034868609114e+17 1.57937609331375e+17 1.5068095077421504e+17 1.4260010858614157e+17 1.3814845547430552e+17 1.3333297946311016e+17 1.2804666930231562e+17 1.2458239689766843e+17 1.2211969231707987e+17 1.1814094426087493e+17 1.1525364877968835e+17 1.1045538853163542e+17 1.068401039881098e+17 1.0486676453281832e+17 1.0275588105799362e+17 1.0047885650351378e+17 9.799680058808702e+16 9.525425238893883e+16 8.86022739623535e+16 8.431075908326114e+16 7.86832464847612e+16
14175.001985873798 1.8323972412006992e+17 1.777561366302501e+17 1.7192892177500317e+17 1.6569039872379085e+17 1.589553948954363e+17 1.5159765650971366e+17 1.4340883949109448e+17 1.3889972549504258e+17 1.3402551276552896e+17 1.2867683360527802e+17 1.251731171959244e+17 1.2268283907938e+17 1.186603195062691e+17 1.1574150794623042e+17 1.1089096654687133e+17 1.0723611867637131e+17 1.0524099398902346e+17 1.0310653899083005e+17 1.0080380734054605e+17 9.829322138985998e+16 9.551844268226778e+16 8.878407020910109e+16 8.443623053842669e+16 7.874109946690878e+16
14225.001992878697 1.815596169817085e+17 1.7625523981824893e+17 1.7061653169721203e+17 1.6457458941651488e+17 1.5803793056821642e+17 1.5088344325639866e+17 1.4289996749681597e+17 1.3849398253904637e+17 1.3372177843132723e+17 1.2847404450627982e+17 1.2502903193001006e+17 1.2257717719821146e+17 1.1861024494509907e+17 1.1572676080707477e+17 1.1092581132571322e+17 1.0730026108596165e+17 1.0531822425397573e+17 1.0319556649367995e+17 1.009028325712679e+17 9.839995113239342e+16 9.56297652745117e+16 8.888949687571002e+16 8.45249243552618e+16 7.879919022256032e+16
14275.001999883498 1.762198709683048e+17 1.711513458957516e+17 1.6575425116839082e+17 1.59984037613386e+17 1.5375139623894486e+17 1.469314457542739e+17 1.3932999239311954e+17 1.3513502209813822e+17 1.305912551589495e+17 1.2559474021340565e+17 1.2231387035619571e+17 1.199784625172964e+17 1.1619841491667109e+17 1.134498918323264e+17 1.0887123837706294e+17 1.0541150074236323e+17 1.0351914412071909e+17 1.014916552144153e+17 9.9300784591701e+16 9.690780905892235e+16 9.425759921940448e+16 8.780045731411006e+16 8.360935950050274e+16 7.808253428305424e+16
14325.002006888399 1.8261027495058106e+17 1.7720601923483706e+17 1.7145743962191974e+17 1.6528819721806122e+17 1.5862209557947466e+17 1.5132605949940554e+17 1.4319380761580483e+17 1.3871027530507542e+17 1.3385963700523984e+17 1.28533136779873e+17 1.2504169013274963e+17 1.2255913317667693e+17 1.1854686130938832e+17 1.156338846840498e+17 1.107902634783404e+17 1.0713755073794104e+17 1.0514226717014768e+17 1.0300635796970085e+17 1.0070038137530358e+17 9.818392723551915e+16 9.539933481610936e+16 8.862225807013858e+16 8.422754198042517e+16 7.845044940582045e+16
14375.002013893198 1.8320130917720106e+17 1.7774080767238403e+17 1.719200483794689e+17 1.6567691725135606e+17 1.589252814838716e+17 1.5153246385669968e+17 1.432927609411534e+17 1.3874958588568664e+17 1.3383371221424954e+17 1.2843683870600091e+17 1.249002693681374e+17 1.2238607172128578e+17 1.183246531268355e+17 1.153774636549254e+17 1.1048066213091558e+17 1.0679185728355237e+17 1.0477858030048517e+17 1.0262521090243176e+17 1.0030245972528502e+17 9.77707148181657e+16 9.497322487435568e+16 8.818597085719933e+16 8.380133502792792e+16 7.804859831444144e+16
14425.002020898099 1.8052124243019386e+17 1.7533470456121642e+17 1.697961106094808e+17 1.638541477338471e+17 1.574091907875277e+17 1.5033565375517053e+17 1.4242465622783136e+17 1.3805033298830146e+17 1.3330772287215896e+17 1.2808591453423706e+17 1.246549966093618e+17 1.2221181304991032e+17 1.1825648932101227e+17 1.15379661346669e+17 1.1058592332049136e+17 1.0696240397526467e+17 1.0498001727502774e+17 1.0285553770065253e+17 1.0055912170977272e+17 9.804978736423334e+16 9.526905135648562e+16 8.848421876523755e+16 8.407174148156115e+16 7.826235157124978e+16
14475.002027902896 1.838523383162905e+17 1.7843918161071437e+17 1.7266282204734003e+17 1.664500239284069e+17 1.5971748179592112e+17 1.523346306886315e+17 1.4409119371162726e+17 1.3954041127461898e+17 1.3461271803464952e+17 1.2919771453864102e+17 1.2564639250608614e+17 1.2312019030579611e+17 1.1903722339749733e+17 1.1607214665423075e+17 1.1114117866619176e+17 1.0742220161005674e+17 1.053905018654823e+17 1.0321558772809789e+17 1.0086725277921152e+17 9.830435604288901e+16 9.546808031888571e+16 8.856392600626011e+16 8.408517720475242e+16 7.820256218731357e+16
14525.002034907797 1.815135478070864e+17 1.7627319378444854e+17 1.7067077452015856e+17 1.646515214890001e+17 1.5812197503778458e+17 1.5094545881457046e+17 1.4291349704656538e+17 1.3847147425532235e+17 1.3365447647523168e+17 1.2835177413915979e+17 1.2486889052697189e+17 1.2238916577456667e+17 1.1837634061928222e+17 1.1545894913963576e+17 1.106008379350176e+17 1.0693137990373458e+17 1.0492479646635982e+17 1.027751765759332e+17 1.0045238311017243e+17 9.791512839276837e+16 9.510440524181507e+16 8.824953392061224e+16 8.37932358532153e+16 7.793120220158093e+16
14570.002041212096 1.8141160127965578e+17 1.761690692653586e+17 1.705684284914799e+17 1.6454339682978003e+17 1.5801160116064218e+17 1.5083376485809523e+17 1.428068502308343e+17 1.3837012537640874e+17 1.3355914868496243e+17 1.2826576308293043e+17 1.2478903976768824e+17 1.223142153041058e+17 1.1830888511686587e+17 1.1539725133541531e+17 1.1054795947416934e+17 1.068843077264144e+17 1.0488061695241014e+17 1.0273364977415686e+17 1.0041313957372598e+17 9.78776005805952e+16 9.506763551840232e+16 8.820842126011755e+16 8.374293037420678e+16 7.78593064573637e+16
14620.002048216997 1.798327017707892e+17 1.744084727496117e+17 1.6861521125409274e+17 1.6238794875868883e+17 1.5564336194994138e+17 1.4825096498357875e+17 1.4001306562357402e+17 1.3547733701819256e+17 1.3057815963183469e+17 1.2521519951797178e+17 1.2171102783851133e+17 1.192261427289625e+17 1.1522390321631686e+17 1.1232961458747229e+17 1.0754078506962867e+17 1.0395014175983371e+17 1.0199649729674062e+17 9.991128941704426e+16 9.766693313780486e+16 9.522555536284917e+16 9.253276044824573e+16 8.600762231693035e+16 8.178027934589258e+16 7.61784982782262e+16
14675.002055922298 1.8044540606190992e+17 1.750762495580005e+17 1.693394833443014e+17 1.631706066001471e+17 1.5648147237520765e+17 1.4914517782437123e+17 1.4095866280946491e+17 1.3644498287094838e+17 1.3156497261442315e+17 1.2621260750235296e+17 1.2270981365002261e+17 1.2022237306045227e+17 1.1620896582233434e+17 1.1330092558542245e+17 1.0847653624967565e+17 1.0484775818610155e+17 1.0286889990568709e+17 1.007531113399736e+17 9.847148000814632e+16 9.598430759005611e+16 9.323467876044622e+16 8.654676712572504e+16 8.220128383692803e+16 7.64553536463216e+16
14725.002062927097 1.8023813290358538e+17 1.7502491562308416e+17 1.6945639252887027e+17 1.634557502729664e+17 1.5693676171482778e+17 1.4976546395821475e+17 1.4173669132965216e+17 1.3729306734270307e+17 1.3247465734639317e+17 1.2717345984506278e+17 1.2369302409081971e+17 1.212162434324736e+17 1.1721060717543947e+17 1.1430087588437666e+17 1.094601732923324e+17 1.0580826919884472e+17 1.0381287798856275e+17 1.0167632774653504e+17 9.936881770825322e+16 9.684930890071072e+16 9.405901152007354e+16 8.725211204415354e+16 8.281748781078802e+16 7.695666115797568e+16
14775.002069931998 1.8034124342803722e+17 1.7509459394000592e+17 1.694820586126834e+17 1.6343609063809398e+17 1.568683717923669e+17 1.4964475915785222e+17 1.4156173840475038e+17 1.3709288391326354e+17 1.322515224596777e+17 1.2692984558753754e+17 1.2343921806107645e+17 1.2095695866036691e+17 1.1694505110397218e+17 1.1403271881572422e+17 1.0919077295640021e+17 1.0553977392780101e+17 1.0354531619987338e+17 1.0140995265066938e+17 9.910367034028789e+16 9.658533412488736e+16 9.379577854960438e+16 8.698650365549246e+16 8.254637908444453e+16 7.667494167854603e+16
14825.002076936798 1.8188087080876973e+17 1.7664349029780006e+17 1.7103392461222432e+17 1.6498057947858038e+17 1.5839827599236202e+17 1.5114885513040874e+17 1.4301802101537314e+17 1.3851516463880331e+17 1.3363008635599909e+17 1.282493117773096e+17 1.2471452846302597e+17 1.2219729366130952e+17 1.1812397902040162e+17 1.1516257971353973e+17 1.1023121258871589e+17 1.065064719304276e+17 1.0446964009939792e+17 1.0228733015107206e+17 9.99287613969987e+16 9.73515913029142e+16 9.44951421637806e+16 8.751856463218346e+16 8.297058598222834e+16 7.697204784534291e+16
14875.002083941697 1.7463959718819395e+17 1.698945801719455e+17 1.6481392949441168e+17 1.5931999652336003e+17 1.533283579165391e+17 1.4670477308462547e+17 1.3924229767620958e+17 1.3509025637337005e+17 1.3056695641904261e+17 1.255643691727908e+17 1.2226568421940669e+17 1.1991022696778362e+17 1.1608738052144088e+17 1.132990802587059e+17 1.0863948449258421e+17 1.0510560792951462e+17 1.0316776243076224e+17 1.0108717055174382e+17 9.883323234455762e+16 9.636372613673795e+16 9.361799636840298e+16 8.686848707601899e+16 8.24299972627715e+16 7.651827989140485e+16
14925.002090946498 1.8409906082478762e+17 1.7880052921060794e+17 1.731124046872177e+17 1.669718573475337e+17 1.6028261372083853e+17 1.5290908829303014e+17 1.44630998594778e+17 1.4004565806375701e+17 1.3507056203888774e+17 1.2959305916317744e+17 1.2599531322985629e+17 1.2343378070088955e+17 1.1928940248613851e+17 1.1627656804965974e+17 1.1125910932658136e+17 1.0746808875796514e+17 1.053940484259205e+17 1.0317094689662352e+17 1.0076664807276712e+17 9.81370433319144e+16 9.521871587645739e+16 8.806842768566798e+16 8.338547834399693e+16 7.718517786909562e+16
14975.0020979514 1.8378134097612995e+17 1.7861218107610237e+17 1.7306344527085763e+17 1.6705898088097328e+17 1.6051607439018413e+17 1.532844472928706e+17 1.451457698504609e+17 1.4062852026473862e+17 1.3571605676900182e+17 1.3029475367958725e+17 1.267256311250806e+17 1.241809781158143e+17 1.2005571899628858e+17 1.1705138460497973e+17 1.1203668697735357e+17 1.0823819630282576e+17 1.0615649224257582e+17 1.0392228594333694e+17 1.0150254810585602e+17 9.885190947333144e+16 9.590488614259066e+16 8.865920059934046e+16 8.389388955062544e+16 7.756877378930016e+16
15025.002104956196 1.681944089453123e+17 1.638167686704549e+17 1.5912176481368227e+17 1.5405760628967808e+17 1.485360331135266e+17 1.4243022484357861e+17 1.3554255731318683e+17 1.3170566131884968e+17 1.2752021066503954e+17 1.2288258173325774e+17 1.1981643424299498e+17 1.1762411803863022e+17 1.1405753909612733e+17 1.1144958217979296e+17 1.070757094454549e+17 1.0374396216154213e+17 1.0191078207745027e+17 9.993719532826752e+16 9.77924947091641e+16 9.543407224095085e+16 9.280028551504451e+16 8.626719993679955e+16 8.191751249008598e+16 7.604913837607264e+16
15075.002111961097 1.7704117260813782e+17 1.722475505859018e+17 1.6708546979802346e+17 1.615042251046053e+17 1.5540656461212173e+17 1.4865330985804093e+17 1.4103031309948304e+17 1.3678328815658144e+17 1.3215310896868851e+17 1.2702805083213942e+17 1.2364496240295366e+17 1.2122833163729357e+17 1.1730391519111781e+17 1.1443972310311138e+17 1.0964964248452589e+17 1.0601393187820934e+17 1.0401922351841787e+17 1.0187666830273541e+17 9.955453954118251e+16 9.70090862429505e+16 9.417704909430496e+16 8.720447079884939e+16 8.260588321258893e+16 7.645921448947976e+16
15125.002118965896 1.833881219649881e+17 1.7817958621916115e+17 1.725803501101012e+17 1.6652660262100573e+17 1.599152436022108e+17 1.5260569641789494e+17 1.4438270597080886e+17 1.3981883838979222e+17 1.3486094778407885e+17 1.2939624776213462e+17 1.2580292588578675e+17 1.2324374439107037e+17 1.1909929027278922e+17 1.1608474549840134e+17 1.1106082958702445e+17 1.0726207760517016e+17 1.0518274273483429e+17 1.0295293942542186e+17 1.0054017513485749e+17 9.789966078105621e+16 9.496651429013051e+16 8.776156574634491e+16 8.301882433878069e+16 7.668839877094402e+16
15175.002125970797 1.8356522827667194e+17 1.783710144745292e+17 1.7279003333711616e+17 1.6673493060468906e+17 1.6012173165498787e+17 1.5280223851909888e+17 1.4456091802359984e+17 1.3998578987476989e+17 1.3501366097853683e+17 1.2953234105858672e+17 1.2592949177740472e+17 1.2336303763276811e+17 1.1920887005818174e+17 1.161878921510833e+17 1.1115596091208523e+17 1.0735309022624973e+17 1.0527205362015141e+17 1.0304088740345933e+17 1.0062706010284021e+17 9.798541375505085e+16 9.505064031704456e+16 8.783574547737434e+16 8.307822778882082e+16 7.671579888803082e+16
15225.002132975598 1.839376803146055e+17 1.7889533499950547e+17 1.734746597560075e+17 1.6758357811230746e+17 1.6113731731444646e+17 1.5397818965471037e+17 1.458874117393873e+17 1.413789318610398e+17 1.364642818282453e+17 1.3102759310017704e+17 1.2744215723780293e+17 1.2488253630782032e+17 1.2072887461358003e+17 1.1770006526344187e+17 1.1263850101444406e+17 1.087996014567881e+17 1.0669369313635235e+17 1.0443189896024032e+17 1.0198006955364288e+17 9.929096266166882e+16 9.629602629666674e+16 8.88979744826086e+16 8.399004279738992e+16 7.73915530242259e+16
15275.002139980497 1.832495294700347e+17 1.7812968601402733e+17 1.726050486062044e+17 1.6660722205820938e+17 1.6004281315098835e+17 1.5276095689328963e+17 1.4454596797668317e+17 1.3997979608537163e+17 1.3501326184669138e+17 1.2953524220316318e+17 1.259326066120425e+17 1.2336638425261904e+17 1.1921094068960254e+17 1.1618843617995947e+17 1.1115173114960406e+17 1.0734292767996126e+17 1.0525748609635915e+17 1.0302050252970363e+17 1.0059855857971395e+17 9.794565444221853e+16 9.499465254308182e+16 8.771674898651658e+16 8.289353521788421e+16 7.640543837211944e+16
15325.002146985298 1.8487975132275018e+17 1.7982379489130688e+17 1.7435284949646742e+17 1.6840337734314963e+17 1.6187678211004538e+17 1.5462835447622253e+17 1.4641790151452035e+17 1.4183932149458832e+17 1.3684835876727557e+17 1.31327569439882e+17 1.2768767619140562e+17 1.2509004695462229e+17 1.208761204025141e+17 1.1780497070200128e+17 1.1267642096017984e+17 1.0879002437885843e+17 1.066592746809087e+17 1.0437150834314507e+17 1.0189240991014995e+17 9.917415529160414e+16 9.614735665201638e+16 8.866955242913571e+16 8.370470528495214e+16 7.701824684642038e+16
15375.002153990095 1.841222398764236e+17 1.789758338955616e+17 1.734160334834149e+17 1.6736210746630653e+17 1.6071109687067898e+17 1.5330771414798432e+17 1.4491679953861264e+17 1.4023937763013515e+17 1.3514163516476754e+17 1.2950972467452528e+17 1.2580322573289192e+17 1.2316262091957366e+17 1.1888895332609736e+17 1.1578359123402962e+17 1.1061954171115206e+17 1.0672707708246405e+17 1.0460187653704285e+17 1.0232752966799758e+17 9.987231923039445e+16 9.719204884562917e+16 9.422264549066709e+16 8.695607703110387e+16 8.218145964637202e+16 7.57827712813242e+16
15425.002160994996 1.8337673443853398e+17 1.781922955406802e+17 1.725821356514646e+17 1.6648685703130176e+17 1.5980037356024528e+17 1.5236625816792054e+17 1.4396400587747107e+17 1.3929026564921382e+17 1.3420653221843582e+17 1.286023042301947e+17 1.2492108605593275e+17 1.223011229022433e+17 1.180655849444979e+17 1.1499116292414693e+17 1.0988246061233077e+17 1.0603354113671069e+17 1.0393215977439882e+17 1.0168306791685634e+17 9.925434888564603e+16 9.660156462069408e+16 9.366012338746794e+16 8.644521009048571e+16 8.168649231687558e+16 7.52799735258458e+16
15475.002167999797 1.873810635425731e+17 1.822968256625824e+17 1.768055595785041e+17 1.708124816651239e+17 1.6421342625226963e+17 1.5684806766348246e+17 1.4847683665167062e+17 1.4379771017918266e+17 1.3868622664713408e+17 1.3302302351696022e+17 1.2928435037712216e+17 1.2661455455054277e+17 1.2228213531706928e+17 1.1912384208478376e+17 1.1384853806569678e+17 1.0985072533963349e+17 1.0765913150999509e+17 1.0530631581459211e+17 1.0275694592063429e+17 9.996207942051867e+16 9.684997617276382e+16 8.915690751810797e+16 8.40388384368642e+16 7.711973608378003e+16
15525.002175004696 1.83901733261252e+17 1.7889665558885866e+17 1.7349039508882496e+17 1.6758727363567242e+17 1.6109139672378666e+17 1.5385254354873824e+17 1.4564001858494426e+17 1.4105154473109602e+17 1.3604276932172442e+17 1.3049830718150269e+17 1.2684212013585555e+17 1.2423325198788371e+17 1.2000352945400843e+17 1.1692261462822365e+17 1.1178330715315248e+17 1.078936733927033e+17 1.0576336446846242e+17 1.0347793176207432e+17 1.0100311497760773e+17 9.8291766644586e+16 9.527452022489797e+16 8.782001304805226e+16 8.28566062244749e+16 7.611959302484304e+16
15575.002182009497 1.8462872170816013e+17 1.796487964358153e+17 1.7426582036394896e+17 1.683889857105378e+17 1.6190871101589555e+17 1.546740770246803e+17 1.464473668698109e+17 1.4184373055374389e+17 1.3681193352111406e+17 1.3123410155248962e+17 1.2755096392766562e+17 1.2491968631406125e+17 1.2064763052632955e+17 1.175318945835296e+17 1.1232519399658277e+17 1.083771752724675e+17 1.0621205901656362e+17 1.0388687943463998e+17 1.0136668396847674e+17 9.860268736733246e+16 9.552353865677037e+16 8.79032086329966e+16 8.282423441114026e+16 7.593843229227374e+16
15625.002189014396 1.8688009355839226e+17 1.8192673048912698e+17 1.7655590937981837e+17 1.706789603626006e+17 1.642008708176975e+17 1.5695118361716605e+17 1.4868247566522272e+17 1.4404908601752192e+17 1.3897958720299026e+17 1.333498704151228e+17 1.2962832497350824e+17 1.2696802785389614e+17 1.2264507861401896e+17 1.1948834889970288e+17 1.1420664193778445e+17 1.1019509605932451e+17 1.0799231443449622e+17 1.0562427482061315e+17 1.0305447611631602e+17 1.0023188981341306e+17 9.708177295219907e+16 8.92559746229201e+16 8.401244799120626e+16 7.686591110430653e+16
15675.002196019197 1.8498572023797034e+17 1.8016368925758413e+17 1.7493761854786547e+17 1.692270792387218e+17 1.6293478469941546e+17 1.558859120991261e+17 1.478445345321144e+17 1.4332998740873086e+17 1.3838570478400325e+17 1.3288836924427587e+17 1.2924777648597035e+17 1.2664148668927562e+17 1.2240046813764029e+17 1.192984782909231e+17 1.1409781793853656e+17 1.1013872445972824e+17 1.079615187297696e+17 1.05618245696341e+17 1.0307212659641726e+17 1.0027177492020477e+17 9.714163710296669e+16 8.934313143493211e+16 8.409957764332114e+16 7.693184206006992e+16
15725.002203024098 1.8258748937897216e+17 1.7781920723612118e+17 1.7264742640802925e+17 1.669916565157417e+17 1.6075458704449984e+17 1.537804989851731e+17 1.4582869421636086e+17 1.413742792874275e+17 1.3649881967212512e+17 1.3109027619067352e+17 1.2751391260356533e+17 1.249575579860425e+17 1.2080299195113192e+17 1.1776954470896787e+17 1.126923394958767e+17 1.0883379814398722e+17 1.0671394680291587e+17 1.0443390818878045e+17 1.0195795590812013e+17 9.923586813038949e+16 9.619405975270371e+16 8.860918256671574e+16 8.349093748283147e+16 7.643552986205867e+16
15775.002210028897 1.735503228989321e+17 1.6931907584778944e+17 1.6471678814070797e+17 1.5970567144684522e+17 1.5416326706195968e+17 1.4796224628876397e+17 1.4086131126248528e+17 1.3686445483101206e+17 1.3247405933431211e+17 1.2757275665688778e+17 1.2431616586002654e+17 1.2197802066821288e+17 1.1816105649339818e+17 1.1535914817817882e+17 1.106423566962703e+17 1.070333985295177e+17 1.0504151401436269e+17 1.0289165804748027e+17 1.0054854156875229e+17 9.796198675731594e+16 9.505837816539955e+16 8.775937784812338e+16 8.278942128616376e+16 7.588300084436314e+16
15825.002217033798 1.8430930835275187e+17 1.7966735916927987e+17 1.7460507332283568e+17 1.6908412939807334e+17 1.629644221453062e+17 1.5609104424545053e+17 1.482148651795168e+17 1.4377380994375725e+17 1.3889214603239072e+17 1.3344718161808464e+17 1.2982853777852358e+17 1.272326942434017e+17 1.229976161309845e+17 1.1989146673330136e+17 1.1466925529197394e+17 1.1068153221827294e+17 1.0848419885909738e+17 1.0611602890329486e+17 1.0353914372073381e+17 1.0070064535907208e+17 9.752273520064182e+16 8.957984171326827e+16 8.42139723965327e+16 7.682753880406102e+16
15875.002224038599 1.797775985769394e+17 1.7532637168435443e+17 1.7049704284944387e+17 1.6521146412716634e+17 1.5936124177556506e+17 1.5278620396269744e+17 1.452542354759816e+17 1.410076251867259e+17 1.363421707097867e+17 1.3113767068467517e+17 1.2767823569259093e+17 1.2519636210058478e+17 1.2114777537117552e+17 1.1817827674986059e+17 1.1318368856877274e+17 1.0936722291335566e+17 1.072625873817945e+17 1.0499263034817373e+17 1.0252034437178618e+17 9.979354168324485e+16 9.673552129960354e+16 8.905855468925482e+16 8.38329941124208e+16 7.656170332113352e+16
15925.002231043496 1.8470779799008074e+17 1.8009263421518064e+17 1.750654712130099e+17 1.6956900548893488e+17 1.634709832801591e+17 1.5662701804319e+17 1.4877573002529267e+17 1.4435118748511104e+17 1.3949188141806432e+17 1.3406996434531099e+17 1.3046976958610509e+17 1.2788786595004822e+17 1.236765415644591e+17 1.2058940633451757e+17 1.1539926545302114e+17 1.1143442451572368e+17 1.0924875037610723e+17 1.0689174556984198e+17 1.0432495454199355e+17 1.0149416092750306e+17 9.831935773572845e+16 9.034552503776347e+16 8.491128763389954e+16 7.733803239659704e+16
15975.002238048297 1.855057251169916e+17 1.8096370349551434e+17 1.7604870494650595e+17 1.7062267324795213e+17 1.645778375395411e+17 1.5778565217067683e+17 1.4997140296284768e+17 1.4554869604749475e+17 1.406822162710351e+17 1.35235200917954e+17 1.3160967936474923e+17 1.2900423972706264e+17 1.247470223823316e+17 1.21619308178857e+17 1.1634838035800298e+17 1.1231253936678872e+17 1.1008423401165506e+17 1.0767880481858422e+17 1.0505657278475112e+17 1.0216160092512582e+17 9.891129328889587e+16 9.073665694610939e+16 8.516124088105238e+16 7.739548772582565e+16
16050.002248555596 1.8520643883895722e+17 1.8062326097337152e+17 1.755953617647175e+17 1.7011301073931366e+17 1.6398640192469526e+17 1.5712077020945702e+17 1.4920460506010144e+17 1.447411410915754e+17 1.3983046560990875e+17 1.3434514660119816e+17 1.3070055836061978e+17 1.2808775678383589e+17 1.2382526609248283e+17 1.2070274948568653e+17 1.1545248544187146e+17 1.1144559534838592e+17 1.0923736095018046e+17 1.0685689107230738e+17 1.0426605802929802e+17 1.0140971439386032e+17 9.820745837537389e+16 9.016421783644794e+16 8.467213416804483e+16 7.697696614303486e+16
16150.002262565296 1.8261538688046205e+17 1.7823071557038413e+17 1.734043462215336e+17 1.6810440112366486e+17 1.622444766499558e+17 1.5563259204757133e+17 1.480339626116462e+17 1.4373539782128662e+17 1.3900399276674056e+17 1.3371950738590178e+17 1.3020200761907061e+17 1.2767737499316605e+17 1.235576809419226e+17 1.2053240551915342e+17 1.1543989935325822e+17 1.1154475906077712e+17 1.093953028903023e+17 1.0707510562950272e+17 1.0454599085159904e+17 1.0175308279128373e+17 9.861531383081872e+16 9.069600759338955e+16 8.524660365122194e+16 7.752524200316632e+16
16250.002276574898 1.8250499635884544e+17 1.7807848668742058e+17 1.73214764929424e+17 1.6787131129175587e+17 1.6188277224838922e+17 1.5517291735931866e+17 1.473997848612907e+17 1.4300899655351246e+17 1.3817843242677954e+17 1.3277391084032773e+17 1.2917638147073192e+17 1.2659557176431416e+17 1.223832097653255e+17 1.1929600013150091e+17 1.141063118564085e+17 1.1014584652715334e+17 1.0796490373377288e+17 1.0561641475952122e+17 1.0306224578240029e+17 1.0024939683472504e+17 9.709957370297704e+16 8.920522139915973e+16 8.381916592535683e+16 7.62376246189789e+16
16350.002290584598 1.8273238721079014e+17 1.7842522344930854e+17 1.7375685986896224e+17 1.6857404945382653e+17 1.6278854284995888e+17 1.5623070681806666e+17 1.4866489224430698e+17 1.4436445728363818e+17 1.3962380107937979e+17 1.34312245688557e+17 1.3076928858265301e+17 1.2822902582315019e+17 1.2407073723470637e+17 1.2101488124109075e+17 1.1586728961990779e+17 1.1192910336177971e+17 1.0975599410410581e+17 1.0741004040280614e+17 1.0485298528766414e+17 1.0203062252200896e+17 9.886024056019618e+16 9.08621298115927e+16 8.53518520403831e+16 7.749485080279658e+16
16450.002304594298 1.8117712849238736e+17 1.7698696887405274e+17 1.724133573206363e+17 1.6727940836566173e+17 1.6147038925287565e+17 1.5503722749241725e+17 1.4758396008927152e+17 1.4336429352027528e+17 1.3869770427359365e+17 1.3345375798312173e+17 1.299667812026177e+17 1.2745119792192125e+17 1.2335221168351819e+17 1.2033545853556752e+17 1.1525375653482771e+17 1.113651477446635e+17 1.0921755350631541e+17 1.0689904258424632e+17 1.0437011720026998e+17 1.0157705716359078e+17 9.843680469510752e+16 9.049568988794698e+16 8.50045380233789e+16 7.71374998710227e+16
16550.002318603998 1.8123396520774986e+17 1.7712762495382368e+17 1.72432777932213e+17 1.674525478995853e+17 1.6187426456969715e+17 1.5548892289107763e+17 1.481361780665505e+17 1.4396959542276821e+17 1.3936668235030134e+17 1.3421254908131504e+17 1.3077129791963418e+17 1.2829723879860586e+17 1.2425920296781376e+17 1.2128791347511616e+17 1.1628012367407954e+17 1.1243988627058733e+17 1.103186435106047e+17 1.080254979134605e+17 1.0552226136378085e+17 1.0275349467218582e+17 9.963549655646445e+16 9.171957400584898e+16 8.620850946931978e+16 7.822757963867626e+16
16650.002332613698 1.7829524247595354e+17 1.7415242641454458e+17 1.6964570180688077e+17 1.646861076889674e+17 1.5912764763382582e+17 1.5285371599505232e+17 1.4559466473688253e+17 1.4146471405521314e+17 1.3691975899567176e+17 1.3182661666884778e+17 1.2843861680249816e+17 1.259981056952997e+17 1.2201695642356107e+17 1.190889780440174e+17 1.1416007945262538e+17 1.103843475873268e+17 1.0829758695988851e+17 1.0604488691686862e+17 1.0358647590027493e+17 1.0086913887942027e+17 9.78113688740394e+16 9.006148518229022e+16 8.467937943425309e+16 7.691310395144755e+16
16750.002346623398 1.719235691071096e+17 1.6816332038125635e+17 1.6375016758417315e+17 1.5897687767671286e+17 1.535945155173491e+17 1.476481161805268e+17 1.4079561711794008e+17 1.3688817384982176e+17 1.326088169770856e+17 1.2783149152242272e+17 1.2463980627974526e+17 1.2235061145986474e+17 1.1860332367994432e+17 1.1585675901434413e+17 1.1123633796585899e+17 1.0770232477465446e+17 1.0575150223306589e+17 1.036448996306377e+17 1.0134793428371587e+17 9.881158566980454e+16 9.595794628348722e+16 8.872228656433112e+16 8.368257153386723e+16 7.63522297995206e+16
16850.002360633098 1.7306466308037488e+17 1.6925789362131738e+17 1.6497293795473075e+17 1.6014814744057907e+17 1.549390532284966e+17 1.4897059684292557e+17 1.4201511595509515e+17 1.3808759703899712e+17 1.3376260243774026e+17 1.288863810076087e+17 1.2563684773956125e+17 1.2330008033204902e+17 1.1948979835687264e+17 1.1668992586192682e+17 1.119696452059868e+17 1.0835082251140093e+17 1.0635051626628302e+17 1.0419159555156848e+17 1.0183469427381011e+17 9.922822558851165e+16 9.629515870778814e+16 8.885019795258677e+16 8.366593740403328e+16 7.614621938343003e+16
16950.002374642798 1.7265692123099856e+17 1.68738720951579e+17 1.642709517920837e+17 1.5960077878271408e+17 1.5433407667904278e+17 1.4828532679744512e+17 1.4134900963362698e+17 1.3741171404024573e+17 1.3307891238171586e+17 1.2822537054457544e+17 1.2499274702110498e+17 1.226692270133918e+17 1.1887182908095446e+17 1.1608164762308894e+17 1.1137930805335894e+17 1.0777375629007419e+17 1.0578118229542114e+17 1.0363158167075178e+17 1.0128373151843814e+17 9.868817892274235e+16 9.576657395898576e+16 8.835325974743758e+16 8.319312214021174e+16 7.571615107242373e+16
17050.002388652498 1.6840852316479014e+17 1.645203719980734e+17 1.6035182105432413e+17 1.5573928563774915e+17 1.5058424525310378e+17 1.4486229102117754e+17 1.3820115597734269e+17 1.3441760244779963e+17 1.3024279020889064e+17 1.2556597686936066e+17 1.2245049674103333e+17 1.2019890964315046e+17 1.1652628716874202e+17 1.1382020943878496e+17 1.0926306819170958e+17 1.0576640772254413e+17 1.0383172913130256e+17 1.0174145574398238e+17 9.946032109236347e+16 9.693499347415627e+16 9.409098336416773e+16 8.6864423777461e+16 8.183181547606472e+16 7.455300153257656e+16
17150.002402662198 1.6302878406842752e+17 1.593255241122779e+17 1.553223867196913e+17 1.5085036971376598e+17 1.4592226703717978e+17 1.4036426255666619e+17 1.3392635479520866e+17 1.3027248094387435e+17 1.2623769664299712e+17 1.217082510214596e+17 1.1868410356643733e+17 1.1650799982930291e+17 1.1295229139432835e+17 1.1033547675905614e+17 1.059121252096784e+17 1.0251800409975013e+17 1.0064126687706877e+17 9.861203386157118e+16 9.639604718965107e+16 9.39447143525176e+16 9.118526010122203e+16 8.419266319891701e+16 7.935159199431797e+16 7.242578245644282e+16
17250.002416671898 1.63288372363883e+17 1.5955214247197437e+17 1.5556811835982266e+17 1.511152565498614e+17 1.4620196259090765e+17 1.4059610807718544e+17 1.3410546184973738e+17 1.3043434340155883e+17 1.2635332563771955e+17 1.217852017609517e+17 1.1873215544530808e+17 1.1653038912468525e+17 1.129357804517692e+17 1.1028990909809282e+17 1.058208702153098e+17 1.0238901972426862e+17 1.0049092050328355e+17 9.843923499579493e+16 9.619953297722592e+16 9.372143632555083e+16 9.093248823819168e+16 8.386978647972538e+16 7.899041148995419e+16 7.204434526583308e+16
17350.002430681598 1.6067769922466445e+17 1.5705086363364944e+17 1.531440828370938e+17 1.4878334385341773e+17 1.438986310590152e+17 1.3838662211340853e+17 1.319827899929295e+17 1.2834239922554653e+17 1.2431307791955718e+17 1.1979053122394907e+17 1.1676743463288982e+17 1.1459296471054038e+17 1.1102809377777922e+17 1.0840721112468294e+17 1.0398094931565614e+17 1.005843440445962e+17 9.87071002694358e+16 9.667820464857557e+16 9.446367375455766e+16 9.201510793679099e+16 8.926157507365278e+16 8.230219081464624e+16 7.75111332062256e+16 7.073221218932455e+16
17450.002444691298 1.5916759983655808e+17 1.5559745853184045e+17 1.5170066944366483e+17 1.4743271808228646e+17 1.4265352473277402e+17 1.3724066020985133e+17 1.309679940021132e+17 1.2741174090110202e+17 1.2347893010764011e+17 1.1905570323419158e+17 1.1609704628156517e+17 1.139623205976654e+17 1.1046663764002176e+17 1.0788851700395632e+17 1.0352808968781768e+17 1.0017344850031942e+17 9.831408276610002e+16 9.630181575305275e+16 9.410192907041512e+16 9.166526519604592e+16 8.891870554790194e+16 8.195506293150395e+16 7.715205856296896e+16 7.037606663708978e+16
17550.0024587009 1.5724601882815658e+17 1.5366182279919178e+17 1.497166148709654e+17 1.4537592645129066e+17 1.4052902005783014e+17 1.3506173301673307e+17 1.2872661673148954e+17 1.251340571597049e+17 1.2115695367115946e+17 1.1669174902735187e+17 1.137096338875495e+17 1.1156153262706102e+17 1.0804393182302696e+17 1.0545352475143541e+17 1.010766003242871e+17 9.771595645717213e+16 9.585631588116802e+16 9.384710146239355e+16 9.16533184105351e+16 8.922846397253917e+16 8.650260745330173e+16 7.96381571683507e+16 7.49592919076091e+16 6.847388932586202e+16
17650.0024727106 1.554221803368292e+17 1.518863688830994e+17 1.4804865997649626e+17 1.4381412890452045e+17 1.390577025381208e+17 1.336913862029002e+17 1.274528786833429e+17 1.2391180566492355e+17 1.1998888592377555e+17 1.1557914891691027e+17 1.1262566546822435e+17 1.104978901573288e+17 1.0700832353129099e+17 1.044355013112908e+17 1.000829422824381e+17 9.67356430963501e+16 9.488213946709325e+16 9.287827481823432e+16 9.068949217506347e+16 8.826903729496182e+16 8.554808100234968e+16 7.87043572411624e+16 7.405946402891731e+16 6.767487677916465e+16
17750.002486720296 1.5292579126573766e+17 1.4946291185306506e+17 1.456783470242177e+17 1.4152695821702234e+17 1.368708509759455e+17 1.3161093234053725e+17 1.2550708367681213e+17 1.220393584993348e+17 1.1819538709951003e+17 1.1386723935821462e+17 1.1096907461009563e+17 1.088785609264471e+17 1.05446148183794e+17 1.0291116315333243e+17 9.861332749798144e+16 9.530144943353352e+16 9.346516137939525e+16 9.147756073243498e+16 8.930468556703893e+16 8.689967415883194e+16 8.419481855474344e+16 7.739736729004211e+16 7.280739066568618e+16 6.657442705954424e+16
17850.002500729996 1.511433379851249e+17 1.4769685072102502e+17 1.439127843493692e+17 1.397547704751335e+17 1.351048177130309e+17 1.298326975912366e+17 1.2371809127266851e+17 1.2023775423039971e+17 1.1638160060923339e+17 1.1204529647861949e+17 1.0914161861884293e+17 1.0704753203237107e+17 1.036108711618312e+17 1.010759906456399e+17 9.67850342071897e+16 9.348503694472299e+16 9.165884587903358e+16 8.968480988177568e+16 8.75308019209695e+16 8.515232603558371e+16 8.248511075633565e+16 7.582719571546693e+16 7.1375527092518664e+16 6.5391898254675464e+16
17950.002514739695 1.4996192920989738e+17 1.4657417271306973e+17 1.4289994782885714e+17 1.3883919760729648e+17 1.3429420138079213e+17 1.2914257092984466e+17 1.2316155034961582e+17 1.1975165807136797e+17 1.159676244056533e+17 1.1170093058471614e+17 1.0883780148162474e+17 1.0676924043211918e+17 1.0336768942018907e+17 1.008518295642903e+17 9.658174828467517e+16 9.328717463678757e+16 9.146017493965214e+16 8.948241211570483e+16 8.732144149646422e+16 8.493244787930029e+16 8.225039883247483e+16 7.555138087251558e+16 7.107946079245158e+16 6.509715198851454e+16
18050.0025287494 1.4594442657739853e+17 1.4260155457721899e+17 1.3894241856461397e+17 1.3490565579685312e+17 1.3040392255105904e+17 1.2530184779904043e+17 1.1939047523952699e+17 1.1603279385097373e+17 1.1231275454628266e+17 1.0812814244120592e+17 1.05326974000216e+17 1.0330663350361134e+17 9.999387361728414e+16 9.754999264263227e+16 9.341385803921866e+16 9.023441305863294e+16 8.84754846128007e+16 8.657499159161053e+16 8.450263442746493e+16 8.22162124307102e+16 7.96555257915925e+16 7.328835998970755e+16 6.9063248153721896e+16 6.344946806605474e+16
18150.002542759095 1.4535320542465066e+17 1.4209862373415072e+17 1.3853719971354072e+17 1.3461186648257882e+17 1.3020268500257534e+17 1.2519349924449598e+17 1.1935557852066326e+17 1.1602652618445162e+17 1.1233010122243014e+17 1.0815916758616749e+17 1.0535953045204605e+17 1.033372581029655e+17 1.0001377200713642e+17 9.755653064099874e+16 9.338899439725238e+16 9.017709408235091e+16 8.839766811776315e+16 8.647323382826074e+16 8.437291196659102e+16 8.205416646196872e+16 7.945618357019989e+16 7.300127483015256e+16 6.8733617856496744e+16 6.310473447648625e+16
18250.002556768795 1.4192499295237958e+17 1.3869971732798157e+17 1.3517041633833862e+17 1.312784692304634e+17 1.2693287366961214e+17 1.2199836492391402e+17 1.1627659279163848e+17 1.1301830921064704e+17 1.0940486320083659e+17 1.0533661001946747e+17 1.026121601442402e+17 1.0064601415043272e+17 9.742024900094384e+16 9.504070015957166e+16 9.101456703565906e+16 8.792132181396194e+16 8.62115285780568e+16 8.436560823563066e+16 8.23546758655805e+16 8.013891935887462e+16 7.766189882308376e+16 7.152850884385245e+16 6.748263859447176e+16 6.213513675924976e+16
18350.002570778495 1.4080246399011666e+17 1.3766236229124458e+17 1.3422780141797634e+17 1.3045822038652922e+17 1.2624117378825734e+17 1.214589022167032e+17 1.1591405495620507e+17 1.1275569817909371e+17 1.0925064711482064e+17 1.0529476409813552e+17 1.0263962257963846e+17 1.0072117340015142e+17 9.756448877920837e+16 9.522866482438768e+16 9.126039740659e+16 8.819669275053962e+16 8.649687305342072e+16 8.465661820823363e+16 8.26454770016448e+16 8.04220028248014e+16 7.792662563720805e+16 7.170614009325377e+16 6.757746406851734e+16 6.21186729094328e+16
18450.002584788195 1.3543066496668834e+17 1.3240052862531824e+17 1.2909452037283686e+17 1.2544968314557952e+17 1.2139465255091934e+17 1.1679774066408885e+17 1.1146960935289637e+17 1.0843436022374661e+17 1.0507045107428016e+17 1.0127659956837949e+17 9.873119068932746e+16 9.6893232699468e+16 9.387241279195589e+16 9.163891108489146e+16 8.78505417913525e+16 8.493221164126078e+16 8.331609661147496e+16 8.156889169766366e+16 7.966322332412824e+16 7.756116337754533e+16 7.52091076538298e+16 6.9387599997948824e+16 6.556635000435788e+16 6.057516766934432e+16
18550.0025987979 1.363981157535912e+17 1.332991491597887e+17 1.2992597185620802e+17 1.2619326091967301e+17 1.2202459149038981e+17 1.1729842709708656e+17 1.1180705381684304e+17 1.0867457554746198e+17 1.0519619318534856e+17 1.0127223705715102e+17 9.863882476088869e+16 9.673533347500267e+16 9.360735101554192e+16 9.12954680137117e+16 8.737639581576946e+16 8.436079662903293e+16 8.269298249537994e+16 8.089245176491709e+16 7.893207303510642e+16 7.677520518313285e+16 7.437040446055405e+16 6.847307052048671e+16 6.465931526694757e+16 5.975851593232049e+16
18650.002612807595 1.3431568629657546e+17 1.3134162907770736e+17 1.2810188513321714e+17 1.2451262551536678e+17 1.2052100155257424e+17 1.1598790935840032e+17 1.1072780604456834e+17 1.0772278328309504e+17 1.0438680813369062e+17 1.0061464073638216e+17 9.807829551504523e+16 9.624283511686371e+16 9.321924646445342e+16 9.097867021745267e+16 8.716703845456878e+16 8.422046312159338e+16 8.258494647788085e+16 8.08141492322827e+16 7.88796321457137e+16 7.674275899769122e+16 7.434906270620486e+16 6.8424969167691784e+16 6.455598374946772e+16 5.95707119221931e+16
18750.002626817197 1.3185226315688728e+17 1.2905337638900446e+17 1.2596326813637206e+17 1.2253576069694045e+17 1.186795367776503e+17 1.14279472426786e+17 1.0913209311994688e+17 1.0617971333187565e+17 1.0288943802069117e+17 9.916154621954784e+16 9.665045471574989e+16 9.483240940778282e+16 9.183610394168872e+16 8.961598017184293e+16 8.58420048009473e+16 8.292921847702114e+16 8.13148642988672e+16 7.956935422165134e+16 7.766559673150432e+16 7.556692068820786e+16 7.322162964183258e+16 6.744538674345521e+16 6.3692971555607704e+16 5.886821060013219e+16
18850.002640826897 1.3120339442602638e+17 1.2832162834344557e+17 1.2517025487073477e+17 1.2168936739807563e+17 1.1780949708286581e+17 1.1341570122950208e+17 1.083165143317516e+17 1.0540865367070536e+17 1.0218563434298115e+17 9.854933954806696e+16 9.610936329856878e+16 9.434568138962283e+16 9.144615827388525e+16 8.930190317544098e+16 8.566149814933509e+16 8.285380493796451e+16 8.129714116658802e+16 7.961270787142429e+16 7.7773237720419e+16 7.574083497401622e+16 7.346177370285534e+16 6.7790944395699064e+16 6.403849961200226e+16 5.909895407752256e+16
18950.002654836597 1.2685134118737483e+17 1.2411811503275904e+17 1.2114494719556525e+17 1.1788064239859728e+17 1.1424198769755277e+17 1.1012385613847061e+17 1.0534872847509058e+17 1.0262659997581677e+17 9.960675234832968e+16 9.619495942909478e+16 9.390152456651914e+16 9.224217743296811e+16 8.950866784388459e+16 8.748215790808067e+16 8.403195812524762e+16 8.136105084042717e+16 7.987631066366352e+16 7.82664980914395e+16 7.65043613464184e+16 7.455274002643654e+16 7.235830296956906e+16 6.687424290556668e+16 6.3233387110134104e+16 5.8445073480481784e+16
19050.002668846297 1.2829076633757096e+17 1.2546432460868614e+17 1.2238949132310069e+17 1.1901043060533533e+17 1.1522947956120229e+17 1.1094548417655046e+17 1.0598155476957029e+17 1.0315483695756667e+17 1.0002031576880608e+17 9.648609337112458e+16 9.411525402638216e+16 9.240298152253456e+16 8.958774041025736e+16 8.750677634382286e+16 8.397535324785373e+16 8.125274661116394e+16 7.974378204633704e+16 7.81111089717893e+16 7.632822097608864e+16 7.435841062447483e+16 7.214914590523061e+16 6.664720028704108e+16 6.299924701778316e+16 5.818472808836535e+16
19150.002682855997 1.2655881350164594e+17 1.2381993376813194e+17 1.208295933030568e+17 1.1753898625442782e+17 1.1386490136067629e+17 1.0970743807098736e+17 1.048847090052471e+17 1.0213824199204464e+17 9.908968003071026e+16 9.565070842109587e+16 9.334003399556853e+16 9.167024438101899e+16 8.892245716244936e+16 8.688844834011371e+16 8.343112196293016e+16 8.076010194995318e+16 7.927749116804235e+16 7.7671323894736e+16 7.591494067936085e+16 7.397108985289283e+16 7.178664088547004e+16 6.632407622608161e+16 6.268307911251426e+16 5.785752425778002e+16
19250.002696865697 1.2550592980795963e+17 1.2281296925553838e+17 1.1989512192539526e+17 1.1665621135858006e+17 1.130503361104682e+17 1.0897019285181558e+17 1.0423582666333133e+17 1.0153797617201627e+17 9.853931112910573e+16 9.515572595521923e+16 9.288144421489243e+16 9.123613248563296e+16 8.852618882449485e+16 8.651760723766648e+16 8.30992104964808e+16 8.045314445003992e+16 7.898215794764758e+16 7.738708452025192e+16 7.5640866358536e+16 7.370592388133806e+16 7.152866450107795e+16 6.6073617415976936e+16 6.243326163855913e+16 5.761088718639419e+16
19350.002710875397 1.2109109245252011e+17 1.1844692929429931e+17 1.1558372478403064e+17 1.1241025650476738e+17 1.0889137733845466e+17 1.0490466900622261e+17 1.0030172017314488e+17 9.76863923915234e+16 9.478898362446758e+16 9.152757067018512e+16 8.934174660084003e+16 8.77657834883207e+16 8.517683780567814e+16 8.326535305348254e+16 8.002607009366838e+16 7.753225017702389e+16 7.615143483350162e+16 7.465820311879776e+16 7.302882138062032e+16 7.122958659587488e+16 6.9212686213113176e+16 6.419002378523427e+16 6.085309963457368e+16 5.642004560578604e+16
19450.002724885097 1.1867346665583632e+17 1.161446587851055e+17 1.1337437790796493e+17 1.1032691935480414e+17 1.0692319186142448e+17 1.0307400046727442e+17 9.861269469326358e+16 9.607426001353142e+16 9.326240046619787e+16 9.009576887962874e+16 8.79746645772092e+16 8.64436891632188e+16 8.392941961173189e+16 8.207260398932698e+16 7.892674168390094e+16 7.650543517746392e+16 7.516447236422392e+16 7.371492323212626e+16 7.213300305040973e+16 7.0386536204925176e+16 6.842877525808741e+16 6.3552661169055304e+16 6.031047964514373e+16 5.5994582726919736e+16
19550.002738894796 1.1939291708104718e+17 1.168235202080047e+17 1.1404126404569722e+17 1.109551637353202e+17 1.0752191241190878e+17 1.036421734479075e+17 9.914696054987432e+16 9.658970227286222e+16 9.375706342722067e+16 9.056504530763613e+16 8.842519190912981e+16 8.687954986650328e+16 8.43407981582098e+16 8.24637391982924e+16 7.928113388968261e+16 7.68276451319307e+16 7.546822119787523e+16 7.399746308944054e+16 7.239133155611464e+16 7.061690883926602e+16 6.862631406987163e+16 6.36627880039402e+16 6.035757431752409e+16 5.5944066143104904e+16
19650.002752904496 1.1896446373720874e+17 1.1644985864933816e+17 1.1370110548573227e+17 1.106712834266481e+17 1.0729584776427067e+17 1.0347662814093544e+17 9.904670749690022e+16 9.65208519795836e+16 9.372295717678838e+16 9.05650001521973e+16 8.844339866468158e+16 8.691047674652166e+16 8.438694789702837e+16 8.251950395285106e+16 7.934568947577014e+16 7.689403372776424e+16 7.553310108878368e+16 7.405897869911688e+16 7.244707054383152e+16 7.066309836331058e+16 6.865792954666581e+16 6.3637039566209544e+16 6.027592888965316e+16 5.577337389275971e+16
19750.002766914196 1.130425772141179e+17 1.1059040000280696e+17 1.0793025931329598e+17 1.0500915708753837e+17 1.017615485207645e+17 9.810090815588744e+16 9.387810364374128e+16 9.14820774710145e+16 8.88330231971502e+16 8.58568343434352e+16 8.38667774809474e+16 8.243317178917736e+16 8.008092016511754e+16 7.83469749902513e+16 7.541439560578427e+16 7.316283058693907e+16 7.191841477625095e+16 7.0574870894220824e+16 6.911127747993541e+16 6.749849540503622e+16 6.569485724112454e+16 6.122288521471591e+16 5.826265397452416e+16 5.4313697665293384e+16
19850.002780923896 1.1313738842388483e+17 1.1069411293837414e+17 1.0802343161733845e+17 1.0510286887885294e+17 1.0184709197931678e+17 9.818090838461301e+16 9.39425492686219e+16 9.153587015384152e+16 8.887335384237018e+16 8.587714836493904e+16 8.387091632769806e+16 8.24234875471668e+16 8.004729114473312e+16 7.829291948580498e+16 7.532082479887982e+16 7.303374692668614e+16 7.1767992309122344e+16 7.0400010963181304e+16 6.8908296494946616e+16 6.726288085070038e+16 6.5421039762876904e+16 6.085172962447498e+16 5.783364530096787e+16 5.384420681253194e+16
19950.002794933596 1.1279844807166392e+17 1.1038620781783936e+17 1.0774122008615384e+17 1.0485054159945264e+17 1.0162909381399381e+17 9.798161822256299e+16 9.376435707225987e+16 9.136302463242424e+16 8.870439977300136e+16 8.570739667897102e+16 8.369852000823914e+16 8.22463495095297e+16 7.986024750768342e+16 7.809661785471478e+16 7.510481227903477e+16 7.279945760019638e+16 7.152238909245622e+16 7.014169443278227e+16 6.863535781601702e+16 6.697337724418183e+16 6.51130363234111e+16 6.050387371597992e+16 5.747096615700084e+16 5.348128449199631e+16
20050.002808943198 1.1408340784604565e+17 1.1168801600718125e+17 1.0905098094875654e+17 1.0615946878260771e+17 1.0292932700587758e+17 9.927414847318845e+16 9.503255413331557e+16 9.260900068459158e+16 8.992135148007395e+16 8.688666216376845e+16 8.484540888362234e+16 8.336893415195035e+16 8.093712229825523e+16 7.91352735207354e+16 7.607082402320534e+16 7.37019271287084e+16 7.238664126758605e+16 7.09621838266318e+16 6.940508044075805e+16 6.76832834773677e+16 6.5751119408966e+16 6.09414250558549e+16 5.776026906323257e+16 5.357129115542388e+16
20150.002822952894 1.1276661004706661e+17 1.103743083156212e+17 1.0775739897540358e+17 1.0487987600663869e+17 1.0166807261023045e+17 9.801743801010509e+16 9.378636024512506e+16 9.137049767798515e+16 8.869069376116571e+16 8.56627002236063e+16 8.362782314628475e+16 8.21566488660309e+16 7.973464518616235e+16 7.794072058233131e+16 7.489263924351851e+16 7.253943274388427e+16 7.123434416216674e+16 6.982233119393706e+16 6.828080633717905e+16 6.6579101012118056e+16 6.467376466582002e+16 5.9956452677451064e+16 5.6862563590689704e+16 5.282474657783334e+16
20250.002836962598 1.1034254170378931e+17 1.080026406541398e+17 1.054586007273172e+17 1.0265093933989798e+17 9.952920239704883e+16 9.598880266167973e+16 9.188180630403765e+16 8.954264653245208e+16 8.69464630363539e+16 8.401253920528506e+16 8.204125104081635e+16 8.061702882858958e+16 7.827133013044627e+16 7.653540234230478e+16 7.358582064762013e+16 7.131015227971353e+16 7.004835850903667e+16 6.868334708935284e+16 6.719342434094014e+16 6.554897866956082e+16 6.37078830740899e+16 5.9148226368047576e+16 5.615462131961568e+16 5.224003549661653e+16
20350.002850972298 1.0925119160930952e+17 1.0699483573793714e+17 1.0452677416688685e+17 1.0181164582559691e+17 9.878857186099154e+16 9.535816623511658e+16 9.137455226886594e+16 8.910059300727994e+16 8.657261030656598e+16 8.37137591509814e+16 8.178876413842531e+16 8.039576737142682e+16 7.80983049510587e+16 7.63944169717585e+16 7.349301087600307e+16 7.124781476997865e+16 7.000023480116436e+16 6.8648442928036424e+16 6.716997328695457e+16 6.553467108263192e+16 6.369921326910163e+16 5.913152151692738e+16 5.6114786280185336e+16 5.214974160011374e+16
20450.002864981998 1.0879864368810243e+17 1.0652430628825418e+17 1.0403753992556382e+17 1.0130886073858454e+17 9.826231870904115e+16 9.481357995176629e+16 9.08151203774864e+16 8.853168141136926e+16 8.599761919595718e+16 8.313356885515875e+16 8.120877133732867e+16 7.981519756007378e+16 7.751914746846098e+16 7.581805655066693e+16 7.292235208748718e+16 7.0682556609296984e+16 6.943866798165461e+16 6.809103068223342e+16 6.661760586021314e+16 6.498813321993786e+16 6.3159784338109064e+16 5.861359796289621e+16 5.561717152235001e+16 5.1696557885714744e+16
20550.002878991694 1.0698922111541811e+17 1.0474742507946973e+17 1.0231542122364922e+17 9.962471446593266e+16 9.663402074850904e+16 9.324758882125592e+16 8.931994295148006e+16 8.708401792633208e+16 8.460197589202469e+16 8.179935584697474e+16 7.991693670521934e+16 7.855516841126606e+16 7.631552201351208e+16 7.465680486535088e+16 7.1837923312331576e+16 6.966128674649248e+16 6.845370143450353e+16 6.7146312702205336e+16 6.57178707266209e+16 6.41391319134487e+16 6.23682972621546e+16 5.796165849023779e+16 5.504657617660038e+16 5.120663153035264e+16
20650.002893001398 1.0463041882328984e+17 1.0250011453418229e+17 1.001675988183532e+17 9.760561910206035e+16 9.475436136385622e+16 9.151923516365285e+16 8.776698360432526e+16 8.56267424506428e+16 8.324670477778805e+16 8.055454684774989e+16 7.874220063099368e+16 7.74296775735336e+16 7.526527681599955e+16 7.365883577383267e+16 7.092081110406652e+16 6.879899087228082e+16 6.7619155230381736e+16 6.633952072945538e+16 6.493902542021115e+16 6.338826339868634e+16 6.164574239640027e+16 5.7301716930493256e+16 5.4431175079755944e+16 5.0673577508696904e+16
20750.002907011094 1.0465117278767315e+17 1.0249964790336051e+17 1.0015765925731883e+17 9.758069666419491e+16 9.471783902543558e+16 9.146789464892189e+16 8.77003784584587e+16 8.555307286190162e+16 8.316702708654229e+16 8.047156312535218e+16 7.865792117349886e+16 7.7345448555552e+16 7.51820999496506e+16 7.35777934591639e+16 7.084430949189446e+16 6.872712261487415e+16 6.754959763669173e+16 6.62726822668779e+16 6.48744580894103e+16 6.332548073779462e+16 6.158325189879223e+16 5.722707237098686e+16 5.4333115414653464e+16 5.0521488066026664e+16
20850.002921020798 1.0312321962316152e+17 1.0099682242396304e+17 9.866729182221754e+16 9.610235789448296e+16 9.325090294858478e+16 9.002109444789314e+16 8.627288712879258e+16 8.413475019213843e+16 8.176480297049797e+16 7.9086109986693e+16 7.728532876969701e+16 7.5982604656316e+16 7.383722610781218e+16 7.224760459602782e+16 6.9543659588783864e+16 6.745367602656453e+16 6.629343591963156e+16 6.503682990905637e+16 6.366332190210126e+16 6.214477559520211e+16 6.044117540674958e+16 5.620480037729502e+16 5.341160512134586e+16 4.9760183694276184e+16
20950.002935030498 1.0095015728095851e+17 9.890118403028538e+16 9.66668381373422e+16 9.421218455836947e+16 9.147552730484875e+16 8.838375533104374e+16 8.48019289381191e+16 8.276203992948334e+16 8.04983941654625e+16 7.794081244210096e+16 7.622212461345718e+16 7.497837071836206e+16 7.293001492107885e+16 7.1411872579805384e+16 6.882712571707091e+16 6.682607535128281e+16 6.5713806463060264e+16 6.450770195649786e+16 6.318727501920947e+16 6.1724510091566904e+16 6.007901104084909e+16 5.5960389115697896e+16 5.321693395235477e+16 4.958692928057876e+16
21050.002949040194 1.0074776984519845e+17 9.868339108157579e+16 9.6451710072453e+16 9.398876068121093e+16 9.12380438117786e+16 8.81342581424187e+16 8.45387122099702e+16 8.24905551308514e+16 8.02188610623153e+16 7.765263403698755e+16 7.592861433734186e+16 7.468172493182163e+16 7.262792624449154e+16 7.110613006902409e+16 6.8517139753283576e+16 6.65138871902084e+16 6.540075980261338e+16 6.419391501087703e+16 6.28731216243859e+16 6.141016978996767e+16 5.976484887642026e+16 5.5646926413622584e+16 5.2902717857582184e+16 4.926968843058471e+16
21150.002963049898 9.916179580015992e+16 9.715420502887282e+16 9.497426378069259e+16 9.256928829435752e+16 8.990018450280118e+16 8.688112255550566e+16 8.33855591030587e+16 8.13978350353119e+16 7.91932018282889e+16 7.670569473142018e+16 7.503397026295936e+16 7.38258456567689e+16 7.183646521500448e+16 7.0362258705627864e+16 6.78534930943646e+16 6.591152624957209e+16 6.483184527779173e+16 6.366048234080687e+16 6.237749569466615e+16 6.09548898051536e+16 5.935221403682925e+16 5.5322974905212584e+16 5.261767030020963e+16 4.900381970115625e+16
21250.002977059594 9.869610219454608e+16 9.670438611006984e+16 9.453228025295782e+16 9.213936235751418e+16 8.948474116414562e+16 8.647476359151624e+16 8.299837577053123e+16 8.101856836994789e+16 7.88189714210496e+16 7.633768453552562e+16 7.467040924276146e+16 7.346441843799958e+16 7.147760087205355e+16 7.000528781608694e+16 6.749920364480236e+16 6.555923854132974e+16 6.448037071585781e+16 6.331016140700823e+16 6.20282934470296e+16 6.060692318764516e+16 5.90057418888033e+16 5.4981807101424104e+16 5.228185711079328e+16 4.8677825960290296e+16
21350.002991069196 9.77585458805987e+16 9.580920761589152e+16 9.368338894951506e+16 9.133655437990606e+16 8.873717481590394e+16 8.578855346956664e+16 8.23746878190035e+16 8.042813326107331e+16 7.826978888295758e+16 7.583267277743658e+16 7.419507702134371e+16 7.300938665303864e+16 7.105682016664002e+16 6.9609178645340936e+16 6.714371748841686e+16 6.52333512185144e+16 6.417042237590117e+16 6.3016762690196904e+16 6.175217219477671e+16 6.0348576518521016e+16 5.8765448548691016e+16 5.477399503848646e+16 5.208186494682065e+16 4.846674923162829e+16
21450.0030050789 9.675876294405363e+16 9.48467567472639e+16 9.27424608714366e+16 9.043834157567842e+16 8.786821052968598e+16 8.496548757724776e+16 8.160633737519294e+16 7.969721438754379e+16 7.757779561177438e+16 7.518761602671397e+16 7.358203911644893e+16 7.242162916138894e+16 7.050915855957703e+16 6.9092554464685416e+16 6.6680309292966616e+16 6.4811412605377224e+16 6.377153831803108e+16 6.264257253671584e+16 6.1404571406625464e+16 6.0029648922179224e+16 5.847730521452062e+16 5.4551396666253176e+16 5.188755097379959e+16 4.827859933961443e+16
21550.003019088595 9.573222215386856e+16 9.382186190140798e+16 9.174340190591752e+16 8.946034879028832e+16 8.692687828983424e+16 8.406027293965627e+16 8.074605592757072e+16 7.885809451024877e+16 7.676650249375971e+16 7.440966798718682e+16 7.282642820772578e+16 7.168225524707338e+16 6.979912025375955e+16 6.84043024779009e+16 6.60319785110866e+16 6.419587569890668e+16 6.317487524783062e+16 6.206710523049417e+16 6.085311541537107e+16 5.9505570340835496e+16 5.798472279925575e+16 5.413836628595776e+16 5.152306050753859e+16 4.795820398981158e+16
21650.003033098295 9.461763969091766e+16 9.280894759850184e+16 9.082725107596083e+16 8.864361969104869e+16 8.619873732866064e+16 8.34246682033668e+16 8.021468420266371e+16 7.838554292475987e+16 7.635291081471586e+16 7.405980332355805e+16 7.251807168975517e+16 7.14035262099525e+16 6.9567484104289864e+16 6.820614506588599e+16 6.588905864991723e+16 6.409305325103499e+16 6.309372519769203e+16 6.20079454011706e+16 6.081639883910969e+16 5.94917393935769e+16 5.799347714317594e+16 5.418302564689592e+16 5.1568409991231656e+16 4.796126058994143e+16
21750.003047107995 9.292041801385296e+16 9.111729273610658e+16 8.913468580606574e+16 8.697817070329506e+16 8.457537060296494e+16 8.18563809887271e+16 7.872081041101494e+16 7.693651497868187e+16 7.495776929920149e+16 7.272851031737011e+16 7.123264888164927e+16 7.015112645501894e+16 6.837164011893601e+16 6.705228545716608e+16 6.48083761698542e+16 6.307066940128624e+16 6.21032975873739e+16 6.105300047116126e+16 5.99005848454556e+16 5.8619404721001576e+16 5.717027784927404e+16 5.3483361210128216e+16 5.0949653563858424e+16 4.744241588735529e+16
21850.003061117695 9.218491476085307e+16 9.039818942224149e+16 8.847656661317872e+16 8.634648317959315e+16 8.398843919541616e+16 8.1325012833173e+16 7.823790582453672e+16 7.648197094734555e+16 7.453594810621914e+16 7.234168297319067e+16 7.08668566692776e+16 6.979910743335661e+16 6.804212441348535e+16 6.674123902069432e+16 6.452593674347135e+16 6.280910583115633e+16 6.1853436556083576e+16 6.081551304523895e+16 5.9676443821548536e+16 5.8409758178324424e+16 5.697631613415758e+16 5.3324587253590536e+16 5.080758142859804e+16 4.730297365712568e+16
21950.0030751274 9.140927574717296e+16 8.963184774319216e+16 8.768895827860744e+16 8.556657057264854e+16 8.319793767407662e+16 8.054206619539051e+16 7.747159063644186e+16 7.573008822609442e+16 7.379830945703579e+16 7.162725905034741e+16 7.017193429714264e+16 6.912042300776478e+16 6.7392738361534616e+16 6.6114889712379336e+16 6.394326832282046e+16 6.226347034245668e+16 6.1329338166198664e+16 6.031556750870934e+16 5.9203834052726456e+16 5.796803199038007e+16 5.6569967490041704e+16 5.300492201101279e+16 5.053810409358685e+16 4.707408505004529e+16
22050.003089137095 8.779058608815248e+16 8.608384746077192e+16 8.424137405026443e+16 8.223512257176901e+16 8.00037603937487e+16 7.749287963902522e+16 7.459911070832835e+16 7.296312525464779e+16 7.1151146420077496e+16 6.911493753343871e+16 6.775266602384452e+16 6.677029815523167e+16 6.515749111553178e+16 6.396594857733619e+16 6.19428933146435e+16 6.038106750802509e+16 5.95136830191637e+16 5.8572857717793256e+16 5.754164232446939e+16 5.639642302752465e+16 5.510184872466977e+16 5.180266264761144e+16 4.951757316172435e+16 4.629210055247509e+16
22150.003103146795 8.985162859577789e+16 8.813429356653602e+16 8.62695472484941e+16 8.421846880337872e+16 8.194439125886256e+16 7.937925413679846e+16 7.64166945946376e+16 7.473884388605653e+16 7.288141927379138e+16 7.0787536687796024e+16 6.938330353110798e+16 6.8371563503149816e+16 6.670494597671577e+16 6.5472024041929816e+16 6.3376721718873464e+16 6.1754762002687096e+16 6.085242443764319e+16 5.987237091462644e+16 5.879648977646822e+16 5.7599094135317096e+16 5.624193180160238e+16 5.27638505993722e+16 5.0334288062777016e+16 4.68702884316129e+16
22250.003117156495 8.746864753266714e+16 8.576021398651312e+16 8.392690022093928e+16 8.190783408934573e+16 7.968079469036966e+16 7.716847339126162e+16 7.428162011195965e+16 7.264068841652978e+16 7.083168327068193e+16 6.879917178258271e+16 6.743857053161736e+16 6.6458980563085944e+16 6.4848629546970056e+16 6.365982271269017e+16 6.164246426871997e+16 6.008520422546722e+16 5.921997886387065e+16 5.828182318766991e+16 5.7253649420846456e+16 5.611138752866037e+16 5.48195497563646e+16 5.152250012823511e+16 4.923023607079967e+16 4.596781139912272e+16
22350.003131166195 8.714431036246586e+16 8.54488328421375e+16 8.363890066115958e+16 8.165879140611381e+16 7.946813936805032e+16 7.698629807074162e+16 7.414558871975362e+16 7.25303602247084e+16 7.075180583730385e+16 6.874615070740988e+16 6.740262033398691e+16 6.6435346559946376e+16 6.4843743328209496e+16 6.36666708047566e+16 6.166930100419234e+16 6.01256635049555e+16 5.9267851632283976e+16 5.83368981403355e+16 5.731603437912364e+16 5.618096357333302e+16 5.489609413172877e+16 5.160871896325774e+16 4.9314045055637144e+16 4.602956532602558e+16
22450.0031451759 8.638396208840776e+16 8.472733673472598e+16 8.295827417954795e+16 8.103123256236552e+16 7.887864225664528e+16 7.645314999294491e+16 7.365222221097811e+16 7.206799190076723e+16 7.031116294488263e+16 6.833565190317451e+16 6.7013886473141144e+16 6.605917170341256e+16 6.449414960458178e+16 6.333527278411744e+16 6.136930650856237e+16 5.9849800306507016e+16 5.900567766192363e+16 5.80892729041201e+16 5.7084117210884904e+16 5.596640235859142e+16 5.470026362854442e+16 5.1455596039810216e+16 4.918195976553522e+16 4.5903259955975736e+16
22550.003159185493 8.577852013407122e+16 8.419617995323462e+16 8.241196743364902e+16 8.050359588568157e+16 7.839599391206702e+16 7.599362255030254e+16 7.324195519541237e+16 7.168030567533901e+16 6.994860485015968e+16 6.800540029176917e+16 6.670071124616436e+16 6.575920103127328e+16 6.421265189392142e+16 6.306875633814284e+16 6.112427419430964e+16 5.962096374123575e+16 5.878446847904312e+16 5.787671820958992e+16 5.688032787147295e+16 5.577151801279742e+16 5.4514612282274024e+16 5.1287396515315624e+16 4.902032421099592e+16 4.574137357173975e+16
22650.003173195197 8.360534292795907e+16 8.19967514462332e+16 8.031291735632027e+16 7.844309453645406e+16 7.63607447036159e+16 7.40227435261062e+16 7.134041424932847e+16 6.9815537262187256e+16 6.8133724818544424e+16 6.6239385309302584e+16 6.497476215232303e+16 6.4064936389542616e+16 6.256761847864465e+16 6.14626703791643e+16 5.958967481671739e+16 5.8143676032470824e+16 5.734095900026505e+16 5.647045363183523e+16 5.551651921680401e+16 5.445697042380136e+16 5.325835106295415e+16 5.0193881963534344e+16 4.805163151457237e+16 4.4962800626711576e+16
22750.003187204897 8.39608026405877e+16 8.235482185671386e+16 8.069420048301755e+16 7.879883235010565e+16 7.675285477014237e+16 7.441406981685389e+16 7.1732879086302136e+16 7.020937375923932e+16 6.8528588601468e+16 6.663816530189304e+16 6.536753049285274e+16 6.445330988874623e+16 6.2950868002043096e+16 6.184069378324779e+16 5.995411577436283e+16 5.849696155507165e+16 5.7686640141759624e+16 5.680724335498798e+16 5.584269548956125e+16 5.476943331593144e+16 5.355345390734444e+16 5.0433138341741816e+16 4.824090176131712e+16 4.5062675617605784e+16
22850.003201214597 8.203191620931082e+16 8.050745865731302e+16 7.889304057459696e+16 7.710800723674e+16 7.510569883615294e+16 7.288736680873822e+16 7.0318437549268424e+16 6.88539060349488e+16 6.724196748459731e+16 6.542640466595118e+16 6.4210573536608856e+16 6.333473826060553e+16 6.189490164577824e+16 6.0828611382915624e+16 5.9018634174573256e+16 5.7618750290786824e+16 5.6840672153693256e+16 5.599525840876594e+16 5.5067258843622584e+16 5.403474008569639e+16 5.286400981335669e+16 4.985631542920602e+16 4.773838721196328e+16 4.465581688834886e+16
22950.003215224297 7.648808191301435e+16 7.496007738374173e+16 7.325691360041819e+16 7.1453585350910904e+16 6.947940530842705e+16 6.725857469749127e+16 6.473431339836946e+16 6.331991073759383e+16 6.176581268787264e+16 6.003790868397817e+16 5.8889523053689944e+16 5.806654460387533e+16 5.672175450607439e+16 5.5733782051815624e+16 5.4069252290812856e+16 5.2792941867258696e+16 5.208714794959075e+16 5.132392849197091e+16 5.0489635498691224e+16 4.956519200001534e+16 4.852178671742922e+16 4.58570514134387e+16 4.398605556961193e+16 4.123847792469023e+16
23050.003229233993 7.85237112272839e+16 7.704297836730595e+16 7.53987212040053e+16 7.362162807744848e+16 7.164520776557845e+16 6.942921587757761e+16 6.688846073334685e+16 6.54484127154285e+16 6.387114259113854e+16 6.2100239014193576e+16 6.091646603702861e+16 6.006297486402077e+16 5.866523824096584e+16 5.763544749250242e+16 5.589228722758979e+16 5.45489287335579e+16 5.38037345702685e+16 5.2996446364209016e+16 5.211211538849051e+16 5.113023012491303e+16 5.0020415929791096e+16 4.718465088647439e+16 4.520058748797259e+16 4.232298304158905e+16
23150.003243243696 7.817150149268131e+16 7.667198032078694e+16 7.503643508432733e+16 7.325826230251531e+16 7.1324167427844424e+16 6.913362955973685e+16 6.66169607428775e+16 6.518805322965117e+16 6.3619324961792664e+16 6.18525949341931e+16 6.067276581332137e+16 5.98215637106459e+16 5.842682801877943e+16 5.739813084608582e+16 5.565238987581493e+16 5.430697875038127e+16 5.356014531122461e+16 5.274980543385264e+16 5.186252358012277e+16 5.08771466021061e+16 4.9762598772331944e+16 4.691709062450863e+16 4.493292225045886e+16 4.20773560352063e+16
23250.003257253396 7.202567214950194e+16 7.057745164300087e+16 6.9022983334255864e+16 6.7307649894805656e+16 6.544164742739333e+16 6.336599796945447e+16 6.101358616573588e+16 5.969608123733325e+16 5.8254162246702584e+16 5.664577943690531e+16 5.557633847494727e+16 5.481152667499461e+16 5.356101783966289e+16 5.26423626809799e+16 5.109699458207179e+16 4.991145314008249e+16 4.9255831737257384e+16 4.85467343935445e+16 4.777210990150491e+16 4.691399258802573e+16 4.594591756401458e+16 4.347906114481201e+16 4.17539531221272e+16 3.9228753546905656e+16
23350.003271263096 7.343310488468976e+16 7.199077066592649e+16 7.045384281237886e+16 6.877277214020081e+16 6.693609934512445e+16 6.488001507055067e+16 6.25214970346665e+16 6.119500362975666e+16 5.973754739476503e+16 5.810592171652565e+16 5.701802130287316e+16 5.623606969798925e+16 5.495351641386625e+16 5.401042093900236e+16 5.2414852415561704e+16 5.118729793012692e+16 5.05071988187597e+16 4.977078891230315e+16 4.896507832253824e+16 4.807155744731327e+16 4.706297925399654e+16 4.449673797355511e+16 4.2713647588854824e+16 4.014713363680739e+16
23450.003285272796 7.492725291603091e+16 7.350500306441456e+16 7.191569578768867e+16 7.0197834488662184e+16 6.830531895751581e+16 6.6173897447505176e+16 6.373150271527488e+16 6.2348655522596664e+16 6.08233095968191e+16 5.91146216806064e+16 5.797098188545329e+16 5.7146634676948696e+16 5.579645627615591e+16 5.479967771788324e+16 5.3111568444988824e+16 5.181161722573924e+16 5.109086573215592e+16 5.03103371292722e+16 4.945656075159889e+16 4.851003485261195e+16 4.744248343635158e+16 4.473468900451164e+16 4.286612571266901e+16 4.020940191405407e+16
23550.003299282493 6.899781943274067e+16 6.759639748306453e+16 6.608542981057082e+16 6.444492571039725e+16 6.2647557792947336e+16 6.066317752638126e+16 5.8401483897491704e+16 5.713600983841046e+16 5.574434622498197e+16 5.4200712209573176e+16 5.317496207802766e+16 5.24388941438745e+16 5.123819408595458e+16 5.035717710148846e+16 4.8872740065637384e+16 4.773586963119552e+16 4.7107830916920024e+16 4.642937837445126e+16 4.568873510009778e+16 4.486957854641321e+16 4.394750071617097e+16 4.161158289430363e+16 3.9993573912944856e+16 3.765390924894039e+16
23650.003313292196 7.1983657958527256e+16 7.057033674662545e+16 6.9048710232008584e+16 6.736471207502082e+16 6.554562684726929e+16 6.3492743927592056e+16 6.115542283854368e+16 5.983334421720297e+16 5.8376132318308824e+16 5.674970815173825e+16 5.5664256507646744e+16 5.488344505618894e+16 5.360610464138391e+16 5.26647468487991e+16 5.1073847065554504e+16 4.9850669645910936e+16 4.9172912934235224e+16 4.843926142760295e+16 4.7637215974778344e+16 4.674825975283188e+16 4.5746111585879016e+16 4.3202894123940456e+16 4.14444572976651e+16 3.892945728698749e+16
23750.003327301896 7.181848545550782e+16 7.041688848369448e+16 6.892661113668053e+16 6.729434706990678e+16 6.549350992202906e+16 6.347385027942709e+16 6.1152149519756216e+16 5.984069656566784e+16 5.839414831325048e+16 5.677310463265774e+16 5.568863129105386e+16 5.490731738743689e+16 5.362587754526979e+16 5.267940147322288e+16 5.1075944597238264e+16 4.984004388274348e+16 4.9154473413304616e+16 4.841167053028576e+16 4.759888686691294e+16 4.6697569646265464e+16 4.56811145017127e+16 4.3103667266326904e+16 4.1328167070080216e+16 3.881044762928394e+16
23850.003341311494 6.663632014277787e+16 6.529120071259798e+16 6.382297999670567e+16 6.224462381316866e+16 6.051543948468146e+16 5.859573214488801e+16 5.641468688445304e+16 5.5193176912110376e+16 5.3853931866685624e+16 5.236236711222596e+16 5.1372730205633e+16 5.06630131755362e+16 4.950653235458945e+16 4.865738275805047e+16 4.7227586035266216e+16 4.61340894371908e+16 4.553074706521377e+16 4.487958286964459e+16 4.416962528106429e+16 4.338576649481312e+16 4.250561064862007e+16 4.028796269107692e+16 3.876415875649277e+16 3.657674331503729e+16
23950.003355321198 6.9029000568052824e+16 6.764358194977195e+16 6.615967251547487e+16 6.455332986698077e+16 6.276535890263637e+16 6.078704763879756e+16 5.851405459299429e+16 5.723652703904927e+16 5.583027153846776e+16 5.425538031635368e+16 5.3208255783325416e+16 5.245412606629614e+16 5.12195634838602e+16 5.031165259424214e+16 4.877739989325998e+16 4.759960463797263e+16 4.694790480618524e+16 4.624346431814182e+16 4.547440541360744e+16 4.462420606922352e+16 4.36686007311967e+16 4.126397764854729e+16 3.962476651834137e+16 3.732320891321746e+16
24050.003369330894 6.912451171360802e+16 6.777594540161916e+16 6.6297882962715384e+16 6.4685171159828e+16 6.2908622274425096e+16 6.090925861883465e+16 5.861515999604947e+16 5.7314065022072504e+16 5.587886621541092e+16 5.42670403298861e+16 5.318847732043215e+16 5.241052973381562e+16 5.113418038871825e+16 5.01925936715453e+16 4.859723033926656e+16 4.736996686150393e+16 4.669086426797193e+16 4.595675980839025e+16 4.515593467886302e+16 4.4272201032860024e+16 4.328218597496048e+16 4.081779517689676e+16 3.917373270158259e+16 3.693493857396309e+16
24150.003383340594 6.513225474082945e+16 6.3799750301587784e+16 6.236355335418211e+16 6.080847609077141e+16 5.909838488013275e+16 5.7194872683640296e+16 5.5028016964974504e+16 5.381069928146888e+16 5.247413825315034e+16 5.098407900211756e+16 4.999328983752843e+16 4.9282559266975224e+16 4.812202913771228e+16 4.7270762027956104e+16 4.5838507273875944e+16 4.474485846782012e+16 4.41424834177304e+16 4.349372978694799e+16 4.278862170682642e+16 4.201325959159213e+16 4.114746497478956e+16 3.899753978914688e+16 3.755378203770902e+16 3.5532531289436396e+16
24250.003397350298 6.6229931653731096e+16 6.489284895389483e+16 6.345460390757511e+16 6.1885294849351576e+16 6.015796601303919e+16 5.8220380799921464e+16 5.600418449824927e+16 5.4755239242098184e+16 5.338025876868423e+16 5.183937243491506e+16 5.081290518513491e+16 5.007468607984506e+16 4.8866803949196536e+16 4.7979078345703736e+16 4.648252467822014e+16 4.533759273419638e+16 4.4706653811452376e+16 4.402687857984492e+16 4.3288187154435704e+16 4.247649602505833e+16 4.157143954651998e+16 3.933623513859222e+16 3.78527352496592e+16 3.5818810916341908e+16
24350.003411359994 6.634099096220834e+16 6.502124336513317e+16 6.359686981739224e+16 6.2043017139496536e+16 6.0322623375544536e+16 5.8386411907235016e+16 5.6160254391067144e+16 5.49002633324717e+16 5.3507425782556776e+16 5.194257255733022e+16 5.089616876302218e+16 5.014199005817196e+16 4.890604366897818e+16 4.799563136057247e+16 4.645847765244004e+16 4.528149728778902e+16 4.463262216155927e+16 4.393386892248933e+16 4.317510119450135e+16 4.234249033758036e+16 4.1416317221083336e+16 3.9145427719055304e+16 3.765826997202264e+16 3.5655937538553944e+16
24450.003425369698 6.381893736228232e+16 6.250153016890943e+16 6.107939122269848e+16 5.9526587414677544e+16 5.782439249402147e+16 5.5918136534074264e+16 5.373745947761481e+16 5.250860461524374e+16 5.11582892825778e+16 4.964890867412406e+16 4.864521800063937e+16 4.79248109930592e+16 4.674973242754182e+16 4.588864750779609e+16 4.444450597360429e+16 4.334726770084062e+16 4.274581937333041e+16 4.210089618997095e+16 4.140381411473792e+16 4.064274143902686e+16 3.980076862672648e+16 3.775352853105813e+16 3.6418869514747224e+16 3.4601472580712416e+16
24550.003439379398 6.280913204756316e+16 6.153086768839831e+16 6.0152438852913704e+16 5.865112675934666e+16 5.699408378222182e+16 5.513917928809334e+16 5.301653992032676e+16 5.181913190618349e+16 5.050098435461648e+16 4.902586343083831e+16 4.804365386191478e+16 4.7338223565121304e+16 4.618636165861706e+16 4.5341585967511304e+16 4.392381725514814e+16 4.2846241177779496e+16 4.225553290883947e+16 4.162211331977871e+16 4.093766307667653e+16 4.019071960150696e+16 3.936502928732511e+16 3.736182963924091e+16 3.606035933684954e+16 3.429340998883529e+16
24650.003453389094 6.386218592475853e+16 6.256734042490076e+16 6.116104221350503e+16 5.962464206645273e+16 5.792119166373168e+16 5.60062467168798e+16 5.380179855819779e+16 5.2552522877367624e+16 5.117384167643898e+16 4.962643215815671e+16 4.859380793234019e+16 4.785120944417131e+16 4.6637503168442136e+16 4.574694925126451e+16 4.4252303195611336e+16 4.311719930996457e+16 4.249570204785038e+16 4.1830190839120024e+16 4.111240308919057e+16 4.03310986257347e+16 3.947060926370232e+16 3.740325976562512e+16 3.6083672334311704e+16 3.433800770501635e+16
24750.003467398798 6.2194700397787736e+16 6.091782186393761e+16 5.953834905385765e+16 5.802992865596063e+16 5.63640893204379e+16 5.449552172357191e+16 5.235002270082514e+16 5.1136522675335576e+16 4.980005823187979e+16 4.830327032121536e+16 4.730690422336691e+16 4.659129322801898e+16 4.542381325209377e+16 4.456898550416787e+16 4.313806641957648e+16 4.205475706238981e+16 4.146295567340817e+16 4.083035639465617e+16 4.01493048452868e+16 3.9409494721408184e+16 3.859635260601634e+16 3.664690110782444e+16 3.5399390089773796e+16 3.3724444260246576e+16
24850.003481408494 5.99165345948855e+16 5.870571155405144e+16 5.7394395127174344e+16 5.596282605993554e+16 5.438256467854672e+16 5.261037138434929e+16 5.057931776936692e+16 4.943283378864732e+16 4.81710659381794e+16 4.676121514516958e+16 4.5823911531414424e+16 4.515169266668525e+16 4.405656884167956e+16 4.3256133391209896e+16 4.19184125940241e+16 4.090788947616069e+16 4.0356671500024296e+16 3.976814422747417e+16 3.9135418657171e+16 3.844914050075617e+16 3.769624150604841e+16 3.5897318816584536e+16 3.4748807155636708e+16 3.3196981733356092e+16
24950.003495418197 6.138073405163939e+16 6.011015329006194e+16 5.873356567984395e+16 5.72294898769466e+16 5.556373043350523e+16 5.369091628666923e+16 5.153936864442846e+16 5.032224191657775e+16 4.898117142789161e+16 4.748046317453811e+16 4.648163298214585e+16 4.5765331887043544e+16 4.4598068789054376e+16 4.3744989794698104e+16 4.2321196749477096e+16 4.124770822167068e+16 4.066326017574387e+16 4.004040175946401e+16 3.937223159940502e+16 3.864961914279869e+16 3.785979340550093e+16 3.5988177303074388e+16 3.480764066005933e+16 3.323602639476044e+16
25050.0035094278 6.10597911018604e+16 5.980241236602415e+16 5.843856242042565e+16 5.694509972365702e+16 5.529078007324883e+16 5.342706934750101e+16 5.127884305900489e+16 5.006101297213828e+16 4.871699125465012e+16 4.7210129082978104e+16 4.620601281321833e+16 4.548521736449411e+16 4.431011110157856e+16 4.3450963653614424e+16 4.201679706491139e+16 4.09361050341688e+16 4.0348199776141624e+16 3.972214468988725e+16 3.905130797633573e+16 3.83269210059789e+16 3.7536703423657384e+16 3.5672964521651556e+16 3.4506169805933656e+16 3.2968121328842452e+16
25150.003523437495 5.89909134744802e+16 5.774110434996993e+16 5.638829525312532e+16 5.491215394394813e+16 5.328186246588317e+16 5.145383399524812e+16 4.936017556713068e+16 4.818002108411071e+16 4.688318723660727e+16 4.5437415784104e+16 4.447911813332124e+16 4.3793842113375976e+16 4.2681681736940136e+16 4.187260657428027e+16 4.053027861200127e+16 3.9526069072964216e+16 3.898251571807846e+16 3.840584145439379e+16 3.779046005689947e+16 3.7128849592935e+16 3.6410395426342456e+16 3.472573360377694e+16 3.366973312883962e+16 3.2246624856005564e+16
25250.003537447195 5.782986177580685e+16 5.656873335215851e+16 5.520568411655807e+16 5.372137064104815e+16 5.2088259070578904e+16 5.026601415043645e+16 4.8192700369888e+16 4.7031492217562696e+16 4.576222898905429e+16 4.435622243125048e+16 4.342950218159043e+16 4.276913174158546e+16 4.170163883423634e+16 4.09281446682932e+16 3.964983777737356e+16 3.869692113490965e+16 3.8182099889783224e+16 3.763649304803952e+16 3.705477471820644e+16 3.642972069792894e+16 3.575111599431746e+16 3.4158244848431176e+16 3.3155899001523428e+16 3.1793045299955572e+16
25350.003551456895 5.8377215770675576e+16 5.714719488967764e+16 5.58147560950047e+16 5.435718712366134e+16 5.274376416461204e+16 5.093189229290027e+16 4.8851987091434296e+16 4.767773763939716e+16 4.638644445465559e+16 4.494567145187434e+16 4.399018643923185e+16 4.3306782854274824e+16 4.2197569997394584e+16 4.139088036628577e+16 4.005292116102824e+16 3.905275573901637e+16 3.851180178527485e+16 3.7938322965713336e+16 3.732690271415686e+16 3.667038676769183e+16 3.595870799504236e+16 3.4297357066454452e+16 3.3264007009334788e+16 3.188565623797627e+16
25450.003565466595 5.7799356601467464e+16 5.660563649485629e+16 5.531202347754256e+16 5.3896885974858536e+16 5.23301249670274e+16 5.056817569781081e+16 4.854142058529752e+16 4.739456341120012e+16 4.6130316311809016e+16 4.471563651847471e+16 4.3774775317584536e+16 4.3100165101800904e+16 4.200233901414222e+16 4.1201416871455096e+16 3.986832912553873e+16 3.886783872477276e+16 3.832542939175128e+16 3.774949136787269e+16 3.713463827387529e+16 3.6473815175670056e+16 3.575731226833746e+16 3.4089485281371476e+16 3.3061059723092036e+16 3.1705220752999e+16
25550.0035794763 5.7591164256589336e+16 5.641534936940531e+16 5.513622716055183e+16 5.373792482384348e+16 5.2186888243409016e+16 5.044188944131562e+16 4.843207883995315e+16 4.729306170543423e+16 4.603711138666541e+16 4.4629903821487736e+16 4.36931103758249e+16 4.302111962718147e+16 4.192663471076765e+16 4.112735167774491e+16 3.97955619082599e+16 3.87947312061384e+16 3.825163052253918e+16 3.767450557662123e+16 3.7057915136597384e+16 3.639464009310807e+16 3.567479988549616e+16 3.3996867575471972e+16 3.2961583109396548e+16 3.160017051259218e+16
25650.003593485995 5.690093241051376e+16 5.572218150004213e+16 5.4444467645876376e+16 5.304260888462273e+16 5.14870859128415e+16 4.973329604735558e+16 4.771200001531762e+16 4.656706725900172e+16 4.530455915149698e+16 4.389220974491761e+16 4.2954073256731256e+16 4.228232512811039e+16 4.119146603102225e+16 4.039794864039056e+16 3.908286410648568e+16 3.810165480009375e+16 3.757204817414887e+16 3.701166637909818e+16 3.6415691236880744e+16 3.5777734874868176e+16 3.5088873265998536e+16 3.3493569511931736e+16 3.2511006546524364e+16 3.1209203677341052e+16
25750.003607495695 5.725018752947933e+16 5.608119361437688e+16 5.481198509389647e+16 5.341946949605739e+16 5.1873766445298696e+16 5.012849420141886e+16 4.8113354723919e+16 4.696967693129358e+16 4.570586731581746e+16 4.428817657201505e+16 4.3343429779430024e+16 4.266514979881075e+16 4.156015002516488e+16 4.075305574267729e+16 3.940882797063335e+16 3.839980132797919e+16 3.785293405281873e+16 3.727255789258244e+16 3.665343248036978e+16 3.5988750802944596e+16 3.5269126974235004e+16 3.3599096141717584e+16 3.257339068277156e+16 3.1230737781988804e+16
25850.00362150539 5.588629954849927e+16 5.4766222716968744e+16 5.354901050341628e+16 5.221571099049744e+16 5.073682831727946e+16 4.90710931061066e+16 4.7150459064819144e+16 4.606155895249186e+16 4.4859757675372744e+16 4.351280832003058e+16 4.261571031715587e+16 4.1971892596836216e+16 4.092279582029099e+16 4.01563308367267e+16 3.8878123589908744e+16 3.791647813138354e+16 3.73940891780248e+16 3.683851343797815e+16 3.624427041564317e+16 3.5604117875236604e+16 3.490810821914418e+16 3.3279425073945104e+16 3.2269963807738064e+16 3.094060891070066e+16
25950.003635515095 5.60440616002413e+16 5.491840388367575e+16 5.369539233522974e+16 5.235731406179267e+16 5.087132089424045e+16 4.9196261803991656e+16 4.726333170151451e+16 4.616641157310783e+16 4.495458966039822e+16 4.35946291604601e+16 4.268780441103748e+16 4.203628291099844e+16 4.097368931656875e+16 4.019624455400297e+16 3.889796621454286e+16 3.7919789324886296e+16 3.738799310557859e+16 3.682217234606064e+16 3.621676495084129e+16 3.5564555607724804e+16 3.4855644948254756e+16 3.3200059708937096e+16 3.2178962356197216e+16 3.084665193294556e+16
26050.003649524795 5.573009338108471e+16 5.461385653056423e+16 5.340212351535634e+16 5.2072542132057064e+16 5.059938064727866e+16 4.893874722792285e+16 4.702323545901166e+16 4.593631855461484e+16 4.473582432703795e+16 4.33884401675078e+16 4.248972777592811e+16 4.184389674926805e+16 4.078967209416199e+16 4.00177798270986e+16 3.872679026269265e+16 3.775203356510044e+16 3.722115253558742e+16 3.6655510814440456e+16 3.60492890256332e+16 3.5394964196353252e+16 3.4682299970272628e+16 3.3013104509465956e+16 3.198293085242265e+16 3.064473946203474e+16
26150.003663534495 5.593857992871553e+16 5.486002460744458e+16 5.3687871113284776e+16 5.240122470374679e+16 5.097202969285405e+16 4.935768849116144e+16 4.748971940782711e+16 4.6426722577156536e+16 4.5248207174319096e+16 4.391972106653329e+16 4.30295580083562e+16 4.238746831733276e+16 4.133475289837188e+16 4.055974258841837e+16 3.925468559508544e+16 3.826081289886296e+16 3.771612616813465e+16 3.7132845017105944e+16 3.650423983168448e+16 3.5821527126580324e+16 3.5072824001865268e+16 3.330026768998149e+16 3.2199658772097e+16 3.078734990038279e+16
26250.003677544195 5.452570065368062e+16 5.3491597277301416e+16 5.236702678113147e+16 5.113135436718415e+16 4.975792635421094e+16 4.820544569586329e+16 4.641088875595534e+16 4.539068491780045e+16 4.426066788483104e+16 4.298919266664026e+16 4.213838050691412e+16 4.152534510303591e+16 4.052135713449548e+16 3.9783104275944136e+16 3.854121227469764e+16 3.759629489745288e+16 3.707853812620614e+16 3.652409363431153e+16 3.5926405516606236e+16 3.5276805029370188e+16 3.4563455461660224e+16 3.2867028930481996e+16 3.1804688359680604e+16 3.0426754274331704e+16
26350.003691553797 5.443155250452838e+16 5.340031911535997e+16 5.2277899688359544e+16 5.104873219169377e+16 4.9684887759361096e+16 4.814339089590248e+16 4.636162816250128e+16 4.534796192210896e+16 4.42245745984339e+16 4.295871856182453e+16 4.211041510726413e+16 4.149850815980477e+16 4.049533875861496e+16 3.975662955002283e+16 3.85117708189559e+16 3.7562661006485384e+16 3.704191486410457e+16 3.648371082189824e+16 3.5881335483298736e+16 3.5225942968069052e+16 3.4505481334840444e+16 3.279002727889061e+16 3.1715796374053308e+16 3.032749266124001e+16
26450.003705563493 5.3947373039280984e+16 5.2936578840757816e+16 5.183884762058543e+16 5.063405122250095e+16 4.929732861810011e+16 4.778408411345432e+16 4.603078337162637e+16 4.503166977090662e+16 4.3923461663839784e+16 4.267236165321338e+16 4.183275290300077e+16 4.122666974047667e+16 4.023135146003053e+16 3.949749857159499e+16 3.825904091741036e+16 3.73134348221422e+16 3.679417932034437e+16 3.623731468344196e+16 3.563619063921614e+16 3.4982110240229924e+16 3.4263355744647144e+16 3.2556040090288944e+16 3.1493056794844644e+16 3.0129590709232572e+16
26550.003719573197 5.228117681645579e+16 5.126040741115803e+16 5.015783990672777e+16 4.895246351128749e+16 4.7623816090549944e+16 4.6135844741240024e+16 4.44332513907357e+16 4.347424536636917e+16 4.242035384050524e+16 4.124376745631295e+16 4.046190139482068e+16 3.9901071768884296e+16 3.898705606297058e+16 3.8317859864693304e+16 3.719672102955459e+16 3.634597904235039e+16 3.5880037189916816e+16 3.5380768419218652e+16 3.4841661372372092e+16 3.425386720372111e+16 3.3604957016260044e+16 3.2037223607450772e+16 3.1028452877958496e+16 2.968072301783884e+16
26650.003733582893 5.2292930784733816e+16 5.131739669528438e+16 5.0255769944671784e+16 4.909521097301444e+16 4.780671811911551e+16 4.635536221511309e+16 4.468035397743502e+16 4.372963559648618e+16 4.267749910529383e+16 4.149390025848405e+16 4.070210882967974e+16 4.0131643924962376e+16 3.9197163841071976e+16 3.850973071740748e+16 3.735216642525712e+16 3.646978090647731e+16 3.5985485640215204e+16 3.5466010409221856e+16 3.490479392045455e+16 3.429308985717403e+16 3.3618767864396676e+16 3.200043455522801e+16 3.097346216185282e+16 2.962740716229007e+16
26750.003747592596 5.257568929990194e+16 5.157099463426987e+16 5.048312838590372e+16 4.928875609880841e+16 4.796635839245264e+16 4.647226629562229e+16 4.474802914238877e+16 4.376822726446574e+16 4.2684350524412216e+16 4.146533200369362e+16 4.065039429454317e+16 4.006367696343273e+16 3.910382098656395e+16 3.839881677047039e+16 3.7214604278696904e+16 3.631498034535298e+16 3.5822492468845204e+16 3.5295379145251908e+16 3.472736261705964e+16 3.410996183670321e+16 3.34315971070224e+16 3.1813547799730612e+16 3.079403735321905e+16 2.9465887563685384e+16
26850.003761602296 5.226300542613707e+16 5.127061077269105e+16 5.019590209759443e+16 4.901575759362669e+16 4.770545815983111e+16 4.622817318520634e+16 4.45197754354115e+16 4.354915227460142e+16 4.247476340515059e+16 4.1265951326965864e+16 4.0457750566864664e+16 3.987587174890078e+16 3.892358022220938e+16 3.822395461858436e+16 3.7048613131123656e+16 3.615542304480384e+16 3.566632525387826e+16 3.5142719130507436e+16 3.4578196169245636e+16 3.396427556425854e+16 3.328914413219523e+16 3.1674806549949776e+16 3.065356970569576e+16 2.9319332809174148e+16
26950.003775611993 5.132109239110572e+16 5.032921612964305e+16 4.925287988886265e+16 4.8073337520498024e+16 4.676383733822836e+16 4.528649375129484e+16 4.357996224709009e+16 4.261126447048049e+16 4.153986317452312e+16 4.033694881635592e+16 3.9534284322687464e+16 3.895736731661358e+16 3.801565597395146e+16 3.73261797166143e+16 3.617305183486155e+16 3.530218281588827e+16 3.482762739852507e+16 3.432162656527152e+16 3.3778678606047884e+16 3.319153185736296e+16 3.255013188505948e+16 3.1035739795605628e+16 3.009016100225902e+16 2.885545556186825e+16
27050.003789621696 5.099558455987725e+16 5.002155314029668e+16 4.89652716162712e+16 4.7806761240596296e+16 4.6520058225709816e+16 4.507044184585112e+16 4.339622657453498e+16 4.24457505581882e+16 4.139450886927183e+16 4.02143684259432e+16 3.9426538003551704e+16 3.886001004600689e+16 3.793485389922389e+16 3.725689359258208e+16 3.612142777567739e+16 3.526208321822893e+16 3.479295247472765e+16 3.4291875704293588e+16 3.375310952469243e+16 3.3168987556029148e+16 3.25287685102503e+16 3.1006697890343676e+16 3.004845493790145e+16 2.8794464030458836e+16
27150.003803631393 5.041447161930223e+16 4.9443725896409944e+16 4.838663685262997e+16 4.722798764697053e+16 4.5940582608132344e+16 4.448674337234876e+16 4.280771189065602e+16 4.1853930058206744e+16 4.079916407865221e+16 3.961505415813711e+16 3.8825319949589784e+16 3.825802760704552e+16 3.733288345081007e+16 3.665638587564148e+16 3.5526892058199996e+16 3.4675942492100804e+16 3.4213157384741624e+16 3.3720483003621852e+16 3.319278550222939e+16 3.262334830313238e+16 3.200280339106694e+16 3.054372168593349e+16 2.9635616996279116e+16 2.8448515854607388e+16
27250.003817641096 4.9949874514011976e+16 4.898611882453378e+16 4.793610789444116e+16 4.6784997294447864e+16 4.5502901416603e+16 4.405456174724818e+16 4.237927254845868e+16 4.1427314306756824e+16 4.037429628441792e+16 3.919238120610929e+16 3.840443503821735e+16 3.78388403560067e+16 3.691707290609199e+16 3.624379207926573e+16 3.512175231828187e+16 3.4278487129838736e+16 3.382073191305112e+16 3.3334171476918956e+16 3.2813946630136776e+16 3.225368401641457e+16 3.164453306220121e+16 3.0218689380540412e+16 2.933656966202292e+16 2.8188978353106932e+16
27350.003831650796 4.958319794280104e+16 4.862762278995034e+16 4.758407480437945e+16 4.643777061051638e+16 4.5162814682341384e+16 4.372119947389043e+16 4.205222908388815e+16 4.110340641779228e+16 4.005414301749566e+16 3.887646510759668e+16 3.809135152819728e+16 3.752787214358848e+16 3.660998589918946e+16 3.5939890434012824e+16 3.4824046136130216e+16 3.398631844057386e+16 3.3532007945351784e+16 3.3049483314103956e+16 3.2534081323522716e+16 3.1979694782834196e+16 3.1377811870284148e+16 2.997259814300507e+16 2.9104639867944976e+16 2.7972866303044292e+16
27450.003845660493 4.931318996073957e+16 4.837705318588399e+16 4.735857490262652e+16 4.624070048933478e+16 4.49975701231556e+16 4.359144151233717e+16 4.196281148798705e+16 4.1035398916318696e+16 4.000779096682341e+16 3.885044880476423e+16 3.80762619557641e+16 3.7518814201969896e+16 3.660725648018928e+16 3.5938589873933204e+16 3.4818525702736336e+16 3.3971787358747544e+16 3.351044328588691e+16 3.3018781013732624e+16 3.249187422793833e+16 3.192328147972305e+16 3.130430731449963e+16 2.985733814421094e+16 2.8968569375763724e+16 2.782575615342376e+16
27550.003859670094 4.858527399191429e+16 4.7644845412436504e+16 4.662171054399585e+16 4.549632530944271e+16 4.424330595109472e+16 4.28261057860902e+16 4.118507057163794e+16 4.025209234194224e+16 3.9220830248282936e+16 3.806370656211873e+16 3.729322198708187e+16 3.674054669540884e+16 3.584139303281647e+16 3.518589748913596e+16 3.409689723414933e+16 3.3281935452289228e+16 3.284106405995622e+16 3.237374358707658e+16 3.187574064958937e+16 3.1341402818716708e+16 3.0762884091679064e+16 2.9417470292711836e+16 2.858764681386251e+16 2.75005726285202e+16
27650.003873679794 4.821554554884255e+16 4.729400091640708e+16 4.62895718796948e+16 4.518393296101493e+16 4.395314218503516e+16 4.255877807046872e+16 4.094141933966501e+16 4.001993317685925e+16 3.899965408958224e+16 3.785264381032396e+16 3.708705272206689e+16 3.653713982682307e+16 3.5640655106059228e+16 3.4985752160488376e+16 3.3895003385307784e+16 3.3076573920694748e+16 3.2633170524584692e+16 3.2162733986725584e+16 3.166110164666981e+16 3.1122824258047176e+16 3.0540458294007852e+16 2.919207402684504e+16 2.836841765445415e+16 2.7299925087350068e+16
27750.003887689494 4.7986513089041144e+16 4.708218982332822e+16 4.609561450900535e+16 4.501247949094822e+16 4.380467066734536e+16 4.243593328055691e+16 4.084577121935417e+16 3.9938651628930184e+16 3.893235438458094e+16 3.779848147549638e+16 3.7039824136273256e+16 3.64937628916762e+16 3.560143838738586e+16 3.4947786050558348e+16 3.385541192455695e+16 3.3032563051082452e+16 3.2585600029731924e+16 3.211055978820231e+16 3.1603104179094736e+16 3.105767337824434e+16 3.0466721844369816e+16 2.9097460238512904e+16 2.8263366808390252e+16 2.7190182919338024e+16
27850.003901699198 4.722900092825188e+16 4.632006026551358e+16 4.533085684816791e+16 4.424319799931837e+16 4.3031796909508376e+16 4.16596296249958e+16 4.006889184659711e+16 3.916363369939499e+16 3.816150522877113e+16 3.703585424043875e+16 3.628525165337938e+16 3.5746453284423024e+16 3.4868864418462504e+16 3.422854592378358e+16 3.3163897516555756e+16 3.236698948309844e+16 3.1936108403174068e+16 3.147978266322912e+16 3.099420575010681e+16 3.0474495352566856e+16 2.991395544475934e+16 2.86235694845362e+16 2.7839675409450212e+16 2.6822234787131216e+16
27950.003915708894 4.6473194320272616e+16 4.557636313351081e+16 4.460230818591772e+16 4.3534085808789464e+16 4.234878895921999e+16 4.1011286532587896e+16 3.946852258940518e+16 3.859385227956194e+16 3.762827410057121e+16 3.654657159036604e+16 3.582655646137991e+16 3.5310032315999156e+16 3.4469064256229584e+16 3.3855199608730716e+16 3.283283470264266e+16 3.206506624995766e+16 3.164863414007551e+16 3.1206339598874576e+16 3.0734039527880556e+16 3.022634246609445e+16 2.967589360270015e+16 2.839619410036907e+16 2.7610758584116636e+16 2.6586162763578104e+16
28050.003929718594 4.5048217820077896e+16 4.415195691683827e+16 4.3180597954927704e+16 4.21169443787699e+16 4.093967124194642e+16 3.961586877587894e+16 3.809499006828404e+16 3.723608027167085e+16 3.629134518103601e+16 3.5237772158985196e+16 3.453979072730029e+16 3.404099743451242e+16 3.323267678394405e+16 3.2646051714808624e+16 3.1676463202777348e+16 3.095532446310863e+16 3.0567002452530496e+16 3.015691452961196e+16 2.9721813050460404e+16 2.9257467558469212e+16 2.8757951729405176e+16 2.7609661941402388e+16 2.690592690222845e+16 2.5962078640715824e+16
28150.003943728298 4.545780700435388e+16 4.457634131636404e+16 4.361960530828659e+16 4.256995263453922e+16 4.140416317227816e+16 4.008884012579091e+16 3.857087847518256e+16 3.770991390576717e+16 3.675937295051581e+16 3.569453318631035e+16 3.498597005197538e+16 3.447793749996651e+16 3.3651382947054612e+16 3.304885236835485e+16 3.2047644936944732e+16 3.129835758698135e+16 3.0893192685983864e+16 3.046402272031101e+16 3.0007268623637256e+16 2.9518307528394764e+16 2.899085800427837e+16 2.777656906746243e+16 2.7037983731794804e+16 2.607132599169961e+16
28250.003957737994 4.533083597988056e+16 4.445514127185997e+16 4.3501703592726376e+16 4.2453800612461304e+16 4.1287394139745e+16 3.996697803713336e+16 3.8438091676293784e+16 3.756876964249568e+16 3.660771624072458e+16 3.5529831987752628e+16 3.481235231020158e+16 3.4298031510533584e+16 3.3461868229765804e+16 3.2853132765816588e+16 3.1843958440138984e+16 3.1091411761229196e+16 3.0685656531210572e+16 3.0256886731314944e+16 2.9801784075075584e+16 2.9316047472376984e+16 2.8793746758504108e+16 2.7596635110710824e+16 2.686988873466449e+16 2.591640671751819e+16
28350.003971747698 4.487735460658009e+16 4.400855925856644e+16 4.3062569162098824e+16 4.2023246010214376e+16 4.086731583337464e+16 3.956080309010485e+16 3.80504202995149e+16 3.719327758278635e+16 3.6247093222474024e+16 3.5187987091331584e+16 3.4484149706574708e+16 3.398014011409463e+16 3.3161574628342796e+16 3.25661440438553e+16 3.1579544152469696e+16 3.0843731149129216e+16 3.0446765821299868e+16 3.00269762204078e+16 2.958095228714488e+16 2.9104225890260224e+16 2.8590683990811684e+16 2.740963814948125e+16 2.6690760601654876e+16 2.5749272205256572e+16
28450.003985757394 4.490375952977357e+16 4.406681477032332e+16 4.3154846971348936e+16 4.2151724202835144e+16 4.103345505286436e+16 3.976623957249892e+16 3.8293474283929976e+16 3.745292106536618e+16 3.652007550624085e+16 3.546832958744337e+16 3.4764274623220944e+16 3.425729383465887e+16 3.342842761615765e+16 3.2820934981611868e+16 3.180526485194409e+16 3.104024814220092e+16 3.0624926315778756e+16 3.018385865831583e+16 2.971333615592844e+16 2.9208705806167184e+16 2.866387774681672e+16 2.7413832117194296e+16 2.6664037929947228e+16 2.5707462749778304e+16
28550.003999767094 4.3842753027607944e+16 4.299806166693074e+16 4.208049047485121e+16 4.1072349858218904e+16 3.995271480595824e+16 3.868820169078037e+16 3.722819879588734e+16 3.640023674774279e+16 3.548662971666423e+16 3.446423633852925e+16 3.378496764113997e+16 3.329857663302104e+16 3.250874468758364e+16 3.193423512561645e+16 3.09822410575022e+16 3.0272094478129156e+16 2.988889353014288e+16 2.9483573518307484e+16 2.9052780716521636e+16 2.8592155906190308e+16 2.8095671954205864e+16 2.6952180620184864e+16 2.6254404298755668e+16 2.5337299048361364e+16
28650.004013776797 4.397512932373379e+16 4.315997055156023e+16 4.227247223735175e+16 4.1297089599820936e+16 4.0210796359555016e+16 3.897981029662641e+16 3.755007678416464e+16 3.6734218817739544e+16 3.582897959595154e+16 3.480853037011665e+16 3.412554296323871e+16 3.363377047750959e+16 3.2829934529506292e+16 3.224086217288923e+16 3.1256036323330948e+16 3.051407344940575e+16 3.0111107447794816e+16 2.9682967928720136e+16 2.9225910615186736e+16 2.873522625417461e+16 2.8204679953962304e+16 2.6983088005255744e+16 2.6246539090208556e+16 2.530260473740121e+16
28750.004027786395 4.345536897722443e+16 4.263697062419124e+16 4.1747047572312936e+16 4.076837617234545e+16 3.967977323282076e+16 3.844865699745708e+16 3.702436437302159e+16 3.6215047317205464e+16 3.5320524587916904e+16 3.431707812571464e+16 3.364867313077789e+16 3.3169111354814364e+16 3.2388297011979396e+16 3.1818543486045664e+16 3.087046306201691e+16 3.0159417124089504e+16 2.9774180536686124e+16 2.936538957993978e+16 2.892931436328607e+16 2.8461119323249236e+16 2.7954176949816956e+16 2.6778858025445256e+16 2.606054145106781e+16 2.512869333344459e+16
28850.004041796095 4.2955608187222856e+16 4.214839505514434e+16 4.126987721830989e+16 4.03041501771523e+16 3.922890246044964e+16 3.801214546711925e+16 3.66022651757035e+16 3.580017941967614e+16 3.4912885613499836e+16 3.3916862169055204e+16 3.3253212091783476e+16 3.27770420609636e+16 3.2002002176308956e+16 3.1436812215076188e+16 3.049739525477004e+16 2.979415005562397e+16 2.9413740604897988e+16 2.9010634129316724e+16 2.8581372677631796e+16 2.812146827970803e+16 2.76248148399094e+16 2.6479086998786708e+16 2.578179826595991e+16 2.4874247753601772e+16
28950.00405580579 4.280615000744038e+16 4.20099445487247e+16 4.114299198739333e+16 4.01896530132396e+16 3.912957840389101e+16 3.7929565728793944e+16 3.65397176546144e+16 3.5749251645864736e+16 3.4874512069797164e+16 3.389215911821278e+16 3.323711360866289e+16 3.2766783519366704e+16 3.200027732441133e+16 3.1440435637899524e+16 3.050785589750602e+16 2.9807603881029372e+16 2.942791870246663e+16 2.9024798597357468e+16 2.859450660377145e+16 2.8132222115661776e+16 2.7631315933759704e+16 2.6468454361532256e+16 2.575686906790891e+16 2.483499433902217e+16
29050.004069815495 4.17790967430209e+16 4.098221208248075e+16 4.011477849987424e+16 3.9162025341073656e+16 3.8102803352985496e+16 3.690562324319018e+16 3.5522686133512996e+16 3.4738598446554532e+16 3.3874271358099136e+16 3.2908579751004496e+16 3.2268240961598844e+16 3.1810550153932292e+16 3.1068789585495664e+16 3.053061537198337e+16 2.964148706686749e+16 2.8980372603194476e+16 2.862430419282594e+16 2.8248107914537816e+16 2.7848628926224904e+16 2.742169864066452e+16 2.69614816234309e+16 2.5899114611468656e+16 2.5247459620157844e+16 2.4385330865403484e+16
29150.004083825195 4.235193102599341e+16 4.158322111670261e+16 4.0746197675883336e+16 3.982604902482227e+16 3.880048630177826e+16 3.763800409766903e+16 3.628716758508658e+16 3.5516074948923584e+16 3.4660100362034136e+16 3.369447114220674e+16 3.3047596019896004e+16 3.258150550964783e+16 3.181878326407235e+16 3.1259033079039436e+16 3.0321285444599772e+16 2.9612676669004616e+16 2.9226888744923976e+16 2.8816142877727916e+16 2.8376558235663052e+16 2.7903166667477484e+16 2.738936419061232e+16 2.619732461535891e+16 2.547323093437437e+16 2.454830848076266e+16
29250.004097834895 4.021799840352585e+16 3.944377464773953e+16 3.860261829354275e+16 3.768031081469164e+16 3.665676698926357e+16 3.550285657435092e+16 3.4173981207069156e+16 3.3422564699691012e+16 3.2596177175115332e+16 3.167563656004722e+16 3.1067123399210612e+16 3.063329294475179e+16 2.993253645086203e+16 2.9426237549908692e+16 2.859466941544991e+16 2.798125666994955e+16 2.7652984811177224e+16 2.7307959926449556e+16 2.694381560238906e+16 2.655739985238426e+16 2.6144196061987772e+16 2.520235533271063e+16 2.4627589602145304e+16 2.3850934434606584e+16
29350.004111844595 4.113553225413415e+16 4.0393652344225976e+16 3.958724361575537e+16 3.870140599871949e+16 3.771560867650872e+16 3.659975009621396e+16 3.5305547701582596e+16 3.4567630770471936e+16 3.3749012252883836e+16 3.2826220426003092e+16 3.220836182019914e+16 3.1763223773964184e+16 3.103492847695014e+16 3.0500487190327716e+16 2.960516227642333e+16 2.8928672223607664e+16 2.856042727137762e+16 2.8168440088678904e+16 2.7749037196383824e+16 2.7297567145992624e+16 2.6807805692827284e+16 2.5672189601275188e+16 2.4981124600995556e+16 2.40906508232495e+16
29450.00412585429 3.961108161204419e+16 3.882333419304839e+16 3.796716796786992e+16 3.7028393590132504e+16 3.598713367849997e+16 3.481538597235298e+16 3.3470579172106104e+16 3.271343735704529e+16 3.188416121243176e+16 3.0965501317908252e+16 3.0361668274677176e+16 2.9933015860606184e+16 2.9244203011839172e+16 2.874948998858791e+16 2.7942800766377856e+16 2.735263813030948e+16 2.703853511715851e+16 2.670968892654989e+16 2.636395141884343e+16 2.5998381866383964e+16 2.56085690756438e+16 2.4719915599922188e+16 2.4171938973140412e+16 2.3416073557982652e+16
29550.004139863995 4.049432853953207e+16 3.974803408526246e+16 3.893513832984837e+16 3.8040906640059336e+16 3.704446431453758e+16 3.591537768478262e+16 3.4605401367657932e+16 3.3858940184099868e+16 3.303226520078931e+16 3.2102832432343484e+16 3.1482680384003024e+16 3.103729204347341e+16 3.0311662145967936e+16 2.9781980795657636e+16 2.8901046286046276e+16 2.82415621973944e+16 2.7885017882792052e+16 2.7507493754264132e+16 2.71059503713433e+16 2.667649559801222e+16 2.621386913188205e+16 2.51526397072376e+16 2.4511312906413536e+16 2.3679140029592884e+16
29650.004153873695 3.904502047407484e+16 3.829793730383639e+16 3.74861391577158e+16 3.659678621328014e+16 3.5609893531280064e+16 3.4497862051589092e+16 3.3218531696801844e+16 3.249591751447709e+16 3.170172861818412e+16 3.081739965880908e+16 3.023290482100882e+16 2.981607701967664e+16 2.9142464692960668e+16 2.8655168966967056e+16 2.785318092506953e+16 2.725962669246981e+16 2.69410742778279e+16 2.660543638053382e+16 2.625016408948166e+16 2.5871857358176332e+16 2.546568656974397e+16 2.4533250283658252e+16 2.3960670883920284e+16 2.3187848627386464e+16
29750.004167883395 3.9720886021351e+16 3.899758186767153e+16 3.821036885724951e+16 3.734477966183803e+16 3.637989848754495e+16 3.5285837891016464e+16 3.401475766341613e+16 3.3289494292347484e+16 3.2485121417970856e+16 3.1579213037055828e+16 3.0973810690997664e+16 3.053856536990329e+16 2.982855032933679e+16 2.930968814221158e+16 2.844572429296349e+16 2.77983607061966e+16 2.744826479617128e+16 2.7077544426954836e+16 2.6683274885183384e+16 2.6261726477741948e+16 2.580785053099685e+16 2.4767907802486164e+16 2.4139933963516936e+16 2.332402456981254e+16
29850.004181893095 3.879340799589248e+16 3.804858085606276e+16 3.723834302442235e+16 3.634840773230369e+16 3.535908867113355e+16 3.4242578880922348e+16 3.295516974032786e+16 3.222716721804294e+16 3.1426443078923476e+16 3.05346938092245e+16 2.9945368165610916e+16 2.9525284985421356e+16 2.884692871008861e+16 2.83569221301768e+16 2.7552263952130236e+16 2.695875758721034e+16 2.664113308151176e+16 2.6307287330541532e+16 2.595491587214831e+16 2.5580949982667384e+16 2.518098397153367e+16 2.4268944295193548e+16 2.3712686600554456e+16 2.2965883683589076e+16
29950.0041959028 3.918141594950746e+16 3.847980256829013e+16 3.771688161364668e+16 3.687740680824364e+16 3.5942156472627788e+16 3.488073977330355e+16 3.3646373243246964e+16 3.2941054597155572e+16 3.2157651185186052e+16 3.1273274211198664e+16 3.068067789329091e+16 3.025377267630129e+16 2.955551952339131e+16 2.9043654376671572e+16 2.818799662340398e+16 2.7543892273774628e+16 2.7194449799722116e+16 2.6823579395673244e+16 2.642824611201231e+16 2.600461843645936e+16 2.5547625147028604e+16 2.4499565708088736e+16 2.386945964704092e+16 2.3059978910811372e+16
30050.004209912393 3.771207629628923e+16 3.6999605253442e+16 3.622484642195639e+16 3.5374182109963536e+16 3.44289237692793e+16 3.336143901723259e+16 3.2129287465557824e+16 3.1431432204998572e+16 3.066271948582281e+16 2.9805115165131144e+16 2.923752018059473e+16 2.883257822148498e+16 2.81781372700049e+16 2.770514387335396e+16 2.692835549998034e+16 2.6355718234853564e+16 2.604950451206573e+16 2.5727899442014788e+16 2.5388782036915044e+16 2.5029289338293868e+16 2.4645265568455496e+16 2.3770605907709656e+16 2.323586899082214e+16 2.2510081234665204e+16
30150.004223922097 3.862835444563272e+16 3.794268615527572e+16 3.719639137660001e+16 3.637618039990633e+16 3.5462742135420988e+16 3.4427420801207856e+16 3.3224893840649684e+16 3.2538289480575804e+16 3.177596946604283e+16 3.0915692606400156e+16 3.033921544401157e+16 2.9923802265925908e+16 2.924399315714557e+16 2.87451819492396e+16 2.7910021583501944e+16 2.7279790529454024e+16 2.69371312967591e+16 2.6572772877163956e+16 2.6183468614635476e+16 2.576508633666361e+16 2.5312125128443044e+16 2.4265795853377012e+16 2.3631694363801068e+16 2.28168670093202e+16
30250.004237931793 3.760123415758699e+16 3.689598256642219e+16 3.6127822616869064e+16 3.5282591656603844e+16 3.4340974202874764e+16 3.327447582556843e+16 3.203944412098868e+16 3.133771266438353e+16 3.056308119004845e+16 2.9696890312136996e+16 2.912264227418258e+16 2.8712510752682988e+16 2.804911991238879e+16 2.7569393116502988e+16 2.678142806948897e+16 2.6200853829863804e+16 2.5890633553397496e+16 2.5565059186509356e+16 2.5222092461364864e+16 2.485897104574495e+16 2.447169728989431e+16 2.359302963645566e+16 2.305978876753095e+16 2.2345193389074e+16
30350.004251941496 3.788649997410866e+16 3.721206905381254e+16 3.64767158999926e+16 3.566672599735709e+16 3.476339073239336e+16 3.3738096647203948e+16 3.254576792141807e+16 3.1865076997489604e+16 3.1109762249638508e+16 3.025889779890119e+16 2.9689993569103892e+16 2.928082059380961e+16 2.861291279401909e+16 2.8124379613681508e+16 2.730978380513132e+16 2.6698137817363108e+16 2.636676756156307e+16 2.6015379028075652e+16 2.5641067949555964e+16 2.524014966745178e+16 2.4807728439766824e+16 2.3815455346175504e+16 2.321781295683991e+16 2.2448065666870036e+16
30450.004265951196 3.6429141642907656e+16 3.5767152514596708e+16 3.5047354584254244e+16 3.425703980600623e+16 3.337856280484926e+16 3.2384421205526788e+16 3.1234389741339816e+16 3.058106941822496e+16 2.9859236042296724e+16 2.9050691920679628e+16 2.851323355687625e+16 2.812845942992439e+16 2.7503876112349228e+16 2.705011642110772e+16 2.630011435743356e+16 2.574295308129775e+16 2.5443398321866544e+16 2.5127531208075428e+16 2.479303733005557e+16 2.443683759912162e+16 2.4054570087786604e+16 2.3178422487934016e+16 2.2641720219831204e+16 2.1919463806383172e+16
30550.004279960893 3.715324278071181e+16 3.648803364418445e+16 3.5762314908971096e+16 3.4964406663374492e+16 3.407501318525674e+16 3.3066450468150108e+16 3.1896445594533384e+16 3.1229367890101972e+16 3.0490453619465384e+16 2.965974568285413e+16 2.9105471915902324e+16 2.870746340840513e+16 2.8058935169538796e+16 2.7585573376114156e+16 2.679815516952393e+16 2.620834221556779e+16 2.588929040230111e+16 2.5551264115626616e+16 2.519147115733482e+16 2.480632873709444e+16 2.4390986577165136e+16 2.3436647752354984e+16 2.2859524943309828e+16 2.211193964211745e+16
30650.004293970596 3.67119774079877e+16 3.606068506428001e+16 3.5350950432024296e+16 3.45703292170662e+16 3.37013703785568e+16 3.2715789730655604e+16 3.1570879064878332e+16 3.091754736996926e+16 3.0193090572268464e+16 2.9377342776477756e+16 2.883224729069051e+16 2.844046166974529e+16 2.780153047737272e+16 2.733481703499432e+16 2.6558137997185812e+16 2.5976551759086004e+16 2.5662141689986652e+16 2.5329260961512044e+16 2.4975253742188948e+16 2.4596667248858776e+16 2.418877196031444e+16 2.3251586606330796e+16 2.2682826147471076e+16 2.1941597796945852e+16
30750.004307980293 3.626818327612497e+16 3.5613144573976092e+16 3.49000298672033e+16 3.411675780415463e+16 3.3244197442031076e+16 3.225584495474179e+16 3.1110334961378496e+16 3.045828893182566e+16 2.9737097000157344e+16 2.8928033993831324e+16 2.838947600495565e+16 2.8003547510400304e+16 2.7376464149559384e+16 2.6920292914960084e+16 2.616487217812232e+16 2.5602281382065836e+16 2.5299191191873124e+16 2.4979040408539056e+16 2.4639309758795884e+16 2.427667420019493e+16 2.3886516273107824e+16 2.298989368558892e+16 2.2442941943010904e+16 2.172211511101038e+16
30850.004321989993 3.5739061747392308e+16 3.5103778989002976e+16 3.4412503055080904e+16 3.3651906924883972e+16 3.280544849691869e+16 3.184583819978788e+16 3.073208065496577e+16 3.0097226280438456e+16 2.9393718875512156e+16 2.8602401554723612e+16 2.8074208049797896e+16 2.7694800558071896e+16 2.7076649924309652e+16 2.6625638348418084e+16 2.587636891706994e+16 2.5316730587526304e+16 2.5014877245641484e+16 2.4695945757440724e+16 2.4357662661194516e+16 2.3997099880876084e+16 2.3610271763552956e+16 2.2728552530916424e+16 2.2196380251242308e+16 2.149599111192497e+16
30950.004335999696 3.5303942521230456e+16 3.4666445895275188e+16 3.3972742536707016e+16 3.3210010050807756e+16 3.2361331231755068e+16 3.140001145770437e+16 3.0286703324565868e+16 2.965389011632513e+16 2.8954541420301412e+16 2.8170905979285404e+16 2.7649941826992436e+16 2.727692738342736e+16 2.6671440935161684e+16 2.6231499522593428e+16 2.55041543809157e+16 2.496361116498502e+16 2.4672892573553544e+16 2.436627329786763e+16 2.404150101544527e+16 2.369564417633913e+16 2.3324605225777532e+16 2.2476526020443224e+16 2.1960949760891316e+16 2.127498112169102e+16
31050.004350009393 3.5688688603091756e+16 3.506898096992481e+16 3.439490216784735e+16 3.3653715694839776e+16 3.2826884128791308e+16 3.1888270686772564e+16 3.0795689692445964e+16 3.0170833790808444e+16 2.9475864234137452e+16 2.869070700398696e+16 2.816407174639123e+16 2.7784413341360624e+16 2.7162859111751396e+16 2.6706859496366484e+16 2.59438402835204e+16 2.5368903896329096e+16 2.505684751740951e+16 2.4725564486463756e+16 2.4372389920621268e+16 2.399396053902279e+16 2.3585858188133532e+16 2.265100200662108e+16 2.2089529400128532e+16 2.136730130246232e+16
31150.004364019096 3.4626350096314064e+16 3.401811251606043e+16 3.3356519865605204e+16 3.2628363571233012e+16 3.181705273006487e+16 3.0897894908603884e+16 2.9830878347014004e+16 2.9222967127417036e+16 2.854981593853609e+16 2.779367275563092e+16 2.7289654611643244e+16 2.6928123026788024e+16 2.6340070445470776e+16 2.5911854048287092e+16 2.5202089634663296e+16 2.467335129998884e+16 2.4388590501730628e+16 2.408798907161014e+16 2.3769357130254356e+16 2.3429843569557316e+16 2.3065475239733504e+16 2.223274820521236e+16 2.172715923161319e+16 2.1056694041786616e+16
31250.00437802869 3.51041710932333e+16 3.4492282243524844e+16 3.382607508184014e+16 3.3092631076603024e+16 3.22752920917727e+16 3.134798709185692e+16 3.0269495695184516e+16 2.9653872390522492e+16 2.8970470722755132e+16 2.8200218433058496e+16 2.7684938498881936e+16 2.731419086075532e+16 2.6708775302306268e+16 2.62657608763359e+16 2.5526792927498076e+16 2.4971839930806376e+16 2.467120696104035e+16 2.435245701817182e+16 2.401297029843823e+16 2.364941321793915e+16 2.325730974713534e+16 2.235655203718226e+16 2.1811798219039104e+16 2.110637190844774e+16
31350.004392038394 3.3834944648362596e+16 3.3240368100015356e+16 3.2594626760642944e+16 3.1884429828428812e+16 3.10959241182635e+16 3.0203684512002904e+16 2.917053056179019e+16 2.8583008299064972e+16 2.793324392954544e+16 2.7204221846319344e+16 2.671867435171498e+16 2.6370514917787388e+16 2.580426536104354e+16 2.5391852079587508e+16 2.470793333742487e+16 2.4197755068174548e+16 2.3922641360504984e+16 2.36318967937151e+16 2.3323259994223704e+16 2.299376192246905e+16 2.263925087604058e+16 2.1824150658187188e+16 2.1324498108840764e+16 2.0654748016045332e+16
31450.004406048094 3.4287620217408588e+16 3.3691070441384544e+16 3.3042888056421716e+16 3.232986766357987e+16 3.153615576323049e+16 3.063677354938757e+16 2.959221636374057e+16 2.8996469106602004e+16 2.833561281544917e+16 2.7591420814180028e+16 2.7093807290453884e+16 2.67359235767221e+16 2.6151717217068276e+16 2.572433289583357e+16 2.50115911015924e+16 2.4476342079224416e+16 2.4186375442321076e+16 2.3878890990136576e+16 2.355137445496571e+16 2.3200588385711324e+16 2.282220625048625e+16 2.195273921339104e+16 2.1426405065336524e+16 2.0741541640736788e+16
31550.004420057794 3.3941539373603212e+16 3.3359261893875796e+16 3.272477908521696e+16 3.2026647443481292e+16 3.124794785439534e+16 3.036437664538886e+16 2.9335383065096544e+16 2.874733036874693e+16 2.8093883726392144e+16 2.735652866534024e+16 2.686270722400768e+16 2.650713368980448e+16 2.592625131677729e+16 2.5500998632969496e+16 2.4791679399527028e+16 2.425937358746824e+16 2.397132208430316e+16 2.366623873728692e+16 2.3341810531805412e+16 2.2995083858589384e+16 2.2622104389314532e+16 2.1769368180492536e+16 2.1255257942790416e+16 2.058559836643863e+16
31650.004434067494 3.403161213665404e+16 3.3452360670499244e+16 3.282105659331705e+16 3.2126748655910588e+16 3.1351571023598644e+16 3.047193949979135e+16 2.944781317689182e+16 2.8862139752246016e+16 2.8211148431056816e+16 2.7475732856232236e+16 2.6982633718384852e+16 2.6627215177851308e+16 2.6045549451615104e+16 2.5618784645604356e+16 2.490457554790899e+16 2.4366053919551996e+16 2.4073488737701616e+16 2.3762615143895116e+16 2.343075676125556e+16 2.307451354138829e+16 2.2689366981234556e+16 2.1802272269494356e+16 2.126657643715682e+16 2.057849770726049e+16
31750.004448077198 3.3351136716345348e+16 3.2781107331110212e+16 3.2160350082200976e+16 3.147740216975234e+16 3.071615879662826e+16 2.9852871711858076e+16 2.884957919121856e+16 2.827656123850047e+16 2.7640589081675276e+16 2.6923424958172916e+16 2.6443366920762356e+16 2.6097754963659504e+16 2.553309868403474e+16 2.51195736549744e+16 2.4429162787557216e+16 2.391021910278421e+16 2.362895553680403e+16 2.33306737438462e+16 2.301295039918086e+16 2.2672721429338184e+16 2.23058962457177e+16 2.146391227701877e+16 2.0954556958139348e+16 2.029054446595813e+16
31850.004462086894 3.3122450812595652e+16 3.25622231691584e+16 3.1953458905613908e+16 3.128387290143498e+16 3.0539203113423656e+16 2.9694934764172784e+16 2.8714966615387804e+16 2.815541135916211e+16 2.7534304933560028e+16 2.6833695464933136e+16 2.636442734381926e+16 2.602630326533978e+16 2.5473060533830416e+16 2.5067128065341036e+16 2.4387465230539544e+16 2.387445417705854e+16 2.3595465253148028e+16 2.329872992960113e+16 2.298158664671241e+16 2.264059266040819e+16 2.227116914395564e+16 2.1415924068419652e+16 2.0894882631241548e+16 2.0217991933555988e+16
31950.004476096594 3.28748691418188e+16 3.231839340115674e+16 3.1712974989927556e+16 3.1048125930274764e+16 3.0307720934907844e+16 2.946891588032797e+16 2.8494807934651496e+16 2.793851706208397e+16 2.7320846645783548e+16 2.6623612769324656e+16 2.615631027009627e+16 2.5819411065251884e+16 2.5267926378178668e+16 2.4863071242126612e+16 2.4184902189347196e+16 2.3672834520137304e+16 2.339436502171753e+16 2.309823737866004e+16 2.2781857321136692e+16 2.244194549937597e+16 2.2074154286262404e+16 2.122585357697624e+16 2.0712120994070396e+16 2.0047170843747e+16
32100.004497111095 3.2903826137001284e+16 3.2357622770236216e+16 3.1762502134440196e+16 3.110743917321371e+16 3.037756638503592e+16 2.9549133142972796e+16 2.8584181566680996e+16 2.8032230095957436e+16 2.7418053450546524e+16 2.67232918623695e+16 2.6256583411337676e+16 2.5919700489064964e+16 2.5367117937710444e+16 2.4960559636488212e+16 2.427746517652571e+16 2.3759733528243148e+16 2.3477342540655064e+16 2.317631317648205e+16 2.2853769993246148e+16 2.2506036731272264e+16 2.2128250318396556e+16 2.1250463863257652e+16 2.0716163103325404e+16 2.0031731221349732e+16
32300.00452513049 3.1824503313801252e+16 3.1300199789490584e+16 3.0730701916148904e+16 3.0105966075149748e+16 2.941122472463373e+16 2.8625485881072836e+16 2.7713557186516396e+16 2.719316653832202e+16 2.6615337517566476e+16 2.5962697733851908e+16 2.552490424021353e+16 2.5208999972789556e+16 2.4690987955990668e+16 2.4309902744776756e+16 2.3669274190592244e+16 2.318310433070732e+16 2.291756087331903e+16 2.263414710882312e+16 2.233000060171153e+16 2.2001403801052396e+16 2.1643422974217144e+16 2.0806281557102588e+16 2.0291385177793316e+16 1.9622020177067864e+16
32500.004553149894 3.183758290636257e+16 3.131923111917103e+16 3.0757447604761412e+16 3.0138325238151212e+16 2.9449974445213412e+16 2.8668382459033704e+16 2.7758260134882744e+16 2.7237557893511576e+16 2.665753852436393e+16 2.6000379449307576e+16 2.55581745396372e+16 2.5238336390697344e+16 2.4712615776333536e+16 2.432471332891308e+16 2.367044620536992e+16 2.3172151514417016e+16 2.2899376167455756e+16 2.260778933572646e+16 2.2294409522037824e+16 2.1955445879436404e+16 2.1585908051425732e+16 2.0723191784073324e+16 2.019702949144158e+16 1.9525780439719612e+16
32700.004581169294 3.126662269153845e+16 3.076220611405163e+16 3.021384094351944e+16 2.9610987165396584e+16 2.8941156073193104e+16 2.8180356296562892e+16 2.729542502426871e+16 2.678911382060658e+16 2.622557781946846e+16 2.558740448960273e+16 2.515798628374909e+16 2.484759499822118e+16 2.4337284090170828e+16 2.396072986415487e+16 2.332538883840178e+16 2.2841151245543748e+16 2.2575857499858784e+16 2.2292035841692748e+16 2.1986676126188676e+16 2.1655926062676436e+16 2.1294654304325628e+16 2.0447649284189756e+16 1.9928248966861444e+16 1.9263569148898772e+16
32900.00460918869 3.043659752600706e+16 2.995597196662904e+16 2.9432725438527388e+16 2.8859908628582624e+16 2.8221652640116504e+16 2.749998604568646e+16 2.666132180032634e+16 2.618179106118247e+16 2.564854335374168e+16 2.5044725157860668e+16 2.4638597740115896e+16 2.43448982768637e+16 2.3861894438918084e+16 2.350520825241018e+16 2.2902467457753704e+16 2.2441865280867036e+16 2.218891715234935e+16 2.1917724437218256e+16 2.162515069003598e+16 2.1307134524330656e+16 2.0958201543504004e+16 2.0131750270192616e+16 1.9617769792210148e+16 1.8952263874500244e+16
33100.004637207996 3.038661033811365e+16 2.9910855542774748e+16 2.9392625882468132e+16 2.8822941027520884e+16 2.8189354977192636e+16 2.7470444034619684e+16 2.663388938500124e+16 2.6154715397194012e+16 2.562125619039085e+16 2.5016474457929012e+16 2.4608963698992456e+16 2.4313917974126308e+16 2.3828086810378588e+16 2.346876845882185e+16 2.2860211714569068e+16 2.2394022102077116e+16 2.2137536707223256e+16 2.1862181378267216e+16 2.156469478155154e+16 2.124087061688831e+16 2.08850826724877e+16 2.0041723428901892e+16 1.9519119260341764e+16 1.8851053999054904e+16
33300.004665227396 2.9561938436621732e+16 2.9104853771646644e+16 2.8608160969154188e+16 2.806370887971857e+16 2.745718031056955e+16 2.677135184615041e+16 2.5974163797750004e+16 2.5518815946693172e+16 2.501206732274241e+16 2.4438119139624956e+16 2.4051747733935116e+16 2.3772112638711924e+16 2.3311684644338332e+16 2.297118911538862e+16 2.239428471007812e+16 2.195183443015017e+16 2.1708117881877628e+16 2.144615278728709e+16 2.116263712990966e+16 2.0853334051624276e+16 2.051244855825731e+16 1.9698620497345508e+16 1.9189006566380784e+16 1.8530530503648144e+16
33500.004693246796 2.9369266886128252e+16 2.891548599895694e+16 2.8422259527197932e+16 2.7881293649219444e+16 2.727931178148704e+16 2.6597722759315696e+16 2.5805932696206684e+16 2.5352906239501916e+16 2.484871691537319e+16 2.427763207399537e+16 2.3892907392193844e+16 2.3614264240463988e+16 2.315532003098909e+16 2.2815651859250716e+16 2.2239554213624548e+16 2.1797076558564144e+16 2.1553099095829144e+16 2.1290626153051716e+16 2.1006327088876376e+16 2.069581268792737e+16 2.0353200494805532e+16 1.9533822613858184e+16 1.90207348712149e+16 1.8361941032627332e+16
33700.004721266196 2.9158477120860436e+16 2.871372710607994e+16 2.8230598010923384e+16 2.7700627692754704e+16 2.711080808664069e+16 2.644177959987299e+16 2.5664464755105736e+16 2.5219426248217788e+16 2.4723538642656976e+16 2.416111865032823e+16 2.378173532214673e+16 2.350675407589372e+16 2.3053056416919496e+16 2.271659838855332e+16 2.214463137610731e+16 2.170388185894331e+16 2.146022408982029e+16 2.1197567869368696e+16 2.0912384841305132e+16 2.06000421533957e+16 2.025428232365397e+16 1.9422478234867156e+16 1.889888859777778e+16 1.8228663494216196e+16
33900.004749285596 2.814090842573186e+16 2.7718254533085896e+16 2.7260335314779068e+16 2.6760092447593012e+16 2.6204276281424196e+16 2.5575953848271812e+16 2.4846809950954932e+16 2.4430345507770584e+16 2.396697369341451e+16 2.3442351311056564e+16 2.30889625012727e+16 2.2832947435725628e+16 2.2410844215202628e+16 2.2097993658174892e+16 2.1566195879098984e+16 2.1156328869508812e+16 2.0929626657278756e+16 2.0685043176117548e+16 2.0419186509378336e+16 2.0127488421103884e+16 1.980374266156953e+16 1.9019025625806624e+16 1.8518299781766492e+16 1.786519931718537e+16
34100.004777304996 2.807829812211435e+16 2.7658348282224e+16 2.7203768168105388e+16 2.6706272693057884e+16 2.6151111478110028e+16 2.5523847954597064e+16 2.4795738577006492e+16 2.4379879470155864e+16 2.391672775468195e+16 2.3391728751513868e+16 2.3037895154166684e+16 2.278133518664018e+16 2.2358316314090276e+16 2.2044445144258556e+16 2.1510391870908812e+16 2.1098147026360484e+16 2.0869900084315268e+16 2.0623415992652264e+16 2.03552234536363e+16 2.006062755992152e+16 1.9733251190925856e+16 1.8938219227724084e+16 1.8430829459596884e+16 1.7773738168093472e+16
34300.004805324395 2.799319683768006e+16 2.758107881250898e+16 2.713134843293591e+16 2.6640716571236564e+16 2.6094571593631156e+16 2.5475939331438764e+16 2.4757082688685244e+16 2.434526283380986e+16 2.388631712007859e+16 2.336515144984901e+16 2.301305717473939e+16 2.2757683616354236e+16 2.233552487063779e+16 2.20216187091519e+16 2.1486038661413196e+16 2.107115574725106e+16 2.0840746535938852e+16 2.0591395873313764e+16 2.03193454822149e+16 2.0019578907090864e+16 1.9685199633453856e+16 1.886740560992414e+16 1.8341913145574932e+16 1.7663243832781498e+16
34500.00483334369 2.696536893018604e+16 2.6566419591074292e+16 2.6136149818916984e+16 2.566359754489525e+16 2.5139076149978748e+16 2.4547555113875868e+16 2.3861820558451164e+16 2.347079703523375e+16 2.3035958408176708e+16 2.254380969622986e+16 2.2212508891742776e+16 2.197244845624289e+16 2.1576768438729388e+16 2.1283375244727372e+16 2.0784300943178196e+16 2.039902703619764e+16 2.0185554803254172e+16 1.9954895777104532e+16 1.9703643645916676e+16 1.9427203344363236e+16 1.9119250819093844e+16 1.83663529606447e+16 1.788023143701942e+16 1.7241752156336644e+16
34700.00486136309 2.702505419636353e+16 2.663549795395915e+16 2.620983412243991e+16 2.5745017753932496e+16 2.5228310519802564e+16 2.464483923990694e+16 2.3967405481499784e+16 2.358032768953061e+16 2.3149384905809364e+16 2.26604102805258e+16 2.2330382858214036e+16 2.209100916147256e+16 2.169554112672081e+16 2.14015309909495e+16 2.089949636649022e+16 2.0510064254639644e+16 2.029351309906144e+16 2.005879189181298e+16 1.9802189134052076e+16 1.9518701148666052e+16 1.920127550053103e+16 1.841745156186207e+16 1.7906097089627374e+16 1.7235755713424342e+16
34900.00488938249 2.672070023342934e+16 2.6334348875495744e+16 2.5912941960051656e+16 2.5453213184998864e+16 2.4940842056782856e+16 2.4361373602027988e+16 2.368781948929325e+16 2.3303301175043564e+16 2.287391805269384e+16 2.238758298213167e+16 2.20591204011362e+16 2.1820867023709596e+16 2.1427113292764424e+16 2.1134458666433852e+16 2.063497552631849e+16 2.024784720767827e+16 2.00326991383967e+16 1.979967588480699e+16 1.9545128540144584e+16 1.926419443129945e+16 1.89500503332987e+16 1.8176728054527824e+16 1.7674301088244798e+16 1.7017745345672696e+16
35100.00491740189 2.597878897163745e+16 2.5605737654186576e+16 2.5200046387401464e+16 2.475476645181717e+16 2.426498256760191e+16 2.3710658507659724e+16 2.306907585818157e+16 2.2703678459796044e+16 2.2296790927819504e+16 2.1837026819900412e+16 2.1527546854008076e+16 2.13030099364273e+16 2.0932780688456564e+16 2.065783528253589e+16 2.0188987678881116e+16 1.9825751143845024e+16 1.9623813151800984e+16 1.9404966540213092e+16 1.9165657277622364e+16 1.8901119441827136e+16 1.860455427149612e+16 1.7869228771504946e+16 1.7385403617827764e+16 1.6742918009588356e+16
35300.00494542129 2.565008911319795e+16 2.5285665903503108e+16 2.488829410212103e+16 2.445270085664358e+16 2.3972601107859812e+16 2.3428868480084532e+16 2.2799499425078868e+16 2.2439702097131652e+16 2.2040404552118516e+16 2.1588018260941136e+16 2.128308963521228e+16 2.1062122868655776e+16 2.069726559593493e+16 2.042616188812439e+16 1.9963883475617376e+16 1.9605342869846896e+16 1.9406039639000916e+16 1.9189914028424772e+16 1.8953536179016564e+16 1.86921500295368e+16 1.839899650818789e+16 1.7671274391124096e+16 1.7191697343210966e+16 1.6554281723319568e+16
35500.00497344069 2.5539256022890212e+16 2.51756939304682e+16 2.478404537462587e+16 2.4353902054864948e+16 2.387559786923949e+16 2.3335605390769736e+16 2.270850861601801e+16 2.2350521910249412e+16 2.195170549443951e+16 2.1499690430255656e+16 2.119489309197508e+16 2.097381541978806e+16 2.060828420225417e+16 2.033676509017723e+16 1.9872975269924644e+16 1.9513012215924424e+16 1.931270465256473e+16 1.9095423615324876e+16 1.8857641235110244e+16 1.8594502192233044e+16 1.8299167920150412e+16 1.7565171766823354e+16 1.7081253232754832e+16 1.64404878512271e+16
35700.00500145999 2.481349458745119e+16 2.446170830639828e+16 2.408372762229803e+16 2.3667407830641176e+16 2.320842144689441e+16 2.2690955354541484e+16 2.20926211095885e+16 2.1751679115562264e+16 2.1373108309676596e+16 2.0944525444643532e+16 2.065622923466317e+16 2.044720258715502e+16 2.0102377486605e+16 1.9846198521121744e+16 1.9409311371553668e+16 1.9070426499260636e+16 1.888186383939682e+16 1.867727486459898e+16 1.84532899887555e+16 1.8205203845313656e+16 1.7926403312089496e+16 1.7230606626949312e+16 1.6768067383187004e+16 1.6147348550307104e+16
35900.00502947939 2.451322444340667e+16 2.4167468041970104e+16 2.3801531854786976e+16 2.3392414321778004e+16 2.2940010415390228e+16 2.2432115308549776e+16 2.184492962066234e+16 2.1509075092262764e+16 2.1137724325238464e+16 2.0716289945035228e+16 2.043241088015523e+16 2.0226934682928724e+16 1.9887848775003616e+16 1.9635952322998564e+16 1.920628440459467e+16 1.8872839959693548e+16 1.868725682364418e+16 1.848590597897789e+16 1.82653411829138e+16 1.8020951011571816e+16 1.7746044163682026e+16 1.7058343574898544e+16 1.659942175342893e+16 1.5981797017846304e+16
36100.0050574988 2.4487331883118796e+16 2.4149834090204372e+16 2.3783747683391692e+16 2.338159660592606e+16 2.2935245057696696e+16 2.242927555633519e+16 2.1844339589817536e+16 2.151089364734796e+16 2.1139074037125964e+16 2.071768273812381e+16 2.043326710456108e+16 2.0227062597901236e+16 1.9886087731596364e+16 1.9632448241513908e+16 1.9198854429457824e+16 1.886160503601215e+16 1.8673600366905468e+16 1.846929428958691e+16 1.824527758039599e+16 1.7996713249818824e+16 1.7716668604266754e+16 1.7014499554416372e+16 1.6544979010341632e+16 1.5914465442141244e+16
36300.00508551819 2.3832105161680756e+16 2.349967637535233e+16 2.314148659678927e+16 2.27509653287777e+16 2.2319129862865716e+16 2.1831570411529612e+16 2.1269031031220132e+16 2.0947979789467188e+16 2.0591916095285932e+16 2.0189189790550716e+16 1.9918272924467064e+16 1.972178415219438e+16 1.939791976127366e+16 1.9157157534227184e+16 1.8746174007319812e+16 1.8427180147604604e+16 1.8249431311450004e+16 1.8056401133236144e+16 1.784471637256667e+16 1.7609789717154488e+16 1.7345046520595544e+16 1.667948616859994e+16 1.6231880002948592e+16 1.5624674799848398e+16
36500.00511353759 2.355835342565384e+16 2.323876734336679e+16 2.2887565196750604e+16 2.2506867488175564e+16 2.2083209396048736e+16 2.16045934960654e+16 2.105363210846727e+16 2.07387627734533e+16 2.0388318195662424e+16 1.999154935608505e+16 1.9724294576916556e+16 1.953082616061422e+16 1.9210803494117164e+16 1.8972963463560116e+16 1.856687370487002e+16 1.8251285674771304e+16 1.8075366375230784e+16 1.788426188922745e+16 1.7674692811430794e+16 1.7442014656611098e+16 1.717973960321352e+16 1.6520091693003706e+16 1.6076170374629846e+16 1.547424174059892e+16
36700.00514155699 2.321126653255393e+16 2.289857047075673e+16 2.256369096640098e+16 2.2195594290367108e+16 2.178569297725884e+16 2.1321952886921292e+16 2.078638679930191e+16 2.0481275248234704e+16 2.0140918734677004e+16 1.975605321635381e+16 1.949618326190797e+16 1.9307820271787544e+16 1.8996360278453116e+16 1.876454364348536e+16 1.836811986223772e+16 1.8059454955029204e+16 1.7887250261964534e+16 1.7699981834720872e+16 1.7494296657762212e+16 1.7265690051784042e+16 1.700757654851392e+16 1.6356084305935946e+16 1.5915759848789926e+16 1.5316629144771578e+16
36900.005169576296 2.2877620876147464e+16 2.256745450402071e+16 2.224049154020758e+16 2.187716634106324e+16 2.1475634599518948e+16 2.1022891681277104e+16 2.0498401776972588e+16 2.019843064427078e+16 1.9865397127033708e+16 1.9488618627739396e+16 1.92343237337017e+16 1.904959662845145e+16 1.874477500571949e+16 1.851789001426768e+16 1.8129737466256068e+16 1.782765144876421e+16 1.765908609803747e+16 1.7475755201048072e+16 1.7274403236918712e+16 1.7050515370992512e+16 1.6797628782602014e+16 1.6158692157806858e+16 1.5726042767899286e+16 1.5136075342440606e+16
37100.005197595696 2.2391891021519116e+16 2.2093628714089276e+16 2.17681335103213e+16 2.141421683417815e+16 2.102201407350521e+16 2.0577260804934424e+16 2.0066046753185396e+16 1.977432152979335e+16 1.9451225144907876e+16 1.9086184293131816e+16 1.884003355081835e+16 1.866212744994995e+16 1.8368043217150772e+16 1.814953513290756e+16 1.7776646516494744e+16 1.7486912969556348e+16 1.732536119983946e+16 1.7149829356268556e+16 1.6957166950009152e+16 1.674305634862446e+16 1.6501216803015052e+16 1.5889471046282206e+16 1.5473408419088132e+16 1.4900892413457624e+16
37300.005225615096 2.2185939260699604e+16 2.1888452788241444e+16 2.1568309561287892e+16 2.121657116214919e+16 2.083184881104382e+16 2.039368711989661e+16 1.9890293673748944e+16 1.9601429753344576e+16 1.928136087640461e+16 1.8919805115498056e+16 1.8676211953157348e+16 1.8499553593860344e+16 1.8208056185036536e+16 1.7991724571078284e+16 1.7621735284212778e+16 1.7334160975722724e+16 1.7173797578079794e+16 1.6999393066943404e+16 1.6807927523702022e+16 1.6595063697522152e+16 1.6354504359166884e+16 1.574531468923001e+16 1.5330428310636932e+16 1.475964738717556e+16
37500.005253634496 2.20420312012133e+16 2.175886313897292e+16 2.144718480311489e+16 2.1105174258769588e+16 2.072497802716703e+16 2.0298700748865156e+16 1.980267163628247e+16 1.9519816172363304e+16 1.920447695563724e+16 1.8847308959293996e+16 1.860615822354457e+16 1.843116225145479e+16 1.814199057404285e+16 1.7926602128783312e+16 1.7558089163924234e+16 1.7270971366980218e+16 1.7110520409368998e+16 1.6935960762673566e+16 1.6743973353247032e+16 1.6530213744755412e+16 1.6288245448051902e+16 1.567356461032663e+16 1.5253484341367254e+16 1.4675184325875e+16
37700.00528165389 2.145750741950691e+16 2.1175583137170256e+16 2.086719050420862e+16 2.052308030413947e+16 2.014828054437778e+16 1.9729301484671696e+16 1.92438824863484e+16 1.89681864133964e+16 1.8663739379883828e+16 1.8318319866637108e+16 1.808616234092919e+16 1.7918320020944472e+16 1.7641223988430694e+16 1.7435871615873364e+16 1.7084909551154186e+16 1.6812324757131956e+16 1.666056502913884e+16 1.649556775650144e+16 1.6314415428780706e+16 1.6113076502168732e+16 1.5885543995761382e+16 1.5308653173796206e+16 1.4914420102688526e+16 1.4367927600723268e+16
37900.005309673295 2.144496833235651e+16 2.1159797471174868e+16 2.0854135618641748e+16 2.0523119067481828e+16 2.0156517775379268e+16 1.973977255992316e+16 1.9261486421829852e+16 1.8987519811642724e+16 1.8682505582143364e+16 1.833846338481343e+16 1.810677042073422e+16 1.7938978041357854e+16 1.7661268642065574e+16 1.7455126638784046e+16 1.7102592205071124e+16 1.6828036832353734e+16 1.6674919883565532e+16 1.6508048956771864e+16 1.6324727406581678e+16 1.6120581061784788e+16 1.5889422257433482e+16 1.5300890390279908e+16 1.4896572550785462e+16 1.4335509457733194e+16
38100.00533769259 2.095571692813647e+16 2.0685209340090124e+16 2.0386774089851612e+16 2.0057305577852788e+16 1.970050707972724e+16 1.9298050259442652e+16 1.883085636199353e+16 1.8565620369867476e+16 1.826838443892044e+16 1.793407196302092e+16 1.7708784714042532e+16 1.7546249962131432e+16 1.7277119685013612e+16 1.7077660729341596e+16 1.6736317420640528e+16 1.647098554046172e+16 1.6322970979866412e+16 1.6162198940466112e+16 1.5985487081118014e+16 1.5788924856638084e+16 1.5566637392943706e+16 1.5001979555846724e+16 1.4615001058753276e+16 1.407767717188975e+16
38300.00536571199 2.0727945514140084e+16 2.0451150418412744e+16 2.0148076954363896e+16 1.9828355800181084e+16 1.9475149813629696e+16 1.907511549017289e+16 1.8613126846446788e+16 1.835016028199398e+16 1.805694352366261e+16 1.772594851741974e+16 1.7502886359248308e+16 1.7341806330287178e+16 1.7075863827481246e+16 1.687820691975866e+16 1.6541089220838148e+16 1.627895184871898e+16 1.6132849455760744e+16 1.5973950982247208e+16 1.5799420919170296e+16 1.5605265940828884e+16 1.538575226628031e+16 1.482805497116577e+16 1.4445875763678396e+16 1.391565059806601e+16
38500.00539373139 2.0405462650500636e+16 2.0136412767052044e+16 1.985293646141694e+16 1.9538804275786436e+16 1.9196137790115716e+16 1.8804799627278108e+16 1.8352317817298532e+16 1.8095277263637132e+16 1.7809137068817594e+16 1.7488121960920272e+16 1.7271267891765896e+16 1.7114398111615438e+16 1.6855229479150408e+16 1.6662803772550484e+16 1.6334242549539754e+16 1.6078818427675876e+16 1.5936283811624394e+16 1.5781310449629142e+16 1.561107098598114e+16 1.5421688524247854e+16 1.5207327492173422e+16 1.4661684176135882e+16 1.4286320848315022e+16 1.3762655962914242e+16
38700.00542175079 2.016904862960889e+16 1.9913509536913668e+16 1.963870895096346e+16 1.9330671383450844e+16 1.899463423054618e+16 1.8611136882338772e+16 1.8165791319822704e+16 1.7914075192924022e+16 1.7635861063625828e+16 1.7320878076641052e+16 1.710725892720808e+16 1.6953113565916072e+16 1.6698386315544338e+16 1.6508735282730222e+16 1.618484028519931e+16 1.5932912474030754e+16 1.5792270473014748e+16 1.5639249542876738e+16 1.547104236042069e+16 1.5283685838035862e+16 1.5071549666290122e+16 1.4531012946899738e+16 1.4158938945355944e+16 1.3640158322366808e+16
38900.00544977019 1.98120850793579e+16 1.9564903567214452e+16 1.9280336836326284e+16 1.8983273862969816e+16 1.8652667908636172e+16 1.8277807964572212e+16 1.784713880870655e+16 1.760058553218382e+16 1.732620061526769e+16 1.701583414388031e+16 1.6807375268525962e+16 1.6656660467725054e+16 1.6406937845218158e+16 1.6221855882863684e+16 1.5905346642623978e+16 1.5658889288271062e+16 1.5521549687187812e+16 1.5372024834931722e+16 1.5207756720175482e+16 1.5024966573957788e+16 1.4818007042400636e+16 1.4291195890147894e+16 1.392889596571897e+16 1.3423727468594194e+16
39100.00547778959 1.9582942725012004e+16 1.932866737614874e+16 1.9063928408629236e+16 1.8763480685683372e+16 1.8429778147480916e+16 1.8059732530292468e+16 1.762939274822352e+16 1.73853757553966e+16 1.7114158921984752e+16 1.6808870075868636e+16 1.6602743407883426e+16 1.6453468153183396e+16 1.6207277907312062e+16 1.6024793898394326e+16 1.5713351573151292e+16 1.5471264127118914e+16 1.5336112279880646e+16 1.5189288855878434e+16 1.5027945004453032e+16 1.4848507581874696e+16 1.4645339097100016e+16 1.412789962501318e+16 1.3771404679701604e+16 1.3272996583089806e+16
39300.00550580899 1.930315905831802e+16 1.9055660884041176e+16 1.8789751207469996e+16 1.850031948891835e+16 1.817626126269522e+16 1.7816716991898474e+16 1.7396764905707198e+16 1.7156783912350078e+16 1.6890846762593404e+16 1.6591096477640566e+16 1.6389090296281488e+16 1.6242612928828508e+16 1.60008009089687e+16 1.5821157197513006e+16 1.5514814142092306e+16 1.5276539009083052e+16 1.5143577170823676e+16 1.4998899864242158e+16 1.4839990584274976e+16 1.466317760930074e+16 1.446295612950341e+16 1.3953130558928774e+16 1.3602090175464796e+16 1.3111698137030766e+16
39500.00553382829 1.911530169745924e+16 1.887477756597611e+16 1.8612868212526156e+16 1.8330243543574056e+16 1.8015435745724636e+16 1.7658667610575602e+16 1.7245707511413936e+16 1.7009676981009592e+16 1.6748715766843778e+16 1.64528652185495e+16 1.625335866646968e+16 1.6108887582904274e+16 1.5870069318544948e+16 1.569311663198471e+16 1.5389354747225312e+16 1.5153070175515112e+16 1.5021232477811158e+16 1.4877663083376038e+16 1.4719813296546908e+16 1.4543965374341576e+16 1.4344831557363384e+16 1.3837312647456994e+16 1.348807696655205e+16 1.300193872754159e+16
39700.0055618477 1.884874354198135e+16 1.8610651563583404e+16 1.835312336540195e+16 1.807094914383821e+16 1.7751805829250482e+16 1.7400946131260952e+16 1.699481158805596e+16 1.6762462752098478e+16 1.6504268502441882e+16 1.6211685368438254e+16 1.6015384949446742e+16 1.587263378905304e+16 1.5637427603514544e+16 1.5462466144825062e+16 1.5163373500686854e+16 1.4930665745122666e+16 1.4800733898147708e+16 1.4659410009393802e+16 1.4504066374899994e+16 1.4331013899374072e+16 1.4135140796810434e+16 1.3636149034916694e+16 1.3293059490844378e+16 1.281566590731974e+16
39900.00558986709 1.8269071265513732e+16 1.803504599224345e+16 1.77828234757405e+16 1.7509026349588936e+16 1.7204717860488918e+16 1.6863031080987004e+16 1.6469945661603382e+16 1.6247499923362324e+16 1.6000010951240016e+16 1.5719693753155056e+16 1.5531912865443228e+16 1.5395723153655268e+16 1.5171138986721458e+16 1.5004700671898664e+16 1.4720528218677676e+16 1.450028941140752e+16 1.4377505585969316e+16 1.424416504151738e+16 1.409793470878034e+16 1.393545079034227e+16 1.3751915693265178e+16 1.3286966884294426e+16 1.2969190892674656e+16 1.2527119021275916e+16
40100.00561788649 1.829310393539183e+16 1.8059987463247572e+16 1.7805394625953308e+16 1.7531528217743258e+16 1.722805381516562e+16 1.6882889273476628e+16 1.6481469967260692e+16 1.6253090201271186e+16 1.5998415237298388e+16 1.5710546368604484e+16 1.5515629622596068e+16 1.5374808060749768e+16 1.5141509846752984e+16 1.4967729710809602e+16 1.4670800661152076e+16 1.4439731385592034e+16 1.4310684886611972e+16 1.4170429949720132e+16 1.4016399296291574e+16 1.3845149115461188e+16 1.3651609454632286e+16 1.3161707764682682e+16 1.2827652573606644e+16 1.2362922423945284e+16
40300.00564590589 1.8036762661497556e+16 1.78078952805369e+16 1.7566254941786948e+16 1.7292665853125272e+16 1.6997867581344058e+16 1.6660937560154114e+16 1.6272012358423044e+16 1.6050688602226254e+16 1.5802929359278768e+16 1.5523166955225926e+16 1.5334340928443156e+16 1.5197631984024306e+16 1.497118441602437e+16 1.480289139013394e+16 1.4514814549118032e+16 1.429037650077178e+16 1.4165131028667882e+16 1.4028829273781252e+16 1.3879027290387526e+16 1.3712340103527416e+16 1.3523752090508212e+16 1.3044933927694364e+16 1.2717371375213628e+16 1.2262008076221982e+16
40500.00567392529 1.7640241263253032e+16 1.7415329710961008e+16 1.7173662017339606e+16 1.6906183398768288e+16 1.6610113087546142e+16 1.6276043019721892e+16 1.588704655444105e+16 1.5665276211123004e+16 1.5418427905214038e+16 1.513767996146516e+16 1.49483547744074e+16 1.4811042449672642e+16 1.4584169175661446e+16 1.4415303345860176e+16 1.4126793879151778e+16 1.3902511724691614e+16 1.3777571201551066e+16 1.3641924773771056e+16 1.34932529417192e+16 1.3328345328191536e+16 1.3142575819819228e+16 1.2675169277296364e+16 1.2358421540177052e+16 1.1915163420918506e+16
40700.005701944596 1.7367630328183586e+16 1.7142259316186554e+16 1.690433571952757e+16 1.6643151361481992e+16 1.635432851509685e+16 1.6027323419127178e+16 1.5649884553197114e+16 1.5433981686959144e+16 1.5195011652568034e+16 1.4923589880719764e+16 1.4740816357059184e+16 1.460845245625055e+16 1.438994412824742e+16 1.4227541825301386e+16 1.3950375764061748e+16 1.3735066601762068e+16 1.3615215379789502e+16 1.3485019961516812e+16 1.3342320845652168e+16 1.3183948706889028e+16 1.3005452958042142e+16 1.25556694510149e+16 1.2250590285880082e+16 1.1826054589924808e+16
40900.005729963996 1.7286729582857536e+16 1.7066342246398888e+16 1.6825782282857062e+16 1.6559768015222678e+16 1.626599553450267e+16 1.593211049907052e+16 1.554388312264665e+16 1.5321519560271206e+16 1.507328325481175e+16 1.4791412182405928e+16 1.4600692999275386e+16 1.4462202877508756e+16 1.42331262293387e+16 1.4062592406974552e+16 1.3771255102457272e+16 1.354509270264304e+16 1.3419257995873548e+16 1.3282891995132302e+16 1.3133716531169348e+16 1.2968718045800586e+16 1.2783571034000354e+16 1.2321935743960982e+16 1.2012786825211428e+16 1.1583101985024238e+16
41100.00575798339 1.6997816236440134e+16 1.6783329193246812e+16 1.6551919697316272e+16 1.6297036050661048e+16 1.6015549473046622e+16 1.5697539315861068e+16 1.5327910930080568e+16 1.5116815438892366e+16 1.48818004185959e+16 1.4615552620108048e+16 1.4435830945776784e+16 1.4305409443187816e+16 1.4089730686478802e+16 1.3929400303848482e+16 1.3655140484981844e+16 1.3441827835313088e+16 1.3322937484187946e+16 1.3193809756107656e+16 1.3052215258625838e+16 1.2895047462313336e+16 1.271792124405183e+16 1.2271982861409424e+16 1.197024063470015e+16 1.1551699664094518e+16
41300.005786002796 1.678757051388376e+16 1.6570649522590432e+16 1.6336126787790606e+16 1.607892438935418e+16 1.5791425207033272e+16 1.5466897543776284e+16 1.5089242839957544e+16 1.4873350061716214e+16 1.463304779660368e+16 1.4359911353255596e+16 1.4175580575603546e+16 1.4041768575646466e+16 1.3820800547418424e+16 1.3656571102141278e+16 1.337650585746697e+16 1.3159522337490588e+16 1.3038988172658152e+16 1.2908438696283472e+16 1.2765785086975036e+16 1.2608166760735974e+16 1.2431453222185002e+16 1.1991126733044876e+16 1.1695831539146282e+16 1.1283058426858908e+16
41500.00581402219 1.6576313560193408e+16 1.6368014580965532e+16 1.6141537637307878e+16 1.589348737289675e+16 1.5616888473880432e+16 1.5305876969683142e+16 1.4943963545819728e+16 1.4737161763694678e+16 1.4506908507524468e+16 1.424569873642525e+16 1.4069437481719702e+16 1.3941516787109034e+16 1.373001552762378e+16 1.3572647649531958e+16 1.3303706337535102e+16 1.309470975274879e+16 1.2978333937477114e+16 1.2851945178539148e+16 1.2713449492800532e+16 1.2559902098521448e+16 1.2387042647861334e+16 1.1953088580469166e+16 1.1660489728604444e+16 1.125469070661382e+16
41700.005842041595 1.6239127078592874e+16 1.6030622367151608e+16 1.580470472740656e+16 1.555670991220834e+16 1.528164228127367e+16 1.4970422872794762e+16 1.4608696334637018e+16 1.440185153985465e+16 1.4171690556022054e+16 1.3910512507192502e+16 1.3734366936059232e+16 1.3606543630646712e+16 1.3395494099049624e+16 1.3238723114970528e+16 1.2971431456998624e+16 1.2764456126552852e+16 1.2649502348769854e+16 1.2525026324478604e+16 1.2389039568109592e+16 1.2238816333591314e+16 1.2070441654932158e+16 1.1651207085111384e+16 1.1370390538437802e+16 1.0977524725818944e+16
41900.00587006089 1.6109483284807828e+16 1.5908945455148726e+16 1.5692301739427946e+16 1.545420718758937e+16 1.5190397567250868e+16 1.4892012144157648e+16 1.4544867162624992e+16 1.4345980125731276e+16 1.4124391542540544e+16 1.387274372737317e+16 1.370255669417017e+16 1.357900646338962e+16 1.337455010127757e+16 1.3222235225935838e+16 1.2961695285117526e+16 1.2759059527700908e+16 1.2646143850210552e+16 1.2523566239911986e+16 1.2389235429480276e+16 1.2240320047155282e+16 1.2072752422270342e+16 1.1652712172429586e+16 1.1370168301942794e+16 1.0978425551154114e+16
42100.00589808029 1.5717516420628136e+16 1.552371841052369e+16 1.5312060044841036e+16 1.5080824796531932e+16 1.482304903835592e+16 1.4531169327639414e+16 1.4191467109884562e+16 1.3997221417144618e+16 1.3780454724796548e+16 1.3534228942215398e+16 1.3367950102836276e+16 1.324726101389975e+16 1.3047729071903792e+16 1.2899385719091322e+16 1.2646107244281248e+16 1.2449758136935526e+16 1.2340613554499218e+16 1.2222386234248674e+16 1.20931453769662e+16 1.1950287516941738e+16 1.1790060542241278e+16 1.139058016171263e+16 1.1122541715711702e+16 1.0747108996351822e+16
42300.00592609969 1.5752596795762094e+16 1.5555131314945086e+16 1.5340684973237536e+16 1.510609543841966e+16 1.4845157039311644e+16 1.4550229041979614e+16 1.4206825084500768e+16 1.401058300909897e+16 1.3791985807842732e+16 1.354369654413212e+16 1.337598306559867e+16 1.3254161677973432e+16 1.305285632715468e+16 1.2902980588471184e+16 1.2646902113807398e+16 1.2448018228179324e+16 1.2337299994271042e+16 1.2217167245069312e+16 1.2085616295315732e+16 1.1939925622197846e+16 1.1776129168676596e+16 1.136612954162303e+16 1.1090526459996078e+16 1.0707527453056188e+16
42500.005954119086 1.545429476545434e+16 1.5259198289628092e+16 1.5048288579001226e+16 1.4816424632378054e+16 1.4558696341754092e+16 1.4266895089571072e+16 1.3927669492962046e+16 1.3733590690095522e+16 1.3517442231075784e+16 1.3271942624479676e+16 1.310620218558411e+16 1.2985928239385462e+16 1.2787174255706584e+16 1.2639468952189506e+16 1.2387440463330016e+16 1.219219144741534e+16 1.2083733749096984e+16 1.1966270924255264e+16 1.1837951071939962e+16 1.1696222178766056e+16 1.1537446278207252e+16 1.1142801692217598e+16 1.0879413882734206e+16 1.0512878236135992e+16
42700.00598213849 1.5276011256930098e+16 1.5084451392566692e+16 1.4878014506186702e+16 1.4651072712224178e+16 1.4398935385749332e+16 1.411350497031524e+16 1.3782011727951414e+16 1.3592442517460016e+16 1.3381243435521752e+16 1.314152790549837e+16 1.2979593279668576e+16 1.286207291192709e+16 1.2667783338672722e+16 1.252325565838569e+16 1.22764165458628e+16 1.2084882770253768e+16 1.1978335100919196e+16 1.186281740136432e+16 1.1736445400758456e+16 1.1596629193088458e+16 1.1439665325363652e+16 1.1048001330243728e+16 1.0785758905766022e+16 1.042166879305205e+16
42900.00601015789 1.4584359890550994e+16 1.4407927227745444e+16 1.4217287928744236e+16 1.40097588865263e+16 1.377877669954154e+16 1.3518342416666424e+16 1.321655452360877e+16 1.3044182689353652e+16 1.2852408212616816e+16 1.2635046780683078e+16 1.2488402223147866e+16 1.238202104490374e+16 1.2206199076089458e+16 1.2075438942648788e+16 1.1852005558978298e+16 1.1678420914627962e+16 1.1581745546165192e+16 1.1476764213155188e+16 1.1361701831489188e+16 1.1234053264939866e+16 1.109019035752728e+16 1.0727311027337626e+16 1.0479400523002618e+16 1.0124035376438356e+16
43100.00603817729 1.3764215283991292e+16 1.359775315093692e+16 1.3418245275121882e+16 1.3222896970755352e+16 1.3007104985057604e+16 1.2764917825818192e+16 1.248567638860956e+16 1.232708723384663e+16 1.2151414264727342e+16 1.195333127247019e+16 1.1820384321984586e+16 1.1724262220524444e+16 1.1566153618886486e+16 1.1449209095235056e+16 1.1250652454208486e+16 1.1097541491089366e+16 1.1012659036924198e+16 1.092080827261353e+16 1.08204537553913e+16 1.0709444122604616e+16 1.058458783885052e+16 1.0268735074902242e+16 1.0048030673368126e+16 9708768039576228.0
43300.00606619659 1.3887076642479826e+16 1.371969832771192e+16 1.353941943307855e+16 1.3342136228999494e+16 1.31242792912473e+16 1.2878470432723708e+16 1.2594748725932754e+16 1.2433202913911558e+16 1.225388284612644e+16 1.2051309124194736e+16 1.191502823913657e+16 1.1816412951304716e+16 1.165384637866479e+16 1.1533321793121106e+16 1.1328124163559866e+16 1.116936914743344e+16 1.108117395178479e+16 1.0985571493485648e+16 1.0880938514734528e+16 1.076497640936089e+16 1.0634296959255498e+16 1.0302905549409958e+16 1.0071810298435236e+16 9723705390514798.0
43500.00609421599 1.3159806694713832e+16 1.3006708254510022e+16 1.2841478011954354e+16 1.266128062952159e+16 1.2462627075385188e+16 1.2239239529182484e+16 1.1981693943593376e+16 1.183529227741405e+16 1.167294935244004e+16 1.1489658050264834e+16 1.136638556608115e+16 1.1277166901890262e+16 1.113013512053985e+16 1.1021088450252894e+16 1.0835274823436548e+16 1.0691274514492884e+16 1.0611136951549896e+16 1.0524132413768616e+16 1.0428699316445906e+16 1.0322610967755406e+16 1.0202546858446256e+16 9894626069353428.0 9675742704350872.0 9338343294884680.0
43700.00612223539 1.2771272699418236e+16 1.2624756156070916e+16 1.2466954099243954e+16 1.2295080361586868e+16 1.2105612160586086e+16 1.1893015773345754e+16 1.1648290709094874e+16 1.1509330100471586e+16 1.135545138775632e+16 1.1181804034048758e+16 1.106512629082633e+16 1.0980718027841856e+16 1.0841598890140646e+16 1.0738425444634564e+16 1.056256317274012e+16 1.042614833698775e+16 1.0350141488444512e+16 1.0267516772778254e+16 1.0176721779456626e+16 1.0075548402338284e+16 9960655028597810.0 9663547573027922.0 9449779356155718.0 9114755921126934.0
43900.0061502548 1.2604118316634392e+16 1.2457533003745698e+16 1.2299635285932614e+16 1.2128010319897754e+16 1.1938471001205646e+16 1.1726107650114886e+16 1.1481725840747154e+16 1.1343033468206584e+16 1.1189555034982476e+16 1.1016524048857462e+16 1.0900351363148224e+16 1.081637212014074e+16 1.0678063698011612e+16 1.057558901841239e+16 1.0401113735509192e+16 1.0265931197322716e+16 1.0190676619358498e+16 1.0108925250376292e+16 1.001916756346551e+16 9919249016357964.0 9805929968081478.0 9513839643086268.0 9304742541097458.0 8978495153992585.0
44100.00617827419 1.2043393517153182e+16 1.1910621946044084e+16 1.1767819419831508e+16 1.1612764162847926e+16 1.1442158129462264e+16 1.1250979679775862e+16 1.103145310252185e+16 1.090698257368265e+16 1.0769202567123032e+16 1.0613832643047042e+16 1.0509442172885498e+16 1.0433900115977616e+16 1.0309341620326936e+16 1.0216861657292626e+16 1.0058873117567574e+16 9935837137995188.0 9867033692789758.0 9791996851575440.0 9709208003309748.0 9616493480994240.0 9510556535622470.0 9233121706159748.0 9030324802382584.0 8707605134079866.0
44300.00620629359 1.1901963214961938e+16 1.1769332823801848e+16 1.1626477540426674e+16 1.147133954106044e+16 1.1300617021612144e+16 1.1109341304481244e+16 1.0889495611923006e+16 1.0764810382835542e+16 1.0626760190020102e+16 1.0471040034222464e+16 1.0366415395189972e+16 1.0290719264584864e+16 1.016595082963373e+16 1.0073366363048434e+16 9915385195755524.0 9792576649313176.0 9724011152397810.0 9649344666666430.0 9567114208673308.0 9475233261236458.0 9370548626607434.0 9097835151468124.0 8899026288782289.0 8580271747688739.0
44500.00623431289 1.1750873309101726e+16 1.1618564705413294e+16 1.1476229426821006e+16 1.1321659521793706e+16 1.1151591951923736e+16 1.096109713459127e+16 1.0742334440355624e+16 1.0618299074083526e+16 1.0481012183905478e+16 1.0326163404415866e+16 1.0222097534711592e+16 1.0146787840277788e+16 1.00225872861229e+16 9930358749454674.0 9772745915380420.0 9649968717704648.0 9581303057625410.0 9506418815472528.0 9423810248159150.0 9331326800401290.0 9225719811684462.0 8949488523481826.0 8747227057249271.0 8423120710356095.0
44700.00626233229 1.1315391478038146e+16 1.1193200275872824e+16 1.1061958362783194e+16 1.0919515934616622e+16 1.0763029677716124e+16 1.0587669607899966e+16 1.038626538248247e+16 1.0272135635340458e+16 1.0145702308837628e+16 1.0002976606227316e+16 9906994533021040.0 9837450790116396.0 9722638647374916.0 9637248850161882.0 9491058790568436.0 9376916962731246.0 9312981639632204.0 9243167606514262.0 9166050901124950.0 9079583974813322.0 8980652838275356.0 8720411041894400.0 8527389548475999.0 8212188533186706.0
44900.006290351695 1.1320331523285814e+16 1.1194575239287924e+16 1.105938331529723e+16 1.0912780973294486e+16 1.0751621064038964e+16 1.057138570572939e+16 1.036453811808169e+16 1.0247343744308336e+16 1.0117691183326664e+16 9971515929784970.0 9873307838494012.0 9802239130846132.0 9685039685032642.0 9598003650008306.0 9449258919180842.0 9333379861253690.0 9268576473977512.0 9197910647820292.0 9119968912747184.0 9032729931283470.0 8933126444565487.0 8672328812845018.0 8480402375697959.0 8170200804780916.0
45100.00631837109 1.1036557005780868e+16 1.0916537578218384e+16 1.0787478268979454e+16 1.0647527779265636e+16 1.0493542215967632e+16 1.0321332723799236e+16 1.0123489836259802e+16 1.0011265382154986e+16 9886928334184244.0 9746483322606538.0 9651925885223190.0 9583368024876434.0 9470061353242948.0 9385669797434388.0 9240894725259806.0 9127576378159062.0 9063982466629248.0 8994445362079424.0 8917517973911124.0 8831121778713483.0 8732110121195682.0 8471219644890230.0 8278379625208714.0 7967936268014977.0
45300.006346390495 1.0805797012101866e+16 1.069147244986567e+16 1.0568638675984696e+16 1.0435242574738096e+16 1.0288504922039338e+16 1.0124333143809402e+16 9935654290110232.0 9828632968953260.0 9710042334313840.0 9576064244348014.0 9485855556337492.0 9420456116663950.0 9312337308837744.0 9231797659501978.0 9093586600285016.0 8985331494116030.0 8924538518197801.0 8858018198547045.0 8784354395454301.0 8701507174024519.0 8606361832505605.0 8353990569279656.0 8164843061120711.0 7854084771158113.0
45500.006374409895 1.0807122427049048e+16 1.069135420231111e+16 1.0566967900348736e+16 1.0431821376980564e+16 1.0283096393390722e+16 1.0116560121119266e+16 9925024554606906.0 9816384831989498.0 9695937911563636.0 9559851329049038.0 9468207694205352.0 9401747705983840.0 9291857546419330.0 9209980318049272.0 9069495418968104.0 8959466948913207.0 8897690566834717.0 8830100339474774.0 8755269929284165.0 8671140328872964.0 8574583282562253.0 8319242994156463.0 8129332540511621.0 7820226549161619.0
45700.00640242919 1.0783992512736678e+16 1.06657047691309e+16 1.0538679008569664e+16 1.0400729605408776e+16 1.0249122687837022e+16 1.0079338254649404e+16 9884387924985090.0 9773852399719110.0 9651468483627312.0 9513387654589616.0 9420534138551552.0 9353284514604684.0 9242264811804794.0 9159701835585258.0 9018320690473258.0 8907863012697341.0 8845941347094646.0 8778273004904884.0 8703436814749624.0 8619387606527311.0 8523014643686734.0 8268483235312713.0 8079615305024574.0 7773056287030558.0
45900.00643044859 1.042547214700261e+16 1.0316205305938192e+16 1.0198619859075214e+16 1.0071071211921114e+16 9930577369870506.0 9773182898147898.0 9592133862583654.0 9489315147631234.0 9375319802014138.0 9246428043277908.0 9159563408793848.0 9096530716868544.0 8992226399362218.0 8914407627895487.0 8780549786622544.0 8675320559729821.0 8616030283128277.0 8550959472371323.0 8478619178640764.0 8396852697567383.0 8302349987270585.0 8048486218421124.0 7856000991419056.0 7537286269729777.0
46100.006458467986 1.0492268051698038e+16 1.0380018369460304e+16 1.0259319634539298e+16 1.0128064812328524e+16 9983706510449902.0 9821996414319878.0 9636063669313240.0 9530560878794440.0 9413621989371974.0 9281482998194230.0 9192501295500888.0 9127979855956448.0 9021302003706004.0 8941812374615379.0 8805302014126316.0 8698207226601044.0 8637962460660583.0 8571925525337168.0 8498621283930848.0 8415905868540805.0 8320503053907568.0 8065568686508961.0 7874468793661761.0 7565092775704352.0
46300.00648648739 1.0348467815135712e+16 1.0237947901827468e+16 1.0119068375839376e+16 9990054008991442.0 9847913475355874.0 9688792922311616.0 9505869302952806.0 9402077921614064.0 9287068572092684.0 9157141212481632.0 9069691073808376.0 9006285328215682.0 8901486469578988.0 8823400331964271.0 8689306607263152.0 8584072875400631.0 8524834941340653.0 8459849267721885.0 8387615024366974.0 8305934111494638.0 8211410675107861.0 7956328826765359.0 7762050497765795.0 7442789816764714.0
46500.00651450679 1.0380782974249788e+16 1.0268435956597146e+16 1.0147702036360036e+16 1.0016670020468672e+16 9872342506642724.0 9710811017996262.0 9525302223061230.0 9420159068242332.0 9303822657235030.0 9172613226215086.0 9084496030308270.0 9020739862906598.0 8915625650644415.0 8837559684308415.0 8704121142702947.0 8600031509392919.0 8541712127003249.0 8477972490262106.0 8407430781832784.0 8328058141504130.0 8236704809784660.0 7992118862974644.0 7806145767520107.0 7496964282260182.0
46700.00654252619 1.03497095252901e+16 1.0236510785988604e+16 1.0114812123838106e+16 9982398786699724.0 9836703112340858.0 9673583558700918.0 9486089054202908.0 9379878746479276.0 9262344148974624.0 9129891302614012.0 9040985396905862.0 8976681257728993.0 8870699934220198.0 8792079068339519.0 8657779114634407.0 8553184827804947.0 8494656445377667.0 8430760785409942.0 8360137124798734.0 8280799321155629.0 8189656432169427.0 7946474458367042.0 7762028145648135.0 7455101151929500.0
46900.00657054549 1.0208817904000302e+16 1.0097650327501354e+16 9977997999601758.0 9847829476385016.0 9704369365095232.0 9543596517348588.0 9358764248244922.0 9253844791291744.0 9137700333839242.0 9006669180096870.0 8918627606635816.0 8854903769828477.0 8749824121866418.0 8671793954624048.0 8538405353418209.0 8434376300540419.0 8376102074257404.0 8312419425495617.0 8241942206055029.0 8162630160634542.0 8071287061735025.0 7825905005172451.0 7637806241679872.0 7322632149888277.0
47100.00659856489 1.0093999886757826e+16 9984314554172562.0 9866647608801078.0 9738662862640368.0 9598031194485016.0 9440519643197860.0 9259543205958900.0 9157004440777548.0 9043615345004284.0 8915939678599708.0 8830302129872620.0 8768407634853955.0 8666507583910434.0 8590997015863078.0 8462276329632220.0 8362227157620123.0 8306320353118744.0 8245339669687206.0 8177994634684455.0 8102380516822521.0 8015528554340262.0 7783284670420664.0 7605883425202756.0 7306596196135105.0
47300.00662658429 1.0167867455494192e+16 1.0054287255924486e+16 9931955220925114.0 9799096616210320.0 9652721789153318.0 9488789465878904.0 9300562828014996.0 9194012985370940.0 9076292123447666.0 8943925750833229.0 8855247325806516.0 8791245428720747.0 8686043188750021.0 8608239047517050.0 8476001880776563.0 8373661149110191.0 8316675301401477.0 8254719427292516.0 8186572299561495.0 8110463868154356.0 8023661009916648.0 7795634899964413.0 7626192519311019.0 7348925555854688.0
47500.0066546037 9942997139171866.0 9835347686563150.0 9719493036762324.0 9593497295929490.0 9454669382749618.0 9299108846283656.0 9120263446950320.0 9018863000548560.0 8906608744506077.0 8780032671263710.0 8695033519817270.0 8633554075311564.0 8532237599507056.0 8457050886438262.0 8328697556956389.0 8228781536723906.0 8172899722794797.0 8111924783110265.0 8044572716931080.0 7968978217909368.0 7882245908227057.0 7651590737670368.0 7477526730060443.0 7188746270402690.0
47700.00668262309 9844503422483520.0 9736934006445738.0 9620972140373066.0 9495134330989136.0 9356578186789830.0 9201014674378652.0 9022499145385864.0 8921331233069111.0 8809379844997045.0 8683326341603903.0 8598791599264319.0 8537718528528300.0 8437244470962860.0 8362866672627681.0 8236326805352017.0 8138295489995441.0 8083687727521038.0 8024304410300402.0 7958986148248546.0 7886055114979817.0 7802929210707327.0 7585110776487616.0 7423995224387687.0 7160045428701767.0
47900.00671064249 9834296108037468.0 9726903161207300.0 9611442524245332.0 9485472220319830.0 9346600025768132.0 9190648230088034.0 9011168497508498.0 8909277170877207.0 8796472878734207.0 8669362818624053.0 8584038457827980.0 8522365927452477.0 8420860243700153.0 8345690111351163.0 8217763971875672.0 8118662562059002.0 8063475679779579.0 8003494978168996.0 7937571914630054.0 7864072246315862.0 7780516387148934.0 7563672817853117.0 7406511925460955.0 7155107259927593.0
48100.00673866189 9568133674779642.0 9464773206844984.0 9353498970073670.0 9232479165183992.0 9099194429151572.0 8949609616453060.0 8777573230712743.0 8680011420974153.0 8572015958040016.0 8450259182108324.0 8368548217887622.0 8309471254567186.0 8212206387187051.0 8140127953261101.0 8017312414384956.0 7921993456363112.0 7868820651024989.0 7810937671531509.0 7747202673150883.0 7675969518722870.0 7594717209508487.0 7381924573594646.0 7224873708179867.0 6965285116405181.0
48300.00676668119 9707343875415700.0 9600925855005342.0 9486404493749146.0 9361401170163430.0 9223539870771294.0 9068534392054008.0 8890083886024422.0 8788635851417118.0 8676206628896190.0 8549256145706357.0 8463905226683537.0 8402138856847505.0 8300315063189987.0 8224786150779956.0 8096000649740839.0 7996069895497788.0 7940389924828451.0 7879863994854371.0 7813375163694563.0 7739349978182604.0 7655435598939616.0 7439799550577916.0 7285951430951316.0 7041746769665198.0
48500.006794700595 9558550875741716.0 9452663296228120.0 9338598182642990.0 9214182272774062.0 9076890704748700.0 8922530481367200.0 8744722369692506.0 8643824467173063.0 8532033475033895.0 8406016790049743.0 8321427506579417.0 8260314199282064.0 8159759916658647.0 8085352098379785.0 7958924695753326.0 7861234514746013.0 7806964553502812.0 7748110940103608.0 7683619513806583.0 7611988045509028.0 7530967505691508.0 7323045598347106.0 7174053010537847.0 6934985975469508.0
48700.00682271999 9348531150280440.0 9246778728243666.0 9137173243994200.0 9017577920408836.0 8885943467253015.0 8738273995366813.0 8568553215387951.0 8472309363393583.0 8365804995150888.0 8245834860048107.0 8165347174593722.0 8107218457438107.0 8011583342096286.0 7940792964106833.0 7820383597221858.0 7727168792835316.0 7675280927430767.0 7618907580796006.0 7556979514268504.0 7487983838892811.0 7409622143142397.0 7206659096526267.0 7059347754570171.0 6819671413049773.0
48900.006850739395 9250775132107640.0 9149496587856838.0 9040399943474552.0 8921670769271376.0 8790522204690255.0 8643750734900683.0 8474979739186300.0 8379310351689335.0 8273488394415823.0 8154342716044451.0 8074479832282856.0 8016791858680769.0 7922001129185767.0 7851874163950424.0 7732711841325872.0 7640594611732761.0 7589377360480999.0 7533790694340069.0 7472796899094782.0 7404939296053962.0 7327994833239714.0 7129225781041497.0 6985173392089287.0 6751524718747091.0
49100.006878758795 9251356494702898.0 9150703889142926.0 9042158400188522.0 8923654230522351.0 8793412293831723.0 8647270071646252.0 8479218953125001.0 8383850202901452.0 8278310642335896.0 8159416185153009.0 8079620441997153.0 8021960464819817.0 7927065219191708.0 7856797575600052.0 7737241966558995.0 7644671353321610.0 7593148346249855.0 7537177543822799.0 7475716315626235.0 7407274385598032.0 7329609002257344.0 7129078924590195.0 6984813925180176.0 6755280199888075.0
49300.00690677819 9065676837617410.0 8966679857280372.0 8860013754273594.0 8743720918744898.0 8615607488731670.0 8471950488690589.0 8306717343019137.0 8213026975038844.0 8109414439610163.0 7992714654480612.0 7914469042065828.0 7857961626161772.0 7765059957709902.0 7696319085988792.0 7579508424626382.0 7489165054075959.0 7438912796656153.0 7384346072606880.0 7324443018410046.0 7257745329375891.0 7182041219742116.0 6986077910286983.0 6843854301299378.0 6614252834282022.0
49500.00693479749 8966014004244350.0 8869823592855336.0 8766230213211235.0 8653587421095046.0 8529271628732592.0 8389998079686234.0 8229874818355694.0 8139066616934760.0 8038616992149485.0 7925462137713859.0 7849565381894055.0 7794717167926750.0 7704487134558399.0 7637684026316385.0 7524054654278391.0 7436078082159012.0 7387110393215273.0 7333910789570785.0 7275481710342149.0 7210391905907642.0 7136485144522588.0 6945138463318475.0 6806493253490655.0 6582888062082459.0
49700.006962816886 8922497280164373.0 8825923483130985.0 8721768888976049.0 8608287659110953.0 8483077105735223.0 8342494719296216.0 8180560949476486.0 8088625216756208.0 7986833779277016.0 7872046753201352.0 7794976700441481.0 7739263822409753.0 7647558941358217.0 7579626481575774.0 7463981389515202.0 7374379013801470.0 7324476812929999.0 7270242450901022.0 7210645797364846.0 7144228711112819.0 7068784465967172.0 6873540595743224.0 6732547058298394.0 6508283044651116.0
49900.00699083629 8859589530202097.0 8764070689320452.0 8660824442707947.0 8548622762079150.0 8424835441746220.0 8285943780390636.0 8126107328210413.0 8035573169942957.0 7935411841729551.0 7822642592032293.0 7747068124515219.0 7692508190864048.0 7602842078319283.0 7536558347664226.0 7424010308401968.0 7337086641733076.0 7288787130967816.0 7236382411322357.0 7178897767409499.0 7114951547499701.0 7042434744363260.0 6855079398800921.0 6719951516896284.0 6505152034380259.0
50100.00701885569 8608845972483027.0 8516959376248875.0 8417940973804589.0 8310450173104888.0 8191936921724342.0 8059283929785853.0 7906928076148623.0 7820739792070379.0 7725428565353862.0 7618229542294007.0 7546416577581370.0 7494595767315078.0 7409412666632445.0 7346429110543490.0 7239421549413843.0 7156666662669262.0 7110623315980990.0 7060603522298329.0 7005652602221525.0 6944391824894925.0 6874716076603636.0 6693198857147789.0 6560194855633381.0 6344467869002074.0
50300.00704687509 8659972962111288.0 8565076592688408.0 8462917814434603.0 8351649157804614.0 8229099808213713.0 8091547039637226.0 7933616934938011.0 7844287682101028.0 7745630691622068.0 7634905618056971.0 7560919311012701.0 7507621064031807.0 7420309141353101.0 7355994374065231.0 7247306647934785.0 7163816350393334.0 7117599662943029.0 7067592053202592.0 7012887448979454.0 6952176763125194.0 6883445774421285.0 6705491175789338.0 6575648489230025.0 6366621681201687.0
50500.00707489449 8505914181611791.0 8415088248320459.0 8317450988338118.0 8210741625458763.0 8093064816880134.0 7960974220607916.0 7808919105457122.0 7722641333894426.0 7627173887884495.0 7519604857894861.0 7447429417664276.0 7395282572053686.0 7309485998808159.0 7245949279939445.0 7137823039972303.0 7054012957924842.0 7007303007536380.0 6956485984795615.0 6900558107267305.0 6838082881999809.0 6766864042868650.0 6580699404048043.0 6444384433222803.0 6226801639263369.0
50700.00710291379 8488654565295872.0 8397792554645496.0 8299487842416969.0 8192482296099551.0 8074305720407298.0 7941575023441315.0 7788630833852657.0 7701788115823040.0 7605616381219268.0 7497202768931866.0 7424456537701020.0 7371879527170854.0 7285356967029661.0 7221307934109223.0 7112337312367724.0 7027970228653857.0 6981007769481254.0 6929980194127074.0 6873911816735490.0 6811412417680395.0 6740365331853334.0 6555877315309219.0 6421884277560417.0 6208123907495458.0
50900.00713093319 8398515055850315.0 8306967884253906.0 8208790671046022.0 8101676677831995.0 7983727700949264.0 7851671795767943.0 7700196601140913.0 7614586240780504.0 7520134679915369.0 7414206974865596.0 7343503041143421.0 7292602529902806.0 7209242048272949.0 7147864829455582.0 7044136235927490.0 6964444989508944.0 6920315535659773.0 6872546238727144.0 6820265332884642.0 6762209675392743.0 6696433401067075.0 6525840846978124.0 6401061202370224.0 6199992569936222.0
51100.0071589526 8272614732695165.0 8185130216755304.0 8091106092631429.0 7988486776217444.0 7875251506179820.0 7748022825001089.0 7601668363929233.0 7518631961273593.0 7426749804479265.0 7323296832289612.0 7253925162302678.0 7203835598580538.0 7121500984322973.0 7060623291569545.0 6957222183323000.0 6877306274468249.0 6832871579794591.0 6784626677828067.0 6731654767628712.0 6672628397625773.0 6605519524286869.0 6430700541463696.0 6302723887444530.0 6097211021784794.0
51300.00718697199 8287243256270412.0 8196818064660874.0 8099414090530044.0 7993287492173954.0 7876221303658628.0 7744625457897234.0 7593254689033926.0 7507489718413328.0 7412750178414157.0 7306302310927135.0 7235123471013491.0 7183842433674497.0 7099742187630596.0 7037754534188728.0 6932912260417178.0 6852302694890553.0 6807643799561145.0 6759291096290798.0 6706358037709639.0 6647568117979391.0 6580946709165369.0 6408038124189853.0 6281235541542015.0 6076229845049043.0
51500.00721499139 8163169810941859.0 8077182808137810.0 7984786547213176.0 7883708191803556.0 7772188227025763.0 7646908746934439.0 7502603759709955.0 7420719585113611.0 7330099380694618.0 7228016740394539.0 7159535757373883.0 7110098815321426.0 7028829172548629.0 6968731676196946.0 6866670705469918.0 6787824351239653.0 6743996301398385.0 6696423393489321.0 6644203250468668.0 6586036801892545.0 6519922614762050.0 6347616407011876.0 6221107647773709.0 6017275889559108.0
51700.00724301078 8119797639568451.0 8030930306047368.0 7935145158867905.0 7830749353940249.0 7715671873229956.0 7586600430085609.0 7438361645411746.0 7354564384537382.0 7262160835811575.0 7158627730435790.0 7089588933927707.0 7039965277209216.0 6958847524707597.0 6899271293731700.0 6798991258604624.0 6722354919507114.0 6680098289208846.0 6634517093252537.0 6584843288102178.0 6529964952276693.0 6468176316557100.0 6310009479202040.0 6196310110524346.0 6016755194656370.0
51900.00727103009 8010068766751729.0 7924886854518819.0 7832632642767749.0 7732172567788320.0 7621206344238575.0 7496589013476400.0 7353192265445531.0 7271878246417201.0 7181997556834412.0 7080934644779762.0 7013295814209639.0 6964521457258008.0 6884501984284455.0 6825479281358702.0 6725560688558367.0 6648657629483907.0 6606030413132688.0 6559857537704310.0 6509289602810774.0 6453096099723388.0 6389383240925561.0 6223784744687955.0 6101967403493003.0 5904047595748901.0
52100.007299049495 7979750911063852.0 7894823729886805.0 7803050476499234.0 7702987754563037.0 7592420091451205.0 7468131164967837.0 7325038251798203.0 7243795491709524.0 7153913526597133.0 7052779836356685.0 6985040416318451.0 6936179498092105.0 6855974477333814.0 6796760361463851.0 6696433083053815.0 6619150288901713.0 6576290136564298.0 6529846452921191.0 6478972630488463.0 6422427249646985.0 6358309576934097.0 6191771529115115.0 6069509159498680.0 5871385907460676.0
52300.00732706889 7855204278627750.0 7772372941627123.0 7683190108397839.0 7585849506221250.0 7478603310575783.0 7358145502554022.0 7219352046174855.0 7140715105432711.0 7053771659877075.0 6955985621433077.0 6890580190730055.0 6843438482060015.0 6766100622158656.0 6709075294383328.0 6612653578994802.0 6538573357699357.0 6497573877620072.0 6453223606765336.0 6404741354569164.0 6350978204933138.0 6290173007213095.0 6132745592039041.0 6016977863458982.0 5826978708348262.0
52500.00735508829 7808852180737989.0 7725046636897094.0 7634728775658584.0 7536081405368084.0 7427221493709512.0 7304984695266548.0 7164451796988523.0 7084885170147981.0 6997110457078833.0 6898672220028005.0 6833001037545406.0 6785765764274276.0 6708542058813999.0 6651795262129930.0 6556237557778067.0 6483178809568450.0 6442879405480976.0 6399392755263037.0 6351974466014130.0 6299535311664226.0 6240385860343875.0 6087904209728719.0 5976321807318948.0 5794371827673889.0
52700.007383107695 7813827950677230.0 7730898325920856.0 7641328347345251.0 7543480138667183.0 7435378153621804.0 7313664951038936.0 7173186052478850.0 7093375899995162.0 7005005428271180.0 6905461939512439.0 6838797054306765.0 6790720523830351.0 6711824885910450.0 6653662739798102.0 6555373957598260.0 6479988098482570.0 6438354168336494.0 6393410238824013.0 6344421222727685.0 6290321885568420.0 6229487104389501.0 6074285924507679.0 5962694715328785.0 5783941716523541.0
52900.00741112709 7622544672974505.0 7542530396082084.0 7456311465486180.0 7361830148072086.0 7257454173368641.0 7140235623564471.0 7005177418534971.0 6928645498708421.0 6844065125330921.0 6749020994046870.0 6685536853956387.0 6639838200066833.0 6565028444613699.0 6510013519312793.0 6417261150405789.0 6346272475962054.0 6307098780536282.0 6264810893305069.0 6218684783144622.0 6167653979246534.0 6110058154872556.0 5961222444345776.0 5851484458175092.0 5669056687539849.0
53100.00743914639 7608559717716343.0 7528091342122114.0 7441515947872142.0 7346993044232667.0 7242547092226535.0 7125128128524361.0 6989897661198397.0 6913095698695637.0 6828196906749448.0 6732665788259557.0 6668781629975827.0 6622737647321756.0 6547256600358714.0 6491665655703631.0 6397822789183752.0 6325927529790898.0 6286245944707022.0 6243428385982529.0 6196767860598219.0 6145248743886326.0 6087308641879683.0 5939214057436552.0 5832039965581914.0 5657760954742948.0
53300.007467165786 7514629632477543.0 7434282310918254.0 7347357084736276.0 7252520343443353.0 7147739337895958.0 7029892906957713.0 6894441263140095.0 6817709657996190.0 6733049388831792.0 6638141277334747.0 6574874516645660.0 6529394718791844.0 6455100163302816.0 6400604652987540.0 6308979836755694.0 6239102156461938.0 6200642690469470.0 6159216065133830.0 6114141442309658.0 6064422423634542.0 6008513812696297.0 5865111585089718.0 5760225601230174.0 5586411621798347.0
53500.00749518519 7494634480151622.0 7414983925955401.0 7328900383034955.0 7234949948924171.0 7131038740525283.0 7014273798742625.0 6879630816820260.0 6803219061465536.0 6718725118135926.0 6623793918045994.0 6560344954418245.0 6514654433075392.0 6439879855920227.0 6384920101989350.0 6292360714131544.0 6221665723595755.0 6182741984821704.0 6140817524730940.0 6095234565796858.0 6045028859495988.0 5988731157966897.0 5845694273249026.0 5742937396908307.0 5576200238282926.0
53700.00752320459 7420569918828703.0 7341605774090653.0 7255972001301783.0 7162572003273642.0 7059249002564110.0 6943091577304306.0 6809402100639864.0 6733598409529091.0 6649925925218967.0 6556044224592471.0 6493412776718513.0 6448365367661680.0 6374743957370690.0 6320694359628874.0 6229847892993294.0 6160608103851051.0 6122533229516008.0 6081567682303593.0 6037067912681766.0 5988106354957131.0 5933248343054804.0 5793922440894151.0 5693656837331152.0 5530310241738215.0
53900.007551223986 7389645209473944.0 7311942233869724.0 7227794176547097.0 7136178417413937.0 7034607246432542.0 6920216775473152.0 6788265252381626.0 6713249163247519.0 6630171418918783.0 6536703759342658.0 6474148546271759.0 6429054235785952.0 6355169844522351.0 6300781105060924.0 6209103593253785.0 6139033653593298.0 6100447794930946.0 6058908572866871.0 6013774858092432.0 5964139218589744.0 5908620024749344.0 5768606793729913.0 5669195413541385.0 5509530260800332.0
54100.00757924339 7317475670148714.0 7240365262113776.0 7156935943162467.0 7065737957326079.0 6964616080284675.0 6850850005760756.0 6719451332920776.0 6644803370656210.0 6562151483170712.0 6469186285846046.0 6406997730616148.0 6362198314849124.0 6288869541909739.0 6234951505856194.0 6144186407731896.0 6074950787066176.0 6036880347482849.0 5995939509292846.0 5951510470219422.0 5902712956329814.0 5848204814579738.0 5711037737823895.0 5613849794548310.0 5457823862779739.0
54300.007607262785 7143658503373726.0 7068253971348729.0 6986733132285699.0 6897755737704599.0 6799106295217432.0 6688309448395007.0 6560555721466044.0 6488186310757138.0 6408258704971085.0 6318616398845340.0 6258878272184464.0 6215945529589151.0 6145896073829630.0 6094588435565850.0 6008614122148157.0 5943379849088515.0 5907630893091889.0 5869278250495047.0 5827746128775373.0 5782204688232817.0 5731359458677695.0 5602750642414023.0 5510044807804573.0 5356859377013730.0
54500.00763528209 7192183538840945.0 7116623678812905.0 7034933359084807.0 6945451978671968.0 6846865316300946.0 6735610090289140.0 6607295299517922.0 6534422348086413.0 6453793939903562.0 6363184195403808.0 6302571639559962.0 6258928579784005.0 6187480368447827.0 6134957406632141.0 6046538757070841.0 5979080857322571.0 5941981076556303.0 5902079910973113.0 5858775999565080.0 5811221389551001.0 5758127164096832.0 5624896852044732.0 5531171536048109.0 5382201713142220.0
54700.00766330149 7115907122909114.0 7040660423137573.0 6959506972046829.0 6870510130628403.0 6772117633254945.0 6661345198436925.0 6533647137326878.0 6461175451585204.0 6380987503600998.0 6290905652387834.0 6230715600294220.0 6187407121410428.0 6116553838577370.0 6064522998880177.0 5977067672021632.0 5910458556445064.0 5873882004645056.0 5834587999216848.0 5792009380556268.0 5745328634252009.0 5693310352836462.0 5563124080565069.0 5471541993008824.0 5325350526848924.0
54900.00769132089 7054095306661397.0 6981206274659905.0 6902115343083510.0 6815684269881808.0 6719980757436004.0 6612040344561298.0 6487140464478815.0 6416051861831276.0 6337272131093002.0 6248477880119554.0 6189002847717110.0 6146100622990415.0 6075778236908789.0 6024012981075990.0 5936762232924685.0 5870147068528735.0 5833506795020204.0 5794111682113403.0 5751383195310209.0 5704509711660888.0 5652262742471671.0 5521691969266965.0 5430316752171557.0 5285544962548924.0
55100.00771934029 6996879726992984.0 6923180015221889.0 6843093162799644.0 6756130609626597.0 6659374781640104.0 6550690909527362.0 6425241740861096.0 6354013940664376.0 6275265557001798.0 6186732246780986.0 6127559861909651.0 6084955240900799.0 6015297276753712.0 5964139067811496.0 5878167838776916.0 5812738165787009.0 5776831691447899.0 5738289493717055.0 5696560698760553.0 5650871923862230.0 5600053884920930.0 5473516405366078.0 5385323942075272.0 5246262279107557.0
55300.00774735968 7028379416474030.0 6954562060062779.0 6874389111930237.0 6786404723961175.0 6688975740527890.0 6578742286983385.0 6451094882415700.0 6378308056915495.0 6297539054554626.0 6206473119768082.0 6145417773722113.0 6101388983684474.0 6029197628340365.0 5976079521257988.0 5886647870437449.0 5818502567950062.0 5781097218198118.0 5740954632662936.0 5697532436724735.0 5650065269739963.0 5597425760992119.0 5467712613703057.0 5379195228975355.0 5243589246430165.0
55500.00777537909 6840063388197462.0 6768480334444412.0 6691365306565367.0 6606728576260134.0 6513165118358566.0 6407693424172167.0 6285951276509032.0 6216807996376401.0 6140300345118272.0 6054313699564142.0 5996847188232318.0 5955493736380939.0 5887861562745392.0 5838196944859495.0 5754777517394385.0 5691330259328590.0 5656524780550788.0 5619172718123869.0 5578751290714354.0 5534511261085663.0 5485325856344640.0 5362957819385723.0 5277736919168350.0 5143394558368940.0
55700.007803398395 6862243425384956.0 6789491119130698.0 6710886734881650.0 6624645109853915.0 6529317643852408.0 6421777615938647.0 6297565973101861.0 6226891151083277.0 6148795238163918.0 6060966265912671.0 6002292731076448.0 5960078347768553.0 5891046787856183.0 5840389659215050.0 5755370218823118.0 5690781820728159.0 5655392576120692.0 5617452207721794.0 5576447748059330.0 5531654390443555.0 5481990700246042.0 5359462606743811.0 5275528099262958.0 5146338072747010.0
55900.00783141779 6796233942750106.0 6725930303757236.0 6650052022889959.0 6566940400833288.0 6474599953109155.0 6370146356776637.0 6249264332263471.0 6180490985438148.0 6104097365670124.0 6017911684714557.0 5960150650661846.0 5918471559789229.0 5850154713975779.0 5799872172413651.0 5715138568337155.0 5650504704087027.0 5614987016639225.0 5576838042887441.0 5535518242013805.0 5490278756151916.0 5440005997550290.0 5315560054075090.0 5230137927106417.0 5098742535186420.0
56100.00785943719 6722209524103859.0 6652253495693665.0 6576548186551231.0 6493674913061019.0 6401687204997851.0 6297948080169092.0 6177883305437096.0 6109554573532782.0 6033896769798091.0 5948654705330119.0 5891609014576027.0 5850500837184371.0 5783191417883768.0 5733719255233394.0 5650488632123186.0 5587096421198925.0 5552297609718713.0 5514944228417115.0 5474517889752957.0 5430295842544581.0 5381208580728610.0 5260001935442632.0 5177091711117250.0 5049997926285677.0
56300.007887456595 6639042779783155.0 6569681710212455.0 6494634384590817.0 6412486021134517.0 6321339714249921.0 6218515501500527.0 6099803548718118.0 6032331709105796.0 5957619247899901.0 5873657628003985.0 5817563183197075.0 5777216669859766.0 5711261921996332.0 5662877194823386.0 5581718981506624.0 5520110125693993.0 5486363717357901.0 5450196761373709.0 5411112114432550.0 5368408853347892.0 5321038793291348.0 5203901540734997.0 5123325860909751.0 4998938050517714.0
56500.00791547599 6642498666853125.0 6573150162260504.0 6498517377016822.0 6416268222962025.0 6325148117042169.0 6222255118753774.0 6103211954979376.0 6035346697280255.0 5960153762610027.0 5875347276458138.0 5818544316978007.0 5777590767124363.0 5710509644057772.0 5661169204129542.0 5578141500470890.0 5514929227532303.0 5480253285759940.0 5443057736781085.0 5402852539123366.0 5358947654530192.0 5310322689766378.0 5191023009872573.0 5110359867991153.0 4988850487241564.0
56700.007943495395 6580489696832098.0 6511599679949324.0 6436742852711862.0 6354847142571102.0 6263962693493472.0 6161247573392163.0 6042349167577455.0 5974625562603857.0 5899587098017975.0 5814990849938640.0 5758376314804839.0 5717595787016342.0 5650828569788149.0 5601772401153628.0 5519334499839810.0 5456672754920998.0 5422337682868592.0 5385545130309085.0 5345814404646870.0 5302476454194542.0 5254548660869887.0 5137225445989311.0 5058017821483502.0 4938590027579347.0
56900.007971514686 6472254711490895.0 6404524584574439.0 6331028808332670.0 6250672344237587.0 6161621129143939.0 6061016953747426.0 5944519303214286.0 5878171207274092.0 5804673270162343.0 5721974727696335.0 5666664058647996.0 5626821667882741.0 5561719168998286.0 5513964876289557.0 5433918603337311.0 5373259397927514.0 5340107796506635.0 5304645360660684.0 5266428676358662.0 5224825572104536.0 5178897072477450.0 5066469081728279.0 4990049355397194.0 4873235963611257.0
57100.00799953409 6490040169754189.0 6422505847675290.0 6349146479916695.0 6269436965063150.0 6180713536878464.0 6080139738531257.0 5963633362495042.0 5897231425498513.0 5823468184342826.0 5740287037359195.0 5684510516935412.0 5644287230797144.0 5578346940567025.0 5529843620088590.0 5448215169056205.0 5386070010077824.0 5351988016882234.0 5315443396553031.0 5275962007867895.0 5232873408437979.0 5185211137066989.0 5068659522744442.0 4990382042321468.0 4873824433002086.0
57300.00802755349 6398111458097575.0 6330933699514282.0 6258004257477442.0 6178177595234927.0 6089487206236680.0 5989164815538591.0 5872997386468476.0 5806827946828009.0 5733518893912936.0 5650936399080846.0 5595682590902149.0 5555920416894796.0 5490896314492821.0 5443200909148703.0 5363259190936401.0 5302713425009900.0 5269630900186683.0 5234266583496276.0 5196179254817402.0 5154757399717670.0 5109096881751746.0 4997875490300827.0 4923074707903144.0 4810597374492151.0
57500.008055572885 6390395853592320.0 6325133740801044.0 6254545883752228.0 6177152497300102.0 6091422999686478.0 5994186368223056.0 5881219534917368.0 5816785465208643.0 5745173924422985.0 5664152433392150.0 5609714216895540.0 5570376510238678.0 5505725781020119.0 5458029344562518.0 5377455171852722.0 5315827440760370.0 5281909215102372.0 5245458520269324.0 5205968908922086.0 5162760581089310.0 5114841928581902.0 4997391675792149.0 4918744973979537.0 4802938555782295.0
57700.00808359229 6300684594595301.0 6235468208278047.0 6164227993250348.0 6086772382987438.0 6000517184625838.0 5903134551752837.0 5790376696624399.0 5726155818655046.0 5654986719211450.0 5574714371300779.0 5520975948253669.0 5482270204417497.0 5418860389232404.0 5372270142104081.0 5293970134400361.0 5234445843848325.0 5201830617984869.0 5166882423301268.0 5129147914912659.0 5087996787109949.0 5042513572930250.0 4931441265101739.0 4856936120039945.0 4746154925063471.0
57900.008111611685 6274787935240900.0 6209282722910750.0 6138213880075294.0 6060180149806984.0 5973449892755429.0 5875119868931356.0 5761082357079671.0 5695976942780081.0 5623679251204893.0 5542081303105752.0 5487385484349427.0 5447959472916915.0 5383360544919337.0 5335898578757388.0 5256187609678470.0 5195690693727030.0 5162602434291891.0 5127215564567451.0 5089093331518585.0 5047651480762767.0 5002027096094944.0 4891540244537323.0 4818175188168930.0 4709923376762367.0
58100.00813963109 6212389102370400.0 6149149450377825.0 6080466114945712.0 6005253074935176.0 5921704019739104.0 5827228161694070.0 5717520982788174.0 5654844124669544.0 5585262921455317.0 5506661785445121.0 5453841327435769.0 5415718152667930.0 5353124907134521.0 5306983093513015.0 5229164413649657.0 5169762764824375.0 5137125174597571.0 5102087935169895.0 5064183832592379.0 5022779191096695.0 4976950375674523.0 4865031469057106.0 4790372538679271.0 4680836515897035.0
58300.00816765039 6145985851493630.0 6081941952389081.0 6013006061835339.0 5937322736819769.0 5853177642900750.0 5758067687509208.0 5647665080710789.0 5584750708872423.0 5514958570594700.0 5436282456227410.0 5383594445259548.0 5345613841575513.0 5283451774483353.0 5237778906560459.0 5161056144081703.0 5102787940642885.0 5070890034436271.0 5036736306394562.0 4999898706863129.0 4959776581562765.0 4915499622349068.0 4807727658238333.0 4735776749084506.0 4629453946337069.0
58500.00819566979 6115876829380572.0 6052751450646216.0 5984012414137173.0 5908542540681527.0 5824895863986845.0 5730128846716018.0 5620071451932246.0 5557162232077694.0 5487398083067742.0 5408520913830917.0 5355617135009648.0 5317460738365274.0 5254890352016425.0 5208899040311287.0 5131562118905167.0 5072792035061754.0 5040623259422664.0 5006198367202478.0 4969095002186342.0 4928744906988198.0 4884319492509782.0 4776861462914957.0 4705775412290400.0 4601666531234322.0
58700.00822368919 6049068558739989.0 5987330558596207.0 5920109093528248.0 5846419266945569.0 5764587781772612.0 5672019525538914.0 5564578113117608.0 5503228530935399.0 5435107716721639.0 5358149054853836.0 5306497100449413.0 5269223132384444.0 5208097053770496.0 5163078984131340.0 5087293938395045.0 5029581938452567.0 4997935230488241.0 4964017210095624.0 4927393487096782.0 4887472369581039.0 4843393547355061.0 4736188348408294.0 4664880293631824.0 4560253612946598.0
58900.00825170858 6005449975575813.0 5944025552249326.0 5877907085067856.0 5804963358149381.0 5724081698725167.0 5632545219854456.0 5526251831650148.0 5465527262011125.0 5398080787422697.0 5321877248410837.0 5270729881104251.0 5233802323201502.0 5173209584265329.0 5128576647995969.0 5053356770867334.0 4996008939733912.0 4964535450142617.0 4930769128674405.0 4894282199909615.0 4854469093348884.0 4810466941397327.0 4703341336388221.0 4632180728392180.0 4528319086495459.0
59100.00827972799 5957960326566079.0 5896495267382982.0 5829892638508003.0 5757140872942061.0 5675939772615495.0 5584037860285909.0 5477461108236463.0 5416601153992482.0 5349022385664288.0 5272784660311090.0 5221644378724508.0 5184764914850928.0 5124335820322525.0 5079894541022385.0 5005179431935109.0 4948383683973918.0 4917284021735872.0 4883983168803852.0 4848062333183435.0 4808954609814949.0 4765831881137948.0 4661197660694178.0 4591814989301092.0 4490419936384506.5
59300.008307747295 5917583817798794.0 5857808473483498.0 5792483702461830.0 5721081666891466.0 5641933232260197.0 5551989420295282.0 5447615760895255.0 5388027882469704.0 5321715947622987.0 5246734727046041.0 5196332828885774.0 5159927365116152.0 5100131944696608.0 5056014646621731.0 4981574817046389.0 4924719466066165.0 4893473580075860.0 4859928601704022.0 4823649715393053.0 4784040081469483.0 4740242495335664.0 4633722586423127.0 4563271028538881.0 4461277246254092.0
59500.00833576669 5862109046768913.0 5802302693099702.0 5738076553889505.0 5667456174827846.0 5589228273257316.0 5500328342388730.0 5397198289606174.0 5338197182259338.0 5272681757737287.0 5198528744440545.0 5148729068731546.0 5112708527901874.0 5053552922469980.0 5009922432819438.0 4936284047945655.0 4880045552750205.0 4849149736905810.0 4815988794109704.0 4780133520395020.0 4740999806943032.0 4697758174878206.0 4592712294808275.0 4523312169704663.0 4422796798628916.0
59700.00836378609 5818084756032334.0 5758723772336992.0 5694480745873864.0 5623810789419790.0 5545289034628101.0 5456463012447753.0 5353271698556693.0 5294408923392869.0 5228991746568791.0 5155077227911380.0 5105493827842335.0 5069732179872791.0 5011059059873722.0 4967846358546003.0 4895071302445048.0 4839612831284133.0 4809184972790496.0 4776552130633834.0 4741291089674693.0 4702829843596319.0 4660342959969142.0 4557087303421687.0 4488805406903492.5 4389989906322959.0
59900.008391805495 5781981972851443.0 5723538766083794.0 5660175331879431.0 5590621166389232.0 5513195518642902.0 5425446912748990.0 5323318475601952.0 5264922996722538.0 5199874067134028.0 5126263340732192.0 5076740242638844.0 5040929567676381.0 4982076813294960.0 4938646019739378.0 4865318863875256.0 4809322445039887.0 4778566469208018.0 4745567651503077.0 4709914131938658.0 4671039148385734.0 4628146856013275.0 4524374174321318.0 4456276132253539.5 4358479382721378.0
60100.00841982489 5742833768563198.0 5685654615251442.0 5623421872085620.0 5555420360378476.0 5479781426175346.0 5393701240409816.0 5293705658696862.0 5236488257309772.0 5172767544295118.0 5100573698326803.0 5051961250638112.0 5016808545775848.0 4958918931875679.0 4916165330323227.0 4843797065106323.0 4788360926567736.0 4757831610364162.0 4725005453459977.0 4689443633050371.0 4650550802350386.0 4607487948904905.0 4502680741286645.5 4433669974321587.5 4335053936876008.5
60300.008447844295 5669066507141419.0 5611501158094540.0 5549173390441680.0 5480650235979489.0 5404437119784693.0 5317973520502023.0 5217617730751977.0 5160279304912880.0 5096516850412631.0 5024426904451294.0 4976017830518084.0 4941064355957708.0 4883695728791913.0 4841432785515143.0 4770219185961379.0 4715949206143056.0 4686178128663742.0 4654266161036161.0 4619813333581491.0 4582282054242497.0 4540892493321143.0 4440747344475563.5 4374894074716779.5 4279944901395446.5
60500.00847586369 5603966851187441.0 5547110151932774.0 5485404466345092.0 5417574106165697.0 5342069710333970.0 5256559044790956.0 5157124617059591.0 5100369130898449.0 5037321949319618.0 4966061541790810.0 4918232111431291.0 4883719073892061.0 4827127681786959.0 4785480597160340.0 4715395691266735.0 4662072257547960.0 4632862576844982.0 4601576983810036.0 4567834461410191.0 4531107806059476.0 4490641035172080.5 4392744683329830.5 4328207168143692.5 4234557429306734.0
60700.00850388299 5576326194425959.0 5520524597046656.0 5460338030294383.0 5393973850010052.0 5320275765503353.0 5236738649742259.0 5139752429221995.0 5084259385286289.0 5022547463387210.0 4952667033359109.0 4905688889947037.0 4871745218152743.0 4815951747100931.0 4774783456802279.0 4705246933118353.0 4652092220688921.0 4622857935423300.0 4591461951683969.0 4557488868088071.0 4520378952298722.0 4479335602917097.5 4379570073647633.5 4313822589023188.5 4219463821039112.5
60900.00853190239 5531643889877794.0 5476988486244551.0 5417656687169059.0 5352609307173163.0 5280019119814750.0 5197662288713247.0 5102029425649327.0 5047326894846491.0 4986420472662414.0 4917437353085311.0 4871019698811522.0 4837444398241874.0 4782247056586960.0 4741484363450577.0 4672578453295835.0 4619838012795255.0 4590817441478357.0 4559631742390114.0 4525866011636349.0 4488963576618152.5 4448130350488590.5 4348829463473886.0 4283424872065392.0 4189791761452262.0
61100.008559921785 5462913909281690.0 5408469190002737.0 5349128865601799.0 5283797068319096.0 5211369204915137.0 5129205896861979.0 5033540104883564.0 4978837615655714.0 4917953031052519.0 4849101197716131.0 4802854333687760.0 4769439374940517.0 4714587378255267.0 4674186529791151.0 4606110319634094.0 4554253386278329.0 4525817661870694.0 4495350264494637.0 4462468433605709.5 4426663334090165.5 4387199989914152.5 4291749921727313.5 4228933739017248.0 4138199542678635.0
61300.00858794119 5453167638308655.0 5399586975391963.0 5341823376787576.0 5278021522230028.0 5207242434059903.0 5126942152410150.0 5033709392466990.0 4980296556023726.0 4920840707817203.0 4853426834730300.0 4808023642035400.0 4775165144350208.0 4721052887192429.0 4681030061165967.0 4613216232658858.0 4561168040220975.0 4532459191244272.0 4501548261830822.5 4468006465167123.0 4431256931838838.0 4390482538379002.0 4290975622763963.0 4225438527752047.0 4132317396740830.0
61500.008615960585 5393014388815961.0 5339501531010338.0 5281383168670813.0 5217452716132928.0 5146311110444065.0 5065713612275129.0 4971888904797185.0 4918270323753380.0 4858606366143350.0 4791061768250243.0 4745642272221450.0 4712837611342225.0 4658921755180509.0 4619131783939984.0 4551992071386980.0 4500703757988144.0 4472519404960737.0 4442264662598346.0 4409544546721973.5 4373830426661280.5 4334366659779524.5 4238631202993739.0 4175737546911380.5 4085862375910807.5
61700.008643979985 5357007668216800.0 5304165929311603.0 5246788136680980.0 5183982980501235.0 5113971753920289.0 5034683321102911.0 4942263326726368.0 4889289030151076.0 4830328115761821.0 4763551727258518.0 4718573055927817.0 4686004925014420.0 4632438105831856.0 4592854759540490.0 4525905188174992.0 4474635381817089.0 4446414389034330.0 4416082534216011.5 4383241604866795.0 4347351340768689.5 4307645329366732.5 4211226479292952.5 4147951135930340.0 4057932151894805.0
61900.00867199929 5314204844208414.0 5261686949372163.0 5204938356044085.0 5142935061353282.0 5073619808282924.0 4995010032641094.0 4903391985141358.0 4850951300419678.0 4792506149548445.0 4726256488300283.0 4681667538313484.0 4649375009411337.0 4596254842338641.0 4557006239767763.0 4490599044613638.5 4439743692757520.0 4411757371267433.0 4381678365130613.0 4349115734640437.0 4313543648120107.5 4274212597861855.5 4178875814878954.0 4116493327122456.5 4027990947000980.0
62100.00870001868 5267739019757162.0 5215983058429456.0 5160287624512120.0 5098831860905661.0 5030401237454243.0 4952721949193788.0 4862350670635560.0 4810629758182842.0 4753041220529058.0 4687761141895149.0 4643820874866995.0 4611988621953082.0 4559621197740355.0 4520919535677294.0 4455415319414653.0 4405217644142995.5 4377562161426150.5 4347820291048872.0 4315596535154945.0 4280350604105490.0 4241325670896355.5 4146495937992663.0 4084323703078270.5 3996189631729682.0
62300.00872803809 5226607703073295.0 5176475226302998.0 5121692083804385.0 5061909425674274.0 4995104089470940.0 4919414814924354.0 4831016488216918.0 4780308736999032.0 4723833109689995.0 4659667608096331.0 4616354441631038.0 4584975783928129.0 4533261989852260.0 4494971382747217.0 4429986740479126.0 4380048662490616.0 4352489530242965.0 4322808889778558.0 4290598913650126.0 4255315787363883.5 4216198451378797.5 4120988961241920.0 4058605867173490.5 3970557005997371.0
62500.00875605748 5163093935431878.0 5113001079524687.0 5058511169438920.0 4998753033899014.0 4932060728873091.0 4856422914474924.0 4768344229455921.0 4717817932293886.0 4661619179627342.0 4597891340166701.0 4554949269354180.0 4523879310087699.0 4472758337187513.5 4434968817816223.5 4371059048580272.0 4322121892104894.5 4295191071787761.0 4266247486487984.0 4234919033233114.5 4200691955731001.0 4162849443208427.0 4071068911557895.0 4010918192854221.0 3925345425609977.5
62700.00878407689 5110912565445096.0 5061276560711883.0 5007694336734251.0 4948473641158511.0 4882589693050206.0 4807853825986483.0 4720813395401372.0 4670905221541637.0 4615367153570737.0 4552374318127359.0 4509961087229045.0 4479277195441635.5 4428766373073521.0 4391453907923458.0 4328354963636562.0 4280064131125863.0 4253497231088848.5 4224956606702292.5 4194079211743789.5 4160371238905098.5 4123135040083573.5 4033015979483635.0 3974073429819976.0 3890213256067784.0
62900.00881209629 5090830287966778.0 5041748979153319.0 4987946236459645.0 4929108863263532.0 4863489830068286.0 4789280068856930.0 4702655307711477.0 4653019303827230.0 4597746520667134.0 4535009573153536.0 4492762445717140.0 4462141101439374.5 4411732199802899.0 4374435243974015.0 4311257234683960.0 4262804872926906.5 4236100734368867.0 4207373384462849.0 4176247386390569.0 4142201986341831.0 4104517164168376.0 4013057473060449.0 3953246024853854.0 3868682340214083.5
63100.00884011568 5035260197260524.0 4986503248970644.0 4933135525706791.0 4874814545792251.0 4809648923054792.0 4735898469339277.0 4649829545942348.0 4600526549148734.0 4545607254596144.0 4483324789748577.0 4441403536679558.5 4411064647622455.0 4361160301386129.0 4324288956759204.5 4261993430116032.5 4214337150367038.0 4188126937715497.0 4159982977565159.0 4129544437995402.5 4096321436533305.0 4059625696776631.5 3970783566194206.0 3912632275331951.5 3829918250300685.0
63300.00886813499 5008822088912824.0 4960533490067269.0 4908177379541447.0 4850309157223373.0 4785969805031861.0 4712948026222616.0 4627777818444633.0 4578942716930404.0 4524457991577233.0 4462681435550546.0 4421001227763029.5 4390806365447406.0 4341076343244169.5 4304283675133573.0 4241938268169414.5 4194131354500195.5 4167794126987220.0 4139473168727317.0 4108802633231222.5 4075284448672698.0 4038227895028871.0 3948522277115876.0 3890055309034959.0 3807645872990221.0
63500.008896154395 4943831874325310.0 4895477137517608.0 4842835383474719.0 4785013431271119.0 4720537239440017.0 4647367705067742.0 4562077242135229.0 4513227800259030.0 4458769214375850.5 4397102810450556.5 4355593562318386.0 4325593127700664.0 4276291756219320.0 4239934456962348.0 4178618204768721.5 4131864166038071.0 4106219121567663.0 4078741108136620.5 4049094153018990.5 4016831564787421.0 3981318096619580.0 3895822064145272.5 3840059617374326.0 3760517443035982.0
63700.00892417379 4920485398591892.0 4873333160209886.0 4822117213748374.0 4765546351367617.0 4702484274137875.0 4631130977574230.0 4547659741666710.0 4499776128588069.0 4446412599878184.0 4385765300803572.5 4344896567101009.5 4315287535768483.0 4266529518931321.0 4230460046417263.5 4169381673696634.5 4122587601641243.0 4096825450226167.0 4069137468782225.0 4039172976496160.0 4006451636961763.5 3970308417514555.0 3882923371845097.5 3825993414470396.0 3745688036608620.5
63900.00895219319 4861558652386499.0 4814435976143983.0 4763187486857744.0 4706851181812132.0 4644181262918418.0 4572880190971548.0 4489800154791665.0 4442196715363079.0 4389173373917603.0 4329041464330979.5 4288575637698101.0 4259297181870994.5 4211171512761119.5 4175649411342283.5 4115675489948978.0 4069878547081114.5 4044730991622040.5 4017755010111824.0 3988617448949264.0 3956868184336836.0 3921864852169254.5 3837386872037259.0 3782210925072721.0 3703634560186831.0
64200.008994222284 4794604320143690.0 4747695994180743.0 4696847773704416.0 4640873474978326.0 4578374731967670.0 4507486540383598.0 4424808458008223.0 4377477734077889.0 4324773201906456.0 4265121095165145.5 4225018739408457.5 4196045182339225.0 4148495368371151.0 4113452203707759.0 4054426562713526.0 4009482154117563.5 3984851044076473.5 3958475177681417.5 3930037435925297.5 3899112070711099.0 3865093559100341.5 3783268221292896.0 3729914646136497.5 3653743754431289.0
64600.00905026098 4668635904886391.0 4621414254227296.0 4569791992457745.0 4513071697782637.0 4450016407397088.0 4378574516649760.0 4295626300048734.0 4248350417318540.5 4195989665146596.5 4137132153175833.0 4097881492917646.5 4069692359196257.0 4023778111309800.0 3990246435732319.0 3934399180735169.5 3892442527179919.0 3869662127784630.5 3845428077248883.5 3819481373228417.0 3791454025802998.5 3760807819428474.0 3687323525483124.0 3638860253156189.0 3567651885351085.5
65000.00910629979 4573551956912994.0 4526875616355792.0 4476214277996948.5 4420390911668686.0 4358234672160698.5 4287916528084802.0 4206364145251008.5 4159929769084628.0 4108579014867108.0 4050963901317306.0 4012644685187179.0 3985163552492990.0 3940496083141257.0 3907960601138746.5 3853948181417520.0 3813522614306842.5 3791634429971766.0 3768399411577361.0 3743574856532933.0 3716820150111129.5 3687625463104137.5 3617709269848520.0 3571414915243994.0 3502694397692778.0
65400.00916233859 4491616077393511.5 4445204671267807.0 4394783038904997.5 4339320279135503.5 4277487035849752.0 4207592888555106.0 4126483060310169.0 4080364519307950.0 4029357533856003.5 3972215387450707.0 3934245095107057.0 3907060698344392.5 3862956255849043.0 3830907798893692.0 3777892193643030.0 3738405554067372.5 3717106426059992.5 3694565584042407.0 3670563838711622.0 3644791907074085.5 3616776929235261.5 3549975746750275.0 3505712121573878.0 3439480887841249.5
65800.0092183773 4383103836676674.5 4336490047328500.5 4285852542141875.0 4230261026413699.5 4168420062380771.0 4098526038384621.0 4017943937599482.0 3972378808940741.5 3922296257843025.5 3866607345670924.0 3829890663893024.5 3803770753206711.0 3761678122456681.5 3731343148386945.0 3681627376024089.0 3644958092507962.0 3625292088615140.5 3604551531302733.5 3582526793956142.5 3558914982576589.0 3533231819831844.0 3471461565129060.5 3429680346486134.5 3365421853420285.0
66200.00927441608 4297008167199965.0 4251228559195680.0 4201530772682574.5 4146976475379334.0 4086347282068824.5 4018007147941108.5 3939329159694078.5 3894961403762364.5 3846274036988934.5 3792255179546304.5 3756700251970957.0 3731431215490607.5 3690755904562281.0 3661477019030694.0 3613520204613945.5 3578168351203056.5 3559209707799348.0 3539210050631285.0 3517965747361877.0 3495174903302166.5 3470358295427464.5 3410477100778923.5 3369751247128403.0 3306697424757070.0
66600.00933045488 4239225205358024.0 4194696498532437.5 4146253605949746.5 4093081910661467.0 4033873716499610.0 3966940661543662.5 3889674477452444.0 3845930831914239.5 3797796867776899.5 3744225992181633.0 3708846893196335.5 3683648629610497.0 3643002122038024.5 3613678963030856.0 3565555948356999.5 3530038420276103.5 3510986947801333.5 3490897669829412.5 3469575845356865.5 3446734188772930.0 3421918553798401.5 3362382532696390.5 3322224988564353.5 3260535937014664.5
67000.00938649359 4153301696966642.0 4109394337392731.5 4061658345650827.5 4009261603142871.5 3950986172092621.0 3885270144493031.5 3809617558147686.5 3766911141508770.0 3720025649764822.0 3667994524426577.0 3633732438958559.5 3609384706788874.0 3570202916865209.5 3542004901927140.0 3495874346088530.0 3461934098620329.5 3443764168668023.5 3424626627963488.5 3404335143909720.0 3382611029495284.5 3359008251278843.0 3302214700463058.0 3263620648695434.5 3203774120121588.0
67400.00944253239 4096791575952783.5 4054292182157497.5 4007957004179490.5 3957085181627072.5 3900456884071426.5 3836427424447503.5 3762515236143699.0 3720674021339272.0 3674650427332864.0 3623419477527334.0 3589597464008604.0 3565516323541585.5 3526675981764180.5 3498659508213133.5 3452701309119331.0 3418792223821370.0 3400606967261442.5 3381432613531258.5 3361082663841816.0 3339282087194590.5 3315593329470706.5 3258717913998488.0 3220310507207505.5 3161316031121608.5
67800.00949857119 4006910919438767.0 3964439883645964.0 3918154895706114.0 3867354835745594.0 3810876467705762.0 3747216340560360.0 3674003968515727.0 3632735256788177.5 3587553845839869.0 3537557288378665.5 3504749302296878.0 3481499665762814.5 3444213038531664.0 3417486546454213.0 3373969673478311.5 3342109196225827.5 3325100845302401.5 3307215527723252.0 3288272800107918.0 3267999930226627.5 3245955548641887.5 3192628444065945.0 3156003185387005.0 3098489060620394.0
68200.00955460989 3930304152360956.0 3888638000143568.5 3843412416002078.5 3793838751526433.0 3738893836848041.0 3677074436782952.0 3606271899358662.0 3566488915120074.5 3523008191068517.0 3474990087899522.0 3443521127871779.5 3421231047440289.5 3385477218829554.0 3359835610569255.5 3318016530810218.0 3287322770439038.0 3270901629628150.0 3253602665523660.0 3235245264577260.5 3215554815818869.0 3194091849413512.5 3141968630206411.5 3106053872178062.5 3049630157958781.0
68600.00961064869 3899102678099603.5 3859073355515412.5 3815458936845785.0 3767528952399558.0 3714162698214767.0 3653883385410140.5 3584276820105334.0 3544861797541994.0 3501512188825379.5 3453255606205737.5 3421400309985480.5 3398717207885966.5 3362130857911864.0 3335741428011619.5 3292448878963481.5 3260496626581152.0 3243358761750082.0 3225283777504894.5 3206096244247124.5 3185534522544795.5 3163183203370204.0 3109467794315774.0 3073142302562739.5 3017285073390265.0
69000.00966668749 3825223372408838.0 3785700173011718.0 3742731662677803.5 3695531071031498.5 3643005065386656.0 3583704227576635.5 3515318327451057.5 3476646633775508.0 3434165628642424.0 3386966947407759.5 3355858174933242.0 3333732614899305.0 3298114490833506.0 3272472721138632.0 3230510269020984.0 3199634623868693.5 3183108645856481.5 3165706030665835.0 3147258592474398.5 3127513040382687.5 3106062791958208.0 3054426963108096.0 3019296046670966.5 2964736779332801.0
69400.00972272619 3752464140453433.5 3713538882985548.0 3671184988790902.0 3624679644812792.0 3572987558236325.5 3514673309910419.0 3447605631349550.0 3409775451332155.0 3368314642660196.5 3322394697013448.5 3292227398967432.0 3270823598886899.0 3236461301277036.5 3211795656045905.0 3171563661848442.5 3142052101305253.0 3126279044151251.0 3109681164780807.5 3092091276494538.0 3073258228254084.5 3052775240154484.5 3003252988613541.0 2969311713077981.0 2916217393301623.0
69800.00977876499 3718331243928884.0 3680901634090719.0 3640127452271097.0 3595309725970005.5 3545392658783904.5 3488894216997957.0 3423579681184491.5 3386546777492719.0 3345753793472609.0 3300253909191659.0 3270166220636076.5 3248708515274949.5 3214049194119177.5 3189001609037351.5 3147827394296598.5 3117379206537829.5 3101027979342135.0 3083772029262124.5 3065443387266009.0 3045796697402505.0 3024441416803052.0 2973198730398103.5 2938686112598537.5 2885943052002507.0
70200.00983480379 3635233422578133.5 3598138298480656.5 3557715845573505.0 3513390889574194.0 3464172938804614.5 3408599095428177.5 3344659887471495.5 3308583843296487.5 3269014857024973.0 3225137037589308.5 3196271269348362.0 3175769547064551.5 3142797116041243.5 3119076184159696.5 3080278294423868.5 3051717948031210.0 3036415472816305.0 3020284844580521.5 3003157807299346.0 2984788195521616.0 2964779160168568.0 2916360036999231.5 2883241890547744.5 2831701601819605.0
70600.00989084248 3585599798888164.0 3549264736973570.5 3509784483636287.0 3466379941537699.0 3418152091202390.0 3363691719137974.0 3300908828412274.5 3265426062623878.5 3226442450780189.5 3183120107671089.5 3154560493214479.5 3134237195278858.5 3101494907193283.5 3077892472307541.5 3039199653816735.5 3010657027735764.5 2995348176489111.5 2979201799025945.0 2962055729451033.5 2943670272761554.5 2923661331638675.5 2875387514237775.5 2842521491795197.0 2791621921251069.0
71000.00994688128 3529480061698271.5 3493815118968376.0 3455009340578946.5 3412363314032328.5 3364890243816610.0 3311244899132093.5 3249345808757953.0 3214326601066960.5 3175858796944720.5 3133094492649215.0 3104901606035609.5 3084851139036592.5 3052557607226934.0 3029298102179166.5 2991211576296939.5 2963159286205506.5 2948131725006272.0 2932295777095490.0 2915495023250445.5 2897495662564866.0 2877922153021189.0 2830722450221158.0 2798565353903623.5 2748643750656579.0
71400.01000292008 3480371203123249.5 3445647329298162.0 3407723858598329.0 3366087965844568.0 3319717477523226.0 3267236107739254.5 3206578086789826.5 3172198423985392.5 3134353045996396.5 3092197507344665.5 3064359699133337.0 3044529746999320.0 3012548199004837.5 2989479848122320.5 2951645299204466.5 2923745167766992.5 2908789839133082.0 2893026881717751.5 2876303394841169.5 2858390409160103.0 2838921656030624.0 2792073037051075.5 2760278732344326.5 2711160362354855.5
71800.01005895888 3430744447156719.0 3397000552981032.0 3360282216220859.5 3319929556445925.0 3275015177143441.0 3224175209500890.5 3165412856404582.5 3132097609316148.0 3095371371908961.5 3054389987282498.5 3027260807858929.0 3007897383467313.0 2976586161985439.5 2953926913997181.0 2916595794655483.5 2888915882019182.5 2874023455561225.5 2858285128735122.5 2841545071891948.5 2823573089721121.0 2804008713182377.0 2756957034825228.5 2725207930982667.5 2676655136388861.5
72200.0101149976 3359813851766784.0 3326039569427841.5 3289301610180021.0 3248937187481353.0 3204038982407210.0 3153329273282284.0 3094878311375857.0 3061874287608316.0 3025655973430105.5 2985468734869832.5 2959036388553945.0 2940271115986726.0 2910102687973383.0 2888426163791656.5 2853025679183582.0 2827025163986531.0 2813117099219308.0 2798473043714034.5 2782943286991809.5 2766302037578960.5 2748186180659198.5 2704312442923021.5 2674210112697583.5 2627168407229164.5
72600.01017103638 3311146526262964.5 3278257492144300.5 3242441468455547.0 3203115476879132.0 3159333124240866.5 3109886795168848.5 3052866617636026.5 3020638185590794.5 2985222048515338.0 2945895284815235.5 2919985876712798.5 2901564615198345.5 2871907951848767.0 2850558046743317.0 2815604450033446.5 2789858916226032.0 2776062910540791.0 2761519784776058.0 2746079832444563.0 2729522595945599.0 2711491930262566.0 2667884947148459.0 2638086112490665.0 2591802440787036.5
73000.01022707518 3276020654842616.0 3244179026477259.5 3209519329257252.0 3171369213838650.0 3128858799905485.5 3080644995811943.0 3024814521997155.0 2993108566893005.0 2958102562416854.0 2918999375798624.0 2893089328025412.0 2874594574731885.0 2844673426956404.5 2823021667176785.5 2787375909516557.0 2760979937716507.0 2746795020530284.5 2731819370170592.5 2715907945229977.0 2698846971958151.5 2680295977575674.5 2635729271529505.5 2605641881238335.5 2559500291868274.0
73400.01028311388 3209132192018042.5 3177615138136484.5 3143456698037641.5 3105927413370411.5 3064203782500967.5 3017099213821732.5 2962798795471144.5 2932125062331108.5 2898418616153328.0 2860956260165366.0 2836254623442759.0 2818669937638314.5 2790318452686792.5 2769863615332132.0 2736271700182873.0 2711425504751628.0 2698068267425439.0 2683951125901621.0 2668922515623576.0 2652761091047024.0 2635113058525141.5 2592300172984028.5 2563030787010756.0 2517664569520251.0
73800.0103391527 3172797448639164.5 3142160490331624.5 3108846424185613.5 3072194630252960.5 3031341186116827.0 2985109390699162.5 2931617214368099.0 2901263505547423.0 2867811604189990.5 2830479673516228.5 2805765273855724.5 2788133902679570.0 2759625898422051.0 2739003259057213.0 2705051003918442.0 2679894599693160.0 2666365108024777.5 2652070514548328.5 2636866238177670.5 2620540648475398.5 2602759440468754.0 2559901749100666.5 2530868666595524.0 2486292291566111.0
74200.0103951915 3110109398313874.0 3079783709813580.5 3046715019790591.5 3010434332540483.0 2970077928425887.0 2924474551950288.5 2871894983291355.5 2842151496565862.0 2809479536592964.0 2773174568388184.5 2749244599455374.5 2732220743561081.5 2704802077113641.0 2685050386993215.0 2652686555573689.0 2628826347726950.5 2616030448429214.0 2602533340854109.0 2588194071646553.0 2572803049811670.0 2556024373848606.0 2515347166120074.0 2487466201837982.5 2444032588052668.5
74600.01045123019 3072609474418560.0 3043320705676354.5 3011427146299516.5 2976389613130383.5 2937415920331110.5 2893362961941201.5 2842449090819933.5 2813582405587077.0 2781784113409688.5 2746314590964909.0 2722833754873713.5 2706077841789079.0 2678973695230091.0 2659348951031062.5 2626994482701905.5 2602970631254107.5 2590028895604562.5 2576336590684280.5 2561749736500913.5 2546060011287093.5 2528938044274512.0 2487544216763741.0 2459441076757892.0 2416312460685371.0
75000.01050726899 3028927823533390.0 3000036213185888.0 2968570627440911.0 2933952038461159.5 2895377086491298.5 2851699744201217.5 2801136474505960.5 2772442561595971.5 2740809425095178.0 2705500328521930.5 2682128724688905.0 2665449772811038.5 2638488681356077.0 2618986474900384.0 2586891415515839.0 2563122172127302.0 2550342373328858.0 2536842582257546.5 2522484866445072.5 2507068188018496.0 2490270139286138.5 2449717830020909.0 2422164822825747.5 2379686783422694.5
75400.01056330778 2975995526629579.0 2947435353877593.0 2916423632278011.5 2882253275050926.5 2844279862615759.5 2801335800870757.0 2751724869028502.5 2723630024754875.5 2692718134168498.5 2658283230951646.5 2635530260863244.0 2619312767357390.0 2593121334407915.0 2574191761053592.5 2543049451575423.0 2519971599419820.0 2507550481391293.5 2494411960932198.5 2480412901553134.5 2465340605362867.0 2448857112029312.0 2408707957100984.0 2381078162399051.5 2337923841039616.0
75800.01061934649 2900266249073154.0 2871702379824686.5 2840703881382717.5 2806758151675787.0 2769162897452627.0 2726936215771169.0 2678595087260877.5 2651436973812381.0 2621756033296422.0 2588922598969685.5 2567354846526142.5 2552041597752514.5 2527397666197992.5 2509640706824546.5 2480471880112348.0 2458841808376931.5 2447171561953558.0 2434788661716392.5 2421532115081976.0 2407159528890274.5 2391284363193669.5 2351656708618531.0 2323390596115604.5 2277478151122564.5
76200.01067538529 2846605952210088.0 2818432843661291.5 2787885149331440.5 2754442118767984.0 2717434637638344.0 2675854006478033.0 2628246980045550.0 2601494648911246.0 2572234178776955.0 2539869439793359.5 2518611761058058.0 2503520134897170.0 2479247807588737.5 2461770244344563.5 2433098557833576.0 2411868402306384.5 2400422764537097.5 2388282299307104.0 2375283157915956.0 2361176961069966.5 2345559938739611.0 2306232184954590.5 2277702233855978.5 2230202388337434.2
76600.01073142409 2789566864228823.0 2762073217022682.0 2732341971902154.5 2699867514501617.5 2663993168956635.0 2623813962260634.0 2577924770287096.0 2552179190408458.0 2524037209218503.5 2492908126725656.5 2472441609887314.0 2457893839179366.5 2434445277401858.0 2417510485928738.0 2389595431763520.0 2368785393171499.5 2357504625885819.5 2345484420557854.5 2332545830890303.0 2318418474963661.0 2302665690182246.5 2262441019986637.5 2232749755545600.0 2182355400578273.8
77000.01078746279 2748201496140022.5 2721670136153379.5 2692972225093161.5 2661642307279510.5 2626971308526425.0 2588087609139672.0 2543528076189119.5 2518440638327122.0 2490923916492455.5 2460353605884709.0 2440166581818795.5 2425771222837825.0 2402479478019688.0 2385586292442890.5 2357609486272409.5 2336646193859092.0 2325246035107426.0 2313072770705318.5 2299942078117556.0 2285576906393384.0 2269529020889812.0 2228433229394856.0 2197973660050222.8 2145857920683456.8
77400.01084350159 2677349654929733.5 2650968646634893.0 2622488069550374.5 2591491086010088.5 2557333978284521.5 2519209826525111.0 2475836864412095.0 2451579995589234.5 2425126622385299.5 2395933147554021.5 2376772455284610.5 2363163491342827.5 2341236699221265.0 2325395134032033.0 2299233896282282.5 2279646245973088.0 2268977745617460.5 2257556059692573.5 2245183191740373.8 2231557125540907.0 2216187712255506.2 2175884090166423.0 2144999974571447.8 2090232575722651.0
77800.01089954039 2641796611298203.0 2616219676936310.5 2588556859708550.5 2558391316812894.0 2525115043679580.5 2487857417815822.5 2445299643386639.5 2421412192103926.0 2395283475963696.5 2366330855415970.0 2347257965973526.5 2333676441800901.0 2311727510047982.0 2295816499192922.0 2269441950951746.5 2249613951076648.5 2238787222251675.5 2227176745570735.2 2214579202584631.5 2200685298091026.5 2184992673775691.5 2143746176330932.5 2112017812116178.5 2055377673425966.0
78200.01095557908 2590973645967943.0 2565762834642694.5 2538555752331153.5 2508925435557629.5 2476287635175797.0 2439845496995689.0 2398351295997913.5 2375122078760148.5 2349765160887010.0 2321732524281179.5 2303299313643264.5 2290185926930309.0 2269010279909684.0 2253667135568418.5 2228224469477212.2 2209067727280443.2 2198586774809714.8 2187324448328129.5 2175070736528245.2 2161506481472393.5 2146113178520558.5 2105244144251340.5 2073414631001169.5 2015922100875936.8
78600.01101161788 2544692841061189.0 2520112634727701.0 2493619444344493.0 2464788303135526.0 2433081517983510.5 2397701259143470.0 2357434247517892.0 2334890411935346.0 2310265833787559.5 2283004201964018.0 2265044717917670.5 2252246936320885.0 2231535135175047.8 2216485900527839.5 2191437596956733.0 2172489333581730.2 2162087032161875.8 2150879504163423.0 2138649265635164.2 2125065310105771.8 2109590201268711.5 2068185680664226.2 2035618725014675.8 1976160675373544.0
79000.01106765668 2502650621735014.5 2478225294958695.0 2451880885791983.0 2423231167386270.5 2391745434575207.5 2356668461043848.0 2316878303406562.0 2294682090253614.5 2270523425282944.0 2243906695910550.8 2226455385563789.5 2214062746188648.0 2194085294419078.8 2179629969865357.2 2155672710296620.2 2137618000126366.5 2127722768785424.2 2117067781664098.8 2105440729606648.0 2092517136036180.2 2077768296476253.0 2038097974745230.0 2006672846001946.0 1949025485686191.0
79400.0111236954 2468099237554397.5 2444355055261582.5 2418749801963258.5 2390904285814692.0 2360278083708883.5 2326101583079086.5 2287204495609354.5 2265420877212658.0 2241618367644754.2 2215257321903765.8 2197882620583576.0 2185496939030500.5 2165439456927366.0 2150854478265506.5 2126550428315699.0 2108131811310433.2 2098004135066405.8 2087076945390833.0 2075130942376639.2 2061831998119820.0 2046635991316927.2 2005707835276971.8 1973238933226340.2 1913419424899902.2
79800.01117973418 2422805561101165.0 2399240280542482.0 2373855293331734.0 2346286502318797.0 2316035254271318.0 2282393300101644.0 2244297438933666.0 2223075576714508.8 2199996090996031.8 2174581990453944.0 2157921803033846.5 2146090141151296.2 2127008135965134.0 2113189226534914.8 2090249126056107.5 2072914104508420.5 2063389619247089.2 2053111290222718.2 2041864452016237.0 2029321257174262.2 2014947745432500.8 1975971615033319.5 1944808742961714.5 1887106351796071.5
80200.01123577298 2397956300588509.0 2375053062116367.0 2350364925077499.5 2323536042632978.0 2294044733759331.5 2261169618608140.5 2223801993297628.5 2202903365469154.5 2180092555021690.8 2154859891542172.8 2138244842104725.2 2126406775774661.0 2107247494555517.2 2093321582025621.5 2070122749143110.8 2052545005867463.2 2042880616039525.2 2032453694552387.2 2021056157188790.5 2008370910432404.2 1993882459471438.2 1954917124648361.0 1924091625812193.2 1867539382040577.5
80600.01129181168 2361874109380112.5 2338973225592100.5 2314284770396956.0 2287448756028656.5 2257973896123370.5 2225154671179910.0 2187939245653442.0 2167182836327455.8 2144589559291381.8 2119692172607392.5 2103361638255186.5 2091761587132290.0 2073053589001227.8 2059509710852188.2 2037045453306138.8 2020095416889179.2 2010795314296789.8 2000770708905056.5 1989816917503042.8 1977620474941120.2 1963671250961349.8 1925996157325805.5 1896039737354911.2 1840934356947208.5
81000.0113478505 2328123876921551.0 2305646275622585.0 2281436400523544.5 2255140575850777.5 2226285218291283.0 2194200545376014.5 2157860968612069.0 2137617166368428.5 2115600090980749.2 2091357919158069.2 2075468593913606.0 2064186597284099.2 2045998975813888.2 2032836043692722.0 2011008012271660.2 1994539192704371.5 1985502876806708.8 1975762562838704.2 1965119563027499.0 1953270549804982.8 1939722885447316.0 1903181394414332.5 1874206021642484.8 1821128200975252.0
81400.0114038893 2305339607284650.0 2283145856087914.0 2259212355170918.5 2233180984569272.8 2204582329933199.5 2172742243739483.8 2136648320484737.2 2116531090706785.8 2094647522671687.5 2070554577185142.8 2054768373876566.8 2043564988984978.5 2025517686958033.2 2012470161942940.2 1990872272287974.2 1974620743194461.5 1965724431884371.2 1956154393758251.0 1945723247296665.0 1934145294890386.2 1920956809553920.2 1885663374523950.0 1857969172596276.8 1807871726580478.5
81800.0114599281 2276177026114565.0 2254262224515765.0 2230629227196519.8 2204939707135891.0 2176722478821432.0 2145318408660058.2 2109719684444033.5 2089877586303525.0 2068282410112881.5 2044488046652805.0 2028879729273439.8 2017791137163492.0 1999904098095904.8 1986950541865848.0 1965462609391960.5 1949254423399489.0 1940367969350271.0 1930799036278323.2 1920359715493857.0 1908764322034428.5 1895549783642712.2 1860191477606217.0 1832488043081953.5 1782534804384163.8
82200.01151596678 2242493714661340.2 2220775828216959.8 2197364412602844.0 2171930558339107.8 2144028470483110.8 2113020148530420.5 2077969031062322.8 2058483469760679.0 2037335167648130.0 2014113720957630.0 1998935384842246.0 1988180912512432.0 1970887596368551.5 1958408599548342.8 1937790103587572.8 1922302108413653.8 1913830951884426.0 1904722377294149.5 1894797607453482.5 1883784009798597.5 1871239793476734.5 1837682123342157.0 1811394136062984.8 1764071988774053.5
82600.01157200559 2224956277329061.0 2203710245031366.8 2180787458546813.5 2155811141558493.2 2128351704893074.0 2097729749106736.8 2062948170152153.8 2043522286404896.0 2022356016403347.8 1999002081718248.2 1983669259387533.2 1972772398894569.8 1955192720601982.2 1942466438468426.8 1921380108508174.8 1905512234811681.8 1896832500078728.0 1887505811917928.8 1877357881237941.5 1866123363843059.0 1853373046691337.2 1819554293178680.5 1793350606713673.8 1746647537423048.8
83000.01162804438 2186428179043439.2 2165424582553353.5 2142761461444869.0 2118106508567974.8 2091011178856846.0 2060843352395503.0 2026656945709327.2 2007612165637728.0 1986907560952310.2 1964132419589528.2 1949224539873017.5 1938652813081161.5 1921640684014281.2 1909358017179720.0 1889061977813801.8 1873823435869466.8 1865494112174303.5 1856543627896793.5 1846798413729853.0 1835993258464137.2 1823697340277580.8 1790843527477004.8 1765114799662672.8 1718721757904542.0
83400.01168408307 2156312516694396.0 2135691985756252.0 2113440433035227.5 2089237699065145.0 2062645460173327.5 2033052514792651.8 1999549181657253.2 1980905741963760.0 1960657426692171.0 1938411680967691.0 1923867199624612.0 1913561066687244.0 1896989800553269.5 1885035061497833.2 1865294375271187.8 1850480195721148.2 1842384569323965.2 1833686288527429.5 1824216911130745.5 1813719785981086.8 1801778391513635.2 1769905778802950.5 1744994933345008.2 1700229367736797.8
83800.01174012189 2123022370014682.5 2102688254248691.0 2080747468800989.5 2056888039400351.2 2030692714623635.2 2001568716646470.5 1968649573524364.0 1950364810413404.8 1930540016301579.8 1908808724212159.8 1894631870701455.0 1884603093532727.2 1868507836804242.0 1856919304307508.2 1837821820128083.0 1823514065106994.2 1815699518561328.5 1807303253311006.5 1798158846374240.0 1788011908021070.8 1776449436060469.8 1745450823892435.8 1721073325714120.8 1677006728670304.2
84200.01179616069 2108058860854117.5 2088400537787854.2 2067157094583375.2 2043990573712000.8 2018450132573978.5 1989896948741120.5 1957366065013587.2 1939149341436784.8 1919258404218674.2 1897263094746405.8 1882794299431283.0 1872497315906613.8 1855862914835435.0 1843803052701519.5 1823789923109764.2 1808707024973571.0 1800449370932867.8 1791570997558143.0 1781904894222870.5 1771196404344611.8 1759032204555238.0 1726683938218162.0 1701489827701834.0 1656203859341498.5
84600.01185219939 2074398616551610.2 2054898136960139.8 2033833605828500.8 2010887428063188.0 1985631209634479.0 1957459622333726.2 1925472467601447.8 1907623757777096.0 1888197479486244.0 1866801318979566.8 1852780614894396.0 1842830528740122.2 1826805752582329.0 1815226266792470.0 1796075950637005.5 1781687610207383.0 1773821228795800.5 1765368220205756.2 1756166105622224.2 1745966684198994.5 1734366329003957.2 1703402425432042.2 1679169105445449.0 1635477667090736.0
85000.01190823817 2042682532268679.5 2023637453104267.5 2003074266027258.0 1980682996529479.5 1956046909351655.8 1928580652744345.0 1897413952485564.2 1880036185769952.0 1861135234443323.5 1840336618394004.5 1826719082100083.5 1817060119714138.5 1801512062371105.8 1790281684040057.5 1771710562522711.8 1757752088295709.8 1750116213965156.8 1741906030113251.2 1732961209654302.5 1723037553854391.5 1711738264758032.5 1681511972329136.2 1657781775809454.0 1614807038063868.0
85400.01196427699 2023921787673740.5 2005280807337723.8 1985128084244272.0 1963135500423049.0 1938878401851436.0 1911752464826667.0 1880845700268730.2 1863546416239231.2 1844670940435775.2 1823824327929851.2 1810130819733971.5 1800397282628439.0 1784696076015558.5 1773332284211559.0 1754511501806116.0 1740355525960282.0 1732613802875633.2 1724295174150708.5 1715242137139446.0 1705214616782604.5 1693821895285181.5 1663485598285944.5 1639794853905437.2 1597079661195855.5
85800.01202031568 1995133522938707.0 1976715497956725.5 1956790289749815.5 1935040892023576.2 1911049140888551.5 1884218223395597.2 1853650243434459.2 1836550078763537.5 1817904445168441.5 1797335364109425.5 1783842059081487.5 1774261438655719.0 1758826456553275.8 1747672786965674.8 1729230776036064.0 1715380847947945.8 1707811728408174.2 1699680188719749.5 1690830280290012.0 1681023103562857.0 1669869948627689.2 1640084226613389.8 1616721167781862.2 1574414520942971.0
86200.01207635448 1973012619756195.2 1955030217612268.0 1935553839923230.5 1914288114035816.0 1890795526849326.8 1864468963905890.8 1834399675772420.0 1817533518777995.0 1799102335418339.5 1778713249259308.8 1765305087555584.5 1755768732503938.5 1740380044759802.8 1729241929962307.2 1710803188097369.8 1696949674201532.2 1689381433851483.5 1681256768708998.8 1672424380793857.8 1662653230810497.8 1651566563068736.5 1622105891455449.5 1599130056444401.8 1557667893563588.8
86600.01213239328 1942320353782948.5 1924664905897497.2 1905567003139326.0 1884718744433976.5 1861706576687319.5 1835941077391169.2 1806532844356542.8 1790043407216777.2 1772026099234244.2 1752094801573717.8 1738984981338416.8 1729658057715238.8 1714599637429680.0 1703692179059041.0 1685613238558718.5 1672004113270302.2 1664557048388612.8 1656550684406385.5 1647831370646258.0 1638163879052007.8 1627164893140459.8 1597771871835005.2 1574685652759927.8 1532702647652293.2
87000.01218843198 1925285131499759.0 1908158359079488.8 1889609828826831.5 1869343054292089.8 1846935766608884.2 1821790027696737.8 1792991590148707.8 1776788210741802.0 1759029034335602.8 1739306270383180.0 1726282744193258.2 1716991668378803.8 1701943103811755.8 1691006058113907.2 1672816068135197.5 1659084800243677.5 1651563714821380.2 1643478012943311.8 1634679366155539.5 1624942192940144.0 1613900453889212.5 1584661289924502.0 1561992052383359.2 1521294955794981.0
87400.01224447078 1895111033320507.5 1877997967382443.2 1859472074172498.5 1839235947277108.8 1816891988352658.2 1791863825688946.5 1763295497039818.5 1747284108600529.8 1729800413492586.5 1710483028208803.8 1697795998288527.0 1688782649321454.8 1674257862518333.8 1663763034619489.0 1646428563051269.0 1633439677569240.0 1626356626407348.5 1618762400148679.5 1610517049136294.2 1601406027408281.8 1591079433393992.8 1563682629673311.0 1542358191807196.0 1503934621992027.5
87800.0123005096 1868845440276164.5 1852113466213823.5 1834000738746852.5 1814215345161425.8 1792356028251694.8 1767849346766893.5 1739835434374672.5 1724105743760876.0 1706899185226222.5 1687842961767009.0 1675297215350342.8 1666367547760592.0 1651944882387892.0 1641495806109724.8 1624178589675075.0 1611150556637788.0 1604026277767854.5 1596371929049217.0 1588042783332716.8 1578817375412291.0 1568334796587443.8 1540397405068258.0 1518525615220437.0 1478831527236779.0
88200.0123565483 1844140110400559.5 1827702941746439.2 1809916740480846.0 1790483760023650.2 1769017564602518.0 1744954300931319.5 1717448686138125.2 1702005130820478.5 1685113560186657.8 1666407597922926.2 1654093636304861.5 1645329334898840.5 1631175086138779.5 1620921754418687.8 1603931081155224.0 1591150095123525.0 1584161087341968.8 1576651893233498.2 1568480361701903.8 1559428945185166.2 1549143162324994.2 1521728537065010.5 1500269349738445.0 1461330311637095.2
88600.01241258708 1824393203598291.0 1808266672720426.8 1790808194135012.8 1771733510991594.8 1750655895588973.8 1727016726390271.8 1699983940469275.8 1684799555694112.2 1668184867458602.0 1649774026599320.2 1637647021715627.2 1629012149177272.8 1615059596470545.2 1604947644569720.8 1588184900806987.0 1575575162588790.5 1568682233753363.8 1561280191340384.8 1553232062497218.8 1544328601287256.5 1534229457606357.0 1507433555351820.2 1486598856504955.2 1449133733296160.0
89000.01246862588 1803881012172625.8 1787996106806653.2 1770786989132790.2 1751964410091052.2 1731148712078152.8 1707775780603559.2 1680997508402227.2 1665932155459170.5 1649425247688942.0 1631111236137806.8 1619035748139932.8 1610432417296293.2 1596526243616501.2 1586445957281633.0 1569741145448607.8 1557186855938918.2 1550331360429359.0 1542976755764729.0 1534990016493554.8 1526168043786401.5 1516180151058311.2 1489782840063126.0 1469357680748553.2 1432772722460287.5
89400.0125246647 1779595529183315.0 1764065243246397.0 1747250713060625.0 1728877010795957.5 1708565813196623.2 1685758549372234.8 1659626661285200.8 1644914408507457.0 1628780168760621.0 1610853417967880.5 1599014567326556.8 1590569135443085.5 1576895673334664.2 1566965754211162.2 1550474836662105.2 1538053391867122.5 1531261916382259.8 1523970476260276.0 1516047735907597.8 1507292866770858.8 1497379496733261.5 1471189779831731.8 1450946935592967.0 1414701627788620.2
89800.01258070339 1753907823477436.2 1738530288439492.0 1721898064375201.5 1703734233814940.0 1683669652507581.0 1661176465209341.2 1635460502562039.2 1621015482689860.2 1605207534802154.5 1587687928182893.8 1576146303162624.5 1567927735873757.2 1554647919720516.5 1545024458498002.0 1529075032431077.8 1517082204479649.0 1510529032211011.0 1503494080155330.0 1495847746957170.2 1487392273338576.5 1477806282782647.5 1452408735294460.5 1432715496656573.5 1397400183265864.5
90200.01263674218 1740781865450894.2 1725697979755462.2 1709357956989162.8 1691488862833786.2 1671711129155058.0 1649485116581614.0 1623993432262944.2 1609633286462088.0 1593882541794384.8 1576378686143715.8 1564818605192203.2 1556572227275570.0 1543223657213639.0 1533532807480640.8 1517448156519888.5 1505345468089899.8 1498734685990840.5 1491644126564787.0 1483949350371844.5 1475461160807610.0 1465872529945741.2 1440686105342565.5 1421385144990317.8 1387228381968580.5
90600.01269278087 1720741560548085.5 1705955249902657.0 1689939872746670.0 1672418661028786.5 1653016502577502.0 1631200262886779.5 1606155646469472.2 1592029944368570.8 1576522194061876.5 1559268742515573.8 1547863448131248.5 1539723005050225.8 1526539768264593.0 1516967096694056.0 1501082793513096.2 1489143747107000.8 1482630647352748.8 1475653751952155.2 1468094589809260.0 1459773318539897.5 1450397581299214.2 1425905491110373.0 1407270900442848.2 1374505535300221.8
91000.01274881969 1695590264825305.8 1681112343542390.0 1665447914964165.5 1648325917664768.2 1629404795198456.0 1608165204430576.8 1583824881520942.5 1570120382286917.5 1555086173235285.0 1538375003377999.5 1527332071057665.8 1519450008895422.5 1506681517757690.8 1497402830696942.5 1481984498430556.5 1470368559680022.8 1464019260452770.0 1457206574831533.2 1449811624378934.5 1441654431393286.0 1432443465850469.8 1408302576837114.0 1389890518013085.8 1357509614735695.0
91400.01280485849 1670736275713845.5 1656474961881649.5 1641040357325891.0 1624190566175728.5 1605573972333491.8 1584700043350906.5 1560807852727175.5 1547368144984848.5 1532638453329494.0 1516277876653707.8 1505475083426387.8 1497769214213242.8 1485291046929205.5 1476227914842527.5 1461171574282180.5 1449827307249520.2 1443624303396124.0 1436965096910833.0 1429731148184917.0 1421742351169861.0 1412707017148022.5 1388939416992018.8 1370727317114902.2 1338554166047746.2
91800.01286089727 1654956250011611.0 1640805639133096.8 1625500552323795.5 1608767710247890.0 1590275332395000.8 1569524409375805.8 1545765423093038.0 1532401718653461.2 1517756971646750.0 1501500101251243.8 1490774174986650.8 1483128577233352.2 1470760637304043.5 1461788780706400.5 1446912675799124.8 1435732180386081.2 1429630501889033.5 1423090498378569.2 1415999128730614.5 1408184766957093.2 1399370084087967.5 1376313822777413.2 1358787199742653.0 1328142933779245.0
92200.01291693597 1633627644201326.2 1619686604954610.8 1604587751482336.0 1588093031544884.5 1569858803859871.8 1549399918996030.0 1525961950730231.2 1512768360023329.0 1498302117702907.5 1482226950969861.5 1471609867189907.8 1464035285372767.0 1451771362502097.5 1442865924302962.5 1428081708495793.2 1416956154495521.5 1410879297799559.8 1404361836567373.0 1397290255077179.8 1389491531408749.0 1380686023909370.8 1357603207985019.0 1340001506676416.8 1309113342637250.8
92600.01297297479 1614533841801815.8 1600816211860822.0 1585968817730229.2 1569736381564465.8 1551788533925983.8 1531635726774825.8 1508549234952711.8 1495555303646026.2 1481310187598006.8 1465492953797702.8 1455055658049591.2 1447615820500669.2 1435584792217891.5 1426862161992538.0 1412412083494690.8 1401567863047910.2 1395656736614001.8 1389327153443653.8 1382471470944004.8 1374926282084385.0 1366426811989081.8 1344250962711547.0 1327444282957687.8 1298157915230572.2
93000.01302901359 1598974011616774.0 1585452008512842.8 1570799795935530.0 1554788854505387.5 1537068146311050.8 1517154501424428.5 1494309228674915.5 1481435622209923.2 1467304631585928.0 1451590550056099.8 1441207273149644.8 1433798583042024.5 1421804962485889.2 1413100231132512.0 1398668294793063.0 1387833160082820.8 1381927889170470.0 1375607082957779.8 1368765607752004.2 1361244049935014.5 1352784275960753.5 1330795683464923.5 1314225513887751.2 1285528766330640.5
93400.01308505228 1576262243247456.5 1563027606405338.8 1548695884910692.0 1533031765072551.5 1515722218587043.2 1496299800250426.8 1474056932937057.8 1461541579417739.2 1447821580373811.0 1432582522049929.2 1422521287860193.2 1415346178738030.0 1403734121103227.8 1395306175391412.0 1381326157791310.2 1370818061330512.8 1365084666389077.0 1358941834609266.0 1352285562930754.0 1344958476585263.2 1336707118574294.0 1315225277997618.5 1299026889826185.0 1271034252919289.5
93800.01314109108 1554903177330885.5 1541848372064089.0 1527721777807787.0 1512292572957131.2 1495240507723007.0 1476114173249423.5 1454217884835751.0 1441898560585194.8 1428394744773916.2 1413396675154012.0 1403493359992353.5 1396429997768515.5 1384997513652587.0 1376699046736507.2 1362930230965656.2 1352577183725026.5 1346926051665273.0 1340868806175778.8 1334301419917401.0 1327065855102913.0 1318907111190509.2 1297599522931257.5 1281465213406812.8 1253468998052025.5
94200.01319712988 1541269126572676.0 1528229120261654.2 1514096363735833.5 1498643283948604.2 1481552642448866.2 1462368622130574.8 1440397636264899.0 1428040304545184.5 1414503305182888.0 1399486164685575.5 1389585984680992.2 1382534224945987.2 1371140495902009.2 1362888019940720.8 1349234628197986.0 1339003491188240.5 1333432550300076.2 1327472301163266.5 1321022796944924.2 1313932517114428.0 1305956682240285.0 1285218246360214.5 1269595107728698.2 1242643345747354.2
94600.01325316858 1515724363111034.8 1503048396834499.2 1489328517810747.0 1474346801681207.2 1457809849995482.0 1439290347672154.5 1418145082870422.0 1406280981742044.5 1393309434575313.8 1378946821862005.2 1369491329047844.5 1362761006794734.0 1351892091446123.5 1344020740208757.8 1330988904606123.0 1321207873476137.2 1315873072692892.2 1310156554175494.2 1303959151180869.0 1297130700818154.0 1289429331430106.5 1269313974437601.5 1254101393771801.0 1227846859128919.8
95000.0133092074 1505564640557461.8 1492963520404861.0 1479314317961467.0 1464381954658718.5 1447869048085799.5 1429335646288102.0 1408108979166786.8 1396168290944917.0 1383087386865249.8 1368574727971055.0 1359005963402294.8 1352190116069622.2 1341178418405851.0 1333204187867504.5 1320017615122391.2 1310146588816575.0 1304777319883356.8 1299038465620482.2 1292836368339965.5 1286029046659349.0 1278387339199035.8 1258612500694906.5 1243822167659717.8 1218516045337560.2
95400.01336524618 1494705911755524.2 1482347115543491.5 1468932122166963.8 1454240962891301.8 1437955020387914.0 1419627784530921.8 1398568944866763.5 1386684967723381.2 1373634150698365.0 1359109713912922.8 1349507062969549.8 1342653957614754.2 1331559195940779.5 1323508972899344.8 1310172148827534.8 1300176169215836.8 1294738521618133.8 1288928840835764.8 1282656534136437.2 1275783985570603.5 1268089778135794.5 1248315797102581.8 1233676514044478.5 1208943979299996.8
95800.01342128488 1463054592095716.8 1450985141324970.8 1437922328476475.5 1423651850876315.8 1407889698433457.5 1390231392698484.2 1370054816578044.8 1358728279165379.5 1346340535844495.0 1332619396881245.2 1323585784385154.2 1317156289835687.2 1306775750366468.8 1299262053805886.8 1286835578380558.2 1277524880689581.8 1272454107705145.2 1267027435025136.0 1261153148190540.0 1254692478462383.5 1247422157501829.5 1228527824285183.8 1214346734468136.5 1190098915311172.5
96200.01347732368 1453652532528016.2 1441519003207287.8 1428362024969398.8 1413971829282146.8 1398054133040974.5 1380188300978235.8 1359746292587785.0 1348260149882205.0 1335690954411990.2 1321767702846842.8 1312603612023984.0 1306083839064838.8 1295566097971680.2 1287962921473790.2 1275414711796861.5 1266041334983275.0 1260949273455898.8 1255511150139490.5 1249638606791354.8 1243197724660294.0 1235972281164142.0 1217298680999194.5 1203363633254914.5 1179641905300437.5
96600.0135333625 1428487852521074.5 1416825906243352.5 1404191017604809.0 1390381070799649.0 1375113943804967.5 1357992132254495.8 1338414155066559.8 1327420292291254.0 1315393895969799.8 1302076925482564.5 1293312950785153.8 1287078897965468.8 1277020410728339.2 1269746384093538.2 1257731157136565.0 1248741547302803.0 1243850520738607.8 1238619749932349.0 1232961527876907.0 1226742835640038.0 1219749822569717.5 1201597699024430.8 1187989868280377.2 1164753346664462.2
97000.01358940119 1419634796595851.5 1407904059890615.8 1395185642166820.5 1381275765486381.0 1365891561245703.5 1348627710333639.8 1328878431698982.5 1317785333658564.8 1305649162130533.8 1292210982612152.0 1283368179819385.8 1277078976189373.0 1266936523244071.2 1259606684123631.8 1247515165397109.5 1238487878687538.2 1233586049741684.0 1228353325096476.5 1222705807430548.0 1216516503965782.0 1209581182928589.5 1191711738489250.8 1178442592829325.8 1156002105179070.0
97400.01364543998 1403091406910723.8 1391605510625942.8 1379152530703953.8 1365525085183098.5 1350451905989296.0 1333530709707320.0 1314156371393870.5 1303265144184364.0 1291339364234504.2 1278116912712973.8 1269404568730110.2 1263201540260638.0 1253184506689133.5 1245934717204456.5 1233953702801319.5 1224991555945740.8 1220119319109817.8 1214914139511614.2 1209292068312299.0 1203126346512541.8 1196213041279778.0 1178386794674536.2 1165148414369798.0 1142782629331190.2
97800.01370147879 1380280441527884.2 1369203596161332.8 1357201222217673.5 1344067684796039.2 1329542635654465.2 1313238246624732.0 1294576592324972.5 1284088481925882.2 1272608497395654.2 1259887701580286.0 1251510942054403.8 1245549673594873.8 1235927650045397.5 1228966947994037.5 1217468342916700.8 1208867460682353.8 1204190398250325.2 1199191658537892.8 1193789371370653.2 1187859636783465.2 1181203715724152.2 1164005910639033.8 1151207978239166.5 1129575280861963.2
98200.01375751749 1371511488991344.0 1360287825835773.2 1348119813653994.2 1334812843390227.5 1320094529583214.0 1303581850126171.5 1284698557269198.0 1274096421152722.0 1262500956302502.8 1249665271128203.2 1241221409129863.0 1235215841293005.8 1225531140391069.0 1218531574826892.0 1206981957779462.8 1198356134043786.2 1193671179341576.0 1188669062603246.0 1183269730136336.8 1177352141117904.5 1170721962674890.8 1153654183592693.8 1141010694658503.0 1119727632645644.0
98600.01381355629 1356051383066083.8 1345034072132754.8 1333092100140866.0 1320026704439394.2 1305571737159472.8 1289347784740396.2 1270783184664193.0 1260352428243287.5 1248937201817668.8 1236290337123274.5 1227963333099585.5 1222037738003959.0 1212474557721118.8 1205557798505328.5 1194136298327915.2 1185601749950616.5 1180965934425119.8 1176016984710357.0 1170676893051155.0 1164827736758579.2 1158280371090002.8 1141465793165551.2 1129056912550321.0 1108267292679653.2
99000.01386959507 1326242557858354.2 1315357370126012.5 1303589426635570.2 1290758176696017.5 1276628773532924.2 1260873121532640.5 1243000840744842.2 1233046580388908.0 1222231991431930.8 1210355097183305.5 1202596932276788.2 1197105901956626.5 1188293495934557.0 1181953534907314.5 1171530264023463.0 1163758371618777.0 1159533974466359.8 1155016191375643.2 1150126096051313.2 1144744581516369.8 1138681174730072.8 1122879259307756.0 1110989010640006.2 1090700684921470.0
99400.01392563377 1317462848894693.0 1306936183518818.8 1295537887905118.5 1283079437018694.5 1269310839177007.2 1253875594750633.2 1236244392830377.2 1226353616558214.5 1215544667060666.5 1203588187494495.0 1195726636448786.0 1190137706337769.8 1181126318780866.8 1174613574980412.8 1163863573469733.5 1155827575213717.2 1151458481817028.0 1146789020184365.5 1141742280148082.2 1136202129216155.0 1129982437087537.8 1113911487934166.0 1101964384562624.5 1081826820195417.5
99800.01398167259 1307231158696552.0 1296557656752984.5 1284995657738815.5 1272356415346260.0 1258392306961637.2 1242752150579404.0 1224914450108894.8 1214927556335837.8 1204034014281035.0 1192016619212494.5 1184136813911597.8 1178546395008390.2 1169554895383954.8 1163075222736652.8 1152416167667868.2 1144478118698353.0 1140172895291752.0 1135579655488587.8 1130624087045917.0 1125193835018249.9 1119108626919831.0 1103429966097373.4 1091804489785011.5 1072246961006303.1
100200.014037711 1292168946567011.8 1281650264952795.0 1270250612375177.0 1257792338494298.2 1244029628732421.5 1228614114926074.5 1211029870694332.5 1201184949123352.0 1190447599241115.5 1178600337715864.0 1170832395379474.2 1165320913685242.8 1156456043375848.5 1150067297402407.2 1139556709813561.8 1131728195323003.0 1127481887973009.5 1122951042318575.9 1118062112820856.4 1112703963159599.4 1106698432649460.5 1091219597368709.0 1079737939583402.6 1060416195469226.1
200000.028019384 169409578010087.16 168532920747503.72 167585313863495.03 166552298425403.12 165414897278274.53 164146300464228.88 162706196053433.5 161902554485841.16 161027005881110.66 160059756364660.06 159422491580109.12 158967564283492.44 158228037098340.62 157686493406140.94 156772693586879.38 156067274308915.44 155673701179920.8 155244209221527.88 154768905970664.84 154233039595605.6 153613132072193.47 151919092327294.56 150577043956970.44 148203535972596.1
400000.056038768 21318635369265.188 21249578209089.996 21175600670598.688 21095612559152.64 21008015497082.383 20910304901859.594 20798238474543.73 20734582656956.0 20663840832238.586 20583491837314.17 20529023697822.86 20489288996072.2 20423022775108.277 20373059856962.543 20285705657003.824 20215416728233.49 20175047363045.1 20130019464724.938 20078989487775.816 20019960887500.24 19949784965067.402 19749475707805.383 19584949656724.164 19289058507252.293
600000.0840581519 6304093874473.876 6288666058740.978 6271976483151.94 6253703073614.535 6233377728774.068 6210280963339.084 6183200666651.881 6167516780251.316 6149800861728.478 6129264050188.338 6115059853209.783 6104542456147.58 6086700971701.736 6073001849754.833 6048576699781.386 6028543170013.088 6016909459155.088 6003839938642.717 5988926210778.381 5971562147070.471 5950794176599.025 5891072820754.445 5841886494807.81 5753789579298.637
800000.112077536 2652460101171.1265 2646881137318.6943 2640797186103.877 2634075573758.3765 2626518270993.056 2617809351748.0093 2607400823258.8076 2601262570310.307 2594228943381.372 2585949353020.701 2580151966330.0625 2575826662027.871 2568434190465.9624 2562717528403.5073 2552453570167.88 2543980629984.497 2539042788359.677 2533483479642.9395 2527127708126.5796 2519716711847.674 2510845100782.9062 2485350853520.58 2464423012951.3623 2427096546009.8584
1000000.1400969197 1354392004866.3362 1351786442324.8174 1348923089247.15 1345729399825.1572 1342096642445.5232 1337852732484.2283 1332703808367.3687 1329632995015.5374 1326087986205.2485 1321884838503.1433 1318925499896.504 1316710123594.5579 1312911137600.985 1309964161793.608 1304657846643.2373 1300267492136.5208 1297706499454.5283 1294822192063.6238 1291524488868.4321 1287680485154.5146 1283082360186.891 1269898632902.3687 1259107804969.0266 1239913589129.8857
1200000.1681163 781749162201.0996 780315669695.4241 778728326416.0417 776943222866.7117 774895265601.2677 772482220202.756 769530190975.8163 767759173558.5573 765706636118.9364 763263709298.5571 761538729214.9738 760245215446.3625 758023643560.8057 756298110757.5154 753188399639.4594 750614712057.9352 749113730281.2543 747423864611.8635 745492861184.9878 743243655099.4943 740555732748.2699 732862803670.3981 726578609107.2778 715423794334.6244
1400000.1961356897 491061064281.6958 490179987106.126 489199174279.9574 488090382470.9081 486811803983.3178 485297760074.9062 483436439868.1373 482315838993.6453 481014132406.12164 479461573333.0358 478363714487.9056 477539859578.1412 476124160596.52 475024261646.13007 473042268035.7 471402787736.19086 470447179998.14716 469371856831.4812 468143803782.74023 466714314828.6749 465007202193.7795 460127523294.32605 456147605984.347 449093339778.4619
1600000.2241550698 328176596114.80145 327592284137.0394 326939649957.75055 326199428929.74835 325343079840.88434 324325755822.8208 323071171692.10406 322314234279.5611 321433838803.7304 320382697940.7579 319638993963.8095 319080807689.19855 318121645978.719 317376607945.2702 316034737436.5609 314925577202.47144 314279438320.81537 313552658347.27765 312723021507.2856 311757752320.0451 310605597004.4062 307315525312.26855 304635622003.56555 299888448254.28827
