mps-atlas-1 MH = -0.1  Teff = 5900 K  logg = 4.4
 1.0 0.9 0.8 0.7 0.6 0.5 0.4 0.35 0.3 0.25 0.22 0.2 0.17 0.15 0.12 0.1 0.09 0.08 0.07 0.06 0.05 0.03 0.02 0.01
90.90001426068909 0.0 0.0 0.0 0.0 0.0 0.0 0.0 0.0 0.0 0.0 0.0 0.0 0.0 0.0 0.0 0.0 0.0 0.0 0.0 0.0 0.0 0.0 0.0 0.0
93.50001691375978 0.0 0.0 0.0 0.0 0.0 0.0 0.0 0.0 0.0 0.0 0.0 0.0 0.0 0.0 0.0 0.0 0.0 0.0 0.0 0.0 0.0 0.0 0.0 0.0
96.10001003008598 0.0 0.0 0.0 0.0 0.0 0.0 0.0 0.0 0.0 0.0 0.0 0.0 0.0 0.0 0.0 0.0 0.0 0.0 0.0 0.0 0.0 0.0 0.0 0.0
97.7000182651065 0.0 0.0 0.0 0.0 0.0 0.0 0.0 0.0 0.0 0.0 0.0 0.0 0.0 0.0 0.0 0.0 0.0 0.0 0.0 0.0 0.0 0.0 0.0 0.0
99.60001433512298 0.0 0.0 0.0 0.0 0.0 0.0 0.0 0.0 0.0 0.0 0.0 0.0 0.0 0.0 0.0 0.0 0.0 0.0 0.0 0.0 0.0 0.0 0.0 0.0
102.00001238253698 0.0 0.0 0.0 0.0 0.0 0.0 0.0 0.0 0.0 0.0 0.0 0.0 0.0 0.0 0.0 0.0 0.0 0.0 0.0 0.0 0.0 0.0 0.0 0.0
103.80001568646998 0.0 0.0 0.0 0.0 0.0 0.0 0.0 0.0 0.0 0.0 0.0 0.0 0.0 0.0 0.0 0.0 0.0 0.0 0.0 0.0 0.0 0.0 0.0 0.0
105.60001899040198 0.0 0.0 0.0 0.0 0.0 0.0 0.0 0.0 0.0 0.0 0.0 0.0 0.0 0.0 0.0 0.0 0.0 0.0 0.0 0.0 0.0 0.0 0.0 0.0
107.70001966607597 0.0 0.0 0.0 0.0 0.0 0.0 0.0 0.0 0.0 0.0 0.0 0.0 0.0 0.0 0.0 0.0 0.0 0.0 0.0 0.0 0.0 0.0 0.0 0.0
110.40001508522998 0.0 0.0 0.0 0.0 0.0 0.0 0.0 0.0 0.0 0.0 0.0 0.0 0.0 0.0 0.0 0.0 0.0 0.0 0.0 0.0 0.0 0.0 0.0 0.0
114.00001215635099 0.0 0.0 0.0 0.0 0.0 0.0 0.0 0.0 0.0 0.0 0.0 0.0 0.0 0.0 0.0 0.0 0.0 0.0 0.0 0.0 0.0 0.0 0.0 0.0
117.80001383312899 0.0 0.0 0.0 0.0 0.0 0.0 0.0 0.0 0.0 0.0 0.0 0.0 0.0 0.0 0.0 0.0 0.0 0.0 0.0 0.0 0.0 0.0 0.0 0.0
121.30001813816598 0.0 0.0 0.0 0.0 0.0 0.0 0.0 0.0 0.0 0.0 0.0 0.0 0.0 0.0 0.0 0.0 0.0 0.0 0.0 0.0 0.0 0.0 0.0 0.0
124.80001290645798 0.0 0.0 0.0 0.0 0.0 0.0 0.0 0.0 0.0 0.0 0.0 0.0 0.0 0.0 0.0 0.0 0.0 0.0 0.0 0.0 0.0 0.0 0.0 0.0
127.10001818778797 0.0 0.0 0.0 0.0 0.0 0.0 0.0 0.0 0.0 0.0 0.0 0.0 0.0 0.0 0.0 0.0 0.0 0.0 0.0 0.0 0.0 0.0 0.0 0.0
128.400019514324 0.0 0.0 0.0 0.0 0.0 0.0 0.0 0.0 0.0 0.0 0.0 0.0 0.0 0.0 0.0 0.0 0.0 0.0 0.0 0.0 0.0 0.0 0.0 0.0
130.50002018999697 0.0 0.0 0.0 0.0 0.0 0.0 0.0 0.0 0.0 0.0 0.0 0.0 0.0 0.0 0.0 0.0 0.0 0.0 0.0 0.0 0.0 0.0 0.0 0.0
132.40001626001398 0.0 0.0 0.0 0.0 0.0 0.0 0.0 0.0 0.0 0.0 0.0 0.0 0.0 0.0 0.0 0.0 0.0 0.0 0.0 0.0 0.0 0.0 0.0 0.0
133.90002219220597 0.0 0.0 0.0 0.0 0.0 0.0 0.0 0.0 0.0 0.0 0.0 0.0 0.0 0.0 0.0 0.0 0.0 0.0 0.0 0.0 0.0 0.0 0.0 0.0
136.60001761136 0.0 0.0 0.0 0.0 0.0 0.0 0.0 0.0 0.0 0.0 0.0 0.0 0.0 0.0 0.0 0.0 0.0 0.0 0.0 0.0 0.0 0.0 0.0 0.0
139.80001500791198 0.0 0.0 0.0 0.0 0.0 0.0 0.0 0.0 0.0 0.0 0.0 0.0 0.0 0.0 0.0 0.0 0.0 0.0 0.0 0.0 0.0 0.0 0.0 0.0
143.30001931294896 0.0 0.0 0.0 0.0 0.0 0.0 0.0 0.0 0.0 0.0 0.0 0.0 0.0 0.0 0.0 0.0 0.0 0.0 0.0 0.0 0.0 0.0 0.0 0.0
147.200023292555 0.0 0.0 0.0 0.0 0.0 0.0 0.0 0.0 0.0 0.0 0.0 0.0 0.0 0.0 0.0 0.0 0.0 0.0 0.0 0.0 0.0 0.0 0.0 0.0
151.00002496933297 0.0 0.0 0.0 0.0 0.0 0.0 0.0 0.0 0.0 0.0 0.0 0.0 0.0 0.0 0.0 0.0 0.0 0.0 0.0 0.0 0.0 0.0 0.0 0.0
155.20002632067897 0.0 0.0 0.0 0.0 0.0 0.0 0.0 0.0 0.0 0.0 0.0 0.0 0.0 0.0 0.0 0.0 0.0 0.0 0.0 0.0 0.0 0.0 0.0 0.0
158.80002339179998 0.0 0.0 0.0 0.0 0.0 0.0 0.0 0.0 0.0 0.0 0.0 0.0 0.0 0.0 0.0 0.0 0.0 0.0 0.0 0.0 0.0 0.0 0.0 0.0
162.00003032509696 0.0 0.0 0.0 0.0 0.0 0.0 0.0 0.0 0.0 0.0 0.0 0.0 0.0 0.0 0.0 0.0 0.0 0.0 0.0 0.0 0.0 0.0 0.0 0.0
166.00002707078698 0.0 0.0 0.0 0.0 0.0 0.0 0.0 0.0 0.0 0.0 0.0 0.0 0.0 0.0 0.0 0.0 0.0 0.0 0.0 0.0 0.0 0.0 0.0 0.0
170.30003072496197 0.0 0.0 0.0 0.0 0.0 0.0 0.0 0.0 0.0 0.0 0.0 0.0 0.0 0.0 0.0 0.0 0.0 0.0 0.0 0.0 0.0 0.0 0.0 0.0
173.40002581868498 0.0 0.0 0.0 0.0 0.0 0.0 0.0 0.0 0.0 0.0 0.0 0.0 0.0 0.0 0.0 0.0 0.0 0.0 0.0 0.0 0.0 0.0 0.0 0.0
176.80002782089397 0.0 0.0 0.0 0.0 0.0 0.0 0.0 0.0 0.0 0.0 0.0 0.0 0.0 0.0 0.0 0.0 0.0 0.0 0.0 0.0 0.0 0.0 0.0 0.0
180.20002982310197 0.0 0.0 0.0 0.0 0.0 0.0 0.0 0.0 0.0 0.0 0.0 0.0 0.0 0.0 0.0 0.0 0.0 0.0 0.0 0.0 0.0 0.0 0.0 0.0
181.70002621855 0.0 0.0 0.0 0.0 0.0 0.0 0.0 0.0 0.0 0.0 0.0 0.0 0.0 0.0 0.0 0.0 0.0 0.0 0.0 0.0 0.0 0.0 0.0 0.0
186.10003217555297 0.0 0.0 0.0 0.0 0.0 0.0 0.0 0.0 0.0 0.0 0.0 0.0 0.0 0.0 0.0 0.0 0.0 0.0 0.0 0.0 0.0 0.0 0.0 0.0
191.00003057320998 0.0 0.0 0.0 0.0 0.0 0.0 0.0 0.0 0.0 0.0 0.0 0.0 0.0 0.0 0.0 0.0 0.0 0.0 0.0 0.0 0.0 0.0 0.0 0.0
193.90002106127596 0.0 0.0 0.0 0.0 0.0 0.0 0.0 0.0 0.0 0.0 0.0 0.0 0.0 0.0 0.0 0.0 0.0 0.0 0.0 0.0 0.0 0.0 0.0 0.0
198.40002932110795 0.0 0.0 0.0 0.0 0.0 0.0 0.0 0.0 0.0 0.0 0.0 0.0 0.0 0.0 0.0 0.0 0.0 0.0 0.0 0.0 0.0 0.0 0.0 0.0
201.80003132331694 0.0 0.0 0.0 0.0 0.0 0.0 0.0 0.0 0.0 0.0 0.0 0.0 0.0 0.0 0.0 0.0 0.0 0.0 0.0 0.0 0.0 0.0 0.0 0.0
205.00002871986896 0.0 0.0 0.0 0.0 0.0 0.0 0.0 0.0 0.0 0.0 0.0 0.0 0.0 0.0 0.0 0.0 0.0 0.0 0.0 0.0 0.0 0.0 0.0 0.0
210.50002186100596 0.0 0.0 0.0 0.0 0.0 0.0 0.0 0.0 0.0 0.0 0.0 0.0 0.0 0.0 0.0 0.0 0.0 0.0 0.0 0.0 0.0 0.0 0.0 0.0
216.20003868128896 0.0 0.0 0.0 0.0 0.0 0.0 0.0 0.0 0.0 0.0 0.0 0.0 0.0 0.0 0.0 0.0 0.0 0.0 0.0 0.0 0.0 0.0 0.0 0.0
219.80002621566598 0.0 0.0 0.0 0.0 0.0 0.0 0.0 0.0 0.0 0.0 0.0 0.0 0.0 0.0 0.0 0.0 0.0 0.0 0.0 0.0 0.0 0.0 0.0 0.0
223.00002361221797 0.0 0.0 0.0 0.0 0.0 0.0 0.0 0.0 0.0 0.0 0.0 0.0 0.0 0.0 0.0 0.0 0.0 0.0 0.0 0.0 0.0 0.0 0.0 0.0
226.80003482573997 0.0 0.0 0.0 0.0 0.0 0.0 0.0 0.0 0.0 0.0 0.0 0.0 0.0 0.0 0.0 0.0 0.0 0.0 0.0 0.0 0.0 0.0 0.0 0.0
230.00003222229196 0.0 0.0 0.0 0.0 0.0 0.0 0.0 0.0 0.0 0.0 0.0 0.0 0.0 0.0 0.0 0.0 0.0 0.0 0.0 0.0 0.0 0.0 0.0 0.0
234.00002896798097 0.0 0.0 0.0 0.0 0.0 0.0 0.0 0.0 0.0 0.0 0.0 0.0 0.0 0.0 0.0 0.0 0.0 0.0 0.0 0.0 0.0 0.0 0.0 0.0
240.00003362326098 0.0 0.0 0.0 0.0 0.0 0.0 0.0 0.0 0.0 0.0 0.0 0.0 0.0 0.0 0.0 0.0 0.0 0.0 0.0 0.0 0.0 0.0 0.0 0.0
246.50003071919295 0.0 0.0 0.0 0.0 0.0 0.0 0.0 0.0 0.0 0.0 0.0 0.0 0.0 0.0 0.0 0.0 0.0 0.0 0.0 0.0 0.0 0.0 0.0 0.0
252.40003307164395 0.0 0.0 0.0 0.0 0.0 0.0 0.0 0.0 0.0 0.0 0.0 0.0 0.0 0.0 0.0 0.0 0.0 0.0 0.0 0.0 0.0 0.0 0.0 0.0
256.80003902864695 0.0 0.0 0.0 0.0 0.0 0.0 0.0 0.0 0.0 0.0 0.0 0.0 0.0 0.0 0.0 0.0 0.0 0.0 0.0 0.0 0.0 0.0 0.0 0.0
260.00003642519897 0.0 0.0 0.0 0.0 0.0 0.0 0.0 0.0 0.0 0.0 0.0 0.0 0.0 0.0 0.0 0.0 0.0 0.0 0.0 0.0 0.0 0.0 0.0 0.0
264.00003317088897 0.0 0.0 0.0 0.0 0.0 0.0 0.0 0.0 0.0 0.0 0.0 0.0 0.0 0.0 0.0 0.0 0.0 0.0 0.0 0.0 0.0 0.0 0.0 0.0
268.50004143072096 0.0 0.0 0.0 0.0 0.0 0.0 0.0 0.0 0.0 0.0 0.0 0.0 0.0 0.0 0.0 0.0 0.0 0.0 0.0 0.0 0.0 0.0 0.0 0.0
273.50004213120496 0.0 0.0 0.0 0.0 0.0 0.0 0.0 0.0 0.0 0.0 0.0 0.0 0.0 0.0 0.0 0.0 0.0 0.0 0.0 0.0 0.0 0.0 0.0 0.0
278.50004283168994 0.0 0.0 0.0 0.0 0.0 0.0 0.0 0.0 0.0 0.0 0.0 0.0 0.0 0.0 0.0 0.0 0.0 0.0 0.0 0.0 0.0 0.0 0.0 0.0
284.00003597282694 0.0 0.0 0.0 0.0 0.0 0.0 0.0 0.0 0.0 0.0 0.0 0.0 0.0 0.0 0.0 0.0 0.0 0.0 0.0 0.0 0.0 0.0 0.0 0.0
290.00004062810694 0.0 0.0 0.0 0.0 0.0 0.0 0.0 0.0 0.0 0.0 0.0 0.0 0.0 0.0 0.0 0.0 0.0 0.0 0.0 0.0 0.0 0.0 0.0 0.0
296.000045283386 0.0 0.0 0.0 0.0 0.0 0.0 0.0 0.0 0.0 0.0 0.0 0.0 0.0 0.0 0.0 0.0 0.0 0.0 0.0 0.0 0.0 0.0 0.0 0.0
301.0000459838709 0.0 0.0 0.0 0.0 0.0 0.0 0.0 0.0 0.0 0.0 0.0 0.0 0.0 0.0 0.0 0.0 0.0 0.0 0.0 0.0 0.0 0.0 0.0 0.0
308.0000355204559 0.0 0.0 0.0 0.0 0.0 0.0 0.0 0.0 0.0 0.0 0.0 0.0 0.0 0.0 0.0 0.0 0.0 0.0 0.0 0.0 0.0 0.0 0.0 0.0
318.00003692142496 0.0 0.0 0.0 0.0 0.0 0.0 0.0 0.0 0.0 0.0 0.0 0.0 0.0 0.0 0.0 0.0 0.0 0.0 0.0 0.0 0.0 0.0 0.0 0.0
328.0000383223939 0.0 0.0 0.0 0.0 0.0 0.0 0.0 0.0 0.0 0.0 0.0 0.0 0.0 0.0 0.0 0.0 0.0 0.0 0.0 0.0 0.0 0.0 0.0 0.0
338.00003972336293 0.0 0.0 0.0 0.0 0.0 0.0 0.0 0.0 0.0 0.0 0.0 0.0 0.0 0.0 0.0 0.0 0.0 0.0 0.0 0.0 0.0 0.0 0.0 0.0
348.00004112433294 0.0 0.0 0.0 0.0 0.0 0.0 0.0 0.0 0.0 0.0 0.0 0.0 0.0 0.0 0.0 0.0 0.0 0.0 0.0 0.0 0.0 0.0 0.0 0.0
357.00005764399594 0.0 0.0 0.0 0.0 0.0 0.0 0.0 0.0 0.0 0.0 0.0 0.0 0.0 0.0 0.0 0.0 0.0 0.0 0.0 0.0 0.0 0.0 0.0 0.0
366.00003601668095 0.0 0.0 0.0 0.0 0.0 0.0 0.0 0.0 0.0 0.0 0.0 0.0 0.0 0.0 0.0 0.0 0.0 0.0 0.0 0.0 0.0 0.0 0.0 0.0
375.0000525363449 0.0 0.0 0.0 0.0 0.0 0.0 0.0 0.0 0.0 0.0 0.0 0.0 0.0 0.0 0.0 0.0 0.0 0.0 0.0 0.0 0.0 0.0 0.0 0.0
385.0000539373139 0.0 0.0 0.0 0.0 0.0 0.0 0.0 0.0 0.0 0.0 0.0 0.0 0.0 0.0 0.0 0.0 0.0 0.0 0.0 0.0 0.0 0.0 0.0 0.0
395.00005533828295 0.0 0.0 0.0 0.0 0.0 0.0 0.0 0.0 0.0 0.0 0.0 0.0 0.0 0.0 0.0 0.0 0.0 0.0 0.0 0.0 0.0 0.0 0.0 0.0
405.00005673925295 0.0 0.0 0.0 0.0 0.0 0.0 0.0 0.0 0.0 0.0 0.0 0.0 0.0 0.0 0.0 0.0 0.0 0.0 0.0 0.0 0.0 0.0 0.0 0.0
414.0000732589159 0.0 0.0 0.0 0.0 0.0 0.0 0.0 0.0 0.0 0.0 0.0 0.0 0.0 0.0 0.0 0.0 0.0 0.0 0.0 0.0 0.0 0.0 0.0 0.0
422.0000667502959 0.0 0.0 0.0 0.0 0.0 0.0 0.0 0.0 0.0 0.0 0.0 0.0 0.0 0.0 0.0 0.0 0.0 0.0 0.0 0.0 0.0 0.0 0.0 0.0
430.0000602416759 0.0 0.0 0.0 0.0 0.0 0.0 0.0 0.0 0.0 0.0 0.0 0.0 0.0 0.0 0.0 0.0 0.0 0.0 0.0 0.0 0.0 0.0 0.0 0.0
441.0000465239509 0.0 0.0 0.0 0.0 0.0 0.0 0.0 0.0 0.0 0.0 0.0 0.0 0.0 0.0 0.0 0.0 0.0 0.0 0.0 0.0 0.0 0.0 0.0 0.0
451.00004792491995 0.0 0.0 0.0 0.0 0.0 0.0 0.0 0.0 0.0 0.0 0.0 0.0 0.0 0.0 0.0 0.0 0.0 0.0 0.0 0.0 0.0 0.0 0.0 0.0
460.0000644445829 0.0 0.0 0.0 0.0 0.0 0.0 0.0 0.0 0.0 0.0 0.0 0.0 0.0 0.0 0.0 0.0 0.0 0.0 0.0 0.0 0.0 0.0 0.0 0.0
470.00006584555194 0.0 0.0 0.0 0.0 0.0 0.0 0.0 0.0 0.0 0.0 0.0 0.0 0.0 0.0 0.0 0.0 0.0 0.0 0.0 0.0 0.0 0.0 0.0 0.0
480.00006724652195 0.0 0.0 0.0 0.0 0.0 0.0 0.0 0.0 0.0 0.0 0.0 0.0 0.0 0.0 0.0 0.0 0.0 0.0 0.0 0.0 0.0 0.0 0.0 0.0
490.00006864749093 0.0 0.0 0.0 0.0 0.0 0.0 0.0 0.0 0.0 0.0 0.0 0.0 0.0 0.0 0.0 0.0 0.0 0.0 0.0 0.0 0.0 0.0 0.0 0.0
500.00007004845986 0.0 0.0 0.0 0.0 0.0 0.0 0.0 0.0 0.0 0.0 0.0 0.0 0.0 0.0 0.0 0.0 0.0 0.0 0.0 0.0 0.0 0.0 0.0 0.0
506.0000556302499 0.0 0.0 0.0 0.0 0.0 0.0 0.0 0.0 0.0 0.0 0.0 0.0 0.0 0.0 0.0 0.0 0.0 0.0 0.0 0.0 0.0 0.0 0.0 0.0
512.000079359019 0.0 0.0 0.0 0.0 0.0 0.0 0.0 0.0 0.0 0.0 0.0 0.0 0.0 0.0 0.0 0.0 0.0 0.0 0.0 0.0 0.0 0.0 0.0 0.0
520.0000728503979 0.0 0.0 0.0 0.0 0.0 0.0 0.0 0.0 0.0 0.0 0.0 0.0 0.0 0.0 0.0 0.0 0.0 0.0 0.0 0.0 0.0 0.0 0.0 0.0
530.0000742513679 0.0 0.0 0.0 0.0 0.0 0.0 0.0 0.0 0.0 0.0 0.0 0.0 0.0 0.0 0.0 0.0 0.0 0.0 0.0 0.0 0.0 0.0 0.0 0.0
540.0000756523369 0.0 0.0 0.0 0.0 0.0 0.0 0.0 0.0 0.0 0.0 0.0 0.0 0.0 0.0 0.0 0.0 0.0 0.0 0.0 0.0 0.0 0.0 0.0 0.0
550.000077053306 0.0 0.0 0.0 0.0 0.0 0.0 0.0 0.0 0.0 0.0 0.0 0.0 0.0 0.0 0.0 0.0 0.0 0.0 0.0 0.0 0.0 0.0 0.0 0.0
560.0000784542749 0.0 0.0 0.0 0.0 0.0 0.0 0.0 0.0 0.0 0.0 0.0 0.0 0.0 0.0 0.0 0.0 0.0 0.0 0.0 0.0 0.0 0.0 0.0 0.0
570.0000798552438 0.0 0.0 0.0 0.0 0.0 0.0 0.0 0.0 0.0 0.0 0.0 0.0 0.0 0.0 0.0 0.0 0.0 0.0 0.0 0.0 0.0 0.0 0.0 0.0
580.0000812562139 0.0 0.0 0.0 0.0 0.0 0.0 0.0 0.0 0.0 0.0 0.0 0.0 0.0 0.0 0.0 0.0 0.0 0.0 0.0 0.0 0.0 0.0 0.0 0.0
590.0000826571829 0.0 0.0 0.0 0.0 0.0 0.0 0.0 0.0 0.0 0.0 0.0 0.0 0.0 0.0 0.0 0.0 0.0 0.0 0.0 0.0 0.0 0.0 0.0 0.0
600.0000840581519 0.0 0.0 0.0 0.0 0.0 0.0 0.0 0.0 0.0 0.0 0.0 0.0 0.0 0.0 0.0 0.0 0.0 0.0 0.0 0.0 0.0 0.0 0.0 0.0
610.0000854591209 0.0 0.0 0.0 0.0 0.0 0.0 0.0 0.0 0.0 0.0 0.0 0.0 0.0 0.0 0.0 0.0 0.0 0.0 0.0 0.0 0.0 0.0 0.0 0.0
620.0000868600898 0.0 0.0 0.0 0.0 0.0 0.0 0.0 0.0 0.0 0.0 0.0 0.0 0.0 0.0 0.0 0.0 0.0 0.0 0.0 0.0 0.0 0.0 0.0 0.0
630.0000882610599 0.0 0.0 0.0 0.0 0.0 0.0 0.0 0.0 0.0 0.0 0.0 0.0 0.0 0.0 0.0 0.0 0.0 0.0 0.0 0.0 0.0 0.0 0.0 0.0
640.0000896620288 0.0 0.0 0.0 0.0 0.0 0.0 0.0 0.0 0.0 0.0 0.0 0.0 0.0 0.0 0.0 0.0 0.0 0.0 0.0 0.0 0.0 0.0 0.0 0.0
650.0000910629979 0.0 0.0 0.0 0.0 0.0 0.0 0.0 0.0 0.0 0.0 0.0 0.0 0.0 0.0 0.0 0.0 0.0 0.0 0.0 0.0 0.0 0.0 0.0 0.0
658.0001227013558 0.0 0.0 0.0 0.0 0.0 0.0 0.0 0.0 0.0 0.0 0.0 0.0 0.0 0.0 0.0 0.0 0.0 0.0 0.0 0.0 0.0 0.0 0.0 0.0
665.0000931644519 0.0 0.0 0.0 0.0 0.0 0.0 0.0 0.0 0.0 0.0 0.0 0.0 0.0 0.0 0.0 0.0 0.0 0.0 0.0 0.0 0.0 0.0 0.0 0.0
675.0000945654209 0.0 0.0 0.0 0.0 0.0 0.0 0.0 0.0 0.0 0.0 0.0 0.0 0.0 0.0 0.0 0.0 0.0 0.0 0.0 0.0 0.0 0.0 0.0 0.0
685.00009596639 0.0 0.0 0.0 0.0 0.0 0.0 0.0 0.0 0.0 0.0 0.0 0.0 0.0 0.0 0.0 0.0 0.0 0.0 0.0 0.0 0.0 0.0 0.0 0.0
695.0000973673589 0.0 0.0 0.0 0.0 0.0 0.0 0.0 0.0 0.0 0.0 0.0 0.0 0.0 0.0 0.0 0.0 0.0 0.0 0.0 0.0 0.0 0.0 0.0 0.0
705.0000987683289 0.0 0.0 0.0 0.0 0.0 0.0 0.0 0.0 0.0 0.0 0.0 0.0 0.0 0.0 0.0 0.0 0.0 0.0 0.0 0.0 0.0 0.0 0.0 0.0
716.0000850506029 0.0 0.0 0.0 0.0 0.0 0.0 0.0 0.0 0.0 0.0 0.0 0.0 0.0 0.0 0.0 0.0 0.0 0.0 0.0 0.0 0.0 0.0 0.0 0.0
726.0000864515729 0.0 0.0 0.0 0.0 0.0 0.0 0.0 0.0 0.0 0.0 0.0 0.0 0.0 0.0 0.0 0.0 0.0 0.0 0.0 0.0 0.0 0.0 0.0 0.0
735.0001029712358 0.0 0.0 0.0 0.0 0.0 0.0 0.0 0.0 0.0 0.0 0.0 0.0 0.0 0.0 0.0 0.0 0.0 0.0 0.0 0.0 0.0 0.0 0.0 0.0
745.0001043722049 0.0 0.0 0.0 0.0 0.0 0.0 0.0 0.0 0.0 0.0 0.0 0.0 0.0 0.0 0.0 0.0 0.0 0.0 0.0 0.0 0.0 0.0 0.0 0.0
755.0001057731748 0.0 0.0 0.0 0.0 0.0 0.0 0.0 0.0 0.0 0.0 0.0 0.0 0.0 0.0 0.0 0.0 0.0 0.0 0.0 0.0 0.0 0.0 0.0 0.0
765.0001071741439 0.0 0.0 0.0 0.0 0.0 0.0 0.0 0.0 0.0 0.0 0.0 0.0 0.0 0.0 0.0 0.0 0.0 0.0 0.0 0.0 0.0 0.0 0.0 0.0
775.0001085751129 0.0 0.0 0.0 0.0 0.0 0.0 0.0 0.0 0.0 0.0 0.0 0.0 0.0 0.0 0.0 0.0 0.0 0.0 0.0 0.0 0.0 0.0 0.0 0.0
785.0001099760818 0.0 0.0 0.0 0.0 0.0 0.0 0.0 0.0 0.0 0.0 0.0 0.0 0.0 0.0 0.0 0.0 0.0 0.0 0.0 0.0 0.0 0.0 0.0 0.0
795.0001113770509 0.0 0.0 0.0 0.0 0.0 0.0 0.0 0.0 0.0 0.0 0.0 0.0 0.0 0.0 0.0 0.0 0.0 0.0 0.0 0.0 0.0 0.0 0.0 0.0
805.0001127780208 0.0 0.0 0.0 0.0 0.0 0.0 0.0 0.0 0.0 0.0 0.0 0.0 0.0 0.0 0.0 0.0 0.0 0.0 0.0 0.0 0.0 0.0 0.0 0.0
815.0001141789899 0.0 0.0 0.0 0.0 0.0 0.0 0.0 0.0 0.0 0.0 0.0 0.0 0.0 0.0 0.0 0.0 0.0 0.0 0.0 0.0 0.0 0.0 0.0 0.0
825.0001155799589 0.0 0.0 0.0 0.0 0.0 0.0 0.0 0.0 0.0 0.0 0.0 0.0 0.0 0.0 0.0 0.0 0.0 0.0 0.0 0.0 0.0 0.0 0.0 0.0
835.0001169809279 0.0 0.0 0.0 0.0 0.0 0.0 0.0 0.0 0.0 0.0 0.0 0.0 0.0 0.0 0.0 0.0 0.0 0.0 0.0 0.0 0.0 0.0 0.0 0.0
845.0001183818969 0.0 0.0 0.0 0.0 0.0 0.0 0.0 0.0 0.0 0.0 0.0 0.0 0.0 0.0 0.0 0.0 0.0 0.0 0.0 0.0 0.0 0.0 0.0 0.0
855.0001197828668 0.0 0.0 0.0 0.0 0.0 0.0 0.0 0.0 0.0 0.0 0.0 0.0 0.0 0.0 0.0 0.0 0.0 0.0 0.0 0.0 0.0 0.0 0.0 0.0
865.0001211838357 0.0 0.0 0.0 0.0 0.0 0.0 0.0 0.0 0.0 0.0 0.0 0.0 0.0 0.0 0.0 0.0 0.0 0.0 0.0 0.0 0.0 0.0 0.0 0.0
875.0001225848048 0.0 0.0 0.0 0.0 0.0 0.0 0.0 0.0 0.0 0.0 0.0 0.0 0.0 0.0 0.0 0.0 0.0 0.0 0.0 0.0 0.0 0.0 0.0 0.0
885.0001239857738 0.0 0.0 0.0 0.0 0.0 0.0 0.0 0.0 0.0 0.0 0.0 0.0 0.0 0.0 0.0 0.0 0.0 0.0 0.0 0.0 0.0 0.0 0.0 0.0
895.0001253867429 0.0 0.0 0.0 0.0 0.0 0.0 0.0 0.0 0.0 0.0 0.0 0.0 0.0 0.0 0.0 0.0 0.0 0.0 0.0 0.0 0.0 0.0 0.0 0.0
905.0001267877128 0.0 0.0 0.0 0.0 0.0 0.0 0.0 0.0 0.0 0.0 0.0 0.0 0.0 0.0 0.0 0.0 0.0 0.0 0.0 0.0 0.0 0.0 0.0 0.0
915.0001281886819 0.0 0.0 0.0 0.0 0.0 0.0 0.0 0.0 0.0 0.0 0.0 0.0 0.0 0.0 0.0 0.0 0.0 0.0 0.0 0.0 0.0 0.0 0.0 0.0
925.0001295896509 0.0 0.0 0.0 0.0 0.0 0.0 0.0 0.0 0.0 0.0 0.0 0.0 0.0 0.0 0.0 0.0 0.0 0.0 0.0 0.0 0.0 0.0 0.0 0.0
935.0001309906198 0.0 0.0 0.0 0.0 0.0 0.0 0.0 0.0 0.0 0.0 0.0 0.0 0.0 0.0 0.0 0.0 0.0 0.0 0.0 0.0 0.0 0.0 0.0 0.0
945.0001323915889 0.0 0.0 0.0 0.0 0.0 0.0 0.0 0.0 0.0 0.0 0.0 0.0 0.0 0.0 0.0 0.0 0.0 0.0 0.0 0.0 0.0 0.0 0.0 0.0
955.0001337925579 0.0 0.0 0.0 0.0 0.0 0.0 0.0 0.0 0.0 0.0 0.0 0.0 0.0 0.0 0.0 0.0 0.0 0.0 0.0 0.0 0.0 0.0 0.0 0.0
965.0001351935279 0.0 0.0 0.0 0.0 0.0 0.0 0.0 0.0 0.0 0.0 0.0 0.0 0.0 0.0 0.0 0.0 0.0 0.0 0.0 0.0 0.0 0.0 0.0 0.0
975.0001365944969 0.0 0.0 0.0 0.0 0.0 0.0 0.0 0.0 0.0 0.0 0.0 0.0 0.0 0.0 0.0 0.0 0.0 0.0 0.0 0.0 0.0 0.0 0.0 0.0
985.0001379954657 0.0 0.0 0.0 0.0 0.0 0.0 0.0 0.0 0.0 0.0 0.0 0.0 0.0 0.0 0.0 0.0 0.0 0.0 0.0 0.0 0.0 0.0 0.0 0.0
995.0001393964347 0.0 0.0 0.0 0.0 0.0 0.0 0.0 0.0 0.0 0.0 0.0 0.0 0.0 0.0 0.0 0.0 0.0 0.0 0.0 0.0 0.0 0.0 0.0 0.0
1005.0001407973998 0.0 0.0 0.0 0.0 0.0 0.0 0.0 0.0 0.0 0.0 0.0 0.0 0.0 0.0 0.0 0.0 0.0 0.0 0.0 0.0 0.0 0.0 0.0 0.0
1015.0001421983698 0.0 0.0 0.0 0.0 0.0 0.0 0.0 0.0 0.0 0.0 0.0 0.0 0.0 0.0 0.0 0.0 0.0 0.0 0.0 0.0 0.0 0.0 0.0 0.0
1025.0001435993397 0.0 0.0 0.0 0.0 0.0 0.0 0.0 0.0 0.0 0.0 0.0 0.0 0.0 0.0 0.0 0.0 0.0 0.0 0.0 0.0 0.0 0.0 0.0 0.0
1035.0001450003099 0.0 0.0 0.0 0.0 0.0 0.0 0.0 0.0 0.0 0.0 0.0 0.0 0.0 0.0 0.0 0.0 0.0 0.0 0.0 0.0 0.0 0.0 0.0 0.0
1045.0001464012798 0.0 0.0 0.0 0.0 0.0 0.0 0.0 0.0 0.0 0.0 0.0 0.0 0.0 0.0 0.0 0.0 0.0 0.0 0.0 0.0 0.0 0.0 0.0 0.0
1055.0001478022498 0.0 0.0 0.0 0.0 0.0 0.0 0.0 0.0 0.0 0.0 0.0 0.0 0.0 0.0 0.0 0.0 0.0 0.0 0.0 0.0 0.0 0.0 0.0 0.0
1065.0001492032197 0.0 0.0 0.0 0.0 0.0 0.0 0.0 0.0 0.0 0.0 0.0 0.0 0.0 0.0 0.0 0.0 0.0 0.0 0.0 0.0 0.0 0.0 0.0 0.0
1075.00015060419 0.0 0.0 0.0 0.0 0.0 0.0 0.0 0.0 0.0 0.0 0.0 0.0 0.0 0.0 0.0 0.0 0.0 0.0 0.0 0.0 0.0 0.0 0.0 0.0
1085.0001520051599 0.0 0.0 0.0 0.0 0.0 0.0 0.0 0.0 0.0 0.0 0.0 0.0 0.0 0.0 0.0 0.0 0.0 0.0 0.0 0.0 0.0 0.0 0.0 0.0
1095.0001534061298 0.0 0.0 0.0 0.0 0.0 0.0 0.0 0.0 0.0 0.0 0.0 0.0 0.0 0.0 0.0 0.0 0.0 0.0 0.0 0.0 0.0 0.0 0.0 0.0
1105.0001548070998 123318614.40278491 111042118.96380897 98794815.87981261 86579194.44054455 74395747.08863127 62239735.71346963 50093092.92258668 44009252.685251795 37902620.71339397 31750583.664286893 28022045.289186362 25513133.183599673 21701206.81226688 19116505.61332157 15148256.52725841 12422010.786309736 11028948.078693086 9613790.326595778 8176039.408245368 6717383.212339979 5243908.566784357 2329410.7697039642 1005689.0432211378 104624.47148902643
1115.00015620807 614105542.675625 554285995.846316 494493502.2859618 434726634.95064884 374970998.47519106 315183847.4220207 255256839.7132418 225167093.606347 194914035.5812681 164384633.77237153 145855140.1006397 133373371.14527422 114381357.2722648 101475311.36681633 81579498.12602313 67804845.08056754 60708503.12197094 53439930.20279351 45970389.35343346 38270767.43416706 30320536.52006985 13850883.972384803 6028167.581099113 667029.392148627
1125.0001576090297 907486835.5684412 819091756.9900304 730757333.6007326 642494068.8981336 554299939.0571526 466142865.2585631 377916242.6785675 333695763.9674099 289310727.0124064 244620576.09029645 217556844.32678977 199355162.70710137 171704735.8369091 152941187.79081354 124028277.81374893 103974024.56664263 93606775.68755406 82943161.71011204 71914792.9577522 60439982.45996511 48432161.22864942 22775821.89235974 10070688.107527586 1113816.609414985
1135.0001590099998 1372613701.5900164 1238293859.3015282 1104168186.5583355 970267860.8422314 836609824.0462514 703172778.6021407 569834255.7997594 503096420.52312636 436184727.0786096 368899301.1147384 328198916.3411464 300846863.5606491 259327908.95387644 231172924.03978473 187807474.05298272 157723337.26147416 142159509.1042125 126134729.25570478 109535608.31057473 92223258.4308326 74043609.30602254 34890566.4557732 15339855.259433005 1633034.2653487108
1145.0001604109698 1819125015.1834626 1643295956.8775508 1467518918.3153925 1291798403.9216394 1116105768.8343465 940337146.204786 764208912.1095258 675808904.334153 586962588.408421 497342182.5417617 442961217.8038806 406328085.32835835 350563481.7372995 312624130.7286174 253963600.3695624 213098412.50791815 191904831.52068296 170052228.65237248 147392550.64837056 123750277.714084 98942026.49875936 45800227.340133615 19648879.116895176 1919901.5389426984
1155.0001618119397 2044450506.7805128 1847516854.2306116 1650627919.9882066 1453787744.4060695 1256963090.8475091 1060035619.5117743 862682093.6882159 763615206.525025 664031153.9729835 563546352.2962446 502542067.9770129 461424698.7864604 398777750.28917336 356095946.5188188 289942375.9189411 243675825.21014923 219596363.85730445 194691766.90778604 168771630.13761488 141610467.07190013 112976020.2822638 51360962.43055985 21347909.494370304 1877253.4042220402
1165.0001632129097 2800284222.566794 2535914765.5635056 2271096917.60098 2005755652.7973635 1739735012.5751185 1472712104.9689956 1203990248.4535747 1068548966.2246554 931923922.9984298 793451850.6943163 709008737.8324366 651898175.0963459 564525027.2871286 504707843.6943121 411449079.95089245 345785042.56680286 311461882.0760753 275861456.63456833 238713877.3547737 199711321.63041666 158561951.91454086 70420828.64058948 28307000.039996486 2228551.3878068575
1175.0001646138799 3564791504.5159817 3229935268.080584 2894499832.9810843 2558387453.8961096 2221391608.456619 1883079691.2208543 1542509941.2020178 1370775155.369543 1197438778.3982153 1021585609.1339005 914208313.7146424 841499044.7369549 730068238.351239 653596866.4020364 533944931.00066835 449270738.55941314 404832831.3791514 358593391.12320006 310171520.2081094 259136283.56085598 205089980.2890416 89072314.74854475 34390020.751593664 2322668.9506599107
1185.0001660148498 3952942631.2789288 3582916764.257636 3211531164.137841 2838566980.99676 2463651852.0036774 2086114126.6656587 1704644977.5931942 1511657476.899615 1316392312.561497 1117781002.192211 996267046.3153154 913900237.293728 787593212.9260591 700927714.6790501 565592184.470664 470307947.2840552 420597528.18835646 369187330.0615304 315807438.9733247 260212668.49058083 202317728.5434984 83098898.76122284 30666808.373861324 2003225.2229640605
1195.0001674158198 2940584667.601255 2661597284.9926634 2381840430.1338964 2101072136.9220402 1818871304.0445352 1534471041.0611498 1246378057.2437282 1100065950.7228894 951381463.9971281 799176688.8289804 705405326.6903691 641506221.7072393 542948234.3855208 474948411.8314438 368442318.18670213 293755049.2185166 255187076.91313022 215840160.89276746 175876620.96670547 135690351.41854012 96121616.83757545 27143814.50548208 6289651.879828626 104265.7483233787
1205.0001688167897 2484020000.0138493 2248715733.9841185 2012495856.9245684 1775031932.8197215 1535767974.7660522 1293717297.2593389 1047010029.5594351 920838554.789564 791778811.9447007 658558539.773363 575844561.325158 519197787.744239 431448387.75339013 370762997.36500245 276011695.54941666 210487828.5168111 177286085.5797383 144119222.60620278 111462086.84514128 80103317.8897598 51309635.0608371 9700821.519086158 1389474.4485398636 5914.88124929766
1215.00017021776 0.0 0.0 0.0 0.0 0.0 0.0 0.0 0.0 0.0 0.0 0.0 0.0 0.0 0.0 0.0 0.0 0.0 0.0 0.0 0.0 0.0 0.0 0.0 0.0
1225.0001716187298 2575657020.9695253 2335109916.0020037 2093213539.7472827 1849540172.8787262 1603389007.7483187 1353548824.7634912 1097772550.6095827 966389563.9180268 831495325.4810622 691618614.7394369 604404210.0043856 544502444.750998 451435313.61244667 386894108.0912998 285928245.61195546 216111371.9300554 180810489.9558103 145661236.46387702 111244040.53232913 78500555.17031601 48901595.102010414 8125697.699655893 971802.9690064994 2373.169958980408
1235.0001730196998 8375304714.221319 7602712227.291259 6826346510.33785 6045301208.759835 5258085804.695668 4462101646.16409 3652443824.338138 3239636606.4254565 2818724841.3366985 2385958401.81155 2118082894.9760303 1934832156.5730424 1650724464.8331234 1453368042.0250745 1141195322.4892075 919211489.7742418 803260800.5503709 683833178.5595058 561158301.7275611 436161018.4858184 311215085.46729183 88335786.63650341 20055720.013528213 295325.27017721784
1245.0001744206697 12399921954.810919 11283039111.847576 10161776719.919704 9035123179.076391 7901326595.323432 6757177434.539845 5596316794.445608 5005770790.33714 4404574645.699148 3787248432.3570414 3405258830.2753844 3143777800.7483773 2737524572.7283473 2454044299.1413093 2001180149.163547 1672983074.7484674 1498161448.7461705 1314580989.4689634 1120954984.3226745 916258744.4550582 700568765.0276687 258900387.34340245 80035133.94271867 2712747.2524010683
1255.0001758216297 15919205474.510233 14484430986.986723 13043498064.315733 11595059561.176775 10136862859.354664 8664916375.628428 7171552959.59565 6412304299.3567705 5640148882.03686 4848799425.507054 4360377153.124052 4026817785.3173647 3510209308.2594647 3151163495.790909 2580497073.1208286 2169252276.228337 1950877375.3015087 1721892330.8827577 1480449659.6179278 1224731096.870599 953699839.9962828 382957138.1824747 132695431.27348177 6436268.165079239
1265.0001772225999 17165964752.499874 15615294440.40877 14057556985.740416 12491018205.621498 10912848264.37505 9318145972.124365 7697704123.110309 6872490856.492309 6032056887.271056 5169308587.017433 4636092808.379708 4271676258.3612504 3707060461.349668 3314761409.25006 2692422387.907832 2246023964.7815285 2010213621.871922 1764229628.908713 1506671631.3770792 1236416827.3958254 953480466.9308903 372981015.5814009 127022341.2823671 6069273.034243573
1275.0001786235698 21232536540.0816 19333477623.18647 17424100287.410976 15502040802.75299 13563533679.370037 11602195590.575539 9606262766.996735 8588595197.606582 7551272135.581859 6485487771.111704 5826333354.892692 5375646962.2855835 4677019630.242994 4191303725.511939 3419974291.006037 2865675259.7529106 2572290183.3058076 2265631340.5544086 1943631299.5553598 1604380143.8705213 1247087460.0345764 502144599.12227535 176435346.95666245 9055934.1937907
1285.0001800245398 25099594703.592773 22855129572.556923 20599538577.36205 18329940201.41857 16041726909.430695 13727077418.264385 11371567406.637314 10170223563.51955 8945110430.36266 7685310072.104426 6905279067.732552 6371385352.014393 5542566227.148707 4965225623.711079 4045983409.5658016 3383244437.5503664 3031706467.1940513 2663761415.648189 2277005156.828027 1869422641.3465118 1440798313.2528567 557768485.0354536 186403904.4923551 8478111.662805136
1295.0001814255097 30887339083.024925 28165018964.873997 25424566339.563168 22661778115.614376 19870105738.249573 17038679175.805334 14147838680.099531 12669037027.785965 11157309855.560383 9598328647.604006 8630499237.164064 7966842976.633222 6934515018.915569 6213912049.165399 5064160531.132255 4233697796.6291327 3792832501.0449758 3331247819.8042493 2846044921.005489 2334879292.7384186 1797749464.2567735 693759695.2204382 231099149.99062005 10365377.545421531
1305.0001828264797 32705634915.12862 29800711367.89249 26879718657.59745 23938020006.583843 20968270658.96668 17958117197.638668 14884993545.124777 13312007562.222954 11702414492.33908 10039742134.688454 9005543847.066797 8295297881.73211 7188613930.392584 6414833547.963131 5179036433.290311 4287266162.0980773 3815121265.047132 3322561352.31194 2807788238.693329 2270391339.433971 1713699048.1794598 614904529.7666153 189778495.07104895 7175547.845211268
1315.0001842274498 40985232609.20249 37394935136.59328 33779579281.12269 30132705785.96624 26444266196.71451 22697634001.626133 18862874949.463364 16895629492.99084 14879074694.15628 12791835860.290854 11491170060.340855 10596766576.8914 9201087036.186968 8223623932.69487 6659353858.407097 5527660000.112545 4927278857.172933 4299854368.593064 3642706631.15003 2954720141.928406 2239249781.399017 813563886.181599 253232604.02059644 9568882.50553889
1325.0001856284198 45046614441.18521 41121365162.427055 37166758369.00044 33174641021.793476 29132347094.380432 25018961762.690964 20796967411.44886 18624290090.28024 16390676766.727833 14070159992.736944 12618958553.724075 11618582032.98121 10053678933.87115 8955363081.383934 7195995090.012486 5925071724.418918 5253025381.919153 4553507106.712963 3825242829.6850014 3069509561.1731977 2293603101.9969873 795697993.5291872 237589617.85795614 8279073.583236937
1335.0001870293897 51044656089.032974 46657036272.74495 42229777831.92759 37752365253.94572 33208642290.842308 28572197341.034702 23796083209.212364 21329626013.94543 18786460651.267212 16134806142.727104 14470881618.762892 13321134064.097198 11517980588.064009 10249216162.826769 8212184137.076164 6738652720.5224 5959564908.230351 5149330877.394928 4307316921.808123 3436322163.311903 2546806284.88659 856181250.3348718 246611813.31525934 7833644.12037234
1345.0001884303597 57118082585.802055 52219328573.58732 47275760428.11388 42275340473.04609 37199583783.53345 32018293927.986122 26677868558.138832 23918324741.88108 21071444685.111725 18101207475.506123 16236277011.591616 14947134019.706627 12924582639.500238 11500949682.725992 9214755439.850918 7560986403.065875 6686766371.265527 5777816998.566091 4833535384.03216 3857154928.150809 2860395434.7281976 965130789.509802 278970415.217527 8753713.233474724
1355.0001898313299 66240129889.74821 60609217478.173134 54921454771.31534 49161994058.440765 43308169328.390686 37323137056.07055 31141720706.0121 27941361913.977604 24634176537.903736 21176422054.089527 19000859142.71604 17494640220.11864 15127209913.065462 13457416251.141375 10769765647.497221 8821143236.025583 7789862153.660274 6717100946.828703 5602636347.113511 4451278651.160995 3278771265.771045 1073710869.4575859 299025533.2880369 8530372.983316028
1365.0001912322998 68704535134.86512 62884068320.08147 57003211152.49594 51046082376.67671 44988447626.52122 38790935275.383995 32383971840.60851 29063577029.831654 25629391262.614803 22035072289.69713 19771382697.03404 18203118217.388798 15736526424.303318 13995738609.229403 11192665781.245169 9160336647.820961 8085136538.223444 6967245819.410688 5806787691.892744 4609242144.850614 3391546682.9358597 1108272646.8972108 308360168.0595654 8706738.311859092
1375.0001926332598 77304881018.85297 70818637945.90529 64257294498.100784 57601271536.23872 50820807056.595634 43867747993.74955 36657425177.42785 32909352061.24214 29022902007.232056 24942816932.58474 22366092057.456203 20577681775.958706 17759736115.24604 15767820051.33712 12557433194.518242 10230809095.55836 9001785712.464235 7726483976.406627 6406648117.64722 5050850159.574552 3681630435.2221503 1160438629.0055597 309478126.89991146 7811378.417404317
1385.00019403423 80844205818.71208 74134067639.4858 67339669281.00069 60440119294.22795 53403881879.31135 46180225119.98862 38680258199.22124 34777919374.85682 30728646859.145023 26473944248.28726 23784405681.036385 21916135824.632977 18968784769.746838 16881760559.324966 13508575630.721596 11053253570.622086 9751222966.808554 8395554646.125397 6986627341.142228 5531764019.176272 4053066062.3128576 1296702736.5612547 350615757.95296764 9151373.225046564
1395.0001954351999 92462502068.00873 84846548900.00372 77128325505.86311 69282671909.98569 61271668350.4279 53034419498.93745 44464461408.30442 39996485602.294106 35352471965.1873 30462987234.648087 27366409467.62605 25212636254.879135 21810335952.789597 19398050343.399044 15495017305.77588 12652643568.365294 11145783850.447226 9577851936.28353 7950225471.391333 6272804139.297405 4573252939.4577055 1434098885.0552077 378373321.01655775 9254067.502086995
1405.0001968361698 109301157561.53789 100346080209.19415 91266114114.53572 82031278571.13542 72596534358.49422 62889762167.66709 52785153767.46861 47514911816.02022 42035548220.03781 36264895537.221115 32609205496.584797 30065902422.597923 26046703950.596806 23195331356.00582 18576998283.5767 15207716635.151318 13418480290.110296 11553746880.247478 9613945381.62416 7609184539.516135 5570215968.747041 1770324679.6811523 472515594.9183166 11672671.88505054
1415.0001982371398 125061832537.0102 114883777158.34238 104556216953.13185 94043242247.9479 83290998870.10278 72213433619.24425 60660868250.58675 54624943671.34963 48340534474.66948 41711023185.91686 37505056375.513 34576093457.26994 29943030421.466957 26653377921.936443 21322173758.078884 17432727940.368732 15368189128.164808 13217880159.945354 10983149804.99492 8676795867.631884 6335686703.134656 1993204813.8581898 524338326.91254926 12312000.244273202
1425.00019963811 143618833820.59055 131980297887.86674 120164581247.35072 108129396768.73717 95811357584.40099 83109198003.67334 69846754211.41173 62909463715.11693 55679384023.918495 48042863254.544624 43192305633.82609 39811633694.8474 34459214905.58202 30655343292.275845 24485901464.455563 19983064458.42655 17593374507.533253 15105651745.827555 12522780336.720999 9861702082.706244 7168381131.4839525 2216522117.536943 572505094.1205641 12868462.3351429
1435.00020103908 165024613514.0877 151760504323.90686 138281641118.4894 124537465020.54886 110452423432.62779 95906218482.2584 80690390316.72113 72718240654.47466 64399027182.20732 55599702740.43849 50003782616.43798 46100565581.9474 39915999527.46037 35517488296.597046 28379015201.932453 23166417820.895657 20399548414.20552 17518950724.8628 14527982952.612448 11446126659.04429 8326112567.778418 2581976534.9183173 668190725.7110406 14959232.913324246
1442.0001715021797 215943610110.52682 198658767827.03793 181091694802.04562 163177477028.47073 144819417809.58 125864049368.02667 106046167903.2292 95670000473.91277 84849645896.69485 73414896382.25659 66148474624.25713 61082122494.88742 53056101179.0057 47346543660.411224 38068304408.25775 31271916692.470078 27651481814.457745 23868419514.81983 19920377499.368744 15823300053.181967 11633536242.046637 3730937836.222103 990830624.798872 22776339.887881063
1447.0001722026598 194305382260.8149 178791633193.09592 163015518955.61533 146915391312.94223 130399256319.48344 113320945849.85535 95428004751.99088 86039583832.7751 76231333395.18295 65844193370.919266 59231794548.3357 54616745849.52741 47300279411.6929 42094486041.752716 33643818258.111584 27472857821.84861 24197446285.074272 20787381181.09179 17246178609.58539 13595834048.318884 9896770078.888586 3065992157.5225706 785081487.0667295 16532679.581416503
1455.0002038410196 222482506491.4951 204815429242.74152 186846663326.92184 168506628534.42734 149691676728.72253 130237152682.1099 109857780782.97768 99166053966.88737 87995833053.3396 76162114433.93385 68622944053.783485 63356146201.87482 54993390844.82128 49029050570.96474 39309919720.071205 32172885111.66617 28367528190.11325 24391423698.168716 20246084189.478546 15955735545.444822 11592993831.092747 3537113167.03865 887117321.8501743 17989409.607137732
1465.0002052419895 262580241889.6481 241936476673.85718 220920087479.50433 199448213507.216 177398133805.1562 154576008063.34113 130647788177.91739 118087746408.8631 104962749335.89543 91056609296.94087 82196540695.56668 76006344816.4996 66174583784.67049 59158077161.67918 47707101435.400696 39272752934.06211 34761154050.26735 30031835236.61949 25079175451.194073 19921180559.92031 14629210073.018127 4634702907.449043 1205617302.2852743 25957609.756365467
1475.0002066429597 248110452480.8571 228725827564.1712 208975790886.09152 188777336323.67636 168007326918.56815 146470995915.65845 123832520003.63217 111918076366.9965 99439031407.65088 86180367237.15076 77711394905.76886 71784572625.17497 62356099894.79561 55618769079.565025 44618889181.531746 36527133037.68764 32208845070.719913 27694576941.85187 22986389701.238102 18112311896.24365 13155477157.343609 4003641384.1634564 996940187.3195702 19262255.097478222
1485.0002080439297 320366024492.1302 295468619947.3407 270079513132.42325 244085398217.38858 217318095157.478 189511769301.74716 160209540067.00027 144751448719.62964 128530391704.25192 111261365176.56389 100214185882.44254 92477384539.00569 80165380505.41658 71370081242.69696 57032496103.261665 46520886352.73372 40930167185.71492 35103814334.01538 29050487079.642662 22812957658.9185 16504037980.302956 4963799588.164366 1218499569.2430608 22397472.780106284
1495.0002094448996 425458463415.15247 392632631367.45386 359144210965.22876 324842865679.2386 289505885053.2354 252781529419.75314 214064435150.1901 193631409843.29755 172181026019.68234 149328793469.1564 134695873027.7887 124438061021.21371 108090803808.9421 96388980853.20193 77253238849.92451 63160839383.32394 55638667275.66999 47776886700.237335 39582679918.2899 31110400159.40844 22513024162.979584 6745310766.75494 1645356773.5226088 29814550.088846043
1505.0002108458598 540830462493.72943 499420627428.3032 457132875263.6104 413768765851.3816 369034996121.97473 322470001554.5311 273283985527.66708 247284155461.48868 219959365947.8403 190819131958.45288 172148466296.85788 159057681645.02023 138197140028.22708 123270384684.18713 98882182606.49123 80944355407.6168 71377490941.09549 61382700902.24151 50965633219.50374 40187108697.72028 29224975377.568893 8926301292.802303 2214538505.5635185 40750712.49570404
1512.0001813089598 389434031573.24304 359606239276.1642 329154274270.6297 297934973339.6603 265735945997.34363 232221113633.86914 196810572177.268 178080191507.3779 158376794447.3328 137330344787.73567 123818759460.48529 114329181249.70834 99174782331.23697 88303763500.8779 70492164027.83362 57360262335.80451 50352885727.212494 43037148595.0007 35429311967.0773 27596046508.45223 19705797796.79335 5584007646.424763 1275567609.5008852 19846366.150892768
1517.0001820094396 578838665697.8274 534618467638.4856 489460554522.63055 443157447623.59033 395402905155.3417 345714948080.11505 293266285192.19666 265559999235.5595 236454585306.2736 205423993633.09482 185540446486.26108 171594475007.49768 149354339913.5185 133419801442.06297 107326222921.39743 88068692612.3553 77769428328.79922 66985633966.51214 55718916682.83156 44031825734.52242 32117000600.365387 9981998118.24686 2584406417.800457 61208585.58707271
1525.0002136477997 919186169463.0657 847547787658.8267 774479169624.2651 699711495979.3707 622854151617.5419 543302818656.96405 460041489232.7928 416481893310.6213 371149631417.965 323427735912.4091 293247033477.4833 272288210033.21774 239245507063.43787 215862130988.825 178042554033.60742 150387186129.95822 135612991095.6611 120087922983.32472 103713396307.28929 86399421040.03821 68105827879.808 29553876056.215843 11882406565.851906 1115998028.448832
1535.0002150487696 2780033210192.945 2567181228294.701 2347981348978.681 2121594139026.757 1886922890531.3828 1642465123597.8057 1386019682738.3428 1252275311367.9165 1114020545687.8457 970302788925.2866 880873762298.8956 819657565146.6091 724981422305.3865 659593241168.0695 557174711939.3027 485162067304.67456 447710437499.5733 409078746456.6866 369038091069.2841 327272413177.3993 283323688264.0877 185586405431.43808 128537508258.41571 61773167972.628235
1545.0002164497398 2675661602486.4287 2472398746231.058 2262951916057.281 2046472243858.1682 1821848812617.7573 1587558505749.041 1341370960142.6526 1212777154527.3218 1079678617765.2657 941113750018.8258 854769822017.7461 795605513784.0018 703997187381.9425 640646587157.5751 541278208972.1221 471313943910.8895 434906574296.11395 397350677460.63214 358446014978.89606 317931015260.8573 275453351562.9166 182343656895.99832 129519712163.3912 68544007180.247635
1555.0002178507098 4217951805538.3564 3906484206484.498 3584129996902.3516 3249363608712.818 2900204867673.0547 2533972818212.637 2146817531778.7947 1943644301855.1606 1732703182297.5247 1512472904708.2434 1374984418626.1248 1280699293318.281 1134666812874.9097 1033717288990.38 875619958586.0245 764649693953.0371 707071515590.0344 647824354003.754 586624125325.1333 523083304101.31586 456643134498.5003 310937614631.4597 227076326844.44308 126652853073.59825
1565.0002192516797 4007012421134.716 3713165185809.4194 3408894999597.839 3092729385033.332 2762752587169.651 2416363956188.856 2049815556785.3066 1857270783953.0671 1657197441165.399 1448088730315.671 1317397151648.4165 1227693001632.7192 1088597942155.6407 992306649764.8073 841209585962.6471 734873588364.0564 679585887930.9971 622601136309.5625 563627100860.2355 502271064381.36884 437980265930.1902 296691925717.8737 215495655620.71475 118922855324.1035
1575.0002206526497 6795269797727.838 6315217623336.689 5816196601666.389 5295350008467.62 4748943924117.454 4171892777347.132 3556866013520.248 3231780372462.775 2892378792217.651 2535795638631.25 2311934030241.724 2157829459570.1833 1918160878076.0837 1751759054962.8406 1489938956109.0488 1305279302435.5107 1209189483552.5461 1110129856906.6133 1007627582996.4957 901048820482.1113 789498890875.8436 545093444534.2136 405267016977.5831 238998034804.53156
1585.0002220536198 8211958996985.355 7641959334575.551 7048486075552.786 6427956099053.409 5775684229801.072 5085290069292.857 4347582120767.2764 3956811328480.204 3548171934616.2183 3118075426151.6465 2847632322776.5806 2661255866186.617 2371039106120.1436 2169262371462.377 1851247330349.5715 1626479402390.5574 1509327332949.3145 1388390614263.746 1263046282001.0134 1132455617334.4683 995432763387.2568 693629654999.8921 519547683662.6134 309927197559.44336
1595.0002234545898 9551521808093.805 8896369203093.752 8213102558118.521 7497384546054.709 6743538729991.974 5943829543497.476 5087114881177.75 4632328747316.286 4155995475725.234 3653814254858.3916 3337617417238.4805 3119530746902.655 2779682439858.995 2543256804172.4917 2170529585256.973 1907162849367.2983 1769977123526.3684 1628460916306.2678 1481934975430.1768 1329480939825.7996 1169783635144.414 818946581512.9005 616741301052.5421 372327593612.9136
1605.0002248555597 10549685198532.998 9825115323520.566 9069604870627.062 8278412306051.554 7445337407875.18 6561936615848.93 5616053837669.192 5114171746601.093 4588712663343.172 4034988201709.517 3686482215292.8833 3446182469066.684 3071843625577.244 2811518246407.491 2401273597482.4014 2111500861769.55 1960579260489.3237 1804888673504.6409 1643652170069.407 1475800214361.4014 1299767419055.4917 911271849014.0538 685190708126.0956 408976944371.797
1615.0002262565297 12001428701172.617 11167808125579.354 10299634752592.967 9391716562659.576 8437294364583.88 7427207053644.636 6348326040328.717 5777154746196.167 5180220594110.595 4552467373310.308 4158092657693.407 3886501625682.295 3463960889912.4775 3170487332879.5635 2708531826160.7363 2382492324761.2993 2212705806481.743 2037527637085.5864 1856036412695.265 1666965559853.7231 1468473105270.9458 1029341041752.5874 772482530886.5703 455465391659.1399
1625.0002276574996 13670782896936.61 12737515103308.643 11764050114871.52 10744167601705.73 9669748102372.818 8529758269759.39 7308354004738.601 6659956031542.944 5980865822057.321 5264996849378.494 4814307051307.774 4503485960881.675 4019167648809.9854 3682251382336.796 3151052117851.138 2775569854820.6343 2579883173546.414 2377901048554.933 2168584799112.7075 1950510495125.9868 1721606126377.9512 1215596547170.0166 920083347293.4255 555221597403.1472
1635.0002290584598 15868457796591.016 14762490537497.264 13611831537755.922 12409691954533.691 11147245017918.781 9812544090187.863 8388499020563.491 7635263604171.238 6848574447017.86 6021876483956.771 5502850093010.207 5145565275101.222 4589927659780.412 4204143306849.1807 3596954766320.504 3168254051653.38 2944843414026.035 2714130068153.644 2474770369428.013 2224896830125.315 1961784959628.1548 1375922546959.5715 1031776427022.5779 611136276465.522
1645.0002304594298 22081505770071.758 20564832387404.863 18985062011134.066 17332201125908.656 15593267728137.07 13750717984463.18 11779518141856.799 10734422350481.943 9640980371611.986 8489741886222.745 7765819527660.199 7267000407930.627 6490532555184.0625 5950989216085.929 5101351312389.562 4501446809279.879 4188938139697.3467 3866392566463.084 3532045076292.37 3183445070061.547 2817005223435.4897 2003840276474.4302 1527035412597.2202 939318950680.6382
1655.0002318603997 14616763442463.572 13568960487126.309 12482477445894.03 11351465308078.855 10168290694219.152 8922551895800.38 7599200002488.009 6901536126161.952 6174461353327.247 5411950614362.271 4933907152865.468 4605088294373.875 4094058826754.586 3739450695459.037 3181658224290.9214 2788169365920.064 2583293163608.5156 2371923168448.0767 2152938151201.8083 1924797997517.38 1685269684716.0974 1155658183498.4043 847870548513.322 477562570793.2377
1665.0002332613699 25460372470981.926 23721881368164.594 21910713570027.65 20015057518997.25 18019554684138.375 15903424569263.686 13636964834153.908 12433982685267.006 11174149418355.016 9846168834206.906 9010157328203.518 8433619554857.71 7535300700020.287 6910400381148.899 5925097247762.087 5228444351681.912 4865234749422.504 4490172865318.907 4101240957826.5166 3695678030465.718 3269512592551.3545 2326413883881.3125 1776897161034.0808 1102151825181.862
1672.0002037244697 18692623628084.02 17368683219386.576 15995303054836.002 14564781893097.191 13067070780401.947 11488476989970.652 9809184170180.5 8922703702427.572 7997843710394.0625 7026615122928.172 6416916585623.75 5997112847516.43 5343850286671.23 4889820658180.834 4174051410012.4185 3667562592122.1074 3403191157472.8076 3129875509225.3745 2846029050704.5605 2549497628652.576 2237215594484.382 1543596228934.5083 1139296022607.0813 654041155107.4297
1677.0002044249497 27110174484057.71 25272853946804.273 23359122343025.324 21356136222664.367 19247106000898.19 17009153499653.154 14609278036558.656 13333620578603.535 11995790063371.322 10582950856378.902 9691820451825.371 9076381235320.418 8115806830649.859 7446279612211.685 6388103619837.093 5637846342183.116 5245936881802.982 4840662390699.48 4419753650218.871 3980115143434.2925 3517314206934.163 2490501782410.601 1892716126855.434 1169534660007.5166
1685.0002360633098 43825166732302.1 41011417323625.72 38073177201222.94 34986033738446.914 31717853647715.727 28224622903709.727 24442692477478.9 22414541763575.64 20272426065139.727 17991713631654.0 16542573332262.305 15536658341701.35 13957901848709.645 12850973088242.895 11090261820911.29 9833574562749.76 9174464931354.838 8491063626670.496 7779487944855.281 7034509387175.258 6248742525082.31 4502933217470.393 3488318446970.1235 2269372834670.5386
1695.0002374642797 68031845573141.67 63859832951143.84 59530276774876.07 54999762813345.016 50210726163479.234 45083110026736.16 39498683751139.51 36480345214358.32 33267870545658.125 29813205667268.766 27596305078703.938 26046141075988.047 23592569006027.707 21855924855600.61 19063138565602.13 17045243369237.18 15978289823095.998 14865630766956.297 13700180762957.902 12472586991990.096 11169945263035.748 8252279973688.895 6550352901138.86 4528058617702.48
1705.00023886525 91034069612690.94 84149831399242.31 77437834740831.86 70760380018794.42 63986422098016.266 56977333150808.95 49562785652231.33 45631275399296.586 41495464880339.41 37095864883688.9 34295340648810.28 32346482506132.24 29276170506298.387 27112654923976.855 23648434207682.64 21155902121087.797 19841304641224.19 18472760095901.812 17041851568588.662 15537514815064.293 13944552546499.562 10390530745441.75 8327750268763.737 5889489493352.528
1715.0002402662196 106699297717820.64 93113712266033.88 82148799073031.22 72892414114435.98 64613050005855.45 56752765108622.92 48887569812916.734 44838778279444.38 40647786393282.32 36253175554381.33 33485033691257.062 31570515696832.53 28571852591820.594 26470331800110.4 23122253502795.887 20723926183430.312 19461877844938.703 18149731740401.18 16779266926201.412 15339673223963.014 13816151195979.799 10419526568176.227 8453118583341.259 6151919459912.361
1725.0002416671896 133642077342445.64 115695720774105.27 101676260538014.42 90157945319850.33 80018923749519.33 70440226524872.1 60839093861297.08 55881330203267.51 50736313282638.72 45325856855298.1 41909248425979.66 39542200377265.42 35827950872639.99 33219909179401.574 29056270148236.5 26067355638555.01 24492466202452.227 22853612506161.68 21140403618736.484 19339174529467.395 17431187145080.834 13170198129980.072 10695978291103.121 7780405080022.707
1735.0002430681595 189956148825683.6 155316079159563.5 130105385224780.34 111400010043280.97 96719607211676.52 84143745941490.05 72312298255893.12 66369945032143.24 60273838071735.24 53915981043809.95 49920737690479.75 47159340801807.78 42834149788073.04 39801008731440.23 34961649277560.164 31487234522172.652 29655556234164.15 27748313481655.617 25752848597810.13 23652513405408.25 21424517675230.348 16435333263774.271 13532179522272.127 10126426624964.11
1745.0002444691295 264635505626779.56 214052833195617.72 177002687271579.5 149716130769066.25 128809885631328.9 111496957346199.86 95683455611860.42 87853887101367.66 79864891283553.3 71558605587554.69 66345600927959.19 62743688233895.77 57101919791633.2 53144365526463.625 46826532212271.97 42287326465827.32 39893193894869.164 37399616422413.305 34790192379826.05 32043502161066.98 29130454038550.84 22615404697191.992 18834394844927.97 14408806715417.113
1755.0002458700897 426730555443833.06 329693421440610.25 260154064923541.22 211203882818820.97 176337919947581.06 149949347325274.5 127694492781203.42 117122071265771.45 106520303695723.66 95627289005687.3 88836220683949.8 84158559549491.89 76849323026622.12 71731010607154.98 63568248358036.305 57705056142078.84 54611864879772.95 51389062320557.41 48014871289463.05 44460976511918.68 40689196627226.4 32247837319609.895 27357908280955.445 21690386821163.71
1765.0002472710596 284260830400015.7 237601370611409.38 202304520895171.22 175195283355824.75 153409912766748.56 134551695541612.78 116748751597496.27 107777798544437.48 98536914419615.89 88841326526269.28 82710186499008.11 78452056549620.81 71744269273259.0 67009108096210.6 59393620282885.05 53874576873114.516 50945885559626.125 47881394535109.96 44657939207566.81 41245062670203.17 37601116598099.0 29346498988723.1 24479294698712.117 18707470256650.625
1775.0002486720296 401016675541727.0 318273921003184.8 257545497164040.1 213366463041464.22 180578813938230.25 154694586357096.03 132154073710734.66 121287364834616.95 110327529866374.3 99021935638864.7 91956779613345.8 87084152446944.98 79461356134910.58 74117468587686.52 65584960856271.016 59448136188958.1 56207521333674.27 52828537073872.516 49287575222797.266 45553708560100.76 41584776058645.49 32664883134543.29 27451519835694.37 21303256414214.99
1785.0002500729997 574158053482136.2 444127227301792.5 349968251986789.75 283157439326741.25 235468971871505.78 199611222857865.3 169747565294322.88 155683060118566.03 141630077766298.7 127215343645790.77 118229357046081.56 112036372020235.39 102348762636461.33 95554090532314.58 84692326815505.45 76865797116096.27 72726735532099.39 68405779935651.64 63871578947854.38 59083188449351.33 53985092618070.54 42500850105231.17 35784591782648.086 27900847380080.957
1795.0002514739697 833937468658723.9 622221552450798.1 469055161842611.56 362184462847415.56 289089035553616.8 238040518500072.75 199185343051573.94 181942471499079.56 165198534146812.75 148378019797532.97 138023488651470.94 130933550205454.77 119906358915388.19 112212016808635.69 99969737682863.39 91186374501813.56 86552666548553.31 81723176989992.81 76663692525038.27 71329819031365.1 65661900525333.68 52946337118586.77 45566021568750.99 37041054206326.09
1805.0002528749396 694004658071416.6 540400779259394.75 427564296437026.06 346395331028890.75 287881614583067.4 243788142388374.34 207280274416648.25 190193285851288.9 173173735702137.16 155747081255474.03 144888246924274.78 137403096380627.27 125687285534437.38 117462073435606.5 104293327225077.98 94784130361435.64 89746646063688.58 84480517843674.22 78945592962371.92 73089300563662.27 66840169991689.02 52699421188298.94 44378473665177.59 34540339240176.01
1815.0002542759096 551496553099072.7 448814261654784.0 372374529694971.5 315357817537386.8 271463324799886.62 235302790056279.38 202625882063041.4 186557430752309.6 170200119659315.25 153196575826487.62 142509023628503.34 135110505125397.58 123488983772135.39 115305353979611.27 102170081402509.36 92664666646505.69 87623296688495.47 82349012657567.92 76800986138278.2 70925414380934.3 64648551190712.82 50404582762891.9 41976258927370.14 31906490678136.168
1825.0002556768798 676409188634818.9 546035301114899.3 448560594674625.0 376008877825345.44 320840880179485.25 276444227369341.75 237451214279627.03 218642310810826.47 199684819647198.25 180125949908412.44 167884693728563.56 159425884111175.5 146152526882713.1 136807977924718.33 121797010042156.14 110913012490841.39 105129658666994.48 99069178018702.64 92681531571615.17 85900756731896.39 78636462852563.84 62062476304438.83 52193244676306.92 40372083706656.5
1835.0002570778497 784163906101458.0 630825987197340.8 515773573537337.1 430235316470589.8 365679552254400.0 314383295680631.56 269881695072194.8 248534614565366.1 227044411019612.38 204865917259935.78 190972489361147.38 181364793583251.56 166276254325388.47 155645026998879.5 138553512397058.28 126152024680708.36 119559825678375.55 112650189635989.44 105366115478337.73 97632486829628.67 89346434649267.86 70441879665135.88 59192618679696.33 45747397821809.26
1845.0002584788197 423373569859024.75 374083634863015.44 333661536872983.4 299258167384801.5 268411465707395.4 239075627285022.9 209533655885918.0 194177519954891.56 178124203246741.78 161069931535863.38 150185776842792.3 142583425664191.56 130536786390249.94 121980455589942.28 108125502026469.11 98007761891606.62 92610402327065.14 86940124660163.53 80948897215623.56 74572973085869.75 67724225373539.73 52017387415497.56 42584007974829.77 31088536375773.5
1855.0002598797896 884733335578228.2 703895771786436.8 568818226332724.5 469609613061714.6 396275125131456.3 339488412468954.1 291305092858094.3 268422655543852.88 245451277758647.03 221757453681900.06 206903839905560.97 196622560102737.62 180455051190864.9 169044793119954.78 150661461755197.0 137287179618349.42 130164118794141.75 122686894170597.52 114791232754686.66 106392257857505.53 97373371917393.44 76704215987035.16 64321447319121.57 49386211539707.33
1865.0002612807598 1308160510384626.5 998926108612253.8 770681561330731.6 607469922793105.5 492571769815778.7 409891842582181.06 345437687964827.25 316509252509121.44 288286013496157.5 259815036151925.34 242221187255598.7 230138320901434.3 211274930454702.94 198051913440401.7 176884847280820.66 161579255202530.78 153456552306796.75 144950089967687.78 135988787226883.16 126479099331682.44 116293212072894.28 93059247592949.56 79242558162009.39 62784342178442.164
1875.0002626817297 1345419245021178.5 1038405627989774.5 810146390690070.1 645309566801281.5 527778018485678.06 441943866881819.6 374095296075797.94 343396117313841.6 313327269968021.3 282892169377748.75 264034714858122.53 251060835029731.25 230765363249891.25 216505753326239.22 193615953480124.56 177009993928800.7 168176440117838.4 158908866469428.75 149126070515980.12 138720919256636.64 127546613981749.78 101928156003888.25 86589309258631.73 68179211538154.26
1885.0002640826897 1483849678501733.5 1143088193855984.0 888830244939962.5 704846768266823.0 573809142505131.0 478683720006110.1 404289002593287.3 370924254024074.7 338403818701281.44 305612392116547.2 285342841431980.3 271414374835707.84 249648553849270.56 234369821978221.2 209862482561031.66 192092768042523.56 182641914885794.25 172727023043676.34 162260215460700.62 151125295108198.16 139162670159805.17 111705822601628.1 95238969996862.47 75461813726917.53
1895.0002654836599 1885732084068567.5 1447372264294329.0 1120174374019635.5 883729790621558.2 716035538832700.5 595301674496427.1 501999361712824.44 460551847057952.7 420370240416574.06 380025263037610.94 355146826110972.0 338067782969240.1 311390276037690.25 292661534297815.0 262593120516304.1 240752827783875.44 229118493870932.06 216896220561432.0 203972555573516.9 190197344870922.34 175364139369688.38 141164582917603.8 120534238898751.48 95624647305779.95
1905.0002668846298 1694401555942247.2 1318317528927659.8 1036455170197975.6 830995672080613.9 682964384100758.4 573765406696113.5 486848646457566.44 447436770528583.75 408830641695387.8 369766180712788.4 345565187384258.06 328912565238901.3 302850089861739.3 284522680220786.1 255058160867200.5 233632677998504.78 222213028676605.66 210212374204787.06 197519189097273.97 183985623825477.8 169407955647311.75 135771806942302.8 115442786471234.19 90768866708298.16
1915.0002682855998 1913075469502877.8 1485885314972391.0 1168103759613694.2 938074423583104.0 773147598293655.6 651540397444468.9 554245284286313.25 509848062960919.56 466166608799696.94 421777756706831.25 394185280525554.4 375157701066546.44 345309820573875.25 324269706977935.2 290354691049657.94 265622892188142.34 252416615982463.9 238519973492736.75 223800529625581.22 208082409035612.4 191122652383824.72 151860417374575.72 128017894805163.19 98874473828879.23
1925.0002696865697 1494891862635878.8 1228265812957737.2 1026255040926718.2 873652508180033.4 755722711054206.6 659186888871123.1 572927320190474.4 530774663082353.75 487901478474090.75 443219327250864.0 414994339008097.0 395360863128041.9 364317050934558.3 342272660578335.6 306491886261991.56 280227636898613.3 266148742081189.28 251295010941023.03 235519472599582.8 218625947462387.53 200341679540138.5 157761553809704.9 131680706765338.25 99414430241847.11
1935.0002710875397 764001852118388.2 696739434704476.1 637778539159409.0 584002104938749.1 532646515974897.4 481253628578522.5 427454546274197.5 398818262627124.4 368441344274349.1 335698367663929.9 314551904169832.9 299666393594563.6 275883428529450.8 258843304228638.84 230981759156482.84 210414936323416.88 199362525066233.03 187686939709564.47 175274572890260.94 161972913197617.6 147568243774464.53 113984443894823.84 93343626222028.86 67533589758606.96
1945.0002724885098 2333386666692725.5 1841941044496910.8 1471766478093404.0 1199315939961443.5 999873473856737.5 849479261826066.6 726902767627784.8 670483034090670.6 614810161245232.0 558138393239483.0 522869704458589.7 498526426726148.3 460290593858252.6 433289462219627.7 389649800764787.4 357708015394699.25 340600647122206.4 322554255791790.7 303382982825864.2 282838434936457.5 260575015986560.8 208565199169259.38 176582143270223.25 136992708479439.81
1955.0002738894798 2457437351385910.5 1934171607213855.0 1542090032057436.2 1255156981508374.5 1046209822907504.4 889141867234109.8 761090126901741.1 702028474043404.8 643643979684880.9 584103653947372.4 546998340338529.56 521366540616071.0 481076376329088.75 452605210145550.7 406563520788979.7 372849659041583.1 354790666591638.06 335739898007719.9 315502441697005.3 293818061158387.75 270325086166694.22 215482876329544.5 181799436176489.66 140137902178992.06
1967.0002450530596 3372905059641168.0 2620504842023526.0 2054058332696779.8 1640109446679980.2 1342350489522106.5 1124586924588723.8 954062772245116.0 877865458650827.2 803879921397041.0 729538489080422.8 683658741591679.9 652129815305093.8 602792732546484.9 568060772300257.8 512058459451305.75 471129048836266.25 449216286291679.56 426099981057024.5 401535854408987.06 375197299040035.8 346629995446582.6 279758510576891.94 238539601305787.06 187481612491420.47
1976.0003378666797 2902780193080545.5 2305777603552778.5 1855439064350419.5 1522680119811139.2 1277304499758092.5 1090347509178721.4 936348886818382.9 865044761317458.4 794513349977303.5 722593771869923.9 677780242686073.6 646820990820508.8 598137360346776.6 563707423960167.9 507946692556395.1 467020758864826.7 445054673407378.7 421842524217856.9 397133436902318.0 370591176813363.1 341746659884595.1 273982842668922.22 232005410905512.22 179612298120100.72
1984.0002169171196 2894481508091159.0 2324407334704176.0 1890652293112352.8 1566414786736313.5 1323787607957500.8 1135859333272746.8 978756599944549.8 905432171973887.2 832662794266739.2 758300712886915.6 711907237662379.2 679834069356390.6 629361355660628.0 593635798566006.5 535712731845488.0 493137913573346.56 470260755022646.75 446063191238245.94 420276669783462.1 392540511272317.56 362350256337543.1 291181045562861.7 246859021595644.0 191136518348264.84
1995.0002794933596 3446049687952723.0 2719933540313867.0 2166913799621322.2 1756401962240359.2 1455090974788050.5 1229538465361834.8 1049029255072168.9 967357330679284.5 887597721318895.9 807091952624818.6 757251234169395.9 722934915322241.6 669129896461834.9 631173088159988.8 569822989645785.1 524857365338781.2 500733849944718.5 475243658844815.56 448105452248965.1 418941103684541.7 387221233832189.9 312516140274325.0 266029445059414.56 207701838900349.53
2005.0002808943195 3391562240250929.5 2706267260236522.0 2175914420033472.5 1775163448196479.8 1475788654313692.2 1248605152488975.5 1065746302990330.2 983074067631739.8 902491211772847.5 821316173733407.9 771128973462515.9 736597264353744.4 682481473904988.9 644316750082833.5 582628946262406.0 537395152620417.1 513113348951116.94 487440352930482.44 460085252303645.06 430655933439451.5 398601836856637.6 322863552177052.94 275515433572386.34 215798756075533.53
2015.0002822952895 3905915810868569.0 3099435950462987.0 2473564758091425.0 2000501539408997.2 1648597992291000.0 1384395589672283.0 1175225256043890.5 1081901060476522.8 991591421892334.9 901120479100598.6 845370618429290.6 807073855122999.5 747139220450088.8 704919551278338.9 636744819279360.5 586798003532831.2 559999607927302.3 531675513538886.25 501506446427872.44 469062437134764.44 433740174465965.2 350344794922018.6 298245151731236.75 232506450495111.16
2025.0002836962597 2844125185054812.0 2324059754856285.0 1917967670586322.5 1605859089704138.5 1366034002507268.8 1176444334975470.8 1016180705104236.4 941090100477083.5 866423550813852.6 789943466983333.6 742119624689244.8 709004482463694.8 656801088038876.9 619781979887797.5 559637391593063.06 515326521040182.1 491477403805402.06 466219258864781.25 439261963776878.06 410213464000522.2 378521131810329.25 303398842062644.25 256191425697154.38 196077543818588.22
2035.0002850972296 4715435741933703.0 3708800347458701.5 2928774692292403.0 2342592428336805.0 1911632616032623.0 1594002528762925.5 1348146296939994.2 1240168657480503.2 1136483373250290.5 1033171666004346.9 969691345933373.4 926137049532215.4 858029147252154.1 810073101408645.4 732634070975340.1 675870905291329.9 645396177337601.6 613166828933390.0 578811037970654.4 541827042508275.06 501509020930425.44 406032781110473.9 346110136515017.7 270059352461169.97
2045.0002864981996 5678837496464760.0 4444334456097695.5 3483810762710159.5 2760549085603900.0 2230025753592929.0 1842716263476819.2 1548337327893383.0 1421261083347762.0 1300549607230194.2 1181379782775557.0 1108601061980413.4 1058828517098833.6 981217102166210.5 926703643991151.8 838854752419077.8 774561706606959.1 740067187916291.0 703597390687825.2 664727807999106.1 622885424631445.4 577264047522748.2 469158718681533.06 401234602461570.25 314903103665766.75
2055.0002878991695 5238842083779084.0 4163946424249527.0 3326288137287946.5 2690985300637928.5 2217463141912243.8 1862047232336254.5 1581439848722890.8 1456625154031889.0 1336071752028457.2 1215471260599007.2 1141195248221315.2 1090170060614469.1 1010279537820528.1 953951784931640.6 862850295729414.9 795945571784663.9 759976192874651.4 721894169045073.6 681248428359063.9 637428762862560.1 589574281990904.1 475827977023709.94 404047380457467.3 312276305939264.5
2065.0002893001397 5233661207665144.0 4170068067058788.5 3338175223833334.0 2704798801303323.0 2230929328989072.8 1874142188939184.0 1591914419680267.5 1466287864001066.8 1344907234144076.5 1223426623668554.5 1148577559293612.2 1097144598655466.8 1016594024023274.6 959786872571844.0 867890300859476.0 800389709430348.8 764096731581964.0 725669962424228.5 684653964741748.8 640432394738989.4 592135352222536.6 477315146916479.2 404821269539798.56 311939815260130.4
2074.0002295258496 4914498811383136.0 3980346930555645.0 3263788316014551.5 2723415806550663.0 2315435425450541.5 1996930416411178.5 1729099610134727.8 1603681351142367.2 1478955680198497.8 1351180064789526.5 1271247549043590.0 1215865271587868.0 1128464041174486.8 1066382562373476.1 965262285199181.9 890498299806305.1 850145311248325.6 807310093327505.6 761470870668567.4 711920151141265.9 657656679621770.4 528041085139968.25 445701405870500.5 339442193686517.7
2078.0003216389796 8024319925930146.0 6238021525516696.0 4840919873593662.0 3786472401268293.5 3015488649226693.5 2459701459584955.0 2047689356575047.5 1874206120797667.8 1712074691043068.8 1554295635077133.5 1458868984171830.8 1393947409732468.8 1293175936236753.2 1222672791517580.8 1109407854424401.9 1026684421948186.8 982325765233392.5 935424662761078.1 885414984097932.2 831529527658198.1 772684070694858.1 632630386332094.6 543999378079997.2 430351856705877.75
2085.0002921020796 7859917179946188.0 6180540545045958.0 4851946599577429.0 3834467802016675.0 3077387247064850.0 2521535526422384.5 2103722378249389.5 1927079030985954.8 1762147196848015.5 1602005322353652.8 1505333265086217.5 1439632965582312.8 1337747845745460.0 1266527093282531.0 1152201465543911.5 1068759864714722.0 1024028248031896.1 976736084352093.1 926306145544624.6 871953672508828.9 812565537969988.6 670955831621441.4 581027550354969.0 465220049966287.2
2095.0002935030498 1.2711653859409132e+16 1.0188411650130494e+16 8045022312365862.0 6271665231262439.0 4847413704116084.0 3739224656001980.5 2901645518912132.5 2566619907680978.5 2276126885568102.5 2020153188366594.0 1878363612794668.2 1787016189645729.5 1652398915289585.8 1562694492822263.5 1424998647401703.0 1328679267996227.0 1278321608385061.0 1225976681731044.2 1171116767002046.5 1113040662362830.6 1050776636028064.9 907201797359325.2 819802506755336.6 712660400913008.8
2105.0002949040195 2.2615095078583468e+16 1.851424982697124e+16 1.4829996574617866e+16 1.1591398951448412e+16 8821643397140332.0 6534551972726109.0 4730380523832721.0 4004362042866185.0 3389651334041697.0 2878278684992892.0 2616091489879072.0 2457676687698654.5 2241084201585313.0 2108187403951606.5 1920944857713074.5 1800724286297312.2 1741010420491764.8 1681072855000223.5 1620500164667275.0 1558820758274068.8 1495471546407162.0 1360808298017386.5 1287626114588227.2 1209650102005451.0
2115.0002963049897 3.055764694430083e+16 2.5020204970117524e+16 1.9992423972694708e+16 1.5529648973350036e+16 1.1683256584278222e+16 8494889279970213.0 5988138263913337.0 4989797282588021.0 4155496072731445.0 3475070316719422.5 3133833373426750.0 2931122416728680.0 2659209246168917.5 2495824136422780.5 2270500001927858.0 2128854585460798.2 2059348721262994.2 1990130744971925.0 1920723785365704.5 1850598597817360.2 1779139348008520.0 1629034898094025.0 1548297340276736.0 1461661479685532.2
2125.00029770596 2.553095928077718e+16 2.08187130802967e+16 1.6575290271385844e+16 1.2844130127275048e+16 9662599552534312.0 7056050250080100.0 5029666042049983.0 4227443849618132.5 3556957548607219.0 3006565899483651.5 2726981858062530.0 2558695797725417.0 2328841330571354.0 2187492777177712.0 1987030825660534.0 1856939271187438.0 1791761175428426.5 1725879364578420.0 1658747037845002.2 1589698573641638.0 1517873838131674.5 1360550944424583.0 1270232387457278.2 1163777026909025.2
2135.0002991069196 2.494513794537911e+16 2.04716579028787e+16 1.6415417590962456e+16 1.2819259989755054e+16 9722034658092490.0 7153475117356241.0 5126908835293323.0 4314065802260817.5 3628618411620693.0 3061393486451233.5 2771955743440762.5 2597578635277923.0 2359707459788358.5 2213936083283167.2 2008350112150162.8 1875805544679879.2 1809661495107586.5 1742975951798473.8 1675200582419803.2 1605679819591883.0 1533583585763799.0 1376689054190777.2 1287705331258294.0 1185688923641153.0
2145.0003005078897 3.62712554715609e+16 2.9835053333690324e+16 2.3945311825939028e+16 1.867267230484771e+16 1.4085753881400396e+16 1.0244550886966142e+16 7190757374984895.0 5963777120062338.0 4933176443065031.0 4090178655436946.5 3667865143914715.0 3417889626410920.5 3084858920775315.0 2886804181630028.0 2617381529853324.5 2450660223602791.0 2369644693939549.0 2289490733518675.0 2209654154108554.5 2129562716493881.8 2048599070779404.0 1881420149417776.0 1794463253072385.5 1708639801012580.0
2155.00030190886 3.624360178216675e+16 2.980378565355472e+16 2.3908823618020484e+16 1.863173188137903e+16 1.4043460904083336e+16 1.0205917103483124e+16 7161651556273999.0 5941364624585368.0 4918194409801274.0 4082579554513326.0 3664210134368693.5 3416479894288967.5 3086007885812562.0 2888993278281337.0 2619963994502987.0 2452660457731825.5 2371082693907634.5 2290170631114622.0 2209358634489773.0 2128039004493318.5 2045537618041169.8 1873945378408491.5 1783764065901595.8 1694045740006645.0
2165.0003033098296 3.0207906225503844e+16 2.487770919781022e+16 2.002605419145969e+16 1.5705110622348782e+16 1.1962852770786688e+16 8837595295321290.0 6350368123154352.0 5345207339927876.0 4493440153452972.0 3785791034192001.5 3424139621971792.5 3206367949194156.5 2909989239803278.0 2729165419382281.5 2475933971146673.5 2314181276311215.0 2233981044566831.8 2153496475377965.0 2072092382017441.2 1989021417014950.5 1903358270884947.0 1719001461725629.0 1616476036167020.8 1504483475336666.5
2175.0003047108 3.118876720763695e+16 2.5702449978709296e+16 2.0697384375099452e+16 1.623003189885271e+16 1.2353583671670454e+16 9112307483402490.0 6533389203784872.0 5493165068582460.0 4613968194189940.0 3886190248137187.0 3515467733371547.0 3292612946461567.5 2989572009445287.0 2804627026767867.0 2545163325304403.0 2378982186442141.5 2296443190943265.0 2213521451971615.5 2129566806345210.8 2043809341166824.0 1955289115655357.2 1764482314741940.8 1658224075943087.2 1542454326739340.2
2185.0003061117695 4.4455218952939816e+16 3.679318957009154e+16 2.9714515789429164e+16 2.3311366550729504e+16 1.7677232042742894e+16 1.289964904564231e+16 9049278708769674.0 7485440285982224.0 6163407808771931.0 5077069396654576.0 4532399153699648.0 4210599070595006.0 3783807167184215.5 3531852899960336.5 3192593841235609.0 2985170443031308.5 2885127214113401.0 2786630812923450.0 2688995169429323.5 2591515373175263.5 2493457655082467.5 2292823406199339.0 2190314536565209.2 2095276793175754.2
2195.0003075127397 4.425827982287705e+16 3.653260559001468e+16 2.944761961544236e+16 2.308824880655708e+16 1.7537111134164748e+16 1.2866885074965066e+16 9129209511994334.0 7616545523711052.0 6337727799841311.0 5282746772200955.0 4749456711159808.0 4431590602145868.5 4004626398427925.5 3748223293609568.5 3395388367689116.0 3174013612018805.5 3065372950761131.5 2957060112731723.0 2848212053414030.5 2737849310898248.0 2624807962230853.0 2384603713791068.5 2253924042329459.0 2118526808848593.5
2205.00030891371 4.094096612610074e+16 3.3894124463045664e+16 2.7421078992868956e+16 2.159739786660782e+16 1.6497151418470498e+16 1.2186569779646826e+16 8714699986680514.0 7300472443267606.0 6098368607113977.0 5099932393522274.0 4591736726756928.0 4287251779138176.0 3875800488906974.5 3626994482406659.0 3281938193660615.0 3063560418958456.5 2955778979013685.0 2847876733533392.0 2738945673240002.5 2627925284702712.5 2513511523824971.5 2267180387165866.0 2130105076985033.0 1981876821047573.8
2215.0003103146796 2.7952087723788852e+16 2.3095000783758544e+16 1.869529431498999e+16 1.4793235563494864e+16 1.142368967254395e+16 8611192861157848.0 6363098693763079.0 5445833939883139.0 4658806204405063.0 3991234841174704.5 3641139972712061.5 3425638077944500.5 3124179785237385.0 2934057876156218.0 2657305105082927.5 2472692146372185.5 2378528027364803.5 2282089845253050.0 2182388143968248.2 2078150101576745.2 1967645479388370.5 1716407266707350.5 1564992562205692.0 1380691109040808.8
2225.00031171565 3.724212750777207e+16 3.097457270528348e+16 2.5213080230439652e+16 2.0019465913330584e+16 1.5454064778129436e+16 1.1570971528755122e+16 8411118432626167.0 7108913464353171.0 5990289378258414.0 5048189565265251.0 4561587809024407.0 4266730933086299.0 3862989842831081.0 3615076803673342.5 3265305074830487.5 3039750571715316.5 2927082284434542.0 2813318818469418.0 2697401805748978.5 2578028084185358.0 2453498325411742.0 2178394699705017.8 2018797989682160.8 1834463821929437.8
2235.00031311662 5.299476181046655e+16 4.4310824307975416e+16 3.623800055634839e+16 2.88690797987601e+16 2.2300320988071148e+16 1.6626555812519506e+16 1.193406307611078e+16 9977834040462712.0 8289071146254744.0 6867769086220769.0 6139978603281912.0 5704229816503131.0 5119061920356526.0 4769660904707807.0 4294824501262915.0 4002112812044579.5 3860180417572811.5 3719831092510769.5 3579947162374025.5 3439303442768688.0 3296514117933903.5 2997943885676692.5 2839502971884084.5 2683489429466540.0
2245.0003145175897 4.990058718189329e+16 4.174994054140776e+16 3.417101361441966e+16 2.7251472628212668e+16 2.1081903639787108e+16 1.5751177250970252e+16 1.1339845171778712e+16 9499405304887046.0 7909154462715693.0 6568540575024777.0 5880386599948632.0 5467352351816918.0 4910693045982597.0 4576651813696614.0 4119654715383423.5 3835612315451501.0 3697106242969888.0 3559581959046622.0 3421893050744308.0 3282736579858849.0 3140562689304850.5 2838932376006498.0 2674442595226529.5 2503114091061406.5
2255.0003159185494 3.4386235304137292e+16 2.8762687661979012e+16 2.359571488556026e+16 1.8932614245197284e+16 1.481855952054866e+16 1.1293167854938504e+16 8385642519939792.0 7167896882953984.0 6105901746598582.0 5193771754607844.0 4713392938542748.0 4418302459162806.0 4008438397462796.5 3753086582557262.5 3387769432818789.0 3148957125047232.5 3028663379744808.0 2906471012028642.5 2781150655963246.5 2651146212453671.5 2514372253756110.5 2206928965578020.0 2023742589605274.5 1803074207130979.5
2265.0003173195196 2.994011466019315e+16 2.4950334511665724e+16 2.0406536993139904e+16 1.634729189553489e+16 1.280643194031837e+16 9809262262216462.0 7367230714944091.0 6351971986533675.0 5467970867567833.0 4705599841482946.0 4299916632151142.5 4047853901599834.0 3692057278936837.0 3465777337227213.5 3134113470149236.5 2911684398245270.0 2797939371984506.0 2681253172827236.5 2560394391208927.0 2433743004449379.0 2299045734442321.5 1990044422861000.2 1800352966733037.0 1561233998150348.5
2275.0003187204893 3.5693182905528576e+16 2.9873910097018116e+16 2.4529938519314748e+16 1.9711752686242292e+16 1.5467161800340986e+16 1.183734093733456e+16 8851211248821026.0 7602936787290549.0 6515132173045340.0 5580359520772770.0 5086941810056169.0 4782965823317106.0 4358869717360209.0 4093041170840279.5 3709886542455204.0 3457445101415816.0 3329739821702633.5 3199698027552220.5 3066047213998052.0 2927167830432989.0 2780879143750321.5 2451836278275854.5 2256067920397610.0 2022165313269562.5
2285.0003201214595 5.099168065377236e+16 4.286642230287383e+16 3.5295293003245044e+16 2.835989943679087e+16 2.214481196891923e+16 1.6733931570066652e+16 1.2205588455672828e+16 1.0293537561131054e+16 8624363336106235.0 7199511653215227.0 6459413056543821.0 6011597403606518.0 5403039087268176.0 5034786324522904.0 4527036967144366.0 4209130594487769.0 4053452448468868.5 3898423239026732.5 3742711830071946.5 3584762508596339.0 3422660123839747.0 3075033825777314.5 2881404119720372.0 2670849761156135.0
2295.0003215224297 3.7844649282556744e+16 3.1800770098874332e+16 2.6215598389615984e+16 2.1143070077587572e+16 1.6636342001204912e+16 1.2744480108346688e+16 9507694098862488.0 8143096889435917.0 6948179044519257.0 5918335336102770.0 5374888400940449.0 5040844032112019.0 4576876382870658.0 4288013705673394.5 3875417246356213.5 3606404764041864.0 3471196611512851.0 3334102557789057.0 3193795665520202.0 3048604958218386.0 2896306218689604.0 2556129259099097.5 2355591397187976.5 2118994088266220.0
2305.0003229233994 5.147099806830911e+16 4.338978920343544e+16 3.583670316869221e+16 2.8894537102382956e+16 2.2650219880385348e+16 1.7191464129271858e+16 1.2602036648287502e+16 1.0656557445987744e+16 8953133093059229.0 7493783898370153.0 6732916217625124.0 6271156993503200.0 5641326623785130.0 5258448563673230.0 4727513815925955.0 4392737802956010.0 4227957668849632.5 4063208410811715.0 3896968070651129.0 3727410834807273.0 3552222695639661.5 3171011657269527.5 2953531737685041.5 2707456361543340.5
2315.0003243243696 4.2641804055789384e+16 3.580980130681878e+16 2.9507747078377716e+16 2.3795580048926532e+16 1.873163623587766e+16 1.4368557856839374e+16 1.0747174602999844e+16 9221569852393682.0 7884832527700663.0 6730062920440983.0 6118332457920260.0 5740896347049596.0 5213958024444583.0 4883690711523143.0 4407859923655022.0 4094237050050476.0 3935357895784907.0 3773274124170717.5 3606230263875959.5 3431959894447117.5 3247359112102992.0 2826173398273071.5 2569112331380084.0 2248413196038259.2
2325.0003257253397 3.968635020329487e+16 3.3293775463421532e+16 2.7423633567523516e+16 2.2129777450070264e+16 1.7462534720987006e+16 1.3464383820588664e+16 1.0163486164051542e+16 8776532466787114.0 7560685482279774.0 6505832443024403.0 5942462483251618.0 5591954771990441.0 5097000116573059.0 4782338898082308.0 4321533621764200.5 4012660994105546.0 3854662943212725.0 3692469053252348.0 3524278773984493.5 3347710411461565.5 3159430284607748.5 2724613912584444.5 2454870386846385.0 2110915853810701.0
2335.0003271263095 2.699870376482013e+16 2.2782024748227116e+16 1.8960714600201696e+16 1.5555366456982018e+16 1.2580444972544494e+16 1.0041084571824476e+16 7928097448825431.0 7022385377697322.0 6207483544696846.0 5470786994710273.0 5058461456676719.0 4792433267825865.0 4400987101629867.0 4140858673784735.5 3742388610526992.0 3463494113193501.5 3317296898298897.0 3164826711273809.5 3004241529385507.5 2833020329765397.5 2647534439564625.0 2207704456576290.0 1925993107403373.2 1552253072532473.0
2345.0003285272796 1.4615811711924692e+16 1.2544790091159962e+16 1.0693780044038922e+16 9060374076523276.0 7637054168492981.0 6409605926788927.0 5354230255185208.0 4879542438466194.0 4430956452621315.0 3998362075398831.5 3740787406189399.0 3567496069682500.5 3301407579631540.0 3117064054235778.0 2823389989378021.0 2610314192964750.5 2496364145789243.5 2375997972655592.5 2247657643966484.8 2109195303590399.0 1957510248852576.8 1592200270803650.2 1355150192742975.0 1037343987845345.9
2355.0003299282494 3.978449490327194e+16 3.3541536534283068e+16 2.7809754404567604e+16 2.2634621126480668e+16 1.8057675039958868e+16 1.411311996977974e+16 1.0822541200609444e+16 9423117882723952.0 8182496587504578.0 7090005303341965.0 6497470569882149.0 6124563775181517.0 5591189165683364.0 5247385796583539.0 4736758112424690.0 4389765932055744.5 4210860010371691.0 4026232982797733.5 3833738514851514.5 3630479490812708.0 3412326763337888.0 2902008650782684.0 2579463827721704.0 2156741042667001.5
2365.0003313292195 1.7553859529300768e+16 1.5074484210087168e+16 1.2845031680598528e+16 1.0866415125620914e+16 9134115022683742.0 7636060044471626.0 6348842030881184.0 5772043783870980.0 5229508763074089.0 4709639145093807.0 4401940517462182.0 4195723889411413.5 3880247503614434.0 3662417078831853.5 3316357229181404.5 3065804630455330.5 2931932757949946.5 2790580597061828.5 2639899267209779.5 2477339198687454.0 2299218475834504.0 1869838680019695.0 1590755371498141.5 1215957566551278.0
2375.0003327301797 2.6345373236277716e+16 2.2364024281127908e+16 1.876912212585394e+16 1.5574152945744956e+16 1.2785771495167246e+16 1.0400753415731656e+16 8400746262458719.0 7532633222268232.0 6740464154785323.0 6009515536834435.0 5591490416678032.0 5317510680661322.0 4907469379112544.0 4630187820072278.0 4198011429532085.5 3890375254239388.5 3727480005627509.0 3556420292642718.0 3374966890483645.0 3180039775016055.0 2967173017925265.0 2455271289187589.0 2121922050905727.0 1671950154547374.8
2385.0003341311494 1.1458298633658506e+16 1.0057729347460934e+16 8802176253395382.0 7684126262623413.0 6691956667778407.0 5808579411768202.0 5008898080157026.0 4629155741827531.0 4254211062872367.0 3874934666332328.5 3640191463821756.5 3478534592343286.5 3224786097012856.5 3045375422701471.5 2754192564791508.5 2539370292556223.5 2423445222076981.0 2300310650052528.0 2168346416324723.2 2025321126979323.2 1868016766323816.5 1487459597092983.0 1239866761501852.5 908170381857095.8
2395.0003355321196 1.6921621559857756e+16 1.4622018336822534e+16 1.2564686630458908e+16 1.0745368953769602e+16 9153708410733288.0 7771193913908728.0 6567491157753097.0 6018229366876710.0 5492648477782515.0 4978479427660779.0 4668585691472279.0 4458504285472932.5 4133515027847175.5 3906736252525736.5 3542874368013650.0 3276979091872239.5 3134148033363321.5 2982802062817939.0 2820898958120668.0 2645614824466874.5 2452858430282777.5 1985337467377909.0 1679172441388773.8 1264867906165742.5
2405.00033693309 1.6878118656043704e+16 1.461852526941353e+16 1.2602000118042914e+16 1.0821917418524398e+16 9265210189004484.0 7910324572139256.0 6723370149903643.0 6177070295254589.0 5650053950447191.0 5129531271883671.0 4813326014710871.0 4597977435953111.0 4263483257068914.0 4029266213092100.5 3652418568672518.0 3376404484233739.0 3227963522626791.5 3070559938152112.5 2902063972701101.0 2719530153693093.0 2518691583439236.0 2031242014726142.0 1711861645129898.2 1279411709257615.5
2415.0003383340595 2.2756879542930508e+16 1.9598900078046188e+16 1.6710461236607338e+16 1.4101850008789156e+16 1.1779506614750128e+16 9744061749652346.0 7986642627927103.0 7204809490672368.0 6479631303623253.0 5800395899985300.0 5407960068219147.0 5149388718799637.0 4760637890345897.0 4496641221377180.0 4083415099896754.5 3787968734305430.0 3631116332081497.0 3466129875239387.5 3290858900759298.0 3102341048108144.0 2896289050073789.0 2400536925214011.5 2077841088865548.8 1642627297392931.2
2425.0003397350297 4.855077860235526e+16 4.146809005521685e+16 3.4853457539366452e+16 2.8762350129546576e+16 2.3251290999628596e+16 1.837608327659858e+16 1.4188935464216868e+16 1.2366975203149972e+16 1.0729938752526198e+16 9275160612557852.0 8485032375294597.0 7989529609175824.0 7286379677199075.0 6838465965571345.0 6183092943530755.0 5744653988114109.0 5520559648901168.0 5290521145466420.0 5051857588299744.0 4801017924659650.0 4533024408178088.0 3910823510132406.0 3521280937172159.0 3018318300654886.0
2435.000341136 4.78492185949223e+16 4.108442520513026e+16 3.4733948943093372e+16 2.8849490617086604e+16 2.348501792208973e+16 1.86959548141528e+16 1.4537804163154762e+16 1.2711471879402934e+16 1.105980879280941e+16 9582610623702172.0 8776519521088089.0 8269761023041497.0 7549327352392514.0 7089904004962458.0 6417671440904514.0 5968401338017616.0 5739026110691647.0 5503790500533187.0 5260000519436938.0 5004081021207310.0 4731011580535265.0 4098324632584506.0 3703119707226936.0 3194838426807468.5
2445.0003425369696 6.13923307730021e+16 5.267659978052984e+16 4.4448093039535064e+16 3.678040724684758e+16 2.9752864274292108e+16 2.3450307217335344e+16 1.7963079732623326e+16 1.5554346059606642e+16 1.3383155586223594e+16 1.1455877403345698e+16 1.0415573089373806e+16 9768149672060576.0 8859986922405640.0 8290495578583574.0 7473959751141122.0 6940549967347960.0 6672122027169475.0 6399542811893388.0 6119886314152532.0 5829348483403794.0 5522687517248784.0 4825179206835225.0 4399019745186125.5 3865237783318393.0
2455.0003439379398 6.5625353110634536e+16 5.6358559416443224e+16 4.757680225827697e+16 3.936236148838816e+16 3.1805352297569764e+16 2.500380991170077e+16 1.906438847965146e+16 1.6453466806662132e+16 1.4100275706041842e+16 1.2014991144556778e+16 1.089307045787777e+16 1.019721121290444e+16 9225708806879938.0 8620194805470549.0 7758340125490356.0 7199741231715482.0 6919929037303441.0 6636611580305852.0 6346733618143811.0 6046357975939973.0 5730104116729281.0 5013522559669520.0 4577572153732404.0 4034012358243359.0
2465.0003453389095 5.548446725349835e+16 4.749182246269981e+16 4.001522851260477e+16 3.311571777000397e+16 2.685628508961355e+16 2.1300706094936172e+16 1.6511258050997212e+16 1.4421009237652654e+16 1.2539212966893644e+16 1.0863350026535004e+16 9951194401256598.0 9378159093503148.0 8563126668115049.0 8042452436437766.0 7277992583284792.0 6764662641725270.0 6501689686442741.0 6231315941444199.0 5950330403676380.0 5654438490924900.0 5337561876822537.0 4597926418516479.0 4131093891288818.5 3522455352691122.5
2475.0003467398797 4.742556520116342e+16 4.072408569717622e+16 3.44475322962033e+16 2.8647108353064616e+16 2.3375931203653028e+16 1.8687664784481016e+16 1.4633525498903604e+16 1.2857422393118122e+16 1.1251675490268788e+16 9812040658439068.0 9022062802308664.0 8522361842158187.0 7805526797900777.0 7342887311716028.0 6655570116525572.0 6188094699036699.0 5946705498072302.0 5697189839224977.0 5436479433378756.0 5160440435266782.0 4863182757828024.0 4162987738814459.0 3716131050737434.0 3124342128776059.0
2485.00034814085 2.2232626070453524e+16 1.914442273601784e+16 1.6368757387366456e+16 1.3911417326914372e+16 1.1770970140143474e+16 9934950990749912.0 8373135893256515.0 7677694575722766.0 7024068764178911.0 6394980606774080.0 6019445018396168.0 5765716141489893.0 5373496588808422.0 5099344647381703.0 4657535401562345.0 4332571447619203.0 4157147546771318.0 3970560543348412.0 3770122739690834.0 3552113187980326.5 3311129256326821.5 2720998412970266.0 2330021175998655.5 1794784563612223.5
2495.0003495418196 3.386953292998184e+16 2.9212718133693156e+16 2.4882992993154388e+16 2.0909982208437216e+16 1.73223742433174e+16 1.4145939600618936e+16 1.1399113871884512e+16 1.0187803772387562e+16 9080094717857094.0 8065911424172532.0 7494358119177184.0 7124613064211065.0 6579562826322771.0 6216717302645984.0 5659327275314653.0 5267354796589601.0 5061037367193681.0 4845135351159262.0 4616846659495811.0 4372329817310350.5 4106032366011534.0 3467767577103507.0 3052755347951578.5 2492391211172811.5
2505.0003509427793 5.4754590170576056e+16 4.688167325941586e+16 3.95354948927048e+16 3.2780930302483256e+16 2.6684189896905824e+16 2.131006235434005e+16 1.6716147564490962e+16 1.4724118752779648e+16 1.2935321690013882e+16 1.1340026579617632e+16 1.0466010481981942e+16 9912447033267284.0 9115363109148898.0 8597732630626233.0 7821991475298331.0 7288956164742185.0 7011897075142593.0 6724195711581048.0 6422144608174243.0 6100696744235081.0 5752590726805275.0 4923966388313993.0 4387984375462188.0 3667744042616192.5
2513.0003825811395 2.0290882337786252e+16 1.7835212847851502e+16 1.5649366754962034e+16 1.372332918628206e+16 1.203829547141451e+16 1.0563298026306508e+16 9249696594537250.0 8631155380532687.0 8021483823282359.0 7403625217175450.0 7019669639730486.0 6754246699289652.0 6335505939324999.0 6037546529173427.0 5549796193855914.0 5185935406085217.0 4987911585034320.0 4776132447627440.0 4547364926063850.0 4297110222367410.0 4018805359871753.5 3329992906434726.5 2867506545885794.5 2223618122961239.8
2518.0003832816296 1.137174279561619e+16 1.0576373100733608e+16 9842510089479360.0 9152452074211954.0 8486025758128738.0 7819738286407430.0 7124479742037021.0 6753919436830766.0 6358866065248256.0 5928863114191755.0 5647704862305090.0 5447653794548178.0 5123468249034079.0 4887023826663461.0 4491047741462167.5 4189574684838321.5 4023704710080218.5 3845130154174327.5 3651066517182808.5 3437654458516564.5 3199292680167393.0 2607130788492641.5 2210068348274576.5 1661280071959716.5
2525.0003537447196 1.2802459916281598e+16 1.1603302333345916e+16 1.0526635980493786e+16 9558338899679928.0 8679218136479684.0 7863264830101107.0 7074578365185147.0 6675145087365981.0 6261145149087157.0 5820903565668785.0 5537514587066829.0 5337625285508138.0 5016335077976479.0 4783792404445744.0 4397226178803050.0 4104987854462735.0 3944860066435808.5 3772937978669042.0 3586607312502204.0 3382241620320851.0 3154567417106647.0 2590808414968673.0 2213055694123566.2 1688306263262468.8
2535.0003551456894 1.7871315561404612e+16 1.6081490926746698e+16 1.4447594039652742e+16 1.295843370236244e+16 1.159828557576009e+16 1.0345278210276738e+16 9167691080805414.0 8592575125918012.0 8014962749979221.0 7421871436556884.0 7050976914408687.0 6794055582196382.0 6388442993178714.0 6099934138478275.0 5628357496303610.0 5277357407830761.0 5086643025186852.0 4882908944191896.0 4663060493811292.0 4422762626285133.5 4155642864018706.5 3493715883495261.5 3047234702382770.5 2421011280118384.0
2545.0003565466595 2.3957566745546536e+16 2.1562723774242864e+16 1.929699590198741e+16 1.7159885288625214e+16 1.5150126052382872e+16 1.3264782292553048e+16 1.1495801670220466e+16 1.0648653676784186e+16 9818989274020622.0 8995911964614156.0 8497752644514784.0 8160198993636360.0 7639235668790569.0 7276934022247491.0 6697883655960574.0 6276251144180994.0 6050133620542221.0 5810686540459723.0 5554544259189972.0 5276983386375276.0 4971039668611099.0 4222151611659877.5 3722359891095605.0 3026850481224186.5
2555.0003579476297 5.5230470346626936e+16 4.947579433978852e+16 4.383529602022692e+16 3.832218691131998e+16 3.2952809842559932e+16 2.7749664379572916e+16 2.2747400679537296e+16 2.0338287313322336e+16 1.8003526211626838e+16 1.575595093173725e+16 1.4455146722338826e+16 1.3609527014969794e+16 1.2374406882072958e+16 1.1572500859969994e+16 1.0396224956580512e+16 9621475813072854.0 9233012640420704.0 8840978379873263.0 8442326039943378.0 8032934070832303.0 7607074457453318.0 6667423990580637.0 6115995364200736.0 5449086678399237.0
2565.0003593486 4.706432148436534e+16 4.181802018451962e+16 3.675946607184907e+16 3.190861242193011e+16 2.7287520001570844e+16 2.2921393837467588e+16 1.8840312595627708e+16 1.6917698556598578e+16 1.5079817119019408e+16 1.3329668488532738e+16 1.2321075062156444e+16 1.1664614541049866e+16 1.0699714472390056e+16 1.006521618847896e+16 9113065654538652.0 8464283703935298.0 8130177630447838.0 7785918940343803.0 7427671071471809.0 7050209831351222.0 6646047928014672.0 5703465494396020.0 5106886866594871.0 4314920458521272.5
2575.0003607495696 6.888898109962872e+16 6.084242801449013e+16 5.308530986213873e+16 4.565360489585922e+16 3.858578403453476e+16 3.192374279794962e+16 2.5715625091890212e+16 2.2799965551053896e+16 2.002180923269677e+16 1.739143584949643e+16 1.5888258952712206e+16 1.4918276893580424e+16 1.3511075035908014e+16 1.2603018819190342e+16 1.127763975213618e+16 1.0407508965191728e+16 9971366021897494.0 9530762321559948.0 9081624658967900.0 8618343269374950.0 8132957634508448.0 7040430181012897.0 6376308693978239.0 5530268637809003.0
2585.00036215054 6.138832864640481e+16 5.394829469141062e+16 4.685357649966607e+16 4.014089279930664e+16 3.384767490050697e+16 2.8011344524916196e+16 2.2668409545957644e+16 2.01925353728672e+16 1.7851374141104878e+16 1.5645448121254196e+16 1.4384827948114254e+16 1.3568757510508018e+16 1.2376263913691104e+16 1.159726557203555e+16 1.0437192753320656e+16 9653249079132642.0 9251446593286320.0 8838548657575703.0 8409761499547692.0 7958528726123188.0 7475445380896981.0 6345657970235529.0 5625444553187443.0 4657625037233350.0
2595.0003635515095 5.405033334294052e+16 4.746458291204103e+16 4.123799852628333e+16 3.5397795457773296e+16 2.9969844435406256e+16 2.497727394534841e+16 2.0437757271875916e+16 1.8340260804255108e+16 1.6355516886257206e+16 1.4476864906481592e+16 1.339442810547045e+16 1.2687762836707234e+16 1.1642499344746794e+16 1.0948460437640066e+16 9892317634392440.0 9159813323329906.0 8777865786886434.0 8380693384581938.0 7963291803807572.0 7518770639557956.0 7037123729240490.0 5888809064913936.0 5141588655494883.0 4118031724349654.0
2605.0003649524797 4.17653982208459e+16 3.669749874816782e+16 3.1967372373375724e+16 2.7592957217954812e+16 2.358808672460639e+16 1.9959651827675856e+16 1.6701234135278708e+16 1.52013068614743e+16 1.3775383619186704e+16 1.2405329074099048e+16 1.15977060024894e+16 1.1059282302819472e+16 1.0241134801914304e+16 9680326905194380.0 8795591033622107.0 8158696799456696.0 7819223580807281.0 7461111480600204.0 7079415476441367.0 6667215514183681.0 6214332071624701.0 5110992794902234.0 4378007274905405.0 3360866583181663.5
2615.0003663534494 3.741960858224277e+16 3.3028900361918852e+16 2.8917023371433388e+16 2.509920875450177e+16 2.15871578134524e+16 1.8386220819847664e+16 1.548910220136609e+16 1.4145072553836758e+16 1.2859006241007364e+16 1.1613761086547618e+16 1.0874589475876248e+16 1.03795264409311e+16 9623729995251258.0 9103260711373848.0 8278520219784484.0 7682408245634074.0 7363982105008658.0 7027632651749040.0 6668712291197392.0 6280717889668903.0 5854083713732109.0 4813876639825681.0 4122485162804948.5 3161763752547904.0
2625.0003677544096 5.7151614946424264e+16 5.003211772868414e+16 4.333572319692731e+16 3.7097347871002296e+16 3.134988097153753e+16 2.6121836950255096e+16 2.1432335726200956e+16 1.928976526261839e+16 1.7276026170472386e+16 1.5378029431251128e+16 1.4284140583176182e+16 1.3567810390644672e+16 1.2501676871071494e+16 1.1787174193311564e+16 1.0686037432725656e+16 9911048611345172.0 9503182594903188.0 9076385428936058.0 8624991833913560.0 8141118508299060.0 7613190110029394.0 6338970821393217.0 5497762606594675.0 4330800415289185.5
2635.0003691553793 1.1062949324239717e+17 9.802901677883818e+16 8.569744267658878e+16 7.370237422093222e+16 6.21221702360444e+16 5.104945168560782e+16 4.060017231205203e+16 3.5657045407637176e+16 3.093623821894978e+16 2.6472461357256216e+16 2.3934939625287064e+16 2.2307924867689692e+16 1.9970862003156548e+16 1.848400745158642e+16 1.6357566861297764e+16 1.4999209518129738e+16 1.4332105151773064e+16 1.3668495964344944e+16 1.30032571537705e+16 1.2329241903141832e+16 1.1636300133865558e+16 1.0123889673496524e+16 9233488830136804.0 8122884214270585.0
2645.0003705563495 1.5274390125677382e+17 1.3572708271298733e+17 1.1897297274780587e+17 1.025659708147581e+17 8.660440032193082e+16 7.1205004567837384e+16 5.651576711346933e+16 4.950039950775232e+16 4.275322054980271e+16 3.63281386612123e+16 3.265825172652062e+16 3.0301360097661668e+16 2.6918566394394024e+16 2.4776311688244856e+16 2.1749723130380364e+16 1.986134268117089e+16 1.895451736825262e+16 1.807003485422282e+16 1.7204293492545928e+16 1.6351816189289592e+16 1.5504688194551584e+16 1.3777803915533962e+16 1.286111612928481e+16 1.1881566286568228e+16
2655.000371957319 2.012092667190421e+17 1.7985697906328333e+17 1.5864669482634208e+17 1.3766740837143563e+17 1.1702240637105902e+17 9.683240055304902e+16 7.724765174057286e+16 6.774686042299695e+16 5.8493474740901576e+16 4.955240500395106e+16 4.437872216462636e+16 4.102814765572345e+16 3.6181587610693624e+16 3.3093375014760944e+16 2.8723958044935856e+16 2.601770396439602e+16 2.473403535728061e+16 2.3498871817405396e+16 2.231259901885585e+16 2.1174119602274256e+16 2.0080676959025216e+16 1.8016185521409252e+16 1.7057439870228218e+16 1.6258820732224496e+16
2665.0003733582894 1.2839229496263254e+17 1.1425847527368946e+17 1.0039090480315531e+17 8.68513415844375e+16 7.37103442430453e+16 6.105121101827577e+16 4.898060202687368e+16 4.321181481794917e+16 3.76558322288036e+16 3.2350208124274132e+16 2.9307232134241376e+16 2.734483907538267e+16 2.4510637305775212e+16 2.269936415383149e+16 2.0104298346054532e+16 1.8451371867157204e+16 1.7644101900875212e+16 1.6845913666541662e+16 1.6052324614966094e+16 1.5256879393440912e+16 1.4450343657469674e+16 1.2743428501738616e+16 1.1788657388993782e+16 1.0694797859153446e+16
2675.000374759259 1.511316549932631e+17 1.3441314961937478e+17 1.179808727147428e+17 1.0191258694911434e+17 8.629740450835106e+16 7.1240086217335096e+16 5.687342579892711e+16 5.000587407875953e+16 4.3392795827676376e+16 3.708238563669555e+16 3.3468243507324664e+16 3.1141249686656804e+16 2.7789127096552044e+16 2.5655202834079188e+16 2.261643250717513e+16 2.069802275924499e+16 1.9767698156728332e+16 1.885290908855155e+16 1.7948919512315018e+16 1.7048735521727248e+16 1.6142213302843482e+16 1.424321380720963e+16 1.319051271629155e+16 1.198924947521936e+16
2685.0003761602297 1.7491719820647347e+17 1.5603399837599712e+17 1.3738275549029405e+17 1.1904358948046755e+17 1.0110818481184643e+17 8.368377043417288e+16 6.690623814582594e+16 5.881922843940209e+16 5.098113101817492e+16 4.344754429488549e+16 3.910658104294717e+16 3.630148348333776e+16 3.2248688492526796e+16 2.9664382724525704e+16 2.5989104617131176e+16 2.3683441847996996e+16 2.2574065582029692e+16 2.1491670501319524e+16 2.0432895188509884e+16 1.9392214055370956e+16 1.836123908798499e+16 1.6275310916757686e+16 1.5181370775564766e+16 1.403722460535109e+16
2695.0003775611995 1.2560137982705267e+17 1.1189792275104957e+17 9.844401191935242e+16 8.529919340963867e+16 7.25306160945549e+16 6.021565774503404e+16 4.845035754491581e+16 4.2814346341748424e+16 3.737395368410623e+16 3.216325129054383e+16 2.9165888763649948e+16 2.722881059268194e+16 2.4424682191305144e+16 2.262813897803616e+16 2.0047099261367044e+16 1.8397726411023704e+16 1.7590138579565948e+16 1.6789867347187202e+16 1.599194392826467e+16 1.5189158489568432e+16 1.4371108197315778e+16 1.261972621069759e+16 1.1621590599033932e+16 1.0444895165668372e+16
2705.0003789621696 1.5690352445788458e+17 1.400556985314991e+17 1.2341962675464384e+17 1.0706854405301248e+17 9.108673465623197e+16 7.557284617069565e+16 6.064988980973109e+16 5.3461618560726024e+16 4.649514215328578e+16 3.979461681771821e+16 3.5927419981819304e+16 3.3423826390276856e+16 2.979624558562324e+16 2.7473538530931804e+16 2.415048497677623e+16 2.20485491121915e+16 2.1030713344019772e+16 2.0032595800489364e+16 1.905054677921179e+16 1.8078658650876684e+16 1.7107875884443024e+16 1.5109308056547408e+16 1.4031199291478332e+16 1.2849170517731024e+16
2715.0003803631394 1.0922702678735123e+17 9.72667177500751e+16 8.55748789806017e+16 7.42033653920187e+16 6.3209179804157176e+16 5.2656280460514e+16 4.2621678139903256e+16 3.783005942868634e+16 3.3211803857111836e+16 2.8790131890093484e+16 2.624313294375143e+16 2.459327005900978e+16 2.2194580774863384e+16 2.0646959451659056e+16 1.8397499146794972e+16 1.6934335344885678e+16 1.6207358627338478e+16 1.5478358080521398e+16 1.47414953472516e+16 1.3988467446918366e+16 1.3207243411862362e+16 1.1475773241669086e+16 1.0438772603587152e+16 9127028349671720.0
2725.0003817641095 9.089804456101963e+16 8.005290320885234e+16 6.9649367791526984e+16 5.9755835825561736e+16 5.0447457060106136e+16 4.180690082857648e+16 3.3924745013785224e+16 3.029744641054323e+16 2.689300379717376e+16 2.3715479919058764e+16 2.1914436693688456e+16 2.0753807430075148e+16 1.9062891819249864e+16 1.795895781658037e+16 1.6309294630072576e+16 1.5185812399822296e+16 1.4606050323343386e+16 1.4007060774704072e+16 1.3381296415263512e+16 1.2718398938251242e+16 1.2003341233492436e+16 1.0305459554627e+16 9199100207428466.0 7670546230252922.0
2735.0003831650793 1.1260472268286624e+17 9.967195293710066e+16 8.713427777270462e+16 7.506311649886704e+16 6.353883832411206e+16 5.265365854057564e+16 4.251770362845744e+16 3.777227599573902e+16 3.3267813803185984e+16 2.9024254046155376e+16 2.660965331105702e+16 2.5055061487574056e+16 2.2802123219646308e+16 2.1346911156544148e+16 1.9212507279519252e+16 1.7797179380380232e+16 1.7081231994783216e+16 1.6352404358367636e+16 1.5602849452063664e+16 1.4821778633419972e+16 1.399367372814599e+16 1.2083581777594558e+16 1.0878300358727352e+16 9259871000429222.0
2745.0003845660494 5.432351532395699e+16 4.8446020658225864e+16 4.2873628435909864e+16 3.7624206603093496e+16 3.271319569632886e+16 2.8151199009794296e+16 2.3937512109975444e+16 2.1953731772238996e+16 2.004026471705364e+16 1.817782892018856e+16 1.707076920447615e+16 1.6329850028729962e+16 1.5200897493997168e+16 1.4425552096990278e+16 1.3200587948766088e+16 1.2317378904135738e+16 1.184601151795327e+16 1.1348201329298392e+16 1.0816854520179068e+16 1.0242002248107254e+16 9608903168612960.0 8057554187830698.0 7017122496159791.0 5552398354557108.0
2755.0003859670096 8.289189830921637e+16 7.364236370286395e+16 6.474092168977243e+16 5.6229924664246696e+16 4.815465272394356e+16 4.056418969183693e+16 3.3511927501981132e+16 3.020436791158619e+16 2.704898653969069e+16 2.4044265018949436e+16 2.2308050238722644e+16 2.117381140711192e+16 1.949666106841058e+16 1.8384493118963736e+16 1.6696304046721522e+16 1.5529697738442016e+16 1.4923054083986436e+16 1.4293471955216348e+16 1.3633114057565194e+16 1.2931073635065028e+16 1.2171317235553836e+16 1.0358339838264956e+16 9170884059929530.0 7523896080077679.0
2765.0003873679793 1.1528481099660578e+17 1.0245618587724331e+17 8.997839368716165e+16 7.791342012290978e+16 6.63313839828221e+16 5.531454524801134e+16 4.496584635488206e+16 4.0083205235411384e+16 3.5422070154146976e+16 3.100398730846113e+16 2.847665800517413e+16 2.6843500416830772e+16 2.446678938692761e+16 2.292402096242179e+16 2.0647117052128504e+16 1.91257949522745e+16 1.8352237974751988e+16 1.7561921295295578e+16 1.6746190891924072e+16 1.5893142483276734e+16 1.4985547434300846e+16 1.2879573567499164e+16 1.1539827895366384e+16 9719411274986436.0
2775.0003887689495 1.2285164664990966e+17 1.0877928228629246e+17 9.515748074821968e+16 8.206882575696946e+16 6.960778369060126e+16 5.788510990673108e+16 4.703433727563051e+16 4.198474963741444e+16 3.7212961251754744e+16 3.273430254788166e+16 3.0188321804903176e+16 2.8546531419903972e+16 2.615610953622377e+16 2.459877787900326e+16 2.2281527302901904e+16 2.0713933598311644e+16 1.9909385338329944e+16 1.908172807390137e+16 1.822117227341187e+16 1.7314132745692734e+16 1.6340611079491348e+16 1.4042284498500628e+16 1.254432636548409e+16 1.0451687555445796e+16
2785.0003901699192 5.729660026181306e+16 5.155737790374326e+16 4.617950371491157e+16 4.116848036208106e+16 3.652161192745446e+16 3.2220860823945356e+16 2.8217717968552296e+16 2.6296877455842444e+16 2.440052588422917e+16 2.2492702722785784e+16 2.132057702474912e+16 2.05177798754106e+16 1.9264528507570696e+16 1.8382613095523508e+16 1.6955180263784444e+16 1.590124076561799e+16 1.5330536130512118e+16 1.4721664797012564e+16 1.4064803856185802e+16 1.334602585503141e+16 1.254458764726962e+16 1.0536807940606334e+16 9154639413063436.0 7161104389322713.0
2795.00039157089 1.848520780204532e+16 1.75711633074535e+16 1.6643968280847852e+16 1.569111551733614e+16 1.4695451437568618e+16 1.3632403425011968e+16 1.2464333855586098e+16 1.1822616063603496e+16 1.1127043404174436e+16 1.0359271556646714e+16 9852570571658418.0 9490269930899308.0 8900747015238155.0 8469396575771909.0 7745492659794651.0 7193894903550289.0 6890486297772385.0 6564030824708845.0 6209594260561119.0 5820339365910205.0 5386334291903852.0 4311761626021147.0 3593244998788366.0 2598312932292830.5
2805.0003929718596 2.442566107355758e+16 2.292369535228475e+16 2.1459206141113e+16 2.001688092755258e+16 1.8574929852847708e+16 1.7101285047470752e+16 1.5546482903843456e+16 1.471497266216939e+16 1.3828006394989424e+16 1.286306446969682e+16 1.223287820922127e+16 1.178500079819449e+16 1.1060316645259772e+16 1.0532741568498598e+16 9651210982670682.0 8981821922860742.0 8614183056195163.0 8218904551485627.0 7789936620369498.0 7318874078452173.0 6793459400576666.0 5489552617719607.0 4613175105802859.0 3392516919930802.5
2815.0003943728298 1.0638068942737486e+17 9.39993051022293e+16 8.224441994018893e+16 7.118334865118792e+16 6.088498614052071e+16 5.141648248109118e+16 4.283294026010124e+16 3.887978359740097e+16 3.5143636565110616e+16 3.1600266432947956e+16 2.9546233508933584e+16 2.8195613295649696e+16 2.6176319802219736e+16 2.481643914726219e+16 2.2709799300798156e+16 2.121881636310977e+16 2.043108823865652e+16 1.960422329438076e+16 1.872637535854301e+16 1.778078993209118e+16 1.6742453676587394e+16 1.4196608335337286e+16 1.2472967205452904e+16 1.000286304154535e+16
2825.0003957737995 1.7533223815965504e+17 1.5522011103915712e+17 1.3558143768287912e+17 1.165434358555659e+17 9.825645544557179e+16 8.090428548894669e+16 6.4724269533930024e+16 5.717035525410047e+16 5.003822096939631e+16 4.3381345954498616e+16 3.963487853260777e+16 3.724362362353296e+16 3.3812271492140372e+16 3.1619176366977804e+16 2.843510359586051e+16 2.6342260387920068e+16 2.5288055834670196e+16 2.4217417660463996e+16 2.311861376713411e+16 2.1975639158061096e+16 2.076536006596428e+16 1.7970278936450434e+16 1.6189823563671062e+16 1.37433797509647e+16
2835.0003971747697 1.6093978132310496e+17 1.4264996189733234e+17 1.2480355646231403e+17 1.0751425766412322e+17 9.091735842660357e+16 7.51788557281854e+16 6.05118496439129e+16 5.366537128316482e+16 4.719895912033975e+16 4.115694922091064e+16 3.77506372908579e+16 3.557278777437584e+16 3.2440185611282628e+16 3.0431609771791692e+16 2.7502635771112656e+16 2.5566354360380268e+16 2.4586818988707364e+16 2.3588732875141156e+16 2.2560661873438964e+16 2.1487016066508996e+16 2.034530573556209e+16 1.7690856497174312e+16 1.5990855686804152e+16 1.3657031250718832e+16
2845.0003985757394 9.655838568785782e+16 8.535724881144496e+16 7.474906852235008e+16 6.480316771689403e+16 5.558959222808419e+16 4.71748741804568e+16 3.961127670771248e+16 3.615419802344273e+16 3.290454460427433e+16 2.9838619567498252e+16 2.806740832861888e+16 2.690423699048963e+16 2.516527400776415e+16 2.399239199809414e+16 2.2168189693590348e+16 2.086858693300138e+16 2.0178280301914164e+16 1.945061702708325e+16 1.8674495517249984e+16 1.7834284926833432e+16 1.690672745697916e+16 1.4612291769611406e+16 1.3043862261575686e+16 1.0772861788956664e+16
2855.0003999767096 3.8472927300813944e+16 3.5299857468644676e+16 3.2332783726310744e+16 2.9567985717159896e+16 2.6992343055533796e+16 2.4576744038687664e+16 2.2263326680402424e+16 2.1112943806737724e+16 1.993861632788339e+16 1.8707115954204876e+16 1.7920782531878378e+16 1.7367752126869214e+16 1.6479531130691264e+16 1.5835764092653626e+16 1.4760845881130736e+16 1.3941809376127454e+16 1.3489814175329384e+16 1.3001439237107828e+16 1.2467945486482546e+16 1.1877000913141378e+16 1.1210323112779932e+16 9512210430933910.0 8326773357826311.0 6597083400020275.0
2865.0004013776793 1.4717545861070784e+17 1.3003071694697568e+17 1.134234528813388e+17 9.74776583719249e+16 8.233814306346571e+16 6.817603399283029e+16 5.519508986240093e+16 4.921994475963457e+16 4.3627305581825816e+16 3.843829541658354e+16 3.551936026385898e+16 3.365014452101369e+16 3.094742183020148e+16 2.919814331811944e+16 2.6609103541953812e+16 2.486345916735423e+16 2.396797734528816e+16 2.304631300982023e+16 2.208687249315635e+16 2.107370496561085e+16 1.99835614006542e+16 1.739846656961212e+16 1.5708368879031218e+16 1.3352940724902262e+16
2875.00040277865 2.045369649745717e+17 1.8309063671983085e+17 1.6179815991065875e+17 1.4075251944342482e+17 1.2006825536975573e+17 9.989367040602989e+16 8.043906241491206e+16 7.107916054557459e+16 6.204180781678742e+16 5.3410320222753864e+16 4.8470115640989624e+16 4.529214154241471e+16 4.071713804730485e+16 3.780303497200766e+16 3.3634668746883572e+16 3.0971798882800372e+16 2.9663206992223204e+16 2.8360110584926524e+16 2.705158298917933e+16 2.5722484373323948e+16 2.4351404250704836e+16 2.1334679599355464e+16 1.953389130327192e+16 1.7245337592255188e+16
2885.000404179609 1.7702540523975222e+17 1.588682775999337e+17 1.4092204765405e+17 1.2325582558967979e+17 1.0594988594825646e+17 8.910072644000128e+16 7.283366902661446e+16 6.4972263687531016e+16 5.733286970704018e+16 4.995750662126981e+16 4.568065134010112e+16 4.289894346486584e+16 3.8839119641453944e+16 3.6210485177269416e+16 3.237847996409347e+16 2.987985363719e+16 2.863670921040543e+16 2.7388776802151868e+16 2.612561951611512e+16 2.4832143440046016e+16 2.3486112499346548e+16 2.0476280759088948e+16 1.8643081568053504e+16 1.626811538673915e+16
2895.0004055805794 2.135255321637059e+17 1.925242472228092e+17 1.715578853755562e+17 1.5068746633583264e+17 1.2998420838050613e+17 1.0953397260752102e+17 8.945132640125525e+16 7.960080673229675e+16 6.992244455282122e+16 6.047036985145114e+16 5.49403738207522e+16 5.132665004371015e+16 4.603653471230841e+16 4.2610251656340744e+16 3.7641926934952744e+16 3.444688496193844e+16 3.2880454665800456e+16 3.1329106472692324e+16 2.978489611584211e+16 2.8235217505216176e+16 2.666050111326052e+16 2.329433301522389e+16 2.1360539279940324e+16 1.901577927486396e+16
2910.000407682039 2.7979916898538944e+17 2.528502237391365e+17 2.2577830589169613e+17 1.9864749607942874e+17 1.7153244474999574e+17 1.445231809371162e+17 1.1774323254073648e+17 1.0450034859677024e+17 9.141218279467174e+16 7.855325438636568e+16 7.099629047754709e+16 6.6046756388428584e+16 5.8791825649887624e+16 5.4094483097193016e+16 4.730870403138495e+16 4.298576127070348e+16 4.0888043973137656e+16 3.883086945834535e+16 3.680904072222413e+16 3.481253664250832e+16 3.2824230646338692e+16 2.8745262238224576e+16 2.6536176572720516e+16 2.405338443319178e+16
2930.000410483979 2.498770553187594e+17 2.2608879537830198e+17 2.0225034481765914e+17 1.7841289365240803e+17 1.5463366816073667e+17 1.309786023172817e+17 1.0753470068317141e+17 9.593420607503475e+16 8.445376724671494e+16 7.314486311923189e+16 6.6475276593376824e+16 6.209257962669688e+16 5.563908840985448e+16 5.143468357187822e+16 4.5307016681167576e+16 4.135478644572575e+16 3.94179944904987e+16 3.750354840608534e+16 3.560476342964455e+16 3.3709995943384652e+16 3.1800046451397172e+16 2.779020434425885e+16 2.5546331725510124e+16 2.2911467265793276e+16
2950.0004132859094 2.4514833894458083e+17 2.216155813021455e+17 1.980487113879166e+17 1.7450363814060938e+17 1.5104497412856246e+17 1.2775095067222322e+17 1.0472977855074149e+17 9.337432893394811e+16 8.216941328547957e+16 7.117380296168252e+16 6.471311901838337e+16 6.0478854162627864e+16 5.4260955859363544e+16 5.022052678121978e+16 4.434236316058045e+16 4.055114974047905e+16 3.869019283250659e+16 3.684655040922095e+16 3.5011746254471696e+16 3.317199084475051e+16 3.1305401842443748e+16 2.7329485260430616e+16 2.5054937164665124e+16 2.2302788282793796e+16
2970.0004160878498 2.637257529534182e+17 2.3838918699625376e+17 2.129998754230823e+17 1.876201829376863e+17 1.623227924768267e+17 1.3719624713991683e+17 1.1236349495590694e+17 1.0011722235146346e+17 8.803750380301384e+16 7.619009616452792e+16 6.923340907380111e+16 6.467645293776447e+16 5.798905905208797e+16 5.3647111823215e+16 4.7337420693798696e+16 4.327450237027848e+16 4.128292683001498e+16 3.931218864217162e+16 3.7353620072890024e+16 3.5392902178044196e+16 3.3407037204483196e+16 2.9187318289266868e+16 2.6777106539980708e+16 2.386643019859133e+16
2990.0004188897897 2.616626346820159e+17 2.3686144741212723e+17 2.1200364421160042e+17 1.8714286103041923e+17 1.6233983184431296e+17 1.3766650077050704e+17 1.1322080647420482e+17 1.0113100969432875e+17 8.917274996153509e+16 7.740018912338326e+16 7.045973930584197e+16 6.589929067562997e+16 5.918224518669365e+16 5.4802764759264424e+16 4.8408604757419016e+16 4.427062703718681e+16 4.223604150613385e+16 4.021863338225433e+16 3.820953710372597e+16 3.619389827312729e+16 3.41476042395154e+16 2.978052462832307e+16 2.727152845653518e+16 2.4215816634462388e+16
3010.0004216917296 2.7311476620668515e+17 2.4705249344248944e+17 2.2088172865503235e+17 1.9466178021069734e+17 1.6846506844557555e+17 1.4238673910555992e+17 1.1657098078285803e+17 1.0383548295071758e+17 9.128087653330573e+16 7.898700778792314e+16 7.178321996654877e+16 6.707256623689856e+16 6.017339883702295e+16 5.570313453047186e+16 4.921719035648307e+16 4.5041661236718776e+16 4.299227164766411e+16 4.096052778952931e+16 3.8935436799827096e+16 3.6899562897717784e+16 3.482557701889634e+16 3.0359515737932104e+16 2.7753280364100256e+16 2.4498899868379416e+16
3030.0004244936695 2.849037713888723e+17 2.5865488907208976e+17 2.3221344952812915e+17 2.0561740611321027e+17 1.7890953596346253e+17 1.5214209882193126e+17 1.2539486953156046e+17 1.1207415065396528e+17 9.883496442212598e+16 8.574101566625776e+16 7.799617986325208e+16 7.289872589922922e+16 6.538201161685136e+16 6.0478358044557416e+16 5.332111976217521e+16 4.869519523521688e+16 4.642372890821051e+16 4.417409761869462e+16 4.193693250014702e+16 3.969630138361184e+16 3.742612945099119e+16 3.2598256947722576e+16 2.9833968597453116e+16 2.6469124653690708e+16
3050.00042729561 3.001105432055062e+17 2.7256390527984598e+17 2.4479206940176592e+17 2.168335634921136e+17 1.887322046152472e+17 1.60542451102363e+17 1.3235088857833813e+17 1.1830533265968045e+17 1.0434607897726509e+17 9.054579563391739e+16 8.238918853022098e+16 7.70244482755618e+16 6.912056086655935e+16 6.396946921461575e+16 5.645821441278124e+16 5.160631924201583e+16 4.9223732984598744e+16 4.686322825817005e+16 4.451429918860895e+16 4.215943572766738e+16 3.9770325316616376e+16 3.4674116984476636e+16 3.174104244243785e+16 2.8143698515353556e+16
3070.0004300975393 3.0253092641726317e+17 2.750265747129652e+17 2.473481176744387e+17 2.1952845279249504e+17 1.9159949435255e+17 1.6359275431655437e+17 1.3555018682537706e+17 1.2154138296718779e+17 1.0757157351241534e+17 9.368823670750506e+16 8.543326453953387e+16 7.997751390104114e+16 7.18924210233729e+16 6.65873779496674e+16 5.8792290915668936e+16 5.371694307714707e+16 5.121344350579533e+16 4.8726645170966024e+16 4.624655943002721e+16 4.375586772853646e+16 4.122566363836268e+16 3.5820218240986412e+16 3.2703259926412292e+16 2.886658454270151e+16
3090.0004328994796 2.925883910514807e+17 2.6565815336795725e+17 2.3863455296147213e+17 2.1156978604132614e+17 1.8452113205685446e+17 1.575532867396993e+17 1.307498884231047e+17 1.174498603979208e+17 1.042539356444138e+17 9.120866008413923e+16 8.348302971586437e+16 7.838786741230349e+16 7.084763221895484e+16 6.590161115476973e+16 5.862111004857159e+16 5.385839063463154e+16 5.149750435567065e+16 4.914193635399641e+16 4.678002116732507e+16 4.4392869115627816e+16 4.195012089269617e+16 3.66641158946362e+16 3.3570527081383156e+16 2.9711759804885572e+16
3110.0004357014195 3.1429915485888416e+17 2.8677580156423584e+17 2.589984317148934e+17 2.3098186283175898e+17 2.0273288900952637e+17 1.7424584018032758e+17 1.455038741506927e+17 1.3103461410149568e+17 1.1650781335633358e+17 1.0194765942580054e+17 9.321765811087165e+16 8.741272839342616e+16 7.875150524000928e+16 7.302658982698526e+16 6.455093399377163e+16 5.899414432408477e+16 5.624446045723198e+16 5.350965933919536e+16 5.0781348462798616e+16 4.8043840903140456e+16 4.5269703999099336e+16 3.939013295487185e+16 3.604992769350397e+16 3.203546248851453e+16
3130.0004385033594 3.088715099376952e+17 2.8095212896050298e+17 2.528231761685349e+17 2.2452469761425763e+17 1.9610287058776147e+17 1.676156947611015e+17 1.3915171139061562e+17 1.2497663160710874e+17 1.1088568795256059e+17 9.693834682781366e+16 8.867565589990392e+16 8.322724570819083e+16 7.516842543711077e+16 6.988645904005113e+16 6.2118957011892344e+16 5.704154601142318e+16 5.452482259314892e+16 5.201296341475105e+16 4.949250098481222e+16 4.6941882125386664e+16 4.432678328534879e+16 3.864019582194363e+16 3.5285526952439692e+16 3.1054125582506948e+16
3150.0004413052993 2.9278661515816416e+17 2.6676107139298064e+17 2.4063031708221117e+17 2.1442494971599485e+17 1.881731084813259e+17 1.6189897550701834e+17 1.3562648650523925e+17 1.2250293577124605e+17 1.0940189627317811e+17 9.634566507148072e+16 8.854934287991973e+16 8.33750491757257e+16 7.56607350045864e+16 7.055712934764834e+16 6.297011835281025e+16 5.795206672800456e+16 5.544708586873376e+16 5.293572040550232e+16 5.04052720931042e+16 4.78349515474989e+16 4.5190823099901784e+16 3.9414058365716664e+16 3.599048204675871e+16 3.1659244039040404e+16
3170.0004441072397 3.1812757856425395e+17 2.9030173311739955e+17 2.622768271199966e+17 2.3407336056832096e+17 2.0570661660765094e+17 1.771848628690276e+17 1.4851513022838102e+17 1.3413355471244171e+17 1.1973676172341534e+17 1.0535434024343942e+17 9.675419392560578e+16 9.104414692806829e+16 8.253259676488173e+16 7.690633289000445e+16 6.855732534832138e+16 6.3050175951846904e+16 6.030664603266078e+16 5.756025226678521e+16 5.47973829452076e+16 5.199574118988621e+16 4.911917410171635e+16 4.286050434510725e+16 3.91749660168213e+16 3.454191798225554e+16
3190.000446909169 2.8814325368117923e+17 2.630061221754903e+17 2.3771058280571517e+17 2.1227790392648307e+17 1.86726540138383e+17 1.610720325190611e+17 1.3533356781503206e+17 1.2244584848069245e+17 1.0956243139340443e+17 9.670956116481389e+16 8.90306325568445e+16 8.39333546799439e+16 7.633283461383384e+16 7.130308498276384e+16 6.381865488996774e+16 5.8856188340638856e+16 5.637176739566846e+16 5.387378601185464e+16 5.134718683795245e+16 4.876823490288654e+16 4.609924628963569e+16 4.019938294654982e+16 3.6647686234271976e+16 3.2065797600677816e+16
3210.000449711109 3.232624509698793e+17 2.952659638072707e+17 2.669469001241165e+17 2.3831973249109107e+17 2.0939982424647158e+17 1.802087398783113e+17 1.5079424073915245e+17 1.3603848704817784e+17 1.2129067254174338e+17 1.066075821986257e+17 9.786531342300411e+16 9.208139757185029e+16 8.34955333245336e+16 7.784568376308032e+16 6.9497420985663816e+16 6.4007107912812104e+16 6.12729252477883e+16 5.853370596471299e+16 5.577307488446638e+16 5.296532733668982e+16 5.006997764878365e+16 4.37062031026665e+16 3.9897980693003896e+16 3.500440246048213e+16
3230.0004525130494 2.7503821862070662e+17 2.509208009370426e+17 2.2666221918631917e+17 2.0229173972971066e+17 1.7784412706324854e+17 1.5336519905234774e+17 1.289264095654154e+17 1.1675924712807566e+17 1.0465940942893368e+17 9.266366187606886e+16 8.553565952268546e+16 8.081939253488914e+16 7.380495229739651e+16 6.916890131520526e+16 6.2259282364182424e+16 5.765034385593092e+16 5.532675401526436e+16 5.297479852549962e+16 5.057551174649207e+16 4.810034025560479e+16 4.550522048593588e+16 3.961655375620286e+16 3.5942466034554984e+16 3.0997404509559164e+16
3250.0004553149893 3.579824819271179e+17 3.287199590280124e+17 2.989335390377134e+17 2.685918874217439e+17 2.3764814781588662e+17 2.0603714768172144e+17 1.7368349964304634e+17 1.572117057525654e+17 1.4054967128301758e+17 1.2372764138654672e+17 1.1358546721527051e+17 1.068188964195814e+17 9.668850255384086e+16 8.996763325193691e+16 7.997025961998066e+16 7.33708443671241e+16 7.008552285144233e+16 6.68005231118801e+16 6.3501498201169864e+16 6.016402431724607e+16 5.674747793617706e+16 4.935325374123598e+16 4.501573146182025e+16 3.9541411719822216e+16
3270.000458116929 4.152058047362394e+17 3.8201939756204026e+17 3.480886313952753e+17 3.133528281330167e+17 2.7772875996080544e+17 2.4110614621574237e+17 2.033551758280772e+17 1.8402143558413232e+17 1.6437976506437504e+17 1.4445825772298426e+17 1.3240192988422584e+17 1.2433973397388818e+17 1.1224477314454533e+17 1.0420809369495382e+17 9.224982998606542e+16 8.437079430682016e+16 8.046016040165061e+16 7.656252048297157e+16 7.266556603409451e+16 6.874632519048228e+16 6.476458013638833e+16 5.628449877428833e+16 5.142336258406096e+16 4.545481317117731e+16
3290.000460918869 4.048819248307204e+17 3.725426754192003e+17 3.3953652326049926e+17 3.0581130131894835e+17 2.7129428864276202e+17 2.3588788477923498e+17 1.994751143378255e+17 1.8085836802248067e+17 1.6196347829309875e+17 1.4281142936340406e+17 1.3122105161544606e+17 1.2346740374406363e+17 1.1182435046405467e+17 1.0407491439307358e+17 9.250939194913179e+16 8.485244473807838e+16 8.103614119926794e+16 7.721907725868883e+16 7.33866850549806e+16 6.9513394040659896e+16 6.555575437649722e+16 5.703548000155941e+16 5.20811145766118e+16 4.589667646631233e+16
3310.0004637208094 3.9820561983599706e+17 3.654643571659728e+17 3.321684630899097e+17 2.982977239358952e+17 2.6382301228528326e+17 2.2870778297252077e+17 1.929224776199552e+17 1.7478265856222662e+17 1.5649808653838006e+17 1.381090310638179e+17 1.2705588432123965e+17 1.1969389112870557e+17 1.0868534637471896e+17 1.0138532309363858e+17 9.051629899096518e+16 8.33208268713382e+16 7.972764946107886e+16 7.612458610526762e+16 7.249335118837022e+16 6.880394474992968e+16 6.500733837460799e+16 5.67023207001035e+16 5.17555075815466e+16 4.5396544354329464e+16
3330.0004665227398 4.0054859510436544e+17 3.681829304744149e+17 3.3521541120486624e+17 3.016104374096626e+17 2.6731780560221907e+17 2.322716084342587e+17 1.963996517698965e+17 1.78139423797672e+17 1.596700362497588e+17 1.4102068415645294e+17 1.2977095965019144e+17 1.2226025719714466e+17 1.110024661380994e+17 1.0351997773614059e+17 9.235712572221758e+16 8.495618899398186e+16 8.125845007035222e+16 7.754988900008106e+16 7.38121637311371e+16 7.0014859505135576e+16 6.6108060708376984e+16 5.756896422639236e+16 5.248992733631616e+16 4.595648742286024e+16
3350.0004693246797 3.944712682867117e+17 3.625302219869748e+17 3.29974900662392e+17 2.9676988951938944e+17 2.6287010579491734e+17 2.2822482166759363e+17 1.9279828434546176e+17 1.7479985327022346e+17 1.5663887161824256e+17 1.383674071053354e+17 1.273892194855957e+17 1.2008183935701088e+17 1.0916514805835525e+17 1.0193359920008651e+17 9.117417144757757e+16 8.404799907827264e+16 8.04840394138512e+16 7.690342203671915e+16 7.328459645675822e+16 6.959335927047574e+16 6.577512180265294e+16 5.732844246339521e+16 5.221197464330836e+16 4.5481375692462536e+16
3370.0004721266196 3.176770335789747e+17 2.9078304960778816e+17 2.637160868142356e+17 2.365029299310543e+17 2.0917346856783616e+17 1.8176452837942557e+17 1.5433147990722474e+17 1.4063462627570198e+17 1.2697607073874075e+17 1.1338379104758016e+17 1.0527418731213198e+17 9.989094331382574e+16 9.185195879840507e+16 8.651201709476874e+16 7.850095224369664e+16 7.311180401551222e+16 7.037747344619242e+16 6.759592279118777e+16 6.474237254019608e+16 6.1779734672724e+16 5.865077580044122e+16 5.144965341067558e+16 4.686921641965914e+16 4.056185446172598e+16
3390.0004749285595 3.691041402516768e+17 3.384594202393512e+17 3.073521913573867e+17 2.7578519851357475e+17 2.4376647863250848e+17 2.1131937908291843e+17 1.7851047286679706e+17 1.620186456381753e+17 1.4551974828986138e+17 1.2907983595544226e+17 1.1928295367517541e+17 1.1279486145181262e+17 1.0314571424634128e+17 9.677515520846939e+16 8.730234414373693e+16 8.100398060575742e+16 7.783555102225312e+16 7.463299070037016e+16 7.137029139265459e+16 6.800832652996739e+16 6.4486804707097336e+16 5.649953313343273e+16 5.1502012375882104e+16 4.470998355274253e+16
3410.0004777305 3.7756504760268774e+17 3.470139747390344e+17 3.158964039999059e+17 2.8419299961548666e+17 2.5188367905673254e+17 2.1895791209721264e+17 1.8544500254079046e+17 1.685063534327246e+17 1.5149437406071546e+17 1.3447603867231605e+17 1.2430266976290147e+17 1.1755250702177936e+17 1.0749590441813138e+17 1.008460029412976e+17 9.094717724885336e+16 8.436391017616907e+16 8.105400843252286e+16 7.77112763882184e+16 7.43102145305806e+16 7.0812192343727784e+16 6.715741894787287e+16 5.891574899214682e+16 5.380364608406684e+16 4.692162257738026e+16
3430.0004805324393 3.976026894644753e+17 3.661489269414751e+17 3.340442508491241e+17 3.0124737085254637e+17 2.6771185305566282e+17 2.3339607269029178e+17 1.9829265154798845e+17 1.804703993580181e+17 1.6250894756646992e+17 1.4447194224477456e+17 1.3365454441792059e+17 1.2646235028060778e+17 1.1572621234506624e+17 1.08614429095139e+17 9.801372070306496e+16 9.09581955685389e+16 8.741066371274269e+16 8.382866370711819e+16 8.018568137920552e+16 7.644140411411322e+16 7.253335148706083e+16 6.3743135096049016e+16 5.8311291995377096e+16 5.102446953536627e+16
3450.0004833343696 4.07874223775575e+17 3.7645790799038803e+17 3.442924136806641e+17 3.1130919181551456e+17 2.774218445303614e+17 2.425295437931679e+17 2.065401900233332e+17 1.881255105727558e+17 1.694530645140064e+17 1.5057621779719978e+17 1.3919270368990842e+17 1.3159923117312498e+17 1.2023180576828874e+17 1.1268608328126208e+17 1.0143222658599554e+17 9.395382817304816e+16 9.020280697646827e+16 8.642443952400837e+16 8.259332553665018e+16 7.866985471346578e+16 7.45916538434672e+16 6.548480770201152e+16 5.990246030723538e+16 5.247238731802584e+16
3470.0004861363095 4.212942050279329e+17 3.891844209541256e+17 3.562509074418583e+17 3.224115337323265e+17 2.875630517945947e+17 2.5158287751560045e+17 2.1435018454663085e+17 1.9524462506839213e+17 1.7582966196467242e+17 1.5615712170662995e+17 1.4427237568977933e+17 1.363365148808443e+17 1.2444706269263176e+17 1.1655098858106496e+17 1.0477513480636885e+17 9.695498318130408e+16 9.30354329066925e+16 8.908981860971443e+16 8.509204958045051e+16 8.100125475207563e+16 7.675297986140477e+16 6.728121001388957e+16 6.148372273806757e+16 5.3767636216974856e+16
3490.0004889382494 4.48865330157246e+17 4.155481686641414e+17 3.8128378047939616e+17 3.4595953026692986e+17 3.094290174313139e+17 2.7150662921943456e+17 2.319758803350911e+17 2.1154414367518806e+17 1.9065313654979392e+17 1.6932613486797706e+17 1.563514980251431e+17 1.47645934879652e+17 1.3453742398869216e+17 1.2578863526078142e+17 1.1268712540749432e+17 1.0396671225248773e+17 9.959731076476237e+16 9.520469611153822e+16 9.07646071297021e+16 8.623746191967614e+16 8.155908962455982e+16 7.123864765702704e+16 6.5010474102928536e+16 5.682232429717382e+16
3510.0004917401893 4.682924700578933e+17 4.341113823860507e+17 3.98875417257092e+17 3.624507511942493e+17 3.246635050281816e+17 2.8529264910817155e+17 2.4407596398236314e+17 2.226950513480656e+17 2.0077450416520534e+17 1.783322975562939e+17 1.6464728708423242e+17 1.5545203985289507e+17 1.415881357768959e+17 1.3232503890273362e+17 1.1844393353029709e+17 1.0920405262490174e+17 1.045763917545223e+17 9.992685972351856e+16 9.523111176478211e+16 9.044896306028302e+16 8.551482608463298e+16 7.466760937210414e+16 6.815265676933014e+16 5.9617921395143576e+16
3530.0004945421297 4.3807558500216205e+17 4.062665931473903e+17 3.735170448830779e+17 3.3970203875056877e+17 3.0465574545245555e+17 2.6816206657768304e+17 2.2995787152155114e+17 2.1013013708155306e+17 1.8978808239291994e+17 1.6893931536234778e+17 1.562097174676224e+17 1.476471774035777e+17 1.3471908360282792e+17 1.2606578710565632e+17 1.1306679712296282e+17 1.0438481967695174e+17 1.0002443404234296e+17 9.563299138487307e+16 9.118489864982554e+16 8.663845446539355e+16 8.19259994137962e+16 7.14636555040605e+16 6.508984416048637e+16 5.659942344187365e+16
3550.0004973440696 5.073804500842154e+17 4.711539471072107e+17 4.336738677041307e+17 3.9476160727558586e+17 3.541853057537569e+17 3.1164995299829997e+17 2.668059703524629e+17 2.4341032447261034e+17 2.193301513296891e+17 1.945834287336093e+17 1.79451742696601e+17 1.6926991212013427e+17 1.539031243102173e+17 1.4363176280888307e+17 1.282501566293853e+17 1.1803240794355182e+17 1.1292561246245846e+17 1.0780371287620293e+17 1.026411264888478e+17 9.739444114196674e+16 9.199154278456821e+16 8.013232986854384e+16 7.29922982824762e+16 6.355150155521494e+16
3570.0005001459995 4.0510918788613914e+17 3.7460867944614605e+17 3.433306486000276e+17 3.1119772231428576e+17 2.7811720783300262e+17 2.439879936246267e+17 2.0872899738787187e+17 1.9067450473864752e+17 1.7236376014351114e+17 1.5385159380335546e+17 1.4268628235638416e+17 1.352356305216233e+17 1.2407168195416574e+17 1.1664702815750352e+17 1.0552930356495392e+17 9.808633818141688e+16 9.432608297242814e+16 9.051343794578338e+16 8.66154732633542e+16 8.258206341306373e+16 7.833502960593427e+16 6.858335289359104e+16 6.235396861217021e+16 5.362232342255557e+16
3590.0005029479394 4.0309913830319085e+17 3.735169220704838e+17 3.431586140541591e+17 3.119361208158564e+17 2.7973901462484864e+17 2.4643532924404486e+17 2.1188591955810733e+17 1.9411081813254688e+17 1.760015271558398e+17 1.5758219409667587e+17 1.464040774667248e+17 1.3891020940900418e+17 1.2762177192158693e+17 1.2007039805287962e+17 1.086932534952331e+17 1.010325161675291e+17 9.715143188365083e+16 9.321118711770637e+16 8.917999736739813e+16 8.50089989886661e+16 8.062134850706517e+16 7.058694027549915e+16 6.422552005657775e+16 5.539683358514122e+16
3610.0005057498793 4.4153436080002304e+17 4.105100234589984e+17 3.785397376938849e+17 3.4549133695235923e+17 3.111915549935398e+17 2.754159608699257e+17 2.3788896038712883e+17 2.1837635954643498e+17 1.9832384307541123e+17 1.7772309144778835e+17 1.6511037793663776e+17 1.5660609822841533e+17 1.4372383101589224e+17 1.3506319184877146e+17 1.2197080557637963e+17 1.1314984868326366e+17 1.0868929154685486e+17 1.0417263465931966e+17 9.95698268453237e+16 9.483334249465274e+16 8.988726630073133e+16 7.87626380143824e+16 7.18792398892215e+16 6.256886564297199e+16
3630.000508551819 4.464729431839888e+17 4.1541145688661325e+17 3.8341075184479795e+17 3.503379886970166e+17 3.1601764971075104e+17 2.8021965778016608e+17 2.4265335328106422e+17 2.2310452808060963e+17 2.029943183583761e+17 1.8230075761720346e+17 1.6960709504396826e+17 1.6103467504882205e+17 1.4802343340913965e+17 1.3925533472669189e+17 1.2596301965239381e+17 1.1697933965231579e+17 1.1242771347407168e+17 1.0781306619995717e+17 1.0310485441096901e+17 9.825474332645346e+16 9.318546854995251e+16 8.177657610043906e+16 7.472712811814726e+16 6.523576383440453e+16
3640.00050995279 4.5419774455547034e+17 4.2244746304685677e+17 3.897231157112624e+17 3.558945258698567e+17 3.2079218059196115e+17 2.8419755788370694e+17 2.4584322317666854e+17 2.2591642857082976e+17 2.054501197270846e+17 1.8443425014086736e+17 1.7156907301495043e+17 1.6289304017339258e+17 1.4974332281651123e+17 1.4089354487012656e+17 1.274900194019194e+17 1.184339101444382e+17 1.1384424120229598e+17 1.091889168319177e+17 1.0443607669094498e+17 9.953579150531869e+16 9.440868459752582e+16 8.28455333988382e+16 7.568094793745029e+16 6.601427335898521e+16
3650.0005113537595 5.1078119187513114e+17 4.753556330961634e+17 4.387663298015619e+17 4.008460307801944e+17 3.613747395801353e+17 3.200660185793094e+17 2.7656222198239408e+17 2.5386275203177338e+17 2.3047189542992765e+17 2.0636850731811744e+17 1.915726198134183e+17 1.8157966030952794e+17 1.664185900427687e+17 1.5621282331480925e+17 1.407763767097354e+17 1.3038436934630258e+17 1.2513775866835069e+17 1.1983468193739627e+17 1.1444385315501026e+17 1.089146504164092e+17 1.0316502525868304e+17 9.034786682015802e+16 8.251866519601485e+16 7.2094484397488e+16
3670.0005141556994 5.190837946410896e+17 4.837210180125871e+17 4.4711435033837184e+17 4.09080035846655e+17 3.693760475384299e+17 3.2768654328375795e+17 2.836104100060881e+17 2.60533345910707e+17 2.3668961825084963e+17 2.1204477733070704e+17 1.96875823547845e+17 1.8661253200484586e+17 1.7101271797575005e+17 1.6049274864629472e+17 1.445558863599691e+17 1.3381510572849002e+17 1.2839112268395802e+17 1.2290946939393242e+17 1.1733936157692112e+17 1.1163046331427789e+17 1.0570062904499507e+17 9.251843250354022e+16 8.45004057190074e+16 7.387005605110154e+16
3690.0005169576293 5.056549326278665e+17 4.710318769269845e+17 4.352355200930285e+17 3.980993784724799e+17 3.594085328013683e+17 3.1888827296144915e+17 2.762037623000259e+17 2.5393705662079098e+17 2.310029277716839e+17 2.073873499503518e+17 1.9290096870098525e+17 1.8312088090840736e+17 1.6828555729005398e+17 1.582967474780774e+17 1.4317035341378211e+17 1.3295965849971362e+17 1.277905619835449e+17 1.2255315965136416e+17 1.172136156501103e+17 1.1171870278079768e+17 1.0598373887927342e+17 9.312333966396269e+16 8.521779214251126e+16 7.461156204528211e+16
3710.000519759569 5.2692437443997555e+17 4.921159709522497e+17 4.559832506675406e+17 4.1830522112056083e+17 3.7879280500424576e+17 3.370740420774624e+17 2.92685747722684e+17 2.6932873613780512e+17 2.451165503894129e+17 2.2001520879727213e+17 2.0453257309337424e+17 1.9404520987348726e+17 1.7808965170513968e+17 1.673213540570077e+17 1.5099813891195158e+17 1.399906171818473e+17 1.3442959331415693e+17 1.2880729343961166e+17 1.230913123386658e+17 1.172286803176756e+17 1.1113297271432944e+17 9.754700420908766e+16 8.92452346932412e+16 7.81499093248518e+16
3730.000522561509 4.2937872317834246e+17 3.99895454439946e+17 3.693997524276073e+17 3.37773077162396e+17 3.0488157408907315e+17 2.705860884802934e+17 2.3477086102592253e+17 2.1628089538018707e+17 1.974206907457158e+17 1.7823124687998e+17 1.665873820474944e+17 1.5878166255537942e+17 1.4701952718718893e+17 1.3914261094912046e+17 1.272416289174928e+17 1.1918453822447438e+17 1.1508111116436448e+17 1.1089537154513486e+17 1.0658789047959122e+17 1.0209908566444954e+17 9.733627479419186e+16 8.625924794327386e+16 7.909202506949768e+16 6.896091350092912e+16
3750.000525363449 4.7822642397994995e+17 4.4490759382011315e+17 4.10322518300921e+17 3.7436235100945485e+17 3.369083500197417e+17 2.9783715732874515e+17 2.5704516002120842e+17 2.3599268234424934e+17 2.1452137391212973e+17 1.9267779146863872e+17 1.7942815673134794e+17 1.7055164442502032e+17 1.5719473603149034e+17 1.4827291164563507e+17 1.3485841541953533e+17 1.2584782378964846e+17 1.212894466194814e+17 1.1666499279065786e+17 1.1193546992068472e+17 1.0704061270442955e+17 1.0188555691791248e+17 9.00457355706433e+16 8.248485463747267e+16 7.1898248748681864e+16
3770.0005281653894 5.529313436865015e+17 5.15054928996771e+17 4.75522948381229e+17 4.341802457271046e+17 3.908468728148139e+17 3.45319561268907e+17 2.973865984211659e+17 2.7246526890944202e+17 2.4690393118557542e+17 2.207402710980722e+17 2.0479192024625437e+17 1.9407701894184474e+17 1.7791707005643226e+17 1.671088391020994e+17 1.5087010135580234e+17 1.4000500954468677e+17 1.3453488735075624e+17 1.2901178752607419e+17 1.233980058768928e+17 1.1763329421744021e+17 1.1162070454954285e+17 9.807373941805213e+16 8.962082792733182e+16 7.799466357019064e+16
3790.0005309673293 5.873127410971421e+17 5.441133549066327e+17 4.9940264653446406e+17 4.531190896084643e+17 4.051970950473579e+17 3.555658449094186e+17 3.0415701242352755e+17 2.777768933705324e+17 2.5096317540233987e+17 2.2376482533297414e+17 2.0730304444947344e+17 1.96290793578269e+17 1.7975141649050502e+17 1.6873354246643117e+17 1.5224209439877885e+17 1.4124676621053386e+17 1.3572183260735422e+17 1.3014988652056139e+17 1.2449204897459558e+17 1.1868611612340954e+17 1.126318144767499e+17 9.897490512469024e+16 9.043302779524952e+16 7.867351968766394e+16
3810.0005337692596 6.022230525005574e+17 5.554195666891869e+17 5.0731468196428243e+17 4.579150199566984e+17 4.0723804625602944e+17 3.553155351102067e+17 3.022111711529236e+17 2.7526057000748573e+17 2.480981753801023e+17 2.2080623972230858e+17 2.0442494249448093e+17 1.9352703819799645e+17 1.772517599121591e+17 1.6646963866386845e+17 1.5040826183701382e+17 1.3973361681032517e+17 1.3437197247620064e+17 1.2896061794307147e+17 1.234562573870005e+17 1.177914036338381e+17 1.1185935480338838e+17 9.835093867609714e+16 8.979132072716173e+16 7.784472199094002e+16
3830.0005365711995 4.061444204189794e+17 3.74571240331347e+17 3.425631120307267e+17 3.101992812590157e+17 2.7758246943538822e+17 2.448460449158534e+17 2.1216625727219984e+17 1.9591889551943763e+17 1.797789461212835e+17 1.6377858501836704e+17 1.5424994561862253e+17 1.4792164257770186e+17 1.3843991650390123e+17 1.3209342046882389e+17 1.2241964286970058e+17 1.1573192102528602e+17 1.122554110404806e+17 1.0864549290017256e+17 1.0485172198377861e+17 1.0080142029020253e+17 9.638474233297971e+16 8.559546302459464e+16 7.821340895621395e+16 6.726750630721599e+16
3850.0005393731394 5.49020290487004e+17 5.0238948170897555e+17 4.551116848612514e+17 4.073238218690138e+17 3.592026493661481e+17 3.109766321923639e+17 2.6295675816297862e+17 2.3916230359973674e+17 2.1561963485056992e+17 1.9244399697223898e+17 1.7877375039657066e+17 1.697778253776563e+17 1.564760923715302e+17 1.4773338021478134e+17 1.3474880479618053e+17 1.2607616921083075e+17 1.216802808523168e+17 1.1720049189790539e+17 1.1258498654164094e+17 1.0775747002495365e+17 1.0260151484806189e+17 9.039629497971478e+16 8.227666158549437e+16 7.0411847140679656e+16
3870.0005421750793 5.440957022844513e+17 4.963900902141983e+17 4.48331889460806e+17 4.0012100497804064e+17 3.5200604763794784e+17 3.0429188000804563e+17 2.5735331838878566e+17 2.343182479667351e+17 2.1166581686914854e+17 1.8947655623054e+17 1.764179049542918e+17 1.6782518980793254e+17 1.5510111656622666e+17 1.4671166122461645e+17 1.3418511219755293e+17 1.2575846007489384e+17 1.214660492774806e+17 1.1707659217853525e+17 1.1253839612983765e+17 1.077752305364275e+17 1.0267037787235256e+17 9.052510505370891e+16 8.241951292228638e+16 7.059665670115059e+16
3890.0005449770197 5.491700894574142e+17 5.1005024051865395e+17 4.694750503616525e+17 4.274022419047263e+17 3.838047568254714e+17 3.386791543576907e+17 2.920607553832868e+17 2.6822110273612934e+17 2.4405874295652403e+17 2.196136123048711e+17 2.048342527585497e+17 1.9494337173103475e+17 1.8005805127450816e+17 1.701000748541768e+17 1.550740320049991e+17 1.449234026238992e+17 1.3976498887145397e+17 1.3451364489385738e+17 1.2912303754174886e+17 1.235225317707173e+17 1.1760181754078789e+17 1.0393313841530334e+17 9.517123227157798e+16 8.285812635177242e+16
3910.0005477789596 6.398544026256742e+17 5.89715418091884e+17 5.386769308754908e+17 4.8678902089365203e+17 4.3409224875650234e+17 3.805977747691674e+17 3.262678001682766e+17 2.987672310663423e+17 2.7103804661859597e+17 2.43100015224273e+17 2.2626047836033056e+17 2.150151968214411e+17 1.9813823326158768e+17 1.8688875862217773e+17 1.699987653813252e+17 1.5866203636253126e+17 1.529269828694073e+17 1.4710778168023862e+17 1.4115490267794616e+17 1.3499289438090987e+17 1.2850460569905038e+17 1.1363629748301398e+17 1.0418901082614733e+17 9.09861742782907e+16
3930.0005505808995 3.546070453807388e+17 3.2733535800165946e+17 3.0018893542600083e+17 2.7322538873405037e+17 2.4649390490508125e+17 2.20024468631291e+17 1.9381085201800346e+17 1.8077993030111722e+17 1.677713442730365e+17 1.5473592412018163e+17 1.46860457276933e+17 1.4156261526628544e+17 1.3348966915186184e+17 1.2797036429433595e+17 1.1932678039483467e+17 1.1315594152140306e+17 1.098780774084901e+17 1.0642220661188698e+17 1.0273338868701283e+17 9.87328778739958e+16 9.430167328676605e+16 8.321525331421552e+16 7.54574213059192e+16 6.3749994641025e+16
3950.0005533828294 5.940297289797861e+17 5.46791450116235e+17 4.9899546086263834e+17 4.5071259931542784e+17 4.020113698881588e+17 3.529536375707458e+17 3.036066680908635e+17 2.788610194219475e+17 2.5410685351829283e+17 2.293962716139784e+17 2.1461818759587213e+17 2.047934394092412e+17 1.900940820519858e+17 1.803023979944405e+17 1.6553434378131e+17 1.5550306487049786e+17 1.5036607501924154e+17 1.4509722282809728e+17 1.3963796929315941e+17 1.339031327377973e+17 1.277634592733342e+17 1.1325544014348509e+17 1.0366824041117035e+17 8.969665339325923e+16
3970.0005561847693 4.054901857079233e+17 3.76595788699018e+17 3.4719597535110605e+17 3.1732682514603616e+17 2.8703283162842883e+17 2.5636546199817075e+17 2.253788267705073e+17 2.0977968551488173e+17 1.9410979303316768e+17 1.7835040446248022e+17 1.6882721614864666e+17 1.6243205166873827e+17 1.5272426943259005e+17 1.4612817181783376e+17 1.3589678096060838e+17 1.2868600487625986e+17 1.2489184310906322e+17 1.2091982043345899e+17 1.167119129036318e+17 1.12184511387204e+17 1.0721071284779512e+17 9.492136845893584e+16 8.64009842914792e+16 7.353639205867222e+16
3990.000558986709 7.484942355725059e+17 6.93129257049784e+17 6.363204429600389e+17 5.780324415528388e+17 5.181926886959188e+17 4.56654557223857e+17 3.9315046201709645e+17 3.605396200916672e+17 3.27285734074157e+17 2.933590434386219e+17 2.726895564336711e+17 2.5879258269842067e+17 2.378010288006255e+17 2.2373099219591072e+17 2.025365682027002e+17 1.883183464426381e+17 1.8114999035569446e+17 1.7390652081561885e+17 1.6653950885955136e+17 1.5897136577119846e+17 1.5107743106684464e+17 1.333198351583769e+17 1.2229043559398237e+17 1.0718510010305211e+17
4010.0005617886495 7.951451338002422e+17 7.362194118063592e+17 6.758890205362149e+17 6.14115868554209e+17 5.508112276763566e+17 4.8578568228982637e+17 4.186767857589595e+17 3.841639877198066e+17 3.4889285963499814e+17 3.127800861272445e+17 2.9069077520524845e+17 2.7579318181811306e+17 2.532113792894025e+17 2.380205987683011e+17 2.150664440059143e+17 1.9964440186934746e+17 1.9187492473505363e+17 1.8403723373415603e+17 1.7608844097730122e+17 1.6795655878928512e+17 1.5952187723605328e+17 1.4076888022488634e+17 1.2930617092211576e+17 1.1389562648293296e+17
4030.0005645905894 7.958124673506921e+17 7.365959277494337e+17 6.759787762774019e+17 6.139285645274291e+17 5.5036761302549696e+17 4.851267790576227e+17 4.1788102971176755e+17 3.8334842178049766e+17 3.481045516050048e+17 3.1207921567035315e+17 2.9007646875100346e+17 2.7525190244762467e+17 2.5280248250372528e+17 2.3771395259774733e+17 2.1492899714152454e+17 1.996249086462689e+17 1.9191402764895408e+17 1.841336292901088e+17 1.7623992385976048e+17 1.681598810814673e+17 1.5977234999781184e+17 1.4108710330456997e+17 1.2962910021793957e+17 1.1418251775295403e+17
4050.0005673925293 7.758947327654204e+17 7.185923376010853e+17 6.599535618238662e+17 5.999392042480429e+17 5.384623631473133e+17 4.7534400783782906e+17 4.1025431755765754e+17 3.768160628849221e+17 3.426854088570861e+17 3.078047954136688e+17 2.8651111603900848e+17 2.7217076980743434e+17 2.5046563643680214e+17 2.3588333948841037e+17 2.1386090811729174e+17 1.9905204473935805e+17 1.915785242400512e+17 1.8402478666677053e+17 1.7634367293089802e+17 1.68458478485703e+17 1.6024404948274934e+17 1.4181524519425746e+17 1.304063726240785e+17 1.1484460911412192e+17
4070.000570194459 7.630552573005117e+17 7.066796424286687e+17 6.489658235733821e+17 5.898867206749304e+17 5.293754182780344e+17 4.672865754066737e+17 4.033461912798644e+17 3.70554032705978e+17 3.3713589708573037e+17 3.030490521953051e+17 2.8227545051469424e+17 2.6830028254245997e+17 2.4716800623848435e+17 2.3298046819269027e+17 2.1155661585855894e+17 1.9713851755414368e+17 1.8985334281972202e+17 1.82480709453185e+17 1.749713094953251e+17 1.672461511696007e+17 1.5917771466010317e+17 1.409875346374768e+17 1.2966075875561326e+17 1.1412200588303728e+17
4090.000572996399 8.278338539330426e+17 7.720085258070885e+17 7.140012835006737e+17 6.536385039114886e+17 5.906796619479752e+17 5.2477129581431366e+17 4.553755949854407e+17 4.191346425692181e+17 3.8171096626209645e+17 3.4299222188741203e+17 3.191094489999895e+17 3.0291749688005446e+17 2.7824578072962643e+17 2.6156616765310342e+17 2.3625130978489002e+17 2.1918811576379293e+17 2.105839581975665e+17 2.0190493968812874e+17 1.9310941195571123e+17 1.8412483473044426e+17 1.748274930469355e+17 1.5426603170075318e+17 1.4178430790899824e+17 1.250985590835334e+17
4110.000575798339 7.812882266164571e+17 7.338615019470202e+17 6.839135214722783e+17 6.311379976309137e+17 5.7513858802909824e+17 5.1538148472263194e+17 4.5113064916101485e+17 4.17020419830019e+17 3.813984651207895e+17 3.441266548958949e+17 3.209308109453681e+17 3.051175007005497e+17 2.8088977418492432e+17 2.6442011560484266e+17 2.3928435684176717e+17 2.2224553673289914e+17 2.1362389971982614e+17 2.0490714316589696e+17 1.9605327421149782e+17 1.869893302086171e+17 1.7759076654882298e+17 1.5674926891686765e+17 1.4406534998835496e+17 1.2706229931257173e+17
4130.000578600279 8.353151847255444e+17 7.757537176479747e+17 7.144204349214304e+17 6.512204684683342e+17 5.860026276627809e+17 5.1850545116000704e+17 4.482916200440467e+17 4.119695636698573e+17 3.747137127586718e+17 3.364470631600057e+17 3.129923718188259e+17 2.971588966988463e+17 2.7314335157716614e+17 2.5698279869511574e+17 2.3256194443520816e+17 2.161535969682374e+17 2.0788516408783434e+17 1.9954084892258272e+17 1.9107266804367466e+17 1.8240070705032704e+17 1.7339263088365565e+17 1.5328534292925744e+17 1.4089689877484742e+17 1.2401224623949562e+17
4150.000581402219 8.470825845727054e+17 7.860518001603858e+17 7.23278297887617e+17 6.58673542708461e+17 5.920912097175151e+17 5.232811798567317e+17 4.5182713453576614e+17 4.149258180526579e+17 3.771319172595547e+17 3.3838605696227725e+17 3.146821261875649e+17 2.987023963536791e+17 2.7450289332827446e+17 2.5824662948734176e+17 2.3372790837339987e+17 2.1728700586887386e+17 2.090121842841727e+17 2.0066770676700947e+17 1.9220492653823114e+17 1.835427276778322e+17 1.7454667142867914e+17 1.5444930495771773e+17 1.4202487371864672e+17 1.2497086276620389e+17
4170.000584204159 8.523621238023818e+17 7.913177723580515e+17 7.2856166196835e+17 6.639976118962862e+17 5.97467250895455e+17 5.28696432308206e+17 4.5722870286611526e+17 4.2028049375122925e+17 3.8239676511939744e+17 3.4350005591754906e+17 3.196662675342616e+17 3.0357934801684224e+17 2.7918179897919315e+17 2.6276429818480858e+17 2.3795162934467456e+17 2.2127464093743066e+17 2.1286824259058595e+17 2.0438228372004202e+17 1.9576717625966877e+17 1.8694025803343094e+17 1.777643468581613e+17 1.5723612193924227e+17 1.4452699401446794e+17 1.2706097689225538e+17
4190.000587006089 8.21061845621747e+17 7.618700679930106e+17 7.01137467204885e+17 6.387994735167697e+17 5.747391943209163e+17 5.087437953580154e+17 4.404510585405248e+17 4.052802961997691e+17 3.693266901225197e+17 3.325312409944823e+17 3.1004426672925165e+17 2.948897362910032e+17 2.7193493697393795e+17 2.564996289784427e+17 2.3316261330044032e+17 2.1744494003791386e+17 2.0950213016332973e+17 2.0146470375711338e+17 1.932798692832237e+17 1.8486214262393165e+17 1.7607204519175462e+17 1.5623699300725066e+17 1.438282169047204e+17 1.2662203932860837e+17
4210.000589808029 8.279789465560567e+17 7.690014081049937e+17 7.085139538411209e+17 6.464471545585775e+17 5.826688624852236e+17 5.169343966491228e+17 4.48814410640341e+17 4.136573058878261e+17 3.776319152587829e+17 3.406351422902695e+17 3.17940235230576e+17 3.026010454647423e+17 2.7928738746316864e+17 2.6355139808720048e+17 2.3966326122703885e+17 2.23512087592455e+17 2.1533441058857475e+17 2.070513389338564e+17 1.9861114854517974e+17 1.8992909959092774e+17 1.8086573880267517e+17 1.604535136692539e+17 1.4774259579647754e+17 1.3026061162433304e+17
4230.000592609969 7.915558918782761e+17 7.361421243791581e+17 6.793704627801626e+17 6.211659328711644e+17 5.613912856068023e+17 4.997923992442418e+17 4.359237809581927e+17 4.0292796251180064e+17 3.690794545527655e+17 3.342622126272169e+17 3.12866096458139e+17 2.983829286582374e+17 2.7632690695935818e+17 2.6140158974918003e+17 2.3866373235505315e+17 2.232167472362094e+17 2.1536673154255286e+17 2.0739245882019427e+17 1.9924051455766256e+17 1.9082498556196653e+17 1.820062522930942e+17 1.620283285455908e+17 1.4952847625147987e+17 1.3231265386384482e+17
4250.000595411909 8.121242293263941e+17 7.540779938557574e+17 6.946569265156047e+17 6.338205310196296e+17 5.714841719711133e+17 5.074704624469404e+17 4.41451587769414e+17 4.0753369332514016e+17 3.7290410282286496e+17 3.374824008055935e+17 3.158241555288645e+17 3.012128253084055e+17 2.7903759176240445e+17 2.640811290875283e+17 2.4136148364049094e+17 2.2595957176557834e+17 2.1813786680803203e+17 2.1019345468894336e+17 2.020709514408968e+17 1.9368239915573702e+17 1.848858272749999e+17 1.649210422545052e+17 1.5239076390035846e+17 1.3507486270545091e+17
4270.000598213849 7.745308777508458e+17 7.18597969949408e+17 6.615173580020032e+17 6.032877167503132e+17 5.438710820166381e+17 4.831650592488864e+17 4.209609642591536e+17 3.89195144724378e+17 3.569190998371854e+17 3.240827563103385e+17 3.040955897056095e+17 2.9064792977606694e+17 2.702848659078483e+17 2.565708325256219e+17 2.3573356834667885e+17 2.2156791682036208e+17 2.143479602048776e+17 2.069887442552478e+17 1.994305477163392e+17 1.915812407162171e+17 1.8329489774100272e+17 1.6424183922375786e+17 1.520841395469578e+17 1.350105299041611e+17
4290.0006010157895 7.112370982686139e+17 6.597647301833537e+17 6.075140728135881e+17 5.5449301238709184e+17 5.0067051481230944e+17 4.45943029274547e+17 3.9008500001496826e+17 3.6161731812640736e+17 3.32708496996189e+17 3.032883774179447e+17 2.853601269502344e+17 2.732820266297493e+17 2.5495660678901517e+17 2.425804866362917e+17 2.2369791054439542e+17 2.107847569522927e+17 2.0417117608911613e+17 1.9740290454940394e+17 1.9041873656995472e+17 1.831252778593183e+17 1.7537569737437e+17 1.5733710149843805e+17 1.4565577971431994e+17 1.290282606433425e+17
4310.00060381772 6.005995670277272e+17 5.569517419140151e+17 5.130666597644516e+17 4.6899916777051354e+17 4.2477399929957894e+17 3.80350734971279e+17 3.355710225459488e+17 3.129463962336178e+17 2.9007667465810944e+17 2.6686226757863683e+17 2.527105832738234e+17 2.4315704737469712e+17 2.2860020593988614e+17 2.1870150085066326e+17 2.034318447632665e+17 1.928235819107703e+17 1.8732228926264525e+17 1.816362166472833e+17 1.757026319182796e+17 1.6942769828569962e+17 1.6266537580911155e+17 1.4651420897663952e+17 1.3573505432373366e+17 1.1998256551190838e+17
4330.000606619659 8.210493432435379e+17 7.683354161856922e+17 7.134521255284329e+17 6.562221596812145e+17 5.96407448370846e+17 5.336754139796482e+17 4.675487444779968e+17 4.3301541947556966e+17 3.973803498566443e+17 3.6055820659423834e+17 3.3787238770385184e+17 3.225008647895921e+17 2.990792666541205e+17 2.832270905760874e+17 2.590795271905961e+17 2.4267583679633686e+17 2.3433839056387018e+17 2.2586690148188682e+17 2.172034282180315e+17 2.082554732695518e+17 1.9887343721357008e+17 1.7759540155785123e+17 1.6425354792875462e+17 1.457959491235622e+17
4350.0006094216 7.794552105335521e+17 7.320676025874428e+17 6.823047966313481e+17 6.299192557076988e+17 5.746106114077339e+17 5.160104562429271e+17 4.536734734174006e+17 4.209529887041375e+17 3.871301520344351e+17 3.5218211790677677e+17 3.3068223362698874e+17 3.1613661885328934e+17 2.9401353645455405e+17 2.790653180078532e+17 2.563099430779587e+17 2.4083033432747277e+17 2.3294257706104522e+17 2.2490629688129046e+17 2.1665876841167683e+17 2.081030228196962e+17 1.9908578655123446e+17 1.784406241748127e+17 1.653508298668738e+17 1.4706366186894122e+17
4370.000612223539 8.792350778680047e+17 8.188833548129833e+17 7.566870573713356e+17 6.92553348517299e+17 6.263346523306824e+17 5.5778633832309856e+17 4.865151606250716e+17 4.496864593869204e+17 4.1195582720112736e+17 3.7325328549628435e+17 3.4954980116261235e+17 3.335484411265002e+17 3.092576585656235e+17 2.928767664025553e+17 2.6800943292782266e+17 2.5116913462532096e+17 2.42623626999065e+17 2.3394883836668947e+17 2.2508465638306333e+17 2.159356882174248e+17 2.063483582105332e+17 1.8461986926817568e+17 1.7100316346763872e+17 1.5216495425226413e+17
4390.000615025479 8.201324517586566e+17 7.628013894270339e+17 7.040796556118017e+17 6.439176838413358e+17 5.822259412390214e+17 5.18839077684301e+17 4.53476415382916e+17 4.199296387144436e+17 3.857278966908143e+17 3.5081739190981984e+17 3.295145208167273e+17 3.1516062022509856e+17 2.933951446561881e+17 2.7871765964105354e+17 2.5638929365748982e+17 2.4119206320136566e+17 2.3344077511005744e+17 2.2553602058562768e+17 2.1741339542928438e+17 2.0897350398118045e+17 2.000590746899483e+17 1.7954578652395174e+17 1.664414538028493e+17 1.4798120264800563e+17
4410.00061782742 8.701460840483236e+17 8.113301259329321e+17 7.507422608234515e+17 6.882547034993078e+17 6.236598760687813e+17 5.566368403415374e+17 4.86694489971292e+17 4.504239785662923e+17 4.131668212775156e+17 3.748501493763765e+17 3.513391869552537e+17 3.354522222182384e+17 3.113153521637119e+17 2.9502703857081536e+17 2.7028157169757613e+17 2.5350298938887686e+17 2.4497763359107536e+17 2.3631222371275514e+17 2.274428481566991e+17 2.1826939823517744e+17 2.086324495380355e+17 1.8669141359830973e+17 1.7286655173396576e+17 1.5364267201203488e+17
4430.000620629359 9.132277877325413e+17 8.537105726818918e+17 7.921876770445448e+17 7.284554496213025e+17 6.622214514102705e+17 5.930215841203268e+17 5.201456728035095e+17 4.8202028122736486e+17 4.42570806109154e+17 4.016503806523558e+17 3.763460014241369e+17 3.5915720422408826e+17 3.329006146755148e+17 3.150881525473756e+17 2.879042777345704e+17 2.6942035002285872e+17 2.600270764875128e+17 2.5048836905467197e+17 2.4074380838739206e+17 2.3069584428090442e+17 2.201857848560658e+17 1.964933948925332e+17 1.817806673762331e+17 1.6164390376998502e+17
4450.00062343129 9.037874413077934e+17 8.451351658143668e+17 7.845720667984525e+17 7.219078537843425e+17 6.568507922738327e+17 5.889351344095178e+17 5.174221611959623e+17 4.799863114155234e+17 4.412062525292963e+17 4.009019555703743e+17 3.759218321330799e+17 3.589227174670771e+17 3.3290204070028614e+17 3.1521015606792864e+17 2.8815003936389315e+17 2.6971346240939517e+17 2.6033517065942694e+17 2.508066559815083e+17 2.4106816805504173e+17 2.310225022555816e+17 2.205107365571807e+17 1.967991372991754e+17 1.8206733453222122e+17 1.619095521181995e+17
4470.000626233229 9.410536158471053e+17 8.810225010751356e+17 8.188890573277944e+17 7.54431084414136e+17 6.873049250770491e+17 6.169694636104376e+17 5.4256910571754694e+17 5.034577923280328e+17 4.6280739705724794e+17 4.203976692655205e+17 3.9402248660308506e+17 3.760322741409566e+17 3.484274398545263e+17 3.296132800900566e+17 3.0077688584483654e+17 2.811074237765666e+17 2.7110409002318627e+17 2.609483789220828e+17 2.5058345168264918e+17 2.3991432469950723e+17 2.287831558500067e+17 2.0383935215747462e+17 1.8848786420291034e+17 1.6769573427455747e+17
4490.000629035169 9.530022975846063e+17 8.927118039871383e+17 8.302890472614412e+17 7.654977237003464e+17 6.979788548848436e+17 6.271757055370956e+17 5.522032428824501e+17 5.127541825905195e+17 4.717210458905998e+17 4.288722528752302e+17 4.022016606289569e+17 3.8399905767280614e+17 3.5605020878180474e+17 3.369879366137524e+17 3.077476483729688e+17 2.8778466975527837e+17 2.7762613218790106e+17 2.673090093534847e+17 2.5677563318327277e+17 2.459300278646942e+17 2.3461265765752045e+17 2.0925246254054675e+17 1.9365110434624256e+17 1.725328449206412e+17
4510.000631837109 1.023435829784799e+18 9.597583571471379e+17 8.936573406708485e+17 8.248489736215845e+17 7.52904081572446e+17 6.771431889218789e+17 5.964847309030444e+17 5.538241952370657e+17 5.092616655621024e+17 4.625025806511154e+17 4.332768549944183e+17 4.132780776451215e+17 3.8249571793034426e+17 3.6145835148962797e+17 3.291550617088453e+17 3.0711433279509677e+17 2.959172466782997e+17 2.845671855715581e+17 2.7301022695381133e+17 2.6115296528472845e+17 2.488365318654583e+17 2.215079513792412e+17 2.0493259396886816e+17 1.828489364224216e+17
4530.000634639049 9.462612890230756e+17 8.872106274198527e+17 8.26063424607453e+17 7.62572754851184e+17 6.963684177836037e+17 6.268677072454145e+17 5.531449108149154e+17 5.1427719803140774e+17 4.7377327048943155e+17 4.3137225359691437e+17 4.049134572028352e+17 3.868209694521799e+17 3.589797132172919e+17 3.3994449492698144e+17 3.106679343642301e+17 2.9062596495478566e+17 2.804109470819091e+17 2.7002571720345427e+17 2.5941210980100355e+17 2.4847301762149866e+17 2.370466748845324e+17 2.11402863670416e+17 1.956058989689227e+17 1.7421036235709654e+17
4550.0006374409895 9.742560724898797e+17 9.139190420951703e+17 8.513451349447598e+17 7.862662293876751e+17 7.182795469612908e+17 6.467535783240819e+17 5.706909347322511e+17 5.305076194668622e+17 4.8857584924010285e+17 4.446314713098936e+17 4.171945930501312e+17 3.984316458888147e+17 3.695644797593932e+17 3.4983719618174854e+17 3.195208439677103e+17 2.9878935735221037e+17 2.882312026737665e+17 2.7750346044054794e+17 2.6654718768448163e+17 2.552637934057121e+17 2.4348894453539808e+17 2.1711394014620694e+17 2.0090534959935638e+17 1.7898485933393398e+17
4570.000640242919 1.0276967796043329e+18 9.644859297900787e+17 8.988429722247365e+17 8.304750799786971e+17 7.589409059602148e+17 6.835486100989578e+17 6.032032332657303e+17 5.6067301724752026e+17 5.162214272599906e+17 4.6954708571947706e+17 4.403565939518665e+17 4.203724153070611e+17 3.8959422821307494e+17 3.6854304811361574e+17 3.3618080909128e+17 3.140618109560012e+17 3.02808604600249e+17 2.9138763263652646e+17 2.7974148257409325e+17 2.677721941624056e+17 2.553144000383989e+17 2.2756513574669494e+17 2.106456852595294e+17 1.879570201126088e+17
4590.000643044859 9.825350126508179e+17 9.223086080825528e+17 8.598449468321777e+17 7.948713094191072e+17 7.269766464700634e+17 6.555253988339756e+17 5.795118992176412e+17 5.393367772738779e+17 4.9739454873599584e+17 4.534042578672645e+17 4.2591143457633606e+17 4.07093572112562e+17 3.781074776303645e+17 3.582693656373252e+17 3.2772507277014765e+17 3.067912154785587e+17 2.961141719141879e+17 2.852544148881075e+17 2.7415134389271446e+17 2.6270408343649814e+17 2.507443439758771e+17 2.239034953997571e+17 2.073768287162278e+17 1.8500796354668045e+17
4610.000645846799 1.0060477681568292e+18 9.448654628386093e+17 8.813435804033902e+17 8.151837409437381e+17 7.45949663270053e+17 6.729539042148974e+17 5.951279500053646e+17 5.539193740315141e+17 5.108425345912506e+17 4.656051552317733e+17 4.373077332944756e+17 4.179304153798239e+17 3.880745293950084e+17 3.6764002295285914e+17 3.361885140438619e+17 3.1465069647478317e+17 3.036746946621635e+17 2.925189507260428e+17 2.811238029302588e+17 2.6938875051077056e+17 2.571460510836965e+17 2.2975663109283734e+17 2.12967349513384e+17 1.903426576966528e+17
4630.000648648739 9.984045149643117e+17 9.379125427201558e+17 8.750959470792334e+17 8.096541976562621e+17 7.411520958868264e+17 6.689062058243345e+17 5.918632137867921e+17 5.510706631422814e+17 5.0843770640503136e+17 4.6368788504867936e+17 4.3571245727685843e+17 4.165655499913396e+17 3.8708257184290765e+17 3.669167761552635e+17 3.3589591704428077e+17 3.1465730747628826e+17 3.038310236382611e+17 2.928226306510003e+17 2.8157000058067658e+17 2.6996999330364352e+17 2.578517844501744e+17 2.3066114254467027e+17 2.139205185781318e+17 1.912344282138687e+17
4650.0006514506795 1.0082103731813372e+18 9.474608048369153e+17 8.843412623610764e+17 8.185353165521316e+17 7.495892308919592e+17 6.768061347202513e+17 5.990993460477052e+17 5.579130208193406e+17 5.148338721841675e+17 4.6957581563437754e+17 4.412592631607799e+17 4.218682031651559e+17 3.9199161767412794e+17 3.715443390042568e+17 3.400726582934618e+17 3.1851687685922944e+17 3.0752788245520774e+17 2.963546524580621e+17 2.8493515652031222e+17 2.7316626459564397e+17 2.6087634020401072e+17 2.3332498285528304e+17 2.163849623314156e+17 1.934627645605576e+17
4670.000654252619 1.0326421830980646e+18 9.705949379120333e+17 9.060835828051805e+17 8.387996283958524e+17 7.682654391213363e+17 6.937575254045766e+17 6.141436624104109e+17 5.7191542698904966e+17 5.277229581895e+17 4.812676763545106e+17 4.5219097132140346e+17 4.3227595089487936e+17 4.0159063094837626e+17 3.805919863800099e+17 3.4828379297201146e+17 3.261699824613696e+17 3.149032750716691e+17 3.034533949911049e+17 2.917578071007058e+17 2.797121703254354e+17 2.6714244685497878e+17 2.390003453295407e+17 2.217194154313944e+17 1.9833945931782582e+17
4690.000657054549 1.0184037913684911e+18 9.57840111793403e+17 8.948304555528795e+17 8.290448052521016e+17 7.600114301716815e+17 6.870086399586191e+17 6.089294812496315e+17 5.6749323925186534e+17 5.241201521659215e+17 4.7852255681112474e+17 4.4998072800127514e+17 4.304300017500615e+17 4.00299781950202e+17 3.7967289545364064e+17 3.4791200168033e+17 3.261441925471354e+17 3.150408410822757e+17 3.037456991179276e+17 2.921946964287389e+17 2.8028169112298128e+17 2.678308534883914e+17 2.3987316743009062e+17 2.2264056181565146e+17 1.992308682036559e+17
4710.000659856489 9.847285522935726e+17 9.270248230059716e+17 8.669619869173864e+17 8.042203035808343e+17 7.383359918867708e+17 6.686015951728701e+17 5.939463398359238e+17 5.5430052627347514e+17 5.1278531131706854e+17 4.6912593412272877e+17 4.4178977849173216e+17 4.2306018707271904e+17 3.941838658430567e+17 3.7440187351122234e+17 3.4390294226169946e+17 3.229542064946076e+17 3.122469986766952e+17 3.013355388263617e+17 2.901528394779084e+17 2.7859019829322902e+17 2.6646952598051712e+17 2.391026082984507e+17 2.2212013582688506e+17 1.9890441554637126e+17
4730.000662658429 1.0305649721556529e+18 9.695861467184745e+17 9.061387158369088e+17 8.398987305706368e+17 7.703770060376627e+17 6.968371458227786e+17 6.181481610629221e+17 5.763672061228876e+17 5.326152650985959e+17 4.865979323470865e+17 4.5778377214465056e+17 4.3804271922377664e+17 4.0761450203096826e+17 3.8678042824901594e+17 3.546958455922814e+17 3.327013665494356e+17 3.2147989308238656e+17 3.1006217425474176e+17 2.98382723587746e+17 2.863333433978084e+17 2.7373537497896496e+17 2.454324672297627e+17 2.2798160411766288e+17 2.0427834787775216e+17
4750.0006654603685 1.042355749160717e+18 9.813464152754472e+17 9.178200514046042e+17 8.514514171109175e+17 7.817336739286843e+17 7.07902299427881e+17 6.287757921458271e+17 5.866952637736753e+17 5.425671528105374e+17 4.9607208355694656e+17 4.6690902435719123e+17 4.469043514761281e+17 4.1602777738025805e+17 3.948568378516188e+17 3.6220759862184525e+17 3.397984900275895e+17 3.283593313742876e+17 3.167175124241051e+17 3.04807936303993e+17 2.925224071440549e+17 2.796819702029743e+17 2.5087409343729526e+17 2.3316771875675024e+17 2.0924326422556525e+17
4770.000668262309 1.043732068722202e+18 9.830496232989559e+17 9.198553381853394e+17 8.538048365620805e+17 7.843818990812116e+17 7.108117792368493e+17 6.31882453590693e+17 5.898651663717669e+17 5.457657416920011e+17 4.9925611677410406e+17 4.700573069558221e+17 4.500169522644814e+17 4.190644208978601e+17 3.978268412363305e+17 3.6505030715170176e+17 3.4253620984607763e+17 3.3103776904766586e+17 3.193316858930047e+17 3.0735214245493056e+17 2.949900891510723e+17 2.8206497027803344e+17 2.530512518750115e+17 2.3521133574363632e+17 2.111102654941838e+17
4790.000671064249 1.0421620830689677e+18 9.818633922295241e+17 9.190269203783999e+17 8.533096781868436e+17 7.841896950971962e+17 7.108897460248566e+17 6.321969431662678e+17 5.902876291699089e+17 5.4629727743781485e+17 4.999045484207172e+17 4.7078623356198464e+17 4.5080466984524026e+17 4.199548972190951e+17 3.987961900686003e+17 3.661562387687234e+17 3.437437437189422e+17 3.322979370942817e+17 3.2064456880187206e+17 3.087166881492699e+17 2.9640382739338323e+17 2.8352388805490832e+17 2.5457935189959328e+17 2.367505311833979e+17 2.126009924384251e+17
4810.00067386618 1.0400653977664008e+18 9.799156733130323e+17 9.17223619807667e+17 8.516378497282583e+17 7.826482214508294e+17 7.094885093286225e+17 6.3099036587686e+17 5.892262237374522e+17 5.454366016392771e+17 4.993278170103068e+17 4.704319805190532e+17 4.506252166595671e+17 4.200785860297413e+17 3.991506140996218e+17 3.668917754801049e+17 3.44747086603342e+17 3.334350804547475e+17 3.219126486087882e+17 3.101107909583546e+17 2.979165783810918e+17 2.851453837661255e+17 2.5637092074804115e+17 2.385771614906488e+17 2.1435275766698234e+17
4830.000676668119 1.0491594654673473e+18 9.895780659418036e+17 9.27283812060099e+17 8.619071400394633e+17 7.929087623398428e+17 7.194866827156684e+17 6.404171469649297e+17 5.982259566684452e+17 5.538945461072013e+17 5.0711101508456557e+17 4.7773969035875565e+17 4.575846478900776e+17 4.264704216562862e+17 4.0513636513590426e+17 3.722379358847226e+17 3.496563769533897e+17 3.3812550824557165e+17 3.263855849409666e+17 3.143676109607283e+17 3.019585895764755e+17 2.889730915558594e+17 2.5976495131899856e+17 2.4174667029558416e+17 2.1727954361585766e+17
4850.000679470059 9.889172485269541e+17 9.370450651106291e+17 8.821495838535672e+17 8.237803704109458e+17 7.613252093372083e+17 6.939353069313504e+17 6.204065044317585e+17 5.808349204434076e+17 5.3905622285904365e+17 4.9479303533984845e+17 4.669332487089825e+17 4.4778787538651725e+17 4.181900702951679e+17 3.9786267085598496e+17 3.664467731114225e+17 3.448133840880275e+17 3.337371209458486e+17 3.2243469702649434e+17 3.1083446955800506e+17 2.988210867904693e+17 2.8620693517788653e+17 2.5765528979256826e+17 2.398984862117687e+17 2.1558110452182266e+17
4870.000682272 8.756507266925064e+17 8.342967344324268e+17 7.901172371479584e+17 7.426429781477583e+17 6.912366713847561e+17 6.35044686679216e+17 5.728828695807426e+17 5.3907431666130176e+17 5.031188389984661e+17 4.647387439906962e+17 4.4042557939485843e+17 4.23643207540064e+17 3.975640881992382e+17 3.795446268241737e+17 3.5147950671337216e+17 3.319619824586519e+17 3.2189523521499546e+17 3.1156455699890285e+17 3.0089498186023296e+17 2.8976924946897043e+17 2.7799982645715056e+17 2.510157002407394e+17 2.339833617368242e+17 2.1034088241452387e+17
4890.000685073939 1.0139990100208122e+18 9.575794551941907e+17 8.985740103942779e+17 8.366064633077268e+17 7.711624280495263e+17 7.014548280252886e+17 6.263186446423928e+17 5.861967138909966e+17 5.440178003314504e+17 4.994757218403527e+17 4.7148877533101914e+17 4.5226978967041875e+17 4.225668097513681e+17 4.0216760582705197e+17 3.706333585098983e+17 3.4890998760835386e+17 3.3778478942094496e+17 3.26430865530364e+17 3.147762728353118e+17 3.027052795747772e+17 2.900294720540756e+17 2.6133859277433283e+17 2.435062897460157e+17 2.1912536197262074e+17
4910.0006878758795 1.0171869476657797e+18 9.600192575400993e+17 9.003922238289783e+17 8.37972974770108e+17 7.722287357308526e+17 7.023915337417143e+17 6.272866772594333e+17 5.872381232624119e+17 5.451678941831054e+17 5.0076497833346323e+17 4.72874381305727e+17 4.537242462965987e+17 4.24130285821011e+17 4.0380656676615014e+17 3.72385050805244e+17 3.507327878641631e+17 3.396403662339968e+17 3.283159442434142e+17 3.166867319556152e+17 3.046351710501112e+17 2.9197072992083046e+17 2.632611771256901e+17 2.453769892335909e+17 2.208618542243488e+17
4930.000690677819 1.0014538364760997e+18 9.454427585864545e+17 8.870319890419805e+17 8.258707238962774e+17 7.614543753585693e+17 6.930187470800765e+17 6.194082585569244e+17 5.801522028544878e+17 5.389094148503717e+17 4.9537956673605786e+17 4.680364353058397e+17 4.492614039532645e+17 4.2024384880413466e+17 4.003112845439411e+17 3.6947823960865235e+17 3.482114800866918e+17 3.3730685379641805e+17 3.261658016160148e+17 3.147144270149009e+17 3.028347246245013e+17 2.9033588647490323e+17 2.6193832386799542e+17 2.4419639961213632e+17 2.1978611116520614e+17
4950.000693479749 1.0338900544492618e+18 9.766351276372049e+17 9.16867322558851e+17 8.542085092342742e+17 7.88118976351021e+17 7.177678552732285e+17 6.418939148962129e+17 6.013237607371302e+17 5.5860704374655974e+17 5.133995857834536e+17 4.849345688298999e+17 4.653567135057936e+17 4.350484655512933e+17 4.1419742333882003e+17 3.819092230300432e+17 3.5963375609636384e+17 3.48218604186539e+17 3.36565185184384e+17 3.246016315754619e+17 3.122110449001876e+17 2.99202717148561e+17 2.69789769921055e+17 2.5154841406965488e+17 2.2667657956546787e+17
4970.000696281689 1.0509371859962436e+18 9.924196299284835e+17 9.313402111849779e+17 8.673290532932997e+17 7.998324797561068e+17 7.280215005569516e+17 6.506407945790056e+17 6.093076985744923e+17 5.658313664063019e+17 5.198835977119759e+17 4.909917632565383e+17 4.7114157922997357e+17 4.404485965552211e+17 4.1935917233769286e+17 3.8674354988026963e+17 3.6426671507020576e+17 3.527537263596169e+17 3.41002885015865e+17 3.2894026512903725e+17 3.164464175353608e+17 3.0332708727651066e+17 2.736365855736428e+17 2.5518277815492512e+17 2.299257047196186e+17
4990.000699083629 9.908860247110857e+17 9.360686791090812e+17 8.789228402789952e+17 8.190967121234545e+17 7.560789506357537e+17 6.891156603242842e+17 6.170488930638656e+17 5.78599846020085e+17 5.381912504432126e+17 4.95523141077797e+17 4.68712016260057e+17 4.502957201895015e+17 4.218182349013059e+17 4.0224098180623386e+17 3.7192105769406566e+17 3.509691465957626e+17 3.4020921588111725e+17 3.2920150001020454e+17 3.178695935911235e+17 3.060922575894355e+17 2.936741502153166e+17 2.6533881643024144e+17 2.4753521139452842e+17 2.2289983454022624e+17
5010.0007018855695 9.594788232791645e+17 9.065812992381471e+17 8.514668909462874e+17 7.937932535585752e+17 7.330819170152099e+17 6.686030512295685e+17 5.992850152752846e+17 5.6233929156707635e+17 5.2354611106636506e+17 4.826214186275234e+17 4.5692263488849126e+17 4.3927581223841466e+17 4.119916157989893e+17 3.9323244328429126e+17 3.641612911828269e+17 3.440450745266503e+17 3.336999231487381e+17 3.231030275890964e+17 3.121763153262097e+17 3.0079745094316595e+17 2.887704591851214e+17 2.611961488602242e+17 2.4376202065055936e+17 2.1948099733826544e+17
5030.000704687509 1.0122242466727191e+18 9.563284553403409e+17 8.980646684160822e+17 8.370563160293526e+17 7.727955661718939e+17 7.044915469726552e+17 6.309698107946985e+17 5.917370800988096e+17 5.50505011254984e+17 5.069662674931551e+17 4.796079483974584e+17 4.6081688941521005e+17 4.317637698086818e+17 4.117949434355188e+17 3.808783579047864e+17 3.595226275508327e+17 3.48558208554252e+17 3.373431137270693e+17 3.257997982550417e+17 3.1380486550775405e+17 3.0115977433395494e+17 2.7231680310746355e+17 2.54199827621113e+17 2.2912657375499136e+17
5050.000707489449 1.0100408888510738e+18 9.549051316330874e+17 8.973506556145171e+17 8.370004524881192e+17 7.733204243026176e+17 7.055095036653202e+17 6.323512239603515e+17 5.932371741746748e+17 5.520642570059746e+17 5.0852119484309914e+17 4.811252602685558e+17 4.622938478340518e+17 4.331594468285403e+17 4.131242439720268e+17 3.820946272452766e+17 3.6065978529413235e+17 3.496565508539597e+17 3.384039239781673e+17 3.268249688811034e+17 3.1479730680728115e+17 3.021237547193913e+17 2.7324654676824714e+17 2.551351286247749e+17 2.300983050972929e+17
5070.000710291379 1.0467566177529213e+18 9.897717820567044e+17 9.302421294885947e+17 8.677547799139442e+17 8.017445944973134e+17 7.31355071173915e+17 6.553033175669349e+17 6.145884745098876e+17 5.716932924626852e+17 5.262890789086518e+17 4.97705448825321e+17 4.780533655372763e+17 4.476444501014203e+17 4.2673483087088736e+17 3.943670002065843e+17 3.720315790887253e+17 3.605778628918389e+17 3.4887535396386797e+17 3.368469456373352e+17 3.243692074989278e+17 3.112423612964553e+17 2.8142625275025475e+17 2.628017473479148e+17 2.3715378356689706e+17
5090.000713093319 1.0177103093796319e+18 9.622594442349889e+17 9.043503762211959e+17 8.436202468333516e+17 7.795132950094516e+17 7.112193622859809e+17 6.375364035168092e+17 5.981490330690839e+17 5.567090823098639e+17 5.1291211095596634e+17 4.853780140277594e+17 4.664631324051692e+17 4.3721897869987424e+17 4.1712280274448595e+17 3.8602074405638125e+17 3.6454716839849946e+17 3.5352507178238906e+17 3.422521731916666e+17 3.306494305896815e+17 3.185913672759521e+17 3.0587672214578886e+17 2.7685262748058493e+17 2.5858976358742787e+17 2.3322442696525536e+17
5110.000715895259 1.0321318874021604e+18 9.761529756487899e+17 9.176515038201277e+17 8.562402515713655e+17 7.913565281524749e+17 7.221572044072009e+17 6.473897693622113e+17 6.073738749289202e+17 5.652359061315062e+17 5.206621822752942e+17 4.926225517193109e+17 4.733542688714656e+17 4.435554257156882e+17 4.230753202980787e+17 3.913816337427783e+17 3.695081719483681e+17 3.582860098050173e+17 3.468135357288493e+17 3.350121344278828e+17 3.22756197879807e+17 3.098440134066435e+17 2.8042169115319254e+17 2.6195325369946883e+17 2.3635827230893997e+17
5130.0007186972 1.0156095479518173e+18 9.605840620772326e+17 9.031100511986106e+17 8.427985214627113e+17 7.791026862408904e+17 7.112184344487748e+17 6.379423103725065e+17 5.987626294831754e+17 5.575420355507503e+17 5.1398449448542835e+17 4.866091749697524e+17 4.678085342452106e+17 4.3875019452712986e+17 4.1878749338121574e+17 3.87895897971024e+17 3.665629568728814e+17 3.5560794889315456e+17 3.4439765956183264e+17 3.328509323840192e+17 3.2083955967610285e+17 3.081589268574761e+17 2.791394112098554e+17 2.6081107151435446e+17 2.3523026337017267e+17
5150.000721499139 9.876852457052013e+17 9.344488400830902e+17 8.788512124237612e+17 8.205464959189774e+17 7.589978698002304e+17 6.934397057702916e+17 6.227248270929729e+17 5.849400444130134e+17 5.452055261725622e+17 5.032450973208266e+17 4.7688535575081446e+17 4.5878548037887936e+17 4.3081128280017696e+17 4.115886198891778e+17 3.818193411215028e+17 3.612310212432249e+17 3.5064400066875136e+17 3.397978127514086e+17 3.2861076805652506e+17 3.16954820919653e+17 3.046261201650332e+17 2.7630931121183222e+17 2.5834424052723843e+17 2.3317101132373917e+17
5170.00072430108 9.149831398715473e+17 8.656695051794323e+17 8.143073251276813e+17 7.606076327062226e+17 7.041101140701916e+17 6.44199028804769e+17 5.799488673237222e+17 5.458136405253004e+17 5.100857812654402e+17 4.725585141181897e+17 4.490946952380084e+17 4.3303167497491686e+17 4.0827310329119904e+17 3.9129613983904576e+17 3.6501890424209434e+17 3.468083349381242e+17 3.374129448746882e+17 3.2775440498132704e+17 3.177471709415706e+17 3.072614654595645e+17 2.960942699609465e+17 2.7009501319613923e+17 2.532978641450336e+17 2.2928994606956634e+17
5190.000727103009 9.22640465626914e+17 8.734745782374936e+17 8.222642017008577e+17 7.686905610988262e+17 7.123245157340536e+17 6.525054578835333e+17 5.883003840797985e+17 5.541529430903306e+17 5.1837920400450835e+17 4.807572853474786e+17 4.572020602044144e+17 4.410583395318742e+17 4.161414504819802e+17 3.9902860992667936e+17 3.7249206798034726e+17 3.540641691085116e+17 3.4454531248447565e+17 3.34752484084719e+17 3.2459938701992704e+17 3.139550838445571e+17 3.0261502130124774e+17 2.7621814798553475e+17 2.5919554477499683e+17 2.349637427637499e+17
5210.000729904949 9.923363072214787e+17 9.399972000454588e+17 8.85284710982326e+17 8.278167696047835e+17 7.670326496200577e+17 7.021122945414413e+17 6.31842392269071e+17 5.941755433820553e+17 5.5447160663452826e+17 5.124272262745665e+17 4.859524188458601e+17 4.6774585776163366e+17 4.395620424844645e+17 4.2016399694745696e+17 3.90073500488401e+17 3.6922856351484045e+17 3.5849911284938426e+17 3.475002061057617e+17 3.3614927869914726e+17 3.2431741321124346e+17 3.1179972538964864e+17 2.8306540845262637e+17 2.648778842451266e+17 2.3948838298307638e+17
5230.000732706889 1.009073536796775e+18 9.559173453069256e+17 9.003324162640653e+17 8.419330262118436e+17 7.801639014727476e+17 7.142101835928534e+17 6.42864197576853e+17 6.046412014388975e+17 5.6436101587382195e+17 5.21716143680905e+17 4.948643499146238e+17 4.763967792296351e+17 4.478042139942633e+17 4.281203199187848e+17 3.975766326276037e+17 3.7641053194160666e+17 3.6551381727729376e+17 3.543418698038184e+17 3.4281110149818464e+17 3.30790783260633e+17 3.1807269610487955e+17 2.888754871614011e+17 2.703923647221003e+17 2.445874234283318e+17
5250.000735508829 1.037583249423734e+18 9.830253766376966e+17 9.259835586227668e+17 8.66042874947284e+17 8.026242114398588e+17 7.348673794276424e+17 6.614964889385078e+17 6.221515220229885e+17 5.806528428099432e+17 5.366754115829315e+17 5.0895887243075936e+17 4.898844088113177e+17 4.6033248188501286e+17 4.399755542671502e+17 4.083701597131159e+17 3.8646341304253414e+17 3.7518632764431034e+17 3.6362720575552384e+17 3.517014207942005e+17 3.392764227419538e+17 3.261406407025288e+17 2.960397537074066e+17 2.7703906555368538e+17 2.506107497149338e+17
5270.000738310769 9.40629677172257e+17 8.91706924409044e+17 8.406490967397871e+17 7.87081462329143e+17 7.30528897630276e+17 6.702626718373332e+17 6.052342026268426e+17 5.7048776317605664e+17 5.339489782756716e+17 4.9535314321847885e+17 4.7109273999334746e+17 4.54419048056341e+17 4.286089326794528e+17 4.1082910884056794e+17 3.831780931227233e+17 3.639311673452955e+17 3.539802401576793e+17 3.437401383820666e+17 3.331236355766639e+17 3.219972836066778e+17 3.1015165452909824e+17 2.826259746522028e+17 2.6492486137151613e+17 2.3981683284142784e+17
5290.000741112709 1.0317717834452965e+18 9.782918322691209e+17 9.223333083659411e+17 8.634704237592301e+17 8.011267364930143e+17 7.344307363471694e+17 6.620947132098853e+17 6.232526466888777e+17 5.822456251204088e+17 5.387422229925342e+17 5.113011813529282e+17 4.924055103311238e+17 4.6311194906571686e+17 4.4291859404682515e+17 4.115429195402747e+17 3.89774298832298e+17 3.785610008112464e+17 3.670619349488103e+17 3.5519182596802694e+17 3.428180654985939e+17 3.297292562287278e+17 2.9971173276421984e+17 2.807510771472699e+17 2.543640641970706e+17
5310.000743914648 1.0575050923204844e+18 1.0031578836288607e+18 9.462192429047369e+17 8.862384653288886e+17 8.226228567873261e+17 7.54427481020503e+17 6.803015262402646e+17 6.404198516564726e+17 5.982499182938047e+17 5.5343510287142464e+17 5.251232675237522e+17 5.056085192007203e+17 4.753279335128364e+17 4.544372197149785e+17 4.219631879604395e+17 3.994347143326693e+17 3.878347814075695e+17 3.75945817558205e+17 3.636823608322962e+17 3.5091161349401734e+17 3.3742095889258426e+17 3.06576370776899e+17 2.8718277865687126e+17 2.603314178600597e+17
5330.000746716579 9.79238089998105e+17 9.291172219242061e+17 8.766782219969151e+17 8.215261710354285e+17 7.6311778979035e+17 7.00661596740301e+17 6.329973538631603e+17 5.967146841436589e+17 5.584611827620128e+17 5.179528992346694e+17 4.924423297212346e+17 4.748924542660976e+17 4.477058116437232e+17 4.28970795875658e+17 3.998391383790251e+17 3.795813916603135e+17 3.6911952274616896e+17 3.5836501495256877e+17 3.472303488744026e+17 3.3558089099626445e+17 3.2320444772959226e+17 2.9457464340878355e+17 2.7627556771750086e+17 2.5046576986992627e+17
5350.000749518518 1.0372369238986625e+18 9.84394975416982e+17 9.290425632384904e+17 8.707393947596394e+17 8.088784352560803e+17 7.425676369820092e+17 6.7048199370495e+17 6.316936393706756e+17 5.906873941659359e+17 5.4711873589794394e+17 5.1960729210759475e+17 5.0065057382490074e+17 4.7124426819864237e+17 4.509614599536124e+17 4.194283297961313e+17 3.975367489195848e+17 3.86254678736917e+17 3.7468100176297594e+17 3.627297056301369e+17 3.502667281276151e+17 3.37079808738693e+17 3.06836571830714e+17 2.8774551985658982e+17 2.6120281743853626e+17
5370.0007523204595 1.0353604789560718e+18 9.829707601953778e+17 9.280686898689356e+17 8.702008490282746e+17 8.087711298674335e+17 7.428622583020751e+17 6.711458959320323e+17 6.325309285198733e+17 5.916858203918765e+17 5.4825810924216896e+17 5.2081811040154944e+17 5.019025297316942e+17 4.7254416252215846e+17 4.522854595836228e+17 4.207751322206123e+17 3.988923171552563e+17 3.8761378048412397e+17 3.760434895158503e+17 3.6409540911289485e+17 3.5163612408680006e+17 3.38453318067175e+17 3.082211834588831e+17 2.8914088166813555e+17 2.626206824783222e+17
5390.000755122399 1.0302930318042893e+18 9.780864678978038e+17 9.233677609302943e+17 8.657278962761958e+17 8.045476037715309e+17 7.389591882094039e+17 6.676370398765338e+17 6.292639947525512e+17 5.887008197319969e+17 5.4561381244020365e+17 5.184095264812364e+17 4.996660820045932e+17 4.705926920436167e+17 4.505392248054061e+17 4.193572962963516e+17 3.977008455276128e+17 3.8653535760638675e+17 3.7507648633874784e+17 3.632373157381249e+17 3.50882327018271e+17 3.377975624839028e+17 3.077259725702052e+17 2.8868275737672166e+17 2.6209886648580813e+17
5410.000757924339 1.0035007980472899e+18 9.530524726968095e+17 9.001638050705818e+17 8.44457091946712e+17 7.853401239693413e+17 7.219733092460303e+17 6.531305882649153e+17 6.16122648619646e+17 5.770321163232543e+17 5.3554567980131117e+17 5.0937022324648083e+17 4.9134143380635795e+17 4.633792214214717e+17 4.440883157393968e+17 4.140696577680174e+17 3.931871271045043e+17 3.824038716874753e+17 3.7132212224194496e+17 3.5985388279127315e+17 3.4786369998853434e+17 3.351378929899012e+17 3.0577335658438355e+17 2.8708248933566384e+17 2.6085402988963408e+17
5430.000760726279 1.0279169438962556e+18 9.760768300574222e+17 9.217372193189883e+17 8.644784840106213e+17 8.036968692270541e+17 7.38508954650296e+17 6.676146552406454e+17 6.294691334327606e+17 5.891434319177089e+17 5.463126383168833e+17 5.1927177184956666e+17 5.006405090825075e+17 4.7173933911698374e+17 4.518020246012377e+17 4.207927962448493e+17 3.9924474191216275e+17 3.881297934153129e+17 3.7671794193317786e+17 3.6492073059431277e+17 3.526019772725216e+17 3.39545349612128e+17 3.094890383710601e+17 2.904079451681784e+17 2.6368173484911104e+17
5450.000763528209 1.0467330611605107e+18 9.946383592132035e+17 9.39985181004337e+17 8.822938983998808e+17 8.20956488435794e+17 7.550243047048444e+17 6.831052324343551e+17 6.442939545322769e+17 6.031675133558092e+17 5.5936638566094125e+17 5.316467424438442e+17 5.125219414400764e+17 4.828152318408071e+17 4.6230022753468243e+17 4.303735403680049e+17 4.0819088981153165e+17 3.967551781680532e+17 3.850218530057693e+17 3.7290410295428243e+17 3.602667482978106e+17 3.4689445279691603e+17 3.1622537564789286e+17 2.9686348609913926e+17 2.6991147669527818e+17
5470.000766330149 1.03552007203293e+18 9.83925689544552e+17 9.298186959278738e+17 8.727287653663407e+17 8.120680723683583e+17 7.469292125006125e+17 6.759757898142445e+17 6.377437043179301e+17 5.97281486013635e+17 5.54255041863766e+17 5.2706243335683475e+17 5.083168709183372e+17 4.792202876056809e+17 4.591373557144566e+17 4.278849976164384e+17 4.061582697125593e+17 3.949487428190416e+17 3.8343813974319e+17 3.715382242332407e+17 3.591122219032184e+17 3.4594332406184544e+17 3.1564589111381376e+17 2.964362275721183e+17 2.6958263943727344e+17
5490.000769132089 1.0346107640840681e+18 9.830504790984861e+17 9.28940250386629e+17 8.718927076134614e+17 8.112708568648302e+17 7.461942833241757e+17 6.753709836278534e+17 6.372487088657317e+17 5.969455899785581e+17 5.541414348865897e+17 5.2712083312154304e+17 5.085066677788086e+17 4.796351528403574e+17 4.5971912872661434e+17 4.287363612657709e+17 4.071938926042697e+17 3.9607462362504346e+17 3.846512964960042e+17 3.7283360539144845e+17 3.6048347462656224e+17 3.47382012825174e+17 3.1717776571350285e+17 2.9796883971615136e+17 2.7101524750504454e+17
5510.000771934028 1.0382302121994661e+18 9.864569826725155e+17 9.321579565353816e+17 8.748913335570395e+17 8.140397897965678e+17 7.487202481596727e+17 6.776319280443668e+17 6.393656231212675e+17 5.98912975547488e+17 5.559481395410418e+17 5.2882577871709485e+17 5.1014195332330886e+17 4.8116405301607174e+17 4.611756258372326e+17 4.3008542723612026e+17 4.084726847045474e+17 3.973185496024039e+17 3.858608063239861e+17 3.740089854440753e+17 3.6162463168146797e+17 3.484887939752665e+17 3.182164845554218e+17 2.989759956338725e+17 2.7199693829319997e+17
5530.000774735969 1.042159451977047e+18 9.908092058287868e+17 9.368971616172655e+17 8.799835657769686e+17 8.194374645043799e+17 7.543516422801815e+17 6.833944748196422e+17 6.451339859138294e+17 6.046346356697e+17 5.6155391150061e+17 5.343215937139778e+17 5.1554451554802976e+17 4.863951281661618e+17 4.6627036862398784e+17 4.349400010029873e+17 4.131458986870815e+17 4.018951110498338e+17 3.903370517757194e+17 3.7838119607315034e+17 3.65888954668673e+17 3.526409308303602e+17 3.221269513952068e+17 3.027535322421109e+17 2.756264599667885e+17
5550.000777537908 1.0555362982703016e+18 1.0036375107966835e+18 9.49155445273264e+17 8.916386545067807e+17 8.304364020939346e+17 7.646124322625729e+17 6.928045693027784e+17 6.540635244412993e+17 6.130302713146248e+17 5.693548538599699e+17 5.417332573726108e+17 5.2268186980179674e+17 4.9309649930525114e+17 4.726659349832897e+17 4.408578647602839e+17 4.187342110226319e+17 4.073166257886499e+17 3.9559054264778714e+17 3.834658560396501e+17 3.708036660536514e+17 3.5738433184346234e+17 3.2652021931585766e+17 3.0696489278797446e+17 2.7964344639928624e+17
5570.0007803398385 1.0299450968923758e+18 9.797011677889946e+17 9.269521643016836e+17 8.712971605406304e+17 8.120763989912778e+17 7.483999363379944e+17 6.78942896944654e+17 6.414739173856137e+17 6.017823287759996e+17 5.595302436845054e+17 5.328015921411037e+17 5.1436109854515757e+17 4.857138988097426e+17 4.659178095631144e+17 4.350661128568166e+17 4.1357610528490016e+17 4.024716336125327e+17 3.910552627609515e+17 3.792367840891713e+17 3.668768593442116e+17 3.5375615639132256e+17 3.234842979027323e+17 3.042322908174652e+17 2.7725061175659965e+17
5590.00078314178 1.0167028857349793e+18 9.671124748618995e+17 9.150541256741059e+17 8.601249007637212e+17 8.017339040849743e+17 7.389906428244049e+17 6.706271000496443e+17 6.33791883418833e+17 5.94820945402853e+17 5.533947446621483e+17 5.27220112743486e+17 5.091768675829689e+17 4.8116627732206515e+17 4.618226416812286e+17 4.316820093508287e+17 4.106786636889601e+17 3.998183777232017e+17 3.8864451096306714e+17 3.77065948330351e+17 3.649419515096691e+17 3.5205241454042963e+17 3.2222103619793984e+17 3.031645234749219e+17 2.7632083068510246e+17
5610.000785943719 1.036885612880757e+18 9.869657869544701e+17 9.345191979376532e+17 8.790794357772887e+17 8.199990420689089e+17 7.563585165101719e+17 6.867677220617148e+17 6.491418575346575e+17 6.092260502036547e+17 5.666596968963909e+17 5.3969481960421075e+17 5.2107648682265376e+17 4.921287013248526e+17 4.7211142658350624e+17 4.408980122394757e+17 4.191478876635841e+17 4.079078477024083e+17 3.9635209172454714e+17 3.843901498554411e+17 3.718822367051889e+17 3.586086026961812e+17 3.280127066514954e+17 3.085877546556726e+17 2.8141972466873782e+17
5630.0007887456595 1.0483610024249408e+18 9.975761872182199e+17 9.441996149862228e+17 8.877938619150278e+17 8.277279876196809e+17 7.630527335409791e+17 6.924177412458932e+17 6.542847769379686e+17 6.138780355417446e+17 5.708615975250377e+17 5.4365437639984595e+17 5.2488790743500346e+17 4.957418901829762e+17 4.75610309491764e+17 4.442511962046896e+17 4.2241911907234144e+17 4.111411724526558e+17 3.9954909293135014e+17 3.8755134400798656e+17 3.7500710575808704e+17 3.6169466832120314e+17 3.309971077700645e+17 3.114802096735676e+17 2.8410346751446605e+17
5650.000791547599 1.0470467375099238e+18 9.964194620605683e+17 9.432442815967608e+17 8.870503665771428e+17 8.272002546860823e+17 7.627835958642858e+17 6.924496574350523e+17 6.544891205154136e+17 6.142792638284335e+17 5.7147782417340326e+17 5.444095729130444e+17 5.25739723683602e+17 4.9674267133957e+17 4.767110247295341e+17 4.4549577657232826e+17 4.2374936650086784e+17 4.125098069585873e+17 4.0095153548592134e+17 3.8898253157348736e+17 3.764612808840923e+17 3.6316472328542234e+17 3.324700508530183e+17 3.129319370492102e+17 2.8550723429819024e+17
5670.000794349539 1.0282416821578748e+18 9.78757162970875e+17 9.267824904289925e+17 8.718646166303839e+17 8.134012978966363e+17 7.504772571511606e+17 6.818296260639494e+17 6.448008061275186e+17 6.055956716790755e+17 5.638888154899712e+17 5.375220003069377e+17 5.193390631263719e+17 4.910986695932213e+17 4.71585182865364e+17 4.41159901965171e+17 4.1993980979800896e+17 4.089605749523145e+17 3.9765939854644966e+17 3.859437067238899e+17 3.736707987103064e+17 3.6061736636903104e+17 3.30388963332621e+17 3.110667241188232e+17 2.8382768866511818e+17
5690.000797151469 1.0400546906912178e+18 9.903145835502469e+17 9.380472117676248e+17 8.82800165403554e+17 8.239358696011694e+17 7.605434294433795e+17 6.912871217024008e+17 6.538843136549327e+17 6.142434222561536e+17 5.720211170040668e+17 5.4529894153247315e+17 5.268578409086405e+17 4.981962656313418e+17 4.783813015789108e+17 4.474733606257767e+17 4.2591704449565824e+17 4.147668993314873e+17 4.032939252936914e+17 3.914056869560456e+17 3.789601163272522e+17 3.657344559607302e+17 3.351652961433198e+17 3.1568212961361696e+17 2.8830718278887674e+17
5710.000799953409 1.025949110166417e+18 9.769351095098367e+17 9.254554254902248e+17 8.710458709263735e+17 8.131047173524631e+17 7.507433002095391e+17 6.826585953033871e+17 6.459009518650038e+17 6.06952559224249e+17 5.654770099367482e+17 5.392313055210748e+17 5.21118098914384e+17 4.9296683776230765e+17 4.7350028004379386e+17 4.4312594232178656e+17 4.219280248620137e+17 4.109557186598672e+17 3.9965936633713715e+17 3.8794519296404243e+17 3.756701104319465e+17 3.6260973154504794e+17 3.323430639523468e+17 3.129793290857863e+17 2.8565948423979654e+17
5730.000802755349 1.071719277153608e+18 1.0211248028956762e+18 9.678369191097994e+17 9.114001519929853e+17 8.511159311055945e+17 7.86007320164427e+17 7.145990334255602e+17 6.759008831650971e+17 6.34770257630028e+17 5.908362374955804e+17 5.6296186043887917e+17 5.4369669932019334e+17 5.137164211434009e+17 4.929688488981056e+17 4.6059750701641146e+17 4.380350127070364e+17 4.263766293771349e+17 4.1439436350227366e+17 4.01995936647043e+17 3.8903994852425914e+17 3.753030193403304e+17 3.4370688279896154e+17 3.2371117651567e+17 2.9583215483086605e+17
5750.000805557289 1.0487827293518575e+18 9.992567513364724e+17 9.47160052545839e+17 8.920115037065533e+17 8.331580484914336e+17 7.696752719453742e+17 7.001640240584285e+17 6.625560409492357e+17 6.226447033423808e+17 5.800774766569052e+17 5.531130044068963e+17 5.344939828568419e+17 5.0554252631075686e+17 4.855194936488854e+17 4.542804422538337e+17 4.324900739881353e+17 4.212187051404635e+17 4.096213656612467e+17 3.9760494292067846e+17 3.850262797136231e+17 3.716611044131997e+17 3.4078490498379155e+17 3.211208606199383e+17 2.935035527167188e+17
5770.000808359228 1.0566854088622225e+18 1.0070803091679834e+18 9.548514681432712e+17 8.995393454662213e+17 8.404739131534903e+17 7.766939103657944e+17 7.067762738664488e+17 6.68904205823295e+17 6.28672685376932e+17 5.85718615376356e+17 5.58481162135767e+17 5.396630879695341e+17 5.103857143638354e+17 4.901270307319234e+17 4.5851269296414835e+17 4.364625262203527e+17 4.250593586962612e+17 4.133297271827187e+17 4.011809428860568e+17 3.884698711524691e+17 3.7497281312397965e+17 3.438364986294688e+17 3.240504155271671e+17 2.963336268455041e+17
5790.00081116117 1.0407522359227067e+18 9.915748197286442e+17 9.398517834996134e+17 8.851334962798365e+17 8.267778524968713e+17 7.638644704301932e+17 6.950768662074533e+17 6.579113143297683e+17 6.185102801248444e+17 5.765563552658427e+17 5.500106771520761e+17 5.316960353865967e+17 5.032403507394415e+17 4.835721200733763e+17 4.52897241781021e+17 4.314966204883085e+17 4.2042162811617414e+17 4.090206373386098e+17 3.9719902516899386e+17 3.848129329451089e+17 3.716370947069409e+17 3.4112041946045536e+17 3.2161005724186176e+17 2.94081058486454e+17
5810.000813963109 1.0549820915283688e+18 1.0056944291513523e+18 9.538097267065839e+17 8.988308143455844e+17 8.401212267308177e+17 7.766921945928919e+17 7.071601507773769e+17 6.694945230757544e+17 6.294914814940586e+17 5.86788240402234e+17 5.597166718469653e+17 5.410142516444629e+17 5.1192086922092954e+17 4.917899269328786e+17 4.6036977262419757e+17 4.3844589682891226e+17 4.271037561761855e+17 4.1543268058467354e+17 4.0333869917246605e+17 3.906784263913016e+17 3.772266898706635e+17 3.461577558923737e+17 3.2638220142974714e+17 2.986278605703712e+17
5830.000816765039 1.0638841053986853e+18 1.0146085716136302e+18 9.626778534200191e+17 9.076084974242583e+17 8.487245184145327e+17 7.850315871998719e+17 7.150870801499763e+17 6.771372687238344e+17 6.367771679449618e+17 5.936307892659118e+17 5.662410803717184e+17 5.4730614330236506e+17 5.178274099318656e+17 4.9741607020014234e+17 4.6554281739245376e+17 4.4329871928764224e+17 4.317920911097058e+17 4.1995449428981965e+17 4.076923192122702e+17 3.948624583403905e+17 3.8124013390941946e+17 3.498309570569535e+17 3.2989547611202106e+17 3.0201631106516064e+17
5850.000819566979 1.0465439464928791e+18 9.981547001326213e+17 9.472134218582426e+17 8.932060471901239e+17 8.354785643024252e+17 7.730889158753951e+17 7.046141847535146e+17 6.674900734792714e+17 6.280386834780545e+17 5.858944866355588e+17 5.591574563187301e+17 5.4067726900421094e+17 5.119155695613949e+17 4.920012410430705e+17 4.608944563538743e+17 4.391670756620911e+17 4.2791848192265645e+17 4.1633702965879066e+17 4.0432838716194726e+17 3.917485834711356e+17 3.783721307430129e+17 3.474356004899776e+17 3.277162320508274e+17 3.000121710197018e+17
5870.000822368919 1.0487665686814382e+18 1.0005229274235794e+18 9.496938226290237e+17 8.957997619596369e+17 8.381715180008275e+17 7.758471196501393e+17 7.073884017738121e+17 6.702539722473275e+17 6.307622363589807e+17 5.885587090989709e+17 5.617734693069825e+17 5.432560462671087e+17 5.1442933048090336e+17 4.944662239562409e+17 4.63281421244894e+17 4.4149935967455226e+17 4.302222092689469e+17 4.1861211756736474e+17 4.065745324667598e+17 3.9396540673508205e+17 3.805594948017488e+17 3.4956499436130304e+17 3.2981893815932506e+17 3.02090999835116e+17
5890.000825170859 9.889148201257423e+17 9.43244184631112e+17 8.951881846403249e+17 8.443588464099617e+17 7.901570616869679e+17 7.317300718551581e+17 6.678871596251274e+17 6.334267347074762e+17 5.969405719894052e+17 5.581420373194689e+17 5.3362628367357126e+17 5.1672476590929306e+17 4.904801873938306e+17 4.7234302360057344e+17 4.440307261078935e+17 4.242302742949517e+17 4.139563125406591e+17 4.033532804746663e+17 3.923253750469585e+17 3.807276920998393e+17 3.683358664819074e+17 3.3938274130997165e+17 3.206509263318734e+17 2.9385924383126394e+17
5910.000827972799 1.0441591919207956e+18 9.963368278540778e+17 9.459458618024038e+17 8.925016186432508e+17 8.353635451174124e+17 7.735490343444093e+17 7.056663495063205e+17 6.688448618790931e+17 6.297003613079948e+17 5.878727874125402e+17 5.613353921137959e+17 5.4299492034974586e+17 5.144458636902608e+17 4.9467930313832435e+17 4.638001646936966e+17 4.422253421381461e+17 4.310515796200764e+17 4.195431103793994e+17 4.0760490717692346e+17 3.950925523634727e+17 3.8177952381576864e+17 3.50952172953633e+17 3.312686507283183e+17 3.0355378313621946e+17
5930.0008307747385 1.0429597803221777e+18 9.953872274334127e+17 9.452085336347644e+17 8.920303614880091e+17 8.351359678873725e+17 7.735816026749244e+17 7.059689694881221e+17 6.692917369288882e+17 6.302866825560852e+17 5.886085244748326e+17 5.6216231689783034e+17 5.4388114854528774e+17 5.154197824465348e+17 4.9570967657076294e+17 4.6490902051957766e+17 4.433814884250473e+17 4.322292418010314e+17 4.2074062434853446e+17 4.088203487359784e+17 3.963238507474952e+17 3.830245318767489e+17 3.522169467305578e+17 3.325374609072313e+17 3.048164061804875e+17
5950.000833576669 1.0457839102514943e+18 9.982059417164174e+17 9.480476355234819e+17 8.9481927778928e+17 8.37849208779539e+17 7.762151649605491e+17 7.084989552741174e+17 6.717557668098052e+17 6.326787542616109e+17 5.909142590742188e+17 5.644069854891577e+17 5.460811923486981e+17 5.175475721070152e+17 4.977838901722661e+17 4.668986169765251e+17 4.4530999160784403e+17 4.341253844843792e+17 4.2260370343170624e+17 4.106492471895432e+17 3.9811703561762464e+17 3.847800140449756e+17 3.5388878308536646e+17 3.341598223735792e+17 3.063744086772046e+17
5970.000836378609 1.0461043929591848e+18 9.988550434275662e+17 9.490299329931109e+17 8.961507638546177e+17 8.39540229558725e+17 7.78221150144035e+17 7.107813636811139e+17 6.74144761535384e+17 6.351479709660486e+17 5.934172303282679e+17 5.669068996841239e+17 5.485700823025892e+17 5.200006267653236e+17 5.002019382363947e+17 4.692443534427816e+17 4.475970335475448e+17 4.3638055101455546e+17 4.248253410941949e+17 4.1283584625248096e+17 4.0026765769302835e+17 3.868941229951756e+17 3.559345195214605e+17 3.361845610365295e+17 3.084167501251005e+17
5990.000839180549 1.0405784197831274e+18 9.935848354933697e+17 9.440198417070303e+17 8.914313029607668e+17 8.351379744116433e+17 7.741899206716649e+17 7.071969896807076e+17 6.708336921405486e+17 6.321526425051423e+17 5.90801649151403e+17 5.645527686020021e+17 5.4640390785326234e+17 5.1814335512462566e+17 4.985646391363611e+17 4.679585586257684e+17 4.4655391018424646e+17 4.3545958507344954e+17 4.2402597832026726e+17 4.121574388164986e+17 3.997087387688835e+17 3.864525813225478e+17 3.557155693630368e+17 3.3605843880996896e+17 3.0833287457431904e+17
6010.00084198249 1.0289542735818108e+18 9.826367846362938e+17 9.338179582296398e+17 8.82010798195158e+17 8.265791667749421e+17 7.66578164054854e+17 7.006506736255826e+17 6.648810750874606e+17 6.268448514745235e+17 5.861946912405245e+17 5.603951445789507e+17 5.4255963609844064e+17 5.147832179690012e+17 4.9553652448926426e+17 4.6543303191875245e+17 4.443616640396214e+17 4.334314273431248e+17 4.2215996943743334e+17 4.104505316011831e+17 3.9815723696380346e+17 3.85052786091963e+17 3.546015468544525e+17 3.3507163846319904e+17 3.0744611367011904e+17
6030.000844784429 1.0291483207161029e+18 9.832616862098564e+17 9.348540716950301e+17 8.834790798187917e+17 8.28440704323019e+17 7.688121474901864e+17 7.032075034453331e+17 6.675704174030929e+17 6.296348359429046e+17 5.89047480156399e+17 5.6326403374658246e+17 5.454254527245209e+17 5.176246229554766e+17 4.9834713089665216e+17 4.681746648786999e+17 4.4704244233281766e+17 4.360779317015741e+17 4.247695071951704e+17 4.130212170272701e+17 4.00687396659002e+17 3.87540990293729e+17 3.570082870012793e+17 3.374487625497754e+17 3.098270028730326e+17
6050.000847586369 1.045551494508709e+18 9.990154166951345e+17 9.498914793870863e+17 8.977000677628466e+17 8.417254915572485e+17 7.810295637750733e+17 7.141509102919095e+17 6.77790338288909e+17 6.390646949295835e+17 5.976055402061829e+17 5.7125946787906176e+17 5.5303156982698394e+17 5.2462766956998835e+17 5.049365200027943e+17 4.7413517995204966e+17 4.5258248094722054e+17 4.4140826884330464e+17 4.298915289518877e+17 4.1793575534535066e+17 4.053958468143895e+17 3.920446586144301e+17 3.6110746904687936e+17 3.413501151026256e+17 3.1353293464280115e+17
6070.000850388299 1.0414471018129504e+18 9.95142412988585e+17 9.462834122572116e+17 8.943729019807697e+17 8.387575251937153e+17 7.784571170054877e+17 7.120765699111968e+17 6.759880721851398e+17 6.375489201310191e+17 5.963930240430632e+17 5.702342682382529e+17 5.521324748849355e+17 5.239143791299061e+17 5.043456011434807e+17 4.737221161235987e+17 4.522836975172296e+17 4.4116522878135776e+17 4.297025841307249e+17 4.1779998528629216e+17 4.053112536645616e+17 3.920089401362027e+17 3.611595239602416e+17 3.414382402511993e+17 3.136506680475182e+17
6090.0008531902395 1.0285121901349435e+18 9.826313033168887e+17 9.341838367663511e+17 8.82746777120038e+17 8.276730861456186e+17 7.680322678602012e+17 7.024744457439521e+17 6.669119146986794e+17 6.290995853706118e+17 5.887170149762764e+17 5.631035604622293e+17 5.4540533130462957e+17 5.178565494233539e+17 4.9877746054416806e+17 4.689437141340269e+17 4.4806107492511725e+17 4.3722574937701e+17 4.260485288092769e+17 4.144321429154031e+17 4.022299132553196e+17 3.8921400994137e+17 3.58928809911381e+17 3.394648443037351e+17 3.118518963950682e+17
6110.000855992179 1.0203134035690893e+18 9.75080043189217e+17 9.273848371809642e+17 8.767278310776429e+17 8.225042803845138e+17 7.637296619259103e+17 6.991011422096515e+17 6.640208901500114e+17 6.267059344953805e+17 5.868256103467508e+17 5.615175124909681e+17 5.440209281082065e+17 5.167738859055819e+17 4.9788993908173184e+17 4.68340636864175e+17 4.476379036706139e+17 4.3688901616951123e+17 4.257953684126215e+17 4.1425978242187437e+17 4.021350441200039e+17 3.891936176601357e+17 3.5904991696876845e+17 3.396574927660545e+17 3.121304169989524e+17
6130.000858794119 9.926561025625494e+17 9.488781823639963e+17 9.027059844490913e+17 8.537003436752108e+17 8.012463411187812e+17 7.444569908855788e+17 6.820527468694674e+17 6.482034512285888e+17 6.122275413476836e+17 5.738114751416379e+17 5.4944748640497965e+17 5.326105413020322e+17 5.063972313664834e+17 4.882315949279806e+17 4.597932637291679e+17 4.3984590003510464e+17 4.294762748928782e+17 4.187617671433402e+17 4.0760478891278976e+17 3.9585854303138643e+17 3.8329569695522854e+17 3.5391437118847514e+17 3.349080358210384e+17 3.077735434228371e+17
6150.000861596059 1.0029940942337249e+18 9.589771210539031e+17 9.125453208208992e+17 8.632393439631958e+17 8.104048118442912e+17 7.531765459435052e+17 6.902354457467297e+17 6.560729625635735e+17 6.197453116347272e+17 5.809303125481805e+17 5.5629817854772634e+17 5.392675949549684e+17 5.1274262262198074e+17 4.943540691192249e+17 4.655533541394064e+17 4.453470347286675e+17 4.348427417027022e+17 4.239896297329369e+17 4.1268980435675245e+17 4.0079603816978624e+17 3.880798336105186e+17 3.5836801000405997e+17 3.391772221388237e+17 3.1182926832958976e+17
6170.000864397999 9.791391354087628e+17 9.362447147679839e+17 8.910364213937861e+17 8.43116330562259e+17 7.918208355129651e+17 7.36337729732087e+17 6.754270054438842e+17 6.424101080393238e+17 6.073383267553443e+17 5.6989285893184154e+17 5.4614759409599014e+17 5.2973324669605843e+17 5.041700624886155e+17 4.864449799584297e+17 4.5866645363211475e+17 4.3915325401702336e+17 4.289975535944857e+17 4.1849371143903155e+17 4.075441548920137e+17 3.9600153260911635e+17 3.836380159435144e+17 3.546407547799078e+17 3.358154938421397e+17 3.0884952205889914e+17
6190.0008671999285 1.0187173755494702e+18 9.742871216615022e+17 9.273808192380817e+17 8.774990416928672e+17 8.239943851185542e+17 7.659266672754838e+17 7.01932734546549e+17 6.671379692960563e+17 6.300832331115359e+17 5.904290654924663e+17 5.652380617609404e+17 5.4781032138858816e+17 5.206527250155521e+17 5.018205240654837e+17 4.7233197713628256e+17 4.51658947287783e+17 4.409213659510191e+17 4.298360036037098e+17 4.18305821175598e+17 4.0618390968615885e+17 3.932423700018461e+17 3.630931326878358e+17 3.436991919393152e+17 3.1618008925856736e+17
6210.000870001869 1.0215096332251022e+18 9.77089376951109e+17 9.301443931319917e+17 8.802583686333281e+17 8.267390847796326e+17 7.68665351704168e+17 7.046383458403469e+17 6.69816112622926e+17 6.327179136622436e+17 5.930041099134999e+17 5.6776423704142566e+17 5.502977958412145e+17 5.230723479107819e+17 5.041887177673169e+17 4.7461377918112896e+17 4.538774737660342e+17 4.4310599032497216e+17 4.3198601898930643e+17 4.2041988759374016e+17 4.08260717205843e+17 3.952800349143599e+17 3.6504375587579974e+17 3.455971225135266e+17 3.1800379140615635e+17
6230.000872803808 1.0028508157762568e+18 9.592568669586477e+17 9.132063022834295e+17 8.642565830231096e+17 8.117998262083639e+17 7.549386744489096e+17 6.923483715493578e+17 6.583590474574533e+17 6.222039389258738e+17 5.835503990335855e+17 5.59015655604867e+17 5.420487236527253e+17 5.156164074643354e+17 4.972875059156132e+17 4.685770290003103e+17 4.48428581138035e+17 4.379527679416942e+17 4.271276085247794e+17 4.15855097368254e+17 4.039876430599429e+17 3.912964179138067e+17 3.6162702631169395e+17 3.424473109914482e+17 3.150792425020217e+17
6250.00087560575 9.784732533011374e+17 9.36161752459138e+17 8.914718286321911e+17 8.440538597550353e+17 7.932467043285135e+17 7.382233641917267e+17 6.777180973684116e+17 6.448899518584988e+17 6.099895703514376e+17 5.7270552091767104e+17 5.4904660206743565e+17 5.3268664927966803e+17 5.071975818268584e+17 4.8951387409818374e+17 4.6178376647769536e+17 4.422879118719287e+17 4.3213425778660934e+17 4.21627513796968e+17 4.106682817377712e+17 3.991078668963014e+17 3.8671647980979674e+17 3.576134160342323e+17 3.386832882668586e+17 3.1150428074575885e+17
6270.000878407689 1.0134708807701541e+18 9.696802661327279e+17 9.234306096091808e+17 8.742547595139823e+17 8.214966630305868e+17 7.642255349812273e+17 7.010981118270541e+17 6.66766674929542e+17 6.302032472619177e+17 5.91071938832708e+17 5.662102879268745e+17 5.490093863435124e+17 5.222017144004883e+17 5.036067183451547e+17 4.7447863010080877e+17 4.540434657452695e+17 4.43422181715824e+17 4.324513592986732e+17 4.2103272466578234e+17 4.090186973825302e+17 3.9618079276944045e+17 3.6621815813271936e+17 3.468927768664165e+17 3.193783374874514e+17
6290.000881209629 1.0166670773311415e+18 9.728837968831948e+17 9.266251488197672e+17 8.774288948647665e+17 8.246215435664133e+17 7.672775160837322e+17 7.040467444502097e+17 6.696447779838643e+17 6.3299636076804e+17 5.937556552232836e+17 5.68813733773444e+17 5.515552076587435e+17 5.2464728791978304e+17 5.0597800256267725e+17 4.767262918067018e+17 4.561998239442279e+17 4.455309423708884e+17 4.3451025637950426e+17 4.230403436195616e+17 4.109734912209079e+17 3.980804060476158e+17 3.679990999929736e+17 3.4860980428867814e+17 3.210301527000938e+17
6310.000884011569 9.935601844694388e+17 9.509955396984136e+17 9.060110485195763e+17 8.582200440671581e+17 8.069422629352879e+17 7.512947798690794e+17 6.900001801890706e+17 6.566822728725216e+17 6.212083701235624e+17 5.832574524842147e+17 5.591480031610736e+17 5.4246710974113363e+17 5.164657003271791e+17 4.9842239986201696e+17 4.701358225306738e+17 4.502628319520205e+17 4.399208264342731e+17 4.292265502791346e+17 4.180815542606852e+17 4.0633738706965146e+17 3.9376566709186746e+17 3.643225073587445e+17 3.452468886953943e+17 3.179661217566313e+17
6330.000886813499 9.978838054736454e+17 9.552894828546321e+17 9.102600860132111e+17 8.623566938546572e+17 8.10946739786551e+17 7.551187952051155e+17 6.93568801770883e+17 6.601016444286071e+17 6.244697239093989e+17 5.86347095490725e+17 5.6213116469734106e+17 5.453795493439432e+17 5.1926725770296256e+17 5.011506646265204e+17 4.7275191000636e+17 4.5280423015489434e+17 4.424247979293786e+17 4.316940526939613e+17 4.205131062185124e+17 4.087346762034292e+17 3.961307446149747e+17 3.6663654025259744e+17 3.4755056845030355e+17 3.202891973445076e+17
6350.000889615439 1.0019298422704352e+18 9.592752952137998e+17 9.141516507511014e+17 8.66136266750629e+17 8.145739961147585e+17 7.585676001994076e+17 6.968001940335839e+17 6.632147860902388e+17 6.274537525264522e+17 5.892043235370858e+17 5.649170930568204e+17 5.481196309113987e+17 5.219462176580094e+17 5.03794802256286e+17 4.75353465378486e+17 4.553816885906131e+17 4.449913093285177e+17 4.342491209983791e+17 4.230567711883889e+17 4.1126628434049126e+17 3.986499518403822e+17 3.691324296109413e+17 3.5003558792848435e+17 3.227557767990547e+17
6370.000892417379 1.0000014121706508e+18 9.575035051342844e+17 9.125690445465549e+17 8.64726275662235e+17 8.133344094703511e+17 7.575094035040563e+17 6.959517633119581e+17 6.624813836644457e+17 6.268525467971462e+17 5.887526314630491e+17 5.645639084742189e+17 5.47838023557354e+17 5.2178148033042394e+17 5.0371343501897184e+17 4.754037320549171e+17 4.555239902303072e+17 4.451803207696929e+17 4.3448541546526554e+17 4.2334029387744224e+17 4.115976148433628e+17 3.990294870446915e+17 3.696094066525054e+17 3.505589801670658e+17 3.2331145252215904e+17
6390.000895219318 1.002230285699174e+18 9.599714682649783e+17 9.152583901365647e+17 8.676491077066915e+17 8.164786909797069e+17 7.60841764952323e+17 6.993749209701426e+17 6.658897989038099e+17 6.301974711018209e+17 5.919497569580773e+17 5.676277288705578e+17 5.507900574935032e+17 5.245283323256484e+17 5.062992695453166e+17 4.777093592886953e+17 4.5762337502454163e+17 4.471722492488763e+17 4.363674078595866e+17 4.2511132270830266e+17 4.1325615977039994e+17 4.005741732757248e+17 3.709219077857633e+17 3.517587215036638e+17 3.244225155432017e+17
6410.000898021259 9.83870351120974e+17 9.425197321889715e+17 8.988207017713407e+17 8.522896198917554e+17 8.023322807113722e+17 7.480543421056627e+17 6.881668031455296e+17 6.555789889091567e+17 6.208539345173327e+17 5.836697319513814e+17 5.600288400521411e+17 5.436632871067195e+17 5.181364418793122e+17 5.0040967343571194e+17 4.725887991216603e+17 4.5301833928273837e+17 4.4282409849045594e+17 4.3227495537580506e+17 4.2127241175926285e+17 4.0966931524899245e+17 3.9723776381300006e+17 3.68084396769301e+17 3.491719322548935e+17 3.2209918219957254e+17
6430.000900823198 9.927842232556612e+17 9.512095070645812e+17 9.072213201507058e+17 8.603416251564244e+17 8.099457885436096e+17 7.551191838726866e+17 6.945547692937489e+17 6.615725198343653e+17 6.264103009365706e+17 5.88736775712822e+17 5.647843191869453e+17 5.4819911384562586e+17 5.223300940220903e+17 5.043676988616771e+17 4.761864241099991e+17 4.5637290840131046e+17 4.4605760012880474e+17 4.353881094275502e+17 4.242668370138495e+17 4.12546211813845e+17 3.999991221202904e+17 3.706226816532044e+17 3.516055825119218e+17 3.2443292741834477e+17
6450.000903625129 9.830931378445147e+17 9.421439303132454e+17 8.988086201611017e+17 8.526587826782665e+17 8.030447736364493e+17 7.490705828971805e+17 6.894753973404293e+17 6.570335617024051e+17 6.224582928288424e+17 5.85428701964932e+17 5.618884523816454e+17 5.455933859727102e+17 5.20177072726775e+17 5.025273248135491e+17 4.748262351715041e+17 4.5533750484493677e+17 4.451840356744561e+17 4.34675951784081e+17 4.237150170134595e+17 4.12154227591497e+17 3.9976676073104096e+17 3.7071484400495046e+17 3.518685292154743e+17 3.24887673683876e+17
6470.000906427069 9.826934596838693e+17 9.418146985616044e+17 8.98567794461186e+17 8.525010811519988e+17 8.029783715116881e+17 7.491122908089874e+17 6.896267855939316e+17 6.572346379210609e+17 6.227138158762561e+17 5.857414006546744e+17 5.622325816215317e+17 5.45957977646181e+17 5.2057026631654317e+17 5.029384718360447e+17 4.752623668022418e+17 4.5578893150959354e+17 4.456431495919576e+17 4.351430093626926e+17 4.241899367708409e+17 4.126369069564883e+17 4.0025719930127706e+17 3.712196641173733e+17 3.523791663425779e+17 3.254025445442761e+17
6490.000909229008 9.711147916863471e+17 9.309151225032874e+17 8.883772080444902e+17 8.430665059936673e+17 7.943553562034775e+17 7.413492353802874e+17 6.827957674016748e+17 6.509060289817416e+17 6.169010062575525e+17 5.804720518013658e+17 5.573029174022218e+17 5.412588995349804e+17 5.1622187780933235e+17 4.9882737781756845e+17 4.7150811459045056e+17 4.52269879560268e+17 4.422398853002382e+17 4.318536038758722e+17 4.2101215740751066e+17 4.095683240222073e+17 3.972944244200121e+17 3.6845110652635014e+17 3.496873586683993e+17 3.2273967304512915e+17
6510.00091203095 9.889025660140104e+17 9.482762468180698e+17 9.052180121333339e+17 8.592326085773734e+17 8.097157741510061e+17 7.557341712847383e+17 6.959748088392685e+17 6.633724017527155e+17 6.285860075620031e+17 5.912808693302422e+17 5.675423636479039e+17 5.510997945959301e+17 5.254422734070267e+17 5.076170735150072e+17 4.7963644466155174e+17 4.599507121573882e+17 4.49696824411992e+17 4.390865013713803e+17 4.2802227481996934e+17 4.1635686307258234e+17 4.038630559986442e+17 3.745883142154484e+17 3.556178015314158e+17 3.284761134449511e+17
6530.000914832889 9.890836702530195e+17 9.49033101509461e+17 9.064838327260472e+17 8.609143728394664e+17 8.117014528073092e+17 7.579019107756052e+17 6.982176270237652e+17 6.65611290029486e+17 6.307958897076433e+17 5.934514399469516e+17 5.6968395191583046e+17 5.5322280139468006e+17 5.275345400773731e+17 5.096909719634892e+17 4.8168319437694317e+17 4.619802534750156e+17 4.5171730340310125e+17 4.410982379276246e+17 4.3002497338390406e+17 4.183508777701167e+17 4.058495173406093e+17 3.765690312318929e+17 3.576052701477429e+17 3.304819861444626e+17
6550.000917634829 9.526939506600819e+17 9.175103232950013e+17 8.796749407380847e+17 8.386252574874286e+17 7.936860801736283e+17 7.438748216637275e+17 6.878465680783713e+17 6.569506336709286e+17 6.237505183723781e+17 5.879225077474506e+17 5.650137433601549e+17 5.49099333261773e+17 5.241906667789353e+17 5.068329627512743e+17 4.7949109017458566e+17 4.601803071590661e+17 4.500957538011258e+17 4.3964178696678086e+17 4.287203893341815e+17 4.1718510925749146e+17 4.0480928317532883e+17 3.757407157782487e+17 3.568599924126435e+17 3.2979744996344045e+17
6570.000920436759 8.372116086820398e+17 8.112847753960846e+17 7.830460835108355e+17 7.519958340303338e+17 7.175299743643032e+17 6.787409372058555e+17 6.344310059510392e+17 6.096830003622262e+17 5.828506628898097e+17 5.5358414342108294e+17 5.346799524293016e+17 5.214457776911953e+17 5.0053828493056096e+17 4.858027279495114e+17 4.622523578998229e+17 4.453254866917933e+17 4.363768656091024e+17 4.270180864304739e+17 4.171498304359419e+17 4.066266011605063e+17 3.952259091994728e+17 3.6802431170256864e+17 3.500641640005467e+17 3.239821010872929e+17
6590.000923238699 9.702637762906368e+17 9.321951344169231e+17 8.91584357196101e+17 8.479730788792041e+17 8.006592463082333e+17 7.487560656418634e+17 6.909569903013156e+17 6.593013231508192e+17 6.254363248663588e+17 5.890503218140923e+17 5.658600507622493e+17 5.4978297756665446e+17 5.2467122478431584e+17 5.0720817793713325e+17 4.797599234515163e+17 4.604188107938765e+17 4.503324979700267e+17 4.39886697409302e+17 4.289835389230457e+17 4.174762417539916e+17 4.051386755063154e+17 3.761793740461536e+17 3.5737715286220224e+17 3.304322655177531e+17
6610.000926040639 9.856820941126488e+17 9.45816364391261e+17 9.035123418548727e+17 8.582792256855182e+17 8.094730924467739e+17 7.561766730446714e+17 6.970894046043168e+17 6.648259074732918e+17 6.303818913091849e+17 5.934301630258231e+17 5.6990619023921946e+17 5.536111723315167e+17 5.28176714623363e+17 5.105024130994886e+17 4.8274790817621594e+17 4.6321153221897754e+17 4.530308151538796e+17 4.424927315382977e+17 4.314991732642056e+17 4.199032637016739e+17 4.074780923773357e+17 3.783407457769656e+17 3.594399993023489e+17 3.323658470636741e+17
6630.000928842579 9.822550254354072e+17 9.423695966897619e+17 9.000968056557318e+17 8.549625791470732e+17 8.063090852015603e+17 7.532506026366757e+17 6.945069145757344e+17 6.624692132175469e+17 6.282838111717766e+17 5.916386656595619e+17 5.68327273951813e+17 5.5218546901833926e+17 5.269996789124312e+17 5.09505432949187e+17 4.820387336787961e+17 4.6270450681152026e+17 4.526284497496897e+17 4.4219685616832704e+17 4.3131281449194534e+17 4.1982964079572205e+17 4.0752196312291706e+17 3.786450946916309e+17 3.59899755254073e+17 3.330256216674724e+17
6650.0009316445185 9.805423856729747e+17 9.407858300002089e+17 8.986417118589939e+17 8.536659524640518e+17 8.052398780885645e+17 7.524174035932826e+17 6.939428782388274e+17 6.620406534574999e+17 6.27998980597436e+17 5.914911617129901e+17 5.682587423383015e+17 5.521642211130432e+17 5.270455377022423e+17 5.0958895365253856e+17 4.821725205036881e+17 4.628665858898083e+17 4.528027993118067e+17 4.423826133366395e+17 4.315082176481469e+17 4.200329979468736e+17 4.077311412228935e+17 3.7885630047325856e+17 3.6010397063306976e+17 3.332105292103611e+17
6670.000934446459 9.71475807109597e+17 9.322830021821632e+17 8.907639865535361e+17 8.464211770059526e+17 7.986455483204278e+17 7.465416541607411e+17 6.888394500355205e+17 6.573480834411423e+17 6.237354614601427e+17 5.876956426831261e+17 5.6475985599437786e+17 5.488721749028351e+17 5.2407717618422803e+17 5.0684672595277005e+17 4.797804681151543e+17 4.607130217106643e+17 4.507692974112833e+17 4.404698615576865e+17 4.2971657759041766e+17 4.1836340542600806e+17 4.0618511625897894e+17 3.7756803954303546e+17 3.5895523319833536e+17 3.322191894123455e+17
6690.000937248398 9.818933572488609e+17 9.423417617468765e+17 9.004328084012315e+17 8.556664768729276e+17 8.07421948561667e+17 7.547716031785156e+17 6.964274966289028e+17 6.64572380087174e+17 6.305579259241004e+17 5.940617521330387e+17 5.708293415213613e+17 5.547305923708951e+17 5.296023878997116e+17 5.121405304225844e+17 4.847114472915408e+17 4.653978234676667e+17 4.553300779373645e+17 4.449070264954056e+17 4.340305875312102e+17 4.225556252385636e+17 4.102573157817284e+17 3.8141280308493696e+17 3.6270399891285146e+17 3.359105067886684e+17
6710.000940050329 9.69502928215206e+17 9.303790581546159e+17 8.888990466573715e+17 8.446664360491954e+17 7.97028738935685e+17 7.451166501339187e+17 6.876913795707662e+17 6.563823721755405e+17 6.22992178826693e+17 5.872143129324938e+17 5.644596883241553e+17 5.487040409562583e+17 5.24118271472592e+17 5.070377025516875e+17 4.802069733387486e+17 4.6130301566061184e+17 4.514424829035771e+17 4.412270761289802e+17 4.305587810054769e+17 4.192914561511889e+17 4.0720041217761517e+17 3.787600604233777e+17 3.602337142420376e+17 3.335723598944683e+17
6730.000942852268 9.76004364438245e+17 9.368847998605713e+17 8.95409189194525e+17 8.511196330398029e+17 8.033887316138381e+17 7.513127814881366e+17 6.936041780743174e+17 6.621070282150712e+17 6.284793038347848e+17 5.924005821377989e+17 5.69433039009067e+17 5.5352092018895085e+17 5.2868148347112736e+17 5.114151483351441e+17 4.8428635442343123e+17 4.6517434202516384e+17 4.552073666735672e+17 4.4488443565554355e+17 4.3410858894722534e+17 4.227345849943476e+17 4.105382012369714e+17 3.819051132864075e+17 3.633111492510838e+17 3.366531745575442e+17
6750.000945654209 9.681907053803192e+17 9.295152768139407e+17 8.885154744115502e+17 8.447279383088319e+17 7.975244421663983e+17 7.460397311845408e+17 6.890059089609052e+17 6.578822673536095e+17 6.246633226856256e+17 5.890370972659553e+17 5.663632782054816e+17 5.506549853951248e+17 5.261327370501918e+17 5.0908606216304435e+17 4.8229314288822925e+17 4.634040962761412e+17 4.535481728156301e+17 4.433342056038625e+17 4.326652342093463e+17 4.213955825004679e+17 4.093005387078216e+17 3.808546992701989e+17 3.623378861606119e+17 3.3572356423735e+17
6770.000948456149 9.681248053834886e+17 9.294522895331438e+17 8.88460989520384e+17 8.447026479012095e+17 7.975500200730908e+17 7.461163243366121e+17 6.891619711952247e+17 6.580834243956614e+17 6.249114420527788e+17 5.893325832913202e+17 5.6668636641240845e+17 5.509969402202743e+17 5.2650396044695046e+17 5.094772236926473e+17 4.8271777377076096e+17 4.638545390394398e+17 4.5401229767835334e+17 4.438135174832473e+17 4.331608502167933e+17 4.219090974201117e+17 4.098338161547075e+17 3.814379911482055e+17 3.629569011407606e+17 3.3639973369938323e+17
6790.000951258089 9.662818098273187e+17 9.277388151710472e+17 8.869038785636372e+17 8.433055674307141e+17 7.962929198554935e+17 7.450117922636851e+17 6.882096797331383e+17 6.572230611909028e+17 6.241520695742696e+17 5.887001966303191e+17 5.6614694981663194e+17 5.5052564747316806e+17 5.261479233287812e+17 5.092067361326487e+17 4.825866140003755e+17 4.638229364255302e+17 4.5403277409161146e+17 4.4388711587282554e+17 4.3328882256916595e+17 4.220928584662719e+17 4.100754629715377e+17 3.818053697195089e+17 3.63393403168237e+17 3.369050392829008e+17
6810.000954060029 9.614356859759676e+17 9.232193982658624e+17 8.827256263247937e+17 8.394940964922596e+17 7.92918611690369e+17 7.420959242696737e+17 6.858195409818787e+17 6.551125499606578e+17 6.223465057416691e+17 5.872088658343095e+17 5.6484864001436934e+17 5.4935870472313696e+17 5.251769207641642e+17 5.083668195237788e+17 4.819398698879015e+17 4.633024556617557e+17 4.535737795339311e+17 4.434892846200266e+17 4.329514026118761e+17 4.218153358231782e+17 4.098576230391885e+17 3.81706989102209e+17 3.63357657859316e+17 3.36942851089369e+17
6830.000956861959 9.648110143488342e+17 9.266979392470546e+17 8.862815002571447e+17 8.430900517648758e+17 7.96502457537096e+17 7.456374673773353e+17 6.892353855148582e+17 6.584256973892175e+17 6.255255161655553e+17 5.902191712329554e+17 5.677328506905247e+17 5.5214988998461696e+17 5.2781772147768115e+17 5.108968142049503e+17 4.8429144277958925e+17 4.6552910257928275e+17 4.557368041422017e+17 4.45588329852044e+17 4.34986570113003e+17 4.23787171293608e+17 4.117669773445803e+17 3.8350067362309536e+17 3.651055964821658e+17 3.386704301792613e+17
6850.000959663898 9.513053536941573e+17 9.136935782671619e+17 8.738462032468786e+17 8.312746314146685e+17 7.853960488544099e+17 7.353853149813944e+17 6.800102718649729e+17 6.498093939461001e+17 6.175954161847035e+17 5.830644740708865e+17 5.610972970635032e+17 5.458843170189496e+17 5.2213695098371706e+17 5.056282497600178e+17 4.796693684225229e+17 4.61350413074728e+17 4.517829564566548e+17 4.418605408734749e+17 4.3148561629208435e+17 4.205137125569795e+17 4.0872212883975635e+17 3.8091111913688026e+17 3.6273405891780563e+17 3.3648736155144064e+17
6870.000962465839 9.566647830555596e+17 9.190343002218026e+17 8.790882942777988e+17 8.364303784103314e+17 7.904242009861812e+17 7.402213707835977e+17 6.845742490791877e+17 6.541923002632081e+17 6.217433512406292e+17 5.869234764019178e+17 5.6475339794032954e+17 5.493897222471198e+17 5.253935620179166e+17 5.0870633469060365e+17 4.8246308532103104e+17 4.639467029155825e+17 4.5427921982038554e+17 4.4425568931092243e+17 4.337798833865009e+17 4.2270670463812326e+17 4.108139080819452e+17 3.828060850610709e+17 3.645419529155213e+17 3.382391031676453e+17
6890.000965267778 9.577933483620392e+17 9.202468344097052e+17 8.803997628800723e+17 8.378120520832374e+17 7.918987890764168e+17 7.417253085822816e+17 6.860899226016229e+17 6.557014932402546e+17 6.232497704547826e+17 5.884242505354333e+17 5.662508483201376e+17 5.508860048761568e+17 5.268906835032174e+17 5.1020536946651456e+17 4.839646660416109e+17 4.654513118069943e+17 4.5578537130949376e+17 4.4576401112219846e+17 4.352909775205552e+17 4.242221474983318e+17 4.123363560470065e+17 3.8435929816604646e+17 3.66131246633086e+17 3.39906763462752e+17
6910.0009680697185 9.531799111203107e+17 9.158609575596465e+17 8.763067112681597e+17 8.340019662048915e+17 7.883493211601298e+17 7.385295848449838e+17 6.83303119057036e+17 6.531404425454054e+17 6.209399480384924e+17 5.86391951464472e+17 5.64394469537174e+17 5.4915456821020096e+17 5.253553954330161e+17 5.088034736630437e+17 4.82770761739838e+17 4.6439823907893734e+17 4.548034088637277e+17 4.4485308810572243e+17 4.3445040630314746e+17 4.234519684443462e+17 4.116357400946963e+17 3.837945916948449e+17 3.656291578523075e+17 3.394528206347332e+17
6930.000970871649 9.51641060836347e+17 9.144862260164324e+17 8.750683990618715e+17 8.329264085735113e+17 7.874544340166071e+17 7.377877599804032e+17 6.82706191295838e+17 6.526270774384294e+17 6.205115046153404e+17 5.860564118859743e+17 5.6412070463692026e+17 5.4892169350628666e+17 5.251888384970718e+17 5.086827743803886e+17 4.827235629047185e+17 4.644022200384683e+17 4.548331895527169e+17 4.4490941095759974e+17 4.345339819168083e+17 4.235636452606049e+17 4.1177657549820883e+17 3.839974937938663e+17 3.6586322711604186e+17 3.397067313012108e+17
6950.000973673588 9.485659673668696e+17 9.116002282707199e+17 8.723970968699402e+17 8.304837556915276e+17 7.852767413360943e+17 7.359031639049898e+17 6.811413857395604e+17 6.512271974268553e+17 6.192800368062138e+17 5.849944515659188e+17 5.631609442786192e+17 5.480272428017792e+17 5.2439063733958995e+17 5.079473899267345e+17 4.82077150203864e+17 4.6381179604740845e+17 4.542697157903979e+17 4.4437204485013523e+17 4.340218980078484e+17 4.2307488728092685e+17 4.113091962675874e+17 3.8355961537739757e+17 3.654236198048744e+17 3.39225540345407e+17
6970.00097647553 9.486011201641979e+17 9.118164039819089e+17 8.72767869031178e+17 8.310035838848374e+17 7.859190165746102e+17 7.366435752414476e+17 6.819680006417423e+17 6.5208180844466e+17 6.201629422264461e+17 5.859013390199967e+17 5.640807749240411e+17 5.489605860671869e+17 5.253435082257446e+17 5.0891696071401434e+17 4.830737715879031e+17 4.648283627583692e+17 4.552974385345122e+17 4.454110220745972e+17 4.3507312185946086e+17 4.241404078286688e+17 4.1239161738048634e+17 3.846924855267953e+17 3.666005072396467e+17 3.404815934486238e+17
6990.000979277469 9.465611977258432e+17 9.098964854206346e+17 8.709711547478493e+17 8.293476650286748e+17 7.844211145797631e+17 7.353316945639425e+17 6.808482102291078e+17 6.510757727933407e+17 6.192738642182624e+17 5.851331246589343e+17 5.633880953797688e+17 5.483167792395858e+17 5.247742005928082e+17 5.0839535934720314e+17 4.826228774350932e+17 4.644252342709453e+17 4.549180838888773e+17 4.450558698518148e+17 4.3474209586267936e+17 4.2383342971489376e+17 4.121083791578753e+17 3.844534148770587e+17 3.6637801476837594e+17 3.4026177671349274e+17
7010.000982079409 9.275584001702436e+17 8.916587203106198e+17 8.535574307312957e+17 8.128760182889699e+17 7.689979020443578e+17 7.211272101058124e+17 6.681347766772303e+17 6.392376189396099e+17 6.084229753994358e+17 5.7541319540902874e+17 5.544223926327162e+17 5.398867543136559e+17 5.1719439989154726e+17 5.0141191149012934e+17 4.765686392266313e+17 4.5900313390555584e+17 4.4981311934452224e+17 4.402680370158365e+17 4.30271120029473e+17 4.1967870859459456e+17 4.0826956180834464e+17 3.8124235956495174e+17 3.634695207715092e+17 3.3762389006261357e+17
7030.000984881349 9.373726587685252e+17 9.012437110955521e+17 8.629161087439077e+17 8.219094660531736e+17 7.776667534878086e+17 7.292999427658911e+17 6.756593064441106e+17 6.46355752216781e+17 6.150659800118076e+17 5.814947194049585e+17 5.601210328143028e+17 5.4531029808675475e+17 5.221778335913537e+17 5.060851049329778e+17 4.807581707817235e+17 4.628647099682215e+17 4.535111813200994e+17 4.438032956088621e+17 4.336453829277456e+17 4.228941489514911e+17 4.113290445946217e+17 3.840084174211429e+17 3.661133185077996e+17 3.401996027107976e+17
7050.000987683289 9.393577309411507e+17 9.03307438444568e+17 8.650077984064434e+17 8.240465226642218e+17 7.798251202636072e+17 7.314666525695977e+17 6.777916301072483e+17 6.484498635581627e+17 6.171053648060132e+17 5.83452880305092e+17 5.620192515632032e+17 5.471623444491712e+17 5.2394959034694336e+17 5.077976495822554e+17 4.823729588626396e+17 4.6441105667120006e+17 4.550224576637536e+17 4.452797330426047e+17 4.350868177390315e+17 4.243011505839343e+17 4.127030852112289e+17 3.8532749154627725e+17 3.6742243562004954e+17 3.415444112322861e+17
7070.000990485219 9.34156341206469e+17 8.983052988689025e+17 8.602620035261951e+17 8.195914456070858e+17 7.756693351325473e+17 7.276661758397769e+17 6.743942108718959e+17 6.452919350146616e+17 6.142144288574022e+17 5.808667058058591e+17 5.5963330009403757e+17 5.449179520844353e+17 5.219345552974178e+17 5.05943974767868e+17 4.807724188112727e+17 4.629840435376999e+17 4.5368341463996166e+17 4.440292042733919e+17 4.339251254414115e+17 4.2322847680736365e+17 4.1171962294449184e+17 3.845203572354376e+17 3.666953965721947e+17 3.408691354142727e+17
7090.000993287159 9.311906185719498e+17 8.955683680634236e+17 8.57756674892454e+17 8.172812374844378e+17 7.735828657515078e+17 7.258480469515188e+17 6.728793003374408e+17 6.439447459088449e+17 6.130432489810428e+17 5.798833221775558e+17 5.587688588386895e+17 5.441372271627371e+17 5.2128185803023526e+17 5.0537805479891744e+17 4.803410667677493e+17 4.626442753978738e+17 4.533901200903866e+17 4.437824540733485e+17 4.3372554309075616e+17 4.2307698264276e+17 4.11617479656869e+17 3.845261184196964e+17 3.667659258346532e+17 3.410271828894246e+17
7110.000996089098 9.300945028264274e+17 8.949846635462771e+17 8.576435948163434e+17 8.176251128448148e+17 7.743625369973356e+17 7.269734075465482e+17 6.742706484078225e+17 6.45425568928657e+17 6.145848996011172e+17 5.814466534020928e+17 5.603245561634165e+17 5.4567664898475674e+17 5.227805052018208e+17 5.068390971916689e+17 4.817278136924039e+17 4.6396932039713485e+17 4.5468049914805606e+17 4.4503576470659315e+17 4.349394566137442e+17 4.242488317209985e+17 4.12744843450905e+17 3.855560013298264e+17 3.6774006248393805e+17 3.4192545494048934e+17
7130.000998891039 9.216961273838266e+17 8.867550869437165e+17 8.496442539115777e+17 8.099331876008225e+17 7.670238235163992e+17 7.200987080060792e+17 6.679932017873009e+17 6.395077217865463e+17 6.090729698715937e+17 5.764005537842245e+17 5.5558868951560666e+17 5.4116124729581414e+17 5.186183484983902e+17 5.029281031810508e+17 4.7821395427424096e+17 4.607333383291578e+17 4.5158688915583955e+17 4.420872080233614e+17 4.321381652788217e+17 4.215974639609425e+17 4.102459070033602e+17 3.8336926901305734e+17 3.6571068375018234e+17 3.400487069539719e+17
7150.001001692978 9.175660836626968e+17 8.828971854818479e+17 8.460472747720598e+17 8.06600046117636e+17 7.640079077541928e+17 7.174248436186565e+17 6.657046593231665e+17 6.374325573103292e+17 6.07235923704181e+17 5.7481848367238957e+17 5.541710311562679e+17 5.3985891838415014e+17 5.174935189859649e+17 5.0192495692771296e+17 4.773966283321447e+17 4.600423304420828e+17 4.5095980889228506e+17 4.415245797159177e+17 4.316408180576246e+17 4.211665777943813e+17 4.0988354161424646e+17 3.831559674528641e+17 3.655856562149479e+17 3.400413114594537e+17
7170.0010044949195 9.162161821453522e+17 8.816689219603461e+17 8.449798234868444e+17 8.057128696877297e+17 7.633139840789007e+17 7.169397402288645e+17 6.654514504038889e+17 6.373097942238648e+17 6.072477638833994e+17 5.749754643405076e+17 5.544184868283257e+17 5.401693503013244e+17 5.179023713028384e+17 5.024005528336701e+17 4.7797397154161325e+17 4.606879626588352e+17 4.516398308178169e+17 4.422387673833393e+17 4.3238998548075405e+17 4.2195141543238534e+17 4.1070569264146426e+17 3.840638537250155e+17 3.66549865455412e+17 3.410912258571841e+17
7190.001007296848 9.003440917333988e+17 8.662866546161484e+17 8.301484845243141e+17 7.915286143663214e+17 7.498497180035269e+17 7.043705427775137e+17 6.539937305731547e+17 6.265218019111354e+17 5.972246964497983e+17 5.658369553782276e+17 5.458735806476702e+17 5.3204619956279795e+17 5.104512375876036e+17 4.9542005605754016e+17 4.7172803639677216e+17 4.5494338054842035e+17 4.461474244126154e+17 4.369987751875935e+17 4.274017481060765e+17 4.1721426413559565e+17 4.062178393280243e+17 3.8005875826028256e+17 3.627620518716545e+17 3.37466773523687e+17
7210.001010098789 9.10270986502812e+17 8.761116867191781e+17 8.398547049668344e+17 8.010371378262208e+17 7.59097472350111e+17 7.132285601723572e+17 6.622975195738208e+17 6.344548126555241e+17 6.046969487754004e+17 5.7274547874875194e+17 5.523832019887961e+17 5.382621400908375e+17 5.161881939780932e+17 5.008120885969894e+17 4.765716732399821e+17 4.5940810310988826e+17 4.5042076643129626e+17 4.4108080401990144e+17 4.31292601655038e+17 4.209146188898324e+17 4.097294566386122e+17 3.8320756250274125e+17 3.657532888015513e+17 3.4035816992915085e+17
7230.001012900729 9.115106905614131e+17 8.773292511974833e+17 8.409912257920046e+17 8.021253634420945e+17 7.60129268124024e+17 7.142119867074707e+17 6.632402632595119e+17 6.353883107097969e+17 6.05637311669252e+17 5.737118269661427e+17 5.5337808556271456e+17 5.392821198773904e+17 5.17254991685152e+17 5.0191800215676166e+17 4.777451908593127e+17 4.606306408273823e+17 4.5166852739990125e+17 4.423545597261885e+17 4.3259347210695226e+17 4.22244253696388e+17 4.110903990478858e+17 3.8464867718745197e+17 3.672535736605156e+17 3.419541821544031e+17
7250.001015702669 9.138091851411663e+17 8.796956456376822e+17 8.434943975870857e+17 8.0469044691193e+17 7.627610319831133e+17 7.168418740342881e+17 6.657971879377658e+17 6.378755657042601e+17 6.08017757213362e+17 5.759453436307649e+17 5.555038184385709e+17 5.413272999059071e+17 5.191626172657994e+17 5.0372629030408454e+17 4.7939368364794746e+17 4.621696897156624e+17 4.531530966342934e+17 4.437844796731705e+17 4.3396928813255654e+17 4.235666308583948e+17 4.123606794519786e+17 3.858233401245728e+17 3.683915032812414e+17 3.43078160128146e+17
7270.0010185046085 9.119996757520038e+17 8.779991422061065e+17 8.418316915921494e+17 8.031474174854083e+17 7.613094573245576e+17 7.15516565712375e+17 6.646301479652463e+17 6.367889450808095e+17 6.070277770071896e+17 5.750636063530045e+17 5.546897897198573e+17 5.40560197982762e+17 5.1847414535376525e+17 5.030920966419732e+17 4.788459275674076e+17 4.616828346012027e+17 4.52697415750334e+17 4.433612631350249e+17 4.335793863505397e+17 4.232114824101798e+17 4.1204169419034566e+17 3.855810920230377e+17 3.6818874884631846e+17 3.429085775337091e+17
7290.001021306549 8.946143310100111e+17 8.613229654755529e+17 8.259586609066821e+17 7.881144184197562e+17 7.472376728649576e+17 7.025679588356813e+17 6.530135366448983e+17 6.259511395696015e+17 5.97067429416748e+17 5.660885694466516e+17 5.463671131981876e+17 5.326994162128875e+17 5.1134124956604685e+17 4.964680807253979e+17 4.730107221302662e+17 4.563833931326039e+17 4.476675016515066e+17 4.3860093467187936e+17 4.290887470639689e+17 4.189903107721371e+17 4.0808983838221997e+17 3.821634960561842e+17 3.6502686430381555e+17 3.3997040455860365e+17
7310.001024108488 9.044063338256266e+17 8.708465837441705e+17 8.351913580662189e+17 7.969825467888e+17 7.557064437855359e+17 7.105197304599409e+17 6.603039479303676e+17 6.32837673730686e+17 6.034843798395793e+17 5.719534515783642e+17 5.518585753064762e+17 5.3792351138813254e+17 5.161350300793692e+17 5.009572497838291e+17 4.7702457813906003e+17 4.600731898871592e+17 4.511943257566043e+17 4.4196509385574234e+17 4.322908367391095e+17 4.220313566682291e+17 4.109712215396253e+17 3.847353802401585e+17 3.6745800807280314e+17 3.42290940681036e+17
7330.001026910419 9.006305747798724e+17 8.674367970794644e+17 8.321384381507836e+17 7.943078181907489e+17 7.533868026218424e+17 7.085754112237275e+17 6.587443662032397e+17 6.314710432323018e+17 6.023069422038053e+17 5.7097577318327706e+17 5.510010219627527e+17 5.371457445156766e+17 5.154820752120235e+17 5.0038828064281574e+17 4.765834298333122e+17 4.597181779477463e+17 4.5088299445365856e+17 4.4169835925865645e+17 4.3206938467777683e+17 4.218566462444017e+17 4.1084559473007123e+17 3.84723128806356e+17 3.675215984886516e+17 3.4247304481648e+17
7350.001029712358 9.042715422345859e+17 8.708560549892735e+17 8.35330477835324e+17 7.972584225259169e+17 7.560742907541231e+17 7.109731010705594e+17 6.608298116957979e+17 6.33391170081777e+17 6.040600245236392e+17 5.7254845811654266e+17 5.524632733587307e+17 5.3853419941026477e+17 5.1675829667093677e+17 5.015904609279711e+17 4.7767689877873645e+17 4.607422175205498e+17 4.518734337299939e+17 4.426555974830669e+17 4.329947150126615e+17 4.227509782530312e+17 4.117099680303109e+17 3.8552929511514195e+17 3.682964344386018e+17 3.432032277146981e+17
7370.0010325142985 9.03603007635663e+17 8.70423488428487e+17 8.350865065878066e+17 7.97222744205455e+17 7.562313206558701e+17 7.113279174462863e+17 6.613740107065756e+17 6.340242641628865e+17 6.047753742125998e+17 5.7334076646564326e+17 5.5330152290702266e+17 5.39402513412059e+17 5.176702106399951e+17 5.02530357731592e+17 4.7865818719823034e+17 4.617510363798092e+17 4.528963228963242e+17 4.436932091706373e+17 4.34047778632733e+17 4.2382155936502464e+17 4.12801314364767e+17 3.8668652635302874e+17 3.695177836561776e+17 3.445596979050405e+17
7390.001035316238 8.871823379743373e+17 8.546493956180763e+17 8.200768479589332e+17 7.830602279037993e+17 7.430509666991951e+17 6.992683769513761e+17 6.506376044104517e+17 6.240530311076416e+17 5.956506500408858e+17 5.651579163689696e+17 5.4572786341383955e+17 5.322537386522338e+17 5.1118651678011334e+17 4.965061697094516e+17 4.733384217673562e+17 4.569076230948194e+17 4.482920593173862e+17 4.393280394913402e+17 4.299220994925118e+17 4.199354300344397e+17 4.091549745842819e+17 3.835179641927427e+17 3.665836438634567e+17 3.4185223083626394e+17
7410.001038118179 8.761241165401144e+17 8.442083749157609e+17 8.103055060595017e+17 7.739803474650154e+17 7.34773944125274e+17 6.918757123184545e+17 6.442358656705939e+17 6.181914273491228e+17 5.903570047027067e+17 5.6046167049357357e+17 5.4140201499877254e+17 5.2817973298253e+17 5.074918432651187e+17 4.9306554002954656e+17 4.702767588762617e+17 4.5409568203918483e+17 4.456031676682514e+17 4.367614328221204e+17 4.2747651193411955e+17 4.176096773689517e+17 4.069475395979809e+17 3.815422863813113e+17 3.6472147645865875e+17 3.401101125614023e+17
7430.001040920119 8.84721902720176e+17 8.525506643015596e+17 8.183473473723546e+17 7.816887307898184e+17 7.420098082548404e+17 6.985492890743137e+17 6.502249052520959e+17 6.23778093039931e+17 5.955075175259151e+17 5.651383572368342e+17 5.457796845465053e+17 5.323507811590399e+17 5.1135015125414176e+17 4.967128492108856e+17 4.7360963781352403e+17 4.572214579393364e+17 4.48627173278423e+17 4.3968498422937414e+17 4.303012165041085e+17 4.203377625178223e+17 4.0958254428171974e+17 3.840101229517652e+17 3.671256189034274e+17 3.424796876638905e+17
7450.001043722049 8.861935084187482e+17 8.540307756892928e+17 8.198475542155648e+17 7.83193686376427e+17 7.435182404484598e+17 7.000461434204027e+17 6.516716024021585e+17 6.251881621142171e+17 5.968628158659681e+17 5.6642090304519795e+17 5.4700899949655136e+17 5.33543634482196e+17 5.1247941441838714e+17 4.9779748088790835e+17 4.746247727220575e+17 4.58190211833208e+17 4.495734727852165e+17 4.4060968438701254e+17 4.3120540875947757e+17 4.212229298760954e+17 4.10450834771155e+17 3.848573193629335e+17 3.679756658343714e+17 3.433590048218205e+17
7470.001046523989 8.90613898615922e+17 8.583882803441464e+17 8.241279561652426e+17 7.87356673305933e+17 7.475449343881829e+17 7.038672605694798e+17 6.552222384762017e+17 6.285687011618218e+17 6.00041718727028e+17 5.693581469785555e+17 5.4977807129777645e+17 5.361898632702985e+17 5.149271897797066e+17 5.0010185621683526e+17 4.76703214976796e+17 4.601124505169683e+17 4.514167448418693e+17 4.423735719920989e+17 4.3288964739801344e+17 4.2282770157272e+17 4.119760935151054e+17 3.86225229545551e+17 3.69268510760535e+17 3.4458348699175104e+17
7490.001049325929 8.834955277012378e+17 8.516824004332279e+17 8.178144681714179e+17 7.81503698052716e+17 7.421490127637942e+17 6.989981938238396e+17 6.509314534393498e+17 6.245941355222484e+17 5.964055901712328e+17 5.660925667681656e+17 5.467539563633951e+17 5.333332720903564e+17 5.1233444470360314e+17 4.9769477026733376e+17 4.7458374439074477e+17 4.581908175321983e+17 4.4959548911357114e+17 4.406534084060503e+17 4.312718683842324e+17 4.2131335652015674e+17 4.10567242898366e+17 3.850381311576416e+17 3.682020447937463e+17 3.4365240470121146e+17
7510.001052127869 8.836569808245626e+17 8.518934483058131e+17 8.180901913848307e+17 7.818243388499904e+17 7.425316145401358e+17 6.994335755144749e+17 6.514291715861567e+17 6.251132451912584e+17 5.969461810201e+17 5.66648197965394e+17 5.473139538677313e+17 5.3389400800192864e+17 5.1289424387480966e+17 4.9825216015251456e+17 4.751373510575125e+17 4.587419554009468e+17 4.5014608568629606e+17 4.4120458122281875e+17 4.318244945750481e+17 4.2186911378284435e+17 4.1112834318539974e+17 3.856233196519986e+17 3.688160559588393e+17 3.443350029607119e+17
7530.001054929809 8.835410088680892e+17 8.518308335050277e+17 8.180469880666195e+17 7.818468365538387e+17 7.426007011429459e+17 6.995765358251937e+17 6.516593146851058e+17 6.253869591678308e+17 5.972649871213487e+17 5.6700776244730944e+17 5.4769589364205677e+17 5.3428983682093606e+17 5.1330610115693376e+17 4.986726507643837e+17 4.7556733852442323e+17 4.591771819927144e+17 4.505834251354251e+17 4.41644184172087e+17 4.3226689583142874e+17 4.223148373262148e+17 4.11578498050031e+17 3.8608860728699066e+17 3.692968540922023e+17 3.448509470891814e+17
7550.001057731749 8.850759183696649e+17 8.533469892906642e+17 8.195476243722714e+17 7.832875714139983e+17 7.439945664237976e+17 7.009046813291497e+17 6.528821677638245e+17 6.265630903787875e+17 5.983889293114065e+17 5.680777460822729e+17 5.487289940448793e+17 5.353003957442571e+17 5.142827163988048e+17 4.996262784617702e+17 4.764895966756406e+17 4.600815974503645e+17 4.5148054059447744e+17 4.425348905988496e+17 4.331526700497752e+17 4.231979783534421e+17 4.124617770681443e+17 3.869872534662301e+17 3.7021939779132006e+17 3.4582728022761805e+17
7570.001060533678 8.784442461116388e+17 8.469923204643425e+17 8.135368286387835e+17 7.776425239506163e+17 7.387757627825558e+17 6.961502404671643e+17 6.486963741726578e+17 6.226944173587732e+17 5.948650780995613e+17 5.649375259240311e+17 5.458412428343397e+17 5.325879781279083e+17 5.1184596818077734e+17 4.97381608081973e+17 4.7454074090446483e+17 4.5833304404563834e+17 4.4983300585780294e+17 4.4098885201048294e+17 4.317086181675372e+17 4.2185623772539104e+17 4.112234126950094e+17 3.859606714871275e+17 3.693028212829976e+17 3.450279902956544e+17
7590.001063335619 8.766591559638446e+17 8.453888162717549e+17 8.121151086533802e+17 7.764003105461875e+17 7.377393657599974e+17 6.952972549148453e+17 6.480094225061727e+17 6.220870120908878e+17 5.943269772634678e+17 5.644575701990669e+17 5.4539067352217734e+17 5.321535114548778e+17 5.1143678051773536e+17 4.96986608315786e+17 4.741674052020951e+17 4.579759932780147e+17 4.494845715074734e+17 4.406497279059855e+17 4.313797367744677e+17 4.215390638511691e+17 4.1091969409191046e+17 3.856927062169833e+17 3.690624450260685e+17 3.448342974756978e+17
7610.001066137558 8.730554929212938e+17 8.419770294704517e+17 8.089030496878595e+17 7.734228827797573e+17 7.349705811789408e+17 6.928155665847186e+17 6.458598376063885e+17 6.201260582052764e+17 5.925927192531459e+17 5.629778724300582e+17 5.440818177074322e+17 5.3096616095069184e+17 5.104407982131651e+17 4.9612659803837594e+17 4.7351933140609574e+17 4.574737885260548e+17 4.4905632683231834e+17 4.402962458619869e+17 4.311018094545086e+17 4.213380938987464e+17 4.107980599214542e+17 3.8574353611878246e+17 3.6921395949930765e+17 3.451149311330782e+17
7630.001068939499 8.749417643657751e+17 8.438823909175241e+17 8.108544472677692e+17 7.753931054707626e+17 7.369536920506432e+17 6.947678591152221e+17 6.477465264965638e+17 6.2195262352056e+17 5.943258818953827e+17 5.645843966745052e+17 5.455920549900294e+17 5.324034145724728e+17 5.117543648241142e+17 4.9734706038295904e+17 4.745896249070393e+17 4.5843798074834477e+17 4.499670384332753e+17 4.411536146537497e+17 4.3190642859219974e+17 4.2209053641525805e+17 4.114991902847669e+17 3.8634683237675366e+17 3.697748941284832e+17 3.456483126527803e+17
7650.001071741439 8.716741487320675e+17 8.40867262788053e+17 8.080454210227658e+17 7.72838148893451e+17 7.346727716832221e+17 6.927814450171805e+17 6.46076610722946e+17 6.204703477640219e+17 5.930398508573622e+17 5.635174338582543e+17 5.4466612885166355e+17 5.315752237956159e+17 5.1107748221316966e+17 4.9677432378463456e+17 4.7417671481950074e+17 4.581324959903629e+17 4.4971560101481696e+17 4.409563833316583e+17 4.3176367022918714e+17 4.220028176928425e+17 4.11467680415643e+17 3.8643778971161645e+17 3.699382364569955e+17 3.4590585823802835e+17
7670.001074543379 8.539706732196526e+17 8.23923344410953e+17 7.919640549796332e+17 7.576766345327112e+17 7.205499399786077e+17 6.798229463989256e+17 6.344729342124727e+17 6.096225923668984e+17 5.830251128560645e+17 5.5441459207838355e+17 5.361533311724256e+17 5.234728538180871e+17 5.036172141310317e+17 4.8975733264027136e+17 4.678437511457475e+17 4.522643162208935e+17 4.440812433807369e+17 4.3555679047974285e+17 4.265994978984893e+17 4.170753454526633e+17 4.067782197664612e+17 3.822289392037709e+17 3.659716566667159e+17 3.421844503267029e+17
7690.001077345319 8.662200693118854e+17 8.358628592023953e+17 8.035121198740796e+17 7.687910165747328e+17 7.311313172179151e+17 6.897593135255972e+17 6.435973885422602e+17 6.182658328916236e+17 5.911319245512902e+17 5.6191586447017094e+17 5.432543088707046e+17 5.3029301025773165e+17 5.099931217757486e+17 4.9582512280779974e+17 4.7343218185895226e+17 4.575265327779807e+17 4.491793033050196e+17 4.4049086183832134e+17 4.313697176237628e+17 4.216823940219944e+17 4.11223982605478e+17 3.863666944930921e+17 3.6997533917888486e+17 3.460948443242931e+17
7710.001080147249 8.583362508056664e+17 8.28213438765926e+17 7.961384578688541e+17 7.61722235788082e+17 7.244272573047706e+17 6.834779868370593e+17 6.378407008157265e+17 6.128136602805143e+17 5.860162664797733e+17 5.57169936237403e+17 5.387476367099978e+17 5.2595283025032326e+17 5.0590991817028326e+17 4.9192001343215994e+17 4.697997554170675e+17 4.540796725111038e+17 4.458262679467883e+17 4.3723179034385946e+17 4.282053915873584e+17 4.1861304381739283e+17 4.0824916919509037e+17 3.835731956857698e+17 3.672606907979989e+17 3.43435275497843e+17
7730.0010829491885 8.606538057559951e+17 8.304063851781667e+17 7.981888377495635e+17 7.63618920514513e+17 7.261444606953157e+17 6.85023779152803e+17 6.392012699936228e+17 6.140820644100279e+17 5.871868930392786e+17 5.5825048468228397e+17 5.397781989098736e+17 5.2695320474253997e+17 5.068732951855976e+17 4.9286293215601274e+17 4.707214612671518e+17 4.54992735350708e+17 4.4673664477333274e+17 4.3814070827538656e+17 4.291139913989742e+17 4.1952268436736525e+17 4.0916205416392544e+17 3.84502200628592e+17 3.6820570427950266e+17 3.444054595292931e+17
7750.001085751129 8.514729336063519e+17 8.217748470668753e+17 7.90130209306686e+17 7.561676935458213e+17 7.193690814938138e+17 6.789763200732828e+17 6.339607558843325e+17 6.092780273123932e+17 5.82855040320466e+17 5.544199336796533e+17 5.362637404230848e+17 5.236542255768887e+17 5.039057860849704e+17 4.9011842090878816e+17 4.683161563521652e+17 4.528152093888027e+17 4.446739337670187e+17 4.361938530905954e+17 4.272840446239962e+17 4.178116659061331e+17 4.0757270862253434e+17 3.831729074009778e+17 3.6702537842730797e+17 3.434152390581192e+17
7770.001088553068 8.568887493586806e+17 8.273967037143162e+17 7.959412846086756e+17 7.621150942675145e+17 7.253795330831689e+17 6.849549893579183e+17 6.397761158861967e+17 6.149512324463313e+17 5.883258874603539e+17 5.5962745229102803e+17 5.412779608471412e+17 5.285258292251361e+17 5.0853865989106925e+17 4.945783858606228e+17 4.724927250694809e+17 4.5679015658627936e+17 4.485445195820083e+17 4.399579506249306e+17 4.3094028175348634e+17 4.213594858981714e+17 4.110130340164604e+17 3.864118683332462e+17 3.701858298724369e+17 3.465450892803275e+17
7790.001091355009 8.591929216254797e+17 8.293198562912145e+17 7.974866885066985e+17 7.632950788401581e+17 7.262114230407732e+17 6.854604483250556e+17 6.399725255324049e+17 6.149949014215835e+17 5.882204542922979e+17 5.5936999026711763e+17 5.4092830400279776e+17 5.281155089657368e+17 5.080391335402339e+17 4.940207653352642e+17 4.718570948733591e+17 4.561109603044689e+17 4.4784677591288666e+17 4.392443397843106e+17 4.302134819899998e+17 4.206216766167422e+17 4.102660988239232e+17 3.856511910729957e+17 3.6941971769248026e+17 3.4577766837899034e+17
7810.001094156948 8.560594463514757e+17 8.263613480277317e+17 7.94729747557458e+17 7.60719346831972e+17 7.238277943335471e+17 6.832830888418423e+17 6.380336656910272e+17 6.132093662211044e+17 5.866085328723072e+17 5.579697408088568e+17 5.39678341926728e+17 5.269735203490806e+17 5.070743585609745e+17 4.931848877722416e+17 4.7122713588198144e+17 4.556258905142222e+17 4.4743580312103264e+17 4.3890897871947085e+17 4.299557419951595e+17 4.204441812760448e+17 4.1017269365762854e+17 3.8574656014783424e+17 3.696286537322519e+17 3.4612997644858214e+17
7830.001096958878 8.476748884093363e+17 8.184603116016556e+17 7.873356216787985e+17 7.538908950628625e+17 7.175993038108147e+17 6.777139064160933e+17 6.332047895618963e+17 6.087644210294908e+17 5.825768336494349e+17 5.543675500773143e+17 5.363430415116754e+17 5.2381958791765677e+17 5.041952559102026e+17 4.904911722881344e+17 4.688127036877543e+17 4.533968012131112e+17 4.45299461530468e+17 4.3686530858130874e+17 4.28004651798205e+17 4.185857204792808e+17 4.084070580460297e+17 3.841686203644843e+17 3.6814781300566624e+17 3.447568328542551e+17
7850.001099760818 8.476719852898833e+17 8.184898551435702e+17 7.874001302896677e+17 7.539791026493944e+17 7.177103795419889e+17 6.778417550715201e+17 6.333371775740223e+17 6.088989218161748e+17 5.827096093125655e+17 5.545007802659694e+17 5.364764596979024e+17 5.239556909190732e+17 5.0433731571089504e+17 4.906388445105202e+17 4.6897424635279264e+17 4.5357136280505536e+17 4.454812668910824e+17 4.370549856233425e+17 4.28202992219389e+17 4.1879377799532096e+17 4.086262092839425e+17 3.844161506140056e+17 3.684131298072661e+17 3.4503815575149485e+17
7870.001102562758 8.522247354899393e+17 8.229581611983599e+17 7.917423975968215e+17 7.581531807913732e+17 7.216870274996314e+17 6.815503384786757e+17 6.366893773584892e+17 6.120373143899544e+17 5.856076036548596e+17 5.571201914667308e+17 5.3890946408938086e+17 5.262567429745901e+17 5.0643043434004576e+17 4.925878517715441e+17 4.7069821669619085e+17 4.551426974383815e+17 4.4697686687433126e+17 4.3847536320773824e+17 4.295485747468591e+17 4.200656329562838e+17 4.098256259467271e+17 3.8547656500431245e+17 3.6940887647959264e+17 3.4597079174336557e+17
7890.001105364698 8.491971924482124e+17 8.200711432423565e+17 7.889839972107528e+17 7.55558568172595e+17 7.192231660895082e+17 6.79247773571592e+17 6.345703901972191e+17 6.100234473413532e+17 5.836996397497225e+17 5.553318440960622e+17 5.372024181113555e+17 5.2460638213268544e+17 5.0487073503137946e+17 4.9109058345010797e+17 4.6930009186215955e+17 4.5381313347337856e+17 4.456815875838015e+17 4.372141701402237e+17 4.283213016810088e+17 4.188716835189439e+17 4.086633134203917e+17 3.8436430657787885e+17 3.68298136008512e+17 3.4479073043323264e+17
7910.001108166639 8.420393432129048e+17 8.131011915696319e+17 7.822294395147013e+17 7.490505778663075e+17 7.130138089186624e+17 6.734065920125468e+17 6.291877329375332e+17 6.049156498583936e+17 5.789119706401147e+17 5.509145435469977e+17 5.3303543906259456e+17 5.206155333946197e+17 5.0116546344657235e+17 4.875863088088121e+17 4.661118128376407e+17 4.5084239069578176e+17 4.4282115952270746e+17 4.344650400005392e+17 4.256838755010068e+17 4.163461195225422e+17 4.062492060791904e+17 3.8216244105146906e+17 3.6618145233058675e+17 3.427018083692981e+17
7930.001110968578 8.279004707813071e+17 7.997453300833494e+17 7.697180331508284e+17 7.374506619731212e+17 7.02415663801149e+17 6.639196914614657e+17 6.209449796525283e+17 5.973663057784902e+17 5.721046277108683e+17 5.449069355868e+17 5.275329314511966e+17 5.154616017268301e+17 4.9654720753850355e+17 4.8333373138862586e+17 4.6241346071168064e+17 4.475154073962781e+17 4.39679828936535e+17 4.315092160231847e+17 4.229139406921371e+17 4.137628545491655e+17 4.0385470017401094e+17 3.801613587831826e+17 3.6439825117742394e+17 3.411880866686551e+17
7950.001113770509 8.300407847991249e+17 8.017606123849064e+17 7.715983485981347e+17 7.391499847575464e+17 7.039357136175347e+17 6.652041650371898e+17 6.219611797447323e+17 5.982264848037843e+17 5.727940531707412e+17 5.454163192129557e+17 5.279297248371825e+17 5.157825893755907e+17 4.967530483543731e+17 4.8346414949137e+17 4.6243538879232806e+17 4.474704833660253e+17 4.396038782978842e+17 4.314039061817732e+17 4.2278110947125434e+17 4.136045790028025e+17 4.036729521788542e+17 3.799372760733429e+17 3.641520797498011e+17 3.40905679249885e+17
7970.001116572449 8.401125319882205e+17 8.114376541132259e+17 7.808723042586628e+17 7.479932433547542e+17 7.122610456621124e+17 6.729576885557626e+17 6.290392007116402e+17 6.049076734776942e+17 5.790373633773253e+17 5.5116378023292077e+17 5.3335310203966054e+17 5.2097856377611776e+17 5.015915728686125e+17 4.8805407771855174e+17 4.666450721960499e+17 4.5142477794380717e+17 4.4343092902343405e+17 4.351049327923008e+17 4.263584436573014e+17 4.170610204110447e+17 4.070133612329237e+17 3.830762045373337e+17 3.672299639252769e+17 3.440133300995047e+17
7990.0011193743885 8.391878833535397e+17 8.107228666597224e+17 7.803117392647507e+17 7.475929412642541e+17 7.120168437968308e+17 6.728350946102289e+17 6.290172440931392e+17 6.049254856467044e+17 5.79087408192405e+17 5.5123013135340666e+17 5.334210749470749e+17 5.2104514724656326e+17 5.016491611515199e+17 4.8810434417322106e+17 4.6667962509032224e+17 4.5144825781578566e+17 4.434490901149526e+17 4.351184248382835e+17 4.263675718591117e+17 4.1706683312712525e+17 4.070168077267759e+17 3.830812229581722e+17 3.6724209127725203e+17 3.4404387629370906e+17
8010.001122176329 8.303811945899871e+17 8.022708991038701e+17 7.72274009388333e+17 7.400271302691524e+17 7.049778999823978e+17 6.664323143772343e+17 6.233500264321313e+17 5.9967897581222e+17 5.742934106341997e+17 5.4693685017291334e+17 5.294518192091484e+17 5.1730026219505786e+17 4.982568669628808e+17 4.849537248529368e+17 4.639034220682211e+17 4.4892614524870195e+17 4.4105546291569005e+17 4.328537568731288e+17 4.242328785118018e+17 4.150632607383857e+17 4.051460827833822e+17 3.814867800694441e+17 3.6579822804630624e+17 3.427824277407862e+17
8030.001124978268 8.295168549966011e+17 8.014386625101422e+17 7.71492222670945e+17 7.392834413626281e+17 7.042821670830783e+17 6.65790953230423e+17 6.227873063086632e+17 5.991732430900255e+17 5.7385379642670285e+17 5.465833774468963e+17 5.2915654474585536e+17 5.1704827766646874e+17 4.980736361610224e+17 4.8481998974543354e+17 4.6384493745807654e+17 4.489198584279749e+17 4.410760721916023e+17 4.329021663675222e+17 4.243098936313992e+17 4.151704182761792e+17 4.052856875190424e+17 3.8170357167503744e+17 3.660662938444563e+17 3.4312684571314144e+17
8050.001127780209 8.237601577280845e+17 7.959859284895071e+17 7.663424103799896e+17 7.344822951004515e+17 6.998608295610356e+17 6.617842236915041e+17 6.192353542721075e+17 5.958648593117545e+17 5.708097368132354e+17 5.4381240427505414e+17 5.265571478943568e+17 5.1456763586010643e+17 4.957761721713634e+17 4.8264765838384435e+17 4.618661722505792e+17 4.470718719114607e+17 4.39293918458222e+17 4.31185688062675e+17 4.226596626708363e+17 4.1358660724291866e+17 4.0376878839072646e+17 3.803230597240494e+17 3.647571787157469e+17 3.418962422855397e+17
8070.001130582138 8.288335043594094e+17 8.008850848613523e+17 7.710521676486289e+17 7.389373105268865e+17 7.040492884396739e+17 6.656280879265064e+17 6.226588495694505e+17 5.990392362418587e+17 5.737128466153897e+17 5.464162352479092e+17 5.2896735243572294e+17 5.168427148549879e+17 4.978428700078263e+17 4.8457244065505606e+17 4.6357721428154464e+17 4.486417745295432e+17 4.4079431786074963e+17 4.3261781650417024e+17 4.240247778575872e+17 4.1488629136922746e+17 4.0500494456380794e+17 3.814381693118416e+17 3.658127300134956e+17 3.428780203415428e+17
8090.0011333840785 8.17860667703117e+17 7.903150712214144e+17 7.6090775533018e+17 7.293082602536874e+17 6.949764975377958e+17 6.572280473052037e+17 6.150625972704123e+17 5.919122650230755e+17 5.6710617890985914e+17 5.403878096176958e+17 5.2331878036090694e+17 5.1145973058161126e+17 4.9287687990973926e+17 4.798954844281006e+17 4.5934647413115725e+17 4.4471601538652806e+17 4.3702236757058854e+17 4.29000692882973e+17 4.205632691656726e+17 4.115812611860375e+17 4.018567898489618e+17 3.786008485073421e+17 3.631208528697538e+17 3.4030184939259437e+17
8110.001136186018 8.234873246394327e+17 7.958343322290625e+17 7.662907597498836e+17 7.34500694315704e+17 6.999382339479668e+17 6.618847220816476e+17 6.193285525782469e+17 5.959340935783107e+17 5.708475750253415e+17 5.438063077821223e+17 5.265180341046775e+17 5.1450471391384614e+17 4.95674339531151e+17 4.825208606479281e+17 4.617044866059023e+17 4.468925532071011e+17 4.3910830027952704e+17 4.3099610870050874e+17 4.2246893011242605e+17 4.133982850625267e+17 4.0358671225506605e+17 3.8016591997704525e+17 3.646119820350618e+17 3.417230316474776e+17
8130.001138987959 8.24941360516424e+17 7.972989576091732e+17 7.677877914146936e+17 7.360033000783284e+17 7.014307552115283e+17 6.633527278520305e+17 6.207349908082299e+17 5.972912824220855e+17 5.7213696152949875e+17 5.450045291782574e+17 5.276529991150165e+17 5.15590446872123e+17 4.966827891912617e+17 4.8347221902934605e+17 4.625670207080131e+17 4.476955743390975e+17 4.398820205585924e+17 4.317414873388723e+17 4.2318694130361824e+17 4.140904882073575e+17 4.042558892037728e+17 3.808055206245682e+17 3.652582318636024e+17 3.424258486176183e+17
8150.001141789899 8.211310928069027e+17 7.936539515942541e+17 7.643154139282272e+17 7.32726558268343e+17 6.98365032330248e+17 6.605209404036837e+17 6.181825747355026e+17 5.949045487914698e+17 5.699355997568539e+17 5.4301404309890874e+17 5.258029680094319e+17 5.138418211518305e+17 4.950941513241776e+17 4.819980969325792e+17 4.612743956273433e+17 4.465297756653545e+17 4.3878161056555104e+17 4.307077942107706e+17 4.222214565552238e+17 4.1319536641122906e+17 4.0343375337272736e+17 3.80143349503407e+17 3.646891524667753e+17 3.4197493625424083e+17
8170.001144591839 8.188251302745097e+17 7.915020008866552e+17 7.623179028209413e+17 7.309168740183707e+17 6.967542278933759e+17 6.591359242555114e+17 6.170422627164673e+17 5.938936555473452e+17 5.690608445653734e+17 5.422823384317134e+17 5.2515712267714906e+17 5.1325332848118163e+17 4.9459130393782266e+17 4.815511994909062e+17 4.609094677689869e+17 4.462191487857575e+17 4.384979557577844e+17 4.3045137663063456e+17 4.21993136161522e+17 4.12995990131173e+17 4.0326500286262675e+17 3.800460257662306e+17 3.6464101853463014e+17 3.420087816352313e+17
8190.001147393778 7.974300657841659e+17 7.711256845856408e+17 7.43045285946274e+17 7.128402912637157e+17 6.800169984497212e+17 6.438992287541052e+17 6.03539570620272e+17 5.81368725203054e+17 5.575973717236569e+17 5.319793076937396e+17 5.1560132602477894e+17 5.042148062603123e+17 4.863595899327016e+17 4.738741028744981e+17 4.540829307565106e+17 4.399671942134162e+17 4.325346294477926e+17 4.247774532758888e+17 4.1660900482047584e+17 4.079030752737228e+17 3.984656303987225e+17 3.758483371799189e+17 3.607614153612729e+17 3.3849200138927866e+17
8210.001150195709 8.016321170877096e+17 7.751052663792553e+17 7.467870393044576e+17 7.163262499065116e+17 6.832141515853224e+17 6.46775874587286e+17 6.060607209752618e+17 5.836985352189408e+17 5.5973343611501344e+17 5.339188119148971e+17 5.174217530172681e+17 5.059565682282182e+17 4.8798453769718854e+17 4.754233429822565e+17 4.5552028740154003e+17 4.413316567591188e+17 4.338630952481694e+17 4.260701854055594e+17 4.1786649864561466e+17 4.091252727836772e+17 3.996525272991079e+17 3.769623452760834e+17 3.618335033961712e+17 3.395056488635772e+17
8230.001152997647 7.996619002435762e+17 7.732982495243757e+17 7.45174818350132e+17 7.149048702979372e+17 6.819917417633334e+17 6.457446015099199e+17 6.052130542722049e+17 5.829422221438611e+17 5.590530112320645e+17 5.3330141566117734e+17 5.168345429839128e+17 5.053855853635093e+17 4.8742981731023136e+17 4.748750593146809e+17 4.549776521103105e+17 4.407924574889744e+17 4.333261912562019e+17 4.255366403679747e+17 4.1733772861296806e+17 4.0860360472964794e+17 3.9914098619066003e+17 3.7648931682569517e+17 3.6140172718744934e+17 3.3916361524402323e+17
8250.00115579959 8.041763635605699e+17 7.777029960142282e+17 7.49413710189763e+17 7.189565918646941e+17 6.858247759791757e+17 6.49330377312249e+17 6.085085859696948e+17 5.860626235786001e+17 5.619855683299164e+17 5.360179291772822e+17 5.194092913771331e+17 5.0785997472386496e+17 4.897494870273547e+17 4.770868342633181e+17 4.5702381663899475e+17 4.427266689174246e+17 4.3520476833406803e+17 4.273600675702421e+17 4.1910677408511834e+17 4.1031959825646e+17 4.0080588989104794e+17 3.7806409398463546e+17 3.629462993975587e+17 3.40710327122288e+17
8270.001158601528 8.095503309680027e+17 7.828582206961853e+17 7.54333495069805e+17 7.236150893031407e+17 6.901919629211192e+17 6.533513936264795e+17 6.121005622440385e+17 5.89403372283522e+17 5.650388738893989e+17 5.3875511206787206e+17 5.219392271303439e+17 5.1024603508327066e+17 4.919094530553783e+17 4.790927189124479e+17 4.5879705446700154e+17 4.4434717043539904e+17 4.367507748641715e+17 4.288329937502382e+17 4.2050877999579866e+17 4.1165314563370374e+17 4.020744573298741e+17 3.792212584076401e+17 3.640675386779903e+17 3.41832101912283e+17
8290.001161403468 8.05863597105001e+17 7.793352074343827e+17 7.509967779012061e+17 7.204850356227619e+17 6.872812120911977e+17 6.506886264746442e+17 6.09732801965327e+17 5.871998257902204e+17 5.630201017757796e+17 5.3693630599347334e+17 5.202469167872166e+17 5.0864215040779264e+17 4.904427262022395e+17 4.777197984581713e+17 4.575681044456236e+17 4.4321582424640986e+17 4.356687302176499e+17 4.2780103867653005e+17 4.195272613846453e+17 4.1072287434717024e+17 4.011965258812305e+17 3.7845212693372045e+17 3.633562592521046e+17 3.411828991317395e+17
8310.001164205409 7.950150588632236e+17 7.688649561134889e+17 7.409429734241078e+17 7.108923310050636e+17 6.782173340417811e+17 6.42242543976631e+17 6.020360808175877e+17 5.799514029018333e+17 5.562750103983214e+17 5.307683202002127e+17 5.144669525686829e+17 5.0313795849144045e+17 4.8537959392780314e+17 4.729680524598084e+17 4.533054243305621e+17 4.3929104871058086e+17 4.3191521626755245e+17 4.2421979327768205e+17 4.1611951291573594e+17 4.074898332145162e+17 3.9813919444780077e+17 3.757444697740962e+17 3.6081027877958394e+17 3.387510867296699e+17
8330.001167007338 7.889225141612264e+17 7.63234633930893e+17 7.357832203708646e+17 7.062091545516175e+17 6.740402173614871e+17 6.385987309098019e+17 5.989296599129027e+17 5.771105578538924e+17 5.5369801932953594e+17 5.284410630018014e+17 5.122798876748873e+17 5.010402120711887e+17 4.834046777788026e+17 4.710673229761891e+17 4.5150764044945766e+17 4.3755623718410355e+17 4.302111873849956e+17 4.225463319114144e+17 4.144771426992885e+17 4.0587948944613146e+17 3.9656287760236416e+17 3.7425299404894784e+17 3.593855174090895e+17 3.3745306558242816e+17
8350.001169809279 7.940981327896326e+17 7.681366475237242e+17 7.403755714067053e+17 7.104971828087219e+17 6.77988349768017e+17 6.42182670775227e+17 6.021170983991692e+17 5.800913883266899e+17 5.5646683689712774e+17 5.309927655870953e+17 5.1470398114946976e+17 5.033796663639632e+17 4.856229987978848e+17 4.7320959613836634e+17 4.535420614277316e+17 4.3952515733053075e+17 4.3214916762000986e+17 4.244548922503558e+17 4.163578620057226e+17 4.0773418425851334e+17 3.9839359806623936e+17 3.7604360505213094e+17 3.61161339385605e+17 3.392186643533668e+17
8370.001172611219 7.965114848437215e+17 7.704501805834198e+17 7.425786572847994e+17 7.125771810961546e+17 6.799293003507853e+17 6.439552851512234e+17 6.036989201628301e+17 5.815559952349655e+17 5.577953597802267e+17 5.321679814761418e+17 5.157736317975968e+17 5.043749230520802e+17 4.864982074725883e+17 4.7400001821613843e+17 4.542008455021346e+17 4.4009518452128154e+17 4.326754295627106e+17 4.249378889951702e+17 4.1679863392762336e+17 4.0813375200601786e+17 3.987534608453529e+17 3.7633260859211296e+17 3.6142672360067936e+17 3.39491581602098e+17
8390.001175413157 7.850985921291446e+17 7.594719330481061e+17 7.320950405279066e+17 7.026109496809848e+17 6.705470970403777e+17 6.352169739289821e+17 5.956989159508499e+17 5.7397325504903776e+17 5.506752161318269e+17 5.255610118231095e+17 5.0950541569952704e+17 4.9834463286010886e+17 4.808460093399332e+17 4.6861295109484896e+17 4.492301074221352e+17 4.3541220776808557e+17 4.281388829895713e+17 4.2054962260019386e+17 4.125604224134263e+17 4.040475242013178e+17 3.948216752737827e+17 3.727187576780844e+17 3.579764474324122e+17 3.362080411809498e+17
8410.001178215098 7.93168463757343e+17 7.67343949664439e+17 7.39736715105861e+17 7.099952005656884e+17 6.776304178534537e+17 6.419593518300488e+17 6.020151265442135e+17 5.800341254373222e+17 5.5644230601890394e+17 5.3099129168155014e+17 5.147060877710757e+17 5.033796948974242e+17 4.856155312030417e+17 4.7319399839773446e+17 4.535128599319279e+17 4.39488766517893e+17 4.32111035143264e+17 4.244172850706249e+17 4.163235637362054e+17 4.077071000726019e+17 3.9837942439893984e+17 3.760883967659993e+17 3.612748470367944e+17 3.394889234913237e+17
8430.001181017038 7.816329080916215e+17 7.56178570011133e+17 7.289905283462653e+17 6.997501425230149e+17 6.679612661967863e+17 6.329843204351354e+17 5.938924048474868e+17 5.724144185540235e+17 5.4938398445726886e+17 5.2455467139495046e+17 5.0867558527083354e+17 4.976334721094622e+17 4.8031227983349664e+17 4.681969000071547e+17 4.489855812414249e+17 4.3527931252702944e+17 4.2806124302598854e+17 4.2052718469694534e+17 4.1259320414524954e+17 4.0413627844241005e+17 3.9496753137564717e+17 3.729877923923639e+17 3.583203822872754e+17 3.366639417587009e+17
8450.001183818968 7.825032129022678e+17 7.573723051659722e+17 7.305176893360419e+17 7.015621398335104e+17 6.700347070028209e+17 6.35254459464997e+17 5.96284114802082e+17 5.7483076754336314e+17 5.517969132577902e+17 5.269355999585782e+17 5.110193084770462e+17 4.9994501396497005e+17 4.825646856015103e+17 4.704032312075484e+17 4.5111499476759155e+17 4.373537059604248e+17 4.301077541946544e+17 4.2254616072622957e+17 4.145860031920417e+17 4.0610524471103354e+17 3.969171723343272e+17 3.749297573267357e+17 3.602962633192266e+17 3.387491522998525e+17
8470.00118662091 7.78614981212241e+17 7.53553111047604e+17 7.267832160235489e+17 6.97951987197681e+17 6.665624171611293e+17 6.319612622306897e+17 5.932092027230418e+17 5.718839209572135e+17 5.4899110945147725e+17 5.2428636292471904e+17 5.0847474600234e+17 4.974758138347538e+17 4.80216045178442e+17 4.6814062273438624e+17 4.489901635855456e+17 4.3532574700099526e+17 4.2812972488635424e+17 4.2061885855728134e+17 4.127103498858887e+17 4.042824096016046e+17 3.9514875757617254e+17 3.7327888602119654e+17 3.5871414535201e+17 3.372593441874847e+17
8490.001189422848 7.712284077805747e+17 7.464089450668492e+17 7.199076541371396e+17 6.913834712438533e+17 6.603742773054045e+17 6.262417370638769e+17 5.880954754481766e+17 5.6714468061341766e+17 5.4468856881102355e+17 5.2049390265713805e+17 5.05028540556628e+17 4.942773571291701e+17 4.774150600291095e+17 4.656187545307056e+17 4.4690349855198726e+17 4.335354547862964e+17 4.264879856843662e+17 4.191253701831382e+17 4.1136411249858106e+17 4.030818648475491e+17 3.940912458631492e+17 3.7248761915973805e+17 3.580251854501649e+17 3.3658640657767866e+17
8510.001192224789 7.383160196919273e+17 7.14851405250622e+17 6.898230400492165e+17 6.629146509781788e+17 6.337002009395538e+17 6.015901286300602e+17 5.6576071001451354e+17 5.461037722667115e+17 5.250460371362088e+17 5.0236233439535315e+17 4.8785620307665005e+17 4.777647526050267e+17 4.61915383965115e+17 4.5080431436504896e+17 4.331139574663374e+17 4.204121128461584e+17 4.136871904294707e+17 4.066368288616349e+17 3.991742143738924e+17 3.911724529130399e+17 3.8243726758498675e+17 3.6121874874307366e+17 3.468485161075579e+17 3.254874405221079e+17
8530.001195026729 7.632257526206701e+17 7.386488683763924e+17 7.124051627788686e+17 6.841611843345335e+17 6.534683109153059e+17 6.197118824770524e+17 5.82043719076809e+17 5.6139302391782995e+17 5.392974687713689e+17 5.155442758433868e+17 5.003915795149643e+17 4.898719591085443e+17 4.733935175549499e+17 4.618779827695981e+17 4.436173920390355e+17 4.3057028795814534e+17 4.236870584883704e+17 4.164906824168849e+17 4.0889755433940006e+17 4.0078573278462355e+17 3.919687974532636e+17 3.707293105021004e+17 3.56461895627423e+17 3.352271915672302e+17
8550.00119782867 6.56377027508941e+17 6.363822161288649e+17 6.151647110985463e+17 5.924918184470566e+17 5.680516554191378e+17 5.4142151098944045e+17 5.120139904198686e+17 4.960193571989341e+17 4.789844098110996e+17 4.6072287653926125e+17 4.49069299872172e+17 4.409599495632884e+17 4.281929136508521e+17 4.1919732435198726e+17 4.047423388852443e+17 3.942198094332498e+17 3.885874423506164e+17 3.826310514745038e+17 3.7626428220174374e+17 3.6936123563037574e+17 3.6172812986279174e+17 3.427000356824608e+17 3.29339418402984e+17 3.0857019228547136e+17
8570.001200630599 7.769749792528155e+17 7.521332011101784e+17 7.255552291448013e+17 6.968855608314557e+17 6.656501358016448e+17 6.311822704777812e+17 5.925459453103342e+17 5.712747060970564e+17 5.484351855870202e+17 5.237880633019051e+17 5.0801577718878515e+17 4.9704679311875456e+17 4.798404065170582e+17 4.678078514048906e+17 4.4873897788335277e+17 4.3514533692073875e+17 4.279912898553857e+17 4.205279512320937e+17 4.1267353688419904e+17 4.0430796707879174e+17 3.952475140536177e+17 3.735784251955725e+17 3.5916758882952723e+17 3.379593298691262e+17
8590.00120343254 7.642309958883891e+17 7.401007420255692e+17 7.143009206956765e+17 6.864892391034899e+17 6.56179756899321e+17 6.227338397610732e+17 5.85231771586588e+17 5.6457531962997914e+17 5.4238745929215814e+17 5.1842784126582976e+17 5.030847030099372e+17 4.924064171499663e+17 4.7564188223536634e+17 4.639045361620566e+17 4.4527446554104083e+17 4.31967799169166e+17 4.249551723827923e+17 4.1763212568345126e+17 4.0991713531089434e+17 4.016906052171534e+17 3.9276950510640826e+17 3.7138342405756934e+17 3.571197770929461e+17 3.360775166698569e+17
8610.001206234478 7.615190361301597e+17 7.376099560247539e+17 7.12036486577483e+17 6.844575179136993e+17 6.544044384662408e+17 6.212182446386478e+17 5.839875154443668e+17 5.634671121348906e+17 5.414139796267364e+17 5.1758841214452794e+17 5.023223671984797e+17 4.9169488601548454e+17 4.750039540385606e+17 4.633135500835871e+17 4.4475023162546944e+17 4.314862341629381e+17 4.244945238246831e+17 4.1719229208707424e+17 4.094983746012796e+17 4.0129362335765914e+17 3.9239566970572845e+17 3.7106718260611776e+17 3.5684851308415686e+17 3.3589208291478374e+17
8630.001209036418 7.700626013877517e+17 7.455300242695142e+17 7.192912649740344e+17 6.910097112746808e+17 6.602029250769501e+17 6.262309083289492e+17 5.881665403002981e+17 5.6721215162149414e+17 5.447132056076879e+17 5.2042518930129363e+17 5.048751201954339e+17 4.9405636378374406e+17 4.770761887811687e+17 4.6519532354615296e+17 4.4635550077029734e+17 4.329175654312577e+17 4.258433401866205e+17 4.184622113469242e+17 4.1069297944841805e+17 4.0241666840217594e+17 3.934512322437734e+17 3.7200292718173216e+17 3.5773724834652e+17 3.3675348942772064e+17
8650.001211838358 7.602730696604321e+17 7.362969418889797e+17 7.106294387777325e+17 6.829306862871437e+17 6.527370110441938e+17 6.194151711397948e+17 5.820868068980054e+17 5.615539367966788e+17 5.395287493691146e+17 5.157868584127652e+17 5.0060766835102163e+17 4.900560045106247e+17 4.7350875738276736e+17 4.619367380898804e+17 4.435843817047379e+17 4.304817364149736e+17 4.235761633387563e+17 4.163633994542836e+17 4.0876188401586125e+17 4.0065255349317606e+17 3.918533890241267e+17 3.7073443395964954e+17 3.56624872572976e+17 3.357601107717262e+17
8670.001214640299 6.612989148376134e+17 6.416803972825556e+17 6.2076990145491e+17 5.983100149568315e+17 5.7395680612396794e+17 5.4724564628271014e+17 5.175316453446688e+17 5.012758464296414e+17 4.838926693948232e+17 4.651834947735097e+17 4.5320927850911443e+17 4.4486354884181894e+17 4.3170830129513344e+17 4.2243263107613286e+17 4.075313204657153e+17 3.967017159896393e+17 3.909171290426293e+17 3.848130053182688e+17 3.7830760819703354e+17 3.712824239477206e+17 3.6355566225846554e+17 3.445172523594593e+17 3.31330493154328e+17 3.1103430208921376e+17
8690.001217442239 7.477045607878527e+17 7.242603518998344e+17 6.991592384486024e+17 6.720784642263857e+17 6.425681476303365e+17 6.100183242162199e+17 5.735719431978016e+17 5.535312641865868e+17 5.3203484337949114e+17 5.088600118606058e+17 4.9403831090112275e+17 4.837306946310504e+17 4.6755801676348416e+17 4.562395340745987e+17 4.38275335692748e+17 4.254381684153129e+17 4.1866883562046944e+17 4.115956906941546e+17 4.0413853391359974e+17 3.961797916199087e+17 3.875397159937537e+17 3.667802581498096e+17 3.5289097046021414e+17 3.323268947016598e+17
8710.001220244169 7.589747548734184e+17 7.348470151827502e+17 7.090639359610015e+17 6.812880337692996e+17 6.51067891177207e+17 6.177811271660869e+17 5.805445088343992e+17 5.6007329976247405e+17 5.381093719530253e+17 5.1441901857006234e+17 4.992600005853862e+17 4.887152527849498e+17 4.721686718961749e+17 4.605910011223819e+17 4.4222669682788006e+17 4.291205863514684e+17 4.2221770931846566e+17 4.1501222450212614e+17 4.074243685002869e+17 3.993367936273007e+17 3.9057005015785715e+17 3.695684580590985e+17 3.5557385765121376e+17 3.3494996243795635e+17
8730.001223046109 7.54762840256177e+17 7.31185520072474e+17 7.059507386524824e+17 6.786887176419194e+17 6.489733924107116e+17 6.161522546129129e+17 5.793531696369687e+17 5.590826824667251e+17 5.3731089268750266e+17 5.1379908965374426e+17 4.9874065243343494e+17 4.882604785866124e+17 4.718042385922031e+17 4.602823998225553e+17 4.419960134689005e+17 4.289381581075857e+17 4.220585708971183e+17 4.148759409520017e+17 4.07310773457143e+17 3.9924632425669075e+17 3.905038049494096e+17 3.69560003315332e+17 3.556071817279619e+17 3.35053777195828e+17
8750.00122584805 7.313892068367537e+17 7.101435029741395e+17 6.872791054641066e+17 6.624767529016872e+17 6.352249252931782e+17 6.048830464055302e+17 5.7051630642394624e+17 5.514410097331317e+17 5.308365731050762e+17 5.0845510430570106e+17 4.940500583189431e+17 4.839906563203138e+17 4.681379418050992e+17 4.569947090296211e+17 4.392273121294142e+17 4.264767699727417e+17 4.197374907907673e+17 4.126863026215548e+17 4.0524391968380704e+17 3.9729416093850694e+17 3.886591339816432e+17 3.6791425417121446e+17 3.5405661426913734e+17 3.33606434483032e+17
8770.001228649988 7.537603468410216e+17 7.305824380334948e+17 7.05695253337904e+17 6.787702082019766e+17 6.493192113134369e+17 6.167029748526835e+17 5.800111736051854e+17 5.597517281330141e+17 5.3795491973726234e+17 5.143791665498584e+17 4.992611979424952e+17 4.8873262178606944e+17 4.7219270071043514e+17 4.606084542950239e+17 4.422235085296572e+17 4.2910034370889894e+17 4.2218953605667424e+17 4.149775283147236e+17 4.073854269490475e+17 3.9929733171735104e+17 3.9053585002696954e+17 3.6957905940684966e+17 3.556471913355756e+17 3.351708671419217e+17
8790.001231451928 7.5241188845663e+17 7.286520033563523e+17 7.032664732479156e+17 6.759159478272191e+17 6.461531733172558e+17 6.133690913886189e+17 5.76675108265629e+17 5.564880012393191e+17 5.348137282097685e+17 5.114200700820528e+17 4.964406634553962e+17 4.860177067674424e+17 4.69653996207161e+17 4.581985098739608e+17 4.400233941314261e+17 4.270498299083452e+17 4.20216254305664e+17 4.1308306123858675e+17 4.0557149784319846e+17 3.975659319992276e+17 3.8888908598281574e+17 3.681105296654094e+17 3.54274212039191e+17 3.339036211380686e+17
8810.00123425386 7.393973904496598e+17 7.160274315796083e+17 6.910661706096444e+17 6.64238446209964e+17 6.350909225689564e+17 6.030527310036756e+17 5.672744658977696e+17 5.4762766990787117e+17 5.2656982938625094e+17 5.0387257205216934e+17 4.8935479948696845e+17 4.792576773836801e+17 4.6340987275605056e+17 4.5231607843100685e+17 4.347031298098056e+17 4.221157227299212e+17 4.154782019743256e+17 4.085429110922852e+17 4.0123134386613523e+17 3.9342841861326086e+17 3.84957774918162e+17 3.646079490984617e+17 3.509990223122764e+17 3.3087564045045843e+17
8830.001237055798 7.464065150613638e+17 7.231261778808896e+17 6.982132314730664e+17 6.713262540542967e+17 6.420392817128389e+17 6.09705346709284e+17 5.734537704047135e+17 5.534807940952471e+17 5.3201833295197965e+17 5.088276296012285e+17 4.939675948177391e+17 4.8362123007568205e+17 4.673710577364549e+17 4.559906788073406e+17 4.379258501673823e+17 4.250263117648162e+17 4.1823030239663155e+17 4.1113556208531584e+17 4.036636568605767e+17 3.956998289078931e+17 3.870678829904487e+17 3.66400732293528e+17 3.526460624799601e+17 3.324104777789325e+17
8850.001239857738 7.405096725585399e+17 7.184388664777958e+17 6.946696637677027e+17 6.68841632372367e+17 6.40496842078383e+17 6.089812648969161e+17 5.733915789238066e+17 5.536857581927412e+17 5.324477450291525e+17 5.094350519258941e+17 4.9465731455783725e+17 4.8435665301631155e+17 4.6815988964581914e+17 4.568048055666457e+17 4.3876315199247174e+17 4.2586995080987834e+17 4.190749844748632e+17 4.119801410273622e+17 4.045072700851131e+17 3.965417841451854e+17 3.87908124713592e+17 3.672402712152499e+17 3.534915407385671e+17 3.3328284372594566e+17
8870.001242659679 7.135420362487099e+17 6.937013169481587e+17 6.72256340973826e+17 6.488200163039027e+17 6.229669907558081e+17 5.94036562239206e+17 5.611378043129218e+17 5.4282489983193254e+17 5.230085194941052e+17 5.0144345787613626e+17 4.875417181021587e+17 4.778239267257319e+17 4.624900407835981e+17 4.516957114996379e+17 4.3445827327931366e+17 4.2206600073350355e+17 4.155086656527075e+17 4.086425934709599e+17 4.0138987087328134e+17 3.936365701003569e+17 3.8520828070406496e+17 3.649345359768255e+17 3.5137493851159936e+17 3.3134848802222995e+17
8890.001245461619 7.455561345046908e+17 7.225451250225088e+17 6.978719657769788e+17 6.712115457800997e+17 6.420941815637581e+17 6.098998955829153e+17 5.737650109858973e+17 5.53839133788551e+17 5.324216380161206e+17 5.092721889138032e+17 4.9443652718515136e+17 4.8410638506793235e+17 4.678834693365409e+17 4.565227316534652e+17 4.38492130867246e+17 4.256207018402955e+17 4.188414939147729e+17 4.1176596874638483e+17 4.043165640345753e+17 3.963797102372484e+17 3.8778096294990925e+17 3.6721119232380256e+17 3.535361676470703e+17 3.3343908871713574e+17
8910.00124826356 7.459967355619091e+17 7.227333782706509e+17 6.978653767545317e+17 6.710783545782103e+17 6.419027464786815e+17 6.097295484307139e+17 5.736596718190695e+17 5.5378311038639494e+17 5.324140640514891e+17 5.093110992958515e+17 4.944966058926459e+17 4.841776799398377e+17 4.6796237964001715e+17 4.566025255032756e+17 4.385666536492081e+17 4.256884611808609e+17 4.1890581813062726e+17 4.118269253303034e+17 4.043747273617837e+17 3.964359114106048e+17 3.878365601727565e+17 3.67276126979462e+17 3.5362116947930714e+17 3.335828376094495e+17
8930.001251065489 7.361504354315022e+17 7.131450233371739e+17 6.885733311502168e+17 6.621427294353708e+17 6.334047964623368e+17 6.017647865427128e+17 5.663661667840744e+17 5.469000783157981e+17 5.259993437821156e+17 5.034355633738728e+17 4.8898462107612205e+17 4.789246983546163e+17 4.6312525551485786e+17 4.520582368596447e+17 4.344842306265658e+17 4.2192536325337664e+17 4.153050296293853e+17 4.0839058936457485e+17 4.011048514989858e+17 3.9333477237344666e+17 3.849068195278684e+17 3.6469804230115194e+17 3.512207372565581e+17 3.313531089209525e+17
8950.00125386743 7.3776174842315e+17 7.14594711282938e+17 6.898624390246244e+17 6.632645375589748e+17 6.343604424758104e+17 6.02547299283008e+17 5.669623957387746e+17 5.473887143172896e+17 5.263709464956248e+17 5.036777741391614e+17 4.8913921795212077e+17 4.7901814264492064e+17 4.631211613605564e+17 4.5198706104057075e+17 4.343097540935251e+17 4.2168340729683706e+17 4.1503029281723616e+17 4.080836230518158e+17 4.007662447241732e+17 3.929650974195444e+17 3.845067459449914e+17 3.6423713559069926e+17 3.5072912563817766e+17 3.308309648583493e+17
8970.00125666937 7.38037399708546e+17 7.149611326174488e+17 6.902994791802367e+17 6.637424408261354e+17 6.34860967243668e+17 6.030450229250883e+17 5.674320275339363e+17 5.478316487177207e+17 5.2678674934383795e+17 5.0406214729470086e+17 4.895044880494299e+17 4.7937044302394765e+17 4.63455995491895e+17 4.5231115853443104e+17 4.346198444175214e+17 4.2198679359326694e+17 4.15331369467693e+17 4.0838347486905395e+17 4.010663886229602e+17 3.932675565177547e+17 3.8481450707751955e+17 3.6457212976198765e+17 3.510947854707023e+17 3.3125799282388166e+17
8990.001259471308 7.374357772052974e+17 7.147657515099836e+17 6.904503314942454e+17 6.641860385386509e+17 6.354996674446784e+17 6.03804471795186e+17 5.682232007608135e+17 5.486124631132619e+17 5.275261456186401e+17 5.0473403177566374e+17 4.901256268405471e+17 4.799537746816484e+17 4.6397796544641254e+17 4.5278936038110554e+17 4.35030967561969e+17 4.22353540742205e+17 4.1567664694239744e+17 4.0870800912616026e+17 4.01371440903801e+17 3.935544927074021e+17 3.8508537880205677e+17 3.648235356926197e+17 3.5135023958503194e+17 3.3154286794613594e+17
9010.001262273248 6.924137655551588e+17 6.73591299913891e+17 6.531960226554164e+17 6.308834000696717e+17 6.062225413625734e+17 5.786207484268389e+17 5.472382559700044e+17 5.297773551687373e+17 5.10890165808244e+17 4.9034228487123834e+17 4.770961700809338e+17 4.678338226243626e+17 4.532132532381801e+17 4.429145696859819e+17 4.264479633801813e+17 4.145895066793995e+17 4.083066031887927e+17 4.017207213998821e+17 3.9475568248540774e+17 3.8729985380310874e+17 3.7918228798994106e+17 3.595970960981117e+17 3.4644794077755014e+17 3.269560289717403e+17
9030.001265075189 7.210635134229172e+17 7.003820904456512e+17 6.7799224527216e+17 6.535741830157252e+17 6.266310616024462e+17 5.965613784605391e+17 5.624605929258869e+17 5.4353173334574445e+17 5.2309926784178874e+17 5.009241733150833e+17 4.8666885092497216e+17 4.767244075653823e+17 4.610768815912006e+17 4.500976729834298e+17 4.326394763900135e+17 4.201533060218858e+17 4.1356971441578726e+17 4.0669353201593626e+17 3.994488876408664e+17 3.917246947182009e+17 3.8335010706531725e+17 3.632904959567772e+17 3.4993291355594477e+17 3.302700308731335e+17
9050.001267877129 7.353702516113e+17 7.128106016231807e+17 6.886407148513672e+17 6.625379871103697e+17 6.340742088475153e+17 6.026129471795882e+17 5.672762019659113e+17 5.477819398134528e+17 5.268066861947352e+17 5.04110331674341e+17 4.8954927204698835e+17 4.7940197766517024e+17 4.6345518921736205e+17 4.522807530293815e+17 4.34537857878279e+17 4.218702266574524e+17 4.1519935790621325e+17 4.082383248079915e+17 4.009115911124541e+17 3.931082733543434e+17 3.846581804260793e+17 3.644669290042732e+17 3.5106850926814637e+17 3.31423546275313e+17
9070.001270679059 7.225020919397085e+17 7.004649812662031e+17 6.769037430078565e+17 6.514875478991644e+17 6.238223798820524e+17 5.933090355875779e+17 5.590828191984862e+17 5.402128620179248e+17 5.199213630421817e+17 4.979730692595911e+17 4.8388858999436186e+17 4.7407276454356685e+17 4.586354320097413e+17 4.4780883982546886e+17 4.305959003892628e+17 4.182838722979994e+17 4.117909186355678e+17 4.0500789827192474e+17 3.9785957157251725e+17 3.9023530982127194e+17 3.819657207363859e+17 3.6214320229123354e+17 3.489364403848419e+17 3.294983114408716e+17
9090.001273480999 7.063227131303876e+17 6.849463064978062e+17 6.620915692230121e+17 6.375065133620195e+17 6.107441366288676e+17 5.812502606616244e+17 5.482064384597015e+17 5.300054403800493e+17 5.104432101045367e+17 4.892886051721665e+17 4.7571657249822605e+17 4.6625601178332896e+17 4.5137308486658426e+17 4.4092794904224794e+17 4.2430010770413786e+17 4.123836766877305e+17 4.0608898906475686e+17 3.995046418295736e+17 3.925548248037103e+17 3.851290486217047e+17 3.770575462010051e+17 3.5762542840128966e+17 3.446034800187702e+17 3.253267063982093e+17
9110.001276282937 7.16669261435024e+17 6.945717026393321e+17 6.709741163821889e+17 6.455909783834333e+17 6.179979720248273e+17 5.87622258273512e+17 5.53635518071306e+17 5.3493831477557466e+17 5.148633687540699e+17 4.9318513222764966e+17 4.792959708978782e+17 4.696248021493985e+17 4.544290818497946e+17 4.437799503748486e+17 4.2685714496859923e+17 4.147533688126426e+17 4.083689712243987e+17 4.016973450827829e+17 3.9466336166857766e+17 3.8715670363486317e+17 3.790081894800476e+17 3.5943740313157056e+17 3.4635526462787e+17 3.270179392583422e+17
9130.001279084878 7.258547772883825e+17 7.034414237382917e+17 6.794979826194705e+17 6.53733405040402e+17 6.256961022047671e+17 5.947999422503297e+17 5.6016851976587866e+17 5.410844281379155e+17 5.2056464424287456e+17 4.983675877297723e+17 4.84127557047484e+17 4.742042856025022e+17 4.5860474757067654e+17 4.476699763497403e+17 4.302994379622635e+17 4.1788882295504346e+17 4.1134996321374624e+17 4.045234974678128e+17 3.973347567498516e+17 3.896739858219036e+17 3.813724419053724e+17 3.615065058831481e+17 3.482973087809826e+17 3.288891309643541e+17
9150.001281886818 7.228668983619235e+17 7.004367253383553e+17 6.764762451151515e+17 6.506804898114419e+17 6.226132710022755e+17 5.916788153570225e+17 5.5702660305667974e+17 5.379415640072909e+17 5.174352646532039e+17 4.952781003964693e+17 4.810773850581329e+17 4.7118966987403686e+17 4.556559230783633e+17 4.447757381186965e+17 4.275009110351457e+17 4.151631174803865e+17 4.0866248032063386e+17 4.018754744876405e+17 3.947267814926627e+17 3.8710550619769114e+17 3.7884123289174586e+17 3.5902219264436736e+17 3.457841356645206e+17 3.26188151643832e+17
9170.001284688758 7.199541088158309e+17 6.976634669435468e+17 6.738446295263564e+17 6.481848053973258e+17 6.202468335198339e+17 5.894548454447412e+17 5.5494936204152026e+17 5.359470200176763e+17 5.155262257624792e+17 4.9346101325012275e+17 4.793206691065548e+17 4.6947484211252346e+17 4.540074662565897e+17 4.431732797037557e+17 4.259722678347693e+17 4.136856374678204e+17 4.072110930854385e+17 4.0045042298909645e+17 3.933282123034512e+17 3.857331286541459e+17 3.7749441658533805e+17 3.5771721105245357e+17 3.444828841267946e+17 3.248392108603154e+17
9190.001287490688 7.203270170490294e+17 6.982556417451168e+17 6.746043843734743e+17 6.490867263773193e+17 6.212766035037533e+17 5.905490169129393e+17 5.5604454383168166e+17 5.3701132779287763e+17 5.16535621780813e+17 4.943865876691964e+17 4.8017870462916525e+17 4.702802848519653e+17 4.547242378620368e+17 4.4382501537401715e+17 4.265181218848592e+17 4.141580395142616e+17 4.0764689201419117e+17 4.008499092153262e+17 3.936920951300497e+17 3.860626061357668e+17 3.77791253715103e+17 3.579596689589778e+17 3.44711577050544e+17 3.250833071819796e+17
9210.001290292628 7.031001102296109e+17 6.822454045327105e+17 6.598009015190353e+17 6.354651665959636e+17 6.088094272188017e+17 5.792608042007352e+17 5.460152311067881e+17 5.276616980355723e+17 5.0792101328455245e+17 4.865723347358045e+17 4.72882194955729e+17 4.6334596418316544e+17 4.483568594261683e+17 4.378490136871038e+17 4.211466394086146e+17 4.0919668644758106e+17 4.028915588046224e+17 3.963011339323039e+17 3.893503857075381e+17 3.819285578811561e+17 3.738655697767547e+17 3.544504873673016e+17 3.414053355721127e+17 3.2196682366326874e+17
9230.001293094569 6.666939229223798e+17 6.502969546022204e+17 6.323259767900717e+17 6.12448842871877e+17 5.901957895698714e+17 5.649474807511046e+17 5.3582117524511744e+17 5.1943285587886054e+17 5.015700007614199e+17 4.8198411081569626e+17 4.692789265990584e+17 4.603601996449998e+17 4.462293248995839e+17 4.3623898255564614e+17 4.202132975819717e+17 4.086405653083339e+17 4.025007865641091e+17 3.960605122771121e+17 3.892454704148624e+17 3.8194658363022765e+17 3.739959414666358e+17 3.547881054141803e+17 3.418524984711067e+17 3.2256299181645094e+17
9250.001295896509 6.933087742543918e+17 6.732414858018299e+17 6.51596171948396e+17 6.280687236534566e+17 6.022321357532861e+17 5.735335525508138e+17 5.411672663284376e+17 5.232718943009759e+17 5.040023129962432e+17 4.8313942524354714e+17 4.697473677682958e+17 4.604111819050659e+17 4.4572535532260397e+17 4.3542112553794214e+17 4.1902392022185005e+17 4.072775798085807e+17 4.0107447620324563e+17 3.9458664935912595e+17 3.8773943466646925e+17 3.804231367972387e+17 3.7246898560656826e+17 3.5329524508955565e+17 3.404018578717313e+17 3.2119109667277114e+17
9270.001298698447 7.049977879258188e+17 6.837924304332355e+17 6.610658358418344e+17 6.365162764473256e+17 6.097261619244417e+17 5.801261760572803e+17 5.468737237787228e+17 5.2852554561216557e+17 5.0878381886440954e+17 4.8742211335967104e+17 4.737139673569217e+17 4.64160652684889e+17 4.4913797609784006e+17 4.3860318469343686e+17 4.218564037767101e+17 4.098785140713749e+17 4.035615228669263e+17 3.969614352136322e+17 3.900044083711885e+17 3.825814593943719e+17 3.745251712668899e+17 3.551723958586882e+17 3.422199708530705e+17 3.2301620563701325e+17
9290.001301500388 7.083232425761544e+17 6.866225798734787e+17 6.634076150849979e+17 6.383990903361641e+17 6.111731031690958e+17 5.811382079321304e+17 5.4746598921525466e+17 5.289135325593835e+17 5.0897022977881363e+17 4.874133218647279e+17 4.7359175043865715e+17 4.6396469894516986e+17 4.4883671359375834e+17 4.3823757989478406e+17 4.214039064129536e+17 4.093769496222647e+17 4.030385476554678e+17 3.964198079370069e+17 3.894467383210306e+17 3.820105322209932e+17 3.7394376182357434e+17 3.5457766298063174e+17 3.416190530905442e+17 3.2239536953643456e+17
9310.001304302328 7.093397503141553e+17 6.876659979812631e+17 6.644915979661649e+17 6.39521828676946e+17 6.12327722128716e+17 5.823275422268717e+17 5.486679671918027e+17 5.301057384921304e+17 5.101404882588908e+17 4.885432183841476e+17 4.746877710165368e+17 4.650342420874265e+17 4.4986091794631174e+17 4.392264764601978e+17 4.223362448946779e+17 4.102704007048199e+17 4.039130361496907e+17 3.9727598394361786e+17 3.9028597986833094e+17 3.828350198388691e+17 3.747572580579355e+17 3.5539539545893146e+17 3.424745714505201e+17 3.233750897620373e+17
9330.001307104258 7.058563148803773e+17 6.843267091975818e+17 6.613236760866586e+17 6.365310490188292e+17 6.095406670910195e+17 5.797742624164332e+17 5.463941110031658e+17 5.279923805435085e+17 5.082026456493912e+17 4.8679702902726714e+17 4.730659445703662e+17 4.6349888246230605e+17 4.484590421188895e+17 4.379173362595767e+17 4.2117033699640237e+17 4.0920265566234214e+17 4.028954987146984e+17 3.963096460827098e+17 3.893719923042804e+17 3.8197534015803974e+17 3.739544920679327e+17 3.547214153659999e+17 3.4188170660717984e+17 3.2290010919133856e+17
9350.001309906198 7.036436554721921e+17 6.821896832007405e+17 6.592539276679464e+17 6.345613941147784e+17 6.076786747083297e+17 5.780449752273542e+17 5.4480746311067315e+17 5.264864019240716e+17 5.0678201459817446e+17 4.8546657351948525e+17 4.717898976117386e+17 4.622592086154231e+17 4.4727496180820275e+17 4.3677032971697485e+17 4.2007878586180435e+17 4.081495772551207e+17 4.0186199015582086e+17 3.95296077891428e+17 3.8837884189882784e+17 3.8100301917671136e+17 3.730034757540253e+17 3.5381294302636864e+17 3.4099250883516096e+17 3.220223961396141e+17
9370.001312708138 7.013779132364783e+17 6.799726211576042e+17 6.571156452902771e+17 6.324978128559352e+17 6.057118417999168e+17 5.761846611519074e+17 5.430858138939859e+17 5.2484493532707206e+17 5.0523111091255917e+17 4.84015261360945e+17 4.704030999209966e+17 4.609166676057355e+17 4.460021895231578e+17 4.35545155201638e+17 4.1892773120411405e+17 4.070490578640044e+17 4.007874279350912e+17 3.942477641952362e+17 3.873574211740392e+17 3.8000895361349146e+17 3.720375282128506e+17 3.529072436140247e+17 3.401220280737094e+17 3.212017556606567e+17
9390.001315510079 7.004492450773754e+17 6.791668844651635e+17 6.56404726935861e+17 6.318784686328049e+17 6.051649878989556e+17 5.7568883686104614e+17 5.426207456326926e+17 5.243825516095871e+17 5.047670074325726e+17 4.8354612004772205e+17 4.699325470087257e+17 4.60446251045885e+17 4.455342380898486e+17 4.350819335512272e+17 4.1847637260022445e+17 4.0660970810789715e+17 4.003554161258019e+17 3.9382426667708896e+17 3.869437065557565e+17 3.796069170594931e+17 3.7164944106579155e+17 3.525558916202043e+17 3.3979107103059866e+17 3.208721571392819e+17
9410.001318312019 6.737603160021e+17 6.539128286189359e+17 6.32690719541724e+17 6.098092398285939e+17 5.848902784204495e+17 5.573932863244323e+17 5.265568611199252e+17 5.0955816051409536e+17 4.9127739427583904e+17 4.714997012075789e+17 4.588046780044833e+17 4.4995240039998464e+17 4.360195671420456e+17 4.262349665736619e+17 4.1064362145904736e+17 3.9945461474476115e+17 3.935381724573666e+17 3.8734385525817114e+17 3.807992258386898e+17 3.7379776412055366e+17 3.661758227978115e+17 3.477595225128211e+17 3.353429372895166e+17 3.1680280269389184e+17
9430.00132111396 6.919579017485687e+17 6.711198552752055e+17 6.488335375004726e+17 6.248126359459233e+17 5.986501383190138e+17 5.697783841736303e+17 5.373848778890096e+17 5.1952317134921517e+17 5.0030979448531904e+17 4.795222441589325e+17 4.661826253070096e+17 4.568846136574871e+17 4.422624544158074e+17 4.320069123718383e+17 4.1569970342762714e+17 4.0403285665720166e+17 3.9787864671919635e+17 3.9144796379535834e+17 3.846685143387383e+17 3.774337881865642e+17 3.695799091246998e+17 3.507019720669313e+17 3.3805285563237485e+17 3.192627276724013e+17
9450.001323915889 6.867211151515075e+17 6.659646473718868e+17 6.437921439239462e+17 6.199057919878043e+17 5.93917765402929e+17 5.652810781599212e+17 5.33201665487009e+17 5.155364242161343e+17 4.96555860770805e+17 4.760400578961969e+17 4.6288572012632026e+17 4.537219783909155e+17 4.3931613689772525e+17 4.29215395023811e+17 4.131556398423135e+17 4.0166327776306515e+17 3.955992462277543e+17 3.8926076829193325e+17 3.8257574900912403e+17 3.754379289161739e+17 3.676839319498936e+17 3.4901662958543206e+17 3.364798625692505e+17 3.1781132032154246e+17
9470.00132671783 6.937019645510911e+17 6.727862609404187e+17 6.504158558230628e+17 6.262936623380577e+17 6.000127137459287e+17 5.709921426845323e+17 5.384152272038584e+17 5.204402704484113e+17 5.010957650587412e+17 4.8015810613790694e+17 4.66718862131399e+17 4.5735064147260864e+17 4.426192837032707e+17 4.322899180855989e+17 4.1587428003227603e+17 4.041407121741334e+17 3.979560818838573e+17 3.9149789881363923e+17 3.8469434289559136e+17 3.774400937994444e+17 3.695728503929604e+17 3.507011052657421e+17 3.380915368367907e+17 3.19417947450566e+17
9490.001329519768 6.936198656410962e+17 6.728090641095564e+17 6.505314255377946e+17 6.264881590664448e+17 6.002719816572928e+17 5.712975010489492e+17 5.387334908621268e+17 5.207482369553354e+17 5.013835302488792e+17 4.804055647437697e+17 4.6693194128143475e+17 4.575362472612599e+17 4.427568594143735e+17 4.3239079550849984e+17 4.1591632691936704e+17 4.041418447192746e+17 3.979369479644653e+17 3.9145872417964346e+17 3.846358456708251e+17 3.773631226894156e+17 3.694786234426767e+17 3.505795936294057e+17 3.379642457088582e+17 3.1929739062429325e+17
9510.001332321708 6.890233291470528e+17 6.685783818987726e+17 6.46640789162155e+17 6.22932943672245e+17 5.970395420845331e+17 5.6839907712756384e+17 5.3619653997091366e+17 5.1841102058981805e+17 4.99262450824752e+17 4.785220868212583e+17 4.6520384704171584e+17 4.559184682364676e+17 4.413117312319591e+17 4.310667115009115e+17 4.1478104586838995e+17 4.03137665401406e+17 3.969999661880922e+17 3.90590465625476e+17 3.8383816763605466e+17 3.766388459331993e+17 3.6883184865736525e+17 3.501124638606709e+17 3.3761738699502426e+17 3.1914566309124224e+17
9530.001335123648 6.816712694732696e+17 6.623293691359361e+17 6.414281142129772e+17 6.186284477576186e+17 5.935237225760383e+17 5.655401055276768e+17 5.338743732703619e+17 5.163157834582755e+17 4.9736917756708006e+17 4.768116024224929e+17 4.6359747254888736e+17 4.543780920898125e+17 4.398684204775497e+17 4.2968660470026714e+17 4.1349361745410406e+17 4.0191205691834656e+17 3.958051916724171e+17 3.894265770332617e+17 3.827056160281034e+17 3.7553797078447194e+17 3.677631116879567e+17 3.491086950858289e+17 3.366438154950018e+17 3.181927643509173e+17
9550.001337925589 6.396671301382582e+17 6.249292220698141e+17 6.086879170200357e+17 5.906043140806094e+17 5.702432038657605e+17 5.469856875964887e+17 5.1997030249011923e+17 5.0468733522574336e+17 4.879594415660959e+17 4.695385877242434e+17 4.575445823277747e+17 4.4910601330616326e+17 4.3570206630300883e+17 4.262032437375748e+17 4.1093268234224845e+17 3.998850620105266e+17 3.9401903341036634e+17 3.8786341174563354e+17 3.813481558142741e+17 3.743702659713859e+17 3.667712411897229e+17 3.484385256564586e+17 3.361315243058026e+17 3.178661608519447e+17
9570.001340727518 6.780441612547315e+17 6.586203014762771e+17 6.376654541847484e+17 6.1488142904799e+17 5.898553484789106e+17 5.6203360919412435e+17 5.306213395743277e+17 5.132323412375623e+17 4.9448590151868685e+17 4.7416235839966176e+17 4.6110250756825805e+17 4.519924309783311e+17 4.376562807372403e+17 4.2759614074092454e+17 4.1159646261867226e+17 4.001502192847956e+17 3.9411375115322643e+17 3.8780764580062106e+17 3.811618092365374e+17 3.740727891370377e+17 3.663815433298289e+17 3.479218233637019e+17 3.355852218406609e+17 3.173295600069451e+17
9590.001343529459 6.835453538462657e+17 6.633857230634106e+17 6.417691816621414e+17 6.183934674808308e+17 5.928602971626819e+17 5.646056651251502e+17 5.328098262309238e+17 5.152363264801652e+17 4.9630053116798675e+17 4.757745497525103e+17 4.6258366815790835e+17 4.533825787499308e+17 4.389016499798485e+17 4.28741011891675e+17 4.1258409011902374e+17 4.0103153627137075e+17 3.9494201972466874e+17 3.885834931859247e+17 3.8188601493455565e+17 3.747465197262101e+17 3.670067426165923e+17 3.4846164184926624e+17 3.360972761398064e+17 3.178450943520653e+17
9610.001346331397 6.773877440556808e+17 6.573905457337832e+17 6.359842151196814e+17 6.128813343124244e+17 5.876783839858913e+17 5.5983371482080915e+17 5.2854050289108e+17 5.112583613122261e+17 4.9265232113461126e+17 4.7249573803942995e+17 4.595461417289138e+17 4.5051312649238515e+17 4.362966880760428e+17 4.263186450158937e+17 4.1044245461146445e+17 3.9907940859548864e+17 3.93085173153366e+17 3.868218947128805e+17 3.802199486068036e+17 3.7317670245375686e+17 3.655342429272403e+17 3.4719095656920045e+17 3.349351678001031e+17 3.168080736190949e+17
9630.00134913334 6.725774546564026e+17 6.528001756707206e+17 6.316262438843244e+17 6.087897117408675e+17 5.838868497064809e+17 5.5637353245018586e+17 5.2545869827155104e+17 5.083854648569961e+17 4.9000001333813734e+17 4.700770125376603e+17 4.57275270487529e+17 4.483435282011152e+17 4.34282790691944e+17 4.2441031649898554e+17 4.086957369200825e+17 3.9744261254062266e+17 3.915041770012741e+17 3.8529741134707635e+17 3.7875317172377466e+17 3.71768923656e+17 3.6418734537953075e+17 3.4597455292013786e+17 3.337919305981018e+17 3.157522445437622e+17
9650.001351935278 6.718801075528216e+17 6.519723455989773e+17 6.306891208754694e+17 6.077436466909375e+17 5.827565282625303e+17 5.551770159402452e+17 5.2421735005481094e+17 5.0713275621991725e+17 4.8874193406100806e+17 4.6882250476586464e+17 4.5602728072102835e+17 4.471012818601184e+17 4.330519157411176e+17 4.2318950111111034e+17 4.074938750382946e+17 3.962564940796111e+17 3.9032680005606336e+17 3.841296812866829e+17 3.775955341881742e+17 3.706218369052017e+17 3.6305111843622835e+17 3.448588881808202e+17 3.32684106843276e+17 3.146472266696663e+17
9670.001354737218 6.682441709629229e+17 6.486010132466491e+17 6.275792999084352e+17 6.049024930411698e+17 5.801835925409489e+17 5.5288036049689363e+17 5.2220302702100544e+17 5.052637806072336e+17 4.870253962595013e+17 4.672663172082622e+17 4.545718545476011e+17 4.457164450122848e+17 4.3177608725058906e+17 4.2198910402017734e+17 4.0641053762201574e+17 3.952537342935794e+17 3.893653603546331e+17 3.832102671953454e+17 3.767192412286412e+17 3.697902463927222e+17 3.6226626577946176e+17 3.4417882082922246e+17 3.320663760463208e+17 3.141058035238301e+17
9690.001357539148 6.726191592198574e+17 6.528859684376947e+17 6.317507627398968e+17 6.089413530722916e+17 5.8406035744192e+17 5.5654455664447123e+17 5.2559468586128723e+17 5.084858011366223e+17 4.900489873758018e+17 4.7005467734091885e+17 4.57200961510591e+17 4.482304583148571e+17 4.3410566586165734e+17 4.241877527783689e+17 4.0840383297836275e+17 3.971061308313166e+17 3.911468571134655e+17 3.849210273469789e+17 3.783597885851175e+17 3.713617672392713e+17 3.637709588456366e+17 3.4556633854000166e+17 3.334180111528403e+17 3.154729182509838e+17
9710.001360341088 6.723367436431812e+17 6.524565958729728e+17 6.311855125455453e+17 6.082462974971628e+17 5.832386698260207e+17 5.556155772709811e+17 5.2457317116753306e+17 5.0742997078827034e+17 4.889643688634932e+17 4.689540681551912e+17 4.5609596879990163e+17 4.4712634708554336e+17 4.330084397641253e+17 4.231005692701912e+17 4.073410437525223e+17 3.9606733668898266e+17 3.901229447028115e+17 3.839141784153315e+17 3.77372289437487e+17 3.703962421895129e+17 3.628303282401136e+17 3.4468614970615334e+17 3.3257589717541e+17 3.1468099721424346e+17
9730.001363143028 6.710176751623992e+17 6.512154375655937e+17 6.300320118273892e+17 6.07176993876871e+17 5.82270547602983e+17 5.5474650553347526e+17 5.238088152633047e+17 5.067188387694538e+17 4.8830556286050854e+17 4.6834721517781357e+17 4.555186029375175e+17 4.465677622274316e+17 4.3247675216206816e+17 4.2258584943664557e+17 4.068503999628699e+17 3.955932830397539e+17 3.8965778860123296e+17 3.8345879240158496e+17 3.76927673987168e+17 3.699640877807988e+17 3.624127657157205e+17 3.443101216828444e+17 3.3223473430541824e+17 3.144063380718705e+17
9750.001365944969 6.642041365186629e+17 6.447317667449467e+17 6.238940313006529e+17 6.014266452559749e+17 5.769417578680091e+17 5.498972498176634e+17 5.195039317531927e+17 5.027141845101912e+17 4.8462670101207763e+17 4.650200122509398e+17 4.524169465983544e+17 4.436210976967131e+17 4.2977116186714963e+17 4.2004528050768723e+17 4.045625091011842e+17 3.9347522356919904e+17 3.876246719246303e+17 3.8151014431133805e+17 3.750636984730463e+17 3.681845024355522e+17 3.607179303110071e+17 3.427869126096433e+17 3.307997683939409e+17 3.1306452958539226e+17
9770.001368746907 6.657038960572635e+17 6.461221756888804e+17 6.251797963299574e+17 6.025931912538893e+17 5.779777909896038e+17 5.507841971066225e+17 5.2022823717790886e+17 5.033535246734455e+17 4.8517734988203846e+17 4.6547681119096275e+17 4.528140156245708e+17 4.439784428170537e+17 4.300680064165389e+17 4.20302345612689e+17 4.0476185480374637e+17 3.9364061543971706e+17 3.877751068787005e+17 3.816477549653927e+17 3.75190912662139e+17 3.683046055445228e+17 3.6083507394602675e+17 3.42919029123614e+17 3.3096027622604563e+17 3.132925252381574e+17
9790.001371548848 6.62966135898101e+17 6.434375121412207e+17 6.225409652325317e+17 6.000218108828163e+17 5.754739719924334e+17 5.4836393021503974e+17 5.179180555585427e+17 5.01113223041326e+17 4.83021071132844e+17 4.6342577257902246e+17 4.508378006239148e+17 4.420582811987791e+17 4.282411733494204e+17 4.185440355635144e+17 4.0311654625204864e+17 3.920761961172207e+17 3.8625252993636096e+17 3.8016816965501344e+17 3.7375487770221286e+17 3.669129836486939e+17 3.5948844497341965e+17 3.416619194521199e+17 3.297437022093054e+17 3.12102810316123e+17
9810.001374350779 6.645491011147718e+17 6.451194043843779e+17 6.243304011713239e+17 6.018964841665981e+17 5.774263935046264e+17 5.5038021913624934e+17 5.199557522194002e+17 5.0313529436460416e+17 4.8499885093551994e+17 4.6532325127862746e+17 4.526652454362093e+17 4.438288888065521e+17 4.2990860044784794e+17 4.201314272873191e+17 4.0456925327820045e+17 3.9343202235037843e+17 3.875589803902452e+17 3.8142531387375315e+17 3.749635218680944e+17 3.680747382161514e+17 3.6060643291571603e+17 3.427161581435481e+17 3.3079897638450944e+17 3.132359862307666e+17
9830.001377152717 6.618256789739343e+17 6.425130506780079e+17 6.218427627389471e+17 5.995356564721728e+17 5.752075262237507e+17 5.4831211992102355e+17 5.180647290857917e+17 5.013435009124792e+17 4.833222089945214e+17 4.637751528140525e+17 4.512046253291004e+17 4.424305482667553e+17 4.286125327564748e+17 4.1890919281623034e+17 4.034653484492493e+17 3.924124197625294e+17 3.865834695021454e+17 3.8049491802554816e+17 3.7407989179810906e+17 3.6723981152226534e+17 3.598230750592837e+17 3.420502549089351e+17 3.3020626598652896e+17 3.1274444335610534e+17
9850.00137995466 6.609480094437716e+17 6.417559443598478e+17 6.212094117674324e+17 5.990228985463154e+17 5.7481671233931814e+17 5.480418208829002e+17 5.178969473745672e+17 5.0121935423822374e+17 4.832332861306395e+17 4.637091803420421e+17 4.5114495869445414e+17 4.423708317285822e+17 4.2854656614043834e+17 4.1883441222321946e+17 4.033715172591713e+17 3.9230255255871514e+17 3.864648667761764e+17 3.8036734110212186e+17 3.7394348769042797e+17 3.670948854105917e+17 3.596704645819134e+17 3.4188906697979866e+17 3.3005054836142266e+17 3.12617406762678e+17
9870.001382756598 6.563775181830028e+17 6.373552552408942e+17 6.170042361922268e+17 5.950396372512294e+17 5.7108708207490464e+17 5.446024926130198e+17 5.1480483557745094e+17 4.9832538645474445e+17 4.805552454641437e+17 4.612681264572542e+17 4.488558142876536e+17 4.40186768124499e+17 4.265271428712773e+17 4.169277835796956e+17 4.016400151216277e+17 3.9069099608920614e+17 3.84914203113447e+17 3.78878573547602e+17 3.725176657162469e+17 3.657333098787489e+17 3.58374792040434e+17 3.40734163962244e+17 3.289755949614799e+17 3.116446885558804e+17
9890.001385558538 6.538711639530568e+17 6.350477982586707e+17 6.14895978370656e+17 5.931293374260576e+17 5.693844738289717e+17 5.431104494037704e+17 5.135322219339365e+17 4.9716831994107795e+17 4.7951483135514976e+17 4.6034686619209517e+17 4.480071231714537e+17 4.393874044144588e+17 4.257998038163499e+17 4.162483425059774e+17 4.0103082550435565e+17 3.901283412026146e+17 3.843751135129361e+17 3.7836335644690643e+17 3.7202685651853856e+17 3.6526814231918163e+17 3.579371474339271e+17 3.403630457490277e+17 3.286520321129482e+17 3.11402040878639e+17
9910.001388360479 6.513047412252945e+17 6.325592129266854e+17 6.124944856994359e+17 5.908387644703624e+17 5.672025129487958e+17 5.410625843766908e+17 5.116432436970621e+17 4.953691324172934e+17 4.778149090471013e+17 4.587626231240707e+17 4.4649965437832314e+17 4.3793471374592685e+17 4.244355784201727e+17 4.149469543367357e+17 3.998292470131972e+17 3.889968164285335e+17 3.832792343312194e+17 3.773037538907681e+17 3.7100419378604954e+17 3.6428319402980486e+17 3.5699095922891994e+17 3.3949885966309645e+17 3.278308842242305e+17 3.1062027140417197e+17
9930.001391162408 6.553175353232421e+17 6.364427527958039e+17 6.162243636096132e+17 5.94374130353609e+17 5.7052894322270317e+17 5.441249845565333e+17 5.1437770794637184e+17 4.9790832697624723e+17 4.801306831410509e+17 4.608202995485943e+17 4.483833550097501e+17 4.396946004797401e+17 4.259982717456345e+17 4.1637141399730374e+17 4.010396349342421e+17 3.9006315995956154e+17 3.8427445924328506e+17 3.7822905849987334e+17 3.7186111302843366e+17 3.650738521356501e+17 3.57718190666485e+17 3.4011548527838714e+17 3.284120815471855e+17 3.112110311868137e+17
9950.001393964349 6.535921637835241e+17 6.347906070465532e+17 6.146483256603808e+17 5.928900082727214e+17 5.6912813748137715e+17 5.4281880994760506e+17 5.131722186716563e+17 4.9675687824180595e+17 4.790379996876879e+17 4.597891402311106e+17 4.473918866158968e+17 4.387312212213009e+17 4.2507784937041344e+17 4.1548175570706886e+17 4.0019899406911366e+17 3.8925752605493875e+17 3.834873957398023e+17 3.774612083841078e+17 3.7111343317189766e+17 3.64347485455463e+17 3.570147964844014e+17 3.394658373600951e+17 3.277961877969494e+17 3.106391581719791e+17
9970.001396766289 6.520188988760227e+17 6.333110850516297e+17 6.132608971103916e+17 5.916015559030308e+17 5.679427430439075e+17 5.417466050952377e+17 5.122212412689881e+17 4.958707129126023e+17 4.782195882912818e+17 4.5904083817743424e+17 4.466873123786943e+17 4.380561384436414e+17 4.2444839444878e+17 4.1488323680324275e+17 3.996482556002336e+17 3.887405990128596e+17 3.8298792754894694e+17 3.769801426418318e+17 3.706517551768312e+17 3.639066546068509e+17 3.5659699633017805e+17 3.3910629673896723e+17 3.2748053574294e+17 3.1040082497886746e+17
9990.001399568227 6.496457762015644e+17 6.310750830425587e+17 6.111700417328946e+17 5.896463204679148e+17 5.6612394654327936e+17 5.400666137438206e+17 5.1069822851975814e+17 4.944302274610628e+17 4.768701414613071e+17 4.577913615074251e+17 4.4550357153767066e+17 4.369176546853626e+17 4.233815957749108e+17 4.138668586628696e+17 3.987114030807528e+17 3.878596357772092e+17 3.821363463540588e+17 3.761588092159477e+17 3.6986220067892314e+17 3.6315066175118035e+17 3.558768436422441e+17 3.384699643118415e+17 3.268984994849667e+17 3.0989838524077254e+17
10025.001404471599 6.394481230059907e+17 6.22282818219745e+17 6.037116664745048e+17 5.834226510065076e+17 5.6103807193483264e+17 5.360006400849543e+17 5.0751727518864525e+17 4.9164298843878874e+17 4.744396314233173e+17 4.556794081024401e+17 4.435630321860205e+17 4.350827780735151e+17 4.216921183999831e+17 4.122647235239756e+17 3.9722603851620563e+17 3.864438417774265e+17 3.807529974530531e+17 3.7480700415456877e+17 3.685411569312861e+17 3.618602821768289e+17 3.5461763029867546e+17 3.372783537964694e+17 3.25746581655802e+17 3.087961129441152e+17
10075.001411476498 6.252742385351918e+17 6.091678362828554e+17 5.916832262568105e+17 5.725550789951353e+17 5.5137884049106323e+17 5.276208861863332e+17 5.0050185289298176e+17 4.853447180489622e+17 4.688814428649914e+17 4.5088076743823994e+17 4.392261761719453e+17 4.310542884767405e+17 4.181230870924402e+17 4.089966897439444e+17 3.943967685617748e+17 3.8389501257273574e+17 3.7834077010309165e+17 3.725290101376375e+17 3.6639568128466477e+17 3.59846468925344e+17 3.527364151955189e+17 3.3567681653790944e+17 3.243068508757041e+17 3.075710021142573e+17
10125.001418481299 6.369273671991392e+17 6.189665084050934e+17 5.997107522421368e+17 5.788737035141138e+17 5.5610055861814304e+17 5.3085370399057517e+17 5.023677622907854e+17 4.8657561718743514e+17 4.695152732487221e+17 4.509569011825423e+17 4.3898973456241984e+17 4.306220320388449e+17 4.174176068685037e+17 4.081269859587092e+17 3.933148807600115e+17 3.8270024533237056e+17 3.770996680735743e+17 3.712489529833533e+17 3.6508457383197203e+17 3.585127443473684e+17 3.5138891187636685e+17 3.343352408840411e+17 3.2299536297787494e+17 3.0633520309737325e+17
10175.001425486198 6.294196167419658e+17 6.116730701099342e+17 5.926729316260937e+17 5.721365304038313e+17 5.4970685092161606e+17 5.24872433306291e+17 4.968846174718985e+17 4.813838172311698e+17 4.64644505677514e+17 4.4644907077426426e+17 4.347217876073725e+17 4.265227580541859e+17 4.135873020517882e+17 4.0448551425850995e+17 3.899710656761824e+17 3.795635769874521e+17 3.7406947446594515e+17 3.6832728206747686e+17 3.622739012408049e+17 3.558162022862531e+17 3.4881072974742675e+17 3.320140836174836e+17 3.2082096873516365e+17 3.043389114305065e+17
10225.001432490999 6.290492095556678e+17 6.112901782078478e+17 5.922777690074444e+17 5.717319030268012e+17 5.4929221433959136e+17 5.2444228779771046e+17 4.964285804131407e+17 4.809063462538457e+17 4.641388165952635e+17 4.459024066542038e+17 4.341435815017549e+17 4.2592143584892026e+17 4.129458524650754e+17 4.0381541536985645e+17 3.8925689291258797e+17 3.788226827457493e+17 3.733169443840755e+17 3.6756525356128685e+17 3.6150507005382515e+17 3.550441014556673e+17 3.480401727220012e+17 3.3127206379100045e+17 3.201213257713136e+17 3.037401291553201e+17
10275.001439495898 6.274694593015306e+17 6.098616490322262e+17 5.909742804404732e+17 5.705616333547727e+17 5.48252405580954e+17 5.235208821449959e+17 4.9561286352658784e+17 4.801325644467432e+17 4.633969663482961e+17 4.4517904059948045e+17 4.334232609349115e+17 4.251984961920272e+17 4.12214329415833e+17 4.030754161159234e+17 3.8850076187023386e+17 3.780567398683137e+17 3.7254753883802714e+17 3.667938205747674e+17 3.6073396212824557e+17 3.542766351403063e+17 3.4728112534717766e+17 3.305560889536633e+17 3.194561676650122e+17 3.0318659649668685e+17
10325.001446500699 6.187696660722615e+17 6.014891860683962e+17 5.829717891837372e+17 5.629558159529641e+17 5.410867455505597e+17 5.1686463285401165e+17 4.8953305677854285e+17 4.743750477675607e+17 4.5799099595772454e+17 4.401547342028943e+17 4.28643664135882e+17 4.20588887427521e+17 4.078697488210251e+17 3.989141013267267e+17 3.846240399635205e+17 3.7437528460979994e+17 3.689652610605679e+17 3.633118779721257e+17 3.5735367121068096e+17 3.509996319336722e+17 3.441095261901336e+17 3.2760503475403206e+17 3.166240004053703e+17 3.004901549033709e+17
10375.001453505498 6.158682554073884e+17 5.987191035989281e+17 5.803234093492663e+17 5.6045654851366e+17 5.38745174087004e+17 5.1468981642333824e+17 4.875466620167316e+17 4.7248890794983066e+17 4.562097667865201e+17 4.384824290596889e+17 4.270400256939674e+17 4.19032508289356e+17 4.0638477680971e+17 3.974786851864781e+17 3.83266928574382e+17 3.7307531170032134e+17 3.676963140039124e+17 3.620763214132841e+17 3.5615439246894656e+17 3.4984066473215686e+17 3.4299627393369005e+17 3.2661054158593824e+17 3.15716923273951e+17 2.997249334042099e+17
10425.001460510399 6.148620761369437e+17 5.978189109634164e+17 5.795392829336228e+17 5.5976372352880134e+17 5.381371987744739e+17 5.1415091923910835e+17 4.870534890066014e+17 4.720093776897382e+17 4.5573336591320954e+17 4.380011729537266e+17 4.265497957221449e+17 4.1853329441489414e+17 4.058709708886117e+17 3.9695214021841306e+17 3.827214592971502e+17 3.725190379875406e+17 3.671359750368149e+17 3.6151376785242643e+17 3.55591930082003e+17 3.492816353505296e+17 3.4244554991692646e+17 3.2610371490538624e+17 3.1526147256420416e+17 2.993777876794808e+17
10475.0014675152 6.056287563853144e+17 5.890384458429302e+17 5.7125143738114074e+17 5.520087315738005e+17 5.309610460990904e+17 5.0760282538547654e+17 4.8121070196526637e+17 4.6655211537224915e+17 4.506900025417292e+17 4.333998221568659e+17 4.222287672714117e+17 4.144054741032821e+17 4.020397126175317e+17 3.933232676377001e+17 3.79401540510473e+17 3.694078770154399e+17 3.6413015816405824e+17 3.586138291236099e+17 3.5279923524131296e+17 3.4659799245592365e+17 3.3987375966500954e+17 3.2377129406293606e+17 3.130662140144713e+17 2.973580232632542e+17
10525.001474520097 6.063290867699272e+17 5.896849307231043e+17 5.718182733939008e+17 5.524979007583895e+17 5.313579164835048e+17 5.0789550813170086e+17 4.813672882084155e+17 4.66631185635081e+17 4.506770095116977e+17 4.3328273932201664e+17 4.2204147745088083e+17 4.1416827051200205e+17 4.017243125464288e+17 3.929537552167064e+17 3.7895101707133e+17 3.6890634069876435e+17 3.636050393036597e+17 3.5806747821692365e+17 3.5223424182887296e+17 3.460180547774217e+17 3.3928365416726886e+17 3.2318591912596646e+17 3.125088776299356e+17 2.968773103028136e+17
10575.001481524898 5.999444706970949e+17 5.835933010668737e+17 5.6604158035255885e+17 5.470543908568066e+17 5.2627654621934803e+17 5.032158516619546e+17 4.771377889075408e+17 4.62642598079631e+17 4.469467105056342e+17 4.298246549005322e+17 4.187539474749019e+17 4.1099708000587226e+17 3.9873280089252397e+17 3.900852458799448e+17 3.762722687039335e+17 3.663583249345599e+17 3.611243766016986e+17 3.556555988005647e+17 3.498932692939795e+17 3.4375047525269946e+17 3.370930252290461e+17 3.211670027972076e+17 3.105945297716547e+17 2.95106457990121e+17
10625.001488529797 5.953635119941554e+17 5.792026241546504e+17 5.618626729653951e+17 5.43097418097062e+17 5.22562367701696e+17 4.9976292785335e+17 4.739707264706295e+17 4.596346156385435e+17 4.4410209043311315e+17 4.2715309554502835e+17 4.161910002356257e+17 4.0850816805800454e+17 3.963563671109918e+17 3.877851923080841e+17 3.740890990471155e+17 3.642557876109661e+17 3.5906350588574355e+17 3.536374482789997e+17 3.479197271055086e+17 3.4182398805471206e+17 3.352171570977803e+17 3.1941138904174464e+17 3.0891970254330035e+17 2.935544612901895e+17
10675.001495534598 5.822644559233052e+17 5.6681143163650246e+17 5.5021471405276595e+17 5.322415506768513e+17 5.125485967560604e+17 4.9066953108713094e+17 4.6589164368658445e+17 4.521040555769522e+17 4.371620288748451e+17 4.2084415845708256e+17 4.1028214925351424e+17 4.028754249750655e+17 3.911510774630257e+17 3.8287351124455424e+17 3.696286128720444e+17 3.601021992113697e+17 3.5506505407389344e+17 3.497957677916107e+17 3.4423652271140576e+17 3.3830197358658394e+17 3.3186029259779046e+17 3.164059892226923e+17 3.0611091344625485e+17 2.909812524987905e+17
10725.001502539499 5.85898409291991e+17 5.701847361210576e+17 5.5330317894589075e+17 5.3502752132824704e+17 5.15009499597732e+17 4.927705012236813e+17 4.6759749357868954e+17 4.535975965380038e+17 4.384287944329524e+17 4.218705463759826e+17 4.1115638779550074e+17 4.0364556230144416e+17 3.917614851840651e+17 3.833760449784758e+17 3.699699376077021e+17 3.603397341946328e+17 3.5525321024884026e+17 3.4993673657715283e+17 3.443334328377105e+17 3.383586484321518e+17 3.318816686189984e+17 3.1638104605600934e+17 3.060860068110698e+17 2.9099788197920026e+17
10775.001509544298 5.809213227898019e+17 5.653633590871826e+17 5.486532405722547e+17 5.305592851984402e+17 5.10749104030661e+17 4.887444044981518e+17 4.6384895712802995e+17 4.500035200410179e+17 4.3500478173400646e+17 4.186332076568915e+17 4.080399181759497e+17 4.006130899699842e+17 3.888605648351263e+17 3.8056664062800486e+17 3.673035750559658e+17 3.57773461330753e+17 3.527387673131556e+17 3.4747568854095034e+17 3.419277865899802e+17 3.3601086100618586e+17 3.295953501208032e+17 3.142350777498686e+17 3.040286093092434e+17 2.8906701653522266e+17
10825.001516549199 5.7164926619778426e+17 5.5645879159673786e+17 5.4014542515230246e+17 5.224886957719706e+17 5.031668708714754e+17 4.8171144198449254e+17 4.5744441548630406e+17 4.4395642726004294e+17 4.293491568414353e+17 4.134063618213448e+17 4.030929935890647e+17 3.958620177848043e+17 3.84418124891679e+17 3.7633999490147296e+17 3.6341471579250797e+17 3.5411903878533805e+17 3.492042305412707e+17 3.440631441136183e+17 3.386393646434549e+17 3.328494791812165e+17 3.2656477690138054e+17 3.1148523217901485e+17 3.0143735690388826e+17 2.866662463110592e+17
10875.001523553998 5.705648567924119e+17 5.5550309273964326e+17 5.393097802744571e+17 5.2174701160234726e+17 5.0248828147617683e+17 4.810699253915175e+17 4.568117801382766e+17 4.433176858580947e+17 4.286908031745702e+17 4.1271961649922886e+17 4.0238154030444134e+17 3.9513133515661677e+17 3.8365426558188954e+17 3.755515345007467e+17 3.625877184161865e+17 3.532677923872145e+17 3.483423652242483e+17 3.431922689010504e+17 3.377615946155522e+17 3.3196777701014426e+17 3.256827455253064e+17 3.106189350467704e+17 3.00592551428675e+17 2.8586278775046048e+17
10925.001530558799 5.507560079497978e+17 5.3841179861558234e+17 5.2486390119211706e+17 5.098848785752704e+17 4.9309706685382765e+17 4.7401010297476864e+17 4.518886667880393e+17 4.393687083741573e+17 4.256386510136692e+17 4.104658323446485e+17 4.0054935566290035e+17 3.935526507880602e+17 3.8240673445466054e+17 3.744879015431926e+17 3.6173676491160166e+17 3.525123677472533e+17 3.476201117286018e+17 3.4249359718761344e+17 3.370772773430361e+17 3.31288883622634e+17 3.250009008447305e+17 3.09905399326223e+17 2.998447080132176e+17 2.850440629389539e+17
10975.0015375637 5.5794131942397894e+17 5.438328096971493e+17 5.285497123583127e+17 5.11846052162054e+17 4.933879932691529e+17 4.727160191210382e+17 4.491503532307815e+17 4.3598228958531194e+17 4.216760558093443e+17 4.060191976144653e+17 3.958693036678254e+17 3.887455493423771e+17 3.7746049728928806e+17 3.6948809938905946e+17 3.567253431491167e+17 3.475444105737965e+17 3.4269033070156954e+17 3.3761299619685696e+17 3.3225681107323776e+17 3.265388109425155e+17 3.2033032496771283e+17 3.054067178732379e+17 2.954135286292836e+17 2.805871578477789e+17
11025.001544568497 5.641744110604808e+17 5.49173970772504e+17 5.330410594786162e+17 5.155347605649729e+17 4.963337803843509e+17 4.7497316607742016e+17 4.507599460839017e+17 4.372781441596213e+17 4.2265732210859955e+17 4.066818579212923e+17 3.963373692169489e+17 3.8908228394090214e+17 3.775980296881422e+17 3.6949272913000525e+17 3.56533659587868e+17 3.47227035578097e+17 3.4231297118871866e+17 3.371782141696816e+17 3.317675971243329e+17 3.259987695317264e+17 3.197437029124625e+17 3.04743516393586e+17 2.947245538386082e+17 2.798897214907678e+17
11075.001551573398 5.6473093210405606e+17 5.4966772553245274e+17 5.3347553143710285e+17 5.1591624365873626e+17 4.9666199500343424e+17 4.7523358448260166e+17 4.509345270243005e+17 4.373999205464255e+17 4.227162599346772e+17 4.0666502460338675e+17 3.962668417192376e+17 3.8897334790623546e+17 3.774269564743161e+17 3.692781068285768e+17 3.5625318840219226e+17 3.469055758793979e+17 3.419731160644233e+17 3.368221870682975e+17 3.313984882345652e+17 3.256209610448709e+17 3.193632675316031e+17 3.0439214348420346e+17 2.944276739133611e+17 2.797368775160929e+17
11125.001558578197 5.5919111311681363e+17 5.4435677472465555e+17 5.284083196180454e+17 5.111284111341093e+17 4.921750451559449e+17 4.71094553073189e+17 4.4719451758191974e+17 4.33880989772797e+17 4.1943619308675206e+17 4.0363988407728704e+17 3.9340283299808237e+17 3.8621890715998624e+17 3.748404512924849e+17 3.668048203467675e+17 3.539519754411941e+17 3.447204593252486e+17 3.398469313071029e+17 3.3475600315951014e+17 3.293938402839999e+17 3.236799476283142e+17 3.1748921268196026e+17 3.026700298846382e+17 2.928026317003857e+17 2.7825799694622474e+17
11175.001565583098 5.5512791612530374e+17 5.404918634169058e+17 5.2476738130084563e+17 5.077172270706354e+17 4.8902681457459603e+17 4.6823967256955674e+17 4.446643070018365e+17 4.3152774809706976e+17 4.172661909107103e+17 4.016621485609087e+17 3.915435337589801e+17 3.8443909062563046e+17 3.731807983480176e+17 3.652256286599394e+17 3.5249345333843546e+17 3.433437038948221e+17 3.385121731807308e+17 3.33464387321926e+17 3.2814743000518726e+17 3.2248186564283386e+17 3.16344210090998e+17 3.016613191794417e+17 2.919003496445626e+17 2.7755419615052646e+17
11225.001572587898 5.545084964804754e+17 5.39908856269477e+17 5.2420051320212896e+17 5.071667144778846e+17 4.884818538251978e+17 4.6768182284472237e+17 4.440764963828029e+17 4.3091402173430074e+17 4.166211098773228e+17 4.009756883743054e+17 3.90827601683412e+17 3.83702266444063e+17 3.7241003278258746e+17 3.644312275781981e+17 3.5166435925923104e+17 3.4249435012205555e+17 3.376544973264858e+17 3.326003415550139e+17 3.272794695634129e+17 3.216133670418999e+17 3.154798371152658e+17 3.008287620837079e+17 2.9110710684688166e+17 2.7684246980036157e+17
11275.001579592797 5.437598857850666e+17 5.296912229506826e+17 5.145528927525382e+17 4.981264728010107e+17 4.800939158996589e+17 4.6000801848929485e+17 4.372014891480596e+17 4.2447852424299456e+17 4.106596133584008e+17 3.955269236591233e+17 3.8570669047555526e+17 3.788088617879938e+17 3.678701045589237e+17 3.601345701789162e+17 3.4774301273466336e+17 3.388285107274431e+17 3.341178398818292e+17 3.2919375659481184e+17 3.2400427732592275e+17 3.1847140105417645e+17 3.124738174169025e+17 2.981113928893547e+17 2.885534439166124e+17 2.744958203194954e+17
11325.001586597598 5.438384205503347e+17 5.297933322941026e+17 5.1468485367397184e+17 4.982888945347254e+17 4.802868736451167e+17 4.602248728152624e+17 4.374296631872733e+17 4.2470687267717696e+17 4.108766423576648e+17 3.957185038033674e+17 3.858735720061286e+17 3.789542343454236e+17 3.679749435653535e+17 3.602069926195921e+17 3.47757696483211e+17 3.388005856807077e+17 3.340680445570656e+17 3.291226116433956e+17 3.239128110583315e+17 3.183616321551592e+17 3.123492011004921e+17 2.9797911451489414e+17 2.88445052714383e+17 2.744755417507371e+17
11375.0015936025 5.4112652548539e+17 5.2707950017574637e+17 5.1197409215795206e+17 4.955857951987119e+17 4.776015898299435e+17 4.5757001044156186e+17 4.348281262743307e+17 4.221352247283431e+17 4.083426646964546e+17 3.9322736663887104e+17 3.834116645823608e+17 3.76513015322782e+17 3.6556856926174496e+17 3.578260802296544e+17 3.454215625171747e+17 3.3650040055881395e+17 3.3178849830570355e+17 3.268656998156667e+17 3.2168113333620474e+17 3.161581950476375e+17 3.1017745827513094e+17 2.958832254139131e+17 2.8639374196152186e+17 2.72469467717658e+17
11425.001600607298 5.345864498210701e+17 5.208864498781392e+17 5.0614624124647034e+17 4.901475583973882e+17 4.72576352369165e+17 4.529961267398027e+17 4.307431120675511e+17 4.1831540035201197e+17 4.048027265714937e+17 3.899854908717245e+17 3.8035759915598086e+17 3.7358759119892205e+17 3.6284057154444154e+17 3.552324413175137e+17 3.430320688956778e+17 3.342486106720117e+17 3.2960625474789037e+17 3.24753835754702e+17 3.1964095956113536e+17 3.141919524711068e+17 3.0828893209586963e+17 2.9417554357833197e+17 2.84809478182578e+17 2.7108776905444826e+17
11475.0016076122 5.390615602517255e+17 5.2516702807016083e+17 5.10206506734455e+17 4.939730079745835e+17 4.7613740619780384e+17 4.562517202905439e+17 4.3363283937562906e+17 4.20992305622334e+17 4.072335077412778e+17 3.921322968487239e+17 3.8231040811725203e+17 3.7540046061941434e+17 3.644257154122102e+17 3.566547050588998e+17 3.441957663151016e+17 3.352348444098835e+17 3.305039116589352e+17 3.255641295188309e+17 3.203660864110538e+17 3.1483497759010515e+17 3.088543613348049e+17 2.946078381574725e+17 2.8519848084284333e+17 2.714808282607982e+17
11525.001614616996 5.35927022797306e+17 5.221696642068662e+17 5.073644635823423e+17 4.912789727964903e+17 4.736088450940137e+17 4.53899282004749e+17 4.314768920005252e+17 4.1893955525453414e+17 4.0529048517703e+17 3.9030207550335654e+17 3.805504759258333e+17 3.736881876227773e+17 3.627860301190851e+17 3.5506406961918515e+17 3.4268088135927974e+17 3.337726484667538e+17 3.290692427641921e+17 3.241583648562892e+17 3.189909759447816e+17 3.1349318538175014e+17 3.07549550410912e+17 2.933982862719251e+17 2.8406020930980755e+17 2.7046259402839754e+17
11575.001621621797 5.303101363060225e+17 5.167245545015824e+17 5.0210708545178726e+17 4.862404414930715e+17 4.688167553525515e+17 4.4940054825416864e+17 4.273237543719353e+17 4.149843478253789e+17 4.015522526825046e+17 3.868046768255757e+17 3.7720863970859757e+17 3.70454958480018e+17 3.5972334154500755e+17 3.5212016826107904e+17 3.3992153613201126e+17 3.311411736708382e+17 3.2650338755939776e+17 3.21659423964278e+17 3.1656047511338406e+17 3.1113323275629594e+17 3.052628784088779e+17 2.912709191753239e+17 2.8202450448325126e+17 2.6854272852691306e+17
11625.001628626698 5.223104120399265e+17 5.091409881362078e+17 4.949677579521433e+17 4.79563953976677e+17 4.62635356605426e+17 4.437420711131059e+17 4.2223219319510784e+17 4.101979847508244e+17 3.970896277379483e+17 3.826831520103601e+17 3.7330027803202016e+17 3.666923589935834e+17 3.561842659576673e+17 3.4873202061480666e+17 3.3676130586203885e+17 3.2813288777923686e+17 3.23571044279728e+17 3.1880322131719514e+17 3.1378101138175706e+17 3.084315808798821e+17 3.026410922911002e+17 2.888227898851651e+17 2.7967986814864925e+17 2.663377756691524e+17
11675.001635631497 5.2032492984518637e+17 5.0732429644970074e+17 4.9331410109842944e+17 4.780880776231217e+17 4.613326476896876e+17 4.426188034252207e+17 4.21284571764974e+17 4.093341191225753e+17 3.9630663454266106e+17 3.8197412702965005e+17 3.7263083384810694e+17 3.660465143049107e+17 3.5556934700795546e+17 3.481340977563958e+17 3.361846935814759e+17 3.275681169513327e+17 3.230121924045947e+17 3.182507302571905e+17 3.132357689434876e+17 3.0789521340461843e+17 3.021163273792456e+17 2.883380009664883e+17 2.7923513285183776e+17 2.659769339592572e+17
11725.001642636398 5.242445369988197e+17 5.110034569832459e+17 4.967514444185307e+17 4.812497583329928e+17 4.642052886246694e+17 4.451685143418998e+17 4.234678923088866e+17 4.1130978971244717e+17 3.98048702650521e+17 3.834526384006469e+17 3.7393433245603194e+17 3.672252696893763e+17 3.565487290985076e+17 3.489730392504319e+17 3.368042501757671e+17 3.280401680181976e+17 3.234117579427487e+17 3.185796481095104e+17 3.1349691044673376e+17 3.080926371147838e+17 3.0225554025223706e+17 2.883889964043861e+17 2.7927238201790602e+17 2.66064949196876e+17
11775.001649641197 5.123706738620686e+17 4.997292007816384e+17 4.8611086203104154e+17 4.712918629993547e+17 4.54979622698001e+17 4.367504393756956e+17 4.1594943261793306e+17 4.0428753304224794e+17 3.9156098423075386e+17 3.775422199547593e+17 3.683923622110979e+17 3.6193766802349946e+17 3.5165535809169005e+17 3.443501126751031e+17 3.3259506738179546e+17 3.241098540333598e+17 3.196210783481061e+17 3.1492882019050304e+17 3.0998621740217376e+17 3.047227414182691e+17 2.9902772760825894e+17 2.8545395974769453e+17 2.764927276832177e+17 2.634585982218836e+17
11825.001656646098 5.1011650914924685e+17 4.97458949648537e+17 4.838134267165998e+17 4.6898592350277574e+17 4.5267491025717997e+17 4.344573377934406e+17 4.13689424341956e+17 4.0205379969918515e+17 3.893668673269444e+17 3.754005877322573e+17 3.66290581082985e+17 3.598670904029298e+17 3.496396294818338e+17 3.4237677701169926e+17 3.30695782103255e+17 3.2226856270824595e+17 3.178119757931342e+17 3.131543880408663e+17 3.082494230071687e+17 3.030273222718258e+17 2.97378499543447e+17 2.8392098414720218e+17 2.7504185213974006e+17 2.62136238939628e+17
11875.001663650899 5.065617238589838e+17 4.940833337212895e+17 4.806218185077134e+17 4.6597993978808506e+17 4.498589583428934e+17 4.3183975329182886e+17 4.1127633307395955e+17 3.9974678632285306e+17 3.871621747954946e+17 3.732966870919706e+17 3.642442859329745e+17 3.578576693188608e+17 3.476820335370694e+17 3.404507235161884e+17 3.2881238903227245e+17 3.204104529422509e+17 3.159659711097979e+17 3.1132041128536595e+17 3.064277356320971e+17 3.012186809727196e+17 2.955843300701302e+17 2.8216428301968586e+17 2.7331323944668822e+17 2.6045423551030342e+17
11925.001670655798 5.128263832756941e+17 5.000668110939316e+17 4.863180085872484e+17 4.713511040697932e+17 4.5487669373293434e+17 4.364521936668171e+17 4.154133567208756e+17 4.036048018612308e+17 3.907028549457396e+17 3.7647360382436685e+17 3.6717351957276474e+17 3.606088280071924e+17 3.5014281009318554e+17 3.427035552116567e+17 3.3073431079627296e+17 3.2210326890695584e+17 3.175437227174385e+17 3.127839293231297e+17 3.0777896992746675e+17 3.024607459357862e+17 2.967218138436824e+17 2.8311590453850243e+17 2.741978517897137e+17 2.6132933839610726e+17
11975.001677660599 4.9652435307435994e+17 4.843318301110451e+17 4.711935972461813e+17 4.5691949216396045e+17 4.4122163907990816e+17 4.2368355196850035e+17 4.036871780770039e+17 3.9248229057773094e+17 3.802549548732865e+17 3.667865981320307e+17 3.57994042471985e+17 3.517903946297064e+17 3.4190505135644416e+17 3.348791791923168e+17 3.235696528962187e+17 3.154024734144698e+17 3.110812031857476e+17 3.06563285088338e+17 3.018037546441244e+17 2.96734440628791e+17 2.912483192650879e+17 2.7816453647421114e+17 2.6951824832936422e+17 2.5692800626851082e+17
12025.001684665496 5.006559065548643e+17 4.883766547952194e+17 4.751407757418035e+17 4.607343092806631e+17 4.448724806688141e+17 4.2713465086594195e+17 4.068753412276641e+17 3.9550381833065683e+17 3.8307987166668774e+17 3.693739254344424e+17 3.6041538465403635e+17 3.5408945373140794e+17 3.440007461656862e+17 3.368254169362704e+17 3.252701949743718e+17 3.1692682703992256e+17 3.1251460551455846e+17 3.0790480553111e+17 3.0305295515129645e+17 2.9789178103419974e+17 2.92315383572815e+17 2.7906388525030643e+17 2.7035281927160403e+17 2.5774943103844598e+17
12075.001691670297 4.960158458292061e+17 4.8391838048220154e+17 4.708692228312765e+17 4.566616609247507e+17 4.4101784735441165e+17 4.2352028459054854e+17 4.0353533346012006e+17 3.9231631961153914e+17 3.800577455714093e+17 3.665334604356875e+17 3.576910558540256e+17 3.514461831909058e+17 3.4148471249512826e+17 3.3439754246971725e+17 3.2297961578780186e+17 3.147314957981589e+17 3.1036836441215034e+17 3.058087775629894e+17 3.010089197038749e+17 2.959022305384134e+17 2.9038387636671046e+17 2.7726663071844384e+17 2.6864081951340646e+17 2.5615596460452026e+17
12125.001698675198 4.9630075421396563e+17 4.841896838294158e+17 4.71133056466798e+17 4.569217167104408e+17 4.412586634275497e+17 4.2373583238722086e+17 4.037026650710829e+17 3.9244754014446355e+17 3.801385606894193e+17 3.6654373542348595e+17 3.576459658892268e+17 3.5135774068182163e+17 3.413207255417659e+17 3.341754579371954e+17 3.226595649838999e+17 3.1434087344232966e+17 3.09941619041569e+17 3.053460589061487e+17 3.0051089828338675e+17 2.953702598481486e+17 2.898199922468388e+17 2.7664970979195805e+17 2.6800858037251174e+17 2.5553217770436746e+17
12175.001705679997 4.9776157974562464e+17 4.856202936493055e+17 4.725217223014472e+17 4.582427145579262e+17 4.425022123995508e+17 4.248734375839888e+17 4.0469835743631155e+17 3.933529842460057e+17 3.809327911385745e+17 3.671985973868611e+17 3.5820169831953434e+17 3.518388791691839e+17 3.4167459864867514e+17 3.3443411529882477e+17 3.22760187020658e+17 3.14327420863044e+17 3.0986964808007686e+17 3.0521547290043936e+17 3.003222347370555e+17 2.951251291571129e+17 2.8952120652001683e+17 2.7625954525921174e+17 2.6759077056580906e+17 2.5512646646905395e+17
12225.001712684798 4.946883379163288e+17 4.8267553474983405e+17 4.6970736384634854e+17 4.555777134522778e+17 4.3999058161612365e+17 4.2252596969438605e+17 4.025342295382474e+17 3.9128226870467616e+17 3.789640406391276e+17 3.653356304526091e+17 3.5640374871520646e+17 3.500842654536276e+17 3.399856150763217e+17 3.327884082363841e+17 3.2117878661835475e+17 3.127888136858123e+17 3.0835292678580326e+17 3.0372127961385363e+17 2.9885176113861843e+17 2.936801437359528e+17 2.8810446833405354e+17 2.7491447468340973e+17 2.662975652195896e+17 2.5391837474284253e+17
12275.001719689699 4.894842103767028e+17 4.776790897918002e+17 4.649451012592767e+17 4.5106385819865536e+17 4.3575923460389677e+17 4.186125034297246e+17 3.9897788674401325e+17 3.87925010807564e+17 3.758206582893566e+17 3.624221767685909e+17 3.536357032714299e+17 3.474159048751075e+17 3.374699531481095e+17 3.303769347978119e+17 3.18925347807618e+17 3.1064186538039744e+17 3.06259659461691e+17 3.016822696230724e+17 2.9686784151389306e+17 2.917527571584792e+17 2.862356870670981e+17 2.731743230763668e+17 2.6463404838517866e+17 2.5235915099819485e+17
12325.001726694498 4.883688001885328e+17 4.766112852560063e+17 4.6391326881039686e+17 4.500682439210843e+17 4.3478783190616154e+17 4.176593061544553e+17 3.9803154104765574e+17 3.8698022859013984e+17 3.748712477203863e+17 3.614629809978515e+17 3.526666624970016e+17 3.4644010455346304e+17 3.364817807705368e+17 3.293799520938321e+17 3.1791367663908634e+17 3.0962117228339526e+17 3.0523534730945005e+17 3.006553415985264e+17 2.958398341885429e+17 2.9072584475025e+17 2.8521319605677194e+17 2.7217869232670957e+17 2.6367045000089517e+17 2.5146249775568205e+17
12375.001733699399 4.853596739038453e+17 4.736962325778313e+17 4.6109940000956314e+17 4.4737064409362406e+17 4.322220125680439e+17 4.152415550392059e+17 3.957854646476638e+17 3.848288983695619e+17 3.7282112398191386e+17 3.5952019508738675e+17 3.50791729092867e+17 3.446095114424649e+17 3.3471764251729306e+17 3.276583387643224e+17 3.1625325783040403e+17 3.0799936191937715e+17 3.036327565435592e+17 2.9907207655901606e+17 2.942768381026893e+17 2.891846047024268e+17 2.8369601251062093e+17 2.7072164867559e+17 2.6225540002252406e+17 2.5011385370535258e+17
12425.001740704198 4.820122326150114e+17 4.704490400480551e+17 4.579603802925428e+17 4.443422591192573e+17 4.2932722528901165e+17 4.1249462653971686e+17 3.932141436655347e+17 3.8235683697669843e+17 3.7045911634003226e+17 3.572821115475239e+17 3.486340619194665e+17 3.4250854383370797e+17 3.327074789842054e+17 3.257125471764944e+17 3.1440973837861235e+17 3.0622926182980365e+17 3.019008687932071e+17 2.973801794315092e+17 2.926266853293701e+17 2.8757874879569203e+17 2.8213803757572474e+17 2.692776884702552e+17 2.6088680940603178e+17 2.4885632838257245e+17
12475.001747709099 4.809106561034777e+17 4.6944789415876416e+17 4.5706166400747366e+17 4.435542791429786e+17 4.2863631297542886e+17 4.118973555633481e+17 3.926935721947075e+17 3.8186576335238426e+17 3.699851703299708e+17 3.568085291480638e+17 3.481493677569738e+17 3.420107546607896e+17 3.321789013566599e+17 3.25155183699891e+17 3.137964620557986e+17 3.0556984408011757e+17 3.012166541210292e+17 2.9667018670083776e+17 2.918908439302657e+17 2.8681745908953e+17 2.8135275259558502e+17 2.6845465887641392e+17 2.6005799332097053e+17 2.4805361860553034e+17
12525.0017547139 4.769264944072842e+17 4.6562411043724576e+17 4.5338788062295264e+17 4.40049265433831e+17 4.253101376502608e+17 4.0877000339530976e+17 3.897909859584163e+17 3.790872751034811e+17 3.6734150951331654e+17 3.5431418082484717e+17 3.457525815344119e+17 3.396830952837959e+17 3.299602968078015e+17 3.230130336063259e+17 3.117754327259467e+17 3.0363457280244883e+17 2.9932572478588717e+17 2.94824786630266e+17 2.900924831908291e+17 2.8506815098520432e+17 2.796552315565306e+17 2.668752125098882e+17 2.585519761432371e+17 2.466483144322982e+17
12575.001761718797 4.738096929459454e+17 4.6268302469776634e+17 4.5063546521283936e+17 4.374940307925719e+17 4.229593432692533e+17 4.0663123745435174e+17 3.8787373206297715e+17 3.772873208541609e+17 3.6566053899241306e+17 3.5274965763046784e+17 3.4425600342290285e+17 3.3823009050772454e+17 3.285698824251876e+17 3.216610794075963e+17 3.104745659371144e+17 3.023625825983392e+17 2.980668378155945e+17 2.9357839670398925e+17 2.8885840541483955e+17 2.8384668263694944e+17 2.7844759195304502e+17 2.6570482519718186e+17 2.574122714308218e+17 2.455672299324012e+17
12625.001768723598 4.711932854970722e+17 4.601549198232939e+17 4.4819913949601606e+17 4.351516329258049e+17 4.207216601055382e+17 4.045218149951757e+17 3.859109786428038e+17 3.754029967430936e+17 3.6386247389743795e+17 3.510427382079735e+17 3.4260383935164595e+17 3.3661475682333446e+17 3.270070196402107e+17 3.201316902946438e+17 3.0899177016658944e+17 3.009089286863965e+17 2.966278090128125e+17 2.921544448285766e+17 2.874503690339608e+17 2.8245656767333123e+17 2.7707816628834422e+17 2.6439117250440234e+17 2.5614097382052742e+17 2.443686506427492e+17
12675.001775728497 4.679069368211735e+17 4.5693228811565734e+17 4.4506370180760486e+17 4.320989074348618e+17 4.177765576031612e+17 4.0168849679573856e+17 3.832116096828116e+17 3.727876110507983e+17 3.613376956968432e+17 3.486235236396526e+17 3.402572681135788e+17 3.343195625979632e+17 3.247970227732348e+17 3.1798300055236614e+17 3.06944564008081e+17 2.9893602013803136e+17 2.946945683019537e+17 2.9026290599371296e+17 2.856029128403165e+17 2.8065595630342445e+17 2.7532808008820214e+17 2.6275977280310246e+17 2.5458509744526243e+17 2.4291637390478397e+17
12725.001782733298 4.670493360619454e+17 4.56219991129907e+17 4.4448560673105856e+17 4.316381482238502e+17 4.174153154049328e+17 4.014101329718435e+17 3.829884463498437e+17 3.725699499544926e+17 3.611148979763695e+17 3.483737536439337e+17 3.399782566192028e+17 3.3401470798617696e+17 3.244405642734337e+17 3.175841893190689e+17 3.064680766700955e+17 2.983991174330867e+17 2.9412529595220883e+17 2.8966047242362963e+17 2.8496706033286275e+17 2.799872956701604e+17 2.7462829946916848e+17 2.620088909968225e+17 2.5382194634301603e+17 2.4217156208626368e+17
12775.001789738199 4.622700315754986e+17 4.5208429413578003e+17 4.409582692291584e+17 4.286960245794056e+17 4.1500882712918426e+17 3.994796422640822e+17 3.814643739176221e+17 3.712225514901032e+17 3.599188716440822e+17 3.4730513440111104e+17 3.3897026299489e+17 3.330406154642951e+17 3.235043902608597e+17 3.166633476620484e+17 3.055531181289478e+17 2.9747676006493434e+17 2.9319587834897094e+17 2.8872239767547923e+17 2.8401928057648013e+17 2.790294473707751e+17 2.7366109661136784e+17 2.6103099341728666e+17 2.5284961618293184e+17 2.4123240753181475e+17
12825.001796742998 4.2848056474080384e+17 4.211214747546074e+17 4.129150337750099e+17 4.036675824714571e+17 3.9307324147319795e+17 3.8071628900576435e+17 3.659610679704857e+17 3.573797036989334e+17 3.477632594139733e+17 3.3686082311510176e+17 3.2956579396561715e+17 3.243338750475572e+17 3.158486290687929e+17 3.097078351776854e+17 2.996365766284622e+17 2.9223383511530285e+17 2.882804730257717e+17 2.8412610039391264e+17 2.7973248340708474e+17 2.7504175270687795e+17 2.6996222530677635e+17 2.5788815888381802e+17 2.4998271150327222e+17 2.3865052337058064e+17
12875.001803747798 4.566088432759055e+17 4.4646200522025363e+17 4.354048845779661e+17 4.2323651947653165e+17 4.0968153302538906e+17 3.943293013505493e+17 3.765523198183333e+17 3.66457441532234e+17 3.5532778755312416e+17 3.429139604495623e+17 3.3471570654243e+17 3.2888351983304685e+17 3.195040653462639e+17 3.1277484103428474e+17 3.0184397345838285e+17 2.9389534990386496e+17 2.8968150538752096e+17 2.8527720401472803e+17 2.8064644849626445e+17 2.7573298832781408e+17 2.704464347004421e+17 2.580079296398971e+17 2.4994873512413574e+17 2.3850160984742112e+17
12925.001810752696 4.5489319897983334e+17 4.444616144308836e+17 4.33162160786808e+17 4.2078817324252717e+17 4.0709018257013e+17 3.916693133041017e+17 3.7390827973326605e+17 3.638578440323558e+17 3.5280040331879494e+17 3.404869232922074e+17 3.323624958335064e+17 3.265848901586388e+17 3.1729572535762035e+17 3.1063166735517965e+17 2.998049075431916e+17 2.919295853963202e+17 2.877536556126091e+17 2.83388509092741e+17 2.7879795645488912e+17 2.739265929141456e+17 2.68684611165239e+17 2.563469335449511e+17 2.4834870511105837e+17 2.3698131291148822e+17
12975.001817757497 4.545409876401208e+17 4.4414840220624006e+17 4.3288265215940397e+17 4.205631085432324e+17 4.069203249751867e+17 3.915595321661935e+17 3.738539638371311e+17 3.6382638891793306e+17 3.527805005989655e+17 3.4046248135050464e+17 3.323233407707116e+17 3.2652941125314195e+17 3.172046464212213e+17 3.105064626953861e+17 2.9961147644092774e+17 2.916781360756904e+17 2.874697753180436e+17 2.830703875900519e+17 2.7844410198665696e+17 2.7353648651145392e+17 2.6825886110020467e+17 2.5585900314452e+17 2.478433990146418e+17 2.3649545840526282e+17
13025.001824762398 4.5062227072063763e+17 4.4029859915301446e+17 4.2912814229388934e+17 4.1691001230751514e+17 4.03391864589414e+17 3.8817324715081114e+17 3.7064525383263296e+17 3.607278907871049e+17 3.498063366682911e+17 3.376353273529241e+17 3.29597805208281e+17 3.238785822878853e+17 3.146762336006501e+17 3.080686378119971e+17 2.973248117448121e+17 2.8950305688296256e+17 2.8535372160527616e+17 2.8101560557214102e+17 2.7645351610198605e+17 2.7161302302766566e+17 2.664062470469413e+17 2.5416636183283146e+17 2.4624784100468013e+17 2.3502647613224675e+17
13075.001831767197 4.498517857425611e+17 4.396164610199789e+17 4.285284657195204e+17 4.163853350909756e+17 4.0293372978303686e+17 3.877915576777259e+17 3.703436929456375e+17 3.604558972008276e+17 3.495550022814161e+17 3.37388908108573e+17 3.2934093766544403e+17 3.2360821497479654e+17 3.143726554325341e+17 3.0773256457103514e+17 2.969191703638551e+17 2.890368740348015e+17 2.8485331446416173e+17 2.8047879453181702e+17 2.7587865103598605e+17 2.7099921060307677e+17 2.6575369572158976e+17 2.534421263608034e+17 2.4549643131355302e+17 2.3427250036549654e+17
13125.001838772097 4.4327482339577914e+17 4.332587191254924e+17 4.2240253469912576e+17 4.105335668005412e+17 3.973969391867044e+17 3.825993713780472e+17 3.655519310636666e+17 3.5588953081251885e+17 3.452421580885724e+17 3.33364470551369e+17 3.2550776955193434e+17 3.1991069086024083e+17 3.10894457078924e+17 3.0441093165998336e+17 2.9384923326584826e+17 2.8614607240758323e+17 2.8205537228602886e+17 2.777760896263133e+17 2.7327316172353194e+17 2.684935632482992e+17 2.6335095529687174e+17 2.512592870328638e+17 2.4343655421865728e+17 2.3235824552801098e+17
13175.001845776898 4.40473751139225e+17 4.305737592876589e+17 4.198483295243275e+17 4.081158574198362e+17 3.951205370826844e+17 3.804808156677434e+17 3.6360434506866406e+17 3.540389983665733e+17 3.434912551566243e+17 3.3171209118089894e+17 3.239166258915527e+17 3.1836205802214214e+17 3.0940495989242e+17 3.0295882890959104e+17 2.9244729625908864e+17 2.847729299750829e+17 2.806947729144487e+17 2.7642706880636045e+17 2.719352478514007e+17 2.6716665591815424e+17 2.6203595729990227e+17 2.49976230824394e+17 2.421791146693906e+17 2.311487091329074e+17
13225.001852781797 4.423922580898909e+17 4.324341539538295e+17 4.216293678332881e+17 4.097948524485584e+17 3.966971502251856e+17 3.8193119539450675e+17 3.648876837391981e+17 3.552207065905786e+17 3.445528495426823e+17 3.3262591456681024e+17 3.247254669357124e+17 3.190907552004185e+17 3.099991894917743e+17 3.034514302396543e+17 2.9276822514264454e+17 2.8496663158076944e+17 2.8082182943466045e+17 2.764857977526166e+17 2.7192510546039722e+17 2.6708769503888608e+17 2.6188953090570787e+17 2.497053414890012e+17 2.4185764255460918e+17 2.3080146932993843e+17
13275.001859786598 4.367726344685623e+17 4.269224122615072e+17 4.162736213476387e+17 4.04620627456575e+17 3.917195174444609e+17 3.7719396877581024e+17 3.604513623350992e+17 3.509620965284798e+17 3.404990177358105e+17 3.2881229949318554e+17 3.2107393823346694e+17 3.155560363601283e+17 3.0665376590825536e+17 3.00242491591954e+17 2.8977908820920806e+17 2.821338977839012e+17 2.7807044692263146e+17 2.738174239874893e+17 2.693415738004667e+17 2.6459105988406358e+17 2.5948214401340675e+17 2.4748737317083702e+17 2.397430943703601e+17 2.2880275863676045e+17
13325.001866791497 4.3621377673166355e+17 4.264483992761886e+17 4.1588593370596326e+17 4.043067770063874e+17 3.914853479767947e+17 3.770272037086244e+17 3.6035089028804077e+17 3.508882346937963e+17 3.4044635483729837e+17 3.2876584494930266e+17 3.210231042335592e+17 3.154948659734454e+17 3.065683237761474e+17 3.0013047773827066e+17 2.8961129641116685e+17 2.819153015385751e+17 2.778225384356582e+17 2.7353809541704954e+17 2.6902918265561075e+17 2.6424481620806208e+17 2.5910233597818435e+17 2.4704791382603306e+17 2.3928571904076262e+17 2.2835970636371987e+17
13375.001873796298 4.336026120276017e+17 4.2393886911187686e+17 4.134416190541042e+17 4.019640021288376e+17 3.892538262802142e+17 3.749248626901058e+17 3.5837592470476134e+17 3.48987775446845e+17 3.3862299523506426e+17 3.2702658125730925e+17 3.193362038472825e+17 3.1384542577090835e+17 3.049758011139226e+17 2.985769311525172e+17 2.8811743023173718e+17 2.8046219391179456e+17 2.763899422427704e+17 2.7212641954534317e+17 2.6763936545256118e+17 2.628779128813923e+17 2.577607133336476e+17 2.4577030078549245e+17 2.3805376213228992e+17 2.2719915303017466e+17
13425.0018808012 4.3294416042054854e+17 4.233376799949329e+17 4.129591661923718e+17 4.015660659314523e+17 3.889383468208596e+17 3.7468536197762944e+17 3.5820156492851974e+17 3.4883169861098925e+17 3.384777782857236e+17 3.2687574156446714e+17 3.191706558360738e+17 3.1366424521688704e+17 3.047600342640429e+17 2.983294060063981e+17 2.8780545595791712e+17 2.8009548988802272e+17 2.759922033378787e+17 2.7169576037349894e+17 2.6717374158692387e+17 2.6237666880756118e+17 2.5722339177991978e+17 2.451661035789473e+17 2.374250687557521e+17 2.2657123101110134e+17
13475.001887805996 4.303453640884222e+17 4.208559807708283e+17 4.105553245310039e+17 3.9926775681741254e+17 3.867427227667569e+17 3.726090439249756e+17 3.5626256791794445e+17 3.469704482055769e+17 3.3669483602493235e+17 3.2517891348225e+17 3.175282797037216e+17 3.120600005678784e+17 3.0321335301774714e+17 2.968214530911333e+17 2.8635536273703994e+17 2.7868286904924144e+17 2.7459815244508224e+17 2.70320160809376e+17 2.6581693271454534e+17 2.6103948460908493e+17 2.5590777218536013e+17 2.4390482350214938e+17 2.3620292087311882e+17 2.254116359522378e+17
13525.001894810797 4.278946507540938e+17 4.1852659973340365e+17 4.0836488599080934e+17 3.972136905795804e+17 3.848437866089798e+17 3.708676539762234e+17 3.5469377996450125e+17 3.454910440822035e+17 3.353133744179519e+17 3.23890183066081e+17 3.162962332635245e+17 3.1086495964391046e+17 3.020688595413061e+17 2.9570816724182483e+17 2.8527977026915898e+17 2.7762629199872714e+17 2.7354885181537126e+17 2.692765993101772e+17 2.6477783793427578e+17 2.600041271477699e+17 2.5487609459382957e+17 2.4288620930971382e+17 2.351993520741279e+17 2.2444516787167053e+17
13575.001901815696 4.227741241251292e+17 4.1353943423434374e+17 4.034882763037672e+17 3.9249049013071456e+17 3.8029957883486874e+17 3.665311730672824e+17 3.506115328954024e+17 3.415607615706149e+17 3.315561122641912e+17 3.203457450587589e+17 3.12892434190435e+17 3.075620974874733e+17 2.9893549579202605e+17 2.926977182250287e+17 2.8247166567963302e+17 2.7496381317504893e+17 2.7096291529349254e+17 2.667696838958467e+17 2.623523761389997e+17 2.5766273453186534e+17 2.526220950834573e+17 2.4082069920632538e+17 2.3323887873789773e+17 2.2260369777026256e+17
13625.001908820497 4.2220296294555315e+17 4.1295549915459814e+17 4.0293395714237e+17 3.919451390893207e+17 3.797539183546083e+17 3.659768242910717e+17 3.5005601565798176e+17 3.4100111983748506e+17 3.3098648079592634e+17 3.197521342996885e+17 3.1228271113942784e+17 3.069391658487714e+17 2.9828373062513344e+17 2.9202143082852954e+17 2.8174734961989382e+17 2.7419976531712746e+17 2.7017614345762054e+17 2.6595862618098422e+17 2.6151585786749507e+17 2.5679994633953885e+17 2.5173302606550736e+17 2.3988351248126618e+17 2.3228309354969494e+17 2.216427990609227e+17
13675.001915825398 4.196316955308319e+17 4.105302648527211e+17 4.006487095913348e+17 3.898097794399436e+17 3.777674408182289e+17 3.641650907990641e+17 3.484158461690583e+17 3.3945427323912096e+17 3.295386966552303e+17 3.184063920373317e+17 3.1100097092597344e+17 3.056979826632467e+17 2.9710464698591034e+17 2.908828588319594e+17 2.806658588700712e+17 2.731528146741426e+17 2.6914544402600317e+17 2.649432414260537e+17 2.6051509973811475e+17 2.558141664536388e+17 2.507631157318486e+17 2.3895574142859514e+17 2.313901570671055e+17 2.2081530609805395e+17
13725.001922830197 4.1645749282586285e+17 4.075654854078218e+17 3.978829611755348e+17 3.8726410091466246e+17 3.754663400608138e+17 3.621186675268026e+17 3.4664891940674656e+17 3.378362702917283e+17 3.2806636147293075e+17 3.1708911733740474e+17 3.097719318119265e+17 3.0452746309819603e+17 2.9601804655335405e+17 2.898473491554908e+17 2.796966799532185e+17 2.7221834719014198e+17 2.682248685858457e+17 2.6403417665588157e+17 2.596152090326681e+17 2.5492137482410342e+17 2.4987585053676742e+17 2.380805850603613e+17 2.305279220299776e+17 2.1998903333424246e+17
13775.001929835098 4.1508462479373376e+17 4.061982290639524e+17 3.965320446458448e+17 3.859160375197208e+17 3.7413480914729376e+17 3.608133946981292e+17 3.453739062480044e+17 3.365751220847675e+17 3.2682684315985216e+17 3.158689945610553e+17 3.0856209266798784e+17 3.033279094807961e+17 2.948280985694543e+17 2.886628267011105e+17 2.785186556416845e+17 2.7104150477743e+17 2.6704762114150867e+17 2.6285668559984186e+17 2.5843766832342406e+17 2.537441552760997e+17 2.4870120373394835e+17 2.3692148992155958e+17 2.29387136437035e+17 2.188861288360423e+17
13825.001936839897 4.1342089612189075e+17 4.046319967687045e+17 3.9503942413795456e+17 3.845143756966234e+17 3.72834559352356e+17 3.5960694173428365e+17 3.442746098998556e+17 3.3553099180713914e+17 3.2583620039179616e+17 3.149286798653993e+17 3.076519990008432e+17 3.024327799502818e+17 2.9395512763790534e+17 2.877994411649047e+17 2.776585623928025e+17 2.7017670343538074e+17 2.6617809690400525e+17 2.619799525681685e+17 2.575523832136869e+17 2.5284969467937424e+17 2.4779732951746845e+17 2.3600476106294358e+17 2.2847265232777856e+17 2.1799473825491635e+17
13875.001943844798 4.121373927151199e+17 4.033331235647245e+17 3.937759321609526e+17 3.8326944314055123e+17 3.7157841751960704e+17 3.583670734210517e+17 3.430597772017809e+17 3.343280669068726e+17 3.246479967793688e+17 3.137533713884457e+17 3.0648378444205824e+17 3.012698258683385e+17 2.927954949546831e+17 2.8663827011814662e+17 2.764899391165789e+17 2.68996142534594e+17 2.649892410831812e+17 2.6078205572559507e+17 2.563440755021092e+17 2.5163028561378816e+17 2.4656706407009754e+17 2.3475731532178525e+17 2.272204589641096e+17 2.1674464581554618e+17
13925.001950849599 4.094624712149405e+17 4.00820368299937e+17 3.9142014404614566e+17 3.811006670157221e+17 3.696237125786916e+17 3.566222273903177e+17 3.4152148500449466e+17 3.32900872030309e+17 3.2333439462146925e+17 3.125510566107552e+17 3.0534951100161984e+17 3.001784247541143e+17 2.917666340871948e+17 2.856504950232381e+17 2.7555562367276272e+17 2.6809231615074282e+17 2.6409864360350762e+17 2.5990369828359866e+17 2.5547730525642515e+17 2.5077402829951254e+17 2.4572152350100522e+17 2.339406713588305e+17 2.2643041684607587e+17 2.1601103097394992e+17
13975.001957854496 4.0703006761623974e+17 3.984607510916098e+17 3.8916033138590406e+17 3.789251255546622e+17 3.675576027441797e+17 3.5467216542402195e+17 3.397174958414682e+17 3.311816537758754e+17 3.2170554277332243e+17 3.1101872753104256e+17 3.038768579518216e+17 2.9874764739069216e+17 2.903977368953627e+17 2.8432068667055734e+17 2.742821099091928e+17 2.668517462300326e+17 2.628726081801499e+17 2.5869059863322925e+17 2.542757515915172e+17 2.4958338543868342e+17 2.4454138714653498e+17 2.327852529146269e+17 2.2529310010459648e+17 2.149041489661453e+17
14025.001964859297 4.034154281600294e+17 3.949408223460178e+17 3.856855081173451e+17 3.755428158802287e+17 3.642846127110535e+17 3.515352024744884e+17 3.367372385522519e+17 3.2829592870971085e+17 3.1892464489719846e+17 3.083714717303829e+17 3.013178129272328e+17 2.962509768914213e+17 2.880044373794514e+17 2.820029837485571e+17 2.7209076453283786e+17 2.647520107238168e+17 2.608214729196326e+17 2.566892408751786e+17 2.523258234994102e+17 2.4768677812224474e+17 2.4270035313191968e+17 2.310665139837395e+17 2.236454812482847e+17 2.1334234790981706e+17
14075.001971864098 4.030919045213305e+17 3.9465720107443635e+17 3.8546078525136294e+17 3.75360424765575e+17 3.641134051158379e+17 3.513684225603404e+17 3.365687220026271e+17 3.281071656852082e+17 3.187175181447728e+17 3.0812194369712966e+17 3.010342280722282e+17 2.959387567121566e+17 2.8763866718501184e+17 2.8159333253491178e+17 2.715953271495097e+17 2.641856136263258e+17 2.6021483494750966e+17 2.5603972410169507e+17 2.516303654916405e+17 2.4694285225353968e+17 2.4190633446843814e+17 2.301708855732138e+17 2.22698571838908e+17 2.1233715824332192e+17
14125.001978868997 3.980689675976044e+17 3.8977980703178675e+17 3.807179486098869e+17 3.707912980479844e+17 3.597340284001045e+17 3.4720478425925555e+17 3.326478942390689e+17 3.243342528882599e+17 3.150993796344473e+17 3.0468111847130694e+17 2.977112299306837e+17 2.927024980622798e+17 2.8454031971433533e+17 2.7859559652504765e+17 2.6876370283887203e+17 2.6147553339965187e+17 2.5756882930620992e+17 2.5346037109502038e+17 2.4911989584329622e+17 2.4450419780491402e+17 2.395416273741382e+17 2.2796403988133606e+17 2.2057601982111635e+17 2.1029407506658554e+17
14175.001985873798 3.990295999347668e+17 3.9072436434219526e+17 3.817022138242496e+17 3.717829115898793e+17 3.607159736425694e+17 3.481887172830587e+17 3.335998351536737e+17 3.2525464869047354e+17 3.1596837848773184e+17 3.0548489302065683e+17 2.9845943964759475e+17 2.934043973858374e+17 2.851560315671342e+17 2.7913858208030685e+17 2.6916793924134176e+17 2.6176318100855277e+17 2.5779008865620698e+17 2.5360890579280285e+17 2.4919047277744934e+17 2.444910814505207e+17 2.3944072432208467e+17 2.276805483935903e+17 2.2020096887303933e+17 2.0983400329915818e+17
14225.001992878697 3.925733682177347e+17 3.844653698751253e+17 3.756194226062603e+17 3.6588662191826285e+17 3.550714119884419e+17 3.428126290965953e+17 3.2857436872466035e+17 3.2043286479303085e+17 3.1139666585593734e+17 3.0119323353601894e+17 2.94362848827103e+17 2.894495468898956e+17 2.8143520915012493e+17 2.7559021473091232e+17 2.6590354245592915e+17 2.5870657410608915e+17 2.5484212014358726e+17 2.507733059653452e+17 2.4647045319859117e+17 2.4189005371367923e+17 2.3696286631457405e+17 2.254646195880472e+17 2.181297199473103e+17 2.0792951580377424e+17
14275.001999883498 3.880689392081498e+17 3.800526990353621e+17 3.7134230194789734e+17 3.617511573025698e+17 3.511024196936611e+17 3.3904153837478906e+17 3.250305381761202e+17 3.170355766260364e+17 3.0815373265340365e+17 2.981351366928248e+17 2.914318953960848e+17 2.866112283403485e+17 2.7875090538377747e+17 2.7301983895490474e+17 2.6352104691209053e+17 2.5646136357277062e+17 2.526698774329194e+17 2.486768779548602e+17 2.4445242985421286e+17 2.3995362933744806e+17 2.3511088756235677e+17 2.2379600638102778e+17 2.1656613701897686e+17 2.0649386446538922e+17
14325.002006888399 3.9150435882232275e+17 3.835041748341738e+17 3.747503518977486e+17 3.6513381872299923e+17 3.5440112763217696e+17 3.422195619737815e+17 3.280339709588399e+17 3.199207993391047e+17 3.1088980907600486e+17 3.0068244226011757e+17 2.938386759345977e+17 2.8891064756919366e+17 2.8086090089683206e+17 2.7497826619497245e+17 2.652101541604254e+17 2.5793871421593117e+17 2.5403050881473805e+17 2.4991337674052458e+17 2.4555764488724272e+17 2.4092105170246035e+17 2.3593541701029667e+17 2.2432673945385328e+17 2.169524365534511e+17 2.067563323720496e+17
14375.002013893198 3.911567006966753e+17 3.831911420111418e+17 3.74521228930953e+17 3.649783593976694e+17 3.5431144229405005e+17 3.4219515268365715e+17 3.280947124840341e+17 3.200090535019238e+17 3.11004898552187e+17 3.008089477613126e+17 2.939562072497616e+17 2.8901995595005376e+17 2.8094418546273862e+17 2.75034169451657e+17 2.6520537868047552e+17 2.5787552851737658e+17 2.539318070265503e+17 2.497742453287724e+17 2.4537338205427837e+17 2.4068730884345e+17 2.3564919665229443e+17 2.2393394706762982e+17 2.1651257074849155e+17 2.0629201248773133e+17
14425.002020898099 3.791868022385388e+17 3.716250347871124e+17 3.633920249873543e+17 3.543137704647395e+17 3.4418482012236134e+17 3.32694881741856e+17 3.193066190191244e+17 3.116477592336376e+17 3.0311797039503584e+17 2.934678563800132e+17 2.8699412582483626e+17 2.8232915504211146e+17 2.74706857278493e+17 2.6913213935491565e+17 2.5986463729274643e+17 2.529517469504881e+17 2.492298139056216e+17 2.4530286681207117e+17 2.4114068067752192e+17 2.367006107559637e+17 2.3191461578955626e+17 2.207213449699161e+17 2.135740868411317e+17 2.036439628657939e+17
14475.002027902896 3.86214716798188e+17 3.784316922029253e+17 3.6993072080632634e+17 3.605685675074775e+17 3.50137013028286e+17 3.3826913216414554e+17 3.2445299459204294e+17 3.165245404560997e+17 3.0769169272326714e+17 2.9769163819890336e+17 2.909732298380482e+17 2.861206282617622e+17 2.7818323876080774e+17 2.7236900744856086e+17 2.6268985567362874e+17 2.5545972860656362e+17 2.5156545641181494e+17 2.4745670524503667e+17 2.4310402611728317e+17 2.384662477745334e+17 2.3347676372230144e+17 2.218711901532682e+17 2.1452350367052566e+17 2.0442229935871213e+17
14525.002034907797 3.786468885732452e+17 3.7113844181185146e+17 3.6292553679361786e+17 3.539062748067645e+17 3.438090826077522e+17 3.323475856343372e+17 3.189854751828273e+17 3.1133319173360723e+17 3.027988608128047e+17 2.93137804179223e+17 2.8664278447292662e+17 2.8195638032701136e+17 2.74283996683906e+17 2.6866085188668992e+17 2.5929021369955722e+17 2.5228002821628246e+17 2.4849943982011603e+17 2.4450695688768262e+17 2.4027204411507338e+17 2.3575294704348963e+17 2.308834818399247e+17 2.1951937963795178e+17 2.1229396138809018e+17 2.023128290298509e+17
14570.002041212096 3.8001141455906074e+17 3.72421467072153e+17 3.641658624635797e+17 3.550469081520375e+17 3.4492062950729043e+17 3.333838197815125e+17 3.1993222435444595e+17 3.1221581734745414e+17 3.036059240090117e+17 2.9384689726639424e+17 2.872800721016672e+17 2.8253515586933782e+17 2.7476262168004976e+17 2.6905899871511024e+17 2.5954432847149152e+17 2.5241993854594944e+17 2.485752162671298e+17 2.4451471781945837e+17 2.402076567750049e+17 2.356124304215151e+17 2.3066390268559174e+17 2.191394770898753e+17 2.1183715667803357e+17 2.0178845163870288e+17
14620.002048216997 3.784921588863213e+17 3.709447234171869e+17 3.6274833497100166e+17 3.537015869606084e+17 3.435942232457412e+17 3.321095431152443e+17 3.187147119353435e+17 3.110260695137987e+17 3.0245133917656826e+17 2.927230157658319e+17 2.8617850085904992e+17 2.8145275997406045e+17 2.7370664207179507e+17 2.6802359556558106e+17 2.5853976724563354e+17 2.5143595946318784e+17 2.4760190973966115e+17 2.4355109064110995e+17 2.3925358782261507e+17 2.3466781545820125e+17 2.2972845962199507e+17 2.1822647997191242e+17 2.1094170439032685e+17 2.0092195506307024e+17
14675.002055922298 3.7701025331990285e+17 3.695318534399627e+17 3.6139034584748045e+17 3.524359980709448e+17 3.424139900353678e+17 3.3102150622305466e+17 3.1769664154080474e+17 3.100542941523724e+17 3.0152236694880557e+17 2.9183848075286637e+17 2.8531845378601133e+17 2.8060764889722003e+17 2.7287915703060736e+17 2.6720471866366227e+17 2.5771745894743242e+17 2.5059947919673088e+17 2.4675386448383747e+17 2.426891592310259e+17 2.3837345866212627e+17 2.3376673829300522e+17 2.288039052551031e+17 2.1725379868538093e+17 2.099489543044788e+17 1.9991955857059546e+17
14725.002062927097 3.7164079793162816e+17 3.643008374423002e+17 3.563027070939913e+17 3.4748734847802714e+17 3.3763198581071546e+17 3.2648967288386195e+17 3.134549353698657e+17 3.0598563492808083e+17 2.976585058140206e+17 2.882099239786632e+17 2.8185019844345597e+17 2.7725633683022122e+17 2.6972428523367763e+17 2.6419487800311267e+17 2.5495184660876307e+17 2.4801541003950317e+17 2.442669971760675e+17 2.4030184312457814e+17 2.3609015735749734e+17 2.3159033218627283e+17 2.26737410710929e+17 2.154173368241808e+17 2.08236789378151e+17 1.9834787658277165e+17
14775.002069931998 3.7004722389532544e+17 3.6284820549452486e+17 3.549412288671409e+17 3.4623710355155616e+17 3.365310622085387e+17 3.2548472191868736e+17 3.1260246251757005e+17 3.051960375279652e+17 2.9693640514694336e+17 2.8756353484861526e+17 2.812471770580313e+17 2.7668089375060272e+17 2.6918657131648384e+17 2.6367792896575043e+17 2.5446112194862093e+17 2.4753461195215216e+17 2.4378738155033702e+17 2.398208756110156e+17 2.356049784310453e+17 2.3109782062422672e+17 2.2623502832809664e+17 2.1489415678549568e+17 2.077103999725554e+17 1.9784379462856285e+17
14825.002076936798 3.695990975206139e+17 3.623971488252275e+17 3.5452531206598317e+17 3.458120210105672e+17 3.361365747888444e+17 3.251274317313693e+17 3.1225093232645434e+17 3.0485057541668934e+17 2.965895422240461e+17 2.872091998698134e+17 2.8088315410161296e+17 2.763052277848837e+17 2.6879043701515603e+17 2.632593432280771e+17 2.5399726054188797e+17 2.4702775739967606e+17 2.4325409447119555e+17 2.3925822819543283e+17 2.35009735860738e+17 2.304666311803885e+17 2.2556503317625306e+17 2.1414362829836064e+17 2.069223379158119e+17 1.9702725194764144e+17
14875.002083941697 3.6069545619257126e+17 3.538441892923816e+17 3.462783004219672e+17 3.3800986952212755e+17 3.2872943127028634e+17 3.181783046749748e+17 3.058596923444526e+17 2.9879373655460685e+17 2.908968099702698e+17 2.8192989358695933e+17 2.758880736243234e+17 2.7151720570477584e+17 2.6434731598512365e+17 2.5906980411639763e+17 2.5023042153174336e+17 2.4357633202493907e+17 2.3997125885935773e+17 2.361511188312063e+17 2.3208536307501658e+17 2.2773169490720598e+17 2.2302587295718022e+17 2.120123828450147e+17 2.050087737051141e+17 1.9536358263722432e+17
14925.002090946498 3.687731285783578e+17 3.616411015100775e+17 3.5389158429929696e+17 3.452983245264502e+17 3.357082571113413e+17 3.2478037270375034e+17 3.1202320537442195e+17 3.046646364601165e+17 2.9645555747555386e+17 2.8712297108800512e+17 2.8081301013398557e+17 2.762435489491742e+17 2.687257478572471e+17 2.6318029721752387e+17 2.5386446028943498e+17 2.4683022675887117e+17 2.4301234373328973e+17 2.3896241378077523e+17 2.3464963139718886e+17 2.300318338428799e+17 2.250451536599407e+17 2.134334454395349e+17 2.0611880784928032e+17 1.9615881796862045e+17
14975.0020979514 3.641514233577711e+17 3.5723102987376154e+17 3.4957205032836864e+17 3.4117944892974176e+17 3.317737960884496e+17 3.2106612026215955e+17 3.0856333270387885e+17 3.013511310798243e+17 2.9331715803131565e+17 2.841702129814893e+17 2.7799507380161146e+17 2.735228332779005e+17 2.6616068726450205e+17 2.6073210191735114e+17 2.516075652468247e+17 2.447118653433366e+17 2.4096567714315933e+17 2.3698970039645984e+17 2.327522985718126e+17 2.2821111028555885e+17 2.233028665909949e+17 2.1185532290273418e+17 2.04631581125835e+17 1.9477973896359648e+17
15025.002104956196 3.54898115971178e+17 3.481882932150542e+17 3.4080534905871354e+17 3.326938081319187e+17 3.2360446532238554e+17 3.132972445393879e+17 3.012720113062448e+17 2.943556938498737e+17 2.8666048951109232e+17 2.7789976716390234e+17 2.7199347951740467e+17 2.677159029670134e+17 2.606901401151085e+17 2.5551397642823293e+17 2.4683106825785088e+17 2.402786385864601e+17 2.3672324000501907e+17 2.329506970331788e+17 2.28931500229181e+17 2.2462321581100307e+17 2.1996280429028934e+17 2.0905516181268154e+17 2.021286515835816e+17 1.9261137153957782e+17
15075.002111961097 3.550501849457706e+17 3.4833709855930406e+17 3.4101835972129517e+17 3.328880346428061e+17 3.238240882780964e+17 3.13542977109183e+17 3.015214877666576e+17 2.946189354379133e+17 2.8690821594226266e+17 2.781385808506242e+17 2.7221691204246128e+17 2.679254234895053e+17 2.608672862587659e+17 2.5565806940442704e+17 2.4689823767663846e+17 2.4027093305935338e+17 2.366682025452789e+17 2.3284118604233728e+17 2.287583313803833e+17 2.243771813756827e+17 2.196344604987412e+17 2.085367940157433e+17 2.0150402207902547e+17 1.9187163165169744e+17
15125.002118965896 3.594773168749407e+17 3.526527421383592e+17 3.451996259120933e+17 3.369489636080552e+17 3.277423815132007e+17 3.172515899502491e+17 3.049861002581649e+17 2.9792625366337165e+17 2.9002679768519245e+17 2.8101960484794838e+17 2.749326672933784e+17 2.70521963474194e+17 2.6325260200781133e+17 2.5788288524103418e+17 2.4883636774606003e+17 2.4198384983491798e+17 2.3825484299373862e+17 2.3429076383159392e+17 2.3006174208883018e+17 2.2552314883027254e+17 2.2061268498134618e+17 2.09155632383841e+17 2.019368558960875e+17 1.921199890784851e+17
15175.002125970797 3.584075133640799e+17 3.5173263711780864e+17 3.4430089801404486e+17 3.3617692666090336e+17 3.270210262803125e+17 3.166798005901762e+17 3.045234778818249e+17 2.975221740948544e+17 2.896865814020507e+17 2.807590204609382e+17 2.747179906426148e+17 2.7033284300430704e+17 2.630950194027612e+17 2.5774410813209642e+17 2.4871163770669008e+17 2.4185042967437046e+17 2.381111752016098e+17 2.3413240331570512e+17 2.298812784435407e+17 2.2531394777905696e+17 2.2036666817353056e+17 2.088163941165364e+17 2.0154544998450077e+17 1.916826450942846e+17
15225.002132975598 3.5338008172098445e+17 3.4679498214740864e+17 3.395153299027294e+17 3.3156681499499174e+17 3.226277253937107e+17 3.124668332475323e+17 3.0057604741008544e+17 2.9372626717476326e+17 2.860714438601724e+17 2.7735285124846595e+17 2.7145278970067984e+17 2.671712593877097e+17 2.6011241945183536e+17 2.5489032377011907e+17 2.4608230237693597e+17 2.3939063676470634e+17 2.3574330747533414e+17 2.3186105562255984e+17 2.277117098448974e+17 2.2325089052416733e+17 2.1841545626412934e+17 2.0710370713045037e+17 1.9996288749535763e+17 1.902483711101417e+17
15275.002139980497 3.53885601830494e+17 3.472250298755037e+17 3.400965581392026e+17 3.321839005791683e+17 3.232620227802362e+17 3.131855725082704e+17 3.013658669714728e+17 2.945391981975675e+17 2.8690288546001475e+17 2.7818512208241085e+17 2.7227878487187293e+17 2.6798300628734374e+17 2.608822847352209e+17 2.556218329700477e+17 2.467254277799685e+17 2.3994562132319315e+17 2.3624300117739786e+17 2.3229676140134205e+17 2.280729289798197e+17 2.2352784776066605e+17 2.1859740255964365e+17 2.0706723066504877e+17 1.998066933833193e+17 1.8997103185381738e+17
15325.002146985298 3.513763695906027e+17 3.4478108056223776e+17 3.3769484806424634e+17 3.2990951909302675e+17 3.211134837879625e+17 3.110616841470678e+17 2.9935324372907616e+17 2.925941598774504e+17 2.8503357852490774e+17 2.764015070712673e+17 2.7056148455228362e+17 2.6631151150046173e+17 2.5930039277718813e+17 2.5410162966512835e+17 2.4530838603095994e+17 2.3860868308658198e+17 2.3494790726011312e+17 2.310460647528107e+17 2.2686751354220557e+17 2.2236886818727312e+17 2.1748585515270237e+17 2.060545683008249e+17 1.9885018107224608e+17 1.8908714686347466e+17
15375.002153990095 3.493407352819848e+17 3.430067448312327e+17 3.3601916375651866e+17 3.283162307979803e+17 3.1962805382086957e+17 3.097176086621819e+17 2.9815635943460966e+17 2.9147701199398675e+17 2.8400800355402848e+17 2.7548020342086778e+17 2.6969268428033763e+17 2.6548545735314218e+17 2.585269131659735e+17 2.5337002955836784e+17 2.4462426056671075e+17 2.379477416991843e+17 2.3429624234155152e+17 2.30398415306394e+17 2.2621996433339446e+17 2.2171710054484384e+17 2.1682393463476048e+17 2.0536033869582995e+17 1.9813872937951923e+17 1.883685390839275e+17
15425.002160994996 3.473874364442202e+17 3.41112090442956e+17 3.3420697758002976e+17 3.265827918391461e+17 3.1808256506774566e+17 3.083200010475375e+17 2.969041535229404e+17 2.903236760853821e+17 2.829319954586964e+17 2.7448457649761213e+17 2.6874481509310557e+17 2.645814901977539e+17 2.5768521984747658e+17 2.5256491536842515e+17 2.4388239086761008e+17 2.3724785109627e+17 2.3361558660949686e+17 2.297369257181007e+17 2.2557733349949107e+17 2.210901302837826e+17 2.1621163485469363e+17 2.0476891383078867e+17 1.975559378477662e+17 1.878027770861899e+17
15475.002167999797 3.460896638744395e+17 3.3972605978589766e+17 3.329488659629415e+17 3.2532259041862995e+17 3.169243822122423e+17 3.0721517250633165e+17 2.958429916862811e+17 2.892732502762916e+17 2.8192073948613533e+17 2.7353200363866122e+17 2.678246741177852e+17 2.636759827343213e+17 2.567999250422482e+17 2.5169735809662525e+17 2.430406064301898e+17 2.3641671324611923e+17 2.3278682918421498e+17 2.2890958370459302e+17 2.24747574025525e+17 2.2025612281098122e+17 2.153688008593361e+17 2.039014441745158e+17 1.9667741701324157e+17 1.8692136294059094e+17
15525.002175004696 3.430338388043712e+17 3.367146298656843e+17 3.2987593999815885e+17 3.2234869242434656e+17 3.139195586430081e+17 3.04294454551513e+17 2.9302908365662566e+17 2.8652427726998797e+17 2.79256140762277e+17 2.7093501327896326e+17 2.6529372815916368e+17 2.6119040350837334e+17 2.5440380717396938e+17 2.4936576462342016e+17 2.4082779045437907e+17 2.3429585284193715e+17 2.3071894277947546e+17 2.2689692507210752e+17 2.2279601071936365e+17 2.1836919321348355e+17 2.1355319240368458e+17 2.022479242546948e+17 1.951205409085602e+17 1.8548048882928576e+17
15575.002182009497 3.402718898158662e+17 3.341050649396518e+17 3.2739886752020704e+17 3.199068063024273e+17 3.1164548712257146e+17 3.021281121076248e+17 2.9100474340698003e+17 2.846113695473903e+17 2.7743317285742016e+17 2.6922290049146144e+17 2.6365971138429917e+17 2.5961427527306138e+17 2.529158353752684e+17 2.4794491072694134e+17 2.3951084531970595e+17 2.3306009744957098e+17 2.2952540474787667e+17 2.2574859646208403e+17 2.2169196017256323e+17 2.1731153350303622e+17 2.1254148886787917e+17 2.0132792446109878e+17 1.9424512100604525e+17 1.8465280443818656e+17
15625.002189014396 3.4125419258123795e+17 3.350299913742749e+17 3.2836772443153824e+17 3.210944570907964e+17 3.128647278227705e+17 3.035099406283293e+17 2.9248580087163386e+17 2.8610800266742976e+17 2.789403230792658e+17 2.7075280102875677e+17 2.6519026553660352e+17 2.6112570790715958e+17 2.544007329182381e+17 2.4938872109239542e+17 2.4085182643571942e+17 2.342920563506001e+17 2.306854846272089e+17 2.268213081160728e+17 2.226632557565735e+17 2.181640794579248e+17 2.132562946890254e+17 2.0171437048230707e+17 1.9444795979201238e+17 1.8466450607729962e+17
15675.002196019197 3.354658317968299e+17 3.2950855064471834e+17 3.228172285926696e+17 3.1551695738543936e+17 3.0738027063648435e+17 2.981858273716651e+17 2.873730636852451e+17 2.8112306134249424e+17 2.7409796937041728e+17 2.660884328336173e+17 2.606597230232307e+17 2.567070746540413e+17 2.501718872497642e+17 2.453111841089581e+17 2.3705024936561062e+17 2.3071988736769565e+17 2.272469771935545e+17 2.2353018865170547e+17 2.1953502213809245e+17 2.1521209666957232e+17 2.1049764740057354e+17 1.9939130342105946e+17 1.9237071315300205e+17 1.8286974618250355e+17
15725.002203024098 3.343001194430541e+17 3.2820222921268435e+17 3.2187490368087194e+17 3.147218721647492e+17 3.067899198587427e+17 2.977821579631022e+17 2.8715019703525603e+17 2.8099974689550877e+17 2.7413597281606016e+17 2.662604739529523e+17 2.609094649632586e+17 2.5701582291318e+17 2.505292286429171e+17 2.4570091619707245e+17 2.3747733470237443e+17 2.3114654186905878e+17 2.276618620698512e+17 2.2392669570199174e+17 2.199022597050801e+17 2.1553878717725446e+17 2.1077022969812262e+17 1.9950635514573427e+17 1.9237840342200102e+17 1.8274549936400474e+17
15775.002210028897 3.257595966174977e+17 3.1997375075137914e+17 3.1367831513110317e+17 3.0672530455837984e+17 2.9890805079194746e+17 2.90079393268552e+17 2.797456147064282e+17 2.7377812444799066e+17 2.670852432510815e+17 2.594472300266285e+17 2.54269368688506e+17 2.5050175250922013e+17 2.4426651662597878e+17 2.3964113133704794e+17 2.3177984292406912e+17 2.257566178781301e+17 2.224530006142934e+17 2.189169148890006e+17 2.1511350005045642e+17 2.1099687566322058e+17 2.0650269256255187e+17 1.958821639279394e+17 1.8913384235742902e+17 1.799393582459296e+17
15825.002217033798 3.293550183346472e+17 3.2358157997539686e+17 3.172886939120621e+17 3.103021050837977e+17 3.025338933254905e+17 2.935810271551476e+17 2.8310859431436045e+17 2.770710357586768e+17 2.702526154366186e+17 2.6247274667560266e+17 2.5718955622480755e+17 2.5333522863654957e+17 2.469464540609515e+17 2.4219441981468333e+17 2.3409577150203027e+17 2.278705078425781e+17 2.2444314595028214e+17 2.207706570896999e+17 2.1681290447268426e+17 2.1252137957635142e+17 2.0783120728016563e+17 1.9675414720261027e+17 1.8974915326816736e+17 1.802806558024378e+17
15875.002224038599 3.194540056097091e+17 3.13852546698764e+17 3.077373868762563e+17 3.010516809474346e+17 2.9350730607203136e+17 2.8494307444595507e+17 2.7492322439606714e+17 2.6916327877292166e+17 2.6273739622709296e+17 2.553681848586322e+17 2.5037448847900864e+17 2.4674045323883155e+17 2.407252005775105e+17 2.3625914300737238e+17 2.28671505583536e+17 2.2285155882982925e+17 2.1965406922965955e+17 2.1623021312810464e+17 2.125424035145771e+17 2.085424194297131e+17 2.0416692750031984e+17 1.9377660343051635e+17 1.8713856424158733e+17 1.7806530845982723e+17
15925.002231043496 3.253295388789714e+17 3.1974902096992634e+17 3.13565097378665e+17 3.066425026172003e+17 2.98998286859937e+17 2.902171628641612e+17 2.7990712503671533e+17 2.7394239271520387e+17 2.67247948154466e+17 2.5958750095517754e+17 2.5438729304400445e+17 2.505912742622557e+17 2.4429019168946947e+17 2.3960161513674384e+17 2.3161650335503264e+17 2.2547675837637517e+17 2.2209763857257325e+17 2.1847750279805818e+17 2.145762834848567e+17 2.1034716128825475e+17 2.0572307224297235e+17 1.9479976508166714e+17 1.878911631619176e+17 1.7855968412429274e+17
15975.002238048297 3.2463573274986394e+17 3.1910258450996806e+17 3.130141899139188e+17 3.06294362318783e+17 2.986634380677521e+17 2.8998460148599814e+17 2.797887063265703e+17 2.738790564445478e+17 2.6723664888661334e+17 2.5965070621134054e+17 2.544776704507288e+17 2.5072404432725168e+17 2.4447017523717437e+17 2.398072747258701e+17 2.318558885827805e+17 2.257242341977175e+17 2.223437954537942e+17 2.187124810128473e+17 2.1479179743219197e+17 2.1053237101799395e+17 2.0586674322872378e+17 1.9481500080493862e+17 1.8781707077737046e+17 1.7837014451907446e+17
16050.002248555596 3.213211927711662e+17 3.158248041236764e+17 3.098612992937537e+17 3.033627036206756e+17 2.959375190442332e+17 2.8747022117864454e+17 2.77531927696008e+17 2.717592965884539e+17 2.65268950314093e+17 2.5781539039035667e+17 2.527445027628914e+17 2.490369873719605e+17 2.4287588658064205e+17 2.382792867923674e+17 2.3041121852076096e+17 2.2432583403035776e+17 2.2096719464485792e+17 2.1735779703663862e+17 2.1345509678317606e+17 2.09209027237816e+17 2.0455323330197853e+17 1.9350993718272787e+17 1.8651544138238998e+17 1.7708520188584256e+17
16150.002262565296 3.147728779162318e+17 3.0955724011521824e+17 3.0375785353501965e+17 2.973069533566486e+17 2.90124543855428e+17 2.819111051152002e+17 2.723457710453751e+17 2.6682538841038992e+17 2.6059959051632864e+17 2.5348554738225248e+17 2.4862167768028304e+17 2.450726954885504e+17 2.3916616675930432e+17 2.3475427557388298e+17 2.2720893712141037e+17 2.2137050637926368e+17 2.1814191511461142e+17 2.146673892796234e+17 2.1090617108223267e+17 2.0680891518592694e+17 2.0230448058563443e+17 1.915690763390923e+17 1.847259735540325e+17 1.7545528842509622e+17
16250.002276574898 3.163290378928051e+17 3.109675653917194e+17 3.050129157228364e+17 2.985551211677884e+17 2.912323995329819e+17 2.8287589292440742e+17 2.730299312647076e+17 2.67327085813288e+17 2.6093519865592342e+17 2.5361998532127546e+17 2.4863273898897325e+17 2.4499708168316432e+17 2.3896334499436688e+17 2.344540629461098e+17 2.267332639864711e+17 2.2076434893285008e+17 2.1746463970359402e+17 2.1391347623871104e+17 2.1007015184846698e+17 2.0588379744343683e+17 2.012838977651767e+17 1.903509266940248e+17 1.834241575515374e+17 1.741012911945533e+17
16350.002290584598 3.0831841856310746e+17 3.035585169824306e+17 2.977704756884797e+17 2.915167054839044e+17 2.847759844780273e+17 2.7691296230757594e+17 2.6768096893292394e+17 2.623070894542811e+17 2.5625104799431043e+17 2.4932351821196768e+17 2.4456861851105366e+17 2.4108600168335763e+17 2.3529378563483942e+17 2.309663666416989e+17 2.235343023163998e+17 2.177680309661922e+17 2.145757182471934e+17 2.111329967966158e+17 2.0740538820880362e+17 2.0333600435710986e+17 1.9885791274502886e+17 1.881830955959742e+17 1.8139817746951203e+17 1.7224803217999008e+17
16450.002304594298 3.004743702161389e+17 2.9575307920568416e+17 2.905496904241229e+17 2.847492212950104e+17 2.7833305634065472e+17 2.7092874545434605e+17 2.6218052078583088e+17 2.570796985730811e+17 2.513522461271044e+17 2.4471545118241824e+17 2.40194179499118e+17 2.3686981629813357e+17 2.3134699607901302e+17 2.2719502090750355e+17 2.2006382135815942e+17 2.1452636665058746e+17 2.1145571833460042e+17 2.08144225669741e+17 2.045499942037528e+17 2.006228513339227e+17 1.9629539104588512e+17 1.859349226675204e+17 1.7930484228914445e+17 1.7030786508500934e+17
16550.002318603998 3.042571680795127e+17 2.993431602013295e+17 2.936468957276168e+17 2.874709416327928e+17 2.8045775158937955e+17 2.7255806940034314e+17 2.6321121804940256e+17 2.5781071446954902e+17 2.517280357991353e+17 2.4475792334194166e+17 2.400213109852601e+17 2.3656486748133997e+17 2.3080880036327872e+17 2.265165247745352e+17 2.1915270048230874e+17 2.1345681757675152e+17 2.1030660077100963e+17 2.0691513522797382e+17 2.0324332338876477e+17 1.992434425511546e+17 1.948462693138447e+17 1.8439079514963638e+17 1.7776048865398198e+17 1.6883691425272637e+17
16650.002332613698 3.002473178977559e+17 2.952324579102889e+17 2.896783228567658e+17 2.834964588070797e+17 2.7665783641698858e+17 2.688511605645024e+17 2.59682431654398e+17 2.5436438024691597e+17 2.4837551783034538e+17 2.4154316575095837e+17 2.3688417993717715e+17 2.3348780987964125e+17 2.2783298166493686e+17 2.2361218285220406e+17 2.1637607790920896e+17 2.107740122817946e+17 2.0767416571169795e+17 2.0433864217765805e+17 2.0072625246217987e+17 1.9678840579460118e+17 1.9246059001656368e+17 1.8216469138429606e+17 1.7563160688552294e+17 1.6682863342242954e+17
16750.002346623398 2.901737087011393e+17 2.858384361174275e+17 2.8076499176522624e+17 2.75351429910288e+17 2.691777114399624e+17 2.61990713260592e+17 2.5352838573023203e+17 2.4861874857639984e+17 2.4305112232261878e+17 2.365985866489488e+17 2.3219052403014883e+17 2.2895576588636262e+17 2.235781884060419e+17 2.1954056290045485e+17 2.126074120259394e+17 2.0722518731916902e+17 2.042418310277644e+17 2.010269323110304e+17 1.9754657373544064e+17 1.9374774509106627e+17 1.895695344472373e+17 1.796111511996398e+17 1.7327618814268406e+17 1.6472106054195366e+17
16850.002360633098 2.813981028597329e+17 2.771229288422409e+17 2.724567622537939e+17 2.6740334719170678e+17 2.6162591923216768e+17 2.549212124827579e+17 2.4699463691897517e+17 2.423549115757454e+17 2.3712190738469616e+17 2.3108527184550806e+17 2.2692110648807363e+17 2.2387873217850237e+17 2.1879740809820896e+17 2.1498099929523654e+17 2.084193728818829e+17 2.033202007413374e+17 2.0049656065219267e+17 1.974488104409294e+17 1.94145131187837e+17 1.9053661945673504e+17 1.8656140462122342e+17 1.7703704480528858e+17 1.7092931496582077e+17 1.6261911238431638e+17
16950.002374642798 2.8811720987857648e+17 2.834788058074727e+17 2.782466562757487e+17 2.7260644647210883e+17 2.6610781735732378e+17 2.586328554757286e+17 2.499738290490908e+17 2.449689664592533e+17 2.3931741776707562e+17 2.3280399133362678e+17 2.2837941729443763e+17 2.2514496569521376e+17 2.1976580451066294e+17 2.1573830804783818e+17 2.0883815311874925e+17 2.0348849135532195e+17 2.005309642246408e+17 1.9734580342135728e+17 1.9389578721820608e+17 1.9014005710156848e+17 1.8601394447313382e+17 1.7620721715195258e+17 1.6998721575657587e+17 1.6161247956520042e+17
17050.002388652498 2.820283081419923e+17 2.7734448076892333e+17 2.7214173062931696e+17 2.665702932821312e+17 2.6007657626902422e+17 2.5283805320237696e+17 2.4426789233614038e+17 2.3936113288778755e+17 2.3383611818411088e+17 2.2749793528092467e+17 2.231806109027003e+17 2.2003759039396426e+17 2.148261624526076e+17 2.1092559081168093e+17 2.042560743106802e+17 1.9910925430338314e+17 1.9626736426443606e+17 1.9320953459672746e+17 1.899031198284226e+17 1.8630676338117715e+17 1.8235867409296445e+17 1.7297348969238794e+17 1.6700650276915395e+17 1.5893310647917856e+17
17150.002402662198 2.779765758260303e+17 2.7329914105643126e+17 2.6828366427546752e+17 2.627887477077072e+17 2.5660447013396918e+17 2.494559266859983e+17 2.4110729245481312e+17 2.362765565160973e+17 2.3088614556627226e+17 2.2466879472884362e+17 2.204487273401174e+17 2.1736014190330378e+17 2.1224024111942762e+17 2.0841578420953488e+17 2.0187780103447766e+17 1.9681633319423405e+17 1.9402347560357578e+17 1.9101602202044262e+17 1.8776560493535654e+17 1.8422981720070224e+17 1.803478538719763e+17 1.7111996483652074e+17 1.6525233485148035e+17 1.5731560246355203e+17
17250.002416671898 2.7230933719699776e+17 2.6775091912193357e+17 2.629686856102817e+17 2.57642102035673e+17 2.5169359420725126e+17 2.4483926957250778e+17 2.3672937756402464e+17 2.3204666447247837e+17 2.2675048731807254e+17 2.2068775252963693e+17 2.1656129220031062e+17 2.1355500541121574e+17 2.085567823213786e+17 2.0482497210447286e+17 1.98440257832522e+17 1.9351808915571178e+17 1.9079963038021942e+17 1.878789249814512e+17 1.8472632369575478e+17 1.8129637059111306e+17 1.7753470859765216e+17 1.6859719398042067e+17 1.629071757894781e+17 1.5519310783591683e+17
17350.002430681598 2.5635304557172013e+17 2.5291410052591568e+17 2.492550881641926e+17 2.44895773671231e+17 2.400056572909257e+17 2.343913455455982e+17 2.2762235903516954e+17 2.2365315571712138e+17 2.1912933448837114e+17 2.138645974690881e+17 2.1023299515729066e+17 2.075679219526776e+17 2.0309734596215798e+17 1.9973705543786573e+17 1.939510365699496e+17 1.89452908156511e+17 1.869596366811605e+17 1.8426936683067782e+17 1.8135319257446678e+17 1.7816536780478467e+17 1.7465212438379283e+17 1.6620869656001168e+17 1.6075782148479536e+17 1.5328877718478646e+17
17450.002444691298 2.6279235759130685e+17 2.588082216321065e+17 2.5435810826483942e+17 2.4938914813221696e+17 2.4387749051634803e+17 2.3745948094048464e+17 2.2985258216724374e+17 2.254005571106547e+17 2.2039297118280477e+17 2.146432211472195e+17 2.1072445943631885e+17 2.0784989493088186e+17 2.0306606383225866e+17 1.994970863816598e+17 1.9338230681364246e+17 1.886624456169316e+17 1.860521029690842e+17 1.83249603239338e+17 1.8021959780344698e+17 1.7692379970933136e+17 1.733080158614606e+17 1.64704352321035e+17 1.5921693260173894e+17 1.5176425621931702e+17
17550.0024587009 2.627274439938852e+17 2.583302926280484e+17 2.535188425874393e+17 2.4841822582555984e+17 2.4265634989323418e+17 2.3606887154958787e+17 2.2829964499736877e+17 2.23790179322425e+17 2.1873896108132938e+17 2.1291233819515494e+17 2.0894943680116973e+17 2.060678555923803e+17 2.012702793614111e+17 1.976869275036201e+17 1.915652256442285e+17 1.8683806427929802e+17 1.842299523777636e+17 1.814320107058889e+17 1.7840826941823008e+17 1.7512346586840598e+17 1.715232605973166e+17 1.6297526022311318e+17 1.5753496939287584e+17 1.5016038885782746e+17
17650.0024727106 2.5857239777955894e+17 2.543628512883954e+17 2.497710587539062e+17 2.4460495841092112e+17 2.3900167054996144e+17 2.3249277130430474e+17 2.2486991258839107e+17 2.2045703939923914e+17 2.155056920975329e+17 2.098246092531834e+17 2.0595541907003146e+17 2.031334181703817e+17 1.9843995852547056e+17 1.9493683029635392e+17 1.889494927571072e+17 1.843345177946412e+17 1.8178354686396003e+17 1.7904734074386035e+17 1.7609246574549466e+17 1.728821341867957e+17 1.6936249920951846e+17 1.6100097934899443e+17 1.556737788164934e+17 1.4844353833677162e+17
17750.002486720296 2.551862455027362e+17 2.5108286029225648e+17 2.4653048516349203e+17 2.4138558047192477e+17 2.357379778862225e+17 2.2929151090481133e+17 2.2175166690722704e+17 2.1739440784886045e+17 2.1246211712783395e+17 2.0683459317011632e+17 2.0299741756155142e+17 2.0019563357661818e+17 1.9555939619449885e+17 1.9209545536683293e+17 1.8618866905624528e+17 1.8163887742622355e+17 1.7913414246043757e+17 1.764437439152295e+17 1.735443315087837e+17 1.7039683538962614e+17 1.66950939234756e+17 1.5877544149951075e+17 1.5356928515917597e+17 1.4649794050690214e+17
17850.002500729996 2.5219805990428125e+17 2.4822692635098605e+17 2.4359779580132704e+17 2.3865440446245142e+17 2.332016474670015e+17 2.268642164523424e+17 2.194404007752453e+17 2.1516570704089277e+17 2.103201502566404e+17 2.0479124046071075e+17 2.0101287858260605e+17 1.9825579391618045e+17 1.9368804985085683e+17 1.9026873579805107e+17 1.844424117868596e+17 1.7994341982990877e+17 1.7746381151818726e+17 1.7480269749617763e+17 1.7192997223938394e+17 1.688116827958759e+17 1.6539566993280525e+17 1.5728912550483488e+17 1.521269190536907e+17 1.4512066725498115e+17
17950.002514739695 2.489617319744454e+17 2.4480670126810883e+17 2.4056740975687763e+17 2.3563100247656048e+17 2.3022272746499152e+17 2.240229893427379e+17 2.1666118021556118e+17 2.1240176769448368e+17 2.0766053196415008e+17 2.0219545097516224e+17 1.9846020033464752e+17 1.9574321638724752e+17 1.9122712388949843e+17 1.8785347054966714e+17 1.8209755050816896e+17 1.776661052427808e+17 1.752255373728633e+17 1.7260186220736326e+17 1.6977475572416266e+17 1.6670768728616864e+17 1.633507905658661e+17 1.5539033467116995e+17 1.5032425915404378e+17 1.434486550954822e+17
18050.0025287494 2.4404768343797696e+17 2.402805973344053e+17 2.3608786447096166e+17 2.3140914034562512e+17 2.2622169906249648e+17 2.2015924786968726e+17 2.130244325141902e+17 2.0890579064503834e+17 2.0424844806534902e+17 1.9891911124246256e+17 1.9528329901661814e+17 1.9262596717857645e+17 1.8822060224794358e+17 1.849315729010917e+17 1.7932042452087187e+17 1.7499241340756544e+17 1.7261072903850496e+17 1.70056274567645e+17 1.673016883932252e+17 1.6431378927944906e+17 1.610430050149395e+17 1.5328404665750214e+17 1.4833898521074432e+17 1.4161434149267941e+17
18150.002542759095 2.300794952208252e+17 2.2709484451070557e+17 2.2400398098824218e+17 2.2021956070383382e+17 2.1612348984204627e+17 2.112011346114212e+17 2.0528569633211494e+17 2.018333237214582e+17 1.978547778893804e+17 1.9323203005663587e+17 1.9003065632821987e+17 1.8768751306262445e+17 1.837610064894148e+17 1.8080420196810582e+17 1.7572016300202624e+17 1.7177131847580096e+17 1.6958419237273526e+17 1.6722794192355578e+17 1.646742987643696e+17 1.6188914167265434e+17 1.5882012294155382e+17 1.5145106005531526e+17 1.4668927821658714e+17 1.4015394513179968e+17
18250.002556768795 2.3443144690481194e+17 2.3101890313490544e+17 2.2721472365974176e+17 2.2298561555042317e+17 2.1819451954588714e+17 2.1267029913788554e+17 2.0609463858961216e+17 2.022616034963062e+17 1.97873968401554e+17 1.928517927786478e+17 1.894227173312244e+17 1.8690326080245325e+17 1.8272207113625306e+17 1.7959674327582877e+17 1.742523283917154e+17 1.7013519859783952e+17 1.6786787066870678e+17 1.6543502838856637e+17 1.62811724383206e+17 1.599659157949526e+17 1.5685071830724954e+17 1.4945237613218848e+17 1.447257462678194e+17 1.3828046358828859e+17
18350.002570778495 2.34191860139896e+17 2.304317242412204e+17 2.2639925210488077e+17 2.2189722132106778e+17 2.1683747391508854e+17 2.110977652762919e+17 2.042883035960736e+17 2.0033904254416218e+17 1.9592868547446915e+17 1.908493249890186e+17 1.873947372317531e+17 1.8487433771893395e+17 1.8068549629606566e+17 1.7756463195969552e+17 1.7224880777921018e+17 1.6816313117578922e+17 1.6591724075813696e+17 1.63509398819263e+17 1.609160336083646e+17 1.581061895001652e+17 1.5503403231074563e+17 1.4774967601556013e+17 1.4310135363844763e+17 1.3676480742961312e+17
18450.002584788195 2.2951903370983475e+17 2.2583900390285622e+17 2.218598848052522e+17 2.1743500599930016e+17 2.1248206200320493e+17 2.0686556434889203e+17 2.001811934946067e+17 1.9635101732335616e+17 1.9204964993160502e+17 1.871001698219246e+17 1.837349566488577e+17 1.8127928167130803e+17 1.772123914921594e+17 1.7418565935958406e+17 1.6903867912104634e+17 1.6509088939797194e+17 1.629221509862294e+17 1.6060002355774806e+17 1.5810206608890947e+17 1.55395723703796e+17 1.5243797331426774e+17 1.4542139345874336e+17 1.4093317487063392e+17 1.3479340000406202e+17
18550.0025987979 2.27598778652506e+17 2.2402929333260275e+17 2.2003701948980477e+17 2.1572933437776634e+17 2.108966195829946e+17 2.0534425770083942e+17 1.9877620564071274e+17 1.9497278028480054e+17 1.907079216932294e+17 1.857958110436746e+17 1.8245911256130294e+17 1.800275480263178e+17 1.7598676629449286e+17 1.7298015134418134e+17 1.6785412945725696e+17 1.6391764192701302e+17 1.6175475330986765e+17 1.594378518745231e+17 1.5694326241974717e+17 1.542413999201769e+17 1.512869971418006e+17 1.4427954526687366e+17 1.3980183220427533e+17 1.3368725288206859e+17
18650.002612807595 2.2305913796545555e+17 2.1955219332188336e+17 2.15720116528713e+17 2.1147742252712272e+17 2.0683777600967203e+17 2.0139451714935526e+17 1.9501077668113526e+17 1.913092167000197e+17 1.8712691926980064e+17 1.8232850254172944e+17 1.790703569900866e+17 1.766925774519224e+17 1.727533461043427e+17 1.698225366967561e+17 1.648305636911246e+17 1.6100758225857258e+17 1.5891095173096454e+17 1.5666657421181747e+17 1.5425162143370922e+17 1.5163847342194915e+17 1.4878432029948522e+17 1.4201626726742683e+17 1.3768520172514394e+17 1.3175448600959342e+17
18750.002626817197 2.0652552331158592e+17 2.0408487696535907e+17 2.0149020920033686e+17 1.9853529219506605e+17 1.950876286636033e+17 1.9099719410056614e+17 1.8599155724983923e+17 1.830264512719598e+17 1.7962182850124586e+17 1.756547386722366e+17 1.7290940330430374e+17 1.708820772801869e+17 1.674889215906739e+17 1.649457370303365e+17 1.6056459749428272e+17 1.5717041932841955e+17 1.552922944338705e+17 1.5327376847290906e+17 1.5108831651947606e+17 1.4870763084387488e+17 1.4608605534754314e+17 1.3977634806053131e+17 1.3567096437004398e+17 1.299812357148088e+17
18850.002640826897 2.169576687021092e+17 2.1372778321769667e+17 2.1013575311253546e+17 2.0612182146237296e+17 2.016455956407943e+17 1.96470266888674e+17 1.9037036284463936e+17 1.8682472990499606e+17 1.8281012588671037e+17 1.782017731949404e+17 1.7505118983120346e+17 1.7275987705768525e+17 1.689467611679656e+17 1.66108266388923e+17 1.612726303978061e+17 1.5756258988091747e+17 1.5552432028614342e+17 1.533420835777912e+17 1.509952125466403e+17 1.4845327459557805e+17 1.4567586880557184e+17 1.3908719048697946e+17 1.348681219635748e+17 1.2909114672965166e+17
18950.002654836597 2.115910513238502e+17 2.0829354214219504e+17 2.0467419910612656e+17 2.007335441508388e+17 1.9626500807073952e+17 1.9117156476317728e+17 1.851349017717808e+17 1.816634517870246e+17 1.777412446735195e+17 1.7326603426949757e+17 1.7022084834515613e+17 1.6801500645481126e+17 1.6436207182503968e+17 1.6164914326764422e+17 1.5705005077392173e+17 1.5353708607374762e+17 1.5161360675072026e+17 1.4955875084995146e+17 1.4735246551559366e+17 1.4496619434567946e+17 1.4236088173429062e+17 1.3617053523168464e+17 1.3218636562818435e+17 1.2668849712164587e+17
19050.002668846297 2.128395712119402e+17 2.0955676171935677e+17 2.058421693532769e+17 2.0181233224638317e+17 1.9732134361488666e+17 1.9216937535976506e+17 1.861076527268283e+17 1.8259925603681306e+17 1.786647253329776e+17 1.741368178151768e+17 1.7105083777588186e+17 1.6881124268749536e+17 1.650844070644817e+17 1.623117806346754e+17 1.5759989104943373e+17 1.539875900940956e+17 1.5200633353832714e+17 1.498861188467656e+17 1.4760540269195155e+17 1.45138403601942e+17 1.4244464581937042e+17 1.3605686882042995e+17 1.3196744113396643e+17 1.2636781495932062e+17
19150.002682855997 2.0950658159366784e+17 2.0607274468234614e+17 2.0262536520964515e+17 1.985973592531154e+17 1.9421345631446326e+17 1.891622414990112e+17 1.831993183833918e+17 1.7975741554875235e+17 1.75876198974323e+17 1.7144283054472874e+17 1.6841939906603274e+17 1.662246858937401e+17 1.6257714613253635e+17 1.598633175483008e+17 1.5525435322235213e+17 1.517265191274389e+17 1.4979191858221178e+17 1.4772283472378336e+17 1.4549990318102838e+17 1.4309490117841794e+17 1.404695254496216e+17 1.3424273820727166e+17 1.3025183005701843e+17 1.2477734501294043e+17
19250.002696865697 2.067591317163981e+17 2.0356364149692534e+17 1.999765011770772e+17 1.9611750263866106e+17 1.9185013530886544e+17 1.8684699412859126e+17 1.8102954180057866e+17 1.7762640880394013e+17 1.73814921716009e+17 1.69447575163403e+17 1.664756241796419e+17 1.6431352277146742e+17 1.6072345144159747e+17 1.5805156640860234e+17 1.5352132340435763e+17 1.5004961779163702e+17 1.4814683169679408e+17 1.461127393745544e+17 1.4392702543235509e+17 1.4156237506340064e+17 1.3898031049582304e+17 1.3285514143112914e+17 1.2892694638024883e+17 1.2353616485736e+17
19350.002710875397 2.0233263054994208e+17 1.9926710983839338e+17 1.960264466564421e+17 1.9228647117641754e+17 1.88115076937223e+17 1.8331902621870285e+17 1.7766428963908234e+17 1.7436157133307587e+17 1.706671110474825e+17 1.6640477386495818e+17 1.6350587944828262e+17 1.6139330486952e+17 1.5789890721678333e+17 1.5529745166652925e+17 1.5088359511062006e+17 1.4750792873008893e+17 1.4565985715655402e+17 1.4368496669998346e+17 1.415636091945044e+17 1.3927098639479525e+17 1.3676806754615458e+17 1.3082872036130792e+17 1.2701396373215826e+17 1.2176520866982843e+17
19450.002724885097 1.8932430513413837e+17 1.8715699590837686e+17 1.8465443541975085e+17 1.8192012379414643e+17 1.7875434581830403e+17 1.7504276589556285e+17 1.704939258940652e+17 1.677898256949864e+17 1.6471906021770432e+17 1.611136443289202e+17 1.5862433742070163e+17 1.5679260038368858e+17 1.5373514006530067e+17 1.5144245469998288e+17 1.4751070914824918e+17 1.4447362259022205e+17 1.4279812053949448e+17 1.4099836003454154e+17 1.3905496778209426e+17 1.3693892460049918e+17 1.3461189277076072e+17 1.290114225631566e+17 1.2536034476537186e+17 1.2028411355326867e+17
19550.002738894796 1.9762828258261443e+17 1.9477771078913344e+17 1.9153345958070275e+17 1.8795205662127222e+17 1.8391100650495606e+17 1.7930705647936138e+17 1.7383095086784848e+17 1.7064087821483402e+17 1.6705296219657197e+17 1.6293309831465363e+17 1.6011716664985814e+17 1.5806584380216163e+17 1.546625649197361e+17 1.5213054912398518e+17 1.478315563669011e+17 1.445393722013743e+17 1.4273374854212536e+17 1.40804463836181e+17 1.3873182386626208e+17 1.3649002324637245e+17 1.3404191572375498e+17 1.2823053838190384e+17 1.2449765394591347e+17 1.1936460292263749e+17
19650.002752904496 1.9565026076858874e+17 1.9256160994408752e+17 1.893539266870206e+17 1.8569588249505792e+17 1.8164131171643366e+17 1.7695213960125942e+17 1.7146378993730502e+17 1.6829677952322448e+17 1.6472853194953283e+17 1.6063363725039504e+17 1.5785367337090694e+17 1.558265243159038e+17 1.5246661608864525e+17 1.499750299303162e+17 1.457503025471634e+17 1.4252292778385966e+17 1.4075639643108947e+17 1.3887009331504563e+17 1.3684516305941846e+17 1.3465705110502768e+17 1.3226928872630869e+17 1.2660260539922619e+17 1.229597981928725e+17 1.179416813654449e+17
19750.002766914196 1.9228517011026938e+17 1.8934903320154253e+17 1.8607725150731747e+17 1.825444319014496e+17 1.7855875442867056e+17 1.7399669200108278e+17 1.6862766168361306e+17 1.6553180297910326e+17 1.6204278132153866e+17 1.580449009131173e+17 1.553224254443504e+17 1.5334015343538787e+17 1.5006150981247574e+17 1.4762833460973117e+17 1.4350512032287784e+17 1.4035621070704549e+17 1.3863386345254816e+17 1.3679480693389595e+17 1.3482065836183794e+17 1.3268798901542459e+17 1.303603534051469e+17 1.2483194879517413e+17 1.2127225581043333e+17 1.1635811192607614e+17
19850.002780923896 1.9074394968292778e+17 1.878106952048756e+17 1.8463181581984954e+17 1.8105675632243104e+17 1.7710428612332544e+17 1.7259425469885805e+17 1.6728874088469862e+17 1.6419874480980995e+17 1.607423164170276e+17 1.5677126348784957e+17 1.540696066057452e+17 1.520996252513583e+17 1.488387928380008e+17 1.4642035895815728e+17 1.4232021580299082e+17 1.3918853455057422e+17 1.3747456274539922e+17 1.356452977569757e+17 1.3368126277958986e+17 1.3155945071678227e+17 1.2924439296823323e+17 1.2374901634796171e+17 1.2021371064696539e+17 1.153394532830542e+17
19950.002794933596 1.8819714120680227e+17 1.853249248428004e+17 1.8215368451423942e+17 1.786884575687664e+17 1.7481022115462112e+17 1.70359937735603e+17 1.6510359682044016e+17 1.620823308220622e+17 1.5866750791828454e+17 1.5475680642999075e+17 1.5209511007274333e+17 1.501627457132231e+17 1.469578686653858e+17 1.4457918758491453e+17 1.4055062779687344e+17 1.3747690895078683e+17 1.357945793206403e+17 1.3399919215413147e+17 1.3207309489067597e+17 1.2999216109753835e+17 1.2772160470987286e+17 1.2233009524914034e+17 1.1885904856100053e+17 1.1406807968538757e+17
20050.002808943198 1.864843607588589e+17 1.836418398635114e+17 1.8053546113162026e+17 1.77119319536551e+17 1.7332356033741462e+17 1.689042743090197e+17 1.6371485476251072e+17 1.60710726105935e+17 1.5733103418439456e+17 1.5346085899530275e+17 1.5082451710924563e+17 1.4890707663757504e+17 1.4572692167206784e+17 1.4337231559502626e+17 1.3937509891369006e+17 1.3632404076004114e+17 1.3465493541702853e+17 1.3287276240163456e+17 1.3096093722496624e+17 1.2889600354364293e+17 1.266433709570081e+17 1.2129670327406533e+17 1.1785693701386138e+17 1.1311631487059478e+17
20150.002822952894 1.8461921677568806e+17 1.8181546145573514e+17 1.7879212115209462e+17 1.7539531356049498e+17 1.7160606822981277e+17 1.6727822670521846e+17 1.621939161375916e+17 1.5922360838149443e+17 1.5589097139816493e+17 1.5205873926782154e+17 1.494512187063463e+17 1.4755567966816374e+17 1.4441228723340058e+17 1.4207308274041483e+17 1.3810920988707437e+17 1.3508126622163056e+17 1.3342442364448506e+17 1.316560522710145e+17 1.2975834331853648e+17 1.2770894949341411e+17 1.2547364538286218e+17 1.2016926708133325e+17 1.1675892397583552e+17 1.1206425510034451e+17
20250.002836962598 1.811846728504893e+17 1.7849863407935798e+17 1.7548525887288445e+17 1.721270026080617e+17 1.6842167581429354e+17 1.64153446002618e+17 1.5912501056873328e+17 1.5621592362840595e+17 1.5294272458797485e+17 1.491982212061621e+17 1.4665447400908422e+17 1.4480083892276067e+17 1.4173494158609229e+17 1.394659005988725e+17 1.3562047623053229e+17 1.3269227849814155e+17 1.3109168734044509e+17 1.2938515384454067e+17 1.2755536917285187e+17 1.2558048115097112e+17 1.2342681713738248e+17 1.1831273412098914e+17 1.1501706539809269e+17 1.1046263557981523e+17
20350.002850972298 1.7790864929813453e+17 1.7519246003428032e+17 1.722464045413329e+17 1.68996381837556e+17 1.6538969476556582e+17 1.6122289176260333e+17 1.563221409614994e+17 1.5349063192214218e+17 1.5030566095383958e+17 1.4665537241564205e+17 1.441812368773601e+17 1.423834782150052e+17 1.3940693213884661e+17 1.3720408133181083e+17 1.3347739925328085e+17 1.3064159994580814e+17 1.2909292567828714e+17 1.2744056838327e+17 1.2566964685996152e+17 1.2375854135143968e+17 1.2167348421095533e+17 1.1671586800171022e+17 1.1351273607525594e+17 1.0907243307805515e+17
20450.002864981998 1.7749759882957696e+17 1.7480086216750032e+17 1.7191021255494538e+17 1.6867502828730672e+17 1.650700361419442e+17 1.6096011000230618e+17 1.5607257415822358e+17 1.5324368009653018e+17 1.5005397585143926e+17 1.464022840204757e+17 1.4391569573151309e+17 1.4210545303796957e+17 1.3910656281689026e+17 1.3688139780655691e+17 1.3311065624434426e+17 1.3023598360697152e+17 1.286650482090143e+17 1.2698860641570091e+17 1.2519115043016026e+17 1.2325111871870026e+17 1.2113571304946082e+17 1.1611384703020779e+17 1.1287991903519141e+17 1.0841790443442566e+17
20550.002878991694 1.7482728788230755e+17 1.722299210768955e+17 1.6935694829424173e+17 1.6618865602157898e+17 1.6264025694463542e+17 1.5856849450814048e+17 1.5375270609023085e+17 1.5096423566946374e+17 1.47827140044669e+17 1.4422516503934483e+17 1.41776986339117e+17 1.4000007368255949e+17 1.3705005022200467e+17 1.3486511979042888e+17 1.3117129489716358e+17 1.2836058489066827e+17 1.2682606842511867e+17 1.2519037687123592e+17 1.2343790129511002e+17 1.2154802819324712e+17 1.1948777551957398e+17 1.1459724662257978e+17 1.1144424607953435e+17 1.0708532404309982e+17
20650.002893001398 1.7168851017107402e+17 1.6915574053277622e+17 1.663307360557008e+17 1.632819161347078e+17 1.5978286683578198e+17 1.558173069371358e+17 1.5114737405638074e+17 1.484427635106656e+17 1.4539218510852294e+17 1.4189187323231187e+17 1.395160260383711e+17 1.3778582343668798e+17 1.3492829960501478e+17 1.3280713228847627e+17 1.2922236868883976e+17 1.2649428145234069e+17 1.2500536635886856e+17 1.2341728611452038e+17 1.2171569947944126e+17 1.1987946365857667e+17 1.1787670745458982e+17 1.1311452214638352e+17 1.1003643394673739e+17 1.0576921111336957e+17
20750.002907011094 1.7015450960945728e+17 1.676252118889443e+17 1.6487782754453818e+17 1.6181988505064304e+17 1.5838280938856093e+17 1.5444634074581197e+17 1.4980090090456502e+17 1.471017894473222e+17 1.440742387661039e+17 1.406042458940245e+17 1.3824623980337424e+17 1.3652988532573014e+17 1.3368897950410758e+17 1.3158342492710592e+17 1.2802369922270298e+17 1.2531387049474152e+17 1.2383393920617914e+17 1.222568825008368e+17 1.2056662155194997e+17 1.1874323534342576e+17 1.1675499239084915e+17 1.1203040940171182e+17 1.0897934895348586e+17 1.0475355760848022e+17
20850.002921020798 1.6808715840192765e+17 1.655846920948852e+17 1.628514590251431e+17 1.5984247481984294e+17 1.5641346611535242e+17 1.525349515919788e+17 1.4794806724570406e+17 1.452841660935027e+17 1.4228808286366421e+17 1.3885081087121416e+17 1.3651987494379054e+17 1.348217827297308e+17 1.3201668438735083e+17 1.2993757535626118e+17 1.2643220838048208e+17 1.2376909551332456e+17 1.2231638222947822e+17 1.2076906498899347e+17 1.1911264249358074e+17 1.1732655476414373e+17 1.1538054840283397e+17 1.1075659885069653e+17 1.0777009484173499e+17 1.0363139839502472e+17
20950.002935030498 1.6514019033980512e+17 1.6267412615112086e+17 1.6000355272513968e+17 1.5702382523595466e+17 1.537169918098408e+17 1.4991489665262147e+17 1.4543585950393376e+17 1.4283374027483626e+17 1.399193522982004e+17 1.365754572962703e+17 1.3430383961845992e+17 1.3265459133593174e+17 1.2993167246211662e+17 1.2791423192736109e+17 1.2450775079917358e+17 1.2192170078987202e+17 1.2051256038218907e+17 1.1901080294867486e+17 1.1740346442011672e+17 1.15669720096231e+17 1.1377950063732064e+17 1.0928247305042078e+17 1.0637083611397026e+17 1.0232366305393256e+17
21050.002949040194 1.6407867665962742e+17 1.6166531643290067e+17 1.590261215742101e+17 1.561153452054199e+17 1.52827275256636e+17 1.4905869255197366e+17 1.4462625594690998e+17 1.4205526393388778e+17 1.3915579476168534e+17 1.3583472767582974e+17 1.335752557159966e+17 1.319288093226031e+17 1.2920929527247806e+17 1.2719450054906619e+17 1.237904206113619e+17 1.2120149715909442e+17 1.1978905038183864e+17 1.182841203022055e+17 1.1667221225691949e+17 1.1493353453041102e+17 1.1303829705165371e+17 1.0853185987734616e+17 1.0561911275670152e+17 1.0158208778327477e+17
21150.002963049898 1.6166022951766128e+17 1.59312315571003e+17 1.5676065319253306e+17 1.53872934063697e+17 1.506762781478562e+17 1.4697719145507264e+17 1.4261702838833802e+17 1.4008686206645826e+17 1.3724570248516632e+17 1.3397625477323774e+17 1.3175802587885179e+17 1.3014491317627648e+17 1.2747805375179762e+17 1.2550384791961283e+17 1.2216916506511795e+17 1.1963684143921795e+17 1.1825522768676632e+17 1.167835683331397e+17 1.1520780135351738e+17 1.1350874505226528e+17 1.1165656424994486e+17 1.0725101674574296e+17 1.0440022865370395e+17 1.0044352945587714e+17
21250.002977059594 1.5966519614273283e+17 1.573063192356467e+17 1.5478254895758624e+17 1.5194123368635776e+17 1.4878240772104054e+17 1.451611613788757e+17 1.4085323407841058e+17 1.383619810582122e+17 1.3554950592549726e+17 1.3233050200190118e+17 1.301430594529739e+17 1.2855389523534123e+17 1.259265511360716e+17 1.239817352181123e+17 1.2070057579915146e+17 1.1821020074741523e+17 1.1685325556693712e+17 1.1540830901228661e+17 1.138618771150117e+17 1.1219458055953621e+17 1.1037716171252024e+17 1.0605415998985398e+17 1.0325531331439771e+17 9.936776766541776e+16
21350.002991069196 1.5784425369957526e+17 1.555549142842659e+17 1.5303984750665914e+17 1.502892235712076e+17 1.4714814765729053e+17 1.4357298462487062e+17 1.3935075929522403e+17 1.3689702889279766e+17 1.341360070540553e+17 1.3096744835695179e+17 1.2881399061103126e+17 1.2724910872290754e+17 1.2466149908850606e+17 1.2274372376505822e+17 1.1950691709493811e+17 1.1704872693218774e+17 1.157079698855236e+17 1.1428028916897613e+17 1.1275173273759944e+17 1.1110324358118854e+17 1.0930582675622198e+17 1.0502849993088125e+17 1.022584277723102e+17 9.841069713940587e+16
21450.0030050789 1.5624538965232666e+17 1.5396227671715037e+17 1.5144653175428e+17 1.4870778787328893e+17 1.4562618952811818e+17 1.4209183847105061e+17 1.379084887107915e+17 1.3547310532771246e+17 1.3273227138298525e+17 1.2958959678491662e+17 1.2745163010633283e+17 1.258981927678283e+17 1.2333397966072208e+17 1.2143371320173339e+17 1.182269446334788e+17 1.1579315609203518e+17 1.1446674124566582e+17 1.1305463036507138e+17 1.1154342646608254e+17 1.099144414354998e+17 1.0813945944537677e+17 1.0391704745593384e+17 1.0118387921134051e+17 9.73884100207103e+16
21550.003019088595 1.5384946263924058e+17 1.5168227002818787e+17 1.4935783322037734e+17 1.4670788021224854e+17 1.4372679011056542e+17 1.402868187419441e+17 1.3620422182885515e+17 1.3383118226370075e+17 1.3115212576971099e+17 1.2807002154357542e+17 1.2597132599067109e+17 1.244441084589191e+17 1.2192209534256904e+17 1.2005233748169712e+17 1.1689783779895344e+17 1.1450274208942891e+17 1.1319759492207184e+17 1.1180854622483504e+17 1.1032172515921339e+17 1.0871915066419739e+17 1.0697274869126125e+17 1.0281800231963554e+17 1.001277890881069e+17 9.639131231015091e+16
21650.003033098295 1.438058189998727e+17 1.422943606992207e+17 1.405581949466216e+17 1.3863556713356165e+17 1.3638488726125315e+17 1.3373248667481467e+17 1.3049348541448374e+17 1.28567317246089e+17 1.2635858530627107e+17 1.237850341966859e+17 1.2201113910481598e+17 1.207087911426042e+17 1.1853852692635098e+17 1.1691655130576763e+17 1.141529374046312e+17 1.1203175614748387e+17 1.1086683290963622e+17 1.0961915563194854e+17 1.0827483398676883e+17 1.0681419728604736e+17 1.0520801858003698e+17 1.0132616036595128e+17 9.877163922715109e+16 9.518039491310821e+16
21750.003047107995 1.4885312201942883e+17 1.4682981408909715e+17 1.445969429310764e+17 1.4211687929553803e+17 1.3928537024980062e+17 1.3600158106151971e+17 1.321062932073817e+17 1.298347520522436e+17 1.2726661840194021e+17 1.2431808222343965e+17 1.2231165670054302e+17 1.208537902203728e+17 1.1844401600632189e+17 1.1666345432921646e+17 1.1366131208971872e+17 1.1138689141499448e+17 1.1014843296418331e+17 1.0883091174583291e+17 1.074216275255201e+17 1.059026242139047e+17 1.0424679019022891e+17 1.0029928427406928e+17 9.77341678408254e+16 9.41546986998188e+16
21850.003061117695 1.4777197788149514e+17 1.456995293934543e+17 1.4340055210269552e+17 1.4083182200202704e+17 1.3795201668008744e+17 1.3464622419695474e+17 1.3074018422336187e+17 1.2847311218340506e+17 1.2591923293889334e+17 1.2299769070761398e+17 1.2101275271110398e+17 1.1956946570224251e+17 1.1718843442241526e+17 1.1542879103700651e+17 1.1246402352164475e+17 1.1021969002657502e+17 1.089981263982673e+17 1.0769845347811686e+17 1.0630840869873872e+17 1.0481004352184787e+17 1.0317666059579098e+17 9.928235113533038e+16 9.675110561369853e+16 9.321878800718917e+16
21950.0030751274 1.4705377285249245e+17 1.4494214807655245e+17 1.4261618171444387e+17 1.4005130367872435e+17 1.3716860706600803e+17 1.3387169115752731e+17 1.2996963853783853e+17 1.2770281995203026e+17 1.251484001154119e+17 1.222242243345749e+17 1.2023572754103197e+17 1.1879038404506888e+17 1.164068281120215e+17 1.1464306208512536e+17 1.1167407773335253e+17 1.0942549286525618e+17 1.0820190562756096e+17 1.0690004639148085e+17 1.0550822591653789e+17 1.0400883601107221e+17 1.0237533004762776e+17 9.848642151523731e+16 9.596413070425277e+16 9.24530276422835e+16
22050.003089137095 1.4399246045270629e+17 1.419360791400019e+17 1.396877100705673e+17 1.3718408670638542e+17 1.343835430031051e+17 1.3117555827687269e+17 1.2738729002272622e+17 1.2518382613203243e+17 1.2271269121012437e+17 1.198817986906964e+17 1.1796132228215448e+17 1.165669414195468e+17 1.1426875217473744e+17 1.125717223736754e+17 1.0971557837753683e+17 1.0755595750497474e+17 1.0638129306430394e+17 1.0513214075333789e+17 1.0379611252147978e+17 1.0235667784228227e+17 1.0078685623085254e+17 9.704023417093203e+16 9.460052693453883e+16 9.11878325130838e+16
22150.003103146795 1.432858101480909e+17 1.4126005452639099e+17 1.3903133169048643e+17 1.3657425740515587e+17 1.3376991374468546e+17 1.305799522545749e+17 1.2679863856204859e+17 1.2460420856716186e+17 1.2213818616483733e+17 1.1931283363443738e+17 1.1739471790948173e+17 1.1599896158177152e+17 1.1369850417595136e+17 1.119982633997218e+17 1.09136886727113e+17 1.0697063630294037e+17 1.0579163122413235e+17 1.0453803403922307e+17 1.0319739223651474e+17 1.0175287102797227e+17 1.0017839206506866e+17 9.642506378563621e+16 9.398643924669994e+16 9.05865784815764e+16
22250.003117156495 1.4157341111688173e+17 1.395245363426742e+17 1.3732158100022106e+17 1.3485993370601835e+17 1.3209489210407067e+17 1.2893349506180026e+17 1.2519179478759173e+17 1.2301850904989464e+17 1.205742947808869e+17 1.1777830982863803e+17 1.1588165391212397e+17 1.1450323578224075e+17 1.1223345478721754e+17 1.105571961186574e+17 1.0773884197460114e+17 1.0560740684726178e+17 1.0444837239693053e+17 1.0321662575888274e+17 1.0190001380815043e+17 1.0048207071584667e+17 9.893678542124566e+16 9.525365379557045e+16 9.285909653188645e+16 8.951496300638797e+16
22350.003131166195 1.398791872190986e+17 1.3787640097462653e+17 1.3569137938788243e+17 1.3327590023374755e+17 1.3054942852292456e+17 1.274196199963808e+17 1.2372470935311347e+17 1.215823593429719e+17 1.191747587422884e+17 1.1641536918967771e+17 1.145453429775861e+17 1.1318693593714258e+17 1.1094982022755398e+17 1.0929775182283352e+17 1.065226140199116e+17 1.0442539197830898e+17 1.0328581362889141e+17 1.0207457660044646e+17 1.0078016424403315e+17 9.938632633319405e+16 9.786753555978034e+16 9.424679267659976e+16 9.189195558100653e+16 8.86018085989932e+16
22450.0031451759 1.3823325562463008e+17 1.3627688198498075e+17 1.3411301741777282e+17 1.3172775947823035e+17 1.2904519433161528e+17 1.2596927076622618e+17 1.2232769312541438e+17 1.2021610950518608e+17 1.1784193325757339e+17 1.1512313843183293e+17 1.1328039595345075e+17 1.1194313536339134e+17 1.0973858798157466e+17 1.0811250723513707e+17 1.0537961387603278e+17 1.033149218001134e+17 1.0219309566349594e+17 1.0100087508007872e+17 9.972706721066493e+16 9.835538868932958e+16 9.686067107301474e+16 9.329634699870014e+16 9.097725296770283e+16 8.773609420354331e+16
22550.003159185493 1.3610970700581085e+17 1.3417686046810827e+17 1.3207345041713018e+17 1.2974568993999834e+17 1.2712891096568382e+17 1.2411749956015546e+17 1.2056976928744139e+17 1.1851295365839742e+17 1.161944392379111e+17 1.1354353211352094e+17 1.1174672293407526e+17 1.1044249436912832e+17 1.0829361956539216e+17 1.067078821971373e+17 1.0404431452050226e+17 1.020327418543916e+17 1.0093951642503179e+17 9.977762523520312e+16 9.85357562169321e+16 9.719773727305832e+16 9.573873876294238e+16 9.225388120171451e+16 8.998167966746688e+16 8.67995740909486e+16
22650.003173195197 1.3460469631875984e+17 1.3270801035286648e+17 1.306180013898442e+17 1.2830507596531267e+17 1.2570661576423256e+17 1.2271765368280216e+17 1.1918913482380453e+17 1.1714507633809234e+17 1.1484624540120973e+17 1.1221721711575378e+17 1.1043633978712182e+17 1.0914588181000134e+17 1.0701916906907418e+17 1.0545171084901725e+17 1.0282193030212176e+17 1.008380094312823e+17 9.976073904247736e+16 9.861636649611256e+16 9.739407243438435e+16 9.607779969649946e+16 9.464318248732797e+16 9.1218071667904e+16 8.898491832573258e+16 8.585558444789256e+16
22750.003187204897 1.3342337352664614e+17 1.3154645999807256e+17 1.2949754858553546e+17 1.2722467181586859e+17 1.2466112809498984e+17 1.2172049083219958e+17 1.1824445789863272e+17 1.1622519714309536e+17 1.139514581496878e+17 1.1135206260463229e+17 1.0958847056801546e+17 1.0830916231664422e+17 1.062014243330725e+17 1.046467623960729e+17 1.0203553519401792e+17 1.00063678253514e+17 9.899279515910352e+16 9.785491233895e+16 9.663902725849432e+16 9.532953182458971e+16 9.390228265407904e+16 9.049547117682594e+16 8.827598797951944e+16 8.517078974941326e+16
22850.003201214597 1.3123717147881781e+17 1.293953196453453e+17 1.2736960979206208e+17 1.2512126116486824e+17 1.2260642029860368e+17 1.1971689471038462e+17 1.1630006722605555e+17 1.143256044769386e+17 1.1209966410156368e+17 1.0955698564330845e+17 1.0783572285217784e+17 1.0658757254535357e+17 1.0453308116790946e+17 1.030204415226966e+17 1.0048437438263672e+17 9.857253935741774e+16 9.753519666969765e+16 9.643347886735472e+16 9.525684291879962e+16 9.398987952430518e+16 9.260854052160115e+16 8.930704320778022e+16 8.715096636059126e+16 8.412414070285579e+16
22950.003215224297 1.2983489008216854e+17 1.2798254463818358e+17 1.2595440923605035e+17 1.2370947856688758e+17 1.2117357029811088e+17 1.1826872679852402e+17 1.1482939793264843e+17 1.1283108965461934e+17 1.1058239856736562e+17 1.0800939669821946e+17 1.0626547715376192e+17 1.0500091185448896e+17 1.0291968959453234e+17 1.0138668729384162e+17 9.881592167241434e+16 9.687770674057541e+16 9.582559222983173e+16 9.4707814332128e+16 9.351319615438208e+16 9.222549821125978e+16 9.081940456802528e+16 8.74422272247122e+16 8.521334553536238e+16 8.201667467026379e+16
23050.003229233993 1.2883182413351861e+17 1.2701543075138115e+17 1.2501958056941456e+17 1.2281208566333962e+17 1.2033185871263958e+17 1.1748345447606634e+17 1.1410702230015878e+17 1.121472992840957e+17 1.0994196567547456e+17 1.0741725636934218e+17 1.0570690719651162e+17 1.044650744153173e+17 1.0242189331601986e+17 1.0091607797841205e+17 9.838963351103789e+16 9.648460847806795e+16 9.54507147781874e+16 9.435262390494354e+16 9.317945285723171e+16 9.19157012800011e+16 9.053707449631266e+16 8.723608116265922e+16 8.507131611389126e+16 8.200479707585053e+16
23150.003243243696 1.2710544621183066e+17 1.2531538125132715e+17 1.233547181463506e+17 1.211868852546229e+17 1.1874705196697718e+17 1.1594168871706803e+17 1.126250766382661e+17 1.1070028370139915e+17 1.0853676947590971e+17 1.060640453918133e+17 1.0439028993163558e+17 1.0317616557142034e+17 1.0117902277162382e+17 9.970875086981702e+16 9.724493674155522e+16 9.53885264711159e+16 9.438157472821653e+16 9.33121665484613e+16 9.216997764303224e+16 9.09396959999897e+16 8.959753643816251e+16 8.638297623258605e+16 8.427457196449781e+16 8.12900050826733e+16
23250.003257253396 1.2535280571416157e+17 1.2355338522662806e+17 1.215895000087475e+17 1.1940983483958782e+17 1.1695201383313238e+17 1.1411998240362011e+17 1.1076816881870805e+17 1.0882187946299902e+17 1.0663215384733485e+17 1.0412904061879731e+17 1.02434581796923e+17 1.0120665828407682e+17 9.918856473931098e+16 9.7703565804899e+16 9.521806314070294e+16 9.334825900873774e+16 9.233466012581968e+16 9.12586997883577e+16 9.010948637025018e+16 8.887125153660134e+16 8.751904389912414e+16 8.426547690744557e+16 8.210693905744424e+16 7.89808143067143e+16
23350.003271263096 1.2379987998142725e+17 1.2205939275647448e+17 1.2014328261334566e+17 1.1802086345760243e+17 1.1564007408932622e+17 1.1290439996653845e+17 1.0966993904416245e+17 1.0779280657641578e+17 1.0568382275794131e+17 1.032725543961915e+17 1.0164090984182187e+17 1.0045852548910778e+17 9.851481625871194e+16 9.708500621017034e+16 9.469071552198938e+16 9.288886607467002e+16 9.191182668893349e+16 9.087455325596214e+16 8.976665520326795e+16 8.857305871321046e+16 8.727010672521226e+16 8.414155101407618e+16 8.207835720913878e+16 7.912934297204013e+16
23450.003285272796 1.2300922702785574e+17 1.2129187381144624e+17 1.19406268506387e+17 1.1731853370633853e+17 1.1496582725864957e+17 1.12263032426286e+17 1.0906563470567368e+17 1.0720922789508146e+17 1.0512068200105805e+17 1.02731146953554e+17 1.0111308794524629e+17 9.994051315814518e+16 9.801160568071531e+16 9.659153024169952e+16 9.421291359306126e+16 9.242237676203168e+16 9.145149399627354e+16 9.042074681316787e+16 8.932009101246048e+16 8.813459670072171e+16 8.684121563664539e+16 8.37409131703358e+16 8.170383458542973e+16 7.881072931781309e+16
23550.003299282493 1.209180184289677e+17 1.1918475766524523e+17 1.172815486536333e+17 1.1517606830764502e+17 1.1280489389329464e+17 1.100725840209241e+17 1.0683711282765659e+17 1.0495980747584378e+17 1.0284972268983845e+17 1.0043840121561243e+17 9.880871529495478e+16 9.762892535463616e+16 9.56920218762662e+16 9.426941379467149e+16 9.189233615888248e+16 9.01076652873955e+16 8.91411838872617e+16 8.811581011684653e+16 8.70212462704229e+16 8.584206878160411e+16 8.455408816983371e+16 8.145019751561074e+16 7.938386458879952e+16 7.637354308859462e+16
23650.003313292196 1.2012067467593926e+17 1.1843036758448229e+17 1.1658937215083389e+17 1.1454266949965104e+17 1.1223905377640069e+17 1.0959231228718658e+17 1.0645671714493875e+17 1.0463519712529442e+17 1.0258712700025325e+17 1.0024474895774202e+17 9.865978087667034e+16 9.751078027579829e+16 9.562295087919083e+16 9.423449853936256e+16 9.191086834343933e+16 9.016341216618038e+16 8.921627736170091e+16 8.821113850345547e+16 8.713773170586482e+16 8.598145102704442e+16 8.47191633826301e+16 8.168654635857034e+16 7.968417175665344e+16 7.681516070641248e+16
23750.003327301896 1.1818768943362997e+17 1.1652594591738581e+17 1.1471343739085485e+17 1.1270775967776251e+17 1.1044685732409104e+17 1.0785487130713437e+17 1.0479237581607306e+17 1.0301745022474042e+17 1.010259529729363e+17 9.875513338022888e+16 9.722169898083814e+16 9.611288075600869e+16 9.429388890194714e+16 9.295878309844493e+16 9.072892574114062e+16 8.905487034682317e+16 8.81481332879651e+16 8.718602687924416e+16 8.615859509632677e+16 8.505136784221016e+16 8.384181830566658e+16 8.093130015497696e+16 7.900719774661554e+16 7.625142765532203e+16
23850.003341311494 1.1646527218863077e+17 1.1480914118887186e+17 1.1299524899904573e+17 1.109823568924477e+17 1.0871632910504098e+17 1.0610868002254475e+17 1.0302402834946608e+17 1.0123532543844744e+17 9.92265490130972e+16 9.693522896963917e+16 9.538818681395621e+16 9.426896517580467e+16 9.243370824609667e+16 9.108700442972872e+16 8.883967203051877e+16 8.715374183764298e+16 8.624105571287723e+16 8.527281847962555e+16 8.423891791152386e+16 8.312443209610886e+16 8.190600999999192e+16 7.896275758571152e+16 7.699690776171629e+16 7.412083477706101e+16
23950.003355321198 1.1596858710631638e+17 1.1434798170315403e+17 1.1257082543308914e+17 1.1060699959710083e+17 1.083944975407629e+17 1.0584540169317008e+17 1.0282684637642811e+17 1.0107587548892862e+17 9.91072786790683e+16 9.685720333655254e+16 9.533589626050323e+16 9.423428469335926e+16 9.242524824583963e+16 9.109620721708755e+16 8.88744259641874e+16 8.720543955988635e+16 8.630127956556213e+16 8.534190734225509e+16 8.431738226196106e+16 8.321341051954334e+16 8.200745167426227e+16 7.910438870268749e+16 7.718126317151466e+16 7.441117027210533e+16
24050.003369330894 1.1460788065611182e+17 1.1301623802984597e+17 1.11270435030997e+17 1.093369892541294e+17 1.0716140951719128e+17 1.0465824595915998e+17 1.0169736477367886e+17 9.99787700819327e+16 9.804960948260016e+16 9.584574947223502e+16 9.435647907268856e+16 9.327899024173483e+16 9.151045262384702e+16 9.021183007765789e+16 8.804272833543338e+16 8.641433292617158e+16 8.553263621721467e+16 8.459720327252613e+16 8.3598519488313e+16 8.252257361066624e+16 8.134747582110102e+16 7.852052527708448e+16 7.665120500741651e+16 7.396972511448829e+16
24150.003383340594 1.1270369881406109e+17 1.1111610735711446e+17 1.0937145730058834e+17 1.0743998105737176e+17 1.0526268951988392e+17 1.0275910830363587e+17 9.979940975064274e+16 9.808298719008024e+16 9.615777569948155e+16 9.39635562323236e+16 9.248340371335976e+16 9.141342421294e+16 8.966064433324205e+16 8.83759580374242e+16 8.62340012935211e+16 8.462874090591187e+16 8.376009023990106e+16 8.283859216957069e+16 8.185452518758034e+16 8.079352323825819e+16 7.963297549241482e+16 7.682707348444398e+16 7.495212356349856e+16 7.221049474358032e+16
24250.003397350298 1.119267391994644e+17 1.1037152727977664e+17 1.0866012179849397e+17 1.067643394050336e+17 1.0463037204594032e+17 1.021753537353755e+17 9.927078635612182e+16 9.758608852959986e+16 9.569296583474498e+16 9.35332912052197e+16 9.20746535092354e+16 9.101993357205909e+16 8.929026501748302e+16 8.802130729085016e+16 8.590378216569568e+16 8.43158166813019e+16 8.345626935026682e+16 8.254452868954429e+16 8.157115102817658e+16 8.052219406287349e+16 7.937589626062264e+16 7.66127492939965e+16 7.477807589871395e+16 7.212571987062029e+16
24350.003411359994 1.1054230838111955e+17 1.0901103630542678e+17 1.0733470809915694e+17 1.0547394048719163e+17 1.0338259529996957e+17 1.0097970159332302e+17 9.813659412340635e+16 9.648947822510987e+16 9.464066928975762e+16 9.253318984915736e+16 9.111094870757997e+16 9.008301428507267e+16 8.839753540562531e+16 8.716146527112938e+16 8.50997323969751e+16 8.355385210647704e+16 8.27172027793436e+16 8.182979485808429e+16 8.088232725910014e+16 7.986127521842536e+16 7.874539863130045e+16 7.605564628228323e+16 7.427154345157774e+16 7.170163635937224e+16
24450.003425369698 1.0942768539763886e+17 1.0790711092279288e+17 1.0623556713612982e+17 1.043856024308305e+17 1.0229518071620603e+17 9.989265411113678e+16 9.704899534390606e+16 9.539798745563016e+16 9.35442528287382e+16 9.142927161647478e+16 9.000152600090661e+16 8.896946353222574e+16 8.727754806435374e+16 8.60372166607292e+16 8.396897467722294e+16 8.241921903562491e+16 8.158076887382594e+16 8.069155458876693e+16 7.974233745664835e+16 7.871931832819122e+16 7.760095198026582e+16 7.490114600902496e+16 7.310285748572114e+16 7.048732922980824e+16
24550.003439379398 1.0744078345057014e+17 1.0594923415059952e+17 1.04314984106314e+17 1.0250403903263533e+17 1.0046054992173258e+17 9.811621880397376e+16 9.534878650137502e+16 9.374637771287254e+16 9.194963661074522e+16 8.990445235402202e+16 8.852690151875963e+16 8.753258742280269e+16 8.590519543122014e+16 8.471403522649878e+16 8.273144022761042e+16 8.124771631935637e+16 8.044538073702842e+16 7.959445053927458e+16 7.868594409043032e+16 7.770620340241566e+16 7.66341139559037e+16 7.404015642626117e+16 7.230734898637406e+16 6.978054396826427e+16
24650.003453389094 1.0719985053245621e+17 1.0572778406344165e+17 1.0412335503245558e+17 1.0233874736825339e+17 1.0032941142780504e+17 9.801767479019893e+16 9.528253053296267e+16 9.369539790786142e+16 9.191387561181797e+16 8.988193264501954e+16 8.851030842186483e+16 8.7518277859092e+16 8.589263320927352e+16 8.470057632933298e+16 8.271254376858333e+16 8.12226675640429e+16 8.041656246156773e+16 7.956153986226912e+16 7.864874617040712e+16 7.76650148434651e+16 7.658978783777771e+16 7.399740219914018e+16 7.227800016756915e+16 6.980239159288145e+16
24750.003467398798 1.0560739352120917e+17 1.041467564191885e+17 1.0254993474766664e+17 1.0078088818317075e+17 9.87891705964088e+16 9.649781497941637e+16 9.37924482275325e+16 9.222678552540418e+16 9.046939479085002e+16 8.846920572861285e+16 8.712103760232715e+16 8.614707629995456e+16 8.455318309538341e+16 8.338582757135253e+16 8.14415100934906e+16 7.998573620786709e+16 7.919833305088624e+16 7.836322346297238e+16 7.747158733442885e+16 7.651023927053965e+16 7.545863016639728e+16 7.291706410136184e+16 7.1223446799267384e+16 6.876542408061928e+16
24850.003481408494 1.0371448262892957e+17 1.0229690464743189e+17 1.0074459735036074e+17 9.902212373912085e+16 9.708285376215005e+16 9.485336770595528e+16 9.221672320437734e+16 9.069122803091947e+16 8.897877556101778e+16 8.70286392400072e+16 8.571465849634576e+16 8.476576563593702e+16 8.32129732715316e+16 8.207589251886216e+16 8.018229101043094e+16 7.876423996201363e+16 7.799703186814363e+16 7.718304276586909e+16 7.631347195438498e+16 7.537517158009616e+16 7.434764905647866e+16 7.185772634229048e+16 7.019147036677779e+16 6.775680101135777e+16
24950.003495418197 1.0353124084667106e+17 1.0211271251960424e+17 1.0056656119345061e+17 9.884671237568606e+16 9.69089389774773e+16 9.468160728622213e+16 9.204595064664458e+16 9.051878838371283e+16 8.880621827776709e+16 8.685473180595371e+16 8.553942073583682e+16 8.458948245444024e+16 8.3034930020853e+16 8.189679464276821e+16 8.000184502116203e+16 7.858357337133632e+16 7.781678443548934e+16 7.70037285280947e+16 7.613576535005757e+16 7.520011763030272e+16 7.417679085419904e+16 7.170495419756748e+16 7.006043535147138e+16 6.7681239786274776e+16
25050.0035094278 1.0253672468443984e+17 1.0114366229131755e+17 9.961514861978278e+16 9.79140636713149e+16 9.600122719534667e+16 9.380479817587432e+16 9.120439830595453e+16 8.96972045734843e+16 8.800643835688469e+16 8.60794829961579e+16 8.47817086810059e+16 8.384397864055898e+16 8.231022571965658e+16 8.118765967382163e+16 7.931964160040866e+16 7.792247859373955e+16 7.716736884290443e+16 7.636710138568402e+16 7.551312225869592e+16 7.459291112254286e+16 7.35870051913878e+16 7.115973658924718e+16 6.954775742500246e+16 6.722299412317136e+16
25150.003523437495 1.0129840461461872e+17 9.990842743755664e+16 9.839563127011638e+16 9.670764366558515e+16 9.480804496998182e+16 9.261990208396546e+16 9.003189094416586e+16 8.853127721142774e+16 8.684681803914371e+16 8.492811547337622e+16 8.363463444351374e+16 8.270082771192211e+16 8.117222304448354e+16 8.005341188285602e+16 7.819123314660034e+16 7.679793023111598e+16 7.604459919243069e+16 7.524596369823738e+16 7.439330389175714e+16 7.347399590835906e+16 7.246814922467472e+16 7.0035056751074856e+16 6.841051391765711e+16 6.6041825209032824e+16
25250.003537447195 1.0041670440730176e+17 9.906034477515922e+16 9.756568838402666e+16 9.591341968254496e+16 9.405019404429506e+16 9.190761098695618e+16 8.937170097285163e+16 8.790045878009866e+16 8.625035347947528e+16 8.436918476895757e+16 8.310126940850994e+16 8.218539248106262e+16 8.068621430749438e+16 7.958879935599786e+16 7.776160538907424e+16 7.639441779595904e+16 7.565525374749723e+16 7.487153456475637e+16 7.403480220028968e+16 7.313274083086578e+16 7.21459936973345e+16 6.976186371197864e+16 6.817573275455813e+16 6.588159418523972e+16
25350.003551456895 9.928985467202742e+16 9.795140214682802e+16 9.647750439264056e+16 9.484614934240021e+16 9.300998359848741e+16 9.089651596606462e+16 8.839785867764235e+16 8.694934480538787e+16 8.532503523498805e+16 8.347438870598174e+16 8.222774400025056e+16 8.132776078223162e+16 7.985527335171698e+16 7.877763496817677e+16 7.698478977163027e+16 7.564395750777318e+16 7.491928316385238e+16 7.415110937867192e+16 7.333124153735411e+16 7.244758807800682e+16 7.148129491441039e+16 6.914798809994096e+16 6.759725983691013e+16 6.535896559581553e+16
25450.003565466595 9.789414933635043e+16 9.656175364006594e+16 9.511099396329434e+16 9.349648893780219e+16 9.167671038140088e+16 8.958635928003014e+16 8.71173821928021e+16 8.568845601692867e+16 8.408762246780358e+16 8.22674618016636e+16 8.104326353002667e+16 8.016068433258293e+16 7.871860357885595e+16 7.766488130031056e+16 7.591433799648835e+16 7.460661252156597e+16 7.39001813290137e+16 7.315137604055158e+16 7.235210217272213e+16 7.149031629040514e+16 7.0547260642779336e+16 6.826552103696899e+16 6.674357574585912e+16 6.4534019947173176e+16
25550.0035794763 9.687017574902728e+16 9.556288508172456e+16 9.41363577165786e+16 9.255114246389555e+16 9.076642759464258e+16 8.871372733233842e+16 8.628602562817467e+16 8.48820707005307e+16 8.330604769100928e+16 8.151401753697118e+16 8.030790142407224e+16 7.943811450417736e+16 7.801592186048944e+16 7.697595949026462e+16 7.524742040519547e+16 7.39555576390339e+16 7.325737727588778e+16 7.251715046822261e+16 7.172689902350635e+16 7.087463661746526e+16 6.994178466256744e+16 6.768416886023141e+16 6.617837890133627e+16 6.399371188693767e+16
25650.003593485995 9.564189747408734e+16 9.436198708799686e+16 9.29656301839947e+16 9.141299746987918e+16 8.966518534624731e+16 8.765485293249309e+16 8.528149930535765e+16 8.390719684981474e+16 8.236836778229461e+16 8.061796108291888e+16 7.944045071113768e+16 7.859118353365467e+16 7.720345279928194e+16 7.61891316626884e+16 7.450317995174163e+16 7.324327145926429e+16 7.256230725412643e+16 7.184005113377648e+16 7.1068632222545304e+16 7.0236214415384024e+16 6.932448497307477e+16 6.711551829492897e+16 6.5641463586580584e+16 6.3505579820199416e+16
25750.003607495695 9.52878523468618e+16 9.402421435690094e+16 9.263337123813432e+16 9.109211325747928e+16 8.93495642632273e+16 8.734775788066299e+16 8.497356159623931e+16 8.359878206083014e+16 8.205523659609762e+16 8.029696314659808e+16 7.911307396325653e+16 7.825869557312512e+16 7.686059861059494e+16 7.583817045546098e+16 7.413809420772062e+16 7.286766328008771e+16 7.21811783271436e+16 7.145364450749596e+16 7.0677099174082696e+16 6.984009453084489e+16 6.89245840319744e+16 6.671302121672381e+16 6.524339305529739e+16 6.312487001680946e+16
25850.00362150539 9.341196914020912e+16 9.21562904342013e+16 9.078572866773086e+16 8.92559124888116e+16 8.753602925147093e+16 8.556184372356914e+16 8.322943447846251e+16 8.18797053609745e+16 8.036970185799446e+16 7.865525326674294e+16 7.750401171343008e+16 7.667474156484501e+16 7.532203414822262e+16 7.433547352653318e+16 7.269919537466509e+16 7.147896509531087e+16 7.082014030313232e+16 7.012191209448654e+16 6.937655509210628e+16 6.857239369778368e+16 6.769158292716502e+16 6.555508691111439e+16 6.412492768197794e+16 6.203846749090072e+16
25950.003635515095 9.312125568421837e+16 9.187992208131645e+16 9.051910128116216e+16 8.901087872745627e+16 8.730569455009682e+16 8.534270395323526e+16 8.302153613508613e+16 8.167822218802578e+16 8.017214071463594e+16 7.846077339688285e+16 7.730941500535533e+16 7.64795982340987e+16 7.51243415879494e+16 7.413486955641808e+16 7.249157204958234e+16 7.126513064199437e+16 7.0602902742136424e+16 6.990115002836445e+16 6.915226603440335e+16 6.834495927760638e+16 6.746152518096748e+16 6.532470814953293e+16 6.390130672285408e+16 6.184087601647809e+16
26050.003649524795 9.218407888972126e+16 9.098706544999688e+16 8.966592709038741e+16 8.819344624852062e+16 8.652814420768048e+16 8.46117675790518e+16 8.23402050272404e+16 8.102254598222667e+16 7.954267284399003e+16 7.785752747719875e+16 7.672284182048862e+16 7.590387370041298e+16 7.456471828757771e+16 7.358617798942416e+16 7.195938196108044e+16 7.074406922801407e+16 7.008762902874252e+16 6.9391782642961656e+16 6.864895816170105e+16 6.78479679183052e+16 6.697145218778123e+16 6.485203957185636e+16 6.3441985395609384e+16 6.140651691149753e+16
26150.003663534495 9.067800122163525e+16 8.953439774200683e+16 8.826340333451758e+16 8.684762496197642e+16 8.52510778829308e+16 8.33988673635598e+16 8.119784544123195e+16 7.991888934844613e+16 7.848207404300125e+16 7.684497417963192e+16 7.574291512877712e+16 7.49475794253548e+16 7.364737914004776e+16 7.269717524384432e+16 7.111776837963825e+16 6.993751559827351e+16 6.9299525338983864e+16 6.8622800731961496e+16 6.789968517336524e+16 6.71191158699492e+16 6.626362101147976e+16 6.418950325707288e+16 6.2805229921768376e+16 6.079993487328186e+16
26250.003677544195 8.563145562946613e+16 8.480266100862482e+16 8.385921752148918e+16 8.27962570991395e+16 8.15600173076927e+16 8.010076237930734e+16 7.832661463705886e+16 7.72762391013791e+16 7.608030073152474e+16 7.469958347776466e+16 7.375850111195218e+16 7.307421138717534e+16 7.194613945611799e+16 7.1113595912460264e+16 6.971433325548623e+16 6.865485599944678e+16 6.8076970676860264e+16 6.745993898606559e+16 6.6796079014496184e+16 6.607414745106987e+16 6.527695414179032e+16 6.332086687091325e+16 6.199969407364833e+16 6.006758166896057e+16
26350.003691553797 8.877307422825005e+16 8.766515608668475e+16 8.643929599643346e+16 8.506658410782154e+16 8.351018617908536e+16 8.170298498702458e+16 7.95514954648251e+16 7.83009474763835e+16 7.68962570418454e+16 7.529628724983781e+16 7.421897999044584e+16 7.344174698197952e+16 7.217260970031358e+16 7.124535585851589e+16 6.9705601911786376e+16 6.855632111614025e+16 6.79354666411261e+16 6.72774955197738e+16 6.6574993423919704e+16 6.5817140871994824e+16 6.498726045820246e+16 6.297731976305728e+16 6.163721663836291e+16 5.9698290338113496e+16
26450.003705563493 8.800300970303099e+16 8.684879291737736e+16 8.55816777679964e+16 8.417514876128442e+16 8.258708258374496e+16 8.076518821434038e+16 7.861029096478074e+16 7.73636721338552e+16 7.59694812221535e+16 7.438795911911842e+16 7.33267705527094e+16 7.256259353931877e+16 7.131725174023905e+16 7.0409281301677496e+16 6.8904700430355384e+16 6.7783658804757304e+16 6.7178616364001816e+16 6.653768611480361e+16 6.585349960317672e+16 6.511551817516119e+16 6.430734079998409e+16 6.23491083574432e+16 6.1042505085496696e+16 5.915053784020269e+16
26550.003719573197 8.724497710645669e+16 8.609820171991562e+16 8.483521052085734e+16 8.34371911493273e+16 8.186301880399978e+16 8.00515789161183e+16 7.791163012574331e+16 7.667278585310194e+16 7.52882806470881e+16 7.371542182199547e+16 7.26598104187979e+16 7.1900064922489896e+16 7.066094580018319e+16 6.9758024515414e+16 6.826104786329803e+16 6.714545164446314e+16 6.65435499694454e+16 6.590582632481088e+16 6.522509778904591e+16 6.449095249616241e+16 6.36869695255909e+16 6.1738764712171736e+16 6.0438280998864456e+16 5.855262448645476e+16
26650.003733582893 8.585768768486922e+16 8.474705148639982e+16 8.352797862825614e+16 8.217343641452395e+16 8.064173072004258e+16 7.888051061727437e+16 7.679952596451677e+16 7.559682753221962e+16 7.424817551145995e+16 7.27184210506569e+16 7.1691114384512456e+16 7.095211886945028e+16 6.97469833071106e+16 6.886801582197867e+16 6.7410969189502456e+16 6.632449763910137e+16 6.573770577978497e+16 6.511575066206786e+16 6.4451545935786856e+16 6.373464653479435e+16 6.294872401951908e+16 6.10409519355567e+16 5.9764598153178456e+16 5.7909406471583784e+16
26750.003747592596 8.520205604546933e+16 8.412476846919358e+16 8.293530185259189e+16 8.162094780451632e+16 8.012931983248622e+16 7.841290405484254e+16 7.638320154029278e+16 7.520728724183347e+16 7.38899558072823e+16 7.239104640247878e+16 7.138405639203107e+16 7.065779811987693e+16 6.947332563723283e+16 6.86082542002062e+16 6.717247238468252e+16 6.610000381191154e+16 6.5520203301766296e+16 6.490495245961012e+16 6.4247321490548536e+16 6.353672698385551e+16 6.275727180553572e+16 6.0864872207363544e+16 5.9601678586844616e+16 5.777633424935268e+16
26850.003761602296 8.499842004835317e+16 8.390401290436562e+16 8.270141092659034e+16 8.135705948467533e+16 7.985290303089498e+16 7.811382464856726e+16 7.605132750739795e+16 7.485657667114006e+16 7.351753823846422e+16 7.199430020839808e+16 7.09705355247797e+16 7.023299283084054e+16 6.902971238505895e+16 6.815149624887969e+16 6.6695516089858024e+16 6.560982529646633e+16 6.502390776431928e+16 6.440316318181907e+16 6.374057398438542e+16 6.302610138913311e+16 6.224395417599721e+16 6.035106254107902e+16 5.909134811239947e+16 5.727472187974156e+16
26950.003775611993 8.42335300323372e+16 8.31150609731358e+16 8.190945422960627e+16 8.057275530657632e+16 7.905676008734914e+16 7.731789161077978e+16 7.525957709995152e+16 7.406820905991365e+16 7.27358223831719e+16 7.122287021055095e+16 7.020717268176212e+16 6.947623484621861e+16 6.828436789604487e+16 6.7415839909888696e+16 6.597687740142426e+16 6.490532940063699e+16 6.432723663543725e+16 6.371492782350388e+16 6.3061619030517304e+16 6.235713168782365e+16 6.158591381167499e+16 5.971886598847104e+16 5.847493925667703e+16 5.667659595318387e+16
27050.003789621696 8.337796312714184e+16 8.228785129709387e+16 8.109874587328445e+16 7.976035199892446e+16 7.827272565408598e+16 7.655376577899893e+16 7.452378013135197e+16 7.33499870096928e+16 7.203797634008497e+16 7.054823798212939e+16 6.954845938032292e+16 6.882941149462232e+16 6.765729702637728e+16 6.680314787165003e+16 6.538811658345784e+16 6.433455324012865e+16 6.376608713163832e+16 6.316393267427953e+16 6.252135124999065e+16 6.182849446618679e+16 6.106986477312831e+16 5.923316058600029e+16 5.8010001462720456e+16 5.6244515327133784e+16
27150.003803631393 8.248386176441e+16 8.140987106714237e+16 8.023384176906403e+16 7.892366969924126e+16 7.744427039692552e+16 7.57473251503667e+16 7.374418937467805e+16 7.258522589734971e+16 7.129010077393114e+16 6.982066381586393e+16 6.883598936818124e+16 6.812806145102367e+16 6.697380095641228e+16 6.613349385743043e+16 6.474209966162507e+16 6.370638911619807e+16 6.314773568083209e+16 6.255612000982803e+16 6.1924740963956264e+16 6.124377820087547e+16 6.049811731569345e+16 5.869209334265852e+16 5.748866207340527e+16 5.575069707031206e+16
27250.003817641096 8.167196825607389e+16 8.060610329590453e+16 7.943615866008112e+16 7.814637955600355e+16 7.668864110505203e+16 7.500985643884712e+16 7.303143946679627e+16 7.1887304634121816e+16 7.060857007760168e+16 6.91575302662592e+16 6.8184886080121544e+16 6.7486236557257944e+16 6.63478173343456e+16 6.5518922187149704e+16 6.414701076788959e+16 6.312602896571126e+16 6.257545731343433e+16 6.199224156090982e+16 6.136992659040104e+16 6.0698826503537e+16 5.996394598312107e+16 5.818402548470283e+16 5.699829295554061e+16 5.528701580801564e+16
27350.003831650796 8.086395744161414e+16 7.98183740050775e+16 7.866531442692997e+16 7.738755018244963e+16 7.594604512135802e+16 7.429465201985434e+16 7.233818301828477e+16 7.12078920548477e+16 6.994371433407725e+16 6.850872574243837e+16 6.754682946720153e+16 6.6855407390606376e+16 6.572867638891876e+16 6.490853223254803e+16 6.355065995041027e+16 6.253975387264922e+16 6.199461785742707e+16 6.141699974769461e+16 6.0800483377633784e+16 6.013542454137262e+16 5.940692371500092e+16 5.764133781173531e+16 5.646392695393347e+16 5.476148995213721e+16
27450.003845660493 8.010737479748371e+16 7.907716895890451e+16 7.795349999705326e+16 7.670490743248773e+16 7.529370841237003e+16 7.366440862412568e+16 7.1738366472263144e+16 7.062429967352645e+16 6.937672979229999e+16 6.796064269976952e+16 6.701009012050353e+16 6.632603501498139e+16 6.52118145502997e+16 6.439999349856727e+16 6.305622180113596e+16 6.205567179414855e+16 6.151608339831749e+16 6.094450462987668e+16 6.033454059190743e+16 5.967657985856208e+16 5.8956035230672264e+16 5.721081866354586e+16 5.604860390015985e+16 5.437248085541654e+16
27550.003859670094 7.83372520050726e+16 7.738990306882944e+16 7.632488981066994e+16 7.515514532252258e+16 7.382771554626326e+16 7.229512764831482e+16 7.048175521893036e+16 6.942951448116126e+16 6.824980163402303e+16 6.691008387631136e+16 6.601034899801055e+16 6.536287531375173e+16 6.430755394046655e+16 6.35381974249867e+16 6.226226765473131e+16 6.131003391857607e+16 6.07952173511931e+16 6.024880462592802e+16 5.966426699052401e+16 5.903208555972133e+16 5.833784327487198e+16 5.6648690813859576e+16 5.551894989044137e+16 5.388454111244563e+16
27650.003873679794 7.798720674671037e+16 7.701642086757376e+16 7.595438932299234e+16 7.477202604588923e+16 7.343199671790629e+16 7.188293470782291e+16 7.004819579455163e+16 6.898310684074067e+16 6.77913684554841e+16 6.643826504902829e+16 6.5529336209888616e+16 6.4875940465631544e+16 6.3810515589834344e+16 6.3034559879268e+16 6.174925868008197e+16 6.079124771361531e+16 6.027419602832653e+16 5.9726139833567736e+16 5.914078966804673e+16 5.8508624083779496e+16 5.7815504782890904e+16 5.613336463494997e+16 5.50105752990116e+16 5.3387660332282664e+16
27750.003887689494 7.762317532783216e+16 7.663495674561126e+16 7.554251266293146e+16 7.432473156254694e+16 7.295305625997445e+16 7.137745360408206e+16 6.951632054940265e+16 6.843973733292822e+16 6.723765670292227e+16 6.587499508800012e+16 6.496311898430885e+16 6.43078759870075e+16 6.324154170001731e+16 6.2466090546097976e+16 6.1184481932032456e+16 6.0231603209325736e+16 5.971786848672853e+16 5.917378256297605e+16 5.859307169425508e+16 5.796663656883755e+16 5.728013455237652e+16 5.561557003245594e+16 5.4504915211461944e+16 5.289861825698246e+16
27850.003901699198 7.6940974402384e+16 7.594556673854536e+16 7.48550939658026e+16 7.364811457451986e+16 7.22912138790943e+16 7.072682215294641e+16 6.888161118124325e+16 6.781770870164418e+16 6.662552835852451e+16 6.5278421347412984e+16 6.437658924535314e+16 6.372910248532232e+16 6.267598573451358e+16 6.191022594295937e+16 6.06451135358611e+16 5.970457130874548e+16 5.919767731173876e+16 5.8660849082719656e+16 5.808790395996196e+16 5.746983696057136e+16 5.6792605412452056e+16 5.515046849118472e+16 5.4055081687549736e+16 5.247196471731213e+16
27950.003915708894 7.629302649361197e+16 7.531048311346376e+16 7.42355291913125e+16 7.304160290157126e+16 7.169251880470429e+16 7.014511072174235e+16 6.831890150382668e+16 6.726415638422666e+16 6.608627720890986e+16 6.475217323495006e+16 6.3858019398851016e+16 6.32163743628044e+16 6.217224625607408e+16 6.141311781290879e+16 6.0158022278301224e+16 5.92255093860869e+16 5.872271229239405e+16 5.8190391856780424e+16 5.762227587409137e+16 5.700943852615996e+16 5.633813456798285e+16 5.471115650292334e+16 5.3626925130978e+16 5.2062475607870056e+16
28050.003929718594 7.552112063715797e+16 7.455440609495846e+16 7.348047151308362e+16 7.22986251050389e+16 7.096525897159832e+16 6.943881346711652e+16 6.763354475394076e+16 6.659141452915482e+16 6.542868953164206e+16 6.411103411063125e+16 6.3229652289339496e+16 6.259644907682691e+16 6.156714950518255e+16 6.081904113403798e+16 5.958276724596315e+16 5.866401284343342e+16 5.816887645582381e+16 5.7644490593299496e+16 5.70848522475292e+16 5.648103216083091e+16 5.58194200211732e+16 5.421520791634075e+16 5.314539010363786e+16 5.160027891216978e+16
28150.003943728298 7.481921627829018e+16 7.385081889225091e+16 7.279765073348352e+16 7.1637244458833256e+16 7.031732406718993e+16 6.880572625577016e+16 6.702124133141734e+16 6.599100352443617e+16 6.484050339905725e+16 6.353766614863694e+16 6.266556928945345e+16 6.2039551944346616e+16 6.102168753211417e+16 6.0281801429362456e+16 5.905901084772696e+16 5.8150241688852936e+16 5.766040786723264e+16 5.714164296724333e+16 5.658796536691997e+16 5.599057016871217e+16 5.533588567923596e+16 5.374807132061761e+16 5.268889715509398e+16 5.115858744965805e+16
28250.003957737994 7.4044960244064e+16 7.310531483011952e+16 7.206406237960462e+16 7.091404262210256e+16 6.961608557713046e+16 6.812171354480236e+16 6.6356676658850536e+16 6.534067423044926e+16 6.42038818565466e+16 6.2918494921201304e+16 6.2058655170905576e+16 6.144098525421657e+16 6.0437911919551464e+16 5.970890875367876e+16 5.8504796756098856e+16 5.7610318348337416e+16 5.7128131941962376e+16 5.661753800150289e+16 5.607249846368456e+16 5.54843700555103e+16 5.483974614433356e+16 5.32759111325678e+16 5.223245793120872e+16 5.072463025436278e+16
28350.003971747698 7.340607412081525e+16 7.247623705657098e+16 7.1443493864678376e+16 7.030759797025105e+16 6.902135961313415e+16 6.754757127900344e+16 6.580460445251478e+16 6.479821061277229e+16 6.367605210727583e+16 6.2405161826512616e+16 6.1554382332170344e+16 6.094416319051236e+16 5.9951728896349e+16 5.923017554212236e+16 5.803861821809258e+16 5.715306524802001e+16 5.6675888264639544e+16 5.6170276855791224e+16 5.563070530102997e+16 5.504840104564939e+16 5.441011627744966e+16 5.286193863707794e+16 5.182938779526662e+16 5.033905088102724e+16
28450.003985757394 7.248627639003339e+16 7.155968464524239e+16 7.054734721825807e+16 6.9424118747487064e+16 6.816025694812161e+16 6.6706163931732136e+16 6.499332444209728e+16 6.400362943629509e+16 6.290152282829797e+16 6.165468164759892e+16 6.08218223935002e+16 6.02241956043987e+16 5.925274543038164e+16 5.854804210490567e+16 5.738387899229208e+16 5.6519471487268616e+16 5.605348193229659e+16 5.555995838727749e+16 5.5032950189428744e+16 5.446409123192975e+16 5.3840401065284024e+16 5.232567744311375e+16 5.131373160663328e+16 4.9849577003968344e+16
28550.003999767094 7.187165095136682e+16 7.097146947138654e+16 6.997743292445785e+16 6.886429005361838e+16 6.762019858914405e+16 6.61850760913385e+16 6.448675097408872e+16 6.350650334788861e+16 6.241326592480487e+16 6.117520950641471e+16 6.034714899039487e+16 5.975294382606975e+16 5.878752942738113e+16 5.808625569340864e+16 5.692929625872756e+16 5.60699317406626e+16 5.560667933368367e+16 5.5116064951261704e+16 5.459231430701093e+16 5.402701575383014e+16 5.340721140932635e+16 5.19026628474581e+16 5.089809487519466e+16 4.944554585579661e+16
28650.004013776797 7.0883866820172056e+16 7.001715638498028e+16 6.907277277900286e+16 6.802061733575413e+16 6.682661344966139e+16 6.5442480238547384e+16 6.379693574085005e+16 6.284450441294212e+16 6.1777752330203e+16 6.0568346918614696e+16 5.97591474094068e+16 5.917792664718035e+16 5.82318081993158e+16 5.754432853466401e+16 5.640822273362582e+16 5.55632925118043e+16 5.510770527001538e+16 5.462480552100852e+16 5.4109053097667816e+16 5.3552062734728664e+16 5.294108242191376e+16 5.145669652260282e+16 5.04649580756948e+16 4.903035452382999e+16
28750.004027786395 6.9236691751873864e+16 6.842924901396727e+16 6.756360685204617e+16 6.657751995095484e+16 6.545900237304426e+16 6.416879144616062e+16 6.263588235640447e+16 6.175002695151288e+16 6.075463464435557e+16 5.9624799893023624e+16 5.886780313719644e+16 5.832288127093296e+16 5.743632589845357e+16 5.679059649212859e+16 5.57194136797577e+16 5.4919367146368216e+16 5.448622556279864e+16 5.402570587630223e+16 5.353233677227083e+16 5.2997349544096024e+16 5.240826753031981e+16 5.096885524992705e+16 5.000187013176379e+16 4.859735168342981e+16
28850.004041796095 6.971411933376404e+16 6.88381098861137e+16 6.7885236930177416e+16 6.68399085419326e+16 6.564779062179838e+16 6.426478442546442e+16 6.2634279620632344e+16 6.169355257053499e+16 6.06432776043558e+16 5.945490222552575e+16 5.866115143057086e+16 5.809066995121381e+16 5.7164981666365896e+16 5.649325366919432e+16 5.538477532159349e+16 5.4561619689549144e+16 5.411791436121781e+16 5.364794370457423e+16 5.314604852816623e+16 5.260408445605558e+16 5.200958629613052e+16 5.05650646112362e+16 4.9599603979131464e+16 4.820212255257731e+16
28950.00405580579 6.919790538396989e+16 6.832741251526763e+16 6.7368864361091176e+16 6.63132347463671e+16 6.511836808499501e+16 6.374047463324908e+16 6.2117584636057256e+16 6.118140395524103e+16 6.013724188991409e+16 5.895704444865426e+16 5.816875464253259e+16 5.760322236030294e+16 5.6685756411619656e+16 5.60199360769536e+16 5.4921378197333544e+16 5.4105793679833704e+16 5.366640047315479e+16 5.320085433118214e+16 5.270385825833768e+16 5.216705608929954e+16 5.157832103190676e+16 5.014804086807303e+16 4.919218060057202e+16 4.7808931402373304e+16
29050.004069815495 6.8532033777260296e+16 6.7666908082906536e+16 6.673218805372098e+16 6.567940319890764e+16 6.448692125862169e+16 6.312719971946196e+16 6.1522042877996536e+16 6.059418305887191e+16 5.956269342381613e+16 5.839658035336754e+16 5.7618724259372824e+16 5.7060294026014184e+16 5.615480982625901e+16 5.5497927949886744e+16 5.441442798093559e+16 5.361034145820028e+16 5.317690747998654e+16 5.2717918531221544e+16 5.22277604421478e+16 5.169832505008963e+16 5.111751368632319e+16 4.970591876112679e+16 4.876190366446795e+16 4.7394638839095336e+16
29150.004083825195 6.788523456152253e+16 6.703571125151471e+16 6.609573626158419e+16 6.506260915293908e+16 6.388752466580364e+16 6.254164427969431e+16 6.095711532784529e+16 6.004356578375086e+16 5.9025678961633656e+16 5.787545758608164e+16 5.7107131073505896e+16 5.655625773749247e+16 5.566326664250093e+16 5.501493432218907e+16 5.394605829608308e+16 5.315280063739894e+16 5.272516660793878e+16 5.227210147757406e+16 5.178815668609221e+16 5.126552415830795e+16 5.0692056107691464e+16 4.9297902039444136e+16 4.836553562081014e+16 4.701546725831937e+16
29250.004097834895 6.705663434090113e+16 6.621521946413381e+16 6.528139126505884e+16 6.425251340273097e+16 6.30966911271814e+16 6.176342656142552e+16 6.019957560151129e+16 5.9299107662938616e+16 5.829695194639469e+16 5.7167313189527064e+16 5.64136255456538e+16 5.587438355906366e+16 5.499998836720107e+16 5.43665983232416e+16 5.332282058948643e+16 5.254825726151629e+16 5.2131159323553464e+16 5.168900396708754e+16 5.121675673567322e+16 5.070653858347789e+16 5.01464406715205e+16 4.878307342905637e+16 4.786932090747012e+16 4.6541872194313464e+16
29350.004111844595 6.661989301215306e+16 6.577901966043388e+16 6.486446411543668e+16 6.384495331473727e+16 6.269713392429874e+16 6.137994277025265e+16 5.982464269123983e+16 5.892812432759566e+16 5.793048318776363e+16 5.680502062714231e+16 5.605372809950531e+16 5.551571516061365e+16 5.464274346749625e+16 5.401049113288088e+16 5.296811283030106e+16 5.219489957331077e+16 5.1778303044575224e+16 5.133698008343513e+16 5.0865699421389656e+16 5.0356653330345416e+16 4.979809684417362e+16 4.843993985839903e+16 4.7531248232018264e+16 4.621427019102362e+16
29450.00412585429 6.589266122758577e+16 6.507128132079625e+16 6.416064642618586e+16 6.315245637670581e+16 6.2015233021545784e+16 6.071513267240228e+16 5.917894395150065e+16 5.829793550676434e+16 5.731431220154305e+16 5.620657348935262e+16 5.546717903195197e+16 5.493819985216428e+16 5.408037508881956e+16 5.345889316264411e+16 5.2434669661258824e+16 5.1675084870657016e+16 5.126582874842594e+16 5.0832198785956344e+16 5.0368947489347416e+16 4.9868503036494536e+16 4.9319118635822824e+16 4.798204410869805e+16 4.70861852618513e+16 4.578525334186353e+16
29550.004139863995 6.5373264506971976e+16 6.4566043156442456e+16 6.36604185815133e+16 6.2663852262664776e+16 6.154112110595336e+16 6.02503613998426e+16 5.87286320884004e+16 5.7854608277626696e+16 5.687914858239619e+16 5.578012640697482e+16 5.504658288921803e+16 5.452177100067437e+16 5.3669981533999896e+16 5.305301287920642e+16 5.203675792373563e+16 5.128289100513277e+16 5.087671778275128e+16 5.044642646812172e+16 4.99868066989269e+16 4.949025586647977e+16 4.894519559783941e+16 4.761919013493169e+16 4.673132523490845e+16 4.544319919910204e+16
29650.004153873695 6.478476913734411e+16 6.3974031775656264e+16 6.308124543414746e+16 6.208813977434321e+16 6.097900187641081e+16 5.97011106324287e+16 5.819674893244532e+16 5.7329506026151016e+16 5.636626326042228e+16 5.5277583374930696e+16 5.455239144990816e+16 5.403371353219164e+16 5.31922897992101e+16 5.2582875764012984e+16 5.1578681286357784e+16 5.083400779617701e+16 5.0432769941541256e+16 5.0007644442309304e+16 4.955369976931616e+16 4.9063153188925176e+16 4.8524740164175944e+16 4.72146013698254e+16 4.6337170072542504e+16 4.506382790471967e+16
29750.004167883395 6.4157103335245784e+16 6.335155860204811e+16 6.2477943202117736e+16 6.150665164587937e+16 6.0408534171475896e+16 5.914622075336509e+16 5.7662007249445944e+16 5.680521633041572e+16 5.585238379200704e+16 5.477935170071511e+16 5.4063432606856824e+16 5.355178078843298e+16 5.272187072676623e+16 5.212049130613711e+16 5.113026251936209e+16 5.039602503036053e+16 5.000024836633297e+16 4.958093452172552e+16 4.913299152180116e+16 4.86489068541726e+16 4.81174809103764e+16 4.682374536829757e+16 4.595689160305873e+16 4.469846164919508e+16
29850.004181893095 6.358102795268847e+16 6.2787549634948456e+16 6.1914587800430024e+16 6.095182030275333e+16 5.9869478062230856e+16 5.86208268678579e+16 5.714941235902917e+16 5.630325261499809e+16 5.536271923725995e+16 5.430095536819617e+16 5.359325220693221e+16 5.3086688618431896e+16 5.226607259696086e+16 5.167156659811331e+16 5.069283929591994e+16 4.996695693996803e+16 4.957580164591468e+16 4.916133780096454e+16 4.871859335828769e+16 4.824017270653267e+16 4.7714836596162824e+16 4.643580927953604e+16 4.557874824188349e+16 4.433435723682281e+16
29950.0041959028 6.288471158097465e+16 6.210614047516759e+16 6.124961729108673e+16 6.029268734502741e+16 5.9219384944684536e+16 5.798506912014603e+16 5.653287218938888e+16 5.57008478097537e+16 5.477167350070778e+16 5.372716164220461e+16 5.303140495441174e+16 5.253370966460032e+16 5.172783355990741e+16 5.114403642379513e+16 5.018376970113122e+16 4.947179416195693e+16 4.908805702925224e+16 4.868148888769427e+16 4.824704876878753e+16 4.777740586946229e+16 4.7261604813051976e+16 4.6004712610287464e+16 4.516144735159993e+16 4.3934931932259576e+16
30050.004209912393 6.2328202633682904e+16 6.155101503535207e+16 6.0698130259414664e+16 5.975627561993506e+16 5.869003132749704e+16 5.746839860861193e+16 5.6034572218660584e+16 5.520847928888236e+16 5.429037796440061e+16 5.32565795998761e+16 5.256844494250439e+16 5.20757240488263e+16 5.127821720317428e+16 5.07012711379674e+16 4.975143410904248e+16 4.904761194424251e+16 4.866846175790492e+16 4.8266625316914584e+16 4.783712028784352e+16 4.7372848024931816e+16 4.686284686152049e+16 4.562005554122447e+16 4.478604668450643e+16 4.357239112357869e+16
30150.004223922097 6.180244508123979e+16 6.104354528439063e+16 6.020289618218484e+16 5.927096947969957e+16 5.822990729076517e+16 5.702374375996413e+16 5.560406366244666e+16 5.478769207303858e+16 5.387903617169015e+16 5.285533079697601e+16 5.217354508848246e+16 5.168575735595712e+16 5.089500155056767e+16 5.0323075582735416e+16 4.93813316846617e+16 4.868311096637906e+16 4.830676486578784e+16 4.790788953073316e+16 4.748173202540737e+16 4.702105631364219e+16 4.651490652935439e+16 4.528175697715195e+16 4.445463732644876e+16 4.325230684042171e+16
30250.004237931793 6.114864820152269e+16 6.04035984159739e+16 5.95785368189064e+16 5.8667872724529544e+16 5.764171572131998e+16 5.645099693946394e+16 5.50548590363289e+16 5.425174735028913e+16 5.335500228918655e+16 5.234720097766364e+16 5.1675103297358136e+16 5.119419070362422e+16 5.041587082460623e+16 4.9852530235498376e+16 4.892504079386435e+16 4.823750003877724e+16 4.786688979006546e+16 4.7474182342267624e+16 4.705438696310403e+16 4.6600534056268744e+16 4.610182542011548e+16 4.488623937849087e+16 4.407031123540678e+16 4.288305735228099e+16
30350.004251941496 5.947472304487843e+16 5.880096494330928e+16 5.8070188797523496e+16 5.725466175535419e+16 5.6329513340550824e+16 5.5255916131505624e+16 5.3980598487287704e+16 5.324134623207834e+16 5.2418608008397224e+16 5.1488218289310984e+16 5.086695884489595e+16 5.042192693454111e+16 4.96993746618882e+16 4.917379954319354e+16 4.83045820798183e+16 4.765600672255989e+16 4.730476450534183e+16 4.693124890143028e+16 4.653042067865258e+16 4.609548995205084e+16 4.561569360749126e+16 4.4438851748649544e+16 4.3643870975779816e+16 4.248070743490097e+16
30450.004265951196 5.949474111130899e+16 5.881954183226264e+16 5.808176882295781e+16 5.7239839543665496e+16 5.629682060003374e+16 5.5194669322402136e+16 5.38861494115083e+16 5.313027689042636e+16 5.2282610954081656e+16 5.132518101892312e+16 5.068562501780002e+16 5.0227775224051816e+16 4.948380202443271e+16 4.894387082902578e+16 4.805255739025895e+16 4.738942093919143e+16 4.703108849198664e+16 4.665081759693451e+16 4.624358435078437e+16 4.5802645609866056e+16 4.5317332062564824e+16 4.413171971948864e+16 4.333421836773744e+16 4.217131047152278e+16
30550.004279960893 5.950815162602974e+16 5.877446872933851e+16 5.798519038107136e+16 5.709705424237449e+16 5.609585077941446e+16 5.494230112473404e+16 5.3587646074316264e+16 5.280797228984011e+16 5.194158044315239e+16 5.0966338926940856e+16 5.03175756242676e+16 4.985358537359289e+16 4.91024626975285e+16 4.855916570656329e+16 4.766492818774985e+16 4.700242891049923e+16 4.664528036097848e+16 4.626674348290509e+16 4.586209717180204e+16 4.542457990376296e+16 4.494358993260657e+16 4.377018315215224e+16 4.298172323971947e+16 4.183267145731485e+16
30650.004293970596 5.890441596030525e+16 5.818524775353019e+16 5.739257236737822e+16 5.650377675957468e+16 5.551173889351432e+16 5.4378140099533304e+16 5.303949831470602e+16 5.226852226776645e+16 5.141434952514745e+16 5.045379203139183e+16 4.981560966006543e+16 4.935990665440689e+16 4.862161327643622e+16 4.808798548889848e+16 4.721022080128471e+16 4.655953790611501e+16 4.6208809317695464e+16 4.5836947292334936e+16 4.543943656805893e+16 4.500934236268223e+16 4.453642373761005e+16 4.338164005533651e+16 4.260475209806458e+16 4.14708829283223e+16
30750.004307980293 5.851478780087463e+16 5.780697990223527e+16 5.7016602644269464e+16 5.614532487327063e+16 5.515929823381449e+16 5.402647128600575e+16 5.269675808954874e+16 5.193051589972463e+16 5.107920295989726e+16 5.012223580029334e+16 4.948554003169052e+16 4.9030694373557656e+16 4.829464210680576e+16 4.7762510276753336e+16 4.688743920630137e+16 4.623890246047631e+16 4.588925378184288e+16 4.55187385099168e+16 4.5122588023594584e+16 4.4694084622362584e+16 4.422310069315986e+16 4.307399370742649e+16 4.230176610328728e+16 4.117636958041027e+16
30850.004321989993 5.7862310676246056e+16 5.715391672521415e+16 5.637402265802182e+16 5.55032422877549e+16 5.452603677206742e+16 5.3407439003848824e+16 5.209136998249424e+16 5.1337621660483416e+16 5.050111763645712e+16 4.955971434772189e+16 4.8935404724488536e+16 4.848949543808089e+16 4.776788349376153e+16 4.724682607062287e+16 4.639032684130058e+16 4.57556284369007e+16 4.541345131136248e+16 4.505087926358921e+16 4.4663112577157144e+16 4.4243593313240504e+16 4.378220358630875e+16 4.265543986285713e+16 4.189692267689497e+16 4.078844329330988e+16
30950.004335999696 5.735974370366119e+16 5.6653625012833016e+16 5.587789973552694e+16 5.502785216329404e+16 5.405648903376005e+16 5.295062324487212e+16 5.165132364477351e+16 5.090592728473818e+16 5.007648792635404e+16 4.914572740827445e+16 4.852844336200651e+16 4.808708145069288e+16 4.7374189880845496e+16 4.685840094562717e+16 4.601122236474748e+16 4.538322722342999e+16 4.504477836082218e+16 4.468588224257845e+16 4.430206789455505e+16 4.388675905396905e+16 4.342997844878656e+16 4.231414446715535e+16 4.156276342493523e+16 4.046446077849013e+16
31050.004350009393 5.694327512003025e+16 5.624069758126497e+16 5.547221011577033e+16 5.462575541410936e+16 5.3676063812871416e+16 5.2582475100430904e+16 5.129209876193167e+16 5.055382867731384e+16 4.973237922110791e+16 4.8809747342803624e+16 4.819652985650224e+16 4.775842886827785e+16 4.705001788187561e+16 4.653818907927071e+16 4.5696141156459896e+16 4.507210325901546e+16 4.473572235121709e+16 4.437891481684612e+16 4.399745943051629e+16 4.358461773528335e+16 4.3130615907858424e+16 4.20218849084597e+16 4.127591351384565e+16 4.0187169359869304e+16
31150.004364019096 5.598115731157723e+16 5.5312093111382616e+16 5.457424430669639e+16 5.374566788609584e+16 5.281179827345502e+16 5.174544487979739e+16 5.049371054656479e+16 4.977696572286997e+16 4.898332215998724e+16 4.8091855878139416e+16 4.750077040865916e+16 4.7078886235857384e+16 4.639713557769588e+16 4.59041805044616e+16 4.509364689760839e+16 4.449292030492978e+16 4.416880227126164e+16 4.38247663537924e+16 4.345657316717678e+16 4.3057713582821464e+16 4.261835755939879e+16 4.154242742149188e+16 4.081552834723555e+16 3.974918835896111e+16
31250.00437802869 5.587600964037393e+16 5.518501155775732e+16 5.444130408456e+16 5.3617597148608136e+16 5.2681366397178184e+16 5.160677266103334e+16 5.034898695725633e+16 4.962552032444012e+16 4.882363871180708e+16 4.7924796001725224e+16 4.732759114858295e+16 4.690026230677304e+16 4.6211021047514376e+16 4.571285780570118e+16 4.4893748138043816e+16 4.428689376423289e+16 4.3959632898318024e+16 4.361267980828022e+16 4.32414874396495e+16 4.283977689208122e+16 4.239784923689776e+16 4.131773652466846e+16 4.059019594278696e+16 3.952655526253196e+16
31350.004392038394 5.539486127917158e+16 5.470734312272333e+16 5.396831543858251e+16 5.315128232283074e+16 5.222511845053934e+16 5.116347727040682e+16 4.99132144772757e+16 4.9198201708797496e+16 4.840216470463691e+16 4.750917503956352e+16 4.691689615090677e+16 4.6494044970754696e+16 4.581082055932462e+16 4.531759972840639e+16 4.450680668452516e+16 4.39064648396734e+16 4.3582583153867144e+16 4.323924706036674e+16 4.287200948766342e+16 4.247444578099731e+16 4.2037085728026024e+16 4.0968177618075336e+16 4.024789374545347e+16 3.919388575235728e+16
31450.004406048094 5.492655432389048e+16 5.4255007873979e+16 5.351536198744276e+16 5.271271756143786e+16 5.179682330243527e+16 5.074372050896709e+16 4.951005719928977e+16 4.880208100951236e+16 4.8016084735904776e+16 4.713527811842306e+16 4.6549883686540216e+16 4.613242737070399e+16 4.545616799901736e+16 4.4968487251723256e+16 4.4166372803982056e+16 4.357229552341691e+16 4.325188918932149e+16 4.291216467179581e+16 4.2548734132271656e+16 4.215530796117136e+16 4.1722329039313736e+16 4.066414711186374e+16 3.995116228315084e+16 3.890842913718336e+16
31550.004420057794 5.423861094243528e+16 5.358036695366658e+16 5.285910833435401e+16 5.2060438805389416e+16 5.116216163633855e+16 5.013092885836595e+16 4.892149761182757e+16 4.8229919313044136e+16 4.7459730848539336e+16 4.659718327640739e+16 4.602473679274416e+16 4.561610795424141e+16 4.4956692370506056e+16 4.44807176111742e+16 4.369778778000199e+16 4.311784055367158e+16 4.280494866064704e+16 4.247304548166704e+16 4.2117908307737384e+16 4.173319150956561e+16 4.130960710984383e+16 4.0272710942384616e+16 3.957253041012951e+16 3.85457069835399e+16
31650.004434067494 5.3909430988271e+16 5.325329137972383e+16 5.254090454203366e+16 5.174318835925079e+16 5.084304959628759e+16 4.981398685507355e+16 4.860227249224103e+16 4.7910896883046456e+16 4.714121359894415e+16 4.6279588651482744e+16 4.570813984231859e+16 4.5300662390578664e+16 4.464228910667809e+16 4.416754458622733e+16 4.338769791079196e+16 4.281014072545664e+16 4.249876357713904e+16 4.216867620888133e+16 4.181542930298146e+16 4.143301358190673e+16 4.101217000313779e+16 3.99827683384725e+16 3.928851310128452e+16 3.8271326725495096e+16
31750.004448077198 5.339805056160046e+16 5.275658864941874e+16 5.203415042239263e+16 5.1258613439680856e+16 5.036875358537798e+16 4.935449200788386e+16 4.816177565923731e+16 4.7478645165752664e+16 4.672161788151692e+16 4.587331296932389e+16 4.531003544376669e+16 4.490877805866605e+16 4.4259821395825496e+16 4.379154275053269e+16 4.302244593512281e+16 4.245225359250028e+16 4.2144897201308216e+16 4.1818752210356376e+16 4.146980124856736e+16 4.109183445628703e+16 4.067563686059108e+16 3.965707528169893e+16 3.8969421602806904e+16 3.796105083085906e+16
31850.004462086894 5.298365190368797e+16 5.234061912035231e+16 5.16336975944515e+16 5.084503704122504e+16 4.996979150562139e+16 4.895967261247968e+16 4.7775024278361304e+16 4.709672363775649e+16 4.634334244227976e+16 4.54994913822255e+16 4.4940183224398904e+16 4.454164062129023e+16 4.389839657564741e+16 4.34338311093011e+16 4.26715595785503e+16 4.210689100287011e+16 4.180233316762406e+16 4.147937501927941e+16 4.1133798326213416e+16 4.075960084861978e+16 4.034762596413876e+16 3.9339465818503256e+16 3.865892246607394e+16 3.766068381849318e+16
31950.004476096594 5.2563568388959224e+16 5.192639097332995e+16 5.12347938501199e+16 5.046035131558049e+16 4.959254830490342e+16 4.858874462630529e+16 4.741846815796399e+16 4.674471079837331e+16 4.599917825925474e+16 4.516402789530401e+16 4.461007395086731e+16 4.421475495484942e+16 4.357644784960431e+16 4.311589862915645e+16 4.235944001293382e+16 4.17994231479075e+16 4.149726481492797e+16 4.117688629540861e+16 4.083398877308717e+16 4.046268860543962e+16 4.005386893428737e+16 3.9053692444214936e+16 3.8378779895118504e+16 3.738952603569156e+16
32100.004497111095 5.1786474556542e+16 5.116401400750459e+16 5.048089066581122e+16 4.9719890904277464e+16 4.886813347515237e+16 4.788856055798753e+16 4.673957200175452e+16 4.608154905375153e+16 4.5351394112356584e+16 4.4534362256608344e+16 4.399339990174213e+16 4.360747789530036e+16 4.298535660496734e+16 4.2536137894636616e+16 4.179784199687373e+16 4.125089743128309e+16 4.095593524442088e+16 4.0643044836170584e+16 4.030817879710094e+16 3.99452189992138e+16 3.954553144866039e+16 3.856651521983018e+16 3.790494660391514e+16 3.6933575419972136e+16
32300.00452513049 5.09341679119537e+16 5.033611706680589e+16 4.965335798802756e+16 4.890535234022546e+16 4.806308838374477e+16 4.709725825915698e+16 4.596631487647346e+16 4.531780826938551e+16 4.4600881337778856e+16 4.3798454495136296e+16 4.326663176257171e+16 4.2887702834704824e+16 4.227663184307884e+16 4.183601425281764e+16 4.111267067056096e+16 4.0576839383286536e+16 4.0287870205519256e+16 3.998137654696252e+16 3.965331540357175e+16 3.929791848588025e+16 3.890641813607816e+16 3.794754918976303e+16 3.729933773764288e+16 3.634652428990981e+16
32500.004553149894 5.004982449643185e+16 4.944255582640712e+16 4.878603335377813e+16 4.805708297460373e+16 4.722770777473882e+16 4.62846795720121e+16 4.517948871529761e+16 4.454557801744827e+16 4.384632198936084e+16 4.30622543052989e+16 4.254277588679649e+16 4.217379566737823e+16 4.15782741575945e+16 4.1148617173316616e+16 4.044364101597808e+16 3.992167290182611e+16 3.963995918931674e+16 3.934110216217884e+16 3.902118644361364e+16 3.867444924090483e+16 3.8292367709529e+16 3.735608457451818e+16 3.67226914702367e+16 3.579096701424754e+16
32700.004581169294 4.916341693291985e+16 4.8577445885406024e+16 4.793970992278091e+16 4.721869755045553e+16 4.641993331668248e+16 4.549279950216679e+16 4.441166419914438e+16 4.3792964022563864e+16 4.3106832481842024e+16 4.234157495546994e+16 4.183491001951697e+16 4.1473941287497176e+16 4.089149791636533e+16 4.047212013968794e+16 3.978372161625627e+16 3.927385620712441e+16 3.899872450386048e+16 3.870689546229685e+16 3.8394235214634696e+16 3.805543616576046e+16 3.768199967546224e+16 3.6766379009733624e+16 3.614649665867612e+16 3.5233641205296972e+16
32900.00460918869 4.7496529879785544e+16 4.6983276367542456e+16 4.6425473631820104e+16 4.579425073221222e+16 4.507982411462096e+16 4.4254712718718536e+16 4.327535283698328e+16 4.27148528324761e+16 4.209120978572506e+16 4.1390956024036184e+16 4.092552663091996e+16 4.059313083399493e+16 4.005555736559885e+16 3.966621357667453e+16 3.9023053758581304e+16 3.85437804319561e+16 3.828381785618286e+16 3.800715499998879e+16 3.770989004688473e+16 3.738658727048605e+16 3.70290380141075e+16 3.614775382774448e+16 3.5547677889562428e+16 3.4659431442125308e+16
33100.004637207996 4.7321936053639144e+16 4.677855765313966e+16 4.6173975382448904e+16 4.550420793420808e+16 4.474682618834733e+16 4.3879944089297256e+16 4.285840770477851e+16 4.227477087840697e+16 4.162833961491202e+16 4.0904695552877944e+16 4.042540237420663e+16 4.008470992444729e+16 3.953489221467854e+16 3.913821049980272e+16 3.848697639404266e+16 3.800414803419909e+16 3.7743428033274904e+16 3.74663647211103e+16 3.7169524716412536e+16 3.684752608788214e+16 3.6492202747777416e+16 3.561942018944699e+16 3.502715450280747e+16 3.4152539712417616e+16
33300.004665227396 4.656781469279145e+16 4.601361699585227e+16 4.5414274837662376e+16 4.474059615259672e+16 4.398584434038767e+16 4.312775899444049e+16 4.2115716559845384e+16 4.153972524622135e+16 4.090315420077172e+16 4.019359019669275e+16 3.9724414903760024e+16 3.9390297132876664e+16 3.885279935530878e+16 3.846557571158478e+16 3.782988517380129e+16 3.7358590651621144e+16 3.710436964529958e+16 3.683429010868449e+16 3.654470532912349e+16 3.6230592282561656e+16 3.5883985296759984e+16 3.5031844848705412e+16 3.4452718116647188e+16 3.3595678740803892e+16
33500.004693246796 4.592433252559983e+16 4.537971190104396e+16 4.478182878924901e+16 4.41179632177337e+16 4.33681975749551e+16 4.251633602607916e+16 4.151813933664338e+16 4.094846241147271e+16 4.0321326953016e+16 3.961984082516671e+16 3.9157096170671256e+16 3.882788694033378e+16 3.829755159848311e+16 3.791563097123722e+16 3.728937222339571e+16 3.68252920835915e+16 3.657493922070505e+16 3.630896261657398e+16 3.602381800288962e+16 3.571457547983353e+16 3.537339376443028e+16 3.453506239253189e+16 3.3965738982203668e+16 3.312388722392824e+16
33700.004721266196 4.509156664991253e+16 4.455808534544369e+16 4.398325244387711e+16 4.3332767520929976e+16 4.260624550891816e+16 4.177502706149295e+16 4.0801684134333416e+16 4.0245711545420696e+16 3.963471241546729e+16 3.8952027138043224e+16 3.8501421436140536e+16 3.818128812179097e+16 3.766595809892337e+16 3.7294314196767784e+16 3.668527150342031e+16 3.623370863226944e+16 3.598980423563651e+16 3.5730855924889188e+16 3.5453133470809284e+16 3.5151695758153416e+16 3.4818985338440132e+16 3.4000601244385984e+16 3.3444151406485772e+16 3.2620151975334644e+16
33900.004749285596 4.428044872890351e+16 4.376277956103107e+16 4.319171014644188e+16 4.255740484658518e+16 4.184344041597495e+16 4.102513509161957e+16 4.0076047222905864e+16 3.953292246379117e+16 3.893466934487331e+16 3.826845565985048e+16 3.782939289422947e+16 3.751697655434557e+16 3.701452592845413e+16 3.665304510215399e+16 3.605944867430751e+16 3.5619562578953732e+16 3.538191299174954e+16 3.512949045398551e+16 3.485880108617657e+16 3.4564880145769056e+16 3.4240319858481228e+16 3.3441207296548692e+16 3.2896808782455616e+16 3.2088513099469264e+16
34100.004777304996 4.351176636818702e+16 4.299858527280932e+16 4.2440492244482376e+16 4.181648665803541e+16 4.112053887351337e+16 4.0324936620861896e+16 3.939641554817763e+16 3.886782744406954e+16 3.8286024710893544e+16 3.763607190929847e+16 3.720888672574149e+16 3.690486594347616e+16 3.641607374223348e+16 3.606397311890378e+16 3.548654372355603e+16 3.505842991671632e+16 3.482705914559014e+16 3.4581210576525972e+16 3.431745588057097e+16 3.4030986699624812e+16 3.3714469246030068e+16 3.2934601268864468e+16 3.2402794353146976e+16 3.1612440539303924e+16
34300.004805324395 4.295959546960576e+16 4.245328616050822e+16 4.1902708667623096e+16 4.129545979443936e+16 4.060700081528662e+16 3.981552183204593e+16 3.889392919869272e+16 3.83691994875066e+16 3.779187988824099e+16 3.7148566112854424e+16 3.672493118799942e+16 3.642361752286751e+16 3.5938660069893584e+16 3.5589571678657732e+16 3.501736637193447e+16 3.459329322621558e+16 3.4364170846065e+16 3.4120715605800524e+16 3.3859703270964776e+16 3.357624482201272e+16 3.3263238385706064e+16 3.249280398325513e+16 3.1968292013782416e+16 3.1190137021570724e+16
34500.00483334369 4.22921006966899e+16 4.180326895894879e+16 4.125468568679886e+16 4.065073114122398e+16 3.997174804853987e+16 3.920019052705349e+16 3.829416938958605e+16 3.777766363948315e+16 3.720842807171833e+16 3.657583884516795e+16 3.615857370973006e+16 3.5862362204950724e+16 3.538557194248633e+16 3.5042731458594504e+16 3.448045447352488e+16 3.4063737613808944e+16 3.3838680737893316e+16 3.3599630703686332e+16 3.3343279130029348e+16 3.306492562053478e+16 3.2757544888221548e+16 3.200090311766774e+16 3.1485550379506076e+16 3.0720232993914336e+16
34700.00486136309 4.159066447085563e+16 4.1104084015030904e+16 4.05730781476556e+16 3.998337027054091e+16 3.931670367876135e+16 3.855854731254354e+16 3.767100312645273e+16 3.71665240571166e+16 3.661116000956065e+16 3.5993208287700676e+16 3.5585804377053884e+16 3.52963135428734e+16 3.483142490556513e+16 3.4496959008968452e+16 3.39484059278287e+16 3.354181203470043e+16 3.3322232875231436e+16 3.308883280254764e+16 3.2838563251761004e+16 3.256667186806081e+16 3.2266373497315264e+16 3.152673865962264e+16 3.102260699715554e+16 3.0273370094897348e+16
34900.00488938249 4.094268144716727e+16 4.046560207880471e+16 3.993504062524754e+16 3.935267393212448e+16 3.870019688855736e+16 3.795463534012992e+16 3.708497381863793e+16 3.659059782771361e+16 3.604551163780246e+16 3.543917215150798e+16 3.5040601556747324e+16 3.4757426229136908e+16 3.4302020796330336e+16 3.3974503425543204e+16 3.343757596950761e+16 3.3039529491667344e+16 3.2824360650337924e+16 3.259579314063095e+16 3.235049481963041e+16 3.208411263023447e+16 3.1789813004126424e+16 3.106465251047997e+16 3.0570184814151736e+16 2.983488360038555e+16
35100.00491740189 4.028015169223546e+16 3.981081583524846e+16 3.929954747375824e+16 3.8728175167631e+16 3.808708754247685e+16 3.735290719145308e+16 3.649984859267977e+16 3.6014734430740772e+16 3.548106583388821e+16 3.4886813490129148e+16 3.449556681307683e+16 3.421823444496484e+16 3.377232712295765e+16 3.345143841692899e+16 3.2925730625480536e+16 3.2535737484202824e+16 3.232512236410103e+16 3.210115727540363e+16 3.1860962296450564e+16 3.159997097914337e+16 3.131154448887071e+16 3.060067307481599e+16 3.01155586027357e+16 2.939338585296523e+16
35300.00494542129 3.958440447242294e+16 3.9119741774826376e+16 3.861547090801122e+16 3.8056700558956264e+16 3.742756077785749e+16 3.6711230823195464e+16 3.5877041754348e+16 3.5403596961988416e+16 3.4882460452447744e+16 3.4302522140867156e+16 3.3921713206169416e+16 3.3651440191141372e+16 3.321722069156714e+16 3.290510556708426e+16 3.2393088980735816e+16 3.201366365870724e+16 3.180851044326336e+16 3.1590383629099748e+16 3.1356298589797692e+16 3.1101851113534452e+16 3.082055276710658e+16 3.0126515773049024e+16 2.9652051606690836e+16 2.894410309306961e+16
35500.00497344069 3.899391799805702e+16 3.854993423554972e+16 3.805127350136686e+16 3.7501816053594936e+16 3.688609073854236e+16 3.618186085538027e+16 3.536125207408067e+16 3.489575965155017e+16 3.438326184302055e+16 3.3814628679887364e+16 3.344061982999542e+16 3.317515287776453e+16 3.274860333819886e+16 3.2442057371270668e+16 3.193932580509472e+16 3.1566330881837348e+16 3.1364806156397816e+16 3.11504314456658e+16 3.09203659811288e+16 3.0670328197888276e+16 3.0393904002295212e+16 2.9711903383322916e+16 2.9245877317276864e+16 2.8550997578072052e+16
35700.00500145999 3.8332947576839944e+16 3.7880743009653576e+16 3.740087422720325e+16 3.686325584783251e+16 3.626029763008776e+16 3.5569955715493936e+16 3.4767612140131884e+16 3.4313415583612536e+16 3.3813657666666692e+16 3.325831258491301e+16 3.2893404860445536e+16 3.263458565340475e+16 3.2218848936843104e+16 3.192024199925582e+16 3.1430159892932184e+16 3.1066488867994744e+16 3.0869926466653636e+16 3.0660791010325196e+16 3.0436302258863396e+16 3.019224260936224e+16 2.9922240943714964e+16 2.9255424682298588e+16 2.879901071648716e+16 2.8116910166581404e+16
35900.00502947939 3.772741684514857e+16 3.729043938034282e+16 3.681317082770669e+16 3.628704141998856e+16 3.569089635806736e+16 3.501490996604928e+16 3.4225830701992236e+16 3.3779704589694536e+16 3.3289062526086492e+16 3.2744696304566092e+16 3.238768168778141e+16 3.2134186347580876e+16 3.1727435936748504e+16 3.1434983496580932e+16 3.095547273076886e+16 3.0599739090495612e+16 3.0407391606040516e+16 3.020279119624087e+16 2.9983064802472412e+16 2.9744123515636452e+16 2.9479844091510212e+16 2.882679262655753e+16 2.8379447333276716e+16 2.771015568689735e+16
36100.0050574988 3.721041522623341e+16 3.678315488583298e+16 3.6311429517053464e+16 3.5792372833570036e+16 3.520903716972233e+16 3.4541786439535896e+16 3.3769274826403776e+16 3.332967257611863e+16 3.2846142343528316e+16 3.2310279390652744e+16 3.1958709766664612e+16 3.1708234944817748e+16 3.1307454003487284e+16 3.101907172550579e+16 3.054617028471967e+16 3.019549425442813e+16 3.0005861169218068e+16 2.980411176665952e+16 2.9587401096984816e+16 2.935176081926974e+16 2.9091149113194256e+16 2.844751029151608e+16 2.800702677382059e+16 2.7348945817480644e+16
36300.00508551819 3.661800089621414e+16 3.619652117618896e+16 3.574053678907602e+16 3.5229267488330396e+16 3.4653935714492292e+16 3.3999569500796424e+16 3.324021945803573e+16 3.2808357021022164e+16 3.233493910644388e+16 3.1809893066795476e+16 3.1465338442543676e+16 3.1221089993606944e+16 3.0828840825631764e+16 3.0546600596158376e+16 3.0084206822200228e+16 2.974101653389888e+16 2.9555371850028716e+16 2.9357850569715148e+16 2.914575929678403e+16 2.8915137415677028e+16 2.8659958355015924e+16 2.8029364702570348e+16 2.7597408354026744e+16 2.6951133366954012e+16
36500.00511353759 3.5931412419343116e+16 3.55227205529684e+16 3.5067138881613508e+16 3.456554796223016e+16 3.4004272698574468e+16 3.3366432448346644e+16 3.262661476608749e+16 3.2208784125874732e+16 3.1749596551842852e+16 3.124179365916013e+16 3.090911858485219e+16 3.0673170992065212e+16 3.0294502204702548e+16 3.0022312845476972e+16 2.957617858780723e+16 2.924508995397681e+16 2.9065884526994332e+16 2.887512404543122e+16 2.86702019184237e+16 2.8447094715453764e+16 2.8200106397423904e+16 2.7588595171036676e+16 2.716847500614938e+16 2.6537645662760788e+16
36700.00514155699 3.5357160693827544e+16 3.495740823796585e+16 3.4515624041346096e+16 3.4025593215658624e+16 3.3477059468348868e+16 3.2852582438907892e+16 3.2129704760697036e+16 3.1719857597151916e+16 3.1271377603851628e+16 3.077523397293675e+16 3.0448812426646308e+16 3.0218107682972e+16 2.984715436491021e+16 2.958123584701333e+16 2.9144134139585624e+16 2.8819578283548556e+16 2.864394450254244e+16 2.8456831827505536e+16 2.8255783061889764e+16 2.803688000186459e+16 2.779446323686083e+16 2.7193834617731508e+16 2.678082758128915e+16 2.6160173856253444e+16
36900.005169576296 3.4696650332642108e+16 3.4298378653295496e+16 3.386602918525614e+16 3.3393823057128416e+16 3.2858001505567324e+16 3.224912441573966e+16 3.1546536373725884e+16 3.115020079492736e+16 3.071588297125047e+16 3.023539248724898e+16 2.9921069801489932e+16 2.9698157523743764e+16 2.9340433901769976e+16 2.908321858602029e+16 2.8661463765453256e+16 2.8347968046067356e+16 2.817808022874796e+16 2.7997213635220612e+16 2.7802586964015996e+16 2.7590564528033004e+16 2.7355570871143756e+16 2.6772240676399948e+16 2.637002819239165e+16 2.5763507671964588e+16
37100.005197595696 3.419032504334869e+16 3.3802862801805636e+16 3.3375990472078736e+16 3.290277187527799e+16 3.237458470554236e+16 3.177667612158659e+16 3.108137412694312e+16 3.068956209104267e+16 3.026195595771978e+16 2.9788479117903068e+16 2.9478925552229452e+16 2.925981256205959e+16 2.8908079171141536e+16 2.8655583924681864e+16 2.8241432590960244e+16 2.7933800152659684e+16 2.7767074024437724e+16 2.7589579762319692e+16 2.7398642161535184e+16 2.719064154822149e+16 2.6960098486994148e+16 2.6387878997323284e+16 2.599308865565883e+16 2.5396981536167884e+16
37300.005225615096 3.3545007861384756e+16 3.319595188358708e+16 3.2798870552017304e+16 3.2356646069940624e+16 3.186022091872557e+16 3.1295275134693736e+16 3.0632877653437724e+16 3.0258546921413604e+16 2.9846867435031364e+16 2.938956123113422e+16 2.9089329562715584e+16 2.8876225420505764e+16 2.8533452634093068e+16 2.828660644071875e+16 2.7880334521152644e+16 2.7577859819697612e+16 2.7413804832537624e+16 2.72388840366778e+16 2.705057409546211e+16 2.6845391049661564e+16 2.661782389985484e+16 2.605275809029051e+16 2.5663027600214444e+16 2.5075184053074344e+16
37500.005253634496 3.268759590194031e+16 3.2345841958011852e+16 3.1969167075828564e+16 3.154789450418266e+16 3.1078567198038216e+16 3.054286740451645e+16 2.992029338557323e+16 2.95682997789092e+16 2.918109627419704e+16 2.875304164943329e+16 2.847245123035713e+16 2.827298553874926e+16 2.7952426645227324e+16 2.7721301838734508e+16 2.734036087326254e+16 2.7055855864837784e+16 2.6901305830927196e+16 2.673616132332263e+16 2.6558187811180252e+16 2.6363757651495476e+16 2.614759037300066e+16 2.560829851831272e+16 2.5233838788739384e+16 2.466493404870698e+16
37700.00528165389 3.275756205662408e+16 3.2388945801203196e+16 3.1980039150572036e+16 3.1536531722806256e+16 3.1033337346352024e+16 3.0460964744526224e+16 2.9800255115513404e+16 2.94279613117542e+16 2.9020238374560384e+16 2.8569543276305588e+16 2.8275119404295052e+16 2.806653555012737e+16 2.7732143628200156e+16 2.74920450069508e+16 2.7097941692687144e+16 2.6804914567754704e+16 2.6646158393783764e+16 2.647709952300101e+16 2.6295204275614972e+16 2.6097121722776684e+16 2.5877556078700068e+16 2.53325034491661e+16 2.4956510506062196e+16 2.4388835847745e+16
37900.005309673295 3.2264544596351476e+16 3.191133056773426e+16 3.1511701537260424e+16 3.106729831525296e+16 3.0573327484870508e+16 3.0010908699073372e+16 2.936139812192425e+16 2.899533200913015e+16 2.8594844413374068e+16 2.815402914235651e+16 2.786577585369585e+16 2.7661749680705624e+16 2.733402208439446e+16 2.709887452035138e+16 2.6712908291960508e+16 2.6425983195198812e+16 2.6270538728664716e+16 2.6104904377992536e+16 2.592676087030184e+16 2.5732605114444396e+16 2.5517302411039572e+16 2.4982744828739868e+16 2.4613732509289676e+16 2.405620039216743e+16
38100.00533769259 3.1793406591478988e+16 3.1437374263606544e+16 3.1046601139231132e+16 3.061549888287773e+16 3.0128448186940624e+16 2.95770967603232e+16 2.894092228391576e+16 2.858185925994012e+16 2.8189577169082e+16 2.7756297476513144e+16 2.747290099018167e+16 2.7272763853034556e+16 2.6951421874475844e+16 2.6720543052078836e+16 2.6341548073671188e+16 2.6059905622862476e+16 2.5907305942765304e+16 2.574465982739471e+16 2.556964098203422e+16 2.5378942831115516e+16 2.516749331425553e+16 2.4642310324537016e+16 2.4279641240120788e+16 2.373142409350492e+16
38300.00536571199 3.137801491050773e+16 3.1021592230995656e+16 3.0637102755272816e+16 3.021240252860742e+16 2.973286546138184e+16 2.919123902374933e+16 2.856425681058776e+16 2.8211031322409364e+16 2.782482877916431e+16 2.7397610602345404e+16 2.71183909416309e+16 2.6920509202719668e+16 2.660348421119265e+16 2.6375658643529504e+16 2.6001734696461036e+16 2.572358232730597e+16 2.55728935631728e+16 2.541232081635335e+16 2.5239521018438156e+16 2.5051226473596484e+16 2.4842421964327016e+16 2.4323985664871304e+16 2.3966144958890364e+16 2.3425632795773e+16
38500.00539373139 3.0939409940687136e+16 3.0596740415023732e+16 3.022167729949387e+16 2.9800472279748284e+16 2.9329480681438676e+16 2.879219120642533e+16 2.8174220478504036e+16 2.782561815918408e+16 2.7444652640323708e+16 2.7024053661722292e+16 2.6748335474154664e+16 2.65536685574173e+16 2.6241563740388596e+16 2.601726685916621e+16 2.5649279101977116e+16 2.5375583250057904e+16 2.5227273709465588e+16 2.5069265752734428e+16 2.4899223732284744e+16 2.471391934553805e+16 2.450848225508775e+16 2.3998337201484252e+16 2.364622768225725e+16 2.3114273688861216e+16
38700.00542175079 3.043333708099291e+16 3.0083148076663812e+16 2.971346783632291e+16 2.930515556040271e+16 2.8844912623270036e+16 2.832362121299277e+16 2.7720668096695556e+16 2.738144047484708e+16 2.7010423027334156e+16 2.660142767886211e+16 2.6333923038129076e+16 2.6144672739551348e+16 2.584133918465037e+16 2.5623367358955356e+16 2.526549880903962e+16 2.4999101823364308e+16 2.4854675696138612e+16 2.4700715315234564e+16 2.453501829736445e+16 2.4354381381540596e+16 2.4153940413213136e+16 2.3655592337768216e+16 2.331097689737491e+16 2.278920414776984e+16
38900.00544977019 2.995920377276394e+16 2.962502264320842e+16 2.926228124394943e+16 2.8857499391428596e+16 2.8406546747750844e+16 2.789399246083655e+16 2.7304431720533064e+16 2.697076960890531e+16 2.660714583483815e+16 2.620696440660071e+16 2.5945392380370228e+16 2.5760436545752444e+16 2.5463823141378388e+16 2.5250755786293484e+16 2.4900910205498532e+16 2.4640595037121056e+16 2.449947282437429e+16 2.4348977512142676e+16 2.4186959361413136e+16 2.4010244680867484e+16 2.3814190415463956e+16 2.3326342990691196e+16 2.2988588316784744e+16 2.2476369943343932e+16
39100.00547778959 2.9573535825282332e+16 2.924874432201671e+16 2.8890147860131736e+16 2.8495356293909976e+16 2.8048868513360948e+16 2.7545450441712884e+16 2.6962969899327056e+16 2.6635792250477084e+16 2.627801030200553e+16 2.588337766389833e+16 2.562507059290828e+16 2.544248115030764e+16 2.5149523324938836e+16 2.4938939862927636e+16 2.4593218673574424e+16 2.433581832541108e+16 2.4196200849416664e+16 2.404736991349962e+16 2.38870747952265e+16 2.3712292772552332e+16 2.351834509452006e+16 2.303596795818234e+16 2.270230395905737e+16 2.2196934776537616e+16
39300.00550580899 2.9165577739972524e+16 2.884142502686202e+16 2.8483579115700412e+16 2.8095456873331316e+16 2.7656595927124956e+16 2.715884319677744e+16 2.6585215653387936e+16 2.6262601964392948e+16 2.5909583411068012e+16 2.5520900272185776e+16 2.5266954738600304e+16 2.508735525469745e+16 2.4799318039426024e+16 2.4592317209481068e+16 2.425272910466981e+16 2.3999826697788028e+16 2.3862767517117244e+16 2.371655212566834e+16 2.3559161963886868e+16 2.338753957065869e+16 2.319709713623392e+16 2.2723299093290892e+16 2.2395377066423932e+16 2.1898233247775876e+16
39500.00553382829 2.867201095034594e+16 2.835172761425779e+16 2.8003500511530988e+16 2.7619057291207496e+16 2.7187401196355964e+16 2.670262026063212e+16 2.614254147748949e+16 2.5827930245681816e+16 2.548459076229039e+16 2.5107300009451324e+16 2.4860778997134864e+16 2.468652816544408e+16 2.440742795491965e+16 2.4206889737520824e+16 2.3877441944753852e+16 2.3632175246963452e+16 2.3499099235907024e+16 2.335723006784478e+16 2.3204389680096116e+16 2.3037636227915132e+16 2.2852470407897064e+16 2.239109587586245e+16 2.2070948988062372e+16 2.158408510738777e+16
39700.0055618477 2.8322676703377556e+16 2.8008480913816604e+16 2.7667576210900064e+16 2.728558720072483e+16 2.686193233822117e+16 2.6382992822661884e+16 2.5828106317887468e+16 2.5517306754771796e+16 2.517720206680317e+16 2.4803454908323244e+16 2.455953653126539e+16 2.4387076850129732e+16 2.4110213684185852e+16 2.3911539715883452e+16 2.3585209727944364e+16 2.334231825846776e+16 2.3210509067754184e+16 2.306997117316867e+16 2.2918666720515796e+16 2.2753580894497916e+16 2.2570326634068932e+16 2.2114054942206476e+16 2.1797764754618976e+16 2.1317294452252764e+16
39900.00558986709 2.777926524849031e+16 2.7478692847077976e+16 2.714112911181973e+16 2.6769470590493596e+16 2.6355276754138256e+16 2.5889433738721784e+16 2.5353586845411244e+16 2.5052910652941148e+16 2.4725645885949548e+16 2.4365629977544024e+16 2.413045512224526e+16 2.3964548951607216e+16 2.369868343834242e+16 2.350736835284767e+16 2.319306622984887e+16 2.295890437414241e+16 2.283175275563542e+16 2.269610361086045e+16 2.2549816868713524e+16 2.2390174263660164e+16 2.2212704457821532e+16 2.1769551081507236e+16 2.146103714573207e+16 2.098996017249113e+16
40100.00561788649 2.741493628199364e+16 2.7113629250529716e+16 2.678873302138545e+16 2.642430525414604e+16 2.6019233601686164e+16 2.5562128539755548e+16 2.5035910985797856e+16 2.474121111924717e+16 2.441953934088911e+16 2.4066013164704016e+16 2.383521806585492e+16 2.3672147197367864e+16 2.34100637400926e+16 2.322166807578739e+16 2.29120862850769e+16 2.2681168888174496e+16 2.255578087640617e+16 2.2421938709141636e+16 2.227767934421096e+16 2.212017258563389e+16 2.1945073390163416e+16 2.1507963129674908e+16 2.1203875834218164e+16 2.074014093842822e+16
40300.00564590589 2.709311009298969e+16 2.679716381090437e+16 2.6475624397015548e+16 2.6117807771131076e+16 2.571959709902578e+16 2.5267083810791868e+16 2.474592626615378e+16 2.445293760067782e+16 2.4134772685003564e+16 2.3784006370469536e+16 2.3555130114560204e+16 2.3393308100177564e+16 2.313361375359635e+16 2.294689336265456e+16 2.2640068905124196e+16 2.2411234406364732e+16 2.228699050660141e+16 2.215444112275318e+16 2.20115617124494e+16 2.1855587187368384e+16 2.168228597176261e+16 2.125004033864523e+16 2.0949728873677956e+16 2.0492402764726708e+16
40500.00567392529 2.623687988009321e+16 2.598173632829534e+16 2.5704710302510812e+16 2.539406509491603e+16 2.5046174826429056e+16 2.4649013488775616e+16 2.4185084573535624e+16 2.3922063496922268e+16 2.363448269470592e+16 2.3315359306709256e+16 2.3105633260226708e+16 2.2956643720335236e+16 2.271640356173487e+16 2.2542703920422124e+16 2.225527830614845e+16 2.2039601742476148e+16 2.192198470364816e+16 2.179615315623962e+16 2.166017827149505e+16 2.151128430245712e+16 2.1345362599049788e+16 2.092928537465316e+16 2.063844649405551e+16 2.0193207049872324e+16
40700.005701944596 2.630845641179221e+16 2.602045444039069e+16 2.570857646959913e+16 2.5361815788883692e+16 2.4975676168338656e+16 2.454074256998337e+16 2.4039182873522628e+16 2.375703849215424e+16 2.3450221047700028e+16 2.3113309118210724e+16 2.289356236343334e+16 2.2738279284638896e+16 2.248930111731975e+16 2.231032611379232e+16 2.2016258504850416e+16 2.179694701030482e+16 2.167779742719796e+16 2.155065408656254e+16 2.1413593291040916e+16 2.126390547632236e+16 2.1097521194844724e+16 2.0681958961771816e+16 2.0392543001656916e+16 1.9950506109358404e+16
40900.005729963996 2.595989275137174e+16 2.5679537805430052e+16 2.537001043393292e+16 2.5028806308106676e+16 2.464625242408042e+16 2.4216564180079096e+16 2.372288606389621e+16 2.344594037261858e+16 2.3144689066724736e+16 2.2813753668239664e+16 2.2597641838621932e+16 2.244505144282245e+16 2.220032867221649e+16 2.2024342983153476e+16 2.1735025777551156e+16 2.1519207838556596e+16 2.1402036374557636e+16 2.1276910376594412e+16 2.1141992553007212e+16 2.0994629878691388e+16 2.0830777833605164e+16 2.042146981782925e+16 2.0136385934226804e+16 1.970097691640012e+16
41100.00575798339 2.563783640314267e+16 2.5357167703983716e+16 2.505106523843717e+16 2.47129284384986e+16 2.433764694381624e+16 2.3913298365843616e+16 2.3425544188235372e+16 2.315139556117922e+16 2.2853125919848616e+16 2.252591250341234e+16 2.231262777181905e+16 2.2161800794394896e+16 2.19201380211447e+16 2.1746416539732692e+16 2.146088725572476e+16 2.124797030112634e+16 2.1132363462650076e+16 2.1008939040522456e+16 2.08758713891422e+16 2.073056196115665e+16 2.0569023073033556e+16 2.0165564657773144e+16 1.9884628200769708e+16 1.9455579876101376e+16
41300.005786002796 2.5301460000770936e+16 2.503095981088912e+16 2.4728540320439004e+16 2.4396205650664012e+16 2.402715827878105e+16 2.360780638093573e+16 2.3126355839964224e+16 2.2856235949137708e+16 2.256314676225757e+16 2.2240735822631116e+16 2.2030808645643604e+16 2.1881991122486876e+16 2.1643945172625964e+16 2.1472852835505776e+16 2.1191499076180204e+16 2.0981632058466184e+16 2.0867632064463656e+16 2.074596868406631e+16 2.0614760074037196e+16 2.047153580518242e+16 2.031229201571432e+16 1.991456566811293e+16 1.9637661427963444e+16 1.9214840116522376e+16
41500.00581402219 2.4897212731515668e+16 2.4631719877050016e+16 2.4334393345730136e+16 2.4009484792147092e+16 2.3646999724225244e+16 2.3237391486377292e+16 2.276765582953517e+16 2.2505789080863664e+16 2.2220067462815024e+16 2.1906619281729788e+16 2.1702420020286572e+16 2.155796622627112e+16 2.1326607534473996e+16 2.1160216962866416e+16 2.088643811713071e+16 2.068211688257428e+16 2.057115245112448e+16 2.045261370378249e+16 2.032479903770915e+16 2.018513249657656e+16 2.002977368355321e+16 1.964122373042535e+16 1.9370109394424836e+16 1.8955081874549576e+16
41700.005842041595 2.4527332576387396e+16 2.426555677451229e+16 2.397852284711066e+16 2.3664513041738164e+16 2.3314098152387236e+16 2.2915740558184532e+16 2.2459320128228716e+16 2.2203531177053216e+16 2.1926228212319732e+16 2.162065586901386e+16 2.142127803768226e+16 2.128014040141202e+16 2.105393488703773e+16 2.0891123587642196e+16 2.06227663878698e+16 2.042223471602905e+16 2.031320710517251e+16 2.0196705695110224e+16 2.0070985752835656e+16 1.9933530852458876e+16 1.9780597102736308e+16 1.9397820203033988e+16 1.9130587044453372e+16 1.8721366150041788e+16
41900.00587006089 2.4225455184553428e+16 2.3966494848727812e+16 2.368469739828359e+16 2.337138862275512e+16 2.3020428112302652e+16 2.262429824111656e+16 2.217133316493444e+16 2.1918105375606772e+16 2.1642641280838604e+16 2.1340078347365824e+16 2.114263813716615e+16 2.1003203341701344e+16 2.077958526450249e+16 2.0618739693788844e+16 2.0354232732251612e+16 2.0156690376784788e+16 2.0049310765671424e+16 1.9934590538905024e+16 1.9810862473589864e+16 1.967562234342658e+16 1.952513380471005e+16 1.914854523085381e+16 1.888557178138125e+16 1.848269206608324e+16
42100.00589808029 2.3794123432898572e+16 2.3541721498886964e+16 2.3263954469578144e+16 2.295776907977665e+16 2.2618896632598876e+16 2.2234729750134236e+16 2.1796328383604196e+16 2.155115153225706e+16 2.128477445365389e+16 2.0992788952606324e+16 2.0802414011690344e+16 2.066793500320888e+16 2.045230267445768e+16 2.029711126687155e+16 2.0041728513834468e+16 1.985076541909584e+16 1.9746851189535892e+16 1.9635799313018116e+16 1.951589586281842e+16 1.938471754072026e+16 1.9238592005125612e+16 1.88719850046749e+16 1.8615090808721668e+16 1.822005738676311e+16
42300.00592609969 2.3640098952732104e+16 2.3387266570905788e+16 2.3106266522212144e+16 2.280009625386645e+16 2.2457192781331548e+16 2.2070713545273016e+16 2.1627731038348772e+16 2.1380271368048972e+16 2.1111704843930496e+16 2.0816894802537324e+16 2.0624626851124024e+16 2.048885220966592e+16 2.0271135213069044e+16 2.011459950410399e+16 1.9857082743716548e+16 1.966480549454057e+16 1.9560312871984036e+16 1.9448683594461932e+16 1.932831365310418e+16 1.9196752141934692e+16 1.9050396425811316e+16 1.86842629107262e+16 1.8428695734625824e+16 1.8037256444062036e+16
42500.005954119086 2.3277660204878852e+16 2.302270860373684e+16 2.275149610314697e+16 2.2449999938638776e+16 2.2114301571649116e+16 2.1734445346235336e+16 2.1301641650834024e+16 2.1060108509927308e+16 2.0797966553054664e+16 2.0510280329962836e+16 2.0322835910402264e+16 2.019057952035071e+16 1.9978483150841416e+16 1.982602647506913e+16 1.957496523855483e+16 1.9387439825643964e+16 1.928549595139818e+16 1.9176620325939824e+16 1.905913323353988e+16 1.8930655801795416e+16 1.8787642797842532e+16 1.8429344487681628e+16 1.817864340398175e+16 1.7793587502022236e+16
42700.00598213849 2.2998739403395624e+16 2.2750666760210148e+16 2.2478670446110324e+16 2.2181012512584796e+16 2.1848434434751436e+16 2.1476192495616476e+16 2.1049164547027316e+16 2.0810642430759732e+16 2.0551544462244464e+16 2.026734526869181e+16 2.0082281733994744e+16 1.9951609068046596e+16 1.9742024268877756e+16 1.95913013563636e+16 1.934323215560814e+16 1.9157983707253308e+16 1.905726076127823e+16 1.8949678356759376e+16 1.8833576774396676e+16 1.870665701238434e+16 1.8565448872156684e+16 1.8211738118412252e+16 1.796441319818188e+16 1.7584785225205568e+16
42900.00601015789 2.251418503839284e+16 2.226680864739534e+16 2.1998439233278036e+16 2.170141275198659e+16 2.1371222656237628e+16 2.100150240306391e+16 2.0581044819401776e+16 2.034667185103323e+16 2.009219296286227e+16 1.9813742263846028e+16 1.9632609564514756e+16 1.9504612559009316e+16 1.9299220465426676e+16 1.9151521818598428e+16 1.890774311970065e+16 1.87249804279467e+16 1.862533412177519e+16 1.8518548269623556e+16 1.840295464728111e+16 1.827604149927279e+16 1.8133980793296344e+16 1.7773583774456824e+16 1.7516816940191102e+16 1.7113807456800412e+16
43100.00603817729 2.2064964420601836e+16 2.1823438227333012e+16 2.156031884353154e+16 2.127037937457658e+16 2.095079208989189e+16 2.0591198395832532e+16 2.0181379282918788e+16 1.9953415245812504e+16 1.970595440175172e+16 1.9434641258274424e+16 1.9257856044060908e+16 1.913261468292874e+16 1.8931492226635468e+16 1.878643631165337e+16 1.854659614654211e+16 1.836625137554428e+16 1.8267678561747856e+16 1.8161842013637636e+16 1.804702925065113e+16 1.7920589989353882e+16 1.7778576316969374e+16 1.7415175138105178e+16 1.715233149634638e+16 1.6729090683210514e+16
43300.00606619659 2.1827315272182812e+16 2.1592298689237428e+16 2.13377804460301e+16 2.1055697996150084e+16 2.0743721440062132e+16 2.0392805220650436e+16 1.9993511458110396e+16 1.9770650674042e+16 1.952904074098666e+16 1.926425593965236e+16 1.9091398768727276e+16 1.8969225883674108e+16 1.8772924933720108e+16 1.863141113474932e+16 1.839747377805585e+16 1.8221726374076764e+16 1.8125768074901892e+16 1.80228760425784e+16 1.791136371950271e+16 1.7788815002973258e+16 1.7651433843912704e+16 1.7301538130734762e+16 1.7049909479916698e+16 1.6646317354901376e+16
43500.00609421599 2.1319206222386936e+16 2.1087863348606644e+16 2.08334652488137e+16 2.0556128004038484e+16 2.024901308244045e+16 1.9905299219359908e+16 1.951463605769879e+16 1.929766027283668e+16 1.906275157502569e+16 1.880521169679408e+16 1.8637276351491284e+16 1.8518426029724508e+16 1.8327451229355028e+16 1.8189220552665068e+16 1.7960261222232164e+16 1.7787470087355368e+16 1.7692744203009858e+16 1.7590881701433052e+16 1.7480014049976806e+16 1.7357522129232598e+16 1.721933716970506e+16 1.6862011143499148e+16 1.6599262275466312e+16 1.616633645793722e+16
43700.00612223539 2.090403570002599e+16 2.06837405402482e+16 2.044386449792183e+16 2.0179340759704584e+16 1.9888127144540436e+16 1.9561095494793428e+16 1.918948710677854e+16 1.898255760983636e+16 1.87569565543634e+16 1.8509633824164372e+16 1.8347708391104216e+16 1.8232846035613124e+16 1.8047619975713816e+16 1.7913434121390496e+16 1.7690263169175948e+16 1.7521306445090376e+16 1.7428472830663126e+16 1.7328433357101634e+16 1.7219341500636862e+16 1.7098556979097366e+16 1.6961940827367398e+16 1.6606210249245684e+16 1.6341477411405426e+16 1.5896760218269928e+16
43900.0061502548 2.0768125222816004e+16 2.0548429794561184e+16 2.0309240533276716e+16 2.004651895172101e+16 1.9754036994378756e+16 1.94253494485193e+16 1.9051297515420264e+16 1.8842607578212828e+16 1.8616199578474364e+16 1.836712180873771e+16 1.8204515865869332e+16 1.8089194741020828e+16 1.7903433725787234e+16 1.77689086410492e+16 1.7545580698302538e+16 1.7376741303965128e+16 1.7284040386666698e+16 1.7184221323248592e+16 1.7075471409833062e+16 1.6955147685332502e+16 1.6819112785788114e+16 1.6465293827221888e+16 1.6201980758991642e+16 1.5759038180442418e+16
44100.00617827419 2.025809247310819e+16 2.0037209175847196e+16 1.9795566550693864e+16 1.95313465137243e+16 1.924006226979396e+16 1.891476497331744e+16 1.854721463095157e+16 1.83430150570927e+16 1.8122133243342828e+16 1.7880276436181984e+16 1.7722394059032802e+16 1.7610510715524026e+16 1.7430135073454016e+16 1.7299439018759172e+16 1.7081772400880096e+16 1.6916447747690804e+16 1.682532363130921e+16 1.6726860398359e+16 1.6619097098208754e+16 1.649918096239012e+16 1.6362625041370026e+16 1.6001641072409756e+16 1.572711457575916e+16 1.5255532474100212e+16
44300.00620629359 2.009491269567856e+16 1.988066549967318e+16 1.9646219107669176e+16 1.9388905763911892e+16 1.9105275565699556e+16 1.8787153829056024e+16 1.842475941903975e+16 1.822352966192493e+16 1.800502519000836e+16 1.7764899846346258e+16 1.7608051606918528e+16 1.7496690954164152e+16 1.7317172662451708e+16 1.7187094242958276e+16 1.6970537410311574e+16 1.6806362863469776e+16 1.6715972894972394e+16 1.6618412794643898e+16 1.651179817290437e+16 1.6393374760356262e+16 1.6258790560318272e+16 1.590422432248013e+16 1.5635169068201082e+16 1.5172247691010274e+16
44500.00623431289 1.9870061795119132e+16 1.9657817315123012e+16 1.9428306779134452e+16 1.9174914326171276e+16 1.8895792087306484e+16 1.8582883942567932e+16 1.822583490597542e+16 1.802667802481387e+16 1.7810596936910366e+16 1.757318129652228e+16 1.741784378455079e+16 1.7307445209704966e+16 1.7129544374623296e+16 1.700049736634652e+16 1.678556623332371e+16 1.6622424972443068e+16 1.6532565500995008e+16 1.6435554776603026e+16 1.6329474752818816e+16 1.6211567753383442e+16 1.607744791781506e+16 1.5723148884506626e+16 1.545283732005753e+16 1.4984139129220018e+16
44700.00626233229 1.9433582854064516e+16 1.9220812837078656e+16 1.8989444117835772e+16 1.873562805688748e+16 1.8456931255984904e+16 1.8145682720819076e+16 1.7793543377957356e+16 1.7598451222759318e+16 1.7386861394983988e+16 1.7154930591638518e+16 1.700336202369391e+16 1.6895751972337992e+16 1.6722096695859698e+16 1.659588855408355e+16 1.6385031279276472e+16 1.6224185689651908e+16 1.6135237867687894e+16 1.6038818571569164e+16 1.5932947866189856e+16 1.5814628708469378e+16 1.5679179347326394e+16 1.5316666715453074e+16 1.5036085263900668e+16 1.454552925563774e+16
44900.006290351695 1.9319270674741732e+16 1.911255774014851e+16 1.8887389389176776e+16 1.864156634267602e+16 1.8368751439334196e+16 1.806379967778601e+16 1.7717502015614206e+16 1.7524633522479424e+16 1.731511650913918e+16 1.7084859171165786e+16 1.6934234715034662e+16 1.6827210209692536e+16 1.6654679989305646e+16 1.6529448014691666e+16 1.6320589006228392e+16 1.616176175733859e+16 1.6074131675300736e+16 1.5979399968057024e+16 1.5875634683571198e+16 1.5760044253954926e+16 1.5628180484460462e+16 1.527774174163771e+16 1.5008408240646834e+16 1.4539161875028832e+16
45100.00631837109 1.905567911418694e+16 1.885398429287326e+16 1.86322954348949e+16 1.839176941006289e+16 1.8123885771882564e+16 1.7824945551155924e+16 1.7484487778945934e+16 1.7294582246029112e+16 1.7088211481223194e+16 1.68614316722031e+16 1.6712915237958598e+16 1.6607494007674378e+16 1.6437152347036182e+16 1.6313416988936308e+16 1.6106848421750566e+16 1.5949531934618736e+16 1.5862649059422614e+16 1.5768594084880908e+16 1.5665445367238698e+16 1.555033501435024e+16 1.5418717361079624e+16 1.5066773207382682e+16 1.4793575560652348e+16 1.4311912371548866e+16
45300.006346390495 1.8685057653642124e+16 1.8482395403557932e+16 1.8261541780662176e+16 1.802035233911383e+16 1.7754788409039052e+16 1.7458011095276244e+16 1.7121882962691756e+16 1.6935439280045034e+16 1.673351978220603e+16 1.6511967844425878e+16 1.6367129043420364e+16 1.6264238182651328e+16 1.6097997593764002e+16 1.5977145356176684e+16 1.57749535124057e+16 1.5620535858844746e+16 1.5535044957217134e+16 1.5442315169385274e+16 1.5340363930890294e+16 1.5226274172531364e+16 1.5095406014820666e+16 1.4743489177016586e+16 1.446901980905913e+16 1.3984297158582494e+16
45500.006374409895 1.8541509673783904e+16 1.834294102453383e+16 1.8127121859393532e+16 1.7890913022261874e+16 1.763081399433702e+16 1.7339873306656326e+16 1.7009718852624518e+16 1.6826093579042844e+16 1.6627072853913144e+16 1.6408571678670698e+16 1.6265573623182568e+16 1.6164062595983862e+16 1.6000095211948756e+16 1.588098652655497e+16 1.5682019435613998e+16 1.5530334700574442e+16 1.544652521166305e+16 1.5355719796281408e+16 1.5256082177214306e+16 1.5144847364496408e+16 1.5017629551974646e+16 1.4677711415781166e+16 1.4414756177179792e+16 1.3953267751697808e+16
45700.00640242919 1.835210543637674e+16 1.8157585399280216e+16 1.7946036749950106e+16 1.7714307724871166e+16 1.7458736169910664e+16 1.7172491622868408e+16 1.6847923014587014e+16 1.6667585941922006e+16 1.6471729348681094e+16 1.6256580493755316e+16 1.6115788408813896e+16 1.6015905198345972e+16 1.5854512447367276e+16 1.5737295871849574e+16 1.5541542344656214e+16 1.5392476976169042e+16 1.5310175241503146e+16 1.522110202431479e+16 1.5123465809670286e+16 1.5014599458762628e+16 1.4890274928378778e+16 1.4559080841539842e+16 1.4303679703090734e+16 1.3855965382195072e+16
45900.00643044859 1.7991522501200484e+16 1.7797059045567328e+16 1.7585560952119604e+16 1.7355505462705096e+16 1.7101180608452856e+16 1.681838937908125e+16 1.6498591682437792e+16 1.632097060691476e+16 1.6128502381277896e+16 1.5917528134733284e+16 1.5779463394004212e+16 1.5681394719505066e+16 1.5522917640458564e+16 1.5407656611143362e+16 1.5214723326104498e+16 1.5067288881039068e+16 1.4985635960289228e+16 1.4897058188952826e+16 1.4799658783090038e+16 1.469063217114857e+16 1.456554690563163e+16 1.4229064823998132e+16 1.3966289144487006e+16 1.3499360617506826e+16
46100.006458467986 1.7865333961148186e+16 1.7674607385803688e+16 1.7467123103388132e+16 1.72407147766591e+16 1.6990829137924426e+16 1.6712620954952442e+16 1.639766523811129e+16 1.6222990420016012e+16 1.6033601653343694e+16 1.5825730217620014e+16 1.568978877924355e+16 1.5593275407319242e+16 1.5437414346348208e+16 1.5324154644859188e+16 1.5134868279385076e+16 1.499058964743693e+16 1.4910831191541872e+16 1.4824466953965626e+16 1.4729727025366494e+16 1.4623995719609954e+16 1.4503150485700042e+16 1.418099576529796e+16 1.393263821009936e+16 1.3497230855553256e+16
46300.00648648739 1.7631986518103094e+16 1.7445982484376688e+16 1.724275927462184e+16 1.702130153234431e+16 1.6776229858238254e+16 1.6502877531580942e+16 1.6193122452751018e+16 1.6021051866910184e+16 1.5834344302361762e+16 1.5629367821918558e+16 1.5495191782927416e+16 1.5399920092165082e+16 1.5245901224294364e+16 1.5133955930113866e+16 1.4946701279510086e+16 1.4803835317557362e+16 1.4724847510582796e+16 1.4639259316793082e+16 1.4545307267559522e+16 1.4440403171845644e+16 1.432042213496151e+16 1.3999939782798338e+16 1.3752067139783614e+16 1.3315102302197966e+16
46500.00651450679 1.7222854672634074e+16 1.7059381032859934e+16 1.6880707887008156e+16 1.6683164100387408e+16 1.6463855077715932e+16 1.6216510483264264e+16 1.5933888058891082e+16 1.5775856716497594e+16 1.560363733089107e+16 1.5413511154588504e+16 1.5288418695375798e+16 1.5199244637367302e+16 1.50546467702026e+16 1.4949091016949102e+16 1.4772092690103508e+16 1.4636639309134236e+16 1.4561625660273352e+16 1.448029483105109e+16 1.439096460615975e+16 1.4291168978510338e+16 1.4177013542606162e+16 1.3872626809572664e+16 1.3638549483716086e+16 1.3230773465592308e+16
46700.00654252619 1.7151310935195788e+16 1.6978503136377316e+16 1.6790848835381494e+16 1.6584157939313516e+16 1.6355672504335582e+16 1.6100800045941278e+16 1.5811351606750836e+16 1.565036424001289e+16 1.5475244054532124e+16 1.5282803316877126e+16 1.5156449049089082e+16 1.506647441442125e+16 1.4920835918034776e+16 1.48147961122728e+16 1.4637184915763446e+16 1.4501529749110664e+16 1.4426515157152852e+16 1.4345260091216368e+16 1.4256121967314998e+16 1.415669186502678e+16 1.4043148375627448e+16 1.3741545756107066e+16 1.3510783841731066e+16 1.3110747376018488e+16
46900.00657054549 1.7056594209169022e+16 1.6877149719100348e+16 1.6681897193865996e+16 1.646919564833753e+16 1.6234507724535164e+16 1.597255109868414e+16 1.5676567045377968e+16 1.5512182059106546e+16 1.533425083018331e+16 1.513903068403998e+16 1.5011299511654356e+16 1.4920613516326588e+16 1.4774082464422686e+16 1.466761813834551e+16 1.4489665303227552e+16 1.4354147230099024e+16 1.4279327724360586e+16 1.4198379088292928e+16 1.410970054687763e+16 1.401092763691317e+16 1.3898346967462418e+16 1.3600385570734466e+16 1.3373437693569672e+16 1.298119079030077e+16
47100.00659856489 1.6858541753283784e+16 1.667895988813218e+16 1.6484318954710032e+16 1.6272926602322698e+16 1.6039952155756442e+16 1.5779937718820658e+16 1.5486756544757562e+16 1.5324277340762448e+16 1.5148610242655388e+16 1.4955962963276586e+16 1.4830162460583056e+16 1.474079711199653e+16 1.4596596903755532e+16 1.4491810161833606e+16 1.4316848484049256e+16 1.4183623090602326e+16 1.4110090559512396e+16 1.4030538548813552e+16 1.3943390709629782e+16 1.384631238596666e+16 1.3735663413894702e+16 1.3442727055640832e+16 1.3219637935551472e+16 1.2835227601823692e+16
47300.00662658429 1.6723935547582922e+16 1.6546955640818872e+16 1.6355623195204966e+16 1.6145885447356578e+16 1.591561107340241e+16 1.5659336153802656e+16 1.5370026827169256e+16 1.5210025647774734e+16 1.5036697267460214e+16 1.484695277508126e+16 1.4723004723970254e+16 1.4635048039671902e+16 1.4493123810008974e+16 1.4390132913089378e+16 1.421830958774218e+16 1.4087695309246834e+16 1.4015696608671778e+16 1.3937908659872374e+16 1.3852819927879212e+16 1.375823531998998e+16 1.3650686583174256e+16 1.3367603847381454e+16 1.315386426531385e+16 1.2789693826486554e+16
47500.0066546037 1.6497796226568084e+16 1.632320160269956e+16 1.6133898483684398e+16 1.592780768362423e+16 1.5700827209021672e+16 1.544858851701241e+16 1.5163828477147252e+16 1.5006238241004188e+16 1.4835705071139936e+16 1.4648854055333606e+16 1.4526758806438434e+16 1.444006549326178e+16 1.430010892143657e+16 1.4198437072247128e+16 1.402869439846868e+16 1.3899486476781402e+16 1.3828186695981152e+16 1.375108498034746e+16 1.3666670891896396e+16 1.3572719707741752e+16 1.3465742394293412e+16 1.3183308231227646e+16 1.2969118978202642e+16 1.2601807382436234e+16
47700.00668262309 1.6293350995187998e+16 1.612168099518444e+16 1.5934551072506744e+16 1.5731174115242936e+16 1.5507384916723366e+16 1.5258817102486284e+16 1.4978556189795492e+16 1.4823548567722354e+16 1.4655976428398946e+16 1.4472477919102268e+16 1.4352572059605542e+16 1.4267481442425254e+16 1.4130208425835182e+16 1.4030469158642078e+16 1.3863938799900238e+16 1.3737169789828878e+16 1.3667212969098536e+16 1.3591571724002474e+16 1.350874745675328e+16 1.341656050762243e+16 1.3311581997544672e+16 1.3034430215164726e+16 1.2824411648968238e+16 1.2465354999314582e+16
47900.00671064249 1.6125774233873702e+16 1.5954772381836422e+16 1.5770348472139816e+16 1.5569776679115112e+16 1.5348061180725976e+16 1.510224176489625e+16 1.4825373332155078e+16 1.4672170614367338e+16 1.450660095699932e+16 1.4325559280869808e+16 1.4207343578902242e+16 1.4123442827841352e+16 1.398807340824511e+16 1.3889757570074934e+16 1.372576651836328e+16 1.3601011348397846e+16 1.3532197738305714e+16 1.3457811674149318e+16 1.337639816924982e+16 1.3285825303205128e+16 1.3182736414150284e+16 1.2910804782991976e+16 1.2704956408288556e+16 1.2353804011900722e+16
48100.00673866189 1.5888003880378346e+16 1.5719628595511764e+16 1.553850570379365e+16 1.5339887625986702e+16 1.5122296969068596e+16 1.4880700354756982e+16 1.4609150036960632e+16 1.4459038766545462e+16 1.4296822325949198e+16 1.4119234449330914e+16 1.4003159375021774e+16 1.3920768340103144e+16 1.3787699420714676e+16 1.3690944792414944e+16 1.3529277991216622e+16 1.3406019986732742e+16 1.3337916577342788e+16 1.3264199702909352e+16 1.3183399314654186e+16 1.309333504729847e+16 1.299059205582147e+16 1.2718353659238278e+16 1.2511021546419556e+16 1.215472405146618e+16
48300.00676668119 1.57754224266212e+16 1.560970364643941e+16 1.5431377715766328e+16 1.5237789458525038e+16 1.5023682510604562e+16 1.4785643129608394e+16 1.4517859502718268e+16 1.436961336276118e+16 1.4209377706310622e+16 1.403408546564209e+16 1.3919497640695662e+16 1.3838164173912822e+16 1.3706911524609226e+16 1.36115809801484e+16 1.3452459736820422e+16 1.333139805313814e+16 1.326461494858456e+16 1.3192439647596914e+16 1.3113448674652246e+16 1.302558551753694e+16 1.2925607307306578e+16 1.2662025666129076e+16 1.2462571549819804e+16 1.2122537430166068e+16
48500.006794700595 1.555998489065908e+16 1.5398108775191462e+16 1.5222054958104188e+16 1.5030964619110726e+16 1.4819949599360124e+16 1.4586168555382512e+16 1.4322610294617602e+16 1.4176986208896458e+16 1.4019666727606992e+16 1.3847496212375462e+16 1.3734994598726666e+16 1.3655151602288588e+16 1.352625230591576e+16 1.3432612898023088e+16 1.3276272161943498e+16 1.315725983436576e+16 1.3091577989927324e+16 1.302055572961705e+16 1.2942790349097918e+16 1.2856217236618502e+16 1.2757605584860204e+16 1.2496915421238634e+16 1.2298831935056352e+16 1.1959485035722604e+16
48700.00682271999 1.537742055542735e+16 1.5216867921658218e+16 1.504281483807732e+16 1.4853163215793016e+16 1.4644550209628076e+16 1.4413034965558384e+16 1.4152901645533792e+16 1.4009206105149252e+16 1.3853779582506332e+16 1.3683748946068386e+16 1.3572711814377994e+16 1.3493912096855372e+16 1.3366668338298912e+16 1.3274217778023328e+16 1.3119777146151466e+16 1.3002115871174788e+16 1.293714895860667e+16 1.286684239375551e+16 1.2789826118208228e+16 1.2704009267286578e+16 1.260615573061354e+16 1.2346983810993674e+16 1.214966965753501e+16 1.1811494501350956e+16
48900.006850739395 1.5208627783308034e+16 1.5050652985164376e+16 1.4879154088856876e+16 1.4692324490351562e+16 1.4486936368046746e+16 1.4259377327578264e+16 1.4003368192171688e+16 1.3861657182371588e+16 1.3708800480088532e+16 1.3541385826969158e+16 1.3431999460350376e+16 1.3354409199466138e+16 1.3229064366545986e+16 1.3137975892845346e+16 1.2985820945355152e+16 1.2869924409061294e+16 1.28059407175839e+16 1.273671362025504e+16 1.2660877567102738e+16 1.2576399322388638e+16 1.24800939026354e+16 1.2225107211922918e+16 1.203101760827979e+16 1.1698413266313988e+16
49100.006878758795 1.5041228292510042e+16 1.4884989605971788e+16 1.4715263826040218e+16 1.4530626463228166e+16 1.432779764503727e+16 1.4102834808972036e+16 1.384983530668035e+16 1.3710055993428912e+16 1.35590713226949e+16 1.3393913558554532e+16 1.3285979933388114e+16 1.3209408029763214e+16 1.3085798654743218e+16 1.2995959147066764e+16 1.2845952992176528e+16 1.2731724960496388e+16 1.266866738315671e+16 1.260044846967028e+16 1.2525732322883736e+16 1.244251541020224e+16 1.234767455055944e+16 1.2096723882840818e+16 1.190595110391546e+16 1.1579792507242386e+16
49300.00690677819 1.486191793856127e+16 1.4708761907144982e+16 1.4542655749795018e+16 1.4361805536222508e+16 1.4162789568140668e+16 1.3941468838102614e+16 1.3692760949362694e+16 1.3555206302125288e+16 1.3406586209977788e+16 1.3243821235756174e+16 1.313745690569952e+16 1.306198820868048e+16 1.2940062905149208e+16 1.2851449105806978e+16 1.2703374404174292e+16 1.2590537835049244e+16 1.2528213380035698e+16 1.2460781692491486e+16 1.2386883996191488e+16 1.230452322721761e+16 1.2210560391856518e+16 1.1961254913624842e+16 1.1770777245457378e+16 1.1442788754385278e+16
49500.00693479749 1.4681954851580326e+16 1.4530975522027284e+16 1.436695786014483e+16 1.4188394809279214e+16 1.3992029458380798e+16 1.3774505233347314e+16 1.3529907794339328e+16 1.3394937853918856e+16 1.3249112240667754e+16 1.3089469737129542e+16 1.298519955374222e+16 1.2911170973786306e+16 1.2791671211005612e+16 1.2704820973924968e+16 1.255969878408087e+16 1.244911924019867e+16 1.2388054332287576e+16 1.232197744352033e+16 1.2249565085852954e+16 1.2168876832853858e+16 1.2076854327550058e+16 1.1833002026269736e+16 1.164723843103737e+16 1.1328934875655406e+16
49700.006962816886 1.4514395920464138e+16 1.436518407302122e+16 1.4204822526908918e+16 1.4028850835624702e+16 1.3836253257914006e+16 1.362210862808648e+16 1.338120432110986e+16 1.3248116473153154e+16 1.3104251996000188e+16 1.2946830132402172e+16 1.2843960814126318e+16 1.2770930652054012e+16 1.2652951501485156e+16 1.2567188354288526e+16 1.2423819949213196e+16 1.2314557652569514e+16 1.2254190406341874e+16 1.218885728239745e+16 1.2117232347256258e+16 1.2037376859993378e+16 1.1946240709697212e+16 1.1704144783001838e+16 1.1518882534186002e+16 1.119941223502948e+16
49900.00699083629 1.4385184750514346e+16 1.4237524546517228e+16 1.407722175594703e+16 1.3903253498793312e+16 1.37116932898933e+16 1.3498731835759772e+16 1.3259705814938236e+16 1.3127424046290516e+16 1.2984916169065334e+16 1.2828805396979868e+16 1.2726825798946622e+16 1.2654401191451834e+16 1.2537524721957362e+16 1.2452606658955086e+16 1.2310830148469426e+16 1.2202906850224966e+16 1.2143342398701494e+16 1.2078925022706598e+16 1.20083744433656e+16 1.1929825761445184e+16 1.1840322704738116e+16 1.1603545065822842e+16 1.1423561181034316e+16 1.1116000726843954e+16
50100.00701885569 1.4174925571178374e+16 1.4030162657444058e+16 1.3872646107436296e+16 1.3702072328231474e+16 1.3514444524263182e+16 1.330593987418333e+16 1.307176124267626e+16 1.2942225654873834e+16 1.2802401355589372e+16 1.2649303104679134e+16 1.2549247583326824e+16 1.2478220592570652e+16 1.2363373013313246e+16 1.2279865179848548e+16 1.214021904237364e+16 1.2033692963399492e+16 1.1974810299344692e+16 1.1911043082835848e+16 1.1841098822936474e+16 1.1763051601904828e+16 1.167388792213283e+16 1.1436517899674568e+16 1.1254360438740488e+16 1.0939356819500756e+16
50300.00704687509 1.4058931866302016e+16 1.391552659924518e+16 1.376117570446232e+16 1.359318209125772e+16 1.3408010908707668e+16 1.3202633893545048e+16 1.2971642027615342e+16 1.284425760099283e+16 1.2706493631541686e+16 1.2555659890704492e+16 1.2457201320181114e+16 1.2387280562380834e+16 1.2274324109917476e+16 1.2192261332993206e+16 1.2055220427241548e+16 1.195088609014512e+16 1.1893317445607562e+16 1.1831079505628148e+16 1.1762937065332858e+16 1.168709033588305e+16 1.1600723285295088e+16 1.1372561977173408e+16 1.1199442743417186e+16 1.0903789375629118e+16
50500.00707489449 1.3850418340517898e+16 1.3709806696181652e+16 1.3558562566903834e+16 1.3393648030432218e+16 1.3211985797877328e+16 1.3010419839583572e+16 1.2783583116167802e+16 1.2658514704986108e+16 1.2523159235745834e+16 1.2374950452986988e+16 1.2277977485018948e+16 1.22090918969417e+16 1.2097716240390548e+16 1.2016706666817066e+16 1.1881135035812432e+16 1.177766608600187e+16 1.1720459230061314e+16 1.1658498038996e+16 1.159051457331978e+16 1.151463726042932e+16 1.1427925663845406e+16 1.1196890055695792e+16 1.1019193568810656e+16 1.0710363965082496e+16
50700.00710291379 1.3715509656148788e+16 1.3576984714457546e+16 1.3427144913482738e+16 1.32638299561552e+16 1.3084604317281018e+16 1.2885611003980556e+16 1.2661833843601484e+16 1.253823889591149e+16 1.2404699263495388e+16 1.2258573780650474e+16 1.2162923986042828e+16 1.2095032767776466e+16 1.198527274714504e+16 1.1905467495008182e+16 1.1771963465747724e+16 1.1670182447601798e+16 1.1613941932314682e+16 1.1553060370820976e+16 1.1486314247158218e+16 1.141188517056491e+16 1.1326929158537894e+16 1.1101187407794244e+16 1.0928323057541292e+16 1.0629614980438022e+16
50900.00713093319 1.3585076713886888e+16 1.3449000552458944e+16 1.330110848695288e+16 1.3139746556337518e+16 1.296280084157749e+16 1.276659301210687e+16 1.2546028265948698e+16 1.242422466134135e+16 1.2292677987740904e+16 1.2148718776350102e+16 1.2054618788780424e+16 1.1987793560453594e+16 1.1879881044061496e+16 1.1801424736521602e+16 1.167038474323159e+16 1.157058478787219e+16 1.1515507586968876e+16 1.145594217336967e+16 1.1390710873973026e+16 1.1318081379496308e+16 1.1235340880871016e+16 1.1016562858419484e+16 1.0850376301429686e+16 1.0566353708691724e+16
51100.0071589526 1.339401038002694e+16 1.3260805687590568e+16 1.311617683253077e+16 1.295916909354006e+16 1.2786274483317438e+16 1.2594746957508972e+16 1.2379324836018108e+16 1.2260324591688074e+16 1.213162924934195e+16 1.1990644108948754e+16 1.1898494252684814e+16 1.1832945229612894e+16 1.1727030121700408e+16 1.1649936908586826e+16 1.152100809298283e+16 1.1422665808452886e+16 1.1368320942766144e+16 1.1309485194796256e+16 1.1244967069051366e+16 1.1173019056908018e+16 1.1090877171565452e+16 1.0872573508907758e+16 1.0705407599258232e+16 1.0416682953250332e+16
51300.00718697199 1.317510259768593e+16 1.3052026198753012e+16 1.291788105942117e+16 1.2771399407786706e+16 1.2610145415756472e+16 1.2430416470778896e+16 1.2227505698175246e+16 1.2114819396687694e+16 1.1992505779533512e+16 1.1857828409071092e+16 1.1769316931665852e+16 1.1706301758310138e+16 1.16041111040027e+16 1.1529557200863808e+16 1.1404495320785082e+16 1.1308894225164446e+16 1.1256001981400818e+16 1.1198705065974436e+16 1.113585043213411e+16 1.1065733327588844e+16 1.0985685013986538e+16 1.0773200696479058e+16 1.0610984089989814e+16 1.0331875320600072e+16
51500.00721499139 1.3114784882542488e+16 1.2984922014162158e+16 1.2843651153166588e+16 1.2690720629746914e+16 1.2521948687165022e+16 1.2334857857106304e+16 1.2124845132284828e+16 1.2008828810172166e+16 1.1883391126001274e+16 1.1746027357221988e+16 1.165613400009175e+16 1.1592284445906778e+16 1.1489062671608626e+16 1.141394187955705e+16 1.128834093340437e+16 1.1192567388065638e+16 1.1139661676871086e+16 1.1082402771688922e+16 1.1019651131850566e+16 1.0949722839749826e+16 1.086996018515302e+16 1.065848180706925e+16 1.0497100465221946e+16 1.0219193379275476e+16
51700.00724301078 1.3016011208157282e+16 1.2886306670777288e+16 1.2746568242816398e+16 1.2594054172748114e+16 1.2427000792712342e+16 1.2241825631550316e+16 1.2034172595019066e+16 1.191955770548939e+16 1.1795757392584142e+16 1.1660272958789182e+16 1.157170309445249e+16 1.1508812824859626e+16 1.140729226391936e+16 1.1333521794824698e+16 1.1210269539652174e+16 1.111647434339327e+16 1.1064742887143508e+16 1.1008822742232176e+16 1.094763467026177e+16 1.0879569053609366e+16 1.0802119441005908e+16 1.0597861384256618e+16 1.0443298227548946e+16 1.0180622795040812e+16
51900.00727103009 1.283448102543216e+16 1.2706785093105218e+16 1.256913550182425e+16 1.24191311461074e+16 1.2254651692269238e+16 1.2072682000882256e+16 1.1868402392807114e+16 1.1755566290892406e+16 1.1633736716677784e+16 1.1500264383634754e+16 1.1412989637477808e+16 1.13510164100781e+16 1.1250779618510586e+16 1.117784690157018e+16 1.1055859536722212e+16 1.0962860633387314e+16 1.091149473350098e+16 1.0855905384728722e+16 1.0794991688464626e+16 1.0727129532874758e+16 1.064976047105029e+16 1.0444878747267782e+16 1.0288873135570502e+16 1.0020960825862164e+16
52100.007299049495 1.2682784540985834e+16 1.2557526981787958e+16 1.2421710468899592e+16 1.2274013651103716e+16 1.2112517415501604e+16 1.1933612600962738e+16 1.1732942850088158e+16 1.1622269716245234e+16 1.1502676204535722e+16 1.1371709279441028e+16 1.1286039634553124e+16 1.1225159845585572e+16 1.112673552573475e+16 1.1055091259385992e+16 1.0935241793773436e+16 1.084384126565988e+16 1.0793341076851562e+16 1.0738690955749388e+16 1.067879638863024e+16 1.0612052593991756e+16 1.0535944505779904e+16 1.0334306223030818e+16 1.018068193991706e+16 9916619075363418.0
52300.00732706889 1.2543769771967708e+16 1.2419472726629648e+16 1.2285294415200804e+16 1.2140024066914616e+16 1.1980487402887148e+16 1.180412552415144e+16 1.1606661307186028e+16 1.1497682135261586e+16 1.137990945678499e+16 1.12510825559604e+16 1.1166836216607804e+16 1.1106945000311172e+16 1.101010230186067e+16 1.0939639984349122e+16 1.082174944602912e+16 1.0731849987399234e+16 1.0682189197177388e+16 1.0628445957312324e+16 1.0569564315013984e+16 1.0503975999895932e+16 1.042922190367713e+16 1.0231496419404792e+16 1.0081320323547536e+16 9824422423323110.0
52500.00735508829 1.2432476292549402e+16 1.2310795489929276e+16 1.217852907244433e+16 1.2034619741161194e+16 1.1876916414611426e+16 1.1702695278051694e+16 1.1507309722639586e+16 1.139960101503315e+16 1.1283399771146412e+16 1.1156010603343144e+16 1.1072713835822068e+16 1.1013558870443716e+16 1.0917959150696742e+16 1.0848385990696202e+16 1.0732113957505578e+16 1.0643510457032136e+16 1.0594619269930806e+16 1.054174038304021e+16 1.0483848664520556e+16 1.041942584425521e+16 1.0346093893385092e+16 1.0152685266035476e+16 1.000639332245574e+16 9757412966585062.0
52700.007383107695 1.2314230700232334e+16 1.2193605919775378e+16 1.2063023023935534e+16 1.192135481346942e+16 1.1766061883147982e+16 1.1594411649096136e+16 1.1401838055761338e+16 1.1295805718387086e+16 1.1181201397272694e+16 1.1055738654628896e+16 1.0973718928363848e+16 1.0915479365469242e+16 1.0821330238905496e+16 1.0752889519131816e+16 1.0638546308670198e+16 1.0551490842651382e+16 1.0503484516441764e+16 1.0451593642965772e+16 1.03948378642989e+16 1.0331738772618366e+16 1.026000592566527e+16 1.0071358982558264e+16 9929303320422126.0 9689034269747290.0
52900.00741112709 1.213693729145822e+16 1.2017644476651666e+16 1.1889032486818874e+16 1.1750093588697476e+16 1.1597199421905782e+16 1.142823509612688e+16 1.1238977952489908e+16 1.113465273598836e+16 1.1021954468142114e+16 1.0898517272485102e+16 1.0817798882367318e+16 1.0760425373501148e+16 1.0667577028126014e+16 1.0599975265909922e+16 1.0486864143685052e+16 1.040055527250749e+16 1.0352873509433052e+16 1.0301263693398016e+16 1.0244717674937278e+16 1.0181736149258352e+16 1.0109952788632466e+16 9920147012127556.0 9776058887199674.0 9529532683978026.0
53100.00743914639 1.2036395542165174e+16 1.1918306819308258e+16 1.1790857482104224e+16 1.1652542565260436e+16 1.150111152124941e+16 1.1333841368051644e+16 1.1146529203351818e+16 1.1043245473377182e+16 1.0931761010671666e+16 1.0809675798494346e+16 1.0729880665499236e+16 1.06731962522453e+16 1.0581537548945124e+16 1.0514841155305938e+16 1.0403325600160762e+16 1.031834479100333e+16 1.0271438465010754e+16 1.0220706996347566e+16 1.0165165359456044e+16 1.0103352219885956e+16 1.0032988209469398e+16 9847442544768656.0 9707263865302004.0 9469509044276174.0
53300.007467165786 1.1894970554763904e+16 1.1779167974453012e+16 1.1653785214135288e+16 1.1518025417507134e+16 1.1369479800057708e+16 1.1205177484530322e+16 1.1021186067351804e+16 1.0919742847356224e+16 1.0810225830344464e+16 1.069030566098167e+16 1.0611880220354758e+16 1.055613210342236e+16 1.046597590916157e+16 1.0400387089751056e+16 1.0290661549219758e+16 1.0207017055143488e+16 1.0160829351203818e+16 1.011087797159678e+16 1.0056177438857252e+16 9995303411193730.0 9926005291639448.0 9743263268402676.0 9605136316039266.0 9370231625332880.0
53500.00749518519 1.1780481736569988e+16 1.1665817173387182e+16 1.1542025600444166e+16 1.1407963757046294e+16 1.1260655490954326e+16 1.1098420560894248e+16 1.0916808131406238e+16 1.0816660939715972e+16 1.0708702562772316e+16 1.0590430335390706e+16 1.0513084445658214e+16 1.045813521607032e+16 1.0369267275866054e+16 1.0304602942442276e+16 1.019650524772417e+16 1.0114121937677686e+16 1.0068656882552546e+16 1.0019494904232008e+16 9965684144566972.0 9905828498063676.0 9837731134897332.0 9658479803119440.0 9523485054215922.0 9295603295216394.0
53700.00752320459 1.1641745659616344e+16 1.1529104157693758e+16 1.1407473371601586e+16 1.1275811633690114e+16 1.1131875678908206e+16 1.0972889618301322e+16 1.0795253977356748e+16 1.0697402793987678e+16 1.0591855309215886e+16 1.0476257095536592e+16 1.0400674527914666e+16 1.0346951662040738e+16 1.0260109381681278e+16 1.0196892943446402e+16 1.0091216668205424e+16 1.0010678005349112e+16 9966227957849318.0 9918165005396954.0 9865553618867372.0 9807030182217782.0 9740439363773638.0 9565091911090692.0 9432958955228498.0 9209725669563348.0
53900.007551223986 1.1534962470916838e+16 1.1423271218133608e+16 1.1302961804417092e+16 1.1172539568470116e+16 1.1029852936347862e+16 1.0872475210213974e+16 1.0696378090663212e+16 1.0599420651136564e+16 1.0494765609558392e+16 1.038020042221255e+16 1.0305277203022276e+16 1.0252042214831898e+16 1.016595828006182e+16 1.0103323184147162e+16 9998635987571138.0 9918899887513228.0 9874903729517718.0 9827343635921202.0 9775310192622648.0 9717455460995008.0 9651680932776094.0 9478807644470120.0 9348952822026568.0 9130572310155104.0
54100.00757924339 1.141867604636855e+16 1.1307733224704996e+16 1.1188993582230814e+16 1.1059708455166774e+16 1.0918320854235356e+16 1.0762348754426382e+16 1.0587985717203246e+16 1.0492097186706658e+16 1.0388519991889164e+16 1.0275210198211316e+16 1.0201095725239724e+16 1.0148449364789254e+16 1.0063322598476474e+16 1.000137998795737e+16 9897823765076588.0 9818964715223380.0 9775452676453912.0 9728417118676728.0 9676957812991782.0 9619740665364466.0 9554694634984982.0 9383818879214974.0 9255601412038316.0 9040445601762742.0
54300.007607262785 1.1261399532775078e+16 1.115307724437634e+16 1.1035761922985548e+16 1.0909132676910544e+16 1.0770606921872794e+16 1.0617849666648314e+16 1.0447411696670624e+16 1.0353621659526626e+16 1.0252436355435476e+16 1.014159885752145e+16 1.0069088326129694e+16 1.0017546664883922e+16 9934143821465400.0 9873401200523428.0 9771730309347092.0 9694182939545948.0 9651345471347556.0 9604998074437554.0 9554234952492434.0 9497733113305526.0 9433415692977282.0 9264002096171670.0 9136453675939010.0 8921476637318190.0
54500.00763528209 1.118223495339805e+16 1.1075060630993394e+16 1.0958855531477438e+16 1.0832891756397378e+16 1.0695539446657436e+16 1.0543973241443058e+16 1.0374589559130982e+16 1.0281332027344834e+16 1.018079706428423e+16 1.007072249907034e+16 9998785419826828.0 9947644600087606.0 9864959028081702.0 9804810860203596.0 9704262136765906.0 9627683005681044.0 9585447307203732.0 9539787978088420.0 9489845556938630.0 9434337157786506.0 9371258044735024.0 9205750636566166.0 9081842404578640.0 8874751613834111.0
54700.00766330149 1.1046911536214782e+16 1.094095858596477e+16 1.0826993164955456e+16 1.0703587177894712e+16 1.0568919037635902e+16 1.0420222809991728e+16 1.0254364773262794e+16 1.0163102498559686e+16 1.0064531888810914e+16 9956757076931958.0 9886228195403594.0 9836098423723202.0 9755046387426674.0 9696044637015580.0 9597373415681620.0 9522184185102396.0 9480696104314876.0 9435830339293360.0 9386730706457526.0 9332125930070980.0 9270041966277764.0 9106943350006652.0 8984679729736093.0 8780199514779457.0
54900.00769132089 1.093215290515287e+16 1.0827458832422348e+16 1.0715009971941038e+16 1.0592432270419832e+16 1.045909772114981e+16 1.0312069519771238e+16 1.0147946330042402e+16 1.0057642762656972e+16 9960225232341924.0 9853573515409618.0 9783787007559750.0 9734211818384306.0 9653989580362488.0 9595569475161350.0 9497817889140374.0 9423296262157250.0 9382159193632634.0 9337668170687392.0 9288968738805386.0 9234801594765436.0 9173201710160728.0 9011353276508500.0 8890042039840331.0 8687153182937976.0
55100.00771934029 1.0838779445858196e+16 1.0734932448649564e+16 1.0623423241775712e+16 1.0502254017412418e+16 1.0369940117882972e+16 1.0224367314579048e+16 1.0061890820949282e+16 9972407267512564.0 9875901686457088.0 9770345152484482.0 9701297646453488.0 9652206029358168.0 9572841774646624.0 9515085528149280.0 9418520302019384.0 9344962649055504.0 9304373809285064.0 9260498547598690.0 9212500097444018.0 9159142218174222.0 9098501962940106.0 8939393148087623.0 8820387520808563.0 8622160847538633.0
55300.00774735968 1.0737689763625342e+16 1.063584762262671e+16 1.0525634712235624e+16 1.0406697876716338e+16 1.0277037778478686e+16 1.0133962326383208e+16 9974402106317690.0 9886633792027082.0 9792031498110424.0 9688482889714912.0 9620787732005822.0 9572678763649920.0 9494932142649042.0 9438387943250068.0 9343918324169288.0 9272021054542284.0 9232402336794554.0 9189600893336512.0 9142825451365838.0 9090890232490620.0 9031967414758464.0 8877936286818977.0 8763376103515115.0 8574037459240978.0
55500.00777537909 1.0602041081360652e+16 1.0500516807094102e+16 1.0391380393564684e+16 1.0273534749457802e+16 1.0144890983798462e+16 1.0003269207084944e+16 9845156955119638.0 9758180419131238.0 9664465334473138.0 9561835821609706.0 9494690460826012.0 9446950357782062.0 9369711273026702.0 9313471497003556.0 9219371902720522.0 9147620313889926.0 9108002901986442.0 9065153279481458.0 9018237797256742.0 8966051739371137.0 8906693142668380.0 8750721985778912.0 8633901533016945.0 8439158055563480.0
55700.007803398395 1.0526400641774152e+16 1.042718413334486e+16 1.0319308391114348e+16 1.0202887266127604e+16 1.0075488232591276e+16 9935622100503132.0 9779644522805692.0 9693806886623242.0 9601226070367272.0 9500043548212108.0 9433829210329410.0 9386840432984194.0 9310834362389672.0 9255537848666648.0 9163185790763276.0 9092926080746312.0 9054198547680686.0 9012372762487838.0 8966667070215114.0 8915928418318842.0 8858363813480094.0 8707949464969800.0 8596167757384582.0 8411710031152542.0
55900.00783141779 1.0374544343103888e+16 1.0277064954194204e+16 1.0172075206996846e+16 1.0058426927106636e+16 9934495200895314.0 9798289031520628.0 9646567068981774.0 9563094327810496.0 9473161636725998.0 9374696423133816.0 9310291038810000.0 9264478593461610.0 9190375723391600.0 9136458244443074.0 9046228196650620.0 8977449448518138.0 8939491093528291.0 8898446846673382.0 8853526452009583.0 8803582118429321.0 8746807476607403.0 8597842829215476.0 8486555735935236.0 8301874451569971.0
56100.00785943719 1.029529561383445e+16 1.0197403739861782e+16 1.0092809243026166e+16 9979012490865386.0 9855329704572678.0 9719255943336160.0 9567545747525158.0 9484102272142774.0 9394243547591056.0 9295886872000354.0 9231576118943928.0 9185870867138886.0 9111950202648656.0 9058149405697022.0 8968211153629481.0 8899700846405177.0 8861900921303784.0 8821053302823163.0 8776375717162480.0 8726730871957612.0 8670345409399788.0 8522710091884070.0 8412769305768417.0 8231130603703292.0
56300.007887456595 1.0183082160557784e+16 1.0086758381936206e+16 9983351846780982.0 9871262823231130.0 9749448234226710.0 9615281792868310.0 9465733090613656.0 9383681425939174.0 9295093211119372.0 9198267909241280.0 9134893238519512.0 9089850631690156.0 9016984126532624.0 8963944105766902.0 8875238461074219.0 8807639019673314.0 8770332509531331.0 8729995439236603.0 8685860253263366.0 8636788212237727.0 8581016825408003.0 8434740346680587.0 8325555605261879.0 8144737615840073.0
56500.00791547599 1.010587239928864e+16 1.0010405140263128e+16 9908199933585434.0 9797430094838724.0 9676580792300826.0 9543762440182510.0 9395716286583074.0 9314338557853046.0 9226643474746406.0 9130690365744026.0 9067939053856548.0 9023390437634078.0 8951326356970775.0 8898901960249115.0 8811310652129227.0 8744658387613197.0 8707914435462557.0 8668227672053268.0 8624846701962832.0 8576685857252151.0 8522038551700035.0 8379215862316192.0 8273128575511825.0 8098547918343449.0
56700.007943495395 1.000516465427786e+16 9911258666080766.0 9809842270766346.0 9700386306191414.0 9581103439034386.0 9450062709761730.0 9303898016340226.0 9223537031660288.0 9136957449555130.0 9042256405967284.0 8980364568296507.0 8936344874276347.0 8865228027550209.0 8813484793433280.0 8727042910429704.0 8661263240914977.0 8624989885258194.0 8585815893424385.0 8542992644451251.0 8495447171014681.0 8441490834234048.0 8300458562680096.0 8195712016649978.0 8023500243860168.0
56900.007971514686 9880421283014756.0 9787800449025964.0 9687668438163402.0 9579756420554808.0 9462552359801460.0 9333709220984116.0 9190056703532990.0 9111195952336408.0 9026170641227680.0 8933124360309277.0 8872228933684992.0 8828965504512554.0 8758957622827939.0 8708002070160892.0 8622754106934798.0 8557791016720171.0 8521934252384704.0 8483165944123589.0 8440744280457417.0 8393577945563581.0 8339961224930123.0 8199348595671246.0 8094469918924314.0 7921265399752341.0
57100.00799953409 9797277070432588.0 9706184415381468.0 9608164792963628.0 9501961412239606.0 9386453251093612.0 9259561173127768.0 9118205761920234.0 9040524283414404.0 8956741556992246.0 8865130775213678.0 8805214540136174.0 8762607170386997.0 8693692704537035.0 8643551314315687.0 8559764925433857.0 8495976075197266.0 8460803948501995.0 8422806961207099.0 8381262443306918.0 8335134689151816.0 8282783802314039.0 8145961556429617.0 8044407434756157.0 7877729630716054.0
57300.00802755349 9705663013322620.0 9614580349495238.0 9518190076018068.0 9412621583303910.0 9298033008744564.0 9172370034848350.0 9031970099558534.0 8954893840049112.0 8871896822250608.0 8781029539580129.0 8721595639328358.0 8679366285866744.0 8611064039762060.0 8561378994559856.0 8478339565571808.0 8415137078358102.0 8380290013329253.0 8342645523852216.0 8301501046553468.0 8255813347989113.0 8203966620279609.0 8068488955408840.0 7967966674425213.0 7803111897297601.0
57500.008055572885 9606510226899066.0 9517108619410060.0 9421498100162810.0 9317604024520226.0 9204157694163828.0 9079898915362806.0 8941563227832722.0 8865588145597862.0 8783716243711957.0 8694134007031467.0 8635553093382849.0 8593901503845907.0 8526577291504615.0 8477582660821183.0 8395695066659843.0 8333357600161894.0 8298984195443164.0 8261845685707588.0 8221247502021368.0 8176166468379329.0 8124999535321921.0 7991284308788688.0 7892063802284629.0 7729359802015847.0
57700.00808359229 9510433503172594.0 9421977164960614.0 9327313964611716.0 9224539281616440.0 9112896554417568.0 8990163767711205.0 8853502937811617.0 8778533176470536.0 8697630529870506.0 8609181534533543.0 8551358464586759.0 8510264859280325.0 8443762686736576.0 8395398909195657.0 8314549483197835.0 8252993031016153.0 8219046735722559.0 8182375454542914.0 8142275881065708.0 8097734933842630.0 8047163216227591.0 7914883510268420.0 7816616593448711.0 7655392825871321.0
57900.008111611685 9420212756028014.0 9333020423497254.0 9239958339788810.0 9138815078706730.0 9028823503716206.0 8908048606962926.0 8773448726974463.0 8699750595920506.0 8620218707264226.0 8533210477820711.0 8476298625995744.0 8435881447888247.0 8370522229302647.0 8322965821582550.0 8243527035735791.0 8183099783389464.0 8149787513886238.0 8113814395449070.0 8074507958684463.0 8030878576721739.0 7981391751189239.0 7852226933160992.0 7756561345266853.0 7600132058714300.0
58100.00813963109 9323873564899588.0 9237829496925924.0 9145141957906426.0 9045032665907690.0 8936178329221723.0 8816441165860394.0 8683442353803967.0 8610371051463834.0 8531614516947895.0 8445478864544502.0 8389112569793561.0 8349077061613023.0 8284336453372257.0 8237221574131051.0 8158472259525898.0 8098527557623781.0 8065476085955266.0 8029758551921291.0 7990709617748935.0 7947332047128323.0 7898085244271571.0 7769284676912372.0 7673644817364090.0 7516938177604802.0
58300.00816765039 9236623729329026.0 9151542160847882.0 9060217810862274.0 8961236902982279.0 8853565679850492.0 8735442967154116.0 8603970628360472.0 8531753990656002.0 8453968825689581.0 8368848019508681.0 8313187116369322.0 8273613428332665.0 8209628221906414.0 8163071989900569.0 8085274192536130.0 8026054598574945.0 7993404204377053.0 7958135328640677.0 7919576017719453.0 7876758635235242.0 7828157692796408.0 7701129245260117.0 7606877865231842.0 7452568140412839.0
58500.00819566979 9152389256846616.0 9068435329514556.0 8977946337128081.0 8880310734421791.0 8774146876027416.0 8657490488654492.0 8527642569467904.0 8456383174102084.0 8379555269747139.0 8295516751485966.0 8240588500295960.0 8201543254946628.0 8138416870763399.0 8092492491023783.0 8015789794736699.0 7957437312307630.0 7925274437104493.0 7890539457433811.0 7852586837092121.0 7810456603577388.0 7762662042727542.0 7637855829162637.0 7545379364624035.0 7394270120209247.0
58700.00822368919 9052413492842498.0 8969719123564453.0 8880590247992818.0 8784020519715687.0 8679532562602451.0 8564586530507022.0 8436636511372948.0 8366405127895670.0 8290708394322558.0 8207887278481142.0 8153718681378697.0 8115209232598725.0 8052938143289503.0 8007613494846996.0 7931875996015549.0 7874214440754508.0 7842417817486655.0 7808056448532304.0 7770488729758954.0 7728754969772279.0 7681364115270398.0 7557372958340715.0 7465266111458426.0 7314370436724067.0
58900.00825170858 8946233160830058.0 8865586942231853.0 8779173112132200.0 8685667363987823.0 8583739342148668.0 8471917173689888.0 8347403304741671.0 8278945250436264.0 8205096947095057.0 8124250995929759.0 8071360115923630.0 8033744054035846.0 7972873164553810.0 7928567178138182.0 7854497909599041.0 7798085029791636.0 7766963447129092.0 7733334804398628.0 7696559181519852.0 7655695863464992.0 7609289334510916.0 7487849639589013.0 7397645985576583.0 7249972590785758.0
59100.00827972799 8806522296368754.0 8734203179728105.0 8655782697423506.0 8570495165731529.0 8477294339146460.0 8373913116544361.0 8257611524989347.0 8193152953086914.0 8123050079094050.0 8045822776950439.0 7994962979011745.0 7958683520920212.0 7899794758833959.0 7856781077188192.0 7784671207389832.0 7729624190471931.0 7699209023868422.0 7666312089796212.0 7630310246613993.0 7590278760457854.0 7544788552155482.0 7425666127990735.0 7337159840299738.0 7192320619942517.0
59300.008307747295 8793650996946582.0 8714727527093870.0 8629329953584943.0 8537098178217182.0 8436637753968578.0 8326463427647119.0 8203722051853842.0 8136303365583541.0 8063568437762803.0 7983956536440542.0 7931863662778244.0 7894832700990494.0 7834936923810511.0 7791355239318141.0 7718519143618851.0 7663095560394301.0 7632528251616406.0 7599514044131082.0 7563430176304681.0 7523359097740902.0 7477884860543638.0 7359043687821224.0 7270929126722461.0 7126987406447919.0
59500.00833576669 8680788847013071.0 8603327840224517.0 8520307233079154.0 8430511497142577.0 8333228316462217.0 8226309378094145.0 8107323100959975.0 8041980096877918.0 7971429714811816.0 7894168793505640.0 7843556924995087.0 7807544881099088.0 7749248187141765.0 7706778428445803.0 7635751944521989.0 7581620772313282.0 7551744959406586.0 7519451225949443.0 7484121455191855.0 7444847891085164.0 7400226475000304.0 7283355523697762.0 7196465408879644.0 7054177213785297.0
59700.00836378609 8625727429161275.0 8548399342805958.0 8465268902352445.0 8375423616955790.0 8277840984609318.0 8170842364965379.0 8051628443014176.0 7986187800431299.0 7915598857533541.0 7838295246447059.0 7787704408336287.0 7751716411292869.0 7693512252586587.0 7651168627091100.0 7580379156778399.0 7526521537073868.0 7496826702529927.0 7464755750258452.0 7429705697639032.0 7390790914034926.0 7346640377735568.0 7231339469463799.0 7145928893457119.0 7006579181267161.0
59900.008391805495 8546442136718947.0 8469721637239678.0 8387132459351540.0 8298073924444915.0 8201233379169487.0 8095022208808630.0 7976836545316261.0 7912024307291548.0 7842076265302867.0 7765541224067853.0 7715436302340578.0 7679837595114022.0 7622239085478357.0 7580332936616133.0 7510322106813516.0 7457049298349831.0 7427684046522730.0 7395975006087788.0 7361318842903046.0 7322840822210933.0 7279190384967215.0 7165184387414760.0 7080722162506354.0 6942908757359920.0
60100.00841982489 8459213873814407.0 8383432761127683.0 8302196134622517.0 8214631409608681.0 8119236713149807.0 8014953298599137.0 7898936698375682.0 7835227121761177.0 7766557328827072.0 7691368518941746.0 7642184039470296.0 7607215641724302.0 7550628014486248.0 7509451785239468.0 7440664406051798.0 7388317582611432.0 7359458373128564.0 7328289297761618.0 7294225297888177.0 7256405947079343.0 7213494570733493.0 7101400405675275.0 7018336866539475.0 6882796836437281.0
60300.008447844295 8385636220645404.0 8310564672355490.0 8229873878433998.0 8142982841612810.0 8048349894498926.0 7944605035072717.0 7829394526003713.0 7766090032684637.0 7697840586272381.0 7623166755802260.0 7574293387863707.0 7539536202935899.0 7483329610840348.0 7442435667662826.0 7374097776805876.0 7322099469843474.0 7293438271612867.0 7262482407337959.0 7228655598466630.0 7191099116635870.0 7148491095084947.0 7037211880483476.0 6954771463220346.0 6820275831428650.0
60500.00847586369 8304718954622624.0 8230602337956551.0 8150891447033685.0 8064696654150032.0 7971291471327216.0 7868863203346776.0 7754886595251934.0 7692283703957712.0 7624762217937880.0 7550872390177016.0 7502487178784019.0 7468083923482987.0 7412449694490129.0 7371964178642116.0 7304299219789652.0 7252797477665858.0 7224394839338110.0 7193717275610022.0 7160179976196351.0 7122933851287433.0 7080657386497013.0 6970118941308887.0 6888103585542937.0 6754094830302748.0
60700.00850388299 8220440885385175.0 8147249343717476.0 8068550172203361.0 7984023159491012.0 7892060646553751.0 7791136180522597.0 7679042184796078.0 7617512556953610.0 7551129692828660.0 7478470717768876.0 7430897934376490.0 7397060250587335.0 7342333334126851.0 7302487073789503.0 7235886318977626.0 7185190567302854.0 7157234884447341.0 7127032832900519.0 7094014167147593.0 7057339959165635.0 7015705041159337.0 6906828229086212.0 6826039550642801.0 6694069361421824.0
60900.00853190239 8136993600989955.0 8065185880745652.0 7987663095071881.0 7904703237671580.0 7814423836128958.0 7715279421571387.0 7605180975946818.0 7544738109558732.0 7479473580605711.0 7408066072929272.0 7361282352289265.0 7328016191767602.0 7274182542088948.0 7234985311135196.0 7169455484914052.0 7119560829263443.0 7092044796712611.0 7062314946479061.0 7029810482117014.0 6993702488530912.0 6952706537942934.0 6845471562254872.0 6765871174238782.0 6635786320947173.0
61100.008559921785 8046702034743047.0 7976057425345618.0 7900364112770114.0 7818801517418062.0 7730234122698621.0 7633173272166581.0 7525313925258213.0 7466081464877654.0 7402128536829464.0 7332067403266578.0 7286155911378582.0 7253495173484937.0 7200627705983721.0 7162110817122126.0 7097680398150044.0 7048585266529864.0 7021487860105910.0 6992202874325323.0 6960161927715072.0 6924551890030962.0 6884088975704339.0 6778096704284968.0 6699286680426275.0 6570297118344011.0
61300.00858794119 7991269177818397.0 7920982860902369.0 7845243983083201.0 7763664099502259.0 7675198006629713.0 7578141006520951.0 7470298633857553.0 7411119134444518.0 7347245355291294.0 7277324801121894.0 7231514503773201.0 7198940448868440.0 7146222492057554.0 7107857061044107.0 7043708368092985.0 6994876219593117.0 6967946454035756.0 6938856383216767.0 6907050355498992.0 6871727103691967.0 6831630320828480.0 6726781327613115.0 6648980894349673.0 6521886417429071.0
61500.008615960585 7920861783300067.0 7851366627163734.0 7776252300443538.0 7695435462843187.0 7607873074023441.0 7511765356183410.0 7404923790459692.0 7346271261419880.0 7283014036846855.0 7213754718211788.0 7168379439319849.0 7136116390390298.0 7083896483431313.0 7045885987397008.0 6982355455834667.0 6934008501520885.0 6907348008601075.0 6878553049240249.0 6847076714321276.0 6812125365591973.0 6772456315492126.0 6668777859966067.0 6591896084183642.0 6466401991961126.0
61700.008643979985 7845777731175414.0 7776724489671387.0 7702735108780056.0 7623164464464623.0 7536747510652688.0 7441976943599908.0 7336781113392437.0 7278968284979934.0 7216625776195816.0 7148324086541844.0 7103599189172458.0 7071789852407633.0 7020324745693044.0 6982875585475080.0 6920254826955509.0 6872603422621051.0 6846335252276405.0 6817959006434686.0 6786946747363543.0 6752514962217663.0 6713442580603671.0 6611366703753824.0 6535731195380724.0 6412409485162755.0
61900.00867199929 7773689686475099.0 7705648649363950.0 7632778581177189.0 7553997401029329.0 7468578069953837.0 7375225007083717.0 7271319939182919.0 7214248500750587.0 7152771432378484.0 7085344621305824.0 7041196936014778.0 7009782816212828.0 6958968170536897.0 6921975934846733.0 6860142039127681.0 6813090963218330.0 6787149916632288.0 6759135553201556.0 6728517763461821.0 6694530723363870.0 6655966482986804.0 6555247402472061.0 6480641406317239.0 6359023899119111.0
62100.00870001868 7701445919569623.0 7634179230075943.0 7561998096435007.0 7484366266312867.0 7400099932996543.0 7307672783858290.0 7205076642785962.0 7148727327922284.0 7087959325044562.0 7021346647616909.0 6977717154394708.0 6946693208563055.0 6896483758428886.0 6859928961801978.0 6798827997896143.0 6752329782698088.0 6726694377765076.0 6699005044359037.0 6668746411567959.0 6635153976518191.0 6597038310578265.0 6497504515633330.0 6423794214846395.0 6303695254215981.0
62300.00872803809 7605634968152064.0 7540047839792802.0 7470071786949081.0 7394414847561571.0 7312783751219262.0 7223159966163518.0 7123624464211933.0 7068934371899304.0 7009919940473931.0 6945190868253600.0 6902770718736032.0 6872582767600023.0 6823681543707065.0 6788059660000654.0 6728466390438026.0 6683060962156123.0 6658004525171853.0 6630930030302743.0 6601315062702142.0 6568412860875725.0 6531046114070993.0 6433280259401245.0 6360722516195135.0 6242272353777147.0
62500.00875605748 7546576865838075.0 7481136075521507.0 7411469177569750.0 7336107724667703.0 7254495643108396.0 7165134436592679.0 7065772875114450.0 7011188112510217.0 6952246790850534.0 6887640212726545.0 6845305783165868.0 6815175250097315.0 6766372309319111.0 6730847679484098.0 6671406707201698.0 6626122365792191.0 6601142156026981.0 6574145694074264.0 6544620794611367.0 6511815710670503.0 6474560608487195.0 6377067914072766.0 6304676771938151.0 6186393360036488.0
62700.00878407689 7477632701482846.0 7413257185075626.0 7344201233915746.0 7269988979370310.0 7189566510810521.0 7101245634678713.0 7003207353281827.0 6949325118579007.0 6891110891519516.0 6827342684453097.0 6785535291773291.0 6755780809188288.0 6707593900512664.0 6672497793118527.0 6613785809436141.0 6569062179708093.0 6544393191921776.0 6517736078308326.0 6488587062958359.0 6456201848767426.0 6419430387653197.0 6323244485663328.0 6251867659818281.0 6135335406365328.0
62900.00881209629 7403816917721977.0 7340655156276354.0 7273210288879903.0 7200650617505359.0 7121749692773550.0 7035337091154117.0 6939266982034166.0 6886371722706528.0 6829285789676901.0 6766551417094537.0 6725397359722518.0 6696100019906080.0 6648634885617476.0 6614028880834284.0 6556107804356691.0 6511968296775035.0 6487607584491899.0 6461277639645698.0 6432479146022677.0 6400474243606091.0 6364124238561048.0 6268997981397657.0 6198371389349632.0 6082997177542460.0
63100.00884011568 7332419097696961.0 7269857964193437.0 7202752268310772.0 7130637009260054.0 7052391741608291.0 6966853015472840.0 6871795365604555.0 6819529652763843.0 6763075229656620.0 6701159326110841.0 6660559921396585.0 6631667347301846.0 6584854021430001.0 6550751896047298.0 6493667006703739.0 6450167487795561.0 6426161654172603.0 6400216265133555.0 6371833144856890.0 6340283157930517.0 6304441747834583.0 6210581425497025.0 6140832740497700.0 6026799971853968.0
63300.00886813499 7284817425897741.0 7222159572689751.0 7155013981177344.0 7082967893827993.0 7004665589680784.0 6919114257630806.0 6823963525726368.0 6771678447702140.0 6715235331014011.0 6653397183071754.0 6612851278131611.0 6584010245648534.0 6537318649673229.0 6503299905604920.0 6446426979816332.0 6403125661437634.0 6379247877131912.0 6353456918351575.0 6325260701041887.0 6293951691814686.0 6258420734026669.0 6165587486217153.0 6096800031266757.0 5984661389003165.0
63500.008896154395 7215253754177791.0 7153225434216126.0 7086973930337936.0 7015469184877036.0 6938111616554705.0 6853624234993702.0 6759603441533738.0 6707944983515362.0 6652198133120197.0 6591082587821411.0 6551030788610277.0 6522510084236274.0 6476344202153591.0 6442713080186962.0 6386460447844604.0 6343604197228521.0 6319966098587223.0 6294424529825045.0 6266490088056169.0 6235457330915494.0 6200219157692334.0 6108030294869461.0 6039602178951354.0 5927843499811938.0
63700.00892417379 7147534454605666.0 7086678395899615.0 7021255110310546.0 6951011414877748.0 6874989360488102.0 6791837039046614.0 6699481216195804.0 6648755275697929.0 6593919214215679.0 6533864828263476.0 6494471324204385.0 6466432335640783.0 6421038957923582.0 6387977810171530.0 6332674888572069.0 6290557979337444.0 6267333797079287.0 6242241154041872.0 6214811160314546.0 6184347426142374.0 6149776460485619.0 6059455117410026.0 5992558660677557.0 5883610723412975.0
63900.00895219319 7081241041512628.0 7020978771640442.0 6956252974790495.0 6886642767231261.0 6811174310071321.0 6728853105348991.0 6637248274477533.0 6587004811593910.0 6532704627422955.0 6473178809996732.0 6434143754506643.0 6406342350200994.0 6361346410988471.0 6328553795901982.0 6273701008478484.0 6231901539076751.0 6208839483786999.0 6183916982356065.0 6156658286851984.0 6126365871073540.0 6091961078230944.0 6001921760078192.0 5935069829469309.0 5825892092435901.0
64200.008994222284 6988621856119195.0 6929339133682866.0 6865601348766522.0 6797371017900636.0 6723330193412021.0 6642376951226937.0 6552402245118992.0 6503005779065253.0 6449659763860009.0 6391120726970048.0 6352743066544059.0 6325435342359922.0 6281198407442548.0 6248973852733601.0 6195060748579226.0 6153994531090746.0 6131340634484210.0 6106861611191150.0 6080096773004471.0 6050361325745791.0 6016600118120713.0 5928314095522983.0 5862835501995125.0 5756026097136326.0
64600.00905026098 6856415234711816.0 6798428680201010.0 6736841876779102.0 6670147288103191.0 6598278963492672.0 6519575937397970.0 6432268895020277.0 6384237703908591.0 6332368146741217.0 6275479406434330.0 6238171887417629.0 6211602357221069.0 6168566709548628.0 6137204548529617.0 6084714896854996.0 6044707368864719.0 6022632509781525.0 5998768692462593.0 5972662690114217.0 5943648382085672.0 5910691091867720.0 5824419056839231.0 5760364456071103.0 5655787894146277.0
65000.00910629979 6730339732651353.0 6674126552461693.0 6613828582579516.0 6549348408191532.0 6479316043323646.0 6402774161420503.0 6317775181426665.0 6271046600054664.0 6220576891474187.0 6165185763234438.0 6128856968577385.0 6102979846720024.0 6061046038293419.0 6030483175566005.0 5979315984700470.0 5940305259091832.0 5918772520270489.0 5895495249345631.0 5870024563973227.0 5841711469066199.0 5809545970675100.0 5725328418826760.0 5662796052681613.0 5560739147168684.0
65400.00916233859 6619101820086223.0 6563767096115901.0 6504588241167142.0 6440898292612111.0 6371855134315052.0 6296605684680660.0 6213076720615919.0 6167124170751916.0 6117468833232005.0 6063017793493386.0 6027283835584439.0 6001838004847998.0 5960609183320095.0 5930567431427203.0 5880274329164502.0 5841940440400716.0 5820783932289992.0 5797915886161904.0 5772897865550762.0 5745089670835512.0 5713501676147972.0 5630810866301115.0 5569415896598003.0 5469193344919514.0
65800.0092183773 6503184982012963.0 6449009865988500.0 6391187553493263.0 6328942725605293.0 6261734350208479.0 6188240436055129.0 6106628551217088.0 6061765662301265.0 6013299832220698.0 5960115228262059.0 5925192661730422.0 5900343082511644.0 5860062952389168.0 5830698806413950.0 5781548330893986.0 5744084160241608.0 5723408668133376.0 5701059238936693.0 5676607058177555.0 5649432793971883.0 5618565076837254.0 5537782083236159.0 5477834831057454.0 5380061580613745.0
66200.00927441608 6385863568527926.0 6333039550781250.0 6276592596241779.0 6215914846592897.0 6150255831863098.0 6078566269012299.0 5999035923299093.0 5955289627552155.0 5908004531650499.0 5856101688350111.0 5822030601594689.0 5797757738240280.0 5758430927377350.0 5729761217548964.0 5681742456219618.0 5645125131127502.0 5624909575634190.0 5603050082364936.0 5579128667891943.0 5552531455002104.0 5522306651111203.0 5443122648803864.0 5384289802188548.0 5288218205469213.0
66600.00933045488 6276518559337218.0 6224812497217285.0 6169588683278889.0 6110216711200291.0 6045937915519685.0 5975885530286978.0 5898037775441996.0 5855223705579434.0 5808968959886076.0 5758179503892806.0 5724837181032448.0 5701088816293205.0 5662600605602160.0 5634524490659065.0 5587519942439681.0 5551673464155698.0 5531881563414399.0 5510482585096300.0 5487064976723051.0 5461027792696911.0 5431439749310666.0 5353941277898801.0 5296381804027360.0 5202449735769109.0
67000.00938649359 6164403354673384.0 6113812663273082.0 6059927006301180.0 6002070558528519.0 5939641367094074.0 5871341508425563.0 5795467417991167.0 5753764404065829.0 5708704180107926.0 5659195223639542.0 5626680431022573.0 5603516530772856.0 5565977996975095.0 5538599271385147.0 5492739594600564.0 5457748592489898.0 5438424555257734.0 5417529284449506.0 5394656586099637.0 5369219992840759.0 5340306326302849.0 5264536760315193.0 5208237331200415.0 5116351175813837.0
67400.00944253239 6053524141104642.0 6004468846132285.0 5951928154558043.0 5895623737329289.0 5834753836403948.0 5768360963362203.0 5694512667678409.0 5653901379759501.0 5609977022365567.0 5561699686409912.0 5529995678306461.0 5507400535955095.0 5470757757132067.0 5444025653622727.0 5399237496545369.0 5365043583486141.0 5346156041710180.0 5325721945950271.0 5303345564688488.0 5278450967149404.0 5250137931235763.0 5175870452081840.0 5120620870068131.0 5030351126577451.0
67800.00949857119 5945493709740735.0 5898180316289406.0 5847528637622173.0 5793163603016969.0 5734267581148647.0 5669925990636066.0 5598294066714120.0 5558832730828594.0 5516101524150113.0 5469093243333504.0 5438191222614833.0 5416155208670545.0 5380395029840540.0 5354294319320314.0 5310530955720513.0 5277104626657889.0 5258634294177481.0 5238647795601249.0 5216758364608598.0 5192398064853797.0 5164687594865494.0 5091980037806511.0 5037882232048731.0 4949497935330483.0
68200.00955460989 5851254792635760.0 5804136203806123.0 5753772308948921.0 5699715927758598.0 5641335317761349.0 5577580142397888.0 5506770953742718.0 5467821141888066.0 5425700313848895.0 5379403388614540.0 5348992633016305.0 5327315437680987.0 5292157923133801.0 5266507174246302.0 5223511872372706.0 5190681355530688.0 5172545212471592.0 5152922480939538.0 5131431383512436.0 5107516619954713.0 5080313021516110.0 5008930292067423.0 4955811742212443.0 4869019482645758.0
68600.00961064869 5752013670280875.0 5705813515722415.0 5656459070047595.0 5603663601616753.0 5546518902068926.0 5484210644386829.0 5415052471903002.0 5376954372667247.0 5335776894638136.0 5290523222090892.0 5260783485953252.0 5239581353308278.0 5205185506052576.0 5180089712309057.0 5138019511889378.0 5105891225514758.0 5088137596155119.0 5068927686573573.0 5047887123127896.0 5024470086863572.0 4997828875799912.0 4927906200553496.0 4875866306847695.0 4790843064635651.0
69000.00966668749 5653905966141497.0 5608682028309223.0 5560445919868603.0 5508871091724272.0 5453062218328505.0 5392161926484105.0 5324565502672487.0 5287329568369038.0 5247068185435311.0 5202803098781440.0 5173703725143554.0 5152965456033475.0 5119312576434519.0 5094747329336273.0 5053559571004220.0 5022093428901404.0 5004701471970979.0 4985879433253611.0 4965257402140676.0 4942301381938886.0 4916174212527847.0 4847556392491111.0 4796446221065958.0 4712880711819366.0
69400.00972272619 5556462935215425.0 5512321632324303.0 5465260104720251.0 5414819198156848.0 5360368942972427.0 5300948765295022.0 5234970310725617.0 5198647304384753.0 5159356007905055.0 5116151495773065.0 5087740645189960.0 5067476786496299.0 5034595374409893.0 5010589829553770.0 4970334249796419.0 4939564199032055.0 4922552094741176.0 4904136693349349.0 4883953107536435.0 4861479547980213.0 4835891213131518.0 4768639807134118.0 4718509090393226.0 4636500129087364.0
69800.00977876499 5466117975197337.0 5422788884281528.0 5376711705325447.0 5327331478925895.0 5274071810234765.0 5215817928403236.0 5151097882094165.0 5115487533905993.0 5076961973561455.0 5034564356551129.0 5006689070628005.0 4986817636366441.0 4954559019578178.0 4931009649799174.0 4891510435434130.0 4861318656948326.0 4844625512317066.0 4826555234098101.0 4806751762013008.0 4784698044028743.0 4759590190884688.0 4693602569658062.0 4644418065629083.0 4563968989505064.0
70200.00983480379 5368695175011030.0 5326670294065756.0 5281833420321795.0 5233792071358668.0 5182008201306474.0 5125430958291993.0 5062613221810317.0 5028002416983753.0 4990567542910809.0 4949329593007427.0 4922219956145288.0 4902876355349062.0 4871474801227143.0 4848536608516747.0 4810047094236911.0 4780603221655174.0 4764313862908677.0 4746673684935567.0 4727332060321280.0 4705781729544373.0 4681231210787191.0 4616632950159764.0 4568421733253931.0 4489486974929595.0
70600.00989084248 5284612887449578.0 5243355163190851.0 5199254565829120.0 5151967856772080.0 5100989500725802.0 5045400452038269.0 4983565326138946.0 4949525577267358.0 4912674766554274.0 4872113813415503.0 4845448316161412.0 4826423378914475.0 4795538360667085.0 4772979262018919.0 4735121838982552.0 4706170748910567.0 4690155947798781.0 4672814474630493.0 4653799896460125.0 4632616077153961.0 4608484522182261.0 4544996856907945.0 4497621502545300.0 4420066034045308.0
71000.00994688128 5198222238908874.0 5157664577902760.0 5114429821594829.0 5068196626620482.0 5018259916824064.0 4963788030775405.0 4903285178894309.0 4869949741287887.0 4833876499976350.0 4794156907117900.0 4768025871874142.0 4749385015284250.0 4719127197490528.0 4697019124968271.0 4659912929540087.0 4631530570728231.0 4615828605241795.0 4598821800485947.0 4580172151578476.0 4559390879838042.0 4535712877313668.0 4473391340698469.5 4426864750703043.5 4350668831451264.5
71400.01000292008 5112375161562421.0 5072670278439079.0 5030490877169377.0 4985191342346211.0 4936464868128052.0 4883234082820304.0 4824082706278672.0 4791508010559505.0 4756211360247289.0 4717355928717015.0 4691793087407899.0 4673558413351621.0 4643938309749583.0 4622299409540978.0 4585969635989875.0 4558170957672183.0 4542788759573861.0 4526126979820862.0 4507851653336084.0 4487482605622566.0 4464268479466511.0 4403141198164797.0 4357484292989201.0 4282691195472191.5
71800.01005895888 5028703309234708.0 4989927550191024.0 4948526847915590.0 4904318091947524.0 4856541319866161.0 4804471112894593.0 4746590325994946.0 4714702690231160.0 4680153810643655.0 4642113973256077.0 4617079404179999.0 4599214421062436.0 4570202189177038.0 4548996372168335.0 4513389299448751.0 4486137690375272.5 4471053903623787.5 4454712431509982.5 4436784342362769.5 4416797621136509.5 4394012427495028.5 4333980079137180.5 4289111986241910.5 4215567621410305.5
72200.0101149976 4945658930110793.0 4907727570783552.0 4867355900493086.0 4824209339765311.0 4777577824935449.0 4726723930526703.0 4670214649376488.0 4639034798730553.0 4605278778254876.0 4568092050487163.0 4543609270537433.0 4526132281832677.0 4497755116942481.0 4477008900675078.5 4442154498673660.0 4415469560469758.0 4400695810964758.5 4384684135933327.0 4367117128040372.5 4347525594403791.0 4325183531200961.0 4266283957942673.0 4222234037703303.0 4149996972208830.0
72600.01017103638 4865491997532467.0 4828415173058101.0 4788873202472905.0 4746556012693962.0 4700911416681421.0 4651146190870378.0 4595829671945969.0 4565330293221380.0 4532291839529060.0 4495885003420680.5 4471914182830134.0 4454802120108820.5 4427001670284847.0 4406681249266818.0 4372529505565887.0 4346374940187223.0 4331892742059434.5 4316194436312366.5 4298965204654207.5 4279746655738239.0 4257823804737186.5 4199997602615541.5 4156723716590334.5 4085722591737612.5
73000.01022707518 4789748556749376.0 4753198858332426.0 4714341968910477.0 4672843601126527.0 4628056149824379.0 4579231310494074.0 4524926513494612.0 4494988409781837.0 4462549925791037.5 4426801563461608.0 4403260210103202.5 4386450373141490.5 4359148870642348.5 4339188447468048.0 4305644383971114.0 4279952410328246.5 4265725389992924.0 4250303579539412.0 4233375767457462.0 4214493493761672.0 4192951978055660.0 4136124969250970.0 4093593322697802.0 4023805187998543.5
73400.01028311388 4709384996147383.0 4673730187975212.0 4635955387662968.0 4595481423031879.0 4551876583160802.0 4504348153171198.0 4451414763518470.5 4422236731235719.5 4390607331503857.5 4355731578832409.5 4332765259875800.5 4316366063428841.5 4289714219762369.5 4270220679771554.5 4237444867748197.0 4212327712372403.0 4198411576243981.5 4183321168894626.5 4166751640903154.0 4148259137533846.0 4127151103703867.0 4071412232790120.5 4029648453395972.0 3961058085123983.5
73800.0103391527 4637651114110986.0 4602754434218592.0 4565546216195303.0 4525773295922679.0 4482943969971459.0 4436155591340006.5 4384150806871838.0 4355448141649007.0 4324352039101319.0 4290058974506013.0 4267474503449475.0 4251343734471759.5 4225135718225754.5 4205961790710543.5 4173730952084955.5 4149033233021851.0 4135347491059117.0 4120508320287491.0 4104215918873992.5 4086032259514781.0 4065277715477094.5 4010472376245579.0 3969409411490491.5 3901973652393360.5
74200.0103951915 4561381493224071.0 4527382968448394.0 4491174064891242.0 4452364651177958.0 4410515769312150.5 4364854015363821.5 4314077995416903.5 4286058250559835.0 4255659442487519.0 4222158324185549.5 4200082503151435.5 4184314402177711.0 4158677948415902.0 4139925154017426.5 4108385657063339.0 4084199786766391.5 4070794852462680.0 4056256338518539.0 4040287227232889.0 4022456555622150.0 4002095448613474.0 3948276757068612.0 3907909608194490.0 3841554004143747.0
74600.01045123019 4459256762624830.0 4428958546715535.5 4396547529444111.0 4361543263049544.0 4323499332740075.5 4281608301157930.0 4234560643495468.5 4208393973564035.5 4179874804473869.5 4148272951860224.0 4127363401147144.5 4112389070061192.0 4087985177785684.0 4070076124822886.5 4039865375095073.0 4016621954187499.0 4003714172768058.0 3989691029916005.5 3974264203372535.0 3957010666494018.5 3937272177654218.5 3884942999074251.0 3845568579295295.5 3780684582832875.5
75000.01050726899 4394657337831428.5 4364739395248838.0 4332755134362037.5 4298456268716763.0 4261140287222329.0 4219935000492418.0 4173614854429876.5 4147840847496101.5 4119732958862238.5 4088563280748947.0 4067941643400230.5 4053167304018449.0 4029085355489294.0 4011415564644353.5 3981608891219190.0 3958683212863730.5 3945950024924100.5 3932119689267548.5 3916906411771294.5 3899894105532321.5 3880435812913183.0 3828867222514661.5 3790085285114420.5 3726212848518666.0
75400.01056330778 4350164579070821.5 4318346513704183.0 4284429656602999.5 4248007820146917.5 4208810745678228.5 4166014781188672.5 4118348018605958.5 4092018631885480.5 4063439473341904.5 4031908562154740.0 4011117993703524.0 3996260068482638.0 3972105233859323.5 3954419035789755.0 3924655833207218.0 3901814126168020.5 3889145520126220.0 3875398101361052.0 3860289584351247.0 3843408998991484.5 3824118204392008.0 3773062252983736.0 3734710573184876.0 3671594182076761.0
75800.01061934649 4285133737379486.0 4253660988497121.0 4220199653322259.5 4184393282834140.0 4145836303376774.5 4103717112610065.5 4056853604252947.0 4030987240711017.0 4002921582506279.5 3971951848786558.0 3951529502281219.0 3936935561780826.5 3913205315232375.5 3895826156036013.0 3866579879046000.0 3844132741877524.0 3831682924345566.5 3818171412852661.0 3803321087560567.0 3786728817303253.5 3767764673282614.5 3717563626133257.0 3679846584974217.0 3617765019847388.5
76200.01067538529 4218922508395887.5 4188046486949794.5 4155238892654748.0 4120152745186387.5 4082406931041862.0 4041190060589825.0 3995273471530694.5 3969927072818547.5 3942427534077835.5 3912068961469956.0 3892046042914076.0 3877736778862274.5 3854463430923799.0 3837421364042274.0 3808729882549307.5 3786703850220025.0 3774484196793230.5 3761218724787094.5 3746637797083330.5 3730341128562526.5 3711710272193964.0 3662366691859347.5 3625272755910487.0 3564187817377037.5
76600.01073142409 4154618358759074.5 4124349328600834.0 4092231180073441.0 4057836857293747.5 4020791255492463.5 3980382044106051.0 3935393404486611.0 3910530698045526.5 3883544526701730.0 3853767554104425.5 3834122042235856.5 3820083469653159.5 3797247194725856.5 3780517041665505.5 3752350872533643.5 3730723569710058.0 3718722758265606.5 3705693466196610.0 3691369312409089.5 3675357159744476.5 3657048492807246.5 3608540532387602.5 3572060070313930.5 3511967053412427.5
77000.01078746279 4089015329261032.0 4059400622328927.0 4027939222377345.0 3994384961869081.0 3958209592269425.0 3918728576136508.5 3874754113046455.5 3850453397185468.0 3824079533513374.0 3794972422539525.0 3775764285395503.5 3762030944062998.5 3739686519113824.0 3723317861038197.0 3695746490873688.0 3674564809843144.5 3662808436206167.5 3650039765717643.5 3635997695269747.5 3620295002653604.0 3602332064313239.0 3554702150856163.0 3518851025235563.5 3459752623093206.5
77400.01084350159 4028976962327232.0 3999905099493315.0 3968993266108928.0 3936018038184877.0 3900448472344555.0 3861664415133348.0 3818445445617655.0 3794556386417411.5 3768628929613351.5 3739983979717903.0 3721087178322961.5 3707580856381754.0 3685601661054213.0 3669498171479506.0 3642370273400224.0 3621526916827123.0 3609956075235809.0 3597389501174485.0 3583569314413106.0 3568112940331284.0 3550431036227654.0 3503538656632043.0 3468236618036084.5 3410034272192249.5
77800.01089954039 3967882289058569.0 3939368600348562.0 3909198943240827.5 3876824989695663.5 3842036048234694.0 3804051139835195.5 3761705595243204.5 3738309710716331.5 3712900205931199.0 3684819247947721.5 3666286152924876.5 3653041362398158.0 3631477408360406.0 3615677596349216.0 3589051233517564.5 3568586344996921.0 3557225696501101.0 3544882760842905.5 3531305610327752.5 3516118787484124.5 3498740741360651.5 3452633566525119.5 3417905395179514.0 3360627336794446.0
78200.01095557908 3908503099212464.5 3880527100987894.0 3850888724169740.5 3819209340758770.0 3785072878792631.5 3747787698250632.0 3706254778165065.0 3683274292226685.5 3658338585063552.0 3630776203637671.0 3612588510068653.0 3599584145223324.0 3578415378759210.0 3562899397049712.0 3536754599094558.5 3516653698692785.5 3505492539212228.0 3493364884244498.0 3480022393555481.0 3465094751861351.5 3448009369260809.0 3402659319828040.0 3368485089231911.5 3312097500081745.0
78600.01101161788 3850269181396982.5 3822857691023888.0 3793766679339159.0 3762619408171320.5 3729154390546433.5 3692620466807136.5 3651883886577056.0 3629346034013474.5 3604883684688863.0 3577840390254718.5 3559993149341354.0 3547233651536461.5 3526454125172776.5 3511221263187358.0 3485544513805266.5 3465802202682952.5 3454836024303775.0 3442920548663503.5 3429807977820971.0 3415135334919604.0 3398338065609382.0 3353733564634978.5 3320106158347505.0 3264600886302457.5
79000.01106765668 3792714052694063.0 3765844957772367.5 3737341268806364.0 3706884158584284.5 3674042229326845.0 3638221847175983.0 3598282890085271.0 3576200130808703.0 3552207923415347.5 3525686888353591.5 3508178503723188.0 3495657018001091.5 3475266390213468.0 3460314972278547.0 3435108486028990.0 3415720709677185.0 3404949710361994.5 3393243697023245.0 3380359711954422.5 3365938726786915.5 3349424772339007.0 3305553244814505.0 3272460698610467.0 3217814433241886.5
79400.0111236954 3736275512939589.5 3709936829704814.0 3681962487616608.5 3652140982594945.5 3620001494273399.5 3584889984362638.0 3545725632476702.0 3524072497205916.0 3500533024549466.5 3474524332261624.5 3457347859345385.5 3445059310580481.0 3425047382342088.5 3410373581908082.0 3385628904547149.0 3366589379328317.0 3356008645830721.0 3344507743529134.5 3331845985274213.0 3317671731540826.0 3301436078947697.5 3258282885558056.0 3225714950595730.0 3171911973917496.0
79800.01117973418 3681288369323193.0 3655453018433138.5 3628004007027939.5 3598760977310940.5 3567223191951782.0 3532832030985157.0 3494426367006474.0 3473182410983767.0 3450090143605354.0 3424569114051310.5 3407709530768308.5 3395648614153980.5 3376002384022901.5 3361593027360260.5 3337289347347198.0 3318584548117334.0 3308188602633312.0 3296885810322587.0 3284441131719777.0 3270505793424515.5 3254540622568127.5 3212088583154870.5 3180035621202817.0 3127064643801316.0
80200.01123577298 3625915668892725.5 3600642260556025.0 3573827174174882.0 3545155578567725.5 3514316764208939.5 3480606674065356.5 3443022071282049.5 3422217220684153.5 3399601040780457.0 3374589229991305.5 3358071382659986.5 3346252906099549.0 3326994588815154.5 3312867336860929.5 3289028157666862.0 3270674021426361.0 3260469288143232.0 3249371480320111.5 3237148824413992.0 3223457966445238.0 3207766484502473.0 3166012822319628.0 3134462221583251.5 3082287280971412.0
80600.01129181168 3572493157488122.5 3547664152783461.5 3521392488270728.0 3493340534550673.0 3463110541816590.0 3430105546291676.5 3393271206779431.5 3372886491823893.5 3350709449430588.0 3326181417275396.0 3309982039647426.0 3298390063994231.0 3279492873126482.0 3265627053940786.5 3242228133372872.0 3224203320173635.0 3214179810051145.5 3203276908684663.0 3191265239455925.0 3177807480644074.0 3162379058857803.0 3121302708616633.0 3090246128929037.0 3038864435914388.0
81000.0113478505 3522340058162992.0 3497979194651384.0 3472145647772248.0 3444512857931730.0 3414782322927971.0 3382314921377460.0 3346068763191860.0 3326008657436939.0 3304185599874155.0 3280047938931304.5 3264097253772777.0 3252684908634578.0 3234081568187700.0 3220432012530940.5 3197394397931387.5 3179647226082015.0 3169777791497529.5 3159042828875487.0 3147215702044395.0 3133964590944920.0 3118772795798508.5 3078324307819362.5 3047741390012413.5 2997142071352379.5
81400.0114038893 3467785915880121.5 3444031185865857.0 3418871346722975.5 3392036382758024.5 3363080933950218.0 3331456683217431.5 3296123112417483.5 3276554261659765.5 3255267069243113.5 3231705564253023.0 3216131772220296.0 3204983436679905.0 3186803959332565.5 3173461831764061.5 3150926041917411.0 3133553925564486.5 3123886655687087.5 3113367595934454.0 3101772689096367.5 3088775063341671.5 3073864765849878.0 3034124639375148.0 3004042875376338.5 2954229815328670.5
81800.0114599281 3419408790686952.0 3396096540847835.0 3371391278976016.5 3344976743279340.5 3316513109857536.0 3285393778571292.5 3250636904839817.5 3231379017487677.5 3210428823965179.5 3187241671393104.5 3171909949390802.0 3160940443671716.5 3143044785495984.0 3129906269505135.0 3107716541467934.0 3090608740653848.5 3081088732259525.0 3070727988538738.5 3059308004302647.5 3046505384939966.5 3031817608961703.0 2992665470996064.0 2963023969486607.5 2913931547803271.5
82200.01151596678 3372427456694804.5 3349417944414801.5 3325044154338473.5 3298990900590923.5 3270914018430005.5 3240253680883672.0 3206006282122239.5 3187027511156379.0 3166389875813371.0 3143544991273540.5 3128445124255281.5 3117638146811715.5 3100008077136563.5 3087064897819623.0 3065207361607707.0 3048355767688015.5 3038978307719397.5 3028773453889918.0 3017524326701437.0 3004913484902768.0 2990445287954329.0 2951875928524309.0 2922674042332803.0 2874307463234442.0
82600.01157200559 3323931872583201.5 3301334068033233.5 3277415827669954.5 3251884935746506.0 3224380436747541.0 3194309124137559.0 3160712021293499.0 3142098236745296.5 3121852636782447.0 3099433470230190.0 3084609604450027.0 3073998257539843.0 3056691154397340.5 3043981547759527.5 3022512869236536.5 3005954670054004.5 2996738143244283.0 2986706179688815.0 2975645763286240.0 2963242878699054.5 2949009506785200.0 2911047205233169.5 2882288857078184.0 2834635574211645.5
83000.01162804438 3277058819631604.0 3254860276747555.5 3231404802007850.0 3206349679466929.0 3179325212764246.0 3149803207612512.5 3116810417037654.0 3098533991167338.5 3078633968191392.0 3056609632557934.0 3042042215376938.0 3031614535709078.0 3014601914097162.5 3002109017514862.5 2980998218885134.5 2964711683858171.5 2955645882588744.0 2945776467262461.0 2934892906308754.5 2922686460475802.0 2908675878929565.0 2871294659169466.0 2842965628571609.0 2796009718511248.0
83400.01168408307 3228691213663132.0 3207020340632866.0 3184097778057415.0 3159577440262102.5 3133214007084988.5 3104348105396167.0 3072085752799035.5 3054200377728267.5 3034727453883271.0 3013170981145102.5 2998906272192277.5 2988693520593383.0 2972026943814347.0 2959784573564044.0 2939086399443900.5 2923111364071302.5 2914213583958560.5 2904524447326204.5 2893835917359240.0 2881843330383688.0 2868071992004266.5 2831299030840945.5 2803407153507477.0 2757144783231486.5
83800.01174012189 3184313984365867.0 3163059789143438.5 3140465728819809.0 3116387476880016.5 3090445394099291.5 3062055489521608.0 3030335477458124.5 3012740410539036.0 2993583582641558.5 2972370126288011.5 2958334703912857.5 2948283386861424.5 2931882473113384.0 2919830976274343.5 2899458077924836.0 2883729767484403.0 2874969430131833.0 2865428724795518.0 2854903122446270.5 2843092398897721.5 2829528246792632.5 2793300968816814.5 2765816177918399.5 2720219472456275.0
84200.01179616069 3140738339426672.0 3119786355623853.5 3097586390532872.5 3073920823992526.5 3048375790950456.5 3020471755755924.0 2989278652374178.0 2971971910458952.0 2953129784609515.0 2932261142304847.5 2918449990356256.5 2908560389656707.5 2892418274327767.5 2880559677372407.5 2860506810184686.0 2845023993193435.5 2836399255716643.0 2827006374323909.5 2816642776642356.0 2805011937746846.5 2791653620995020.0 2755969581245647.5 2728891866770669.5 2683964090456920.0
84600.01185219939 3097046452739151.0 3076504958858813.0 3054705118709362.0 3031462864674350.0 3006410132543345.0 2979004041437111.5 2948346785898820.0 2931351123295892.0 2912836052020336.0 2892329654298015.0 2878757019398008.5 2869035011708245.5 2853165612710727.5 2841505226499035.0 2821784550972279.0 2806554264972443.5 2798068416351896.0 2788825052247337.5 2778625103204865.0 2767176321457824.5 2754023742624560.5 2718876052644088.5 2692194374038215.0 2647909106367584.5
85000.01190823817 3054172615416634.0 3034008067524247.5 3012649536164598.0 2989807317718468.0 2965205265655187.5 2938276525507725.0 2908164904519882.0 2891469147389360.5 2873277824855325.5 2853127162182151.0 2839785974561495.0 2830230850870916.0 2814631459114649.0 2803167005374042.5 2783771364133864.5 2768789016161983.5 2760439764034659.0 2751344077481228.5 2741304873073497.5 2730034194616077.5 2717083582464137.0 2682462593782191.0 2656169586387261.5 2612514562116653.0
85400.01196427699 3011890672699670.5 2992089389045697.5 2971077486248063.5 2948678279413800.0 2924537058363294.5 2898120685683882.5 2868560911581023.5 2852165241667710.5 2834302530751575.0 2814504583826939.5 2801400442485499.0 2792011339785349.0 2776681226493760.0 2765412121803188.0 2746342910579417.5 2731608971459065.5 2723396106063372.5 2714447224125486.5 2704568598784813.0 2693475730367973.5 2680726521956269.5 2646629748138532.0 2620723333797700.5 2577695389543732.5
85800.01202031568 2970675704645832.5 2951208469551768.5 2930618866579137.0 2908613405967037.5 2884900466089877.0 2858948566921180.5 2829898757333635.5 2813788461456341.0 2796230734161456.0 2776772327543125.0 2763888540770133.0 2754657954940014.5 2739578809022145.0 2728494964699344.5 2709735810456043.5 2695235946138983.5 2687152072102108.5 2678342919010374.5 2668616349987789.5 2657692688870611.0 2645135539100710.5 2611540175030552.5 2586004789347867.5 2543579633489170.5
86200.01207635448 2929482245198461.0 2910400023998943.0 2890224853394874.5 2868629139596547.5 2845370210754364.5 2819932657250980.0 2791437370689202.5 2775618752837577.0 2758388703322691.5 2739282090154310.0 2726631318394387.5 2717565060149575.5 2702755249777767.5 2691864306221611.0 2673428274747371.0 2659173245600629.5 2651224033301840.5 2642559596763134.0 2632990871784886.0 2622241770180874.5 2609881785091067.0 2576797759173420.5 2551638505449450.0 2509822517223169.5
86600.01213239328 2889303905993714.5 2870653559836239.5 2850884816004030.5 2829770110403211.0 2806991503184436.0 2782047712541768.0 2754102162076468.0 2738584005105198.0 2721667563353694.0 2702902695101999.0 2690473050146621.5 2681563731594546.5 2667006345984619.0 2656300398210877.0 2638167931941090.5 2624144160829745.5 2616322444805287.5 2607795181752831.5 2598376328230615.5 2587793855833946.5 2575622923716581.5 2543033902643674.5 2518242277954050.0 2477026630277326.0
87000.01218843198 2851054116358008.5 2832676343931727.5 2813192653135518.5 2792354148547306.5 2769900123047742.0 2745315697737115.5 2717785321422758.5 2702499215347194.5 2685834249137483.0 2667351705219874.5 2655111727493810.5 2646337204519245.5 2631999927370903.0 2621454715881751.5 2603596579506917.5 2589781937605736.0 2582076513655253.0 2573675433630735.0 2564395187228482.5 2553966929332939.0 2541972164536176.0 2509847133944108.0 2485401851004441.0 2444752629504006.5
87400.01224447078 2809585022663317.0 2791865072702067.0 2773088723028864.5 2752948028772218.0 2731208833785377.5 2707323941844191.0 2680531715038105.0 2665626119685216.0 2649366479024726.0 2631313893322175.5 2619344258167115.5 2610760519763842.5 2596724769224386.5 2586394808369072.5 2568887394120516.5 2555334660722175.0 2547770918220140.0 2539521502505197.0 2530404964894514.5 2520156544551060.0 2508363285474769.5 2476754735324690.5 2452684304043900.5 2412635330041875.0
87800.0123005096 2771930369157464.5 2754529290423933.0 2736080575596523.0 2716305735200793.0 2694919773868762.0 2671463741055310.5 2645126646384074.0 2630477845541299.5 2614487173848139.5 2596731618271414.5 2584958330897897.0 2576513038427939.0 2562705429924424.0 2552540882142404.5 2535311297707702.0 2521969158217179.0 2514521555812726.0 2506397705235557.0 2497418392319178.0 2487322659808420.5 2475702623893939.0 2444547182927602.5 2420812621698357.5 2381311057786531.0
88200.0123565483 2736365807806029.5 2718959622084783.5 2700544336261598.5 2680866184375871.5 2659641488254359.5 2636394980065458.0 2610343371247184.0 2595877237460674.0 2580094459821718.0 2562584133062779.5 2550979264656535.0 2542656700850060.5 2529052249296855.5 2519038898437986.0 2502065571306463.0 2488922535622023.5 2481585422387201.0 2473581787541602.0 2464734242357026.5 2454785412399148.0 2443332695711680.0 2412614921098961.5 2389204176797892.5 2350227741516313.0
88600.01241258708 2699900570819360.0 2682824845881697.5 2664757770649341.0 2645450669082280.5 2624616593695493.0 2601787122461948.5 2576203426057025.0 2561986319986041.0 2546484352644203.5 2529275211111320.0 2517864943898289.5 2509680496568818.0 2496303611592466.0 2486452533264518.0 2469752645864707.0 2456816087823290.0 2449592643258702.5 2441711135547207.5 2432997649459090.5 2423196991119034.5 2411912477727473.0 2381633132076074.5 2358546557752247.5 2320097485376544.5
89000.01246862588 2664011656308105.0 2647234873151704.5 2629487297809590.5 2610511570978198.5 2590037383825493.0 2567607747507943.0 2542459429880977.5 2528483294249675.5 2513237079028576.0 2496312407488716.5 2485091238880003.5 2477039846012021.0 2463877782414870.0 2454185980437789.0 2437749659066688.0 2425013792709622.0 2417900581368920.0 2410138810969595.5 2401555853592274.5 2391900407182601.5 2380780440629888.5 2350931650610878.0 2328164077398241.5 2290234588906164.0
89400.0125246647 2629792055659714.5 2613264409213172.5 2595749896192686.0 2577053528272171.5 2556894849858738.0 2534795673190808.0 2510022656905869.0 2496249129761839.5 2481226414773696.5 2464549375837650.5 2453488476102362.0 2445554139548757.0 2432580840539490.5 2423028286767999.5 2406825698804696.5 2394270959052337.0 2387258313898645.5 2379605832416049.5 2371143224531191.5 2361622693932709.0 2350657492077047.0 2321220881292020.5 2298765051368251.0 2261350958164857.5
89800.01258070339 2593695755781239.0 2577531712085553.0 2560404997715453.5 2542115985377765.0 2522375399764697.0 2500743249208223.5 2476480682675108.0 2462987340471127.5 2448260832824149.5 2431909701146542.0 2421065846323772.5 2413282611812408.0 2400553264325107.5 2391175333524199.0 2375263411013168.0 2362926030724259.0 2356031910672864.5 2348506341156966.0 2340181314239312.5 2330811851987692.0 2320015956750541.0 2291012011961562.5 2268868498409169.5 2231952470476209.8
90200.01263674218 2560848382856657.5 2544906720768132.5 2528018836927371.0 2509992220620088.0 2490527127577359.5 2469198713547075.0 2445274334720597.0 2431968835205474.5 2417455395238616.0 2401333781517895.0 2390641592445708.5 2382967999284982.0 2370419464505834.0 2361174000639086.0 2345485453745408.5 2333322120280165.5 2326525016177211.0 2319105583214671.5 2310897554847582.0 2301659645519893.5 2291015428773697.0 2262417874688406.5 2240583954218781.2 2204182927342175.2
90600.01269278087 2528662959719123.5 2512970671738081.5 2496326388217214.0 2478568954330267.5 2459392638620182.5 2438366609664828.0 2414776562058916.5 2401657996941400.0 2387344636071896.5 2371448131967627.5 2360902840702011.0 2353337135563546.5 2340959217743953.0 2331840800131603.0 2316366450301612.0 2304368239314548.5 2297663472654130.0 2290344534615979.0 2282247557299083.5 2273134615957257.5 2262633931231597.5 2234420755331205.2 2212879577195166.0 2176966112309321.5
91000.01274881969 2494099723306325.0 2478728091594321.0 2462430052386062.5 2445045334534804.5 2426282822465800.0 2405690558331014.0 2382590472637649.5 2369740776058362.0 2355714313193788.0 2340129374964887.0 2329788951252354.5 2322365288322926.5 2310219442454113.0 2301266338873437.5 2286066734177362.5 2274274100721221.0 2267680808035276.0 2260480540460754.0 2252512131088505.0 2243539469879949.8 2233195393593877.5 2205378398856114.8 2184119198280075.2 2148649418229936.5
91400.01280485849 2462011564854364.0 2446913120447502.0 2430912708546520.0 2413819899489353.5 2395368809912540.0 2375119002831287.5 2352402368711356.5 2339759467008185.5 2325957781015985.5 2310624055682207.5 2300447728534881.5 2293139484189769.0 2281183608385630.5 2272370239486562.5 2257403858328641.5 2245788840254887.0 2239294304832376.0 2232200839210494.0 2224349473631289.0 2215507276585655.0 2205311889183593.0 2177886898203860.8 2156921030635407.0 2121932464796614.2
91800.01286089727 2431461834264010.0 2416557205716753.0 2400776785183777.0 2383938492366420.0 2365735206275140.5 2345784950392812.5 2323380457444248.0 2310914875330845.0 2297307026041568.0 2282185318541895.5 2272149210473564.0 2264941830755416.0 2253151289565781.0 2244459701469431.2 2229699316439328.0 2218244873088807.2 2211839221867952.0 2204843530258776.8 2197099946277907.2 2188379322363129.8 2178323974604115.8 2151275792810816.2 2130598132263729.2 2096091040132243.2
92200.01291693597 2400734256108930.0 2386105925991852.5 2370566671708455.0 2353990991449660.5 2336072917464338.5 2316430192104958.0 2294376060213618.5 2282102868794688.0 2268697504435048.5 2253803431825375.0 2243917267065018.2 2236817884211189.5 2225200852730935.0 2216635886273105.8 2202089031569458.8 2190798226524488.8 2184483779351698.2 2177586534874236.8 2169951737165481.8 2161352461760180.8 2151435987097676.0 2124755607734050.8 2104354898160614.5 2070304835509169.0
92600.01297297479 2369867759262696.5 2355469315836200.0 2340211410112979.5 2323925838956177.5 2306332863213537.0 2287024134802266.5 2265340250249555.5 2253273254757771.5 2240094445959148.0 2225445609913511.2 2215720916914572.0 2208736499961182.5 2197304072964132.5 2188875612387529.2 2174554719814112.2 2163435413727956.5 2157215156155239.5 2150420205168864.0 2142896846547006.8 2134421373514419.8 2124645174419510.8 2098331643640710.5 2078202581311923.5 2044594599068370.2
93000.01302901359 2340239653467665.0 2326078554279960.5 2311075628277221.5 2295042937657945.0 2277725763723182.5 2258712891794928.5 2237360731753310.2 2225476132880051.0 2212498996200305.0 2198068455046358.0 2188486329248651.0 2181605605064387.5 2170341134481061.2 2162034822547289.5 2147920178867952.2 2136959209868549.5 2130827446488049.5 2124127693412007.0 2116709592246938.0 2108351874564282.5 2098710585786976.2 2072755713839283.5 2052897652069959.5 2019738379433519.2
93400.01308505228 2310028235138941.0 2296119416096149.0 2281387672152585.0 2265650873510296.5 2248646173868819.8 2229978979561472.2 2208998888784090.8 2197320140134833.8 2184564609221934.5 2170378074738398.8 2160958433805411.2 2154190621493130.0 2143110961581876.8 2134938152092278.0 2121046744229618.8 2110255217076133.5 2104216135689207.0 2097616262693536.2 2090307010083725.0 2082069562313694.5 2072564266694392.5 2046961639119433.0 2027361690537789.8 1994618785679684.0
93800.01314109108 2280046051005223.0 2266464394316534.5 2252082676665009.5 2236697270356562.0 2220067851390555.2 2201791562915032.8 2181245525939438.0 2169793960951103.5 2157277313621647.8 2143351929526982.0 2134101418744905.0 2127451987463158.8 2116562793990426.2 2108527135938916.0 2094862554956337.5 2084242455932493.5 2078297527081605.0 2071798930844130.8 2064599905287823.8 2056484883597967.2 2047117935089828.2 2021876412159569.0 2002543847927794.2 1970236889640945.2
94200.01319712988 2252690448381446.0 2239280488315845.2 2225043622804388.8 2209827613894936.8 2193384519587726.2 2175321439359333.2 2155012563574622.0 2143700022706959.5 2131337223390533.5 2117584429166948.5 2108447453652513.0 2101882705855509.2 2091131748705466.0 2083197660369778.2 2069707906082160.5 2059223539144236.2 2053354685385108.0 2046939331844907.0 2039832668007807.2 2031821702454955.0 2022575002864377.0 1997657336811517.5 1978572744960074.5 1946679968670767.0
94600.01325316858 2224321688285429.0 2211092305098110.2 2197078841495309.2 2182089984281103.2 2165903755367979.0 2148124941082062.5 2128139667846661.8 2117003449008736.5 2104838304709189.0 2091304591704125.2 2082314309795780.8 2075852345354982.2 2065267759034621.0 2057456360636888.8 2044170456209248.0 2033841576417902.5 2028058239562426.0 2021735156153546.8 2014729172393823.5 2006829712423753.5 1997709290146612.0 1973119518973206.0 1954275683194462.2 1922771415774670.8
95000.0133092074 2197047307118550.2 2184032328795306.8 2170239162183093.0 2155490770285712.8 2139553417014784.2 2122041940059915.8 2102359151886895.2 2091395807922121.2 2079410500597237.8 2066076126176244.0 2057215303974034.0 2050846818171230.5 2040416510048788.5 2032716697946838.8 2019619670444596.8 2009436432337314.5 2003733876653759.2 1997498624777875.0 1990589552946406.2 1982798452532484.5 1973802614720219.2 1949545379042593.2 1930954269704479.5 1899870783483214.8
95400.01336524618 2169431067881303.5 2156663569019736.8 2143117081895286.2 2128624218457106.0 2112967358501545.5 2095773462328868.2 2076430608178032.5 2065651521435497.0 2053871090814557.8 2040761885204853.5 2032046039653817.5 2025781700814574.2 2015518349110122.5 2007940535427895.5 1995046471718794.5 1985016726336253.5 1979399251756503.5 1973255486863685.0 1966446326226251.8 1958766249790311.2 1949896262934724.0 1925967739894973.0 1907620146709798.2 1876933275073504.2
95800.01342128488 2142734971105223.5 2130145199634487.5 2116809020055345.8 2102547550742288.8 2087135750987255.8 2070194330169738.8 2051146369648132.8 2040531057944970.2 2028923060982901.0 2016007774260778.0 2007420154429472.5 2001246728608720.2 1991132441510173.5 1983663643639236.8 1970951611393030.8 1961061567406566.8 1955521040275438.0 1949461037100722.0 1942743296473369.2 1935165135003000.8 1926411098814016.2 1902787234698132.0 1884666322836310.8 1854349429020445.8
96200.01347732368 2116261261426904.5 2103909230150568.5 2090801017234055.8 2076788279960025.2 2061639114770718.8 2044990668796403.2 2026261261853812.2 2015823320750685.8 2004408043439362.0 1991700925371765.8 1983251880286116.8 1977176595725496.2 1967219960500552.2 1959866459163242.2 1947348115358949.5 1937605345757484.0 1932146016861079.5 1926174211722929.5 1919553345574824.2 1912082953614412.2 1903452057023392.5 1880153646053396.5 1862277079222029.0 1832362703229168.5
96600.0135333625 2090450163601815.8 2078261781302768.0 2065345627465336.2 2051548024718547.2 2036629374182334.5 2020223274128765.5 2001769467115647.8 1991479667984839.5 1980230867638679.5 1967702841241114.8 1959373771314629.2 1953384686694853.2 1943569378587493.8 1936317708719707.8 1923971529812783.8 1914360185373490.8 1908973396612775.2 1903080231427728.2 1896545518964938.0 1889171165817483.8 1880649419222973.5 1857637087740058.2 1839973051137927.8 1810405426035945.0
97000.01358940119 2065555157572599.8 2053569741530265.2 2040845191202354.0 2027251185457696.2 2012542865050306.0 1996384441255041.5 1978199550179445.5 1968055432235801.0 1956963946305347.5 1944616593064112.0 1936403129126151.0 1930497686057661.8 1920817602402791.5 1913665824456623.0 1901488334389972.0 1892008021494209.2 1886694322932168.2 1880880847153492.8 1874434364902549.2 1867159249701490.5 1858752016148972.5 1836048146614799.2 1818620639269857.0 1789449313144130.2
97400.01364543998 2038675006420960.8 2026938941436695.8 2014516794337719.8 2001230054804914.2 1986845541649341.8 1971029380658871.8 1953226906371241.5 1943299180147211.0 1932435562654897.2 1920333913424404.5 1912280962499595.5 1906488384749768.0 1896989382556005.5 1889968139522511.0 1878003900563230.8 1868682505264011.0 1863455234214796.0 1857733843069281.5 1851386576592745.5 1844220029515297.2 1835933795930633.0 1813536405352407.8 1796327752355958.2 1767503171115875.2
97800.01370147879 2014466520828623.5 2002893208839358.8 1990635358801628.8 1977506617217352.8 1963310182854496.0 1947708758753008.0 1930143650327087.0 1920347297782558.0 1909628996389645.5 1897687257497941.0 1889741490747425.0 1884026052821447.0 1874652790945793.0 1867723663608833.0 1855916411218881.5 1846715479589101.0 1841555430497374.8 1835907099527907.0 1829640315147857.2 1822563823024347.5 1814380950482380.5 1792257948926807.2 1775256005534143.5 1746771695080027.0
98200.01375751749 1991337731572652.5 1979932162036446.5 1967833309676611.8 1954896388338764.2 1940895215232836.5 1925485803051024.5 1908143774213047.0 1898468599105967.2 1887881792902409.8 1876090257897067.8 1868243316463239.8 1862598473274634.0 1853341359721771.2 1846498449869736.8 1834838764506760.5 1825754006614900.8 1820659108138621.0 1815082669309975.5 1808895878127628.2 1801910390699644.2 1793833446607389.2 1772000424211532.2 1755224678420422.8 1727123734615105.8
98600.01381355629 1967671728510359.2 1956425565380391.8 1944511503019755.2 1931756204109465.2 1917961483759427.2 1902785704777226.8 1885695657820433.5 1876163030706602.8 1865727475017259.0 1854103663714387.5 1846368144234030.2 1840801371141003.5 1831674664537537.5 1824925783270788.8 1813424847544530.2 1804462044601460.8 1799434962668707.5 1793931976501604.2 1787826043221286.0 1780931049819541.0 1772957548032276.2 1751399055368769.8 1734830180006474.5 1707071344107103.2
99000.01386959507 1944141902572115.8 1933076872571530.5 1921342297652585.0 1908792452618055.5 1895202387425731.2 1880263889690290.2 1863431976466321.8 1854037060095489.2 1843760145186060.2 1832308066142237.8 1824683814106219.0 1819198409481985.0 1810201052680983.5 1803547672544963.8 1792206443755576.0 1783365699944807.2 1778406473851916.2 1772976904569267.0 1766951273073695.5 1760145814579537.5 1752274452261555.2 1730985049935541.2 1714617197495575.0 1687187586702796.0
99400.01392563377 1920301709645116.2 1909442983556515.0 1897920574078294.5 1885587998227900.8 1872243012784091.8 1857561763908430.5 1841019001585099.0 1831785872529615.0 1821678841794391.5 1810413131426082.5 1802913447657591.0 1797515665628459.8 1788659895382714.8 1782109595367562.2 1770938776448024.0 1762227023197166.5 1757338218998967.8 1751984591658800.5 1746041636734800.5 1739327610088166.8 1731559486448771.0 1710537204544060.2 1694364976319822.8 1667251336007670.2
99800.01398167259 1898326678598366.2 1887614736164807.5 1876242273687528.2 1864083694236432.0 1850918342505236.5 1836431209485035.5 1820109252783213.2 1810996580946528.2 1801022961218430.5 1789905571369428.2 1782501800370767.0 1777174149168270.8 1768432158573442.2 1761965558987151.5 1750938605279789.8 1742338773785725.8 1737513033874224.5 1732228253654654.0 1726361769724207.2 1719734411827686.8 1712066602463967.2 1691317355302956.0 1675356573299904.2 1648599518189358.2
100200.014037711 1875944717640115.5 1865394057041031.5 1854206990216645.0 1842236030666417.0 1829278550335569.5 1815013222072010.5 1798934480510705.8 1789955885225323.2 1780126108527389.2 1769170296996042.2 1761874458843058.2 1756622176106704.0 1748004132482135.2 1741627937517695.5 1730752959791378.0 1722269737989985.5 1717508445739497.2 1712293792293527.2 1706504377062972.8 1699963061341766.2 1692393591853067.8 1671904899582109.8 1656140130656379.2 1629706430897161.5
200000.028019384 239835096228618.78 239071571633308.84 238247742599946.12 237348429183582.16 236351384552019.47 235222477214918.88 233904093333717.47 233143439534895.47 232287796463087.78 231302483170789.5 230626404554668.38 230129212471447.8 229293257583464.62 228658291802712.78 227542020312007.12 226642122721947.84 226126119395678.4 225552207706233.38 224904758507385.78 224160854890017.44 223284940716413.5 220846826053559.6 218923355201366.47 215654550475873.28
400000.056038768 30038049601065.426 29968302892622.4 29891400578991.2 29805418357737.355 29707531569377.836 29593348376587.566 29455487744414.574 29373785942481.984 29280062232577.05 29169878071396.598 29092972861242.992 29035789722837.742 28938543508101.13 28863841098106.113 28731004933025.137 28622753807087.734 28560302808607.89 28490575770080.92 28411634572396.68 28320645582248.79 28213224111733.184 27913388153742.938 27676593179161.746 27274251626402.316
600000.0840581519 8859558975289.592 8840345889269.256 8818991442319.67 8794917454670.567 8767276130290.155 8734751506320.621 8695137951491.8955 8671513584759.452 8644303112898.77 8612194048609.765 8589723995278.534 8572992337098.729 8544503158370.058 8522596812784.78 8483615261951.13 8451834967677.46 8433498463090.566 8413025026205.502 8389846162714.98 8363130425552.786 8331590850893.327 8243560553358.929 8174038642089.594 8055802415389.39
800000.112077536 3717736137929.8066 3709814446473.6655 3700982960843.1567 3690997123938.2515 3679498990154.234 3665934280573.637 3649376190581.901 3639488431842.054 3628092118080.085 3614637800675.0 3605220202836.235 3598207083063.56 3586265320544.4087 3577082831654.72 3560743230485.637 3547422397411.1733 3539736618722.499 3531155120865.338 3521439574311.6504 3510241433650.281 3497021210814.757 3460118094284.7397 3430948304787.534 3381102933883.1255
1000000.1400969197 1893725341684.7966 1889706546396.0771 1885221234369.7732 1880144663236.5996 1874294436626.3213 1867388338999.728 1858954695143.616 1853917621651.2344 1848111762384.4614 1841257386794.7466 1836459589684.934 1832886787181.685 1826803146078.7725 1822125192139.319 1813801002019.6506 1807014594926.808 1803098964473.703 1798726954564.9282 1793777097439.7969 1788071650800.1382 1781335177042.9358 1762515857151.3293 1747597666691.9995 1721882503482.0115
1200000.1681163 1090710474143.8048 1088396378460.9218 1085812770467.1807 1082887815969.3641 1079516489750.5638 1075536281309.1024 1070675529468.2405 1067772412406.7805 1064426238163.4805 1060475779748.8615 1057710601968.8997 1055651425555.3794 1052145090895.8351 1049448892965.6978 1044651066615.2076 1040739475812.3866 1038482472166.6388 1035962255272.2002 1033108607460.2888 1029818606124.3627 1025932352961.5892 1015054930384.7964 1006390038014.1418 991279486400.4401
1400000.1961356897 683879095741.213 682427026538.3193 680805708930.6862 678970092727.3246 676854302984.7596 674356389221.5658 671305887695.7389 669483958599.4199 667383963489.9442 664904695400.9719 663169270129.7302 661876917221.8217 659676292116.1449 657984093098.068 654972736606.3241 652517344451.799 651100345685.9875 649517782615.5107 647725272404.673 645657598133.14 643213096602.8854 636350648591.0687 630848322693.0303 621120045773.0927
1600000.2241550698 456323417184.6852 455353530402.8751 454270586785.1378 453044504637.8127 451631290540.2809 449962847844.41113 447925300694.83057 446708347463.379 445305640670.3586 443649569071.8812 442490344121.8394 441627070417.86304 440157045780.9862 439026591120.44257 437014612567.9544 435373596160.5262 434426240609.8248 433367794784.7762 432168270105.95557 430783470837.4643 429144239719.7464 424524555971.4162 420791672976.4401 414089123617.31604
